log_Teff,LogL_lsun,Age_gyr,Step,Log_g,Mass_msun,feh,Mass_input,Metallicity_input,Z_used,Age_input
3.5411307025520173,-1.9122111729669948,10.0,320.5855189387517,4.946640076825362,0.3,0.027376017577133552,0.3,0.0,0.022917651,10.0
3.5412817312063276,-1.909730804981174,10.0,320.588254638822,4.946013210640973,0.301,0.027349051444303007,0.301,0.0,0.022917651,10.0
3.541432811486877,-1.907251143615648,10.0,320.5880482874067,4.945387257575731,0.302,0.02732178845503446,0.302,0.0,0.022917651,10.0
3.541583943345753,-1.9047721882146251,10.0,320.5849026149265,4.944762216782197,0.30299999999999994,0.02729422888483053,0.303,0.0,0.022917651,10.0
3.541735126735102,-1.9022939381231263,10.0,320.5788203484241,4.944138087413986,0.30400000000000005,0.027266373008853022,0.304,0.0,0.022917651,10.0
3.54188636160713,-1.899816392686982,10.0,320.5698042115698,4.9435148686257575,0.305,0.027238221101923473,0.305,0.0,0.022917651,10.0
3.542037647914102,-1.897339551252831,10.0,320.5578569246669,4.942892559573216,0.30600000000000005,0.027209773438523658,0.306,0.0,0.022917651,10.0
3.542188985608342,-1.8948634131681201,10.0,320.54298120465654,4.9422711594131075,0.307,0.02718103029279612,0.307,0.0,0.022917651,10.0
3.5423403746422317,-1.892387977781102,10.0,320.5251797651232,4.941650667303225,0.308,0.027151991938544697,0.308,0.0,0.022917651,10.0
3.542491814968215,-1.8899132444408349,10.0,320.5044553162995,4.941031082402396,0.309,0.027122658649235055,0.309,0.0,0.022917651,10.0
3.5426433065387903,-1.8874392124971793,10.0,320.4808105650719,4.940412403870489,0.30999999999999994,0.027093030697995176,0.31,0.0,0.022917651,10.0
3.5427948493065173,-1.8849658813008001,10.0,320.45424821498517,4.939794630868412,0.311,0.027063108357615925,0.311,0.0,0.022917651,10.0
3.5429464432240136,-1.8824932502031622,10.0,320.42477096624833,4.939177762558104,0.312,0.027032891900551526,0.312,0.0,0.022917651,10.0
3.543098088243955,-1.8800213185565318,10.0,320.39238151573926,4.9385617981025405,0.313,0.02700238159892012,0.313,0.0,0.022917651,10.0
3.5432497843190762,-1.8775500857139722,10.0,320.35708255700973,4.9379467366657295,0.314,0.026971577724504255,0.314,0.0,0.022917651,10.0
3.543401531402169,-1.8750795510293454,10.0,320.3188767802913,4.937332577412707,0.31499999999999995,0.026940480548751408,0.315,0.0,0.022917651,10.0
3.543553329446086,-1.87260971385731,10.0,320.27776687249957,4.9367193195095425,0.316,0.026909090342774528,0.316,0.0,0.022917651,10.0
3.543705178403734,-1.870140573553318,10.0,320.2337555172397,4.936106962123327,0.317,0.026877407377352495,0.317,0.0,0.022917651,10.0
3.543857078228081,-1.8676721294736176,10.0,320.18684539481114,4.935495504422184,0.318,0.0268454319229307,0.318,0.0,0.022917651,10.0
3.5440090288721517,-1.865204380975248,10.0,320.1370391822135,4.934884945575257,0.319,0.02681316424962152,0.319,0.0,0.022917651,10.0
3.5441610302890285,-1.862737327416041,10.0,320.08433955315104,4.934275284752713,0.32,0.02678060462720482,0.32,0.0,0.022917651,10.0
3.544313082431852,-1.8602709681546177,10.0,320.0287491780375,4.9336665211257404,0.32099999999999995,0.026747753325128507,0.321,0.0,0.022917651,10.0
3.5444651852538205,-1.8578053025503882,10.0,319.970270724002,4.933058653866547,0.322,0.026714610612508988,0.322,0.0,0.022917651,10.0
3.5446173387081887,-1.8553403299635511,10.0,319.90890685489296,4.93245168214836,0.323,0.026681176758131732,0.323,0.0,0.022917651,10.0
3.544769542748271,-1.8528760497550916,10.0,319.8446602312844,4.931845605145421,0.32400000000000007,0.026647452030451744,0.324,0.0,0.022917651,10.0
3.544921797327436,-1.8504124612867794,10.0,319.77753351048,4.931240422032988,0.325,0.02661343669759408,0.325,0.0,0.022917651,10.0
3.5450739610413984,-1.8479560774415382,10.0,319.7137429610648,4.9306420801260575,0.32600000000000007,0.02657911202069539,0.326,0.0,0.022917651,10.0
3.545225961344158,-1.8455098581764215,10.0,319.65660881909696,4.930053249236152,0.327,0.026544503594215754,0.327,0.0,0.022917651,10.0
3.5453780114320703,-1.8430638283880592,10.0,319.5968136244408,4.929464806976955,0.328,0.02650965396367741,0.328,0.0,0.022917651,10.0
3.545530111622766,-1.840617989285306,10.0,319.5343403996944,4.928876755827913,0.329,0.026474561590208823,0.329,0.0,0.022917651,10.0
3.545682262236579,-1.8381723420873197,10.0,319.4691720227279,4.928289098289611,0.33,0.02643922492181997,0.33,0.0,0.022917651,10.0
3.5458344635965795,-1.8357268880236752,10.0,319.4012912251379,4.927701836883994,0.33100000000000007,0.02640364239326227,0.331,0.0,0.022917651,10.0
3.5459867160286054,-1.833281628334472,10.0,319.33068059068256,4.927114974154601,0.33199999999999996,0.02636781242588669,0.332,0.0,0.022917651,10.0
3.5461390198612897,-1.830836564270451,10.0,319.25732255369553,4.92652851266679,0.333,0.02633173342750003,0.333,0.0,0.022917651,10.0
3.546291375426092,-1.828391697093106,10.0,319.1811993974804,4.925942455007978,0.3340000000000001,0.026295403792219344,0.334,0.0,0.022917651,10.0
3.546443783057325,-1.8259470280748007,10.0,319.10229325268364,4.925356803787877,0.3350000000000001,0.02625882190032453,0.335,0.0,0.022917651,10.0
3.5465962430921913,-1.823502558498886,10.0,319.0205860956473,4.9247715616387335,0.336,0.02622198611810892,0.336,0.0,0.022917651,10.0
3.54674875587081,-1.8210582896598186,10.0,318.93605974673943,4.924186731215572,0.3370000000000001,0.026184894797728047,0.337,0.0,0.022917651,10.0
3.5469013217362497,-1.8186142228632822,10.0,318.84869586866336,4.923602315196447,0.338,0.02614754627704631,0.338,0.0,0.022917651,10.0
3.547053941034562,-1.8161703594263072,10.0,318.75847596474483,4.923018316282684,0.339,0.026109938879481764,0.339,0.0,0.022917651,10.0
3.547206614114812,-1.8137267006773974,10.0,318.6653813771967,4.92243473719914,0.34,0.02607207091384881,0.34,0.0,0.022917651,10.0
3.547359341329112,-1.8112832479566532,10.0,318.569393285361,4.921851580694461,0.341,0.026033940674198838,0.341,0.0,0.022917651,10.0
3.547512123032654,-1.8088400026158977,10.0,318.47049270392733,4.921268849541335,0.342,0.025995546439658793,0.342,0.0,0.022917651,10.0
3.5476649595837464,-1.8063969660188082,10.0,318.36866048112915,4.9206865465367615,0.3430000000000001,0.025956886474267613,0.343,0.0,0.022917651,10.0
3.547817851343843,-1.8039541395410428,10.0,318.26387729691476,4.92010467450232,0.344,0.025917959026810496,0.34400000000000003,0.0,0.022917651,10.0
3.547970798677584,-1.8015115245703754,10.0,318.1561236610955,4.9195232362844346,0.3450000000000001,0.025878762330650996,0.34500000000000003,0.0,0.022917651,10.0
3.548123801952824,-1.7990691225068267,10.0,318.04537991146793,4.91894223475465,0.3460000000000001,0.025839294603560898,0.34600000000000003,0.0,0.022917651,10.0
3.5482768615406743,-1.7966269347628019,10.0,317.93162621191306,4.9183616728099135,0.34700000000000003,0.02579955404754781,0.34700000000000003,0.0,0.022917651,10.0
3.548429977815536,-1.7941849627632267,10.0,317.8148425504682,4.917781553372851,0.3480000000000001,0.02575953884868049,0.34800000000000003,0.0,0.022917651,10.0
3.5485831511551345,-1.7917432079456854,10.0,317.69500873737456,4.9172018793920556,0.3490000000000001,0.02571924717691184,0.34900000000000003,0.0,0.022917651,10.0
3.5487363819405604,-1.7893016717605648,10.0,317.5721044030983,4.916622653842373,0.35000000000000003,0.025678677185899532,0.35000000000000003,0.0,0.022917651,10.0
3.5488896705563038,-1.7868603556711935,10.0,317.4461089963251,4.916043879725202,0.35100000000000003,0.025637827012824205,0.35100000000000003,0.0,0.022917651,10.0
3.5490430173902947,-1.7844192611539893,10.0,317.31700178192773,4.91546556006878,0.35200000000000004,0.02559669477820529,0.352,0.0,0.022917651,10.0
3.54919642283394,-1.7819783896986043,10.0,317.18476183890647,4.914887697928495,0.35300000000000004,0.025555278585714287,0.353,0.0,0.022917651,10.0
3.549349887282165,-1.779537742808075,10.0,317.04936805830175,4.914310296387182,0.35400000000000004,0.025513576521985572,0.354,0.0,0.022917651,10.0
3.549503411133448,-1.7770973219989696,10.0,316.91079914107837,4.913733358555438,0.355,0.02547158665642464,0.355,0.0,0.022917651,10.0
3.549656994789865,-1.7746571288015458,10.0,316.76903359598145,4.91315688757193,0.356,0.025429307041013722,0.356,0.0,0.022917651,10.0
3.54981063865713,-1.7722171647599014,10.0,316.6240497373631,4.912580886603717,0.357,0.02538673571011481,0.357,0.0,0.022917651,10.0
3.549964343144633,-1.7697774314321326,10.0,316.4758256829793,4.912005358846567,0.358,0.025343870680269977,0.358,0.0,0.022917651,10.0
3.5501181086654845,-1.7673379303904933,10.0,316.32433935175726,4.911430307525292,0.35900000000000004,0.025300709949998966,0.359,0.0,0.022917651,10.0
3.5502719356365584,-1.7648986632215553,10.0,316.1695684615316,4.910855735894062,0.36,0.02525725149959406,0.36,0.0,0.022917651,10.0
3.5504258244785327,-1.7624596315263739,10.0,316.01149052675055,4.910281647236761,0.361,0.02521349329091207,0.361,0.0,0.022917651,10.0
3.550579775615934,-1.7600208369206491,10.0,315.8500828561497,4.909708044867311,0.36200000000000004,0.025169433267163557,0.362,0.0,0.022917651,10.0
3.550733789477181,-1.757582281034899,10.0,315.68532255039366,4.909134932130018,0.363,0.025125069352699054,0.363,0.0,0.022917651,10.0
3.550887866494633,-1.755143965514626,10.0,315.51718649968683,4.908562312399934,0.36400000000000005,0.02508039945279245,0.364,0.0,0.022917651,10.0
3.551042007104627,-1.7527058920204912,10.0,315.3456513813487,4.9079901890831925,0.365,0.025035421453421285,0.365,0.0,0.022917651,10.0
3.5511962117475333,-1.7502680622284879,10.0,315.1706936573579,4.90741856561738,0.366,0.02499013322104406,0.366,0.0,0.022917651,10.0
3.5513503729503006,-1.747832740518509,10.0,314.9976478413479,4.906849276452012,0.36699999999999994,0.02494471619689962,0.367,0.0,0.022917651,10.0
3.551504316561383,-1.7454033703835714,10.0,314.83523893214,4.906285068393494,0.368,0.02489947667068124,0.368,0.0,0.022917651,10.0
3.551658335720202,-1.7429736998185976,10.0,314.66895573902394,4.905720862087366,0.369,0.024853919658641054,0.369,0.0,0.022917651,10.0
3.5518124317574022,-1.7405437235320307,10.0,314.49873002316673,4.905156657564492,0.37,0.024808039568813566,0.37,0.0,0.022917651,10.0
3.5519666060350605,-1.7381134361073107,10.0,314.3244919337253,4.904592454856467,0.371,0.024761830677133924,0.371,0.0,0.022917651,10.0
3.5521208599476206,-1.7356828319991622,10.0,314.1461699599628,4.904028253995638,0.37199999999999994,0.024715287123514014,0.372,0.0,0.022917651,10.0
3.552275194922863,-1.7332519055297462,10.0,313.96369088164795,4.903464055015122,0.37300000000000005,0.024668402907777855,0.373,0.0,0.022917651,10.0
3.5524296124229027,-1.7308206508846777,10.0,313.7769797176656,4.9028998579488325,0.37399999999999994,0.02462117188545035,0.374,0.0,0.022917651,10.0
3.5525841139452328,-1.7283890621088953,10.0,313.5859596727615,4.902335662831508,0.37500000000000006,0.024573587763393207,0.375,0.0,0.022917651,10.0
3.552738701023796,-1.7259571331023793,10.0,313.3905520823428,4.901771469698727,0.37600000000000006,0.02452564409528152,0.376,0.0,0.022917651,10.0
3.5528933752301026,-1.7235248576157152,10.0,313.19067635525147,4.901207278586944,0.377,0.024477334276914165,0.377,0.0,0.022917651,10.0
3.5530481381743897,-1.7210922292454929,10.0,312.98624991442097,4.900643089533507,0.378,0.024428651541350894,0.378,0.0,0.022917651,10.0
3.5532029915068177,-1.7186592414295323,10.0,312.77718813532755,4.900078902576696,0.379,0.024379588953868495,0.379,0.0,0.022917651,10.0
3.553357936918717,-1.7162258874419323,10.0,312.5634042821369,4.89951471775574,0.38,0.024330139406728277,0.38,0.0,0.022917651,10.0
3.55351297614388,-1.713792160387933,10.0,312.34480944144656,4.898950535110857,0.381,0.024280295613746453,0.381,0.0,0.022917651,10.0
3.5536681109599044,-1.7113580531985833,10.0,312.12131245351776,4.89838635468328,0.382,0.024230050104658753,0.382,0.0,0.022917651,10.0
3.5538233431895807,-1.7089235586252052,10.0,311.8928198408841,4.89782217651529,0.38300000000000006,0.02417939521927019,0.383,0.0,0.022917651,10.0
3.553978674702341,-1.7064886692336434,10.0,311.6592357342203,4.8972580006502495,0.384,0.024128323101380165,0.384,0.0,0.022917651,10.0
3.5541341074157593,-1.7040533773982973,10.0,311.4204617953476,4.896693827132639,0.385,0.024076825692473033,0.385,0.0,0.022917651,10.0
3.5542896432971123,-1.701617675295918,10.0,311.17639713724554,4.896129656008089,0.386,0.024024894725163295,0.386,0.0,0.022917651,10.0
3.5544452843649985,-1.69918155489916,10.0,310.9269382409334,4.895565487323424,0.38700000000000007,0.023972521716384282,0.387,0.0,0.022917651,10.0
3.554601032691023,-1.6967450079698858,10.0,310.6719788690781,4.895001321126697,0.388,0.023919697960308604,0.388,0.0,0.022917651,10.0
3.5547568904015527,-1.694308026052198,10.0,310.4114099761764,4.89443715746723,0.38900000000000007,0.023866414520987825,0.389,0.0,0.022917651,10.0
3.5549128596795305,-1.6918706004651995,10.0,310.14511961515217,4.893872996395658,0.39,0.023812662224698414,0.39,0.0,0.022917651,10.0
3.5550689427663773,-1.6894327222954562,10.0,309.87299284020105,4.893308837963974,0.391,0.023758431651980147,0.391,0.0,0.022917651,10.0
3.555225141963958,-1.6869943823891602,10.0,309.59491160570445,4.892744682225569,0.392,0.023703713129352422,0.392,0.0,0.022917651,10.0
3.555381459636634,-1.6845555713439726,10.0,309.3107546610272,4.8921805292352865,0.393,0.023648496720693257,0.393,0.0,0.022917651,10.0
3.5555378982134025,-1.682116279500529,10.0,309.02039744100153,4.891616379049473,0.3940000000000001,0.023592772218264734,0.394,0.0,0.022917651,10.0
3.555694460190112,-1.6796764969335989,10.0,308.72371195188856,4.891052231726016,0.395,0.023536529133367977,0.395,0.0,0.022917651,10.0
3.5558511481317896,-1.6772362134428727,10.0,308.42056665260054,4.8904880873244165,0.396,0.023479756686609583,0.396,0.0,0.022917651,10.0
3.5560079646750435,-1.6747954185433667,10.0,308.1108263309492,4.889923945905834,0.397,0.023422443797760605,0.397,0.0,0.022917651,10.0
3.5561649125305843,-1.6723541014554228,10.0,307.794351974678,4.889359807533142,0.3980000000000001,0.02336457907518803,0.398,0.0,0.022917651,10.0
3.556321994485844,-1.669912251094282,10.0,307.471000637019,4.888795672271,0.399,0.023306150804837538,0.399,0.0,0.022917651,10.0
3.556479213407712,-1.6674698560592145,10.0,307.1406252965009,4.888231540185907,0.4000000000000001,0.023247146938745238,0.4,0.0,0.022917651,10.0
3.5567057367653434,-1.6647963503298118,10.0,307.28352001037246,4.887433228073439,0.401,0.023244250979224817,0.401,0.0,0.022917651,10.0
3.556932265565992,-1.6621227970536088,10.0,307.42651153107494,4.886634890186839,0.4020000000000001,0.02324135368877608,0.402,0.0,0.022917651,10.0
3.557158799867488,-1.6594491957254274,10.0,307.5696008871654,4.88583652625226,0.403,0.02323845505325813,0.403,0.0,0.022917651,10.0
3.557385339728485,-1.6567755458329094,10.0,307.71278912182373,4.885038135991962,0.404,0.023235555058329024,0.404,0.0,0.022917651,10.0
3.557611885208473,-1.6541018468563848,10.0,307.8560772931136,4.884239719124244,0.405,0.023232653689442197,0.405,0.0,0.022917651,10.0
3.5578384363677955,-1.6514280982687435,10.0,307.9994664742484,4.883441275363372,0.4060000000000001,0.023229750931842808,0.406,0.0,0.022917651,10.0
3.5580649932676596,-1.6487542995353013,10.0,308.1429577538637,4.882642804419501,0.40700000000000003,0.023226846770563966,0.40700000000000003,0.0,0.022917651,10.0
3.558291555970158,-1.6460804501136612,10.0,308.2865522362955,4.881844305998613,0.40800000000000003,0.02322394119042296,0.40800000000000003,0.0,0.022917651,10.0
3.558518105941489,-1.6434067344986116,10.0,308.4305425646676,4.881045890476355,0.4090000000000001,0.023221029989896416,0.40900000000000003,0.0,0.022917651,10.0
3.5587446601186645,-1.6407329891255784,10.0,308.5746640033684,4.880247462020479,0.41000000000000003,0.0232181169493131,0.41000000000000003,0.0,0.022917651,10.0
3.5589712207778357,-1.638059191757241,10.0,308.7188830741117,4.879449007496303,0.4110000000000001,0.023215202548684626,0.41100000000000003,0.0,0.022917651,10.0
3.5591977879944037,-1.6353853417887831,10.0,308.86320091256493,4.878650526600597,0.41200000000000003,0.02321228677219077,0.41200000000000003,0.0,0.022917651,10.0
3.5594243618449406,-1.6327114386059725,10.0,309.00761867207797,4.87785201902541,0.41300000000000014,0.023209369603765,0.41300000000000003,0.0,0.022917651,10.0
3.559650942407217,-1.630037481584976,10.0,309.15213752402826,4.877053484457979,0.41400000000000003,0.023206451027089677,0.41400000000000003,0.0,0.022917651,10.0
3.5598775297602243,-1.6273634700921706,10.0,309.29675865817467,4.87625492258063,0.41500000000000004,0.02320353102559107,0.41500000000000004,0.0,0.022917651,10.0
3.5601041239841966,-1.6246894034839523,10.0,309.4414832830191,4.875456333070687,0.4160000000000001,0.02320060958243437,0.41600000000000004,0.0,0.022917651,10.0
3.560330725160638,-1.6220152811065371,10.0,309.5863126261774,4.874657715600371,0.4170000000000001,0.0231976866805185,0.417,0.0,0.022917651,10.0
3.5605573333723464,-1.619341102295759,10.0,309.73124793475864,4.873859069836693,0.418,0.02319476230247084,0.418,0.0,0.022917651,10.0
3.56078394870344,-1.6166668663768649,10.0,309.87629047575354,4.873060395441364,0.41899999999999993,0.023191836430641807,0.419,0.0,0.022917651,10.0
3.5610105712393847,-1.613992572664301,10.0,310.0214415364321,4.872261692070673,0.42,0.023188909047099325,0.42,0.0,0.022917651,10.0
3.5612372010670175,-1.611318220461497,10.0,310.16670242475135,4.871462959375388,0.421,0.023185980133623135,0.421,0.0,0.022917651,10.0
3.561463838274577,-1.6086438090606427,10.0,310.31207446977214,4.870664197000643,0.42200000000000004,0.023183049671699006,0.422,0.0,0.022917651,10.0
3.5616904829517333,-1.6059693377424618,10.0,310.4575590220868,4.869865404585825,0.42299999999999993,0.02318011764251275,0.423,0.0,0.022917651,10.0
3.5619171351896126,-1.603294805775977,10.0,310.60315745425686,4.869066581764449,0.42400000000000004,0.023177184026944173,0.424,0.0,0.022917651,10.0
3.5621437950808312,-1.6006202124182727,10.0,310.7488711612616,4.868267728164047,0.425,0.023174248805560755,0.425,0.0,0.022917651,10.0
3.562370462719522,-1.5979455569142498,10.0,310.8947015609575,4.867468843406047,0.42599999999999993,0.02317131195861131,0.426,0.0,0.022917651,10.0
3.562597138201371,-1.5952708384963745,10.0,311.0406500945494,4.866669927105635,0.42699999999999994,0.023168373466019406,0.427,0.0,0.022917651,10.0
3.562823821623645,-1.5925960563844224,10.0,311.1867182270727,4.865870978871643,0.42800000000000005,0.02316543330737663,0.428,0.0,0.022917651,10.0
3.5630505130852255,-1.5899212097852125,10.0,311.3329074478881,4.865071998306401,0.42899999999999994,0.023162491461935716,0.429,0.0,0.022917651,10.0
3.563277212686643,-1.5872462978923407,10.0,311.4792192711889,4.864272985005609,0.42999999999999994,0.023159547908603483,0.43,0.0,0.022917651,10.0
3.5635039205301116,-1.5845713198859015,10.0,311.6256552365206,4.8634739385582035,0.431,0.023156602625933574,0.431,0.0,0.022917651,10.0
3.5637306367195625,-1.5818962749322016,10.0,311.7722169093128,4.862674858546203,0.432,0.023153655592119054,0.432,0.0,0.022917651,10.0
3.5639573613606834,-1.5792211621834749,10.0,311.9189058814273,4.861875744544573,0.433,0.02315070678498479,0.433,0.0,0.022917651,10.0
3.5641840945609533,-1.5765459807775768,10.0,312.0657237717165,4.861076596121073,0.434,0.023147756181979656,0.434,0.0,0.022917651,10.0
3.564410836429681,-1.5738707298376862,10.0,312.2126722265991,4.860277412836096,0.435,0.023144803760168517,0.435,0.0,0.022917651,10.0
3.5646375870780456,-1.5711954084719841,10.0,312.3597529206488,4.859478194242524,0.43599999999999994,0.02314184949622404,0.436,0.0,0.022917651,10.0
3.5648643466191334,-1.5685200157733372,10.0,312.50696755719906,4.8586789398855545,0.43699999999999994,0.023138893366418247,0.437,0.0,0.022917651,10.0
3.5650911151679865,-1.5658445508189653,10.0,312.6543178689628,4.857879649302548,0.43800000000000006,0.023135935346613904,0.438,0.0,0.022917651,10.0
3.565317892841632,-1.563169012670102,10.0,312.80180561866854,4.857080322022842,0.439,0.023132975412255646,0.439,0.0,0.022917651,10.0
3.5655446797591397,-1.5604934003716486,10.0,312.9494325997141,4.856280957567593,0.44,0.023130013538360864,0.44,0.0,0.022917651,10.0
3.565771476041657,-1.557817712951817,10.0,313.0972006368352,4.8554815554495825,0.44100000000000006,0.023127049699510425,0.441,0.0,0.022917651,10.0
3.5659982818124587,-1.5551419494217624,10.0,313.2451115867939,4.854682115173048,0.44200000000000006,0.023124083869839048,0.442,0.0,0.022917651,10.0
3.566225097196991,-1.552466108775209,10.0,313.39316733908373,4.853882636233483,0.443,0.023121116023025485,0.443,0.0,0.022917651,10.0
3.5664519223229236,-1.5497901899880624,10.0,313.5413698166548,4.853083118117446,0.44399999999999995,0.023118146132282434,0.444,0.0,0.022917651,10.0
3.566678757320197,-1.5471141920180158,10.0,313.6897209766569,4.852283560302375,0.44500000000000006,0.023115174170346187,0.445,0.0,0.022917651,10.0
3.5669056023210692,-1.5444381138041408,10.0,313.8382228112036,4.8514839622563555,0.446,0.02311220010946597,0.446,0.0,0.022917651,10.0
3.5671324574601755,-1.5417619542664716,10.0,313.98687734815644,4.850684323437942,0.447,0.02310922392139303,0.447,0.0,0.022917651,10.0
3.5673593228745775,-1.5390857123055754,10.0,314.1356866519304,4.849884643295924,0.44800000000000006,0.02310624557736942,0.448,0.0,0.022917651,10.0
3.567586198703816,-1.5364093868021118,10.0,314.28465282432126,4.84908492126911,0.44900000000000007,0.023103265048116457,0.449,0.0,0.022917651,10.0
3.5678130850899734,-1.5337329766163796,10.0,314.4337780053554,4.848285156786099,0.45000000000000007,0.02310028230382289,0.45,0.0,0.022917651,10.0
3.5680399821777264,-1.5310564805878528,10.0,314.5830643741632,4.847485349265054,0.451,0.02309729731413276,0.451,0.0,0.022917651,10.0
3.568266890114408,-1.5283798975347012,10.0,314.73251414987635,4.846685498113452,0.452,0.02309431004813286,0.452,0.0,0.022917651,10.0
3.568493809050067,-1.525703226253302,10.0,314.8821295925495,4.845885602727848,0.453,0.0230913204743399,0.453,0.0,0.022917651,10.0
3.5687207391375337,-1.5230264655177324,10.0,315.0319130041087,4.845085662493613,0.454,0.02308832856068734,0.454,0.0,0.022917651,10.0
3.5689476805324833,-1.5203496140792516,10.0,315.1818667293247,4.844285676784682,0.45500000000000007,0.023085334274511773,0.455,0.0,0.022917651,10.0
3.5691746333934997,-1.5176726706657682,10.0,315.33199315681514,4.843485644963279,0.456,0.023082337582539008,0.456,0.0,0.022917651,10.0
3.5694015978821487,-1.514995633981291,10.0,315.4822947200742,4.8426855663796475,0.457,0.023079338450869704,0.457,0.0,0.022917651,10.0
3.569628574163044,-1.5123185027053654,10.0,315.632773898531,4.841885440371768,0.458,0.023076336844964622,0.458,0.0,0.022917651,10.0
3.5698555624039225,-1.5096412754924935,10.0,315.78343321863866,4.841085266265061,0.459,0.023073332729629477,0.459,0.0,0.022917651,10.0
3.5700825627757173,-1.5069639509715378,10.0,315.9342752549954,4.840285043372096,0.46,0.02307032606899931,0.46,0.0,0.022917651,10.0
3.5703095754526353,-1.504286527745106,10.0,316.08530263149527,4.839484770992279,0.461,0.023067316826522438,0.461,0.0,0.022917651,10.0
3.5705366006122317,-1.5016090043889223,10.0,316.236518022515,4.838684448411535,0.4620000000000001,0.023064304964943952,0.462,0.0,0.022917651,10.0
3.570763638435498,-1.4989313794511747,10.0,316.3879241541332,4.837884074901986,0.463,0.023061290446288716,0.463,0.0,0.022917651,10.0
3.57099068910694,-1.4962536514518494,10.0,316.5395238053863,4.837083649721615,0.464,0.02305827323184388,0.464,0.0,0.022917651,10.0
3.571217752814666,-1.4935758188820405,10.0,316.69131980956035,4.836283172113918,0.4650000000000001,0.02305525328214087,0.465,0.0,0.022917651,10.0
3.5714448297504733,-1.4908978802032413,10.0,316.84331505552154,4.835482641307551,0.466,0.023052230556936875,0.466,0.0,0.022917651,10.0
3.5716719201099414,-1.4882198338466168,10.0,316.99551248908574,4.834682056515965,0.467,0.02304920501519574,0.467,0.0,0.022917651,10.0
3.571899024092523,-1.4855416782122517,10.0,317.1479151144288,4.833881416937029,0.468,0.023046176615068352,0.468,0.0,0.022917651,10.0
3.5721261419016437,-1.4828634116683763,10.0,317.30052599553915,4.833080721752641,0.4690000000000001,0.023043145313872384,0.46900000000000003,0.0,0.022917651,10.0
3.572353273744797,-1.4801850325505694,10.0,317.4533482577133,4.8322799701283286,0.47000000000000003,0.023040111068071474,0.47000000000000003,0.0,0.022917651,10.0
3.5725804198336526,-1.4775065391609405,10.0,317.60638508909756,4.83147916121284,0.47100000000000003,0.02303707383325373,0.47100000000000003,0.0,0.022917651,10.0
3.572807580384155,-1.4748279297672804,10.0,317.75963974227557,4.830678294137717,0.47200000000000003,0.023034033564109636,0.47200000000000003,0.0,0.022917651,10.0
3.573034755616637,-1.4721492026021916,10.0,317.9131155359045,4.829877368016857,0.47300000000000003,0.023030990214409255,0.47300000000000003,0.0,0.022917651,10.0
3.573261945755931,-1.4694703558621909,10.0,318.0668158564018,4.829076381946072,0.47400000000000003,0.023027943736978723,0.47400000000000003,0.0,0.022917651,10.0
3.573489151031482,-1.466791387706782,10.0,318.2207441596829,4.82827533500261,0.47500000000000003,0.023024894083676042,0.47500000000000003,0.0,0.022917651,10.0
3.5737163716774676,-1.464112296257502,10.0,318.37490397295386,4.827474226244689,0.4760000000000001,0.023021841205366125,0.47600000000000003,0.0,0.022917651,10.0
3.573943607932923,-1.461433079596938,10.0,318.52929889655843,4.826673054710995,0.47700000000000004,0.023018785051895037,0.47700000000000004,0.0,0.022917651,10.0
3.5741708600418653,-1.4587537357677112,10.0,318.68393260588454,4.825871819420183,0.47800000000000004,0.023015725572063474,0.47800000000000004,0.0,0.022917651,10.0
3.574398128253424,-1.4560742627714298,10.0,318.83880885332894,4.825070519370338,0.4790000000000001,0.023012662713599356,0.47900000000000004,0.0,0.022917651,10.0
3.574625412821975,-1.453394658567611,10.0,318.99393147032515,4.824269153538448,0.48000000000000004,0.02300959642312961,0.48,0.0,0.022917651,10.0
3.5748527140072817,-1.450714921072565,10.0,319.14930436943536,4.823467720879835,0.481,0.023006526646151014,0.481,0.0,0.022917651,10.0
3.5750800320746383,-1.4480350481582467,10.0,319.3049315465093,4.822666220327587,0.482,0.023003453327000108,0.482,0.0,0.022917651,10.0
3.5753073672950144,-1.4453550376510678,10.0,319.46081708291183,4.821864650791957,0.483,0.023000376408822194,0.483,0.0,0.022917651,10.0
3.5755347199452108,-1.4426748873306734,10.0,319.6169651478235,4.821063011159749,0.48400000000000004,0.022997295833539284,0.484,0.0,0.022917651,10.0
3.5757620903080145,-1.4399945949286765,10.0,319.77338000061474,4.820261300293687,0.485,0.022994211541816984,0.485,0.0,0.022917651,10.0
3.575989478672368,-1.4373141581273523,10.0,319.93006599329806,4.8194595170317625,0.486,0.022991123473030405,0.486,0.0,0.022917651,10.0
3.5762168853335266,-1.434633574558289,10.0,320.0870275730606,4.818657660186548,0.48700000000000004,0.02298803156522881,0.487,0.0,0.022917651,10.0
3.576444310593242,-1.431952841800996,10.0,320.2442692848798,4.81785572854451,0.488,0.022984935755099238,0.488,0.0,0.022917651,10.0
3.5766717547599365,-1.4292719573814623,10.0,320.4017957742269,4.8170537208652835,0.489,0.02298183597792881,0.489,0.0,0.022917651,10.0
3.576899218148891,-1.4265909187706713,10.0,320.5596117898591,4.816251635880922,0.49,0.022978732167565828,0.49,0.0,0.022917651,10.0
3.577126701082434,-1.4239097233830627,10.0,320.7177221867067,4.815449472295134,0.49100000000000005,0.02297562425637959,0.491,0.0,0.022917651,10.0
3.5773542038901405,-1.421228368574942,10.0,320.8761319288567,4.814647228782477,0.492,0.02297251217521879,0.492,0.0,0.022917651,10.0
3.5775817269090404,-1.41854685164284,10.0,321.0348460926383,4.813844903987547,0.493,0.02296939585336857,0.493,0.0,0.022917651,10.0
3.577809270483825,-1.4158651698218114,10.0,321.19386986981294,4.813042496524112,0.49400000000000005,0.022966275218506044,0.494,0.0,0.022917651,10.0
3.5780368349670684,-1.4131833202836788,10.0,321.35320857087436,4.812240004974241,0.495,0.022963150196654365,0.495,0.0,0.022917651,10.0
3.5782644207194565,-1.4105013001352145,10.0,321.5128676284623,4.811437427887389,0.496,0.022960020712135144,0.496,0.0,0.022917651,10.0
3.5784920281100168,-1.4078191064162586,10.0,321.6728526008944,4.810634763779456,0.497,0.02295688668751926,0.497,0.0,0.022917651,10.0
3.578719657516365,-1.405136736097774,10.0,321.8331691758218,4.809832011131804,0.49800000000000005,0.02295374804357594,0.498,0.0,0.022917651,10.0
3.578947309324952,-1.4024541860798283,10.0,321.9938231740129,4.809029168390257,0.499,0.022950604699220035,0.499,0.0,0.022917651,10.0
3.579174983931332,-1.3997714531895113,10.0,322.15482055327067,4.808226233964049,0.5,0.02294745657145748,0.5,0.0,0.022917651,10.0
3.5794906910821913,-1.3968436455236748,10.0,322.4051102255526,4.8073530667284095,0.501,0.022947328068859924,0.501,0.0,0.022917651,10.0
3.5798064990865455,-1.3939150752074043,10.0,322.65627972912546,4.806479540262879,0.5020000000000001,0.02294719900265468,0.502,0.0,0.022917651,10.0
3.5801224095491726,-1.39098573010542,10.0,322.908343063848,4.805605648851403,0.503,0.022947069363873637,0.503,0.0,0.022917651,10.0
3.5804384241090808,-1.3880555978236082,10.0,323.1613145281837,4.804731386655998,0.504,0.022946939143357395,0.504,0.0,0.022917651,10.0
3.5807545444404227,-1.3851246657020821,10.0,323.41520872720434,4.803856747713504,0.505,0.022946808331750147,0.505,0.0,0.022917651,10.0
3.581070772253446,-1.3821929208080208,10.0,323.6700405808528,4.802981725932195,0.506,0.02294667691949439,0.506,0.0,0.022917651,10.0
3.5813871092954677,-1.3792603499282725,10.0,323.92582533247423,4.802106315088306,0.507,0.02294654489682545,0.507,0.0,0.022917651,10.0
3.581703557351885,-1.3763269395617195,10.0,324.1825785576267,4.801230508822427,0.508,0.022946412253765834,0.508,0.0,0.022917651,10.0
3.5820201182472236,-1.3733926759113895,10.0,324.44031617318075,4.800354300635797,0.509,0.022946278980119427,0.509,0.0,0.022917651,10.0
3.582336793846204,-1.3704575448763059,10.0,324.6990544467198,4.799477683886455,0.51,0.022946145065465426,0.51,0.0,0.022917651,10.0
3.5826535860548674,-1.3675215320430711,10.0,324.9588100062541,4.798600651785284,0.511,0.022946010499152174,0.511,0.0,0.022917651,10.0
3.582970496821719,-1.3645846226771627,10.0,325.21959985025745,4.7977231973919094,0.512,0.022945875270290676,0.512,0.0,0.022917651,10.0
3.583287528138917,-1.361646801713942,10.0,325.4814413580425,4.796845313610461,0.5130000000000001,0.022945739367747988,0.513,0.0,0.022917651,10.0
3.5836046820435064,-1.3587080537493572,10.0,325.74435230048636,4.795966993185194,0.514,0.022945602780140333,0.514,0.0,0.022917651,10.0
3.5839219606186856,-1.3557683630303285,10.0,326.0083508511209,4.795088228695964,0.5150000000000001,0.022945465495826,0.515,0.0,0.022917651,10.0
3.584239365995127,-1.3528277134448097,10.0,326.27345559760164,4.7942090125535435,0.5160000000000001,0.022945327502898002,0.516,0.0,0.022917651,10.0
3.5845569003523274,-1.3498860885114994,10.0,326.53968555357164,4.793329336994771,0.517,0.02294518878917645,0.517,0.0,0.022917651,10.0
3.5848745659200265,-1.3469434713692083,10.0,326.8070601709347,4.792449194077553,0.5180000000000001,0.02294504934220074,0.518,0.0,0.022917651,10.0
3.585192364979653,-1.3439998447658459,10.0,327.07559935255625,4.791568575675667,0.519,0.022944909149221357,0.519,0.0,0.022917651,10.0
3.5855103260356818,-1.3410552904374022,10.0,327.34520607764046,4.79068767765212,0.52,0.022944768196321852,0.52,0.0,0.022917651,10.0
3.5858285894818387,-1.338110305794402,10.0,327.6152845521737,4.7898075595500424,0.521,0.022944626469085308,0.521,0.0,0.022917651,10.0
3.5861469959161285,-1.3351642507122665,10.0,327.88658421029254,4.788926942949725,0.522,0.022944483961863625,0.522,0.0,0.022917651,10.0
3.5864655479108882,-1.3322171059339574,10.0,328.15912702090577,4.788045818883264,0.5230000000000001,0.022944340660625,0.523,0.0,0.022917651,10.0
3.5867842481005248,-1.3292688517377407,10.0,328.4329354830576,4.78716417816634,0.5240000000000001,0.022944196550999014,0.524,0.0,0.022917651,10.0
3.5871030991834054,-1.3263194679230856,10.0,328.7080326420162,4.786282011391668,0.525,0.02294405161826635,0.525,0.0,0.022917651,10.0
3.5874221039238035,-1.3233689337960453,10.0,328.9844421059505,4.785399308922178,0.526,0.02294390584734821,0.526,0.0,0.022917651,10.0
3.587741265153932,-1.3204172281540998,10.0,329.26218806322294,4.784516060883961,0.5270000000000001,0.02294375922279515,0.527,0.0,0.022917651,10.0
3.5880605857760335,-1.3174643292704349,10.0,329.54129530032276,4.7836322571589465,0.528,0.022943611728775758,0.528,0.0,0.022917651,10.0
3.5883800687645673,-1.3145102148776373,10.0,329.82178922046944,4.78274788737731,0.5290000000000001,0.022943463349064667,0.529,0.0,0.022917651,10.0
3.5886997171684634,-1.311554862150774,10.0,330.1036958629141,4.781862940909592,0.5300000000000001,0.02294331406703029,0.53,0.0,0.022917651,10.0
3.589019534113471,-1.3085982476898341,10.0,330.3870419229707,4.780977406858523,0.5310000000000001,0.022943163865622,0.531,0.0,0.022917651,10.0
3.5893395228045915,-1.3056403475015037,10.0,330.6718547728091,4.780091274050535,0.532,0.022943012727356847,0.532,0.0,0.022917651,10.0
3.589659686528607,-1.3026811369802398,10.0,330.95816248304385,4.779204531026946,0.533,0.022942860634305784,0.533,0.0,0.022917651,10.0
3.589980028656706,-1.2997205908886205,10.0,331.24599384515466,4.778317166034816,0.5340000000000001,0.022942707568079333,0.534,0.0,0.022917651,10.0
3.59030055264721,-1.2967586833369265,10.0,331.5353783947758,4.777429167017427,0.535,0.022942553509812717,0.535,0.0,0.022917651,10.0
3.590621262048407,-1.2937953877619333,10.0,331.82634643589495,4.776540521604416,0.536,0.022942398440150405,0.536,0.0,0.022917651,10.0
3.5909421605014953,-1.2908306769048643,10.0,332.118929066002,4.775651217101507,0.537,0.022942242339230038,0.537,0.0,0.022917651,10.0
3.591263251743646,-1.2878645227884769,10.0,332.41315820223207,4.774761240479837,0.538,0.022942085186665753,0.538,0.0,0.022917651,10.0
3.5915845396111843,-1.2848968966932313,10.0,332.7090666085494,4.773870578364853,0.5390000000000001,0.0229419269615308,0.539,0.0,0.022917651,10.0
3.591906028042902,-1.2819277691325108,10.0,333.0066879240199,4.772979217024786,0.54,0.022941767642339482,0.54,0.0,0.022917651,10.0
3.5922277210835003,-1.2789571098268386,10.0,333.30605669222433,4.772087142358632,0.5410000000000001,0.022941607207028383,0.541,0.0,0.022917651,10.0
3.592549622887172,-1.2759848876770465,10.0,333.6072083918658,4.771194339883661,0.542,0.022941445632936826,0.542,0.0,0.022917651,10.0
3.592871817026228,-1.273011657871623,10.0,333.90957548069287,4.7703016993987255,0.543,0.02294128108927892,0.543,0.0,0.022917651,10.0
3.5931942571426636,-1.2700370036076438,10.0,334.21358757213613,4.769408618489466,0.544,0.022941114771521404,0.544,0.0,0.022917651,10.0
3.5935169199659636,-1.2670606837412228,10.0,334.5194960471979,4.768514762821454,0.545,0.022940947299345083,0.545,0.0,0.022917651,10.0
3.593839810170053,-1.2640826633165514,10.0,334.8273407050656,4.767620116134914,0.546,0.0229407786485223,0.546,0.0,0.022917651,10.0
3.5941629325605633,-1.261102906392778,10.0,335.13716246645356,4.76672466171188,0.547,0.02294060879414268,0.547,0.0,0.022917651,10.0
3.5944862920795115,-1.258121376009065,10.0,335.4490034133891,4.765828382359934,0.548,0.022940437710588877,0.548,0.0,0.022917651,10.0
3.5948098938101665,-1.2551380341481466,10.0,335.76290683070346,4.764931260395258,0.549,0.022940265371511368,0.549,0.0,0.022917651,10.0
3.595133742982134,-1.252152841698312,10.0,336.0789172493148,4.764033277624949,0.5500000000000002,0.022940091749802067,0.55,0.0,0.022917651,10.0
3.5954578449766648,-1.2491657584137386,10.0,336.39708049139443,4.763134415328575,0.551,0.022939916817566842,0.551,0.0,0.022917651,10.0
3.595782205332185,-1.246176742873082,10.0,336.7174437175105,4.7622346542389025,0.552,0.022939740546096814,0.552,0.0,0.022917651,10.0
3.596106829750081,-1.2431857524362444,10.0,337.04005547585353,4.761333974521792,0.553,0.022939562905838394,0.553,0.0,0.022917651,10.0
3.5964317241007353,-1.2401927431992141,10.0,337.3649657536503,4.760432355755194,0.554,0.022939383866361976,0.554,0.0,0.022917651,10.0
3.596756894429837,-1.2371976699468885,10.0,337.69222603088053,4.7595297769072005,0.555,0.022939203396329256,0.555,0.0,0.022917651,10.0
3.5970823469649735,-1.234200486103765,10.0,338.0218893364183,4.758626216313111,0.556,0.022939021463459035,0.556,0.0,0.022917651,10.0
3.5974080881225237,-1.2312011436823866,10.0,338.35401030672585,4.757721651651451,0.557,0.02293883803449151,0.557,0.0,0.022917651,10.0
3.5977341245148655,-1.2281995932294334,10.0,338.68864524723705,4.756816059918899,0.5580000000000002,0.02293865307515088,0.558,0.0,0.022917651,10.0
3.598060462957919,-1.2251957837693148,10.0,339.0258521965753,4.755909417404038,0.559,0.022938466550106285,0.559,0.0,0.022917651,10.0
3.598387167504607,-1.2221897361623313,10.0,339.3653025651703,4.755002001121944,0.56,0.022938277874070573,0.56,0.0,0.022917651,10.0
3.5987142409401573,-1.2191813834092853,10.0,339.707100183179,4.754093755220036,0.5610000000000002,0.02293808708928934,0.561,0.0,0.022917651,10.0
3.5990416393730067,-1.2161706009331017,10.0,340.05166282122497,4.753184379607497,0.562,0.02293789466394903,0.562,0.0,0.022917651,10.0
3.599369370566002,-1.2131573306976953,10.0,340.39905652425705,4.752273847300191,0.563,0.02293770055886344,0.5630000000000001,0.0,0.022917651,10.0
3.5996974425312054,-1.2101415128038215,10.0,340.74934945749465,4.751362130447693,0.5640000000000001,0.022937504733588354,0.5640000000000001,0.0,0.022917651,10.0
3.600025863539975,-1.2071230854137047,10.0,341.10261199220184,4.750449200298257,0.5650000000000001,0.022937307146370645,0.5650000000000001,0.0,0.022917651,10.0
3.600354642133539,-1.2041019846719778,10.0,341.4589167956578,4.749535027162041,0.5660000000000002,0.02293710775409492,0.5660000000000001,0.0,0.022917651,10.0
3.600683787134095,-1.2010781446227197,10.0,341.81833892556824,4.748619580372547,0.5670000000000001,0.02293690651222746,0.5670000000000001,0.0,0.022917651,10.0
3.6010133076564577,-1.198051497122365,10.0,342.18095592917297,4.74770282824612,0.5680000000000001,0.02293670337475745,0.5680000000000001,0.0,0.022917651,10.0
3.6013432131202903,-1.1950219717482464,10.0,342.5468479473256,4.746784738039424,0.5690000000000001,0.02293649829413521,0.5690000000000001,0.0,0.022917651,10.0
3.6016735132629614,-1.1919894957025083,10.0,342.91609782383966,4.745865275904772,0.5700000000000001,0.022936291221207338,0.5700000000000001,0.0,0.022917651,10.0
3.602004218153048,-1.1889539937111175,10.0,343.28879122041246,4.744944406843167,0.5710000000000001,0.022936082105148487,0.5710000000000001,0.0,0.022917651,10.0
3.6023353382045427,-1.185915387917681,10.0,343.665016737464,4.744022094654929,0.5720000000000002,0.022935870893389703,0.5720000000000001,0.0,0.022917651,10.0
3.602666884191792,-1.1828735977717448,10.0,344.04486604124696,4.743098301887765,0.5730000000000001,0.022935657531542992,0.5730000000000001,0.0,0.022917651,10.0
3.6029989724589475,-1.1798286287848985,10.0,344.42772021531334,4.742173497094596,0.5740000000000001,0.02293544090418447,0.5740000000000001,0.0,0.022917651,10.0
3.6033315186619226,-1.1767802986879736,10.0,344.81435384170095,4.741247162723612,0.5750000000000001,0.022935221983743422,0.5750000000000001,0.0,0.022917651,10.0
3.6036645279335895,-1.1737285111227431,10.0,345.2049170558211,4.7403192230991635,0.5760000000000001,0.022935000782625024,0.5760000000000001,0.0,0.022917651,10.0
3.6039980127670717,-1.1706731728102253,10.0,345.5995158739585,4.739389634913146,0.577,0.022934777239298917,0.577,0.0,0.022917651,10.0
3.604331986108972,-1.1676141870855588,10.0,345.9982601606205,4.738458353285435,0.578,0.02293455129000129,0.578,0.0,0.022917651,10.0
3.6046664613801394,-1.1645514537429695,10.0,346.40126380474123,4.737525331691911,0.579,0.022934322868632617,0.579,0.0,0.022917651,10.0
3.6050014524975813,-1.1614848688721389,10.0,346.80864490565773,4.736590521888489,0.5800000000000001,0.022934091906649696,0.58,0.0,0.022917651,10.0
3.605336973897609,-1.1584143246854124,10.0,347.2205259694946,4.735653873830891,0.581,0.022933858332951702,0.581,0.0,0.022917651,10.0
3.6056730405602875,-1.1553397093352484,10.0,347.63703411664466,4.73471533558989,0.582,0.022933622073759753,0.582,0.0,0.022917651,10.0
3.6060096680352753,-1.1522609067212521,10.0,348.0583013010832,4.73377485326172,0.583,0.02293338305248962,0.583,0.0,0.022917651,10.0
3.606346872469163,-1.1491777962861,10.0,348.48446454231043,4.732832370873329,0.584,0.022933141189617118,0.584,0.0,0.022917651,10.0
3.6066849737019333,-1.1460890652310904,10.0,348.9148903675201,4.731887858257784,0.585,0.022932895261994442,0.585,0.0,0.022917651,10.0
3.607023710921137,-1.142995647713706,10.0,349.35048162354406,4.7309412033869584,0.5860000000000001,0.022932646357550303,0.586,0.0,0.022917651,10.0
3.6073630864734665,-1.1398974683442566,10.0,349.791436228333,4.7299923400879145,0.587,0.022932394453403362,0.587,0.0,0.022917651,10.0
3.6077031196075255,-1.1367943835315584,10.0,350.2379159108912,4.729041201766641,0.588,0.022932139459099145,0.588,0.0,0.022917651,10.0
3.6080438303536875,-1.1336862438525868,10.0,350.690088968719,4.728087719124467,0.589,0.022931881280509426,0.589,0.0,0.022917651,10.0
3.6083852395641856,-1.1305728937533672,10.0,351.1481306047004,4.727131820019339,0.59,0.022931619819643825,0.59,0.0,0.022917651,10.0
3.6087273689557056,-1.1274541712312705,10.0,351.6122232849412,4.726173429318478,0.5910000000000001,0.022931354974449675,0.591,0.0,0.022917651,10.0
3.6090702411546496,-1.1243299074973419,10.0,352.0825571190914,4.725212468741774,0.592,0.02293108663859928,0.592,0.0,0.022917651,10.0
3.609413879745277,-1.1211999266171915,10.0,352.559330264818,4.72424885669525,0.593,0.02293081470126374,0.593,0.0,0.022917651,10.0
3.609758443688105,-1.1180636842182787,10.0,353.0421413190342,4.723282681624139,0.5940000000000001,0.02293053886009628,0.594,0.0,0.022917651,10.0
3.6101038445211504,-1.1149212770756511,10.0,353.5318037624898,4.722313689114453,0.595,0.022930259177368056,0.595,0.0,0.022917651,10.0
3.6104500999938356,-1.111772527536962,10.0,354.0285914441211,4.721341772728759,0.5960000000000001,0.022929975540855147,0.596,0.0,0.022917651,10.0
3.6107972386408362,-1.10861722384253,10.0,354.53274226111074,4.72036683484479,0.597,0.022929687818548736,0.597,0.0,0.022917651,10.0
3.611145290281411,-1.1054551446996144,10.0,355.0445048203698,4.719388773445498,0.598,0.022929395872497205,0.598,0.0,0.022917651,10.0
3.6114942860925106,-1.1022860587398506,10.0,355.56413904806465,4.718407481868922,0.599,0.022929099558467878,0.599,0.0,0.022917651,10.0
3.6118442586869413,-1.0991097239392147,10.0,356.0919168412523,4.717422848540784,0.6,0.02292879872558547,0.6,0.0,0.022917651,10.0
3.6122289427568117,-1.0961304913594745,10.0,356.33685830251187,4.716651819478619,0.601,0.022928785151882933,0.601,0.0,0.022917651,10.0
3.6126139382451257,-1.0931492250868584,10.0,356.5833926927527,4.715880003240164,0.602,0.02292877149317082,0.602,0.0,0.022917651,10.0
3.6129991581775585,-1.0901663650773652,10.0,356.83184485184296,4.715107491087938,0.603,0.022928757747737793,0.603,0.0,0.022917651,10.0
3.613384596420233,-1.0871819358549388,10.0,357.08227427823977,4.714334282931499,0.6040000000000001,0.022928743914406566,0.604,0.0,0.022917651,10.0
3.6137702562485847,-1.0841959138757606,10.0,357.3347106380397,4.713560368328286,0.605,0.022928729991858358,0.605,0.0,0.022917651,10.0
3.6141561410039036,-1.0812082751226568,10.0,357.5891841937855,4.712785736625795,0.6060000000000001,0.022928715978747856,0.606,0.0,0.022917651,10.0
3.6145422540949963,-1.0782189950931396,10.0,357.84572581953205,4.712010376956262,0.607,0.022928701873702585,0.607,0.0,0.022917651,10.0
3.6149285989999003,-1.0752280487870893,10.0,358.10436701637076,4.7112342782312036,0.608,0.022928687675322176,0.608,0.0,0.022917651,10.0
3.615315179267653,-1.0722354106940553,10.0,358.3651399284292,4.710457429135789,0.6090000000000001,0.022928673382177692,0.609,0.0,0.022917651,10.0
3.6157019985201067,-1.0692410547801667,10.0,358.6280773593632,4.709679818123028,0.61,0.022928658992810852,0.61,0.0,0.022917651,10.0
3.6160890604538123,-1.0662449544746402,10.0,358.89321278935927,4.708901433407794,0.6110000000000001,0.022928644505733328,0.611,0.0,0.022917651,10.0
3.6164763688419517,-1.0632470826558658,10.0,359.1605803926655,4.708122262960643,0.612,0.022928629919425913,0.612,0.0,0.022917651,10.0
3.616863989046157,-1.0602469987976355,10.0,359.4300318281689,4.707342127289934,0.613,0.02292861515084451,0.613,0.0,0.022917651,10.0
3.617251923474168,-1.0572446821484354,10.0,359.70160996315326,4.70656101529992,0.614,0.022928600202535888,0.614,0.0,0.022917651,10.0
3.6176401167760095,-1.0542405013580602,10.0,359.97552893210195,4.705779074642176,0.615,0.022928585152260112,0.615,0.0,0.022917651,10.0
3.618028573061578,-1.0512344268312932,10.0,360.2518258982355,4.704996292160721,0.6160000000000002,0.022928569998398363,0.616,0.0,0.022917651,10.0
3.6184172965282304,-1.0482264283431102,10.0,360.5305388156334,4.704212654419609,0.617,0.022928554739297346,0.617,0.0,0.022917651,10.0
3.618806291463126,-1.0452164750218371,10.0,360.8117064503847,4.703428147695437,0.6180000000000001,0.022928539373268397,0.618,0.0,0.022917651,10.0
3.619195562245638,-1.0422045353317642,10.0,361.09536840242,4.702642757969618,0.619,0.022928523898586548,0.619,0.0,0.022917651,10.0
3.6195851133498476,-1.0391905770551944,10.0,361.3815651280527,4.7018564709204,0.6200000000000001,0.022928508313489512,0.62,0.0,0.022917651,10.0
3.619974949347117,-1.036174567273908,10.0,361.67033796325416,4.701069271914629,0.6210000000000001,0.02292849261617668,0.621,0.0,0.022917651,10.0
3.6203650749087495,-1.0331564723500193,10.0,361.9617291476933,4.700281145999237,0.622,0.022928476804808088,0.622,0.0,0.022917651,10.0
3.6207556224819504,-1.0301357188972902,10.0,362.25563561385275,4.6994920501819495,0.6230000000000001,0.022928460774239528,0.623,0.0,0.022917651,10.0
3.6211467156747372,-1.0271117893480919,10.0,362.5519696235281,4.698701961926217,0.6240000000000001,0.022928444437585304,0.624,0.0,0.022917651,10.0
3.621538121380251,-1.0240856624414887,10.0,362.85105116891503,4.6979109264322565,0.625,0.022928427991045105,0.625,0.0,0.022917651,10.0
3.621929844849419,-1.0210573012568707,10.0,363.1529264148724,4.697118927784311,0.6260000000000001,0.022928411432772598,0.626,0.0,0.022917651,10.0
3.622321891451466,-1.0180266680418353,10.0,363.45764256631753,4.696325949708052,0.6270000000000001,0.022928394760879846,0.627,0.0,0.022917651,10.0
3.6227142666772654,-1.0149937241886293,10.0,363.7652478976814,4.6955319755604235,0.628,0.02292837797343615,0.628,0.0,0.022917651,10.0
3.623106976142808,-1.0119584302097893,10.0,364.07579178337085,4.6947369883191445,0.629,0.022928361068466806,0.629,0.0,0.022917651,10.0
3.6235000255927816,-1.0089207457129383,10.0,364.3893247292783,4.693940970571845,0.6300000000000001,0.02292834404395187,0.63,0.0,0.022917651,10.0
3.6238934209042775,-1.0058806293747173,10.0,364.70589840538025,4.693143904504821,0.6310000000000001,0.022928326897824824,0.631,0.0,0.022917651,10.0
3.624287212452246,-1.0028377668543405,10.0,365.0254268778674,4.692345677332968,0.632,0.022928309562121697,0.632,0.0,0.022917651,10.0
3.6246814855742637,-0.9997916435103744,10.0,365.34772534621237,4.691546115742718,0.633,0.022928291922991815,0.633,0.0,0.022917651,10.0
3.6250761302028907,-0.9967429371365296,10.0,365.67321889554654,4.690745457044212,0.6340000000000001,0.022928274154462573,0.634,0.0,0.022917651,10.0
3.6254711529537165,-0.9936916017355958,10.0,366.0019644221578,4.689943681700732,0.6350000000000001,0.02292825625422969,0.635,0.0,0.022917651,10.0
3.625866560600345,-0.9906375902117165,10.0,366.3340201813055,4.689140769708929,0.6360000000000001,0.022928238219933863,0.636,0.0,0.022917651,10.0
3.6262623600791395,-0.9875808543373907,10.0,366.6694458280378,4.688336700584799,0.637,0.022928220049159086,0.637,0.0,0.022917651,10.0
3.626658558494144,-0.9845213447192772,10.0,367.00830245948987,4.687531453349167,0.638,0.022928201739430953,0.638,0.0,0.022917651,10.0
3.6270551631221744,-0.9814590107627523,10.0,367.3506526587241,4.686725006512623,0.639,0.022928183288214873,0.639,0.0,0.022917651,10.0
3.6274522119231523,-0.9783936455303547,10.0,367.6965381181193,4.685917304781686,0.64,0.02292816470490198,0.64,0.0,0.022917651,10.0
3.627849984804343,-0.9753238197534938,10.0,368.0458303787984,4.685108036897726,0.6410000000000001,0.02292814609116617,0.641,0.0,0.022917651,10.0
3.6282481894490695,-0.9722510121711414,10.0,368.39882228206375,4.684297514330563,0.642,0.022928127324072105,0.642,0.0,0.022917651,10.0
3.6286468338971805,-0.969175167259253,10.0,368.7555827187672,4.683485713716807,0.643,0.02292810840076413,0.643,0.0,0.022917651,10.0
3.6290459263893804,-0.9660962281066271,10.0,369.1161823008603,4.682672611109379,0.644,0.02292808931831521,0.644,0.0,0.022917651,10.0
3.6294454753735463,-0.9630141363713131,10.0,369.48069341548063,4.681858181959172,0.645,0.022928070073724747,0.645,0.0,0.022917651,10.0
3.6298454895112795,-0.9599288322353663,10.0,369.84919028108925,4.681042401096009,0.6460000000000001,0.022928050663916233,0.646,0.0,0.022917651,10.0
3.6302459776847043,-0.9568402543578747,10.0,370.2217490057534,4.680225242708881,0.647,0.02292803108573481,0.647,0.0,0.022917651,10.0
3.6306473918945006,-0.953746432510101,10.0,370.59841087103297,4.679406546070812,0.648,0.02292801131983191,0.648,0.0,0.022917651,10.0
3.6310494842400005,-0.9506483845190199,10.0,370.9792889222802,4.67858633651035,0.6489999999999999,0.02292799137959344,0.649,0.0,0.022917651,10.0
3.6314520738056757,-0.9475468597672273,10.0,371.36448274246203,4.677764639100177,0.65,0.02292797127001501,0.65,0.0,0.022917651,10.0
3.631855170246112,-0.9444417907460221,10.0,371.75407613140834,4.676941424950525,0.6510000000000001,0.022927950987808525,0.651,0.0,0.022917651,10.0
3.632258783467478,-0.9413331081875503,10.0,372.14815507261835,4.676116664418815,0.652,0.022927930529600217,0.652,0.0,0.022917651,10.0
3.6326629236357695,-0.9382207410071296,10.0,372.54680780485495,4.675290327084972,0.653,0.022927909891927806,0.653,0.0,0.022917651,10.0
3.633067603140612,-0.9351046027518023,10.0,372.95012426999875,4.674462376043368,0.6540000000000001,0.022927889067515764,0.654,0.0,0.022917651,10.0
3.633473091942238,-0.931982819115171,10.0,373.3581188513159,4.673632015232639,0.655,0.022927867556850556,0.655,0.0,0.022917651,10.0
3.63387913579159,-0.9288571328083741,10.0,373.7709760795928,4.672799971937203,0.6560000000000001,0.02292784585861272,0.656,0.0,0.022917651,10.0
3.6342857458212126,-0.9257274655558776,10.0,374.1887934845391,4.6719662124116,0.657,0.02292782396904013,0.657,0.0,0.022917651,10.0
3.6346929334633704,-0.9225937369747703,10.0,374.6116712216127,4.671130702001863,0.658,0.02292780188426936,0.658,0.0,0.022917651,10.0
3.6351007104601964,-0.9194558645033635,10.0,375.0397121609839,4.670293405114721,0.659,0.022927779600332283,0.659,0.0,0.022917651,10.0
3.6355090888742687,-0.9163137633268674,10.0,375.47302198014063,4.669454285185575,0.66,0.022927757113152477,0.66,0.0,0.022917651,10.0
3.6359183495505785,-0.9131654751361871,10.0,375.9114399885861,4.668612506743433,0.6610000000000001,0.022927734316496872,0.661,0.0,0.022917651,10.0
3.6363282727978192,-0.910012520021838,10.0,376.35531582020315,4.667768711523503,0.662,0.02292771129917924,0.662,0.0,0.022917651,10.0
3.636738837595185,-0.906855042857823,10.0,376.80479870155233,4.666922960380452,0.663,0.022927688070129324,0.663,0.0,0.022917651,10.0
3.637150057432733,-0.9036929485577004,10.0,377.2600065336846,4.66607521218652,0.664,0.022927664624894973,0.664,0.0,0.022917651,10.0
3.6375619461814064,-0.9005261393503312,10.0,377.721060546502,4.665225424652737,0.6650000000000001,0.02292764095889833,0.665,0.0,0.022917651,10.0
3.637974627591381,-0.89735379604578,10.0,378.18798083045175,4.664373274093009,0.666,0.02292761706387755,0.666,0.0,0.022917651,10.0
3.6383883111607176,-0.8941745533816963,10.0,378.6607171637266,4.663518234154221,0.667,0.02292759292933236,0.667,0.0,0.022917651,10.0
3.638802716702453,-0.8909902533516875,10.0,379.1396883245677,4.662661024731249,0.6680000000000001,0.022927568560262023,0.668,0.0,0.022917651,10.0
3.639217859970851,-0.8878007855982271,10.0,379.6250303640651,4.66180159848346,0.6689999999999999,0.022927543951548928,0.669,0.0,0.022917651,10.0
3.6396337571819055,-0.8846060365294262,10.0,380.11688332069986,4.660939906682759,0.67,0.022927519097925477,0.67,0.0,0.022917651,10.0
3.6400504383419916,-0.8814056907753878,10.0,380.6153603883748,4.660075753977957,0.6710000000000002,0.022927494004377477,0.671,0.0,0.022917651,10.0
3.6404680299895675,-0.878197986920616,10.0,381.12035943848423,4.6592078850703,0.672,0.022927468747653508,0.672,0.0,0.022917651,10.0
3.6408864274260946,-0.8749846160526819,10.0,381.6323214567385,4.6583375723285325,0.673,0.022927443223602528,0.673,0.0,0.022917651,10.0
3.641305648886101,-0.8717654499304239,10.0,382.15140401099495,4.657464760450136,0.674,0.022927417426175076,0.674,0.0,0.022917651,10.0
3.6417257131584786,-0.8685403564139098,10.0,382.6777694594686,4.656589392451286,0.675,0.022927391349137786,0.675,0.0,0.022917651,10.0
3.6421466151573143,-0.8653085713125069,10.0,383.21162231479605,4.6557106835694215,0.676,0.022927364899616685,0.676,0.0,0.022917651,10.0
3.6425683352688623,-0.8620692226437552,10.0,383.75317826793747,4.654827683092427,0.677,0.022927337978467903,0.677,0.0,0.022917651,10.0
3.642990942359887,-0.8588235686389757,10.0,384.3025306427211,4.653941925225308,0.6780000000000002,0.0229273107764054,0.678,0.0,0.022917651,10.0
3.6434144570627875,-0.855571462627128,10.0,384.85986079494904,4.653053345827264,0.679,0.022927283286894733,0.679,0.0,0.022917651,10.0
3.6438389006548815,-0.8523127533525895,10.0,385.42535574916764,4.652161878752613,0.68,0.022927255503197196,0.68,0.0,0.022917651,10.0
3.6442645847326953,-0.8490447643303354,10.0,385.9987842932631,4.651266094731389,0.6810000000000002,0.022927227291330527,0.681,0.0,0.022917651,10.0
3.6446912994757157,-0.8457693807123905,10.0,386.5807172813417,4.650367039070543,0.682,0.022927198759726264,0.682,0.0,0.022917651,10.0
3.64511902266249,-0.8424868355685969,10.0,387.17143106140713,4.649464855834226,0.683,0.022927169922346863,0.683,0.0,0.022917651,10.0
3.6455477788104136,-0.8391969547871515,10.0,387.77113911303934,4.6485594689844785,0.6840000000000002,0.022927140771758288,0.684,0.0,0.022917651,10.0
3.645977815612662,-0.8358972952662982,10.0,388.3798657020075,4.647649422340156,0.685,0.022927111270694387,0.685,0.0,0.022917651,10.0
3.6464090232357003,-0.8325890453308311,10.0,388.99796268952775,4.646735466906969,0.6860000000000002,0.022927081428620977,0.686,0.0,0.022917651,10.0
3.646841343316601,-0.8292728800531315,10.0,389.62574087782235,4.645818045724781,0.687,0.02292705124858559,0.687,0.0,0.022917651,10.0
3.6472748037364235,-0.8259486010543454,10.0,390.2634429027067,4.644897071932999,0.6880000000000001,0.02292702072211802,0.6880000000000001,0.0,0.022917651,10.0
3.6477096298798384,-0.822613531046239,10.0,390.9111094684499,4.643970774719103,0.6890000000000002,0.022926989461734125,0.6890000000000001,0.0,0.022917651,10.0
3.6481456841176247,-0.819269539643845,10.0,391.56917439379646,4.6430404692603595,0.6900000000000001,0.022926957761295132,0.6900000000000001,0.0,0.022917651,10.0
3.648582965875384,-0.8159167993417833,10.0,392.23793780914417,4.6421063249902295,0.6910000000000001,0.022926925669770976,0.6910000000000001,0.0,0.022917651,10.0
3.649021930583187,-0.812553984715516,10.0,392.91747291592094,4.641168837980659,0.6920000000000001,0.02292689329510733,0.6920000000000001,0.0,0.022917651,10.0
3.6494634812829125,-0.8091786161414108,10.0,393.6077148357334,4.640229140375109,0.6930000000000002,0.02292686087295428,0.6930000000000001,0.0,0.022917651,10.0
3.6499064297902835,-0.8057936288455078,10.0,394.30959023163786,4.639285415346385,0.6940000000000002,0.02292682805410636,0.6940000000000001,0.0,0.022917651,10.0
3.6503508137319045,-0.8023987639081845,10.0,395.0234122570137,4.638337554483109,0.6950000000000001,0.022926794827885226,0.6950000000000001,0.0,0.022917651,10.0
3.6507974253087245,-0.798988923728804,10.0,395.74918666185613,4.637383629024866,0.6960000000000002,0.02292676114658328,0.6960000000000001,0.0,0.022917651,10.0
3.6512456554508415,-0.7955680011603496,10.0,396.4875353769956,4.636425095523669,0.6970000000000001,0.02292672705006834,0.6970000000000001,0.0,0.022917651,10.0
3.651695454384536,-0.7921362962534947,10.0,397.23884642203035,4.635462054933703,0.6980000000000001,0.022926692532619218,0.6980000000000001,0.0,0.022917651,10.0
3.652147775990618,-0.788690343916956,10.0,398.0031924202731,4.634494856922287,0.6990000000000002,0.022926657249041475,0.6990000000000001,0.0,0.022917651,10.0
3.6526020631755465,-0.7852319583863236,10.0,398.7810936104912,4.633523087722674,0.7,0.022926621406240532,0.7000000000000001,0.0,0.022917651,10.0
3.6530374481581953,-0.7823190962547808,10.0,399.17484811829377,4.632931684909854,0.7010000000000002,0.0229266185406826,0.7010000000000001,0.0,0.022917651,10.0
3.6534731780565664,-0.779403666899404,10.0,399.5719935993246,4.632339094574542,0.7020000000000001,0.022926615658737062,0.7020000000000001,0.0,0.022917651,10.0
3.653909390340011,-0.776483730203322,10.0,399.9724532154217,4.631743925393263,0.7030000000000001,0.022926612898309412,0.7030000000000001,0.0,0.022917651,10.0
3.654345986526405,-0.7735607413218298,10.0,400.3763819762642,4.631147239349544,0.7039999999999998,0.022926610149050387,0.704,0.0,0.022917651,10.0
3.654782943011363,-0.7706350741418089,10.0,400.7838563723768,4.63054931613676,0.705,0.022926607380718327,0.705,0.0,0.022917651,10.0
3.655220264846051,-0.7677066911151593,10.0,401.19492611138816,4.629950138410561,0.706,0.02292660459304584,0.706,0.0,0.022917651,10.0
3.6556579571764933,-0.7647755539886169,10.0,401.60964183444975,4.6293496885008665,0.7070000000000001,0.022926601785760517,0.707,0.0,0.022917651,10.0
3.6560961904027387,-0.7618401477919925,10.0,402.02794671319623,4.628747136780052,0.7080000000000001,0.022926598984802725,0.708,0.0,0.022917651,10.0
3.6565348532775905,-0.7589014615405307,10.0,402.44997385566313,4.628143024674194,0.709,0.022926596171022905,0.709,0.0,0.022917651,10.0
3.6569739028609005,-0.7559598852847497,10.0,402.8758091729763,4.627537569381744,0.71,0.022926593336400843,0.71,0.0,0.022917651,10.0
3.6574133447038695,-0.7530153775386309,10.0,403.3055073314943,4.626930751621254,0.711,0.022926590480637346,0.711,0.0,0.022917651,10.0
3.657853184464459,-0.7500678960182957,10.0,403.7391240489204,4.626322551740459,0.712,0.02292658760342748,0.712,0.0,0.022917651,10.0
3.6582935179647986,-0.7471152918492886,10.0,404.1765281209898,4.625711201738313,0.7130000000000001,0.02292658437818391,0.713,0.0,0.022917651,10.0
3.658734266478155,-0.7441595546281133,10.0,404.6179631963462,4.625098378635507,0.7140000000000001,0.022926581127126755,0.714,0.0,0.022917651,10.0
3.659175433536299,-0.7412006988027059,10.0,405.06349376824556,4.624484111074772,0.715,0.02292657785933204,0.715,0.0,0.022917651,10.0
3.6596170253003106,-0.7382386784664612,10.0,405.5131801233837,4.623868377793342,0.7159999999999999,0.022926574574553382,0.716,0.0,0.022917651,10.0
3.6600592976904776,-0.7352719658842352,10.0,405.9670489540538,4.62325067319808,0.717,0.022926571401435784,0.717,0.0,0.022917651,10.0
3.660502379471972,-0.732299774157903,10.0,406.4251623852271,4.622630724792558,0.7180000000000001,0.02292656839898214,0.718,0.0,0.022917651,10.0
3.660945902473878,-0.7293242715941565,10.0,406.8876435598575,4.6220092305511615,0.719,0.022926565371733293,0.719,0.0,0.022917651,10.0
3.661389873276863,-0.7263454088128621,10.0,407.3545576215107,4.621386167418219,0.7200000000000001,0.02292656231931944,0.72,0.0,0.022917651,10.0
3.6618343057689486,-0.7233630071884153,10.0,407.82596134078295,4.620761412506491,0.7209999999999999,0.022926559221452494,0.721,0.0,0.022917651,10.0
3.662279312482109,-0.7203751420693911,10.0,408.30178417435246,4.620133493894745,0.722,0.022926555791316257,0.722,0.0,0.022917651,10.0
3.6627247899278634,-0.7173837498553726,10.0,408.78224801259574,4.619503931085486,0.723,0.022926552341226685,0.723,0.0,0.022917651,10.0
3.6631707452721516,-0.714388776853572,10.0,409.26742350529054,4.61887269904918,0.724,0.022926548870880047,0.724,0.0,0.022917651,10.0
3.6636171858271007,-0.7113901682758267,10.0,409.7573827435258,4.618239772245668,0.7250000000000001,0.022926545379966395,0.725,0.0,0.022917651,10.0
3.6640642075719185,-0.7083857864174977,10.0,410.25204985743807,4.617603396555583,0.726,0.022926542182509228,0.726,0.0,0.022917651,10.0
3.6645117395549036,-0.7053774492401068,10.0,410.75164307393493,4.616965106363245,0.727,0.02292653898867931,0.727,0.0,0.022917651,10.0
3.6649597814470467,-0.7023652907176561,10.0,411.2562533599314,4.616325034352565,0.728,0.02292653576873752,0.728,0.0,0.022917651,10.0
3.665408341214159,-0.6993492511530354,10.0,411.7659590921631,4.61568315268795,0.729,0.022926532522275937,0.729,0.0,0.022917651,10.0
3.6658578084144664,-0.6963261330619157,10.0,412.28051693273085,4.615037824191702,0.73,0.02292652927507452,0.73,0.0,0.022917651,10.0
3.6663078393916706,-0.6932988241884225,10.0,412.8003142146119,4.614390560200201,0.7310000000000001,0.022926526004090047,0.731,0.0,0.022917651,10.0
3.6667584236951662,-0.6902674189473769,10.0,413.3254510146524,4.613741413226351,0.7319999999999999,0.022926522707648243,0.732,0.0,0.022917651,10.0
3.6672095760055576,-0.687231370847607,10.0,413.8560800683897,4.613089895188171,0.7329999999999999,0.022926519312149608,0.733,0.0,0.022917651,10.0
3.6676613150271153,-0.6841887149915118,10.0,414.39257784884876,4.6124341146945245,0.734,0.02292651552616503,0.734,0.0,0.022917651,10.0
3.668113611191825,-0.6811417759396603,10.0,414.9347155184617,4.6117762795478665,0.735,0.0229265117117881,0.735,0.0,0.022917651,10.0
3.668566473445515,-0.678090484918452,10.0,415.4825836347248,4.611116356757439,0.736,0.022926507868562943,0.736,0.0,0.022917651,10.0
3.6690202055055825,-0.6750329611119584,10.0,416.0361176354305,4.610453680072424,0.737,0.0229265040173371,0.737,0.0,0.022917651,10.0
3.669474779761783,-0.6719694077023474,10.0,416.5954407927715,4.60978834238373,0.738,0.02292650015835815,0.738,0.0,0.022917651,10.0
3.66992996074076,-0.6689012722896998,10.0,417.1607833079507,4.609120849685575,0.739,0.022926496274478483,0.739,0.0,0.022917651,10.0
3.6703858769268396,-0.665828092837584,10.0,417.73227570537864,4.608451254037971,0.7400000000000001,0.022926492387055263,0.74,0.0,0.022917651,10.0
3.6708438725694545,-0.6627453751497394,10.0,418.3103982018849,4.607780439840696,0.741,0.02292648873954728,0.741,0.0,0.022917651,10.0
3.6713024787865374,-0.6596578117930919,10.0,418.8948795921078,4.607107222013735,0.7420000000000001,0.022926485058849245,0.742,0.0,0.022917651,10.0
3.6717617056363485,-0.6565653229428038,10.0,419.4858246289065,4.606431560961032,0.7430000000000001,0.022926481344414402,0.743,0.0,0.022917651,10.0
3.6722217986461883,-0.6534645643114462,10.0,420.0835179525761,4.605751094625073,0.744,0.02292647736489774,0.744,0.0,0.022917651,10.0
3.6726825992395185,-0.6503577700832142,10.0,420.68796403735234,4.605067423173107,0.7450000000000001,0.022926473288633353,0.745,0.0,0.022917651,10.0
3.673144047976325,-0.6472458239142304,10.0,421.29922437132785,4.604381192515496,0.7460000000000001,0.022926469184261656,0.746,0.0,0.022917651,10.0
3.673606064551906,-0.6441272394413642,10.0,421.91730894038517,4.603690595418859,0.7470000000000001,0.022926465047353614,0.747,0.0,0.022917651,10.0
3.67406868972226,-0.6410023816516741,10.0,422.5423763231706,4.6029961595916,0.748,0.022926460879046862,0.748,0.0,0.022917651,10.0
3.674531994741299,-0.6378720803172776,10.0,423.1746161908062,4.602298999545495,0.7490000000000001,0.022926456681540756,0.749,0.0,0.022917651,10.0
3.674996082397712,-0.6347348649644964,10.0,423.8141355690538,4.60159805254002,0.75,0.02292645252280521,0.75,0.0,0.022917651,10.0
3.675460946976973,-0.631590864976367,10.0,424.4610722474175,4.600893425732691,0.751,0.022926448387901498,0.751,0.0,0.022917651,10.0
3.6759265240620493,-0.6284411262725488,10.0,425.11556936923637,4.600185910234449,0.752,0.022926444218504302,0.752,0.0,0.022917651,10.0
3.6763929770289785,-0.6252829426118302,10.0,425.7776828644697,4.599473457174908,0.753,0.022926440029794975,0.753,0.0,0.022917651,10.0
3.6768602703011233,-0.6221170685126844,10.0,426.44758136066577,4.598756677518827,0.7540000000000001,0.022926435815492637,0.754,0.0,0.022917651,10.0
3.6773283173366678,-0.6189451226127413,10.0,427.1254536323688,4.598036841188116,0.7550000000000001,0.022926431564419293,0.755,0.0,0.022917651,10.0
3.677797457376297,-0.6157638785394779,10.0,427.8115180570535,4.59731207460591,0.756,0.022926427173766434,0.756,0.0,0.022917651,10.0
3.6782674717982906,-0.6125753957812543,10.0,428.50587738870405,4.596583565589851,0.7569999999999999,0.02292642271768826,0.757,0.0,0.022917651,10.0
3.6787382883294795,-0.6093803560926285,10.0,429.2086535638648,4.595851708256383,0.758,0.022926418223142866,0.758,0.0,0.022917651,10.0
3.6792102533142206,-0.6061749057832363,10.0,429.9199421584567,4.595114039210695,0.759,0.022926413593247916,0.759,0.0,0.022917651,10.0
3.679683036449619,-0.6029628036476564,10.0,430.63996584979037,4.594372990887392,0.76,0.022926408926032968,0.76,0.0,0.022917651,10.0
3.6801567343244126,-0.5997423248112792,10.0,431.368994189832,4.593627223250401,0.761,0.02292640433464212,0.761,0.0,0.022917651,10.0
3.6806313924082255,-0.596512614705343,10.0,432.1072507365959,4.592876062901304,0.762,0.022926399871956632,0.762,0.0,0.022917651,10.0
3.681106903038853,-0.5932758997800598,10.0,432.85473943942986,4.592121307852884,0.763,0.02292639537132103,0.763,0.0,0.022917651,10.0
3.6815838003872106,-0.590028053875896,10.0,433.6114897585911,4.591360971927683,0.7640000000000001,0.022926390443146944,0.764,0.0,0.022917651,10.0
3.682061668045367,-0.5867722931171007,10.0,434.3778013958731,4.590596603045304,0.7650000000000001,0.022926385399674697,0.765,0.0,0.022917651,10.0
3.682540673546425,-0.5835072417540107,10.0,435.1538789717215,4.589827495034274,0.7660000000000001,0.022926380418854215,0.766,0.0,0.022917651,10.0
3.683020930127148,-0.5802319754416408,10.0,435.93991495140955,4.589053176458762,0.767,0.022926375569340917,0.767,0.0,0.022917651,10.0
3.6835021426795325,-0.5769488017235259,10.0,436.73609070816366,4.588274774263758,0.768,0.022926370669987612,0.768,0.0,0.022917651,10.0
3.683984657542216,-0.5736537573810716,10.0,437.5426299807018,4.587489705524942,0.7690000000000001,0.022926365329996756,0.769,0.0,0.022917651,10.0
3.6844681462099005,-0.5703506859492612,10.0,438.35970644939994,4.586700504642779,0.77,0.02292635994388437,0.77,0.0,0.022917651,10.0
3.684952941790422,-0.56703553087753,10.0,439.18742317245085,4.585904454189868,0.7710000000000001,0.022926354904597126,0.771,0.0,0.022917651,10.0
3.6854388576849804,-0.563710737332149,10.0,440.0260645499761,4.585103248972094,0.772,0.02292634994346884,0.772,0.0,0.022917651,10.0
3.685926334313842,-0.5603735659622163,10.0,440.87663588951744,4.5842959031383455,0.7730000000000001,0.02292634480739811,0.773,0.0,0.022917651,10.0
3.6864152450886465,-0.5570244780375293,10.0,441.73922665653566,4.583482372086145,0.7739999999999999,0.022926339524218336,0.774,0.0,0.022917651,10.0
3.686905257084047,-0.5536651010616355,10.0,442.61340889031817,4.5826629598038915,0.775,0.02292633426522122,0.775,0.0,0.022917651,10.0
3.6873964510497355,-0.5502945621891728,10.0,443.4994173505334,4.5818371180787905,0.7760000000000001,0.022926329053637156,0.776,0.0,0.022917651,10.0
3.687888859458552,-0.5469130982632807,10.0,444.3975133134305,4.581005209324323,0.777,0.022926323631279402,0.777,0.0,0.022917651,10.0
3.688382679922666,-0.5435186051119045,10.0,445.3079811690442,4.580165920000811,0.778,0.02292631782239544,0.778,0.0,0.022917651,10.0
3.688877690747946,-0.5401131292602055,10.0,446.23100936492204,4.579320409224542,0.7790000000000001,0.022926312119773248,0.779,0.0,0.022917651,10.0
3.6893740567166233,-0.5366947795794924,10.0,447.1668935005628,4.57846744536173,0.7800000000000001,0.022926306729506955,0.78,0.0,0.022917651,10.0
3.6898716873915185,-0.5332646370374975,10.0,448.115674603759,4.577607745593634,0.7810000000000001,0.022926301093917387,0.781,0.0,0.022917651,10.0
3.690370737374592,-0.5298210082918335,10.0,449.07753471646424,4.576740233038818,0.782,0.022926295044781442,0.782,0.0,0.022917651,10.0
3.690871109525096,-0.5263644458685995,10.0,450.0530114686283,4.575865074146646,0.7830000000000001,0.022926289164736723,0.783,0.0,0.022917651,10.0
3.6913728403297794,-0.5228943761198779,10.0,451.0423842891312,4.5749818408785465,0.7839999999999999,0.022926283496268834,0.784,0.0,0.022917651,10.0
3.6918759939402412,-0.5194105894712235,10.0,452.04592076654484,4.57409058921483,0.785,0.022926277746701088,0.785,0.0,0.022917651,10.0
3.6923805022871514,-0.5159140613054206,10.0,453.0638882077111,4.573192019751648,0.786,0.022926271931518995,0.786,0.0,0.022917651,10.0
3.6928867511137975,-0.512400945542443,10.0,454.0966105414375,4.572283821324771,0.787,0.02292626607814821,0.787,0.0,0.022917651,10.0
3.6933943758736367,-0.5088748021318442,10.0,455.1443164529912,4.571368098526329,0.788,0.022926260111647227,0.788,0.0,0.022917651,10.0
3.6939035121708037,-0.505331961158429,10.0,456.2071816522069,4.57044172707023,0.789,0.022926253469904654,0.789,0.0,0.022917651,10.0
3.6944141396137784,-0.5017751020796564,10.0,457.2856411426242,4.569507296111528,0.79,0.02292624692051668,0.79,0.0,0.022917651,10.0
3.6949263696517742,-0.49820287343789127,10.0,458.3800204828296,4.568563896685945,0.791,0.022926240559692706,0.791,0.0,0.022917651,10.0
3.695440021495197,-0.4946142362777251,10.0,459.4908766875548,4.567609790890215,0.792,0.02292623433728864,0.792,0.0,0.022917651,10.0
3.6959551227999907,-0.4910105278982317,10.0,460.61847321573356,4.566646414739147,0.793,0.022926228058424876,0.793,0.0,0.022917651,10.0
3.696471799733282,-0.4873877577329754,10.0,461.76322142795664,4.565670266786622,0.7940000000000002,0.022926221311379554,0.794,0.0,0.022917651,10.0
3.696990010001223,-0.48374859830144024,10.0,462.92568064165505,4.564683862303871,0.7949999999999999,0.02292621483215135,0.795,0.0,0.022917651,10.0
3.697509708235169,-0.48009342957335194,10.0,464.10599891176787,4.5636874004987815,0.796,0.022926208502135247,0.796,0.0,0.022917651,10.0
3.698031625713071,-0.47641773908932744,10.0,465.30421293407954,4.562679309540491,0.797,0.02292620127573226,0.797,0.0,0.022917651,10.0
3.698554210175634,-0.47272427696105074,10.0,466.5208965424175,4.56165609903081,0.7980000000000002,0.022926194422191955,0.798,0.0,0.022917651,10.0
3.6990776410485804,-0.4690132192511819,10.0,467.7563837032615,4.560618668284286,0.799,0.02292618784610729,0.799,0.0,0.022917651,10.0
3.699602869970504,-0.46528449906011005,10.0,469.01109924578685,4.559570790178076,0.8000000000000002,0.02292618107873278,0.8,0.0,0.022917651,10.0
3.6999991642863934,-0.46241712182291156,10.0,469.5325170036734,4.558800119509936,0.801,0.022926179997105858,0.801,0.0,0.022917651,10.0
3.7003957482761045,-0.45954383896527434,10.0,470.0590947888278,4.558024702627055,0.8020000000000002,0.022926178596086706,0.802,0.0,0.022917651,10.0
3.7007924861297723,-0.4566669194427022,10.0,470.5908808249293,4.557246264488475,0.803,0.022926177192645926,0.803,0.0,0.022917651,10.0
3.701189480545209,-0.4537842313477311,10.0,471.12795048897675,4.556463083297975,0.804,0.02292617610779042,0.804,0.0,0.022917651,10.0
3.7015867081631137,-0.4508962120112342,10.0,471.6703772051403,4.555675503055384,0.805,0.022926175261150823,0.805,0.0,0.022917651,10.0
3.7019840928551937,-0.4480044205194854,10.0,472.21821714984924,4.55488477884016,0.8060000000000002,0.022926174404499247,0.806,0.0,0.022917651,10.0
3.7023816971849586,-0.4451066058565951,10.0,472.7715190256562,4.5540889006453735,0.807,0.02292617357369832,0.807,0.0,0.022917651,10.0
3.70277947189629,-0.4422045053605997,10.0,473.3303719011975,4.553289416574451,0.808,0.022926172750083115,0.808,0.0,0.022917651,10.0
3.703177463077232,-0.439297613453285,10.0,473.89486479522157,4.552486010605095,0.8090000000000002,0.022926171811397222,0.809,0.0,0.022917651,10.0
3.703575855372438,-0.43638296484089667,10.0,474.46514121796343,4.5516764674721175,0.8100000000000002,0.022926170365517706,0.81,0.0,0.022917651,10.0
3.7039744058263024,-0.4334642830709406,10.0,475.0411958008137,4.550863523654487,0.8110000000000003,0.022926168919549187,0.811,0.0,0.022917651,10.0
3.7043731779129954,-0.43053955145678124,10.0,475.62321403660786,4.550045404474919,0.8120000000000002,0.022926167780602708,0.812,0.0,0.022917651,10.0
3.704772150236165,-0.4276093768139332,10.0,476.211247804661,4.5492226354007,0.8130000000000002,0.022926166838976136,0.8130000000000001,0.0,0.022917651,10.0
3.705171289645786,-0.4246748196533696,10.0,476.80530328250666,4.548396152925997,0.8140000000000002,0.02292616588988927,0.8140000000000001,0.0,0.022917651,10.0
3.7055706753970012,-0.42173338736988797,10.0,477.40554549122993,4.547563787702094,0.8150000000000002,0.0229261649668182,0.8150000000000001,0.0,0.022917651,10.0
3.705970219276012,-0.418787665137651,10.0,478.01196711077307,4.54672776489519,0.8160000000000002,0.022926164032515153,0.8160000000000001,0.0,0.022917651,10.0
3.7063700360154033,-0.41583512316854754,10.0,478.6247148405738,4.545886019539431,0.8170000000000002,0.022926162764078602,0.8170000000000001,0.0,0.022917651,10.0
3.706770087994771,-0.4128765562132278,10.0,479.2438528370634,4.545039193941501,0.8180000000000001,0.022926161280142864,0.8180000000000001,0.0,0.022917651,10.0
3.7071703001160237,-0.40991280140242986,10.0,479.86945315552407,4.544187817115337,0.8190000000000001,0.022926159881538663,0.8190000000000001,0.0,0.022917651,10.0
3.7075706632820236,-0.40694155205342203,10.0,480.50172198877124,4.543329534001678,0.8200000000000001,0.02292615883763451,0.8200000000000001,0.0,0.022917651,10.0
3.7079711923394045,-0.4039657207630474,10.0,481.140592898526,4.542467332620833,0.8210000000000001,0.022926157782820398,0.8210000000000001,0.0,0.022917651,10.0
3.7083723983059933,-0.40098143409368026,10.0,481.7862854478741,4.54159940179373,0.822,0.022926156789410082,0.8220000000000001,0.0,0.022917651,10.0
3.7087738669614083,-0.39799171229083685,10.0,482.4387888950077,4.540727089849305,0.8230000000000002,0.02292615579722358,0.8230000000000001,0.0,0.022917651,10.0
3.709175667124032,-0.3949949114624623,10.0,483.0982236491502,4.539849015512284,0.8240000000000001,0.022926154497757215,0.8240000000000001,0.0,0.022917651,10.0
3.709577778236305,-0.39199134841884364,10.0,483.76467520647293,4.538965415086853,0.8250000000000001,0.0229261529480038,0.8250000000000001,0.0,0.022917651,10.0
3.7099800470810784,-0.3889818901264833,10.0,484.43828539954444,4.538076554404323,0.8260000000000002,0.02292615153808375,0.8260000000000001,0.0,0.022917651,10.0
3.7103824427501193,-0.3859652084591282,10.0,485.1192908652355,4.537180986915827,0.8270000000000002,0.022926150447265613,0.8270000000000001,0.0,0.022917651,10.0
3.710785038921244,-0.3829430181908726,10.0,485.807585666173,4.536280712158768,0.8280000000000002,0.022926149364532442,0.8280000000000001,0.0,0.022917651,10.0
3.7111880116279967,-0.3799118431897075,10.0,486.5034555244259,4.535372952877904,0.8290000000000002,0.02292614844076193,0.8290000000000001,0.0,0.022917651,10.0
3.711591160913915,-0.37687548033503815,10.0,487.20679410059347,4.534460712099772,0.8300000000000003,0.022926147512695776,0.8300000000000001,0.0,0.022917651,10.0
3.7119942699869055,-0.3738299472417907,10.0,487.9179099140635,4.533539137970838,0.8310000000000001,0.02292614602190887,0.8310000000000001,0.0,0.022917651,10.0
3.712397556954702,-0.3707789418432749,10.0,488.63671101678426,4.532612803047581,0.8320000000000002,0.022926144517072908,0.8320000000000001,0.0,0.022917651,10.0
3.7128008603594913,-0.36771990839842245,10.0,489.36326298544077,4.53167851213485,0.8330000000000001,0.022926143376358694,0.833,0.0,0.022917651,10.0
3.713204338237321,-0.3646549542589853,10.0,490.0976908583447,4.530738999245298,0.8340000000000001,0.022926142279707934,0.834,0.0,0.022917651,10.0
3.7136076328208856,-0.361580895315057,10.0,490.8407871098524,4.529789643213991,0.8350000000000001,0.022926141146490327,0.835,0.0,0.022917651,10.0
3.7140109982602096,-0.3585003260709206,10.0,491.592181861202,4.528834059273626,0.8360000000000001,0.022926139993755396,0.836,0.0,0.022917651,10.0
3.714414519468117,-0.3554105035555957,10.0,492.3522478948584,4.5278698458101205,0.8370000000000001,0.022926138446800002,0.837,0.0,0.022917651,10.0
3.7148181951056505,-0.3523139412937095,10.0,493.1208090095845,4.52689951055123,0.838,0.022926136792012563,0.838,0.0,0.022917651,10.0
3.715221806568484,-0.34920769290898074,10.0,493.89797549978977,4.5259192377903155,0.8390000000000001,0.022926135466639658,0.839,0.0,0.022917651,10.0
3.7156255293387033,-0.3460945935745516,10.0,494.68378389858253,4.524932560359198,0.8400000000000001,0.0229261342062906,0.84,0.0,0.022917651,10.0
3.7160293540388003,-0.34297253182858944,10.0,495.47852705566896,4.523937313562475,0.8410000000000001,0.02292613263755711,0.841,0.0,0.022917651,10.0
3.7164333348908216,-0.3398439057270525,10.0,496.2821619311502,4.5229361248845095,0.8420000000000001,0.022926131021567975,0.842,0.0,0.022917651,10.0
3.716837595550219,-0.3367046008592562,10.0,497.0951669428717,4.5219253898322025,0.8430000000000001,0.02292612981868425,0.843,0.0,0.022917651,10.0
3.717242032567606,-0.33355829243221313,10.0,497.917350361431,4.520908356800288,0.844,0.02292612858074565,0.844,0.0,0.022917651,10.0
3.717646682217131,-0.33040126252657,10.0,498.7491162166507,4.5198814506347516,0.8449999999999999,0.022926127123128658,0.845,0.0,0.022917651,10.0
3.718051578642814,-0.3272362450694356,10.0,499.5903381206098,4.518847545409401,0.8460000000000001,0.022926125634286386,0.846,0.0,0.022917651,10.0
3.718456836497986,-0.32406112165701784,10.0,500.44123742277776,4.517804983713052,0.8469999999999999,0.022926124087392797,0.847,0.0,0.022917651,10.0
3.718862335563427,-0.32087667083075183,10.0,501.302091224186,4.516754056886566,0.848,0.022926122696317136,0.848,0.0,0.022917651,10.0
3.7192680678261363,-0.3176829313070683,10.0,502.1730378513458,4.515694771751407,0.849,0.022926121467237808,0.849,0.0,0.022917651,10.0
3.71967414387775,-0.3144786408888521,10.0,503.05428019471714,4.5146263071126524,0.8500000000000001,0.022926120171230083,0.85,0.0,0.022917651,10.0
3.720080451332671,-0.31126598407806083,10.0,503.9457628794905,4.513550400537002,0.851,0.022926118850361714,0.851,0.0,0.022917651,10.0
3.72048697070722,-0.3080417752978676,10.0,504.84779249844007,4.512463793024498,0.8520000000000001,0.02292611756446953,0.852,0.0,0.022917651,10.0
3.720893693244039,-0.30480848407832295,10.0,505.7603971153575,4.511368917388027,0.853,0.022926116072130128,0.853,0.0,0.022917651,10.0
3.721300633626087,-0.30156466797876685,10.0,506.6838388686062,4.510264391000741,0.854,0.022926114250198328,0.854,0.0,0.022917651,10.0
3.721707636680218,-0.29831013415639185,10.0,507.6183764893194,4.509149393862002,0.855,0.022926112777026265,0.855,0.0,0.022917651,10.0
3.722114795138256,-0.29504613768673216,10.0,508.5640319976003,4.508025554635059,0.856,0.022926111376438334,0.856,0.0,0.022917651,10.0
3.7225223707209794,-0.2917687702893921,10.0,509.5213348758497,4.506890016099322,0.857,0.022926109527992698,0.857,0.0,0.022917651,10.0
3.722929793797914,-0.2884809768798934,10.0,510.4900845874706,4.5057434426687974,0.858,0.022926107923958085,0.858,0.0,0.022917651,10.0
3.7233370863111235,-0.2851827618371273,10.0,511.4704496059221,4.50458592651657,0.859,0.02292610653999864,0.859,0.0,0.022917651,10.0
3.7237441225639176,-0.2818735247949067,10.0,512.4624813956767,4.503416348836872,0.86,0.022926104872263254,0.86,0.0,0.022917651,10.0
3.724151300068142,-0.27855363415407386,10.0,513.4664709815985,4.502236686749848,0.861,0.02292610320951908,0.861,0.0,0.022917651,10.0
3.724558626955378,-0.27522214122797467,10.0,514.482669404913,4.501046027313371,0.862,0.02292610157669603,0.862,0.0,0.022917651,10.0
3.7249660115955807,-0.27187690617462695,10.0,515.5113200382814,4.499841855887252,0.863,0.022926099733724125,0.863,0.0,0.022917651,10.0
3.7253737622173198,-0.26851989367897217,10.0,516.5526268280116,4.498627374839589,0.864,0.022926098018500336,0.864,0.0,0.022917651,10.0
3.7257819533451473,-0.2651506079423289,10.0,517.606850079003,4.497402387548606,0.865,0.022926096493628034,0.865,0.0,0.022917651,10.0
3.7261904686460348,-0.2617669181070396,10.0,518.6743696016921,4.496164290461882,0.866,0.022926094873479318,0.866,0.0,0.022917651,10.0
3.72659906685137,-0.25837101920564043,10.0,519.7550352347407,4.494914308722836,0.867,0.022926093195695062,0.867,0.0,0.022917651,10.0
3.7270074359753282,-0.2549626875023118,10.0,520.8491711612736,4.4936509741536925,0.8680000000000001,0.022926091573058822,0.868,0.0,0.022917651,10.0
3.727414012902854,-0.2515406798012256,10.0,521.9576173004918,4.492366806992706,0.8690000000000001,0.022926090506403818,0.869,0.0,0.022917651,10.0
3.727820974004555,-0.2481054940602433,10.0,523.0799850957974,4.491070978926635,0.8700000000000001,0.022926088955343073,0.87,0.0,0.022917651,10.0
3.72822790247623,-0.24465681071060644,10.0,524.2165001358455,4.4897615278870155,0.871,0.022926087129344252,0.871,0.0,0.022917651,10.0
3.7286345525776436,-0.2411939833452563,10.0,525.3673773969166,4.488436835791381,0.872,0.022926085167471966,0.872,0.0,0.022917651,10.0
3.7290408424293995,-0.23771646971383734,10.0,526.5323050550808,4.48709600050109,0.8730000000000001,0.022926083561463056,0.873,0.0,0.022917651,10.0
3.7294473726362316,-0.23422442748318179,10.0,527.7116210517305,4.485741604665666,0.874,0.022926081647018228,0.874,0.0,0.022917651,10.0
3.7298540793827417,-0.2307176181806277,10.0,528.905823055933,4.484373149878528,0.875,0.02292607979378911,0.875,0.0,0.022917651,10.0
3.730260877585294,-0.2271956209291827,10.0,530.1152073732086,4.482989870627534,0.876,0.0229260780506797,0.876,0.0,0.022917651,10.0
3.730667610994946,-0.22365772082258867,10.0,531.3397541541868,4.481590423611501,0.877,0.022926076013893317,0.877,0.0,0.022917651,10.0
3.731074378951839,-0.22010267240552392,10.0,532.579718902105,4.480173980963537,0.878,0.022926074189937865,0.878,0.0,0.022917651,10.0
3.7314810250752752,-0.2165317980021708,10.0,533.8351964158672,4.478741208602597,0.879,0.022926072273154692,0.879,0.0,0.022917651,10.0
3.731887273056289,-0.2129456500336794,10.0,535.1061879017186,4.477291583254262,0.88,0.0229260702791592,0.88,0.0,0.022917651,10.0
3.732293449679947,-0.20934365105872926,10.0,536.3928623301814,4.475825830941251,0.8809999999999999,0.02292606830977742,0.881,0.0,0.022917651,10.0
3.732700291110193,-0.20572412373217208,10.0,537.6956027427761,4.474345182087698,0.882,0.022926066438128476,0.882,0.0,0.022917651,10.0
3.733106921676456,-0.2020867167179548,10.0,539.0148308078765,4.47284583365686,0.883,0.022926064342463554,0.883,0.0,0.022917651,10.0
3.7335128928406323,-0.19843195673746647,10.0,540.3508351331224,4.471326478310366,0.8840000000000001,0.022926062487063158,0.884,0.0,0.022917651,10.0
3.7339194414816905,-0.1947578740526236,10.0,541.7033956987132,4.469790115379698,0.885,0.022926060410378157,0.885,0.0,0.022917651,10.0
3.734325880653169,-0.1910652179713188,10.0,543.0729908240982,4.4682347306463495,0.8860000000000001,0.02292605937256199,0.886,0.0,0.022917651,10.0
3.7347318291638376,-0.18735299298495703,10.0,544.459769219585,4.46665782479388,0.8870000000000001,0.022926057924284936,0.887,0.0,0.022917651,10.0
3.7351372379846985,-0.183621726442135,10.0,545.8638032758072,4.465059719832818,0.888,0.02292605583043741,0.888,0.0,0.022917651,10.0
3.735542353845174,-0.17987181118216183,10.0,547.2853061294194,4.463441790460534,0.889,0.022926053776401552,0.889,0.0,0.022917651,10.0
3.7359473219791837,-0.1761018571387844,10.0,548.7245121075512,4.4618032400342456,0.89,0.022926051724241538,0.89,0.0,0.022917651,10.0
3.7363520558696193,-0.17231081498391945,10.0,550.1814669948818,4.460142660387735,0.8910000000000001,0.022926049590317382,0.891,0.0,0.022917651,10.0
3.736756472414791,-0.16849832123963335,10.0,551.6561298022035,4.458459357704475,0.892,0.022926047507406254,0.892,0.0,0.022917651,10.0
3.7371591438076828,-0.16466398966736528,10.0,553.1486936893994,4.456747246016881,0.893,0.022926045334017063,0.893,0.0,0.022917651,10.0
3.7375587947298,-0.16080983394380577,10.0,554.6594549018439,4.455003200916307,0.894,0.022926043173091146,0.894,0.0,0.022917651,10.0
3.7379581363278085,-0.1569342958462082,10.0,556.1881451422767,4.453236555761051,0.895,0.022926041011792714,0.895,0.0,0.022917651,10.0
3.7383570724902824,-0.15303397349788855,10.0,557.7345357513675,4.451443505081611,0.896,0.022926038805287367,0.896,0.0,0.022917651,10.0
3.7387553181547615,-0.14911043493698062,10.0,559.2989542512687,4.449624478051992,0.897,0.022926036609740564,0.897,0.0,0.022917651,10.0
3.7391532306722293,-0.14516329224119426,10.0,560.8814855819846,4.447780515364665,0.898,0.02292603436151349,0.898,0.0,0.022917651,10.0
3.739551061713518,-0.14119096067718953,10.0,562.4820792745483,4.445911038380519,0.899,0.022926032104286596,0.899,0.0,0.022917651,10.0
3.7399484094963347,-0.13719326461248987,10.0,564.1009013733483,4.444014253777328,0.9000000000000001,0.022926029842365556,0.9,0.0,0.022917651,10.0
3.7402420475333167,-0.13421983202558463,10.0,564.9633426476316,4.442672945110621,0.901,0.02292602933939282,0.901,0.0,0.022917651,10.0
3.740535408777423,-0.1312388075123996,10.0,565.8332023397778,4.441322935843792,0.902,0.02292602883400365,0.902,0.0,0.022917651,10.0
3.740828796864363,-0.12824798969128326,10.0,566.709850483498,4.439963242664012,0.903,0.02292602831906795,0.903,0.0,0.022917651,10.0
3.741121879396936,-0.12524992807929403,10.0,567.5943486814319,4.438595088617596,0.904,0.022926027807727744,0.904,0.0,0.022917651,10.0
3.741414534454175,-0.12224379392294753,10.0,568.4864123147464,4.437217159912965,0.905,0.02292602730419942,0.905,0.0,0.022917651,10.0
3.74170682525309,-0.11922796549995589,10.0,569.3853670748011,4.435828066483385,0.906,0.02292602777079003,0.906,0.0,0.022917651,10.0
3.741998788775099,-0.11620457174593393,10.0,570.2923110642588,4.434430100510708,0.907,0.022926027955792867,0.907,0.0,0.022917651,10.0
3.7422903676915156,-0.11317303652818261,10.0,571.2070731770525,4.433022461446289,0.908,0.022926027424441046,0.908,0.0,0.022917651,10.0
3.742581581965136,-0.11013093817355125,10.0,572.1287532474715,4.43160279699514,0.9090000000000003,0.02292602688953045,0.909,0.0,0.022917651,10.0
3.74287233598346,-0.10708078586071096,10.0,573.0585893972087,4.430173234648771,0.91,0.022926026356819354,0.91,0.0,0.022917651,10.0
3.7431626031020704,-0.10402246983377837,10.0,573.9966626028406,4.428733557812085,0.911,0.022926025826816743,0.911,0.0,0.022917651,10.0
3.743452772664732,-0.10095264897181705,10.0,574.9417908897053,4.427281978923563,0.912,0.022926025291375777,0.912,0.0,0.022917651,10.0
3.7437425240435145,-0.09787361366597083,10.0,575.8951026783077,4.425819526249273,0.9130000000000003,0.02292602475107377,0.913,0.0,0.022917651,10.0
3.7440316862979195,-0.09478541812108758,10.0,576.8567944956444,4.424345562632215,0.9140000000000001,0.022926024211947577,0.914,0.0,0.022917651,10.0
3.7443198165844636,-0.09168712418918999,10.0,577.8265868399648,4.422857365275403,0.915,0.02292602368759558,0.915,0.0,0.022917651,10.0
3.7446072651681326,-0.08858009695489719,10.0,578.8039327393063,4.421357703964581,0.9160000000000003,0.02292602314542615,0.916,0.0,0.022917651,10.0
3.7448941058117122,-0.08546395482072289,10.0,579.7900200446462,4.419846500063522,0.9170000000000001,0.022926022603901038,0.917,0.0,0.022917651,10.0
3.745180310721684,-0.08233808110566038,10.0,580.7849655083324,4.4183230245864005,0.918,0.022926022066772755,0.918,0.0,0.022917651,10.0
3.745465793115972,-0.07920067494402354,10.0,581.7880648698476,4.416785117124751,0.9189999999999999,0.02292602153233647,0.919,0.0,0.022917651,10.0
3.745750800333895,-0.07605216459204894,10.0,582.7995989273184,4.41523421846271,0.9200000000000002,0.022926020992275562,0.92,0.0,0.022917651,10.0
3.7460348450505165,-0.0728932633545305,10.0,583.8199963786554,4.413669071187314,0.921,0.022926020454010477,0.921,0.0,0.022917651,10.0
3.7463173139417854,-0.069724216641845,10.0,584.8493179585538,4.412087470003041,0.922,0.02292601991526309,0.922,0.0,0.022917651,10.0
3.746597314159841,-0.06654562827131467,10.0,585.8876199505237,4.410486461900643,0.9230000000000002,0.02292601936756508,0.923,0.0,0.022917651,10.0
3.7468775880820573,-0.06335585231124,10.0,586.9343944330182,4.408875350930721,0.9240000000000002,0.022926018822503925,0.924,0.0,0.022917651,10.0
3.7471570538420225,-0.06015563907354123,10.0,587.9906029263966,4.407250576751396,0.9250000000000002,0.022926018279936535,0.925,0.0,0.022917651,10.0
3.747435678325739,-0.056944494279427,10.0,589.056520282638,4.405611508653261,0.926,0.022926017739502473,0.926,0.0,0.022917651,10.0
3.747713443363814,-0.05372209359707491,10.0,590.1322968304912,4.40395774406718,0.9270000000000003,0.02292601719731206,0.927,0.0,0.022917651,10.0
3.7479903409865,-0.050488316382055226,10.0,591.2179348976074,4.402289125942826,0.9280000000000002,0.022926016645064065,0.928,0.0,0.022917651,10.0
3.748266536771306,-0.04724217671603379,10.0,592.3135371707116,4.400605349732273,0.929,0.022926016099618775,0.929,0.0,0.022917651,10.0
3.7485421426439998,-0.04398349983270103,10.0,593.4194443886782,4.398906668423453,0.9300000000000003,0.02292601555778631,0.93,0.0,0.022917651,10.0
3.7488169733191543,-0.04071354711058611,10.0,594.5362741323331,4.397193615508002,0.9310000000000002,0.02292601500908554,0.931,0.0,0.022917651,10.0
3.7490909805444685,-0.03743227310620096,10.0,595.664290253011,4.395465939558924,0.932,0.02292601445838622,0.932,0.0,0.022917651,10.0
3.7493641411225154,-0.03413901857148606,10.0,596.8036830442381,4.393722895162919,0.933,0.02292601391084388,0.933,0.0,0.022917651,10.0
3.7496364330483396,-0.03083318972863124,10.0,597.9547852005965,4.391963818279489,0.9340000000000003,0.022926013364672204,0.934,0.0,0.022917651,10.0
3.749907897702088,-0.027515178275163348,10.0,599.1182731026967,4.3901892364659405,0.935,0.022926012816335956,0.935,0.0,0.022917651,10.0
3.750178435835956,-0.024184533851078528,10.0,600.2943585889145,4.38839831081229,0.9360000000000002,0.02292601226308207,0.936,0.0,0.022917651,10.0
3.750447826822298,-0.020840929104980605,10.0,601.483551011105,4.386589853998283,0.937,0.022926011711485787,0.937,0.0,0.022917651,10.0
3.7507161403446503,-0.017485709033437987,10.0,602.686474978952,4.384765466838737,0.9380000000000001,0.022926011166762503,0.9380000000000001,0.0,0.022917651,10.0
3.7509831752374194,-0.014118157719731711,10.0,603.9036819333265,4.382923625568365,0.9390000000000001,0.022926011394615788,0.9390000000000001,0.0,0.022917651,10.0
3.7512487160604313,-0.010737471986874102,10.0,605.1360381050497,4.381062685787954,0.9400000000000002,0.02292601113958095,0.9400000000000001,0.0,0.022917651,10.0
3.751512620621644,-0.007344121561841273,10.0,606.3843614501428,4.379182529848089,0.9410000000000001,0.022926010564892733,0.9410000000000001,0.0,0.022917651,10.0
3.751774923893252,-0.003939654881844324,10.0,607.6490386095519,4.3772848514541955,0.9420000000000001,0.022926009992120043,0.9420000000000001,0.0,0.022917651,10.0
3.7520355363300184,-0.0005239568537661433,10.0,608.9305925744528,4.37536917674295,0.9430000000000001,0.02292600980848553,0.9430000000000001,0.0,0.022917651,10.0
3.7522944813405683,0.0029040522504827464,10.0,610.2300973831625,4.373434520553989,0.9440000000000001,0.022926009639399125,0.9440000000000001,0.0,0.022917651,10.0
3.7525518897557553,0.006344694310914707,10.0,611.5487791901439,4.371481088264026,0.9450000000000002,0.022926009080880095,0.9450000000000001,0.0,0.022917651,10.0
3.7528076801840857,0.009797967850648778,10.0,612.8876821424718,4.369508550079692,0.9460000000000001,0.022926008520532195,0.9460000000000001,0.0,0.022917651,10.0
3.7530617373181996,0.013263432179909707,10.0,614.2477982684,4.367516882964113,0.9470000000000001,0.02292600796109383,0.9470000000000001,0.0,0.022917651,10.0
3.7533139949377126,0.016740531525005556,10.0,615.6301796958942,4.365506382848113,0.9480000000000002,0.022926007399113008,0.9480000000000001,0.0,0.022917651,10.0
3.7535639658912516,0.02022949571746347,10.0,617.0361159266208,4.363474886018377,0.9490000000000001,0.022926006839884754,0.9490000000000001,0.0,0.022917651,10.0
3.7538106556442097,0.023729316961064395,10.0,618.466722921124,4.3614194008962865,0.9500000000000001,0.02292600628059027,0.9500000000000001,0.0,0.022917651,10.0
3.7540543023789383,0.027238023155644282,10.0,619.9227713728421,4.359342857738998,0.9510000000000002,0.022926005713905656,0.9510000000000001,0.0,0.022917651,10.0
3.7542956281564135,0.030756366619211366,10.0,621.4060272748362,4.357247396586688,0.9520000000000001,0.02292600514470841,0.9520000000000001,0.0,0.022917651,10.0
3.754534306775768,0.034285196302026345,10.0,622.9180939740459,4.355130853235907,0.9530000000000001,0.022926004584660795,0.9530000000000001,0.0,0.022917651,10.0
3.754770159391511,0.03782418111554143,10.0,624.4601703490613,4.352992854263453,0.9540000000000002,0.022926004019083762,0.9540000000000001,0.0,0.022917651,10.0
3.7550032231960455,0.04137258632682708,10.0,626.0336859350592,4.350834279260475,0.9550000000000001,0.022926003449886774,0.9550000000000001,0.0,0.022917651,10.0
3.755233342710733,0.04492985662509207,10.0,627.6401578367128,4.348655058359718,0.9560000000000001,0.022926002887142555,0.9560000000000001,0.0,0.022917651,10.0
3.755460200675519,0.04849459006772576,10.0,629.2805104020939,4.346455336713196,0.9570000000000001,0.022926002316176523,0.9570000000000001,0.0,0.022917651,10.0
3.7556838395372707,0.05206721009946996,10.0,630.9551299664521,4.3442348383469485,0.9580000000000002,0.022926001745435867,0.9580000000000001,0.0,0.022917651,10.0
3.755903728393886,0.05564815727821556,10.0,632.6651002825065,4.3419910161794055,0.9590000000000002,0.02292600118384978,0.9590000000000001,0.0,0.022917651,10.0
3.7561177985835292,0.05923578473520117,10.0,634.4102146615799,4.339717246913151,0.96,0.022926000620877723,0.96,0.0,0.022917651,10.0
3.7563281342265324,0.06282989475801558,10.0,636.1900748050064,4.33742205707547,0.961,0.02292600005301265,0.961,0.0,0.022917651,10.0
3.756534203931839,0.06643127595578205,10.0,638.0027122793637,4.335102531221092,0.962,0.022925999486289417,0.962,0.0,0.022917651,10.0
3.7567359292093925,0.07004033194509136,10.0,639.8453772326188,4.33275794570121,0.9630000000000001,0.022925998904996667,0.963,0.0,0.022917651,10.0
3.756933365540633,0.07365772271859214,10.0,641.7145474908874,4.330387874836949,0.964,0.022925998333697906,0.964,0.0,0.022917651,10.0
3.757126602168427,0.07728399248514387,10.0,643.6065044779391,4.327992123937981,0.965,0.022925997757877046,0.965,0.0,0.022917651,10.0
3.7573152783529618,0.08092162345543744,10.0,645.5154741337681,4.325566772490949,0.9660000000000001,0.022925997175120397,0.966,0.0,0.022917651,10.0
3.7574998611781982,0.0845726638339539,10.0,647.4306384502222,4.323111648859054,0.967,0.02292599660383105,0.967,0.0,0.022917651,10.0
3.7576806142753028,0.08823829335735234,10.0,649.3460045657815,4.320626609516771,0.9680000000000001,0.022925996031970552,0.968,0.0,0.022917651,10.0
3.757857770119764,0.09192308921417003,10.0,651.2516615408989,4.318108010973247,0.969,0.02292599547095897,0.969,0.0,0.022917651,10.0
3.7580315803513056,0.09563030246262412,10.0,653.1414009259852,4.315553614476929,0.9700000000000002,0.022925994949656754,0.97,0.0,0.022917651,10.0
3.758203859140109,0.09936757486852682,10.0,655.0575835552215,4.312963013064457,0.9709999999999999,0.022925994397510054,0.971,0.0,0.022917651,10.0
3.7583765051704523,0.1031463290113324,10.0,657.075448906929,4.310332434282811,0.972,0.022925993811356512,0.972,0.0,0.022917651,10.0
3.758547038612937,0.1069554628758821,10.0,659.1939337620238,4.307663013899162,0.9730000000000001,0.022925993299129158,0.973,0.0,0.022917651,10.0
3.7587149647901272,0.11079468856210967,10.0,661.4165678490748,4.304953057508098,0.974,0.022925993052078004,0.974,0.0,0.022917651,10.0
3.7588798110155617,0.114672165914667,10.0,663.7513796059008,4.3021925462485635,0.975,0.02292599250846745,0.975,0.0,0.022917651,10.0
3.7590418015053113,0.11859379341137401,10.0,666.198395131621,4.2993764481830965,0.976,0.02292599190982016,0.976,0.0,0.022917651,10.0
3.7592011467353705,0.1225567759559162,10.0,668.7506958012352,4.296508435315268,0.9770000000000001,0.02292599131205493,0.977,0.0,0.022917651,10.0
3.759356854243306,0.12656837290757714,10.0,671.4188458474675,4.293577242603159,0.978,0.022925990743492865,0.978,0.0,0.022917651,10.0
3.7595095294978087,0.1306275496285893,10.0,674.1981634739816,4.290586337915441,0.979,0.022925990251447467,0.979,0.0,0.022917651,10.0
3.7596588771641595,0.1347371500181276,10.0,677.0939648722438,4.287531694964546,0.9800000000000001,0.02292598964336413,0.98,0.0,0.022917651,10.0
3.759804908608155,0.13889848068999563,10.0,680.1119739935599,4.284412070397496,0.981,0.0229259890261532,0.981,0.0,0.022917651,10.0
3.759946845696946,0.14311247832898427,10.0,683.2555911499394,4.281223393760955,0.982,0.022925988431769233,0.982,0.0,0.022917651,10.0
3.7600840018231043,0.14737392329509835,10.0,686.5305687486758,4.277968144891411,0.983,0.022925987862506852,0.983,0.0,0.022917651,10.0
3.760215825086359,0.15168773992971815,10.0,689.9578316745504,4.274639202603708,0.9840000000000001,0.02292598726641543,0.984,0.0,0.022917651,10.0
3.760342274557349,0.15605310219873175,10.0,693.5403041063147,4.27123720753446,0.985,0.022925986649417935,0.985,0.0,0.022917651,10.0
3.7604637676126633,0.16047263225642194,10.0,697.3012709545635,4.267761240453854,0.986,0.022925986172239038,0.986,0.0,0.022917651,10.0
3.7605829707918654,0.1649504567361313,10.0,701.2734378172721,4.264217791475031,0.9870000000000001,0.022925985789946465,0.987,0.0,0.022917651,10.0
3.7606978439466068,0.16947966253353208,10.0,705.4660711555966,4.260605652119877,0.988,0.022925985198920914,0.988,0.0,0.022917651,10.0
3.7608140740843514,0.174085425262877,10.0,710.3196565333831,4.2569223768630815,0.989,0.022925984551732587,0.989,0.0,0.022917651,10.0
3.7609242399295253,0.17871761769751146,10.0,717.2265727487088,4.25318842867778,0.99,0.022925983896728473,0.99,0.0,0.022917651,10.0
3.7610173077675477,0.18341672708767848,10.0,724.5866778737144,4.249319167158342,0.9910000000000001,0.022925983286718462,0.991,0.0,0.022917651,10.0
3.7611183015318694,0.18823733260848174,10.0,732.6109961120749,4.245360102074027,0.992,0.022925982735949937,0.992,0.0,0.022917651,10.0
3.761193000225897,0.1930187701453485,10.0,740.8919192783649,4.2413350428889,0.993,0.02292598212555951,0.993,0.0,0.022917651,10.0
3.7612529575612412,0.1978667050475832,10.0,749.3026019896224,4.23718452428614,0.9940000000000001,0.02292598160912954,0.994,0.0,0.022917651,10.0
3.7613027188026487,0.20277122729994165,10.0,757.8430632383197,4.232936610361336,0.995,0.02292598100865475,0.995,0.0,0.022917651,10.0
3.7613402985483497,0.2077306131824442,10.0,766.5156222933141,4.2285851265714145,0.996,0.022925980484597333,0.996,0.0,0.022917651,10.0
3.7613632558584773,0.2127454967312931,10.0,775.3230201977934,4.224119638439972,0.997,0.02292597982719851,0.997,0.0,0.022917651,10.0
3.7613729688558823,0.21781856074983727,10.0,784.2703475941436,4.219543012224297,0.9980000000000001,0.022925979311783185,0.998,0.0,0.022917651,10.0
3.7613681164423514,0.2229517313780918,10.0,793.360553094451,4.214847990437819,0.999,0.022925978655373075,0.999,0.0,0.022917651,10.0
3.761342598012113,0.2281487421648133,10.0,802.5950125614244,4.210006480470103,1.0,0.022925978002489626,1.0,0.0,0.022917651,10.0
3.7613746502921654,0.23181299510540843,10.0,808.2592265791374,4.206884370615623,1.0010000000000001,0.02292597801019832,1.0010000000000001,0.0,0.022917651,10.0
3.761406025336584,0.23548469745189224,10.0,813.9559679867563,4.2037521023857005,1.0020000000000002,0.02292597801684246,1.002,0.0,0.022917651,10.0
3.761422290715318,0.23920410782396975,10.0,819.7570889228473,4.200511681588824,1.0030000000000001,0.022925978089679316,1.0030000000000001,0.0,0.022917651,10.0
3.761431581189299,0.24294868588322288,10.0,825.6227196872511,4.197218190929111,1.004,0.022925978189308513,1.004,0.0,0.022917651,10.0
3.7614401532511397,0.24670104865128595,10.0,831.522044928738,4.1939140418982985,1.0050000000000001,0.022925978286266423,1.0050000000000001,0.0,0.022917651,10.0
3.7614405949953746,0.25047881282730317,10.0,837.4875446982683,4.190551969747392,1.0060000000000002,0.0229259783999085,1.006,0.0,0.022917651,10.0
3.761423575099153,0.25430419281249067,10.0,843.5602977855755,4.187072434243164,1.0070000000000001,0.022925978554069287,1.0070000000000001,0.0,0.022917651,10.0
3.7614057779201215,0.258137685082022,10.0,849.6679597366675,4.183581677304079,1.008,0.02292597870479317,1.008,0.0,0.022917651,10.0
3.761384856857944,0.26198407748458197,10.0,855.8198518923981,4.180065525340666,1.0090000000000001,0.022925978856804634,1.0090000000000001,0.0,0.022917651,10.0
3.7613378619039506,0.26588993743162126,10.0,862.1056440672883,4.176385617310708,1.0100000000000002,0.02292597905583672,1.01,0.0,0.022917651,10.0
3.7612900642661486,0.26980429450029286,10.0,868.4276351850576,4.172694001277713,1.0110000000000003,0.022925979249985268,1.0110000000000001,0.0,0.022917651,10.0
3.761240686219355,0.2737285032250091,10.0,874.7887274744462,4.168986211548313,1.012,0.022925979454298508,1.012,0.0,0.022917651,10.0
3.7611596424800817,0.27771335356152493,10.0,881.2934361547872,4.165091107201354,1.0130000000000001,0.022925980250359124,1.0130000000000001,0.0,0.022917651,10.0
3.761077782669917,0.2817071017897885,10.0,887.8357065908887,4.1611838408964745,1.014,0.022925981030585546,1.014,0.0,0.022917651,10.0
3.7609909712481224,0.2857160321199734,10.0,894.4291959607666,4.157241587710238,1.0150000000000003,0.022925981739953995,1.0150000000000001,0.0,0.022917651,10.0
3.7608732568894974,0.28977944041857395,10.0,901.1587723020604,4.153121255400227,1.016,0.02292598203879955,1.016,0.0,0.022917651,10.0
3.760754693305154,0.2938521573556904,10.0,907.9272994060041,4.148988217463765,1.0170000000000001,0.022925982331047645,1.0170000000000001,0.0,0.022917651,10.0
3.7606209370901698,0.2979513143703149,10.0,914.7764562124979,4.144767963760005,1.0180000000000002,0.022925982947219262,1.018,0.0,0.022917651,10.0
3.7604616116201073,0.30208952529676797,10.0,921.7369772515439,4.140406370458315,1.0190000000000003,0.022925984113944045,1.0190000000000001,0.0,0.022917651,10.0
3.7603014335445244,0.3062375088476541,10.0,928.737913836681,4.136031594289195,1.0200000000000002,0.02292598525536768,1.02,0.0,0.022917651,10.0
3.760106541645759,0.3104259881662423,10.0,935.8656611515382,4.131477475920849,1.0210000000000001,0.022925986783926332,1.0210000000000001,0.0,0.022917651,10.0
3.759900042391892,0.3146343604336357,10.0,943.0622960672594,4.126857037663741,1.022,0.022925988408493567,1.022,0.0,0.022917651,10.0
3.7596782448243786,0.31886292347017303,10.0,950.3343764899158,4.122155214226125,1.0230000000000004,0.022925989990545494,1.0230000000000001,0.0,0.022917651,10.0
3.7594209847895184,0.32312580276690167,10.0,957.729506022315,4.117277222764607,1.024,0.022925991522047807,1.024,0.0,0.022917651,10.0
3.7591628227700573,0.3273993880865181,10.0,965.1678316374541,4.112384917639781,1.0250000000000001,0.022925993018154144,1.025,0.0,0.022917651,10.0
3.7588490205240697,0.33170546849899685,10.0,972.760837396115,4.107237551751789,1.0260000000000002,0.022925995957754398,1.026,0.0,0.022917651,10.0
3.7585325245329733,0.33602352178928735,10.0,980.4021408808601,4.1020674378835755,1.027,0.022925998878569373,1.027,0.0,0.022917651,10.0
3.7581627633796737,0.3403595692017879,10.0,988.1731247075921,4.09666627769904,1.028,0.022926002511030746,1.028,0.0,0.022917651,10.0
3.7577769753915033,0.34470918671212697,10.0,996.0139961486163,4.091187442240809,1.0290000000000001,0.02292600627735672,1.029,0.0,0.022917651,10.0
3.757330219248553,0.34906442358735973,10.0,1003.9853982909492,4.085459108532536,1.03,0.022926012154664985,1.03,0.0,0.022917651,10.0
3.7568602869805474,0.35342977359697075,10.0,1012.0356047241112,4.079627954906866,1.031,0.02292601869775695,1.031,0.0,0.022917651,10.0
3.756322351179238,0.35778765726783773,10.0,1020.2254584573755,4.073532248186226,1.032,0.022926026925599623,1.032,0.0,0.022917651,10.0
3.755764650307539,0.36215184406630696,10.0,1028.489296838639,4.067351177252528,1.033,0.02292603554860591,1.033,0.0,0.022917651,10.0
3.7551214860738105,0.36648497638906863,10.0,1036.904018998531,4.0608593124356585,1.0340000000000003,0.022926047670597128,1.034,0.0,0.022917651,10.0
3.754437819693179,0.37080211373264504,10.0,1045.4106710610868,4.054221438665166,1.035,0.022926062134678814,1.035,0.0,0.022917651,10.0
3.753696035433411,0.37509050433485214,10.0,1054.0285600046059,4.0473798462979795,1.036,0.022926080002864762,1.036,0.0,0.022917651,10.0
3.7528548985113717,0.3793015974330086,10.0,1062.7836492238168,4.040218136951299,1.037,0.02292610551392129,1.037,0.0,0.022917651,10.0
3.7519269896857157,0.3834446575646997,10.0,1071.644148362153,4.032777369542454,1.0380000000000003,0.022926137162429933,1.038,0.0,0.022917651,10.0
3.7508908982575115,0.3874895593779933,10.0,1080.620383769225,4.02500202601338,1.039,0.02292617812678856,1.039,0.0,0.022917651,10.0
3.74974801256545,0.39140804618909325,10.0,1089.716489986274,4.016925917234435,1.04,0.022926233704402783,1.04,0.0,0.022917651,10.0
3.7484714211772534,0.39513974626244397,10.0,1098.9368724496685,4.00850177571018,1.041,0.022926309474252213,1.041,0.0,0.022917651,10.0
3.7470266309300237,0.39863712110771726,10.0,1108.2831228545945,3.999639167881616,1.0420000000000003,0.022926425276598533,1.042,0.0,0.022917651,10.0
3.7453641846891585,0.4018100873974866,10.0,1117.7241952074921,3.9902303386466307,1.043,0.022926591825721612,1.043,0.0,0.022917651,10.0
3.7434915174465666,0.40458757297727604,10.0,1127.266204912069,3.9803761132299087,1.044,0.022926863257422648,1.044,0.0,0.022917651,10.0
3.7413460294954697,0.4068778588340941,10.0,1136.9001309782216,3.9699178070075503,1.0450000000000002,0.022927279355678547,1.045,0.0,0.022917651,10.0
3.7388667178431856,0.4085091186662577,10.0,1146.591613477522,3.958783226940561,1.046,0.02292803508006439,1.046,0.0,0.022917651,10.0
3.7359926514301054,0.4093511113753209,10.0,1156.336437875789,3.946858896580356,1.047,0.022929355261539077,1.047,0.0,0.022917651,10.0
3.732651561470687,0.4092613125331369,10.0,1166.090203180582,3.933998257354526,1.048,0.022932157727114058,1.048,0.0,0.022917651,10.0
3.7287871464519666,0.40822244235954513,10.0,1175.8290663957189,3.919993388869387,1.049,0.02293798068827762,1.049,0.0,0.022917651,10.0
3.724346671344648,0.4063619986130622,10.0,1185.525412621437,3.904505869916975,1.0500000000000003,0.02295063247133588,1.05,0.0,0.022917651,10.0
3.7193755806671547,0.4042303759253553,10.0,1195.1653249134815,3.8871670541003827,1.051,0.022973225317126054,1.051,0.0,0.022917651,10.0
3.7140175730140785,0.40305763014393975,10.0,1204.7438954541851,3.8673216957404932,1.052,0.023016169978884123,1.052,0.0,0.022917651,10.0
3.708564261913705,0.404575417512255,10.0,1214.3081452262347,3.8444045918682166,1.0530000000000002,0.02309696950421221,1.053,0.0,0.022917651,10.0
3.703328673152759,0.4104206889552882,10.0,1223.965490480063,3.818030885369985,1.054,0.023243876839287303,1.054,0.0,0.022917651,10.0
3.69851408286303,0.4215036785201354,10.0,1233.8831114089458,3.7881034602119557,1.055,0.023486498592752588,1.055,0.0,0.022917651,10.0
3.694163517895359,0.43805297269057625,10.0,1244.1940475901433,3.754565843263964,1.056,0.02381514542706439,1.056,0.0,0.022917651,10.0
3.6904763600878647,0.46095803630812954,10.0,1254.9948884152125,3.7173260749985193,1.057,0.02428504452457428,1.057,0.0,0.022917651,10.0
3.687578682391881,0.4904504747911602,10.0,1266.4291012790572,3.676656851011088,1.0580000000000003,0.02493006069934023,1.058,0.0,0.022917651,10.0
3.685340934087062,0.52562078893153,10.0,1278.6949687222373,3.6329494627683387,1.059,0.025753351495073355,1.059,0.0,0.022917651,10.0
3.6835592327206523,0.5656388917487295,10.0,1292.026551222481,3.586218496729022,1.06,0.02682013516606555,1.06,0.0,0.022917651,10.0
3.682053261375462,0.6101725061377961,10.0,1306.680208474944,3.536074916440855,1.061,0.028129098451966553,1.061,0.0,0.022917651,10.0
3.680682226456314,0.6593602808016691,10.0,1322.9644506451307,3.4818169241160364,1.062,0.029632373738184753,1.062,0.0,0.022917651,10.0
3.6792557250610884,0.7138744725368553,10.0,1341.2829786330499,3.4220106583527863,1.063,0.03124970775385963,1.063,0.0,0.022917651,10.0
3.6776990351584447,0.7747719742032788,10.0,1362.1628544384791,3.355300332509925,1.064,0.03290935873281437,1.064,0.0,0.022917651,10.0
3.6758031709579955,0.8438267029399058,10.0,1386.3828939023235,3.2790760657046296,1.065,0.03440401754671089,1.065,0.0,0.022917651,10.0
3.6733633746173084,0.923779846885596,10.0,1415.0712336688937,3.1897776714712798,1.0660000000000003,0.03566094507080754,1.066,0.0,0.022917651,10.0
3.670073075105552,1.0187267170783123,10.0,1450.069923938105,3.0820835201180476,1.067,0.03654505093066193,1.067,0.0,0.022917651,10.0
3.6655553419007068,1.1346777615785846,10.0,1494.9352893622652,2.9484754658038668,1.068,0.037026812410852476,1.068,0.0,0.022917651,10.0
3.6590702655801257,1.2810684486943789,10.0,1556.66213172242,2.776558400313574,1.069,0.03709472332022776,1.069,0.0,0.022917651,10.0
3.649089159165833,1.4797375864175288,10.0,1657.6308978447667,2.5383787671153444,1.07,0.03709816354452622,1.07,0.0,0.022917651,10.0
3.643072108315547,1.6004302691307106,10.0,1857.638307202296,2.394031821481222,1.071,0.03710160376882468,1.071,0.0,0.022917651,10.0
3.6133556171642702,2.0658362875690077,10.0,2453.226154206749,1.8101737600333048,1.072,0.037105043993123143,1.072,0.0,0.022917651,10.0
