log_Teff,LogL_lsun,Age_gyr,Step,Log_g,Mass_msun,feh,Mass_input,Metallicity_input,Z_used,Age_input
3.541191901359044,-1.9100527392808786,11.0,325.58941671815666,4.944726434521274,0.3,0.02770566447626347,0.3,0.0,0.022917651,11.0
3.5413434653682567,-1.907579698821641,11.0,325.5616438683909,4.9441090372197705,0.301,0.027675619995049937,0.301,0.0,0.022917651,11.0
3.5414950806723766,-1.9051073604476723,11.0,325.5309478489633,4.943492547177097,0.302,0.027645280562596502,0.302,0.0,0.022917651,11.0
3.541646747223798,-1.9026357235073896,11.0,325.4973313727709,4.942876963551254,0.30299999999999994,0.027614646452637646,0.303,0.0,0.022917651,11.0
3.5417984649749736,-1.900164787350018,11.0,325.4607971493544,4.942262285501286,0.30400000000000005,0.027583717938569202,0.304,0.0,0.022917651,11.0
3.541950141631515,-1.897700852496088,11.0,325.4247565958854,4.9416544443491075,0.305,0.02755229073843422,0.305,0.0,0.022917651,11.0
3.5421016396331004,-1.8952527215286443,11.0,325.394470816489,4.941061692417649,0.30600000000000005,0.02752011591052634,0.306,0.0,0.022917651,11.0
3.542253183254874,-1.892804764186557,11.0,325.36174660488473,4.940469296604518,0.307,0.027487720057402385,0.307,0.0,0.022917651,11.0
3.542404772775448,-1.8903569815301928,11.0,325.3265690690528,4.939877259084609,0.308,0.02745510182921476,0.308,0.0,0.022917651,11.0
3.5425564084757086,-1.8879093746285716,11.0,325.28892319546134,4.939285582050553,0.309,0.0274222598651017,0.309,0.0,0.022917651,11.0
3.5427080906388366,-1.8854619445594507,11.0,325.24879384782423,4.938694267712914,0.30999999999999994,0.02738919279307471,0.31,0.0,0.022917651,11.0
3.542859819550335,-1.8830146924094209,11.0,325.20616576584365,4.938103318300368,0.311,0.02735589922990463,0.311,0.0,0.022917651,11.0
3.5430115954980494,-1.880567619273992,11.0,325.1610235639383,4.937512736059885,0.312,0.027322377781006237,0.312,0.0,0.022917651,11.0
3.543163418772194,-1.878120726257687,11.0,325.11335172995416,4.936922523256923,0.313,0.027288627040321523,0.313,0.0,0.022917651,11.0
3.5433152896653763,-1.8756740144741326,11.0,325.0631346238608,4.936332682175614,0.314,0.027254645590201437,0.314,0.0,0.022917651,11.0
3.5434672084726184,-1.8732274850461568,11.0,325.01035647643084,4.935743215118957,0.31499999999999995,0.027220432001286196,0.315,0.0,0.022917651,11.0
3.5436191754913877,-1.8707811391058808,11.0,324.9550013879029,4.935154124409018,0.316,0.02718598483238414,0.316,0.0,0.022917651,11.0
3.5437711910216154,-1.8683349777948173,11.0,324.89705332662834,4.934565412387122,0.317,0.027151302630349008,0.317,0.0,0.022917651,11.0
3.54392325536573,-1.8658890022639667,11.0,324.8364961277007,4.933977081414056,0.318,0.027116383929955776,0.318,0.0,0.022917651,11.0
3.544075368828675,-1.8634432136739174,11.0,324.7733134915685,4.933389133870271,0.319,0.02708122725377486,0.319,0.0,0.022917651,11.0
3.544227531717942,-1.8609976131949453,11.0,324.7074889826307,4.932801572156091,0.32,0.027045831112044796,0.32,0.0,0.022917651,11.0
3.5443797443435936,-1.8585522020071135,11.0,324.63900602781325,4.932214398691908,0.32099999999999995,0.027010194002543293,0.321,0.0,0.022917651,11.0
3.544532007018291,-1.8561069813003772,11.0,324.56784791512973,4.93162761591841,0.322,0.02697431441045669,0.322,0.0,0.022917651,11.0
3.544684320057323,-1.8536619522746862,11.0,324.49399779222244,4.931041226296783,0.323,0.02693819080824774,0.323,0.0,0.022917651,11.0
3.54483668377863,-1.8512171161400917,11.0,324.41743866488554,4.930455232308926,0.32400000000000007,0.02690182165552176,0.324,0.0,0.022917651,11.0
3.5449890985028354,-1.8487724741168485,11.0,324.3381533955695,4.929869636457676,0.325,0.02686520539889106,0.325,0.0,0.022917651,11.0
3.5451415645532727,-1.8463280274355294,11.0,324.25612470186655,4.929284441267026,0.32600000000000007,0.026828340471837644,0.326,0.0,0.022917651,11.0
3.545294082256015,-1.8438837773371284,11.0,324.1713351549768,4.928699649282344,0.327,0.026791225294574214,0.327,0.0,0.022917651,11.0
3.545446651939901,-1.841439725073174,11.0,324.08376717815514,4.92811526307061,0.328,0.026753858273903343,0.328,0.0,0.022917651,11.0
3.5455992739365696,-1.8389958719058423,11.0,323.9934030451378,4.9275312852206365,0.329,0.02671623780307491,0.329,0.0,0.022917651,11.0
3.5457519485804845,-1.8365522191080679,11.0,323.90022487854947,4.926947718343309,0.33,0.02667836226164165,0.33,0.0,0.022917651,11.0
3.5459046762089685,-1.8341087679636612,11.0,323.804214648289,4.926364565071812,0.33100000000000007,0.02664023001531293,0.331,0.0,0.022917651,11.0
3.54605745716223,-1.8316655197674214,11.0,323.7053541698958,4.925781828061878,0.33199999999999996,0.026601839415806555,0.332,0.0,0.022917651,11.0
3.5462102917833986,-1.8292224758252589,11.0,323.6036251028939,4.925199509992025,0.333,0.026563188800698766,0.333,0.0,0.022917651,11.0
3.546363180418554,-1.8267796374543115,11.0,323.49900894911514,4.924617613563794,0.3340000000000001,0.026524276493272197,0.334,0.0,0.022917651,11.0
3.5465161234167555,-1.8243370059830655,11.0,323.3914870510011,4.924036141502013,0.3350000000000001,0.026485100802361983,0.335,0.0,0.022917651,11.0
3.546669121130079,-1.82189458275148,11.0,323.28104058988214,4.923455096555034,0.336,0.026445660022199755,0.336,0.0,0.022917651,11.0
3.5468221739136454,-1.8194523691111089,11.0,323.16765058423516,4.922874481494993,0.3370000000000001,0.02640595243225573,0.337,0.0,0.022917651,11.0
3.546975282125658,-1.8170103664252288,11.0,323.0512978879176,4.922294299118072,0.338,0.02636597629707863,0.338,0.0,0.022917651,11.0
3.547128446127431,-1.8145685760689638,11.0,322.93196318837937,4.921714552244749,0.339,0.02632572986613361,0.339,0.0,0.022917651,11.0
3.5472816662834266,-1.8121269994294165,11.0,322.80962700485094,4.921135243720074,0.34,0.026285211373638002,0.34,0.0,0.022917651,11.0
3.5474349429612886,-1.8096856379057986,11.0,322.68426968650766,4.920556376413933,0.341,0.02624441903839496,0.341,0.0,0.022917651,11.0
3.5475882765318776,-1.8072444929095615,11.0,322.5558714106099,4.9199779532213155,0.342,0.026203351063624876,0.342,0.0,0.022917651,11.0
3.547741667369304,-1.804803565864533,11.0,322.42441218061964,4.919399977062597,0.3430000000000001,0.02616200563679461,0.343,0.0,0.022917651,11.0
3.547895115850968,-1.8023628582070501,11.0,322.2898718242906,4.918822450883812,0.344,0.026120380929444457,0.34400000000000003,0.0,0.022917651,11.0
3.548048622357591,-1.7999223713861014,11.0,322.15222999173506,4.918245377656939,0.3450000000000001,0.02607847509701282,0.34500000000000003,0.0,0.022917651,11.0
3.548202187273256,-1.7974821068634612,11.0,322.01146615346323,4.917668760380185,0.3460000000000001,0.026036286278658605,0.34600000000000003,0.0,0.022917651,11.0
3.5483558109854423,-1.7950420661138349,11.0,321.8675595983979,4.917092602078281,0.34700000000000003,0.025993812597081178,0.34700000000000003,0.0,0.022917651,11.0
3.5485093399790664,-1.792606820071548,11.0,321.7277092008229,4.916520859656417,0.3480000000000001,0.025951220126940542,0.34800000000000003,0.0,0.022917651,11.0
3.5486626423395724,-1.7901799999922394,11.0,321.59818528416423,4.915956636723585,0.3490000000000001,0.025908675426174296,0.34900000000000003,0.0,0.022917651,11.0
3.5488160059675424,-1.7877529362711344,11.0,321.46551941304097,4.915392415211899,0.35000000000000003,0.025865873251764166,0.35000000000000003,0.0,0.022917651,11.0
3.5489694318338016,-1.7853256250475626,11.0,321.32966180105126,4.9148281951438815,0.35100000000000003,0.025822809523865453,0.35100000000000003,0.0,0.022917651,11.0
3.5491229209297943,-1.7828980623788553,11.0,321.1905616043424,4.914263976542526,0.35200000000000004,0.025779480075978547,0.352,0.0,0.022917651,11.0
3.5492764742681358,-1.7804702442381541,11.0,321.0481668933855,4.9136997594313225,0.35300000000000004,0.02573588065263597,0.353,0.0,0.022917651,11.0
3.54943009288318,-1.7780421665121549,11.0,320.90242462384197,4.913135543834265,0.35400000000000004,0.025692006907014984,0.354,0.0,0.022917651,11.0
3.5495837778316046,-1.775613824998771,11.0,320.7532806064865,4.912571329775862,0.355,0.025647854398472832,0.355,0.0,0.022917651,11.0
3.5497375301930196,-1.7731852154047298,11.0,320.6006794761508,4.912007117281156,0.356,0.02560341859000182,0.356,0.0,0.022917651,11.0
3.549891351070592,-1.7707563333430834,11.0,320.44456465965175,4.911442906375739,0.357,0.02555869484560107,0.357,0.0,0.022917651,11.0
3.5500452415916866,-1.7683271743306386,11.0,320.28487834266275,4.910878697085756,0.358,0.025513678427561793,0.358,0.0,0.022917651,11.0
3.5501992029085416,-1.7658977337853055,11.0,320.1215614354903,4.910314489437938,0.35900000000000004,0.025468364493662708,0.359,0.0,0.022917651,11.0
3.550353236198952,-1.7634680070233535,11.0,319.95455353771064,4.909750283459602,0.36,0.025422748094272214,0.36,0.0,0.022917651,11.0
3.5505073426669864,-1.7610379892565786,11.0,319.78379290162445,4.909186079178681,0.361,0.025376824169353503,0.361,0.0,0.022917651,11.0
3.55066152354372,-1.7586076755893725,11.0,319.60921639448054,4.9086218766237275,0.36200000000000004,0.025330587545369012,0.362,0.0,0.022917651,11.0
3.5508157800879974,-1.7561770610156953,11.0,319.4307594594221,4.908057675823942,0.363,0.025284032932080033,0.363,0.0,0.022917651,11.0
3.5509701135872223,-1.7537461404159447,11.0,319.24835607510477,4.907493476809189,0.36400000000000005,0.02523715491923751,0.364,0.0,0.022917651,11.0
3.5511245253581682,-1.751314908553716,11.0,319.0619387139309,4.906929279610009,0.365,0.025189947973159526,0.365,0.0,0.022917651,11.0
3.551279016747824,-1.7488833600724523,11.0,318.871438298848,4.906365084257649,0.366,0.025142406433191027,0.366,0.0,0.022917651,11.0
3.5514335891342625,-1.7464514894919787,11.0,318.67678415865066,4.905800890784072,0.36699999999999994,0.02509452450804098,0.367,0.0,0.022917651,11.0
3.551588243927547,-1.7440192912049162,11.0,318.4779039817272,4.905236699221988,0.368,0.025046296271991987,0.368,0.0,0.022917651,11.0
3.551742982570659,-1.741586759472968,11.0,318.27472376818514,4.904672509604868,0.369,0.024997715660977193,0.369,0.0,0.022917651,11.0
3.551897806540468,-1.7391538884230764,11.0,318.06716778029136,4.904108321966967,0.37,0.024948776468518966,0.37,0.0,0.022917651,11.0
3.5520527173487344,-1.7367206720434458,11.0,317.85515849115575,4.903544136343352,0.371,0.024899472341523662,0.371,0.0,0.022917651,11.0
3.552207716543139,-1.7342871041794192,11.0,317.63861653158517,4.902979952769925,0.37199999999999994,0.024849796775926514,0.372,0.0,0.022917651,11.0
3.5523628057083645,-1.7318531785292088,11.0,317.41746063503285,4.902415771283442,0.37300000000000005,0.024799743112180358,0.373,0.0,0.022917651,11.0
3.5525179864672003,-1.7294188886394755,11.0,317.1916075805605,4.9018515919215435,0.37399999999999994,0.024749304530581575,0.374,0.0,0.022917651,11.0
3.5526732604817015,-1.7269842279007441,11.0,316.96097213373173,4.901287414722786,0.37500000000000006,0.024698474046426496,0.375,0.0,0.022917651,11.0
3.5528286294543796,-1.7245491895426517,11.0,316.72546698534654,4.900723239726658,0.37600000000000006,0.024647244504990826,0.376,0.0,0.022917651,11.0
3.5529840951294407,-1.7221137666290236,11.0,316.4850026879249,4.900159066973618,0.377,0.024595608576324743,0.377,0.0,0.022917651,11.0
3.5531396592940743,-1.7196779520527663,11.0,316.2394875898437,4.899594896505122,0.378,0.02454355874985557,0.378,0.0,0.022917651,11.0
3.5532953237797793,-1.717241738530568,11.0,315.98882776702305,4.899030728363652,0.379,0.02449108732878966,0.379,0.0,0.022917651,11.0
3.5534510904637515,-1.7148051185974063,11.0,315.73292695205635,4.898466562592752,0.38,0.02443818642430489,0.38,0.0,0.022917651,11.0
3.5536069612703125,-1.7123680846008413,11.0,315.471686460672,4.897902399237058,0.381,0.024384847949524335,0.381,0.0,0.022917651,11.0
3.5537629381724027,-1.709930628695102,11.0,315.20500511540735,4.897338238342333,0.382,0.02433106361326164,0.382,0.0,0.022917651,11.0
3.5539190231931244,-1.707492742834938,11.0,314.9327791663724,4.896774079955506,0.38300000000000006,0.024276824913527853,0.383,0.0,0.022917651,11.0
3.554075218407343,-1.7050544187692402,11.0,314.6549022089728,4.896209924124704,0.384,0.02422212313078898,0.384,0.0,0.022917651,11.0
3.5542315259433606,-1.7026156480344166,11.0,314.3712650984528,4.895645770899295,0.385,0.024166949320963173,0.385,0.0,0.022917651,11.0
3.5543874140775853,-1.7001853985756785,11.0,314.0994122721058,4.895088461595806,0.386,0.024111864849279616,0.386,0.0,0.022917651,11.0
3.55454336549827,-1.6977551444792724,11.0,313.8227366970029,4.894531400837083,0.38700000000000007,0.02405631435775497,0.387,0.0,0.022917651,11.0
3.554699457581305,-1.6953235926659376,11.0,313.53854797610785,4.893973605012693,0.388,0.0240001995264488,0.388,0.0,0.022917651,11.0
3.5548556952478894,-1.6928906977338851,11.0,313.2465832552943,4.8934150484057035,0.38900000000000007,0.023943500611429004,0.389,0.0,0.022917651,11.0
3.555012083651493,-1.6904564121384418,11.0,312.9465672741718,4.892855704085389,0.39,0.023886196936883767,0.39,0.0,0.022917651,11.0
3.555168628191725,-1.6880206860641116,11.0,312.63821162540387,4.8922955438347655,0.391,0.02382826683948619,0.391,0.0,0.022917651,11.0
3.5553253345292073,-1.6855834672873646,11.0,312.3212139603187,4.891734538072862,0.392,0.02376968760872485,0.392,0.0,0.022917651,11.0
3.5554822086015383,-1.683144701029356,11.0,311.99525713621654,4.891172655771304,0.393,0.023710435422854923,0.393,0.0,0.022917651,11.0
3.5556392566404416,-1.680704329797699,11.0,311.66000830031777,4.890609864364686,0.3940000000000001,0.023650485280090176,0.394,0.0,0.022917651,11.0
3.5557964851902093,-1.6782622932163331,11.0,311.31511790479,4.890046129654198,0.395,0.023589810924618104,0.395,0.0,0.022917651,11.0
3.555953901127547,-1.6758185278424333,11.0,310.96021864672997,4.889481415703933,0.396,0.023528384766978043,0.396,0.0,0.022917651,11.0
3.5561115116829507,-1.6733729669691864,11.0,310.5949243263406,4.8889156847291515,0.397,0.023466177798294744,0.397,0.0,0.022917651,11.0
3.5562693244637558,-1.6709255404131493,11.0,310.21882861584515,4.888348896975858,0.3980000000000001,0.023403159497806976,0.398,0.0,0.022917651,11.0
3.556427347479011,-1.6684761742847674,11.0,309.8315037308869,4.887781010590794,0.399,0.02333929773307154,0.399,0.0,0.022917651,11.0
3.5565855891663505,-1.6660247907404675,11.0,309.43249899528445,4.887211981481039,0.4000000000000001,0.023274558652156798,0.4,0.0,0.022917651,11.0
3.556812856246031,-1.6633453268235403,11.0,309.58735819434526,4.886410685983208,0.401,0.02327149603118205,0.401,0.0,0.022917651,11.0
3.5570401349119765,-1.6606657699674436,11.0,309.74239190610615,4.885609343889512,0.4020000000000001,0.023268430979190294,0.402,0.0,0.022917651,11.0
3.5572674252944156,-1.6579861191275507,11.0,309.8976020920703,4.884807954676219,0.403,0.023265363468857183,0.403,0.0,0.022917651,11.0
3.557494727525536,-1.6553063732435216,11.0,310.0529907432479,4.8840065178117165,0.404,0.023262293472447314,0.404,0.0,0.022917651,11.0
3.5577220417395203,-1.6526265312390058,11.0,310.2085598807123,4.883205032756368,0.405,0.02325922096180649,0.405,0.0,0.022917651,11.0
3.557949368072587,-1.649946592021338,11.0,310.36431155617026,4.882403498962357,0.4060000000000001,0.023256145908353794,0.406,0.0,0.022917651,11.0
3.5581767066630237,-1.6472665544812293,11.0,310.5202478525444,4.881601915873531,0.40700000000000003,0.02325306828307346,0.40700000000000003,0.0,0.022917651,11.0
3.5584040576512335,-1.6445864174924478,11.0,310.6763708845688,4.880800282925242,0.40800000000000003,0.023249988056506563,0.40800000000000003,0.0,0.022917651,11.0
3.5586314211797707,-1.6419061799114965,11.0,310.83268279939904,4.879998599544193,0.4090000000000001,0.023246905198742566,0.40900000000000003,0.0,0.022917651,11.0
3.5588587973933827,-1.6392258405772788,11.0,310.98918577723555,4.879196865148252,0.41000000000000003,0.023243819679410565,0.41000000000000003,0.0,0.022917651,11.0
3.559086186439054,-1.6365453983107603,11.0,311.1458820319622,4.878395079146303,0.4110000000000001,0.023240731467670486,0.41100000000000003,0.0,0.022917651,11.0
3.5593135884660487,-1.6338648519146204,11.0,311.30277381179883,4.877593240938058,0.41200000000000003,0.023237640532203892,0.41200000000000003,0.0,0.022917651,11.0
3.5595410036259554,-1.6311842001728956,11.0,311.45986339996995,4.876791349913884,0.41300000000000014,0.02323454684120476,0.41300000000000003,0.0,0.022917651,11.0
3.559768432072731,-1.6285034418506168,11.0,311.6171531153883,4.875989405454618,0.41400000000000003,0.023231450362369902,0.41400000000000003,0.0,0.022917651,11.0
3.5599958739627486,-1.6258225756934352,11.0,311.7746453133553,4.875187406931381,0.41500000000000004,0.023228351062889216,0.41500000000000004,0.0,0.022917651,11.0
3.5602233294548467,-1.6231416004272423,11.0,311.9323423862771,4.874385353705388,0.4160000000000001,0.02322524890943574,0.41600000000000004,0.0,0.022917651,11.0
3.5604507987103724,-1.6204605147577766,11.0,312.0902467643988,4.873583245127749,0.4170000000000001,0.02322214386815539,0.417,0.0,0.022917651,11.0
3.5606782818932374,-1.617779317370226,11.0,312.24836091655465,4.872781080539271,0.418,0.02321903590465652,0.418,0.0,0.022917651,11.0
3.5609057791699663,-1.6150980069288172,11.0,312.4066873509379,4.871978859270254,0.41899999999999993,0.02321592498399921,0.419,0.0,0.022917651,11.0
3.561133290709748,-1.612416582076397,11.0,312.5652286158877,4.8711765806402765,0.42,0.023212811070684295,0.42,0.0,0.022917651,11.0
3.5613608166844934,-1.609735041434002,11.0,312.7239873006959,4.8703742439579845,0.421,0.023209694128642117,0.421,0.0,0.022917651,11.0
3.5615883572688816,-1.6070533836004186,11.0,312.8829660364328,4.869571848520864,0.42200000000000004,0.02320657412122104,0.422,0.0,0.022917651,11.0
3.5618159126404265,-1.6043716071517338,11.0,313.04216749679307,4.868769393615026,0.42299999999999993,0.023203451011175647,0.423,0.0,0.022917651,11.0
3.562043482979528,-1.6016897106408723,11.0,313.20159439896287,4.867966878514968,0.42400000000000004,0.02320032476065469,0.424,0.0,0.022917651,11.0
3.5622710684695313,-1.5990076925971235,11.0,313.3612495045074,4.867164302483334,0.425,0.023197195331188674,0.425,0.0,0.022917651,11.0
3.5624986692967897,-1.596325551525659,11.0,313.5211356202808,4.86636166477068,0.42599999999999993,0.023194062683677255,0.426,0.0,0.022917651,11.0
3.562726285650725,-1.5936432859070329,11.0,313.6812555993583,4.865558964615217,0.42699999999999994,0.023190926778376184,0.427,0.0,0.022917651,11.0
3.562953917723892,-1.5909608941966769,11.0,313.8416123419916,4.864756201242566,0.42800000000000005,0.023187787574884034,0.428,0.0,0.022917651,11.0
3.563181565712039,-1.5882783748243743,11.0,314.0022087965881,4.863953373865479,0.42899999999999994,0.02318464503212857,0.429,0.0,0.022917651,11.0
3.5634092298141833,-1.58559572619373,11.0,314.1630479607143,4.8631504816835935,0.42999999999999994,0.02318149910835274,0.43,0.0,0.022917651,11.0
3.563636910232671,-1.5829129466816196,11.0,314.3241328821252,4.862347523883143,0.431,0.023178349761100357,0.431,0.0,0.022917651,11.0
3.5638646071732505,-1.5802300346376286,11.0,314.48546665981814,4.861544499636675,0.432,0.023175196947201406,0.432,0.0,0.022917651,11.0
3.5640923208451456,-1.5775469883834767,11.0,314.6470524451152,4.860741408102769,0.433,0.02317204062275698,0.433,0.0,0.022917651,11.0
3.564320051461125,-1.5748638062124267,11.0,314.80889344277176,4.85993824842574,0.434,0.023168880743123822,0.434,0.0,0.022917651,11.0
3.564547799237585,-1.5721804863886795,11.0,314.97099291211407,4.859135019735327,0.435,0.023165717262898487,0.435,0.0,0.022917651,11.0
3.5647755643946177,-1.5694970271467512,11.0,315.1333541682053,4.858331721146391,0.43599999999999994,0.0231625501359011,0.436,0.0,0.022917651,11.0
3.565003347156097,-1.566813426690838,11.0,315.2959805830427,4.85752835175859,0.43699999999999994,0.023159379315158678,0.437,0.0,0.022917651,11.0
3.5652311477497602,-1.5641296831941616,11.0,315.4588755867847,4.856724910656052,0.43800000000000006,0.023156204752888026,0.438,0.0,0.022917651,11.0
3.5654589664072853,-1.5614457947982974,11.0,315.6220426690104,4.85592139690704,0.439,0.02315302640047821,0.439,0.0,0.022917651,11.0
3.565686803364385,-1.558761759612488,11.0,315.7854853800121,4.855117809563607,0.44,0.023149844208472534,0.44,0.0,0.022917651,11.0
3.5659146588608897,-1.5560775757129366,11.0,315.94920733212103,4.8543141476612375,0.44100000000000006,0.023146658126550083,0.441,0.0,0.022917651,11.0
3.566142533140838,-1.5533932411420805,11.0,316.1132122010688,4.853510410218495,0.44200000000000006,0.023143468103506763,0.442,0.0,0.022917651,11.0
3.566370426452573,-1.550708753907849,11.0,316.2775037273841,4.852706596236634,0.443,0.023140274087235818,0.443,0.0,0.022917651,11.0
3.5665983390488316,-1.548024111982899,11.0,316.44208571782724,4.851902704699229,0.44399999999999995,0.02313707602470788,0.444,0.0,0.022917651,11.0
3.56682627118685,-1.5453393133038311,11.0,316.6069620468624,4.851098734571779,0.44500000000000006,0.023133873861950444,0.445,0.0,0.022917651,11.0
3.567054223128455,-1.5426543557703827,11.0,316.7721366581693,4.8502946848012956,0.446,0.023130667544026803,0.446,0.0,0.022917651,11.0
3.5672821951401756,-1.5399692372446043,11.0,316.9376135661961,4.849490554315901,0.447,0.02312745701501442,0.447,0.0,0.022917651,11.0
3.567510187493344,-1.5372839555500077,11.0,317.10339685775386,4.8486863420243935,0.44800000000000006,0.023124242217982743,0.448,0.0,0.022917651,11.0
3.567738200464204,-1.5345985084706943,11.0,317.2694906936543,4.847882046815813,0.44900000000000007,0.023121023094970338,0.449,0.0,0.022917651,11.0
3.567966234334027,-1.53191289375046,11.0,317.4358993103923,4.847077667558991,0.45000000000000007,0.023117799586961498,0.45,0.0,0.022917651,11.0
3.568194289389221,-1.5292271090918734,11.0,317.60262702187487,4.846273203102092,0.451,0.023114571633862137,0.451,0.0,0.022917651,11.0
3.568422365921454,-1.5265411521553303,11.0,317.7696782211971,4.845468652272133,0.452,0.02311133917447505,0.452,0.0,0.022917651,11.0
3.5686504642277703,-1.5238550205580819,11.0,317.93705738246763,4.844664013874504,0.453,0.023108102146474498,0.453,0.0,0.022917651,11.0
3.568878584610719,-1.5211687118732353,11.0,318.104769062685,4.843859286692459,0.454,0.023104860486380045,0.454,0.0,0.022917651,11.0
3.569106727378481,-1.5184822236287265,11.0,318.27281790366584,4.843054469486609,0.45500000000000007,0.023101614129529727,0.455,0.0,0.022917651,11.0
3.569334892844998,-1.5157955533062637,11.0,318.4412086340276,4.842249560994385,0.456,0.023098363010052407,0.456,0.0,0.022917651,11.0
3.5695630813301116,-1.5131086983402442,11.0,318.6099460712271,4.841444559929501,0.457,0.02309510706083939,0.457,0.0,0.022917651,11.0
3.5697912931597,-1.5104216561166346,11.0,318.77903512365674,4.840639464981387,0.458,0.023091846213515222,0.458,0.0,0.022917651,11.0
3.5700195286658225,-1.5077344239718249,11.0,318.9484807927999,4.839834274814621,0.459,0.02308858039840766,0.459,0.0,0.022917651,11.0
3.5702477881868657,-1.5050469991914481,11.0,319.11828817544915,4.839028988068328,0.46,0.023085309544516774,0.46,0.0,0.022917651,11.0
3.570476072067696,-1.5023593790091627,11.0,319.28846246598664,4.8382236033555825,0.461,0.023082033579483182,0.461,0.0,0.022917651,11.0
3.570704380659814,-1.499671560605406,11.0,319.45900895873154,4.837418119262769,0.4620000000000001,0.023078752429555344,0.462,0.0,0.022917651,11.0
3.5709327143215153,-1.4969835411061052,11.0,319.6299330503549,4.836612534348946,0.463,0.02307546601955594,0.463,0.0,0.022917651,11.0
3.5711610734180583,-1.4942953175813554,11.0,319.801240242365,4.835806847145183,0.464,0.023072174272847204,0.464,0.0,0.022917651,11.0
3.5713894583218297,-1.4916068870440573,11.0,319.97293614366555,4.835001056153869,0.4650000000000001,0.02306887711129535,0.465,0.0,0.022917651,11.0
3.571617869412519,-1.488918246448513,11.0,320.1450264731892,4.834195159848018,0.466,0.023065574455233842,0.466,0.0,0.022917651,11.0
3.571846307077306,-1.4862293926889838,11.0,320.3175170626089,4.833389156670541,0.467,0.023062266223425627,0.467,0.0,0.022917651,11.0
3.5720747717110375,-1.4835403225982031,11.0,320.49041385912955,4.832583045033498,0.468,0.02305895233302427,0.468,0.0,0.022917651,11.0
3.5723032637164227,-1.4808510329458449,11.0,320.66372292836365,4.831776823317342,0.4690000000000001,0.02305563269953386,0.46900000000000003,0.0,0.022917651,11.0
3.5725317835042256,-1.4781615204369454,11.0,320.8374504572925,4.83097048987011,0.47000000000000003,0.023052307236767815,0.47000000000000003,0.0,0.022917651,11.0
3.5727603314934764,-1.4754717817102805,11.0,321.01160275731723,4.830164043006625,0.47100000000000003,0.023048975856806316,0.47100000000000003,0.0,0.022917651,11.0
3.5729889081116704,-1.4727818133366894,11.0,321.1861862674023,4.829357481007646,0.47200000000000003,0.02304563846995255,0.47200000000000003,0.0,0.022917651,11.0
3.5732175137949884,-1.4700916118173517,11.0,321.3612075573147,4.82855080211901,0.47300000000000003,0.023042294984687597,0.47300000000000003,0.0,0.022917651,11.0
3.573446148988517,-1.4674011735820078,11.0,321.53667333096195,4.827744004550736,0.47400000000000003,0.023038945307623907,0.47400000000000003,0.0,0.022917651,11.0
3.573674814146477,-1.4647104949871268,11.0,321.7125904298339,4.826937086476107,0.47500000000000003,0.023035589343457362,0.47500000000000003,0.0,0.022917651,11.0
3.573903509732459,-1.4620195723140177,11.0,321.8889658365498,4.826130046030726,0.4760000000000001,0.02303222699491788,0.47600000000000003,0.0,0.022917651,11.0
3.5741322362196666,-1.4593284017668804,11.0,322.06580667851654,4.825322881311533,0.47700000000000004,0.02302885816271842,0.47700000000000004,0.0,0.022917651,11.0
3.5743609940911667,-1.4566369794707983,11.0,322.243120231701,4.824515590375809,0.47800000000000004,0.023025482745502486,0.47800000000000004,0.0,0.022917651,11.0
3.574589783840147,-1.4539453014696628,11.0,322.4209139245209,4.82370817124012,0.4790000000000001,0.02302210063978985,0.47900000000000004,0.0,0.022917651,11.0
3.574818605970185,-1.4512533637240401,11.0,322.5991953418586,4.822900621879263,0.48000000000000004,0.023018711739920726,0.48,0.0,0.022917651,11.0
3.575047460995519,-1.4485611621089616,11.0,322.7779722292026,4.822092940225148,0.481,0.02301531593799801,0.481,0.0,0.022917651,11.0
3.575276352258547,-1.4458689251831505,11.0,322.957214722511,4.821285368277001,0.482,0.023011913137269312,0.482,0.0,0.022917651,11.0
3.5755052839379333,-1.4431767388913872,11.0,323.13689872434935,4.820478008734444,0.483,0.023008503309874577,0.483,0.0,0.022917651,11.0
3.575734253482732,-1.4404842418881898,11.0,323.31708355680996,4.8196704899451195,0.48400000000000004,0.023005086340703116,0.484,0.0,0.022917651,11.0
3.5759632616087185,-1.437791428300126,11.0,323.49777868718,4.818862808898755,0.485,0.023001662094752687,0.485,0.0,0.022917651,11.0
3.5761923090498264,-1.4350982921047912,11.0,323.67899382287516,4.818054962508735,0.486,0.02299823043359687,0.486,0.0,0.022917651,11.0
3.576421396558719,-1.4324048271260519,11.0,323.8607389191019,4.817246947609645,0.48700000000000004,0.02299479121527576,0.487,0.0,0.022917651,11.0
3.5766505249073983,-1.4297110270291116,11.0,324.04302418681397,4.816438760954756,0.488,0.022991344294182554,0.488,0.0,0.022917651,11.0
3.576879694887828,-1.4270168853153815,11.0,324.2258601009795,4.815630399213393,0.489,0.02298788952094562,0.489,0.0,0.022917651,11.0
3.5771089073125792,-1.4243223953171529,11.0,324.40925740916765,4.814821858968202,0.49,0.022984426742306076,0.49,0.0,0.022917651,11.0
3.57733816301551,-1.4216275501920599,11.0,324.5932271404756,4.814013136712312,0.49100000000000005,0.022980955800990507,0.491,0.0,0.022917651,11.0
3.5775674628524627,-1.418932342917321,11.0,324.77778061480717,4.813204228846384,0.492,0.022977476535578602,0.492,0.0,0.022917651,11.0
3.5777968077019993,-1.4162367662837565,11.0,324.96292945252105,4.812395131675551,0.493,0.02297398878036564,0.493,0.0,0.022917651,11.0
3.5780261984661528,-1.4135408128895606,11.0,325.1486855844659,4.811585841406213,0.49400000000000005,0.022970492365219326,0.494,0.0,0.022917651,11.0
3.578255636071222,-1.410844475133824,11.0,325.3350612624201,4.810776354142733,0.495,0.022966987115430965,0.495,0.0,0.022917651,11.0
3.5784851214685913,-1.4081477452097972,11.0,325.52206906995576,4.809966665883969,0.496,0.022963472851560526,0.496,0.0,0.022917651,11.0
3.5787146556355847,-1.405450615097871,11.0,325.70972193374735,4.809156772519688,0.497,0.022959949389275387,0.497,0.0,0.022917651,11.0
3.5789442395763564,-1.402753076558275,11.0,325.89803313534503,4.808346669826817,0.49800000000000005,0.02295641653918244,0.498,0.0,0.022917651,11.0
3.579173874322818,-1.4000551211234682,11.0,326.0870163234376,4.807536353465546,0.499,0.022952874106653236,0.499,0.0,0.022917651,11.0
3.579403560935606,-1.3973567400902154,11.0,326.276685526626,4.806725818975268,0.5,0.02294932189164183,0.5,0.0,0.022917651,11.0
3.5797208207916777,-1.3944192685328969,11.0,326.5381928861729,4.805849199680224,0.501,0.022949185638882937,0.501,0.0,0.022917651,11.0
3.580038197714896,-1.3914809205863856,11.0,326.80070005230573,4.804972172255046,0.5020000000000001,0.022949048747535148,0.502,0.0,0.022917651,11.0
3.58035569358575,-1.3885416821729468,11.0,327.0642230852538,4.8040947301438,0.503,0.02294891120734061,0.503,0.0,0.022917651,11.0
3.580673310325221,-1.3856015389117105,11.0,327.3287783910725,4.803216866649387,0.504,0.022948773007820552,0.504,0.0,0.022917651,11.0
3.58099104989588,-1.3826604761104635,11.0,327.5943827310023,4.802338574929716,0.505,0.022948634138269374,0.505,0.0,0.022917651,11.0
3.5813089143030172,-1.3797184787571835,11.0,327.861053231133,4.801459847993763,0.506,0.022948494587748426,0.506,0.0,0.022917651,11.0
3.581626905595811,-1.3767755315112848,11.0,328.12880739238506,4.800580678697489,0.507,0.02294835434507966,0.507,0.0,0.022917651,11.0
3.581945025868537,-1.3738316186945838,11.0,328.39766310082126,4.799701059739645,0.508,0.022948213398839012,0.508,0.0,0.022917651,11.0
3.5822632772618155,-1.370886724281958,11.0,328.6676386382995,4.798820983657409,0.509,0.022948071737349644,0.509,0.0,0.022917651,11.0
3.582581661963896,-1.367940831891697,11.0,328.9387526934819,4.797940442821897,0.51,0.022947929348674866,0.51,0.0,0.022917651,11.0
3.582900182211996,-1.3649939247755292,11.0,329.2110243732139,4.797059429433524,0.511,0.022947786220610906,0.511,0.0,0.022917651,11.0
3.5832188402936747,-1.3620459858083107,11.0,329.4844732142855,4.796177935517194,0.512,0.022947642340679367,0.512,0.0,0.022917651,11.0
3.5835376385482576,-1.359096997477364,11.0,329.75911919559456,4.795295952917339,0.5130000000000001,0.022947497696119482,0.513,0.0,0.022917651,11.0
3.583856579368307,-1.3561469418714547,11.0,330.0349827507223,4.794413473292785,0.514,0.02294735227388007,0.514,0.0,0.022917651,11.0
3.584175665201149,-1.3531958006693885,11.0,330.31208478094317,4.793530488111443,0.5150000000000001,0.02294720606061123,0.515,0.0,0.022917651,11.0
3.584494898550449,-1.3502435551282144,11.0,330.5904466686823,4.792646988644813,0.5160000000000001,0.022947059042655732,0.516,0.0,0.022917651,11.0
3.5848142819778364,-1.3472901860710167,11.0,330.8700902914409,4.791762965962297,0.517,0.02294691120604015,0.517,0.0,0.022917651,11.0
3.5851338181046017,-1.344335673874285,11.0,331.1510380362081,4.790878410925326,0.5180000000000001,0.022946762536465635,0.518,0.0,0.022917651,11.0
3.585453509613434,-1.3413799984548365,11.0,331.43331281437924,4.789993314181259,0.519,0.022946613019298397,0.519,0.0,0.022917651,11.0
3.5857733592502354,-1.338423139256275,11.0,331.716938077201,4.789107666157085,0.52,0.022946462639559833,0.52,0.0,0.022917651,11.0
3.5860933927875114,-1.3354652603779043,11.0,332.0017546569473,4.78822173406786,0.521,0.02294631070985238,0.521,0.0,0.022917651,11.0
3.586413669071184,-1.3325067892034315,11.0,332.2873413756401,4.787336180759383,0.522,0.022946155608494643,0.522,0.0,0.022917651,11.0
3.586734112458129,-1.329547068280248,11.0,332.5743510047007,4.786450046127459,0.5230000000000001,0.02294599964094376,0.523,0.0,0.022917651,11.0
3.587054725987574,-1.3265860748782667,11.0,332.86280942363237,4.785563319599138,0.5240000000000001,0.022945842791445663,0.524,0.0,0.022917651,11.0
3.587375512772899,-1.323623785712828,11.0,333.1527431433522,4.784675990343506,0.525,0.022945685043861873,0.525,0.0,0.022917651,11.0
3.587696476003912,-1.3206601769276807,11.0,333.44417932556587,4.783788047263772,0.526,0.022945526381657793,0.526,0.0,0.022917651,11.0
3.5880176189492077,-1.317695224077336,11.0,333.73714580286037,4.782899478989066,0.5270000000000001,0.02294536678789038,0.527,0.0,0.022917651,11.0
3.588338944958613,-1.3147289021087614,11.0,334.0316710995457,4.782010273865909,0.528,0.022945206245195558,0.528,0.0,0.022917651,11.0
3.588660457465731,-1.3117611853423883,11.0,334.3277844532788,4.781120419949393,0.5290000000000001,0.022945044735774953,0.529,0.0,0.022917651,11.0
3.5889821599905725,-1.308792047452404,11.0,334.6255158375029,4.780229904994007,0.5300000000000001,0.022944882241382317,0.53,0.0,0.022917651,11.0
3.5893040561422933,-1.305821461446293,11.0,334.92489598474015,4.779338716444121,0.5310000000000001,0.022944718743309302,0.531,0.0,0.022917651,11.0
3.589626149622034,-1.3028493996435981,11.0,335.2259564107743,4.778446841424108,0.532,0.022944554222370756,0.532,0.0,0.022917651,11.0
3.589948444225866,-1.2998758336538625,11.0,335.5287294397637,4.77755426672808,0.533,0.022944388658889425,0.533,0.0,0.022917651,11.0
3.5902709438478637,-1.2969007343537189,11.0,335.8332482303273,4.7766609788092405,0.5340000000000001,0.022944222032680085,0.534,0.0,0.022917651,11.0
3.590593652483275,-1.2939240718630853,11.0,336.1395468026464,4.775766963768798,0.535,0.02294405432303303,0.535,0.0,0.022917651,11.0
3.5909165742318394,-1.2909458155204283,11.0,336.44766006663065,4.7748722073444725,0.536,0.022943885508696946,0.536,0.0,0.022917651,11.0
3.59123971330122,-1.2879659338570464,11.0,336.75762385119543,4.7739766948985265,0.537,0.02294371556786106,0.537,0.0,0.022917651,11.0
3.5915630740105837,-1.284984394570335,11.0,337.06947493470363,4.7730804114053305,0.538,0.022943544478136648,0.538,0.0,0.022917651,11.0
3.5918866607943136,-1.2820011644959786,11.0,337.38325107662484,4.772183341438427,0.5390000000000001,0.02294337221653772,0.539,0.0,0.022917651,11.0
3.5922104782058795,-1.2790162095790238,11.0,337.69899105047045,4.7712854691570765,0.54,0.022943198759461,0.54,0.0,0.022917651,11.0
3.592534579916339,-1.2760295909593309,11.0,338.01634638242234,4.770387070333314,0.5410000000000001,0.0229430234189355,0.541,0.0,0.022917651,11.0
3.5928589734437137,-1.2730412735571652,11.0,338.3353438114747,4.7694881399573354,0.542,0.02294284616210575,0.542,0.0,0.022917651,11.0
3.5931836127445718,-1.2700511187196681,11.0,338.6564322382344,4.76858835525759,0.543,0.022942667664632085,0.543,0.0,0.022917651,11.0
3.5935085029180462,-1.267059088325034,11.0,338.9796550452392,4.767687698509171,0.544,0.02294248790077452,0.544,0.0,0.022917651,11.0
3.5938336492053113,-1.2640651431895482,11.0,339.30505682347746,4.766786151493436,0.545,0.022942306844076034,0.545,0.0,0.022917651,11.0
3.594159056994562,-1.2610692430303518,11.0,339.63268341476135,4.76588369548069,0.546,0.022942124467337482,0.546,0.0,0.022917651,11.0
3.594484731826203,-1.2580713464266295,11.0,339.9625819558952,4.764980311212138,0.547,0.022941940742591364,0.547,0.0,0.022917651,11.0
3.5948106793982677,-1.2550714107791412,11.0,340.29480092472886,4.764075978881077,0.548,0.02294175564107449,0.548,0.0,0.022917651,11.0
3.595136905572056,-1.2520693922680133,11.0,340.62939018819003,4.763170678113257,0.549,0.022941569133199502,0.549,0.0,0.022917651,11.0
3.5954634163780304,-1.2490652458087037,11.0,340.9664010523967,4.762264387946421,0.5500000000000002,0.02294138118852513,0.55,0.0,0.022917651,11.0
3.5957902180219623,-1.2460589250060468,11.0,341.30588631495425,4.761357086808927,0.551,0.022941191775725175,0.551,0.0,0.022917651,11.0
3.596117316891346,-1.2430503821062788,11.0,341.64790031954954,4.760448752497452,0.552,0.022941000862556085,0.552,0.0,0.022917651,11.0
3.5964447195621014,-1.2400395679469407,11.0,341.9924990129615,4.7595393621536894,0.553,0.022940808415823178,0.553,0.0,0.022917651,11.0
3.596772432805576,-1.2370264319045499,11.0,342.3397400046121,4.758628892240025,0.554,0.022940614401345268,0.554,0.0,0.022917651,11.0
3.5971004635958517,-1.2340109218399173,11.0,342.68968262879275,4.75771731851411,0.555,0.022940418783917754,0.555,0.0,0.022917651,11.0
3.5974288191174004,-1.2309929840409959,11.0,343.04238800970575,4.756804616002287,0.556,0.02294022152727404,0.556,0.0,0.022917651,11.0
3.597757594085126,-1.2279727276120338,11.0,343.397172053738,4.755891271012696,0.557,0.02294002127430363,0.557,0.0,0.022917651,11.0
3.5980867192383963,-1.2249499405309072,11.0,343.7547747497835,4.75497679590142,0.5580000000000002,0.02293981920300549,0.558,0.0,0.022917651,11.0
3.5984161935707832,-1.2219245463296111,11.0,344.1153405698633,4.754061110341251,0.559,0.022939615411951914,0.559,0.0,0.022917651,11.0
3.598746025253553,-1.2188964839979823,11.0,344.478938855117,4.753144186006037,0.56,0.022939409860898277,0.56,0.0,0.022917651,11.0
3.5990762227149364,-1.2158656906072627,11.0,344.8456411272631,4.752225993678849,0.5610000000000002,0.022939202508334387,0.561,0.0,0.022917651,11.0
3.5994067946503066,-1.2128321012340846,11.0,345.2155211749945,4.751306503216687,0.562,0.02293899331143432,0.562,0.0,0.022917651,11.0
3.59973775003285,-1.209795648880814,11.0,345.58865514451435,4.750385683513502,0.563,0.022938782226003904,0.5630000000000001,0.0,0.022917651,11.0
3.600069098124749,-1.2067562643920409,11.0,345.9651216344456,4.74946350246142,0.5640000000000001,0.022938569206425587,0.5640000000000001,0.0,0.022917651,11.0
3.600400848488914,-1.203713876367008,11.0,346.34500179536315,4.74853992691008,0.5650000000000001,0.02293835420560074,0.5650000000000001,0.0,0.022917651,11.0
3.6007330110012843,-1.200668411067737,11.0,346.7283794342122,4.7476149226239865,0.5660000000000002,0.022938137174888983,0.5660000000000001,0.0,0.022917651,11.0
3.601065595863745,-1.197619792322605,11.0,347.1153411238974,4.746688454237737,0.5670000000000001,0.022937918064044615,0.5670000000000001,0.0,0.022917651,11.0
3.6013986136176848,-1.1945679414251107,11.0,347.5059763183412,4.7457604852090185,0.5680000000000001,0.022937696821149857,0.5680000000000001,0.0,0.022917651,11.0
3.6017321539162332,-1.191512518498635,11.0,347.90010012419015,4.744831034958026,0.5690000000000001,0.022937472829168137,0.5690000000000001,0.0,0.022917651,11.0
3.6020663383386817,-1.1884530640387267,11.0,348.2974382551974,4.743900131306162,0.5700000000000001,0.022937245319567225,0.5700000000000001,0.0,0.022917651,11.0
3.602400995249073,-1.1853900849024446,11.0,348.69874628455807,4.742967592997308,0.5710000000000001,0.022937015589615615,0.5710000000000001,0.0,0.022917651,11.0
3.6027361369211284,-1.1823234895300012,11.0,349.10412733749956,4.742033377568318,0.5720000000000002,0.02293678358163571,0.5720000000000001,0.0,0.022917651,11.0
3.603071776057391,-1.1792531831626694,11.0,349.513688142264,4.741097441072456,0.5730000000000001,0.022936549235934776,0.5730000000000001,0.0,0.022917651,11.0
3.603407925808121,-1.1761790677018453,11.0,349.92753918884944,4.740159738014038,0.5740000000000001,0.02293631249071612,0.5740000000000001,0.0,0.022917651,11.0
3.603744599791193,-1.1731010415605945,11.0,350.34579489621643,4.739220221279576,0.5750000000000001,0.022936073281985617,0.5750000000000001,0.0,0.022917651,11.0
3.6040818121130695,-1.1700189995072041,11.0,350.7685737884947,4.7382788420652275,0.5760000000000001,0.022935831543453106,0.5760000000000001,0.0,0.022917651,11.0
3.604419577390911,-1.1669328325002462,11.0,351.195998680758,4.737335549800299,0.577,0.02293558720642855,0.577,0.0,0.022917651,11.0
3.6047579107758985,-1.1638424275145953,11.0,351.62819687497955,4.736390292066554,0.578,0.02293534019971238,0.578,0.0,0.022917651,11.0
3.6050968279778446,-1.1607476673578292,11.0,352.06530036682494,4.735443014513072,0.579,0.022935090449479865,0.579,0.0,0.022917651,11.0
3.605436425120896,-1.1576483024930768,11.0,352.5066639887252,4.734493849912949,0.5800000000000001,0.022934837611210176,0.58,0.0,0.022917651,11.0
3.6057766509089957,-1.1545443000571456,11.0,352.9531814315238,4.733542562163346,0.581,0.022934581869582388,0.581,0.0,0.022917651,11.0
3.6061175185140275,-1.1514355346111838,11.0,353.4050497828072,4.732589078642517,0.582,0.022934323158742977,0.582,0.0,0.022917651,11.0
3.6064590464761914,-1.1483218685658536,11.0,353.86242361456794,4.731633335921098,0.583,0.02293406139292016,0.583,0.0,0.022917651,11.0
3.606801254056728,-1.1452031589808935,11.0,354.3254635101884,4.730675268102918,0.584,0.022933796483006447,0.584,0.0,0.022917651,11.0
3.607144161273312,-1.1420792573024363,11.0,354.79433635954325,4.7297148067039085,0.585,0.022933528336394865,0.585,0.0,0.022917651,11.0
3.607487788937556,-1.1389500090847031,11.0,355.2692156716578,4.728751880523802,0.5860000000000001,0.02293325685680552,0.586,0.0,0.022917651,11.0
3.607832158694763,-1.135815253694974,11.0,355.75028190615336,4.727786415510118,0.587,0.022932981944101604,0.587,0.0,0.022917651,11.0
3.608177341146671,-1.1326745694647815,11.0,356.2375523083448,4.726818272808842,0.588,0.02293270308807468,0.588,0.0,0.022917651,11.0
3.6085234493100606,-1.1295273108533812,11.0,356.73091147885197,4.7258472597088845,0.589,0.022932419573850022,0.589,0.0,0.022917651,11.0
3.608870370865651,-1.1263740223028578,11.0,357.2310514752796,4.724873470214397,0.59,0.022932132536606014,0.59,0.0,0.022917651,11.0
3.609218131197494,-1.1232145156330444,11.0,357.7381839111994,4.72389681768066,0.5910000000000001,0.022931841866397556,0.591,0.0,0.022917651,11.0
3.609566756756977,-1.1200485947512517,11.0,358.25252929802315,4.722917211819751,0.592,0.02293154744865659,0.592,0.0,0.022917651,11.0
3.6099162751195233,-1.116876055231972,11.0,358.77431751763714,4.721934558507028,0.593,0.022931249163946597,0.593,0.0,0.022917651,11.0
3.6102667150449337,-1.1136966838695064,11.0,359.3037883254862,4.720948759575144,0.5940000000000001,0.022930946887701167,0.594,0.0,0.022917651,11.0
3.6106181065416667,-1.1105102582014512,11.0,359.84119188642114,4.719959712594639,0.595,0.02293064048994564,0.595,0.0,0.022917651,11.0
3.6109706550933782,-1.107315414398704,11.0,360.38615275850714,4.718966874222261,0.5960000000000001,0.022930329587702494,0.596,0.0,0.022917651,11.0
3.6113242460138313,-1.104112865072892,11.0,360.93952831508824,4.717970499604255,0.597,0.02293001424408759,0.597,0.0,0.022917651,11.0
3.611678893506588,-1.100902486324884,11.0,361.5016816272877,4.716970521826435,0.598,0.022929694338782378,0.598,0.0,0.022917651,11.0
3.6120346336229323,-1.0976840110070996,11.0,362.0729122007539,4.715966817945446,0.599,0.02292936971613749,0.599,0.0,0.022917651,11.0
3.61239150407316,-1.094457159678352,11.0,362.6535333237971,4.714959259360324,0.6,0.022929040213340898,0.6,0.0,0.022917651,11.0
3.6127787842166397,-1.0914595545086105,11.0,362.91919517342365,4.714180241766941,0.601,0.022929025522746713,0.601,0.0,0.022917651,11.0
3.6131663002055596,-1.0884602510243124,11.0,363.1869896256929,4.7134004692208284,0.602,0.02292901073925598,0.602,0.0,0.022917651,11.0
3.6135541773384587,-1.0854586059335665,11.0,363.45678893680133,4.712619800001494,0.603,0.02292899570246865,0.603,0.0,0.022917651,11.0
3.6139424760404864,-1.0824543251679561,11.0,363.72855446504826,4.711838181955862,0.6040000000000001,0.02292898034841551,0.604,0.0,0.022917651,11.0
3.6143310279247425,-1.0794482642129486,11.0,364.00254590972077,4.711055796505055,0.605,0.02292896490533822,0.605,0.0,0.022917651,11.0
3.6147198368167492,-1.0764403961703175,11.0,364.278796903873,4.710272632053767,0.6060000000000001,0.022928949371891657,0.606,0.0,0.022917651,11.0
3.615108906619488,-1.073430693597191,11.0,364.55734176157176,4.709488676771909,0.607,0.022928933746703465,0.607,0.0,0.022917651,11.0
3.615498241315372,-1.0704191284921978,11.0,364.83821549522133,4.708703918588632,0.608,0.022928918028373324,0.608,0.0,0.022917651,11.0
3.615887844968277,-1.0674056722811887,11.0,365.1214538334195,4.707918345186173,0.6090000000000001,0.022928902215472308,0.609,0.0,0.022917651,11.0
3.616277721725632,-1.0643902958025122,11.0,365.4070932393637,4.7071319439935095,0.61,0.022928886306542082,0.61,0.0,0.022917651,11.0
3.6166678758205824,-1.0613729692918399,11.0,365.695170929829,4.7063447021798135,0.6110000000000001,0.02292887030009419,0.611,0.0,0.022917651,11.0
3.6170583115742128,-1.0583536623665146,11.0,365.9857248947362,4.705556606647713,0.612,0.022928854194609247,0.612,0.0,0.022917651,11.0
3.6174490687944543,-1.0553320623809304,11.0,366.2786514929475,4.704767504571234,0.613,0.022928837910489337,0.613,0.0,0.022917651,11.0
3.617840190218458,-1.052307852321832,11.0,366.5738443050767,4.7039772503629775,0.614,0.022928821369126492,0.614,0.0,0.022917651,11.0
3.6182316122512375,-1.0492815521748844,11.0,366.8716224531358,4.703186108417161,0.615,0.022928804723058686,0.615,0.0,0.022917651,11.0
3.618623339703335,-1.0462531284930965,11.0,367.1720273094087,4.702394064527613,0.6160000000000002,0.02292878797061037,0.616,0.0,0.022917651,11.0
3.619015377488488,-1.0432225471119938,11.0,367.47510113366957,4.701601104183419,0.617,0.022928771110070034,0.617,0.0,0.022917651,11.0
3.6194077306264076,-1.0401897731302794,11.0,367.7808870971085,4.700807212560707,0.6180000000000001,0.022928754139689266,0.618,0.0,0.022917651,11.0
3.6198004042456504,-1.0371547708898585,11.0,368.0894293070352,4.7000123745141655,0.619,0.02292873705768174,0.619,0.0,0.022917651,11.0
3.620193403586589,-1.0341175039552168,11.0,368.40077283239054,4.699216574568287,0.6200000000000001,0.022928719862222183,0.62,0.0,0.022917651,11.0
3.620586734004468,-1.0310779350921149,11.0,368.7149637300974,4.698419796908314,0.6210000000000001,0.022928702551445312,0.621,0.0,0.022917651,11.0
3.6209804777372803,-1.0280356065071274,11.0,369.03196751118236,4.6976219117950375,0.622,0.022928685163617707,0.622,0.0,0.022917651,11.0
3.621374797690035,-1.0249896270259535,11.0,369.35167274101593,4.696822677948085,0.6230000000000001,0.022928667776328755,0.623,0.0,0.022917651,11.0
3.6217694679133934,-1.0219412285382556,11.0,369.67437932676546,4.6960224262323065,0.6240000000000001,0.022928650264627065,0.624,0.0,0.022917651,11.0
3.6221644942742452,-1.0188903705266703,11.0,370.0001375399076,4.695221139598818,0.625,0.02292863262642877,0.625,0.0,0.022917651,11.0
3.622559882771238,-1.015837011563887,11.0,370.32899878092474,4.69441880061585,0.6260000000000001,0.022928614859603215,0.626,0.0,0.022917651,11.0
3.6229556395385014,-1.0127811092869612,11.0,370.66101561117756,4.693615391457936,0.6270000000000001,0.02292859696197161,0.627,0.0,0.022917651,11.0
3.623351770849486,-1.0097226203707492,11.0,370.99624178586504,4.692810893894732,0.628,0.022928578931305694,0.628,0.0,0.022917651,11.0
3.6237482831209507,-1.006661500500434,11.0,371.33473228811215,4.692005289279466,0.629,0.022928560765326282,0.629,0.0,0.022917651,11.0
3.624145208964189,-1.0035976019602284,11.0,371.6765356142654,4.691198560441233,0.6300000000000001,0.022928542458091335,0.63,0.0,0.022917651,11.0
3.62454316780167,-1.000528457096992,11.0,372.0215356653786,4.690390719724654,0.6310000000000001,0.022928523925615674,0.631,0.0,0.022917651,11.0
3.624941524627608,-0.9974565293405856,11.0,372.36999017450256,4.689581688092983,0.632,0.022928505257595738,0.632,0.0,0.022917651,11.0
3.6253402863634285,-0.9943817702936478,11.0,372.7219592181991,4.6887714448349875,0.633,0.022928486451674276,0.633,0.0,0.022917651,11.0
3.6257394600919897,-0.9913041304300341,11.0,373.0775042742101,4.68795996875638,0.6340000000000001,0.022928467505439046,0.634,0.0,0.022917651,11.0
3.6261390530623103,-0.9882235590617142,11.0,373.43668826254685,4.687147238165658,0.6350000000000001,0.022928448416421235,0.635,0.0,0.022917651,11.0
3.626539072694479,-0.9851400043045009,11.0,373.79957558803426,4.686333230859431,0.6360000000000001,0.022928429182093757,0.636,0.0,0.022917651,11.0
3.626939526584722,-0.9820534130425548,11.0,374.1662321843699,4.685517924107235,0.637,0.02292840979986953,0.637,0.0,0.022917651,11.0
3.627340600590189,-0.9789625944251673,11.0,374.53661352376497,4.68470086967846,0.638,0.022928389946163554,0.638,0.0,0.022917651,11.0
3.6277422350333484,-0.9758679116829607,11.0,374.9108409466271,4.683882192366083,0.639,0.02292836973803888,0.639,0.0,0.022917651,11.0
3.6281443249321725,-0.9727700265256157,11.0,375.2890585130513,4.683062134456762,0.64,0.02292834937599768,0.64,0.0,0.022917651,11.0
3.6285468785389505,-0.9696688809293709,11.0,375.67133851945425,4.682240670935807,0.6410000000000001,0.022928328857251185,0.641,0.0,0.022917651,11.0
3.6289499043065416,-0.9665644154601895,11.0,376.057755019426,4.681417776180541,0.642,0.022928308178942827,0.642,0.0,0.022917651,11.0
3.629353410894511,-0.963456569230652,11.0,376.4483838774422,4.680593423941715,0.643,0.022928287338146208,0.643,0.0,0.022917651,11.0
3.6297574071754846,-0.9603452798552572,11.0,376.84330282455784,4.679767587324245,0.644,0.022928266331862898,0.644,0.0,0.022917651,11.0
3.630162140926107,-0.9572288851219833,11.0,377.24231875936175,4.678939595110328,0.645,0.022928245036399196,0.645,0.0,0.022917651,11.0
3.63056743446797,-0.9541085630894304,11.0,377.6457316756949,4.678109914684331,0.6460000000000001,0.022928223547033992,0.646,0.0,0.022917651,11.0
3.630973247282767,-0.9509845808939169,11.0,378.05368295787173,4.677278651127256,0.647,0.02292820188629193,0.647,0.0,0.022917651,11.0
3.6313795891883704,-0.9478568693328978,11.0,378.4662584125818,4.676445774506912,0.648,0.022928180050932803,0.648,0.0,0.022917651,11.0
3.6317864702517215,-0.944725357448218,11.0,378.8835460233579,4.675611254131753,0.6489999999999999,0.02292815803763419,0.649,0.0,0.022917651,11.0
3.6321939007967834,-0.9415899724700828,11.0,379.3056360200486,4.6747750585266425,0.65,0.02292813584298885,0.65,0.0,0.022917651,11.0
3.632602099690126,-0.9384491651449204,11.0,379.7323774807538,4.673936514731971,0.6510000000000001,0.022928113452406165,0.651,0.0,0.022917651,11.0
3.6330110160894464,-0.9353033161718943,11.0,380.16394536614,4.673095799856004,0.652,0.02292809086642608,0.652,0.0,0.022917651,11.0
3.6334205217810003,-0.932153339248172,11.0,380.6006022763614,4.672253314191867,0.653,0.022928068089020592,0.653,0.0,0.022917651,11.0
3.6338306283588424,-0.9289991531582146,11.0,381.04244833564996,4.671409022900115,0.6540000000000001,0.022928045116423518,0.654,0.0,0.022917651,11.0
3.6342413477231785,-0.9258406745419143,11.0,381.4895863121078,4.670562890221336,0.655,0.02292802194476918,0.655,0.0,0.022917651,11.0
3.634652692090539,-0.9226778178233374,11.0,381.94212170555454,4.669714879445582,0.6560000000000001,0.022927998570089182,0.656,0.0,0.022917651,11.0
3.6350647895555355,-0.9195088798820046,11.0,382.3998522960534,4.668863799601174,0.657,0.02292797511037181,0.657,0.0,0.022917651,11.0
3.6354775560403234,-0.9163351107951373,11.0,382.8631562413247,4.668010564671039,0.658,0.02292795145443472,0.658,0.0,0.022917651,11.0
3.635890986474591,-0.9131566722344057,11.0,383.3321974942106,4.667155316084121,0.659,0.02292792757822701,0.659,0.0,0.022917651,11.0
3.6363050944480033,-0.9099734686254048,11.0,383.8070934854494,4.6662980126250595,0.66,0.02292790347724019,0.66,0.0,0.022917651,11.0
3.63671989392364,-0.9067854017675336,11.0,384.2879648725442,4.665438611945975,0.6610000000000001,0.022927879146841905,0.661,0.0,0.022917651,11.0
3.637135405632495,-0.9035911299991066,11.0,384.77498154233723,4.664575854894634,0.662,0.022927854365697567,0.662,0.0,0.022917651,11.0
3.637551634481681,-0.900390817469612,11.0,385.26827009155465,4.663709925334161,0.663,0.02292782918367687,0.663,0.0,0.022917651,11.0
3.6379685877736345,-0.8971853550407193,11.0,385.7679263881762,4.662841743668219,0.664,0.022927803772219174,0.664,0.0,0.022917651,11.0
3.638386280709757,-0.8939746346491064,11.0,386.2740840503337,4.6619712626395735,0.6650000000000001,0.022927778126510066,0.665,0.0,0.022917651,11.0
3.6388047289197516,-0.8907585451867485,11.0,386.7868804608737,4.661098433659513,0.666,0.022927752241599493,0.666,0.0,0.022917651,11.0
3.6392241169680313,-0.8875354113143162,11.0,387.3060970695309,4.66022231969853,0.667,0.02292772598130529,0.667,0.0,0.022917651,11.0
3.63964440034183,-0.884305700463671,11.0,387.8320303897158,4.6593432102097365,0.6680000000000001,0.022927699399787775,0.668,0.0,0.022917651,11.0
3.6400654972036874,-0.8810702125771273,11.0,388.3650469700323,4.658461577778743,0.6689999999999999,0.022927672571608586,0.669,0.0,0.022917651,11.0
3.6404874253159614,-0.8778288215142119,11.0,388.90530147211035,4.65757736731759,0.67,0.022927645491381914,0.67,0.0,0.022917651,11.0
3.6409102148311594,-0.8745812792721716,11.0,389.45294071705473,4.656690451329346,0.6710000000000002,0.022927618152197623,0.671,0.0,0.022917651,11.0
3.6413341610085554,-0.8713246958575293,11.0,390.00784473745813,4.655799118189376,0.672,0.022927590516133654,0.672,0.0,0.022917651,11.0
3.6417589962049606,-0.8680617869091858,11.0,390.57048547472925,4.654905015401366,0.673,0.02292756260998788,0.673,0.0,0.022917651,11.0
3.6421847403683856,-0.8647924104933689,11.0,391.14103652709167,4.654008080819319,0.674,0.022927534427700156,0.674,0.0,0.022917651,11.0
3.6426114140481385,-0.8615164203979825,11.0,391.71967672555627,4.653108250423967,0.675,0.022927505963027638,0.675,0.0,0.022917651,11.0
3.6430392193444474,-0.8582314926478503,11.0,392.306395266844,4.65220401183489,0.676,0.022927476950939447,0.676,0.0,0.022917651,11.0
3.6434680521195197,-0.8549389707564955,11.0,392.9015213004304,4.65129628998696,0.677,0.0229274475512426,0.677,0.0,0.022917651,11.0
3.6438978789083283,-0.8516393642338074,11.0,393.50531069288013,4.65038545956944,0.6780000000000002,0.022927417834855163,0.678,0.0,0.022917651,11.0
3.6443287227930865,-0.8483325085660013,11.0,394.11796461795745,4.649471448397552,0.679,0.02292738779442319,0.679,0.0,0.022917651,11.0
3.644761609403715,-0.845015515814422,11.0,394.73885119848137,4.648555470136128,0.68,0.022927357672318495,0.68,0.0,0.022917651,11.0
3.645195915186811,-0.8416900016231547,11.0,395.3687961492145,4.647636646894236,0.6810000000000002,0.02292732730625752,0.681,0.0,0.022917651,11.0
3.6456313675606875,-0.8383565974065539,11.0,396.00828378379003,4.646714520045948,0.682,0.022927296614796505,0.682,0.0,0.022917651,11.0
3.646068022884219,-0.8350149272463939,11.0,396.6575311363735,4.645788939109756,0.683,0.0229272655842358,0.683,0.0,0.022917651,11.0
3.646506634577399,-0.8316601124852767,11.0,397.31640625538745,4.644858039109281,0.6840000000000002,0.02292723406851872,0.684,0.0,0.022917651,11.0
3.6469464891201997,-0.8282967555918688,11.0,397.98555056950937,4.64392356844101,0.685,0.022927202219323376,0.685,0.0,0.022917651,11.0
3.6473876174319155,-0.8249246440571877,11.0,398.6652195531494,4.6429854382747795,0.6860000000000002,0.022927170028353577,0.686,0.0,0.022917651,11.0
3.6478307282917175,-0.8215411172600209,11.0,399.3555716215273,4.642043822998121,0.687,0.022927137244106586,0.687,0.0,0.022917651,11.0
3.648275734248655,-0.8181463981359993,11.0,400.05688346201504,4.641098595666907,0.6880000000000001,0.02292710389998278,0.6880000000000001,0.0,0.022917651,11.0
3.6487221122132922,-0.8147422674556494,11.0,400.7695172070599,4.640149444754912,0.6890000000000002,0.022927070186489297,0.6890000000000001,0.0,0.022917651,11.0
3.649169970183745,-0.8113274114113574,11.0,401.4936501980543,4.6391954879958694,0.6900000000000001,0.02292703618068853,0.6900000000000001,0.0,0.022917651,11.0
3.649619462424833,-0.8078998541400229,11.0,402.22941702132886,4.638235365818614,0.6910000000000001,0.02292700200873559,0.6910000000000001,0.0,0.022917651,11.0
3.6500704405924487,-0.8044620764752057,11.0,402.97741947563674,4.637270966800118,0.6920000000000001,0.022926967438152836,0.6920000000000001,0.0,0.022917651,11.0
3.6505230181373722,-0.8010131582694852,11.0,403.7379200005389,4.636301825990097,0.6930000000000002,0.022926932469161405,0.6930000000000001,0.0,0.022917651,11.0
3.650977465663471,-0.7975508119068057,11.0,404.51107512097514,4.635326742690205,0.6940000000000002,0.022926897125266375,0.6940000000000001,0.0,0.022917651,11.0
3.6514335222776526,-0.7940774031161058,11.0,405.29746487129887,4.634347033511552,0.6950000000000001,0.022926861353038393,0.6950000000000001,0.0,0.022917651,11.0
3.6518912836632773,-0.7905915091257278,11.0,406.0973719579656,4.6333616572745795,0.6960000000000002,0.022926824945288058,0.6960000000000001,0.0,0.022917651,11.0
3.652350859641613,-0.7870911569871164,11.0,406.9110165343887,4.6323690784783365,0.6970000000000001,0.022926787597294062,0.6970000000000001,0.0,0.022917651,11.0
3.652812154561664,-0.7835789056685104,11.0,407.73893600080845,4.6313714763325,0.6980000000000001,0.022926749794365958,0.6980000000000001,0.0,0.022917651,11.0
3.653275821665767,-0.7800509697262443,11.0,408.58123176879786,4.630367673632558,0.6990000000000002,0.02292671187305779,0.6990000000000001,0.0,0.022917651,11.0
3.6537418737414065,-0.77650723647535,11.0,409.4383582895534,4.629357609053903,0.7,0.02292667381886843,0.7000000000000001,0.0,0.022917651,11.0
3.6541819469966605,-0.7735576201806976,11.0,409.86668961980604,4.628748201157567,0.7010000000000002,0.02292667098548451,0.7010000000000001,0.0,0.022917651,11.0
3.6546224023435285,-0.7706051036403275,11.0,410.2987728967459,4.628137421599792,0.7020000000000001,0.022926668120812302,0.7020000000000001,0.0,0.022917651,11.0
3.6550633394261567,-0.7676477313608694,11.0,410.73447279312165,4.627523717589878,0.7030000000000001,0.022926664863178802,0.7030000000000001,0.0,0.022917651,11.0
3.6555046685427524,-0.7646874216577864,11.0,411.17403779570907,4.6269086442648115,0.7039999999999998,0.022926661588927828,0.704,0.0,0.022917651,11.0
3.6559463951364455,-0.7617241337469111,11.0,411.6175215689288,4.626292182612566,0.705,0.022926658297828667,0.705,0.0,0.022917651,11.0
3.6563885247516,-0.758757826085552,11.0,412.06497877528005,4.6256743132675195,0.706,0.02292665498964631,0.706,0.0,0.022917651,11.0
3.656831102618242,-0.7557874065172788,11.0,412.5163526074713,4.625054125124476,0.7070000000000001,0.022926651850645755,0.707,0.0,0.022917651,11.0
3.657274137577666,-0.7528127707913139,11.0,412.97169896287477,4.62443154925873,0.7080000000000001,0.02292664888710328,0.708,0.0,0.022917651,11.0
3.6577175943373383,-0.749834974023287,11.0,413.4311954715538,4.6238074994609955,0.709,0.022926645901960897,0.709,0.0,0.022917651,11.0
3.6581614788933785,-0.7468539712772851,11.0,413.89490113016916,4.623181954778535,0.71,0.02292664289491155,0.71,0.0,0.022917651,11.0
3.658605843955961,-0.7438692607388352,11.0,414.36282939311496,4.622554624312624,0.711,0.022926639866780854,0.711,0.0,0.022917651,11.0
3.659050920683802,-0.740878629006118,11.0,414.8348188899964,4.621924219747876,0.712,0.022926636823730535,0.712,0.0,0.022917651,11.0
3.659496452272302,-0.7378846298634829,11.0,415.3111977260127,4.621292267281639,0.7130000000000001,0.022926633759753075,0.713,0.0,0.022917651,11.0
3.6599424453328333,-0.7348872143658399,11.0,415.79202969993025,4.620658744415262,0.7140000000000001,0.0229266306745443,0.714,0.0,0.022917651,11.0
3.6603889076681053,-0.731886318243227,11.0,416.2773799990278,4.620023618085921,0.715,0.02292662756572548,0.715,0.0,0.022917651,11.0
3.6608360519660024,-0.7288789856265007,11.0,416.76736597710055,4.6193847821832374,0.7159999999999999,0.022926624013890753,0.716,0.0,0.022917651,11.0
3.6612836600426797,-0.7258680875790618,11.0,417.2620467286905,4.618744235940107,0.717,0.022926620438421585,0.717,0.0,0.022917651,11.0
3.661731738690479,-0.722853571882852,11.0,417.7614910118176,4.618101954307476,0.7180000000000001,0.022926616838971837,0.718,0.0,0.022917651,11.0
3.6621803124160976,-0.7198352570451658,11.0,418.26575606733996,4.617457853753775,0.719,0.022926613215027612,0.719,0.0,0.022917651,11.0
3.6626298003335314,-0.7168101159394027,11.0,418.77461714501834,4.616810582154848,0.7200000000000001,0.022926609564798757,0.72,0.0,0.022917651,11.0
3.6630797903032133,-0.7137811833080634,11.0,419.2884591336678,4.616161527324127,0.7209999999999999,0.022926605893965002,0.721,0.0,0.022917651,11.0
3.663530289836226,-0.7107484024270548,11.0,419.80735655148777,4.615510662583119,0.722,0.022926602202218097,0.722,0.0,0.022917651,11.0
3.6639817443620695,-0.70771051972087,11.0,420.331404268686,4.614858517281218,0.723,0.022926598574024622,0.723,0.0,0.022917651,11.0
3.6644350561163344,-0.7046649745204191,11.0,420.86074590415024,4.614206142002886,0.724,0.022926595181126858,0.724,0.0,0.022917651,11.0
3.664888879762278,-0.7016153668219849,11.0,421.39541869078255,4.613551751576357,0.7250000000000001,0.022926591760403316,0.725,0.0,0.022917651,11.0
3.6653432230125462,-0.6985616354161192,11.0,421.9355029527642,4.612895315639495,0.726,0.022926588311434737,0.726,0.0,0.022917651,11.0
3.665798304604578,-0.6955009330097697,11.0,422.4810927945542,4.612234859829702,0.727,0.022926584608086716,0.727,0.0,0.022917651,11.0
3.666254040202568,-0.6924343992436343,11.0,423.03228810747066,4.611571187598786,0.728,0.02292658075147021,0.728,0.0,0.022917651,11.0
3.666710316861136,-0.6893635647136407,11.0,423.5891718547248,4.61090537898089,0.729,0.022926576871390148,0.729,0.0,0.022917651,11.0
3.6671671184728294,-0.6862879929907352,11.0,424.15178968568614,4.610236933536821,0.73,0.022926572965870674,0.73,0.0,0.022917651,11.0
3.667624362068706,-0.683206225438387,11.0,424.72008081491083,4.609564062194268,0.7310000000000001,0.022926569028701386,0.731,0.0,0.022917651,11.0
3.668082170674974,-0.6801199338509326,11.0,425.2943328712538,4.608888926800925,0.7319999999999999,0.022926565067265023,0.732,0.0,0.022917651,11.0
3.668540553057588,-0.6770290480394229,11.0,425.8746383365815,4.608211492230773,0.7329999999999999,0.02292656108118509,0.733,0.0,0.022917651,11.0
3.6689996742062814,-0.6739314568166375,11.0,426.46097742175124,4.607530301563458,0.734,0.02292655719781958,0.734,0.0,0.022917651,11.0
3.6694594155393214,-0.6708287208475066,11.0,427.05355101622916,4.60684644577933,0.735,0.02292655331093999,0.735,0.0,0.022917651,11.0
3.669919755888027,-0.6677211602432266,11.0,427.6524808031402,4.60616016142399,0.736,0.022926549395061144,0.736,0.0,0.022917651,11.0
3.670380845365258,-0.664606130987094,11.0,428.25773308818157,4.605469408615807,0.737,0.022926545468056062,0.737,0.0,0.022917651,11.0
3.670842640781836,-0.6614845438404304,11.0,428.86947186722773,4.604774923960592,0.738,0.022926541521956847,0.738,0.0,0.022917651,11.0
3.6713050671844774,-0.6583578739029443,11.0,429.4878856071825,4.6040778805195615,0.739,0.022926537545076106,0.739,0.0,0.022917651,11.0
3.6717683796248286,-0.6552239247359349,11.0,430.1130605465962,4.603377099580839,0.7400000000000001,0.022926533450877095,0.74,0.0,0.022917651,11.0
3.6722325595165484,-0.6520828280609873,11.0,430.74512294346374,4.602672638717631,0.741,0.022926529250496302,0.741,0.0,0.022917651,11.0
3.6726973971073567,-0.6489363897762912,11.0,431.38420778006724,4.601965467019536,0.7420000000000001,0.02292652502129194,0.742,0.0,0.022917651,11.0
3.673163094862237,-0.6457823760626153,11.0,432.0303401518257,4.60125416355709,0.7430000000000001,0.022926520711769118,0.743,0.0,0.022917651,11.0
3.6736296305836067,-0.6426210673987536,11.0,432.6836624777332,4.600538919462148,0.744,0.022926516329530446,0.744,0.0,0.022917651,11.0
3.6740968580217808,-0.6394541348563151,11.0,433.34437001216025,4.599820818310145,0.7450000000000001,0.022926511915739044,0.745,0.0,0.022917651,11.0
3.6745649716294446,-0.6362787664846589,11.0,434.0126764328054,4.59909782348144,0.7460000000000001,0.022926507653153044,0.746,0.0,0.022917651,11.0
3.6750338805715868,-0.6330962933141207,11.0,434.6886760192854,4.5983709039544545,0.7470000000000001,0.02292650344638379,0.747,0.0,0.022917651,11.0
3.6755035079233984,-0.6299079174413905,11.0,435.37245520223655,4.5976409553073,0.748,0.022926499207635374,0.748,0.0,0.022917651,11.0
3.675974371781175,-0.6267095471636461,11.0,436.0639220391347,4.596905960259692,0.7490000000000001,0.022926494630811416,0.749,0.0,0.022917651,11.0
3.6764460358614555,-0.6235046334275245,11.0,436.7634178022373,4.59616762298092,0.75,0.02292648997591665,0.75,0.0,0.022917651,11.0
3.6769185907022015,-0.6202924635259344,11.0,437.4710792238016,4.595425592719302,0.751,0.022926485296182204,0.751,0.0,0.022917651,11.0
3.6773923510643662,-0.6170705532221469,11.0,438.18700276413955,4.594678644283681,0.752,0.02292648065790809,0.752,0.0,0.022917651,11.0
3.677866897545084,-0.6138421862162221,11.0,438.9114107310499,4.593928383740476,0.753,0.022926475994071566,0.753,0.0,0.022917651,11.0
3.678342482920919,-0.6106046147706041,11.0,439.6443938039114,4.593173072732372,0.7540000000000001,0.022926471089516055,0.754,0.0,0.022917651,11.0
3.6788190097418645,-0.6073589299467869,11.0,440.38613861519786,4.59241341303007,0.7550000000000001,0.022926466033131965,0.755,0.0,0.022917651,11.0
3.679296418503419,-0.6041056840349429,11.0,441.1367910676153,4.591649720453125,0.756,0.022926461019432673,0.756,0.0,0.022917651,11.0
3.6797749764521654,-0.6008413734800719,11.0,441.89634477165043,4.590879563820283,0.7569999999999999,0.022926456415607782,0.757,0.0,0.022917651,11.0
3.6802543971260784,-0.5975699712450825,11.0,442.6651715701037,4.590105766715456,0.758,0.022926451769888778,0.758,0.0,0.022917651,11.0
3.680735817292297,-0.5942858929896112,11.0,443.44441566461734,4.589327286227693,0.759,0.022926446849517446,0.759,0.0,0.022917651,11.0
3.68121846501787,-0.5909925629684193,11.0,444.23363573948393,4.588544462118249,0.76,0.022926441813367743,0.76,0.0,0.022917651,11.0
3.6817020362045163,-0.5876902072158601,11.0,445.03261929723703,4.587756308726705,0.761,0.022926436834182405,0.761,0.0,0.022917651,11.0
3.682186588303912,-0.5843780469074122,11.0,445.841532753614,4.58696227829231,0.762,0.02292643194334972,0.762,0.0,0.022917651,11.0
3.6826721134990787,-0.581057368767264,11.0,446.6606148412326,4.586163622688658,0.763,0.022926426941437806,0.763,0.0,0.022917651,11.0
3.6831590489215302,-0.5777244091633235,11.0,447.4900835464166,4.585358328061403,0.7640000000000001,0.022926421522261046,0.764,0.0,0.022917651,11.0
3.683646880137437,-0.5743834436021431,11.0,448.3300908238399,4.5845486104795805,0.7650000000000001,0.022926416052380574,0.765,0.0,0.022917651,11.0
3.684136031908025,-0.5710297759403609,11.0,449.18086929088986,4.583731469672551,0.7660000000000001,0.022926410924207115,0.766,0.0,0.022917651,11.0
3.68462612142932,-0.5676676767846689,11.0,450.04258073326497,4.582909648561636,0.767,0.022926405772762917,0.767,0.0,0.022917651,11.0
3.6851174587001463,-0.5642930486362676,11.0,450.91501338779415,4.582080286686214,0.768,0.022926400216230578,0.768,0.0,0.022917651,11.0
3.6856098208632453,-0.5609090362906747,11.0,451.7987167336479,4.581245639606506,0.7690000000000001,0.02292639454046346,0.769,0.0,0.022917651,11.0
3.686103499667456,-0.5575119152441201,11.0,452.6940172141099,4.58040314921793,0.77,0.022926389132953303,0.77,0.0,0.022917651,11.0
3.6865982652320017,-0.5541046435648936,11.0,453.6011031215725,4.579554854716294,0.7710000000000001,0.022926383768401344,0.771,0.0,0.022917651,11.0
3.6870943322148677,-0.5506844936643651,11.0,454.520184781841,4.5786988938683235,0.772,0.02292637829512532,0.772,0.0,0.022917651,11.0
3.6875915114480278,-0.5472540070427816,11.0,455.45149079165424,4.577837047313488,0.7730000000000001,0.022926372763646063,0.773,0.0,0.022917651,11.0
3.6880903110101877,-0.5438087295311722,11.0,456.39527213422343,4.5769668899401825,0.7739999999999999,0.02292636721756568,0.774,0.0,0.022917651,11.0
3.6885902818960705,-0.5403527485554652,11.0,457.3517499243179,4.576090714087189,0.775,0.022926361632446796,0.775,0.0,0.022917651,11.0
3.68909139577026,-0.5368818802233685,11.0,458.32080985314525,4.575204224899277,0.7760000000000001,0.02292635549036127,0.776,0.0,0.022917651,11.0
3.689593676226519,-0.5334001611137698,11.0,459.3030114607105,4.574311550041497,0.777,0.02292634929027105,0.777,0.0,0.022917651,11.0
3.690097403694696,-0.5299040586739812,11.0,460.2983799801737,4.57341026828023,0.778,0.022926343319672988,0.778,0.0,0.022917651,11.0
3.6906023435164035,-0.5263957209571921,11.0,461.30753528289785,4.57250160606623,0.7790000000000001,0.02292633736028826,0.779,0.0,0.022917651,11.0
3.69110854970569,-0.5228730190772581,11.0,462.3308120456886,4.571583657318977,0.7800000000000001,0.022926331492489082,0.78,0.0,0.022917651,11.0
3.6916161301710337,-0.5193354243513405,11.0,463.3684396307449,4.570656304803835,0.7810000000000001,0.022926325346142896,0.781,0.0,0.022917651,11.0
3.6921250545813504,-0.5157836921615021,11.0,464.4206796956174,4.569720184543301,0.782,0.02292631896970273,0.782,0.0,0.022917651,11.0
3.6926359148585326,-0.5122149037830637,11.0,465.48880668664015,4.568774752283481,0.7830000000000001,0.02292631294391326,0.783,0.0,0.022917651,11.0
3.6931481870155864,-0.5086324288408396,11.0,466.57205557040567,4.567821283548305,0.7839999999999999,0.022926306781747854,0.784,0.0,0.022917651,11.0
3.693662159639327,-0.5050331946795219,11.0,467.6703311980023,4.566857867357113,0.785,0.022926300007623943,0.785,0.0,0.022917651,11.0
3.6941768113058755,-0.5014179299600527,11.0,468.78452996312046,4.565881122809975,0.786,0.022926293560693617,0.786,0.0,0.022917651,11.0
3.694692315295733,-0.4977876830385933,11.0,469.91486002224667,4.564892796277999,0.787,0.02292628731788146,0.787,0.0,0.022917651,11.0
3.695209438874476,-0.49414119103953297,11.0,471.0616238913139,4.5638947240399235,0.788,0.022926280905802735,0.788,0.0,0.022917651,11.0
3.6957280416637976,-0.49047856618417474,11.0,472.2249951323144,4.562886437307589,0.789,0.022926274027296918,0.789,0.0,0.022917651,11.0
3.696248154725803,-0.48679936229363263,11.0,473.4053027873605,4.56186761417041,0.79,0.022926266640359703,0.79,0.0,0.022917651,11.0
3.696769953124262,-0.48309989400821024,11.0,474.6028140182762,4.560835264395787,0.791,0.022926260179894384,0.791,0.0,0.022917651,11.0
3.6972931578730712,-0.47938406834840136,11.0,475.8178991005166,4.559792172588111,0.792,0.02292625368129572,0.792,0.0,0.022917651,11.0
3.6978178298517435,-0.4756512608767044,11.0,477.0508890845506,4.558737960686066,0.793,0.022926247040158977,0.793,0.0,0.022917651,11.0
3.698344452453166,-0.47189649838288883,11.0,478.3020642246867,4.557669629070489,0.7940000000000002,0.02292623930980312,0.794,0.0,0.022917651,11.0
3.6988726199529744,-0.4681228651590356,11.0,479.57198290245987,4.556588579839684,0.7949999999999999,0.022926232197245995,0.795,0.0,0.022917651,11.0
3.6994023707585795,-0.46433068567771646,11.0,480.8610199885569,4.555495309791381,0.796,0.022926225368644138,0.796,0.0,0.022917651,11.0
3.6999337606620704,-0.4605196609437971,11.0,482.16953334762076,4.554389763320853,0.797,0.022926218522213642,0.797,0.0,0.022917651,11.0
3.700466968118336,-0.45668579759551875,11.0,483.4978656146627,4.55326866569914,0.7980000000000002,0.02292621053657851,0.798,0.0,0.022917651,11.0
3.701001666288955,-0.4528313425578524,11.0,484.84652262482416,4.552132912684528,0.799,0.02292620308681785,0.799,0.0,0.022917651,11.0
3.701538296689448,-0.44895538069444846,11.0,486.21582036848497,4.550983384827097,0.8000000000000002,0.022926195991580234,0.8,0.0,0.022917651,11.0
3.70193805708317,-0.44601398574333956,11.0,486.7988406815567,4.550152568503242,0.801,0.022926195127221525,0.801,0.0,0.022917651,11.0
3.70233801465967,-0.44306762632307145,11.0,487.38762236034523,4.549317571802061,0.8020000000000002,0.02292619410278365,0.802,0.0,0.022917651,11.0
3.7027382994472573,-0.44011409139631597,11.0,487.9822343023075,4.5484766937850125,0.803,0.022926192585872716,0.803,0.0,0.022917651,11.0
3.703138734375931,-0.4371564436872527,11.0,488.58275213714717,4.547632303583689,0.804,0.022926191066261817,0.804,0.0,0.022917651,11.0
3.703539323920482,-0.43419206919787817,11.0,489.1892947525333,4.546781815476887,0.805,0.022926189983308327,0.805,0.0,0.022917651,11.0
3.703940061994863,-0.43122280362718507,11.0,489.8019175020327,4.545927033211118,0.8060000000000002,0.022926189007767717,0.806,0.0,0.022917651,11.0
3.704341053398059,-0.4282476385076987,11.0,490.4207017008361,4.545067362145307,0.807,0.022926188064994742,0.807,0.0,0.022917651,11.0
3.704742351508894,-0.42526566273243005,11.0,491.0457416600679,4.544202103331418,0.808,0.022926187181962137,0.808,0.0,0.022917651,11.0
3.7051437820919837,-0.42227907009988547,11.0,491.67708703336376,4.543332757454206,0.8090000000000002,0.022926186254030666,0.809,0.0,0.022917651,11.0
3.7055451024122963,-0.41928422389506226,11.0,492.31487841258075,4.542454714929308,0.8100000000000002,0.02292618466942017,0.81,0.0,0.022917651,11.0
3.705946579654511,-0.416284896659671,11.0,492.9591336853022,4.541572819077838,0.8110000000000003,0.022926183091175008,0.811,0.0,0.022917651,11.0
3.7063479776519896,-0.41327896516362467,11.0,493.60992102749077,4.540684009185262,0.8120000000000002,0.02292618200052598,0.812,0.0,0.022917651,11.0
3.706749473399157,-0.41026779844065053,11.0,494.267320050187,4.539790357075737,0.8130000000000002,0.02292618104417782,0.8130000000000001,0.0,0.022917651,11.0
3.7071511210627985,-0.40724967085481983,11.0,494.93158232862777,4.5388903462383965,0.8140000000000002,0.022926180057946454,0.8140000000000001,0.0,0.022917651,11.0
3.707552894986944,-0.40422473052814234,11.0,495.6028134949153,4.537984022933716,0.8150000000000002,0.02292617904372464,0.8150000000000001,0.0,0.022917651,11.0
3.707954834827393,-0.4011934794497954,11.0,496.2810200030616,4.537072053338871,0.8160000000000002,0.022926177824678807,0.8160000000000001,0.0,0.022917651,11.0
3.708356967075395,-0.3981542586058634,11.0,496.96637761077216,4.536152884974134,0.8170000000000002,0.022926176202307916,0.8170000000000001,0.0,0.022917651,11.0
3.7087591768387873,-0.3951093553068509,11.0,497.65885134792273,4.5352283459292,0.8180000000000001,0.02292617466649548,0.8180000000000001,0.0,0.022917651,11.0
3.709161267904651,-0.3920558245427766,11.0,498.3585533442772,4.534294712184641,0.8190000000000001,0.0229261735401356,0.8190000000000001,0.0,0.022917651,11.0
3.7095634939159394,-0.3889970401672188,11.0,499.06555249557255,4.533356363226008,0.8200000000000001,0.022926172373427083,0.8200000000000001,0.0,0.022917651,11.0
3.709965814978858,-0.3859303055312264,11.0,499.7800167068883,4.532410427604355,0.8210000000000001,0.022926170807136062,0.8210000000000001,0.0,0.022917651,11.0
3.710368275580177,-0.3828583684835096,11.0,500.50196440139024,4.5314598476835455,0.822,0.02292616923769526,0.8220000000000001,0.0,0.022917651,11.0
3.710771007925176,-0.37977669132951697,11.0,501.2316588319123,4.5305006260857095,0.8230000000000002,0.022926168197363313,0.8230000000000001,0.0,0.022917651,11.0
3.711173881577904,-0.37668968558621546,11.0,501.96904409767154,4.529536641249191,0.8240000000000001,0.02292616714290596,0.8240000000000001,0.0,0.022917651,11.0
3.7115769895105433,-0.3735926637848866,11.0,502.7143879827873,4.528563577972988,0.8250000000000001,0.02292616579123212,0.8250000000000001,0.0,0.022917651,11.0
3.7119802403800186,-0.3704900577159127,11.0,503.4676378577773,4.527585502036116,0.8260000000000002,0.022926164423865622,0.8260000000000001,0.0,0.022917651,11.0
3.712383844396506,-0.36737721751681696,11.0,504.2289493897094,4.526598606394121,0.8270000000000002,0.022926162963342368,0.8270000000000001,0.0,0.022917651,11.0
3.712787610050098,-0.364258452791322,11.0,504.9983896146651,4.5256064326636665,0.8280000000000002,0.022926161501964883,0.8280000000000001,0.0,0.022917651,11.0
3.7131917221450585,-0.3611291824545162,11.0,505.77632791840466,4.524605133995244,0.8290000000000002,0.022926160179029768,0.8290000000000001,0.0,0.022917651,11.0
3.7135960107359915,-0.3579934332549939,11.0,506.5626434044868,4.523598062368469,0.8300000000000003,0.02292615887073945,0.8300000000000001,0.0,0.022917651,11.0
3.714000626633725,-0.35484782242184865,11.0,507.35759570587607,4.5225824368200955,0.8310000000000001,0.022926157599343626,0.8310000000000001,0.0,0.022917651,11.0
3.714405409730557,-0.35169500128085657,11.0,508.1611526272701,4.5215602702472655,0.8320000000000002,0.022926156370366504,0.8320000000000001,0.0,0.022917651,11.0
3.7148103866373123,-0.34853291817550014,11.0,508.9734703015136,4.520529618478528,0.8330000000000001,0.02292615524932996,0.833,0.0,0.022917651,11.0
3.7152155721101177,-0.34536251695807535,11.0,509.7946926822069,4.519491485513316,0.8340000000000001,0.022926153817957054,0.834,0.0,0.022917651,11.0
3.7156209760320538,-0.3421832321094504,11.0,510.6249660005444,4.518445345839251,0.8350000000000001,0.022926152022766384,0.835,0.0,0.022917651,11.0
3.7160264705717236,-0.3389947317751361,11.0,511.4644795833049,4.517390348706919,0.8360000000000001,0.02292615064218564,0.836,0.0,0.022917651,11.0
3.7164320801895014,-0.3357983217749386,11.0,512.3132913117397,4.516327899960749,0.8370000000000001,0.022926149465812642,0.837,0.0,0.022917651,11.0
3.7168382009146708,-0.332589939255187,11.0,513.1717569702256,4.515255525858514,0.838,0.022926147707823193,0.838,0.0,0.022917651,11.0
3.7172443859680664,-0.32937347017375196,11.0,514.0397735858112,4.514175323108355,0.8390000000000001,0.022926145987401687,0.839,0.0,0.022917651,11.0
3.7176501379660265,-0.3261460071033741,11.0,514.9175545004643,4.513082395331154,0.8400000000000001,0.022926144792839942,0.84,0.0,0.022917651,11.0
3.7180558011096534,-0.3229105563816952,11.0,515.8050427474282,4.511981119475837,0.8410000000000001,0.022926143408377637,0.841,0.0,0.022917651,11.0
3.7184613502980564,-0.31966683393352,11.0,516.7023689779138,4.5108711100825225,0.8420000000000001,0.022926141817986825,0.842,0.0,0.022917651,11.0
3.7188671091511916,-0.3164119896058904,11.0,517.6098505410738,4.5097508247131195,0.8430000000000001,0.022926140290680297,0.843,0.0,0.022917651,11.0
3.7192729972819922,-0.3131480972589718,11.0,518.5275591931776,4.508622009974197,0.844,0.022926138723936024,0.844,0.0,0.022917651,11.0
3.7196788716650286,-0.3098721458348022,11.0,519.4556835606089,4.507481079314319,0.8449999999999999,0.02292613690402066,0.845,0.0,0.022917651,11.0
3.720085200410501,-0.3065855036750571,11.0,520.3944825094719,4.50633128256813,0.8460000000000001,0.022926135348153548,0.846,0.0,0.022917651,11.0
3.720491926444616,-0.3032886699490475,11.0,521.3440847980762,4.505172889073226,0.8469999999999999,0.022926133999034707,0.847,0.0,0.022917651,11.0
3.720899018175518,-0.2999787855760876,11.0,522.3047852128931,4.5040029036188995,0.848,0.022926132537152383,0.848,0.0,0.022917651,11.0
3.72130621074525,-0.29665890667441325,11.0,523.2764896773102,4.5028233203709895,0.849,0.022926130971641662,0.849,0.0,0.022917651,11.0
3.7217134748809104,-0.2933282019690148,11.0,524.2593657914204,4.501633188709813,0.8500000000000001,0.022926129281757312,0.85,0.0,0.022917651,11.0
3.7221195258389255,-0.28998509540393164,11.0,525.2542752624404,4.500425814172464,0.851,0.022926128008048056,0.851,0.0,0.022917651,11.0
3.722525637012753,-0.2866314627684572,11.0,526.2608303145546,4.499208149358919,0.8520000000000001,0.022926126661329902,0.852,0.0,0.022917651,11.0
3.722932053520211,-0.2832666200677363,11.0,527.2791630867833,4.497980484954357,0.853,0.022926125093159742,0.853,0.0,0.022917651,11.0
3.72333825213207,-0.2798871071715442,11.0,528.3096457629457,4.49673730132144,0.854,0.022926123164715824,0.854,0.0,0.022917651,11.0
3.7237442045851283,-0.2764965944422101,11.0,529.3519505255746,4.495482127578926,0.855,0.022926121469052586,0.855,0.0,0.022917651,11.0
3.7241499122034525,-0.2730950111580559,11.0,530.4061791530077,4.494214895044113,0.856,0.02292612004510417,0.856,0.0,0.022917651,11.0
3.7245558543235036,-0.26967963999386163,11.0,531.4724214580019,4.492934815089631,0.857,0.02292611805779767,0.857,0.0,0.022917651,11.0
3.7249619920644657,-0.26625117735663545,11.0,532.5513530741376,4.491642430346959,0.858,0.022926116415619598,0.858,0.0,0.022917651,11.0
3.725368239726485,-0.26280973259977003,11.0,533.6430526346239,4.490337503010361,0.859,0.022926114822210863,0.859,0.0,0.022917651,11.0
3.7257744684822485,-0.2593545185049106,11.0,534.7475169771234,4.4890187240399175,0.86,0.022926112813251912,0.86,0.0,0.022917651,11.0
3.7261807581734003,-0.25588425208623705,11.0,535.8648954223223,4.4876851484758165,0.861,0.022926111128528173,0.861,0.0,0.022917651,11.0
3.726586928135305,-0.25240053475333124,11.0,536.995310117758,4.486337632069023,0.862,0.022926109354757657,0.862,0.0,0.022917651,11.0
3.7269927890038606,-0.24890366321317903,11.0,538.1388055036435,4.484975724283727,0.863,0.02292610745886176,0.863,0.0,0.022917651,11.0
3.7273980007983685,-0.245394124439813,11.0,539.2952863210152,4.4835985824547935,0.864,0.022926105488479107,0.864,0.0,0.022917651,11.0
3.727804007569049,-0.2418682863623955,11.0,540.4649933293232,4.482208286928933,0.865,0.022926103843646243,0.865,0.0,0.022917651,11.0
3.7282099505297714,-0.2383274403095708,11.0,541.648485825856,4.48080273816652,0.866,0.022926101917869385,0.866,0.0,0.022917651,11.0
3.728615653296832,-0.23477178558535325,11.0,542.8460374667424,4.479381421996984,0.867,0.022926100047008232,0.867,0.0,0.022917651,11.0
3.7290211937346363,-0.23120113503466944,11.0,544.0577617562022,4.477944455176417,0.8680000000000001,0.022926098353366287,0.868,0.0,0.022917651,11.0
3.729427239083352,-0.2276137151041265,11.0,545.2833571234099,4.476492742415213,0.8690000000000001,0.02292609625700088,0.869,0.0,0.022917651,11.0
3.7298331061938086,-0.224009151722374,11.0,546.5233373745114,4.475023159946415,0.8700000000000001,0.022926095448148675,0.87,0.0,0.022917651,11.0
3.7302386486763983,-0.2203875805486812,11.0,547.7777993451414,4.473535286728379,0.871,0.022926093795136073,0.871,0.0,0.022917651,11.0
3.7306438270956486,-0.21675000639203082,11.0,549.0468308895817,4.472029952019055,0.872,0.02292609175837333,0.872,0.0,0.022917651,11.0
3.7310488360818184,-0.21309608276824757,11.0,550.3306597690482,4.470507588451799,0.8730000000000001,0.02292608983015593,0.873,0.0,0.022917651,11.0
3.7314538383011775,-0.20942461277717161,11.0,551.6295103078155,4.468967657081124,0.874,0.022926088002412595,0.874,0.0,0.022917651,11.0
3.7318587460047405,-0.20573474918999798,11.0,552.9434340746409,4.467408953162903,0.875,0.02292608589923494,0.875,0.0,0.022917651,11.0
3.7322635716630934,-0.20202661546014378,11.0,554.2723555747849,4.465831640477552,0.876,0.022926084086634286,0.876,0.0,0.022917651,11.0
3.732667957270232,-0.19829826072226267,11.0,555.6162217790792,4.464232372284615,0.877,0.022926081975050406,0.877,0.0,0.022917651,11.0
3.7330693132693655,-0.19455213298888582,11.0,556.9758010510242,4.462603172700087,0.878,0.022926079844591708,0.878,0.0,0.022917651,11.0
3.733470047777609,-0.19078857356927414,11.0,558.3506561162234,4.46095407624081,0.879,0.022926077943873066,0.879,0.0,0.022917651,11.0
3.7338704283548503,-0.1870042482178703,11.0,559.740321590657,4.459282798675557,0.88,0.02292607580690834,0.88,0.0,0.022917651,11.0
3.7342700713105534,-0.18319990890808296,11.0,561.1447536733798,4.457588559572042,0.8809999999999999,0.022926073820960596,0.881,0.0,0.022917651,11.0
3.734669033629795,-0.17937612352869176,11.0,562.5643502418116,4.455872148394159,0.882,0.022926071721532205,0.882,0.0,0.022917651,11.0
3.735067866197323,-0.1755310459025891,11.0,563.9991877931216,4.454133936101836,0.883,0.022926069505694528,0.883,0.0,0.022917651,11.0
3.735466612542032,-0.17166372370020766,11.0,565.4493941143368,4.452373126427156,0.8840000000000001,0.022926067379506806,0.884,0.0,0.022917651,11.0
3.735864936224809,-0.16777421528115377,11.0,566.9149776741662,4.450588434363799,0.885,0.022926065276312142,0.885,0.0,0.022917651,11.0
3.7362628520205643,-0.1638617637915058,11.0,568.3957047854805,4.448779165394764,0.8860000000000001,0.022926063063354804,0.886,0.0,0.022917651,11.0
3.7366608297671884,-0.15992578695228843,11.0,569.8916440819942,4.446946617802636,0.8870000000000001,0.022926060976518732,0.887,0.0,0.022917651,11.0
3.737058359746155,-0.1559658369913163,11.0,571.4029943318842,4.445088323817976,0.888,0.022926058755602528,0.888,0.0,0.022917651,11.0
3.737455445899703,-0.1519813676873765,11.0,572.9294960809492,4.443203721159617,0.889,0.022926057913627184,0.889,0.0,0.022917651,11.0
3.7378520022188426,-0.14797361723988903,11.0,574.4710530757434,4.441293729513717,0.89,0.022926055902005887,0.89,0.0,0.022917651,11.0
3.738248008007797,-0.14393922205599524,11.0,576.0267835040768,4.439354882028234,0.8910000000000001,0.02292605367767612,0.891,0.0,0.022917651,11.0
3.7386432436115804,-0.13987876850249095,11.0,577.5976452471369,4.437386886765575,0.892,0.02292605138138086,0.892,0.0,0.022917651,11.0
3.7390384372042904,-0.13579053779514955,11.0,579.183247554375,4.435390949699884,0.893,0.022926049115665106,0.893,0.0,0.022917651,11.0
3.739432423206407,-0.13167414931103844,11.0,580.7836531889485,4.433362041229411,0.894,0.022926046868003307,0.894,0.0,0.022917651,11.0
3.7398251231449526,-0.1275321551076811,11.0,582.398830861915,4.431302367193057,0.895,0.022926044543497115,0.895,0.0,0.022917651,11.0
3.740217079333635,-0.12336307329983193,11.0,584.0287937159143,4.429212640125492,0.896,0.022926042256396464,0.896,0.0,0.022917651,11.0
3.7406081066475605,-0.11916242412166635,11.0,585.672272626734,4.427087622685761,0.897,0.022926039910678445,0.897,0.0,0.022917651,11.0
3.7409980983234608,-0.11493064837808063,11.0,587.3299749259236,4.424927346113591,0.898,0.022926037554227167,0.898,0.0,0.022917651,11.0
3.741383704812996,-0.11066867856064976,11.0,589.0022805099535,4.422719325630588,0.899,0.022926035190804727,0.899,0.0,0.022917651,11.0
3.741767172782352,-0.10637811481969324,11.0,590.6892723477758,4.420474155751138,0.9000000000000001,0.022926032789981964,0.9,0.0,0.022917651,11.0
3.7420505797137373,-0.10324262026516626,11.0,591.6116298243052,4.418929865238368,0.901,0.022926032255419688,0.901,0.0,0.022917651,11.0
3.742333276501209,-0.10009753737516099,11.0,592.5416606534094,4.417373149750578,0.902,0.02292603172114589,0.902,0.0,0.022917651,11.0
3.7426152739425005,-0.09694258779358134,11.0,593.4794121106828,4.415803769188399,0.903,0.022926031184032355,0.903,0.0,0.022917651,11.0
3.742896475607204,-0.09377671852279033,11.0,594.4241302380518,4.414220270474065,0.904,0.022926030638401474,0.904,0.0,0.022917651,11.0
3.7431771665324027,-0.09060007123266044,11.0,595.3764331066693,4.412623969682852,0.905,0.022926030097359693,0.905,0.0,0.022917651,11.0
3.7434574590798366,-0.08741273400885585,11.0,596.3366840211768,4.411015377253283,0.906,0.022926029560271854,0.906,0.0,0.022917651,11.0
3.7437372968444693,-0.08421488951565083,11.0,597.3050991830418,4.409394453277745,0.907,0.022926029022816402,0.907,0.0,0.022917651,11.0
3.74401655198633,-0.0810073117221544,11.0,598.2821220436948,4.407761474648859,0.908,0.02292602847786578,0.908,0.0,0.022917651,11.0
3.7442950697395445,-0.07778810972051403,11.0,599.2669463983524,4.4061139003175,0.9090000000000003,0.02292602793169467,0.909,0.0,0.022917651,11.0
3.7445728436457206,-0.07455760647569305,11.0,600.2604194286707,4.404452073088164,0.91,0.02292602739277133,0.91,0.0,0.022917651,11.0
3.7448499615767066,-0.07131620657663922,11.0,601.2631441906667,4.402776724939144,0.911,0.022926026853294583,0.911,0.0,0.022917651,11.0
3.745126434260941,-0.06806389303118664,11.0,602.2754137259171,4.401087872985829,0.912,0.0229260263091403,0.912,0.0,0.022917651,11.0
3.7454022014966326,-0.06480041214960386,11.0,603.2973593279816,4.399385028730982,0.9130000000000003,0.02292602576066971,0.913,0.0,0.022917651,11.0
3.7456770849018644,-0.061525005359583246,11.0,604.3290142712,4.397666740410134,0.9140000000000001,0.02292602521842145,0.914,0.0,0.022917651,11.0
3.7459510744663063,-0.058238617350884696,11.0,605.370863943268,4.395933888812752,0.915,0.022926024679280718,0.915,0.0,0.022917651,11.0
3.7462241631936473,-0.05494110964955384,11.0,606.4235883906799,4.394186304693261,0.9160000000000003,0.022926025111678364,0.916,0.0,0.022917651,11.0
3.746496139130408,-0.051631384005017884,11.0,607.4875930810645,4.392422061702474,0.9170000000000001,0.022926025081943392,0.917,0.0,0.022917651,11.0
3.7467667946627587,-0.04830943403281628,11.0,608.5635015296475,4.390640315355598,0.918,0.022926024512395678,0.918,0.0,0.022917651,11.0
3.7470360992420733,-0.04497664488808624,11.0,609.6518528747504,4.388842319086964,0.9189999999999999,0.022926023941721066,0.919,0.0,0.022917651,11.0
3.747304131529028,-0.04163444451457798,11.0,610.7529290342571,4.3870298247098605,0.9200000000000002,0.022926023437497698,0.92,0.0,0.022917651,11.0
3.7475706513693243,-0.038281303378868536,11.0,611.8671577715139,4.385200333178152,0.921,0.022926023191989015,0.921,0.0,0.022917651,11.0
3.747835897312426,-0.03491577629574577,11.0,612.9955064419943,4.383353364353204,0.922,0.02292602263914558,0.922,0.0,0.022917651,11.0
3.74809995976954,-0.03153778253936953,11.0,614.1388747763169,4.381489192016538,0.9230000000000002,0.02292602208317601,0.923,0.0,0.022917651,11.0
3.7483627629211185,-0.028147951583802296,11.0,615.297992896789,4.379608150432755,0.9240000000000002,0.02292602153236294,0.924,0.0,0.022917651,11.0
3.7486242128064826,-0.02474659398067879,11.0,616.4735961943996,4.377710158213009,0.9250000000000002,0.022926020973832915,0.925,0.0,0.022917651,11.0
3.7488842004253287,-0.02133401825653073,11.0,617.6665381820185,4.375795107528596,0.926,0.022926020422164257,0.926,0.0,0.022917651,11.0
3.74914203322681,-0.01790971808828222,11.0,618.8778697133669,4.37385972121993,0.9270000000000003,0.02292601987216701,0.927,0.0,0.022917651,11.0
3.749396614657982,-0.014475087849335197,11.0,620.1083999873289,4.371900990558322,0.9280000000000002,0.022926019317731007,0.928,0.0,0.022917651,11.0
3.7496486103646043,-0.01103202175292351,11.0,621.358868684251,4.369923483315425,0.929,0.022926018754825354,0.929,0.0,0.022917651,11.0
3.7498987943640394,-0.007579495307196379,11.0,622.6305816627126,4.367929273672963,0.9300000000000003,0.02292601819406074,0.93,0.0,0.022917651,11.0
3.7501468510553058,-0.004116333752727058,11.0,623.9248063032851,4.365915913849459,0.9310000000000002,0.022926017638922356,0.931,0.0,0.022917651,11.0
3.7503925540833034,-0.0006426435680899907,11.0,625.2426179410871,4.363882610127538,0.932,0.02292601708026272,0.932,0.0,0.022917651,11.0
3.750636033291332,0.0028411980595229786,11.0,626.5852580262913,4.3618302630460795,0.933,0.02292601651987922,0.933,0.0,0.022917651,11.0
3.7508772633216734,0.006334515644703128,11.0,627.9540101669057,4.359759435536341,0.9340000000000003,0.022926015960119596,0.934,0.0,0.022917651,11.0
3.7511160277984468,0.009836442231954397,11.0,629.35003489652,4.357670139464081,0.935,0.022926015397604166,0.935,0.0,0.022917651,11.0
3.7513521984472447,0.013346600308443878,11.0,630.7740594527211,4.355562238869549,0.9360000000000002,0.022926014835496597,0.936,0.0,0.022917651,11.0
3.751585673316267,0.01686531162398061,11.0,632.2266643204184,4.353434996625802,0.937,0.02292601427453837,0.937,0.0,0.022917651,11.0
3.7518154922711346,0.020392075785224582,11.0,633.7085454893542,4.351285085173913,0.9380000000000001,0.02292601371308134,0.9380000000000001,0.0,0.022917651,11.0
3.7520416515108437,0.023926127020786045,11.0,635.2204656320403,4.349113249048497,0.9390000000000001,0.022926013152569848,0.9390000000000001,0.0,0.022917651,11.0
3.752264482595994,0.027467563216152405,11.0,636.7622973745727,4.34692071240864,0.9400000000000002,0.022926012594486667,0.9400000000000001,0.0,0.022917651,11.0
3.752483411921098,0.031016343618030424,11.0,638.3329990537856,4.344705217950369,0.9410000000000001,0.02292601202624025,0.9410000000000001,0.0,0.022917651,11.0
3.7526988398994394,0.034572366678998934,11.0,639.9310657558162,4.342468482396623,0.9420000000000001,0.022926011452243853,0.9420000000000001,0.0,0.022917651,11.0
3.752910645259395,0.03813569007683666,11.0,641.5545785440927,4.340209956334092,0.9430000000000001,0.02292601088668365,0.9430000000000001,0.0,0.022917651,11.0
3.753118726422642,0.04170686237313153,11.0,643.2017948398521,4.337928680095089,0.9440000000000001,0.02292601031450086,0.9440000000000001,0.0,0.022917651,11.0
3.753322827179106,0.045287708306615895,11.0,644.8686330900846,4.33562181762282,0.9450000000000002,0.022926009739198564,0.9450000000000001,0.0,0.022917651,11.0
3.7535233958444634,0.04887873875421495,11.0,646.5490255841104,4.333290637399029,0.9460000000000001,0.022926009171837108,0.9460000000000001,0.0,0.022917651,11.0
3.7537204466404575,0.05248042588351147,11.0,648.2393533589681,4.330934735711537,0.9470000000000001,0.022926008609328603,0.9470000000000001,0.0,0.022917651,11.0
3.753914067207035,0.0560957377409359,11.0,649.9329966402348,4.328551478648119,0.9480000000000002,0.02292600804593876,0.9480000000000001,0.0,0.022917651,11.0
3.7541043511966645,0.059726443123879626,11.0,651.6241468019462,4.326139485342672,0.9490000000000001,0.022926007527596347,0.9490000000000001,0.0,0.022917651,11.0
3.7542922339683322,0.06337648002767374,11.0,653.3305284165118,4.3236985434284225,0.9500000000000001,0.022926007016401465,0.9500000000000001,0.0,0.022917651,11.0
3.7544789710711113,0.06705150706908138,11.0,655.0912146424416,4.321228042065736,0.9510000000000002,0.02292600644944405,0.9510000000000001,0.0,0.022917651,11.0
3.7546638255349207,0.07074927244492821,11.0,656.918799535637,4.318727275562604,0.9520000000000001,0.022926005873900084,0.9520000000000001,0.0,0.022917651,11.0
3.754845577125324,0.0744700076697574,11.0,658.8174526845542,4.3161911240822075,0.9530000000000001,0.022926005592866002,0.9530000000000001,0.0,0.022917651,11.0
3.7550244794029495,0.07821503187260975,11.0,660.7892172923939,4.313619276949368,0.9540000000000002,0.02292600554679815,0.9540000000000001,0.0,0.022917651,11.0
3.7552002442966415,0.08198952887856037,11.0,662.8284902161037,4.3110054181195725,0.9550000000000001,0.022926004943533394,0.9550000000000001,0.0,0.022917651,11.0
3.755373256212724,0.08579534441445026,11.0,664.9326145373811,4.30834921561473,0.9560000000000001,0.02292600435727376,0.9560000000000001,0.0,0.022917651,11.0
3.7555423642302665,0.08963555486338136,11.0,667.1029054091018,4.305643029298371,0.9570000000000001,0.022926003760505673,0.9570000000000001,0.0,0.022917651,11.0
3.7557075583846427,0.09351366557018455,11.0,669.3379424937339,4.302883266869626,0.9580000000000002,0.02292600321710463,0.9580000000000001,0.0,0.022917651,11.0
3.7558695455714055,0.09743082392313905,11.0,671.6344947698481,4.300071628464968,0.9590000000000002,0.022926002762627535,0.9590000000000001,0.0,0.022917651,11.0
3.756028073309701,0.10138794376034166,11.0,673.9912807651086,4.297206188323905,0.96,0.02292600217530986,0.96,0.0,0.022917651,11.0
3.7561831558103065,0.10539178260521344,11.0,676.4147063686906,4.294280256801531,0.961,0.022926001564718367,0.961,0.0,0.022917651,11.0
3.7563343096471398,0.10943871390008804,11.0,678.9016899337079,4.291295522613688,0.962,0.022926000968066084,0.962,0.0,0.022917651,11.0
3.756481306254086,0.11352917110980348,11.0,681.4553799443381,4.288250613768523,0.9630000000000001,0.02292600040689135,0.963,0.0,0.022917651,11.0
3.756623262726279,0.11765796532712906,11.0,684.0909452843864,4.285147221715585,0.964,0.022925999908887457,0.964,0.0,0.022917651,11.0
3.7567596439512876,0.12183493461867077,11.0,686.8058689585189,4.281973364734722,0.965,0.02292599930203517,0.965,0.0,0.022917651,11.0
3.7568896267311565,0.12605811667318162,11.0,689.6224595749337,4.278727689691326,0.9660000000000001,0.022925998701049843,0.966,0.0,0.022917651,11.0
3.7570179246012843,0.1303350233944657,11.0,692.5764631284543,4.275421548420937,0.967,0.022925998397878393,0.967,0.0,0.022917651,11.0
3.7571468669128794,0.1346624025363222,11.0,695.6830685826923,4.272067503471168,0.9680000000000001,0.022925998302611186,0.968,0.0,0.022917651,11.0
3.7572742915783715,0.1390390396748666,11.0,698.9674557036496,4.268658143844683,0.969,0.022925997714229197,0.969,0.0,0.022917651,11.0
3.7574033298696827,0.1434830180596307,11.0,702.7338715573466,4.265187883349435,0.9700000000000002,0.022925997074448,0.97,0.0,0.022917651,11.0
3.757529342558692,0.14795895935773357,11.0,707.9911897007504,4.261673573813644,0.9709999999999999,0.02292599642684379,0.971,0.0,0.022917651,11.0
3.7576411835408314,0.15249772618056864,11.0,713.6309507902356,4.258039746004208,0.972,0.022925995774086733,0.972,0.0,0.022917651,11.0
3.757793819125146,0.15733668445334867,11.0,720.37985752265,4.254268901006423,0.9730000000000001,0.022925995248940456,0.973,0.0,0.022917651,11.0
3.7579088950362975,0.16190506689185108,11.0,728.0440602236839,4.2506184054562475,0.974,0.022925994597452856,0.974,0.0,0.022917651,11.0
3.7579883629855746,0.1665845151798556,11.0,735.8301511370978,4.246714403379156,0.975,0.02292599455932639,0.975,0.0,0.022917651,11.0
3.7580584306815963,0.17131462519025045,11.0,743.7278214513447,4.242722143746853,0.976,0.022925993959507136,0.976,0.0,0.022917651,11.0
3.758118666347469,0.17609526035760817,11.0,751.7402115957258,4.238640023611457,0.9770000000000001,0.02292599340969169,0.977,0.0,0.022917651,11.0
3.7581667179308433,0.18092683860519557,11.0,759.8693268120038,4.234458222540486,0.978,0.02292599334324793,0.978,0.0,0.022917651,11.0
3.758202476373474,0.18580979986468207,11.0,768.1178095838854,4.230175875892467,0.979,0.02292599267658489,0.979,0.0,0.022917651,11.0
3.7582261227748948,0.19074550289820516,11.0,776.4889967194549,4.225792326012106,0.9800000000000001,0.02292599265012195,0.98,0.0,0.022917651,11.0
3.7582365675767333,0.19573470247263064,11.0,784.9851848350232,4.221302469834748,0.981,0.022925992293404897,0.981,0.0,0.022917651,11.0
3.7582238539036226,0.20080483818631648,11.0,793.6831986265922,4.216639062821305,0.982,0.022925991909616555,0.982,0.0,0.022917651,11.0
3.75820855262431,0.20589200938184,11.0,802.4458685168765,4.211948272421752,0.983,0.022925991481696047,0.983,0.0,0.022917651,11.0
3.758169689370087,0.21105272760896732,11.0,811.3700767785964,4.207089677381951,0.9840000000000001,0.022925991301109644,0.984,0.0,0.022917651,11.0
3.758117634360043,0.21625923036926556,11.0,820.4082833546308,4.202132525827754,0.985,0.022925991213034305,0.985,0.0,0.022917651,11.0
3.7580461942876684,0.22152216953267492,11.0,829.5812639279709,4.197041397850803,0.986,0.02292599118216028,0.986,0.0,0.022917651,11.0
3.75795259449139,0.2268481895678163,11.0,838.9014982353432,4.191798550108583,0.9870000000000001,0.022925991211261595,0.987,0.0,0.022917651,11.0
3.7578407881347724,0.23222207517148127,11.0,848.3450238785626,4.186435014538906,0.988,0.02292599124972649,0.988,0.0,0.022917651,11.0
3.7576996617570075,0.23766600690666834,11.0,857.9538940491807,4.180884159782477,0.989,0.02292599134020532,0.989,0.0,0.022917651,11.0
3.757537332781735,0.24315731751999511,11.0,867.6901821380054,4.175201109598902,0.99,0.02292599179452989,0.99,0.0,0.022917651,11.0
3.757341804556982,0.24871576982286636,11.0,877.5939750748578,4.1693181101067625,0.9910000000000001,0.022925992882734853,0.991,0.0,0.022917651,11.0
3.757117488986036,0.25432910997930275,11.0,887.6456352434071,4.163265082690949,0.992,0.02292599365339359,0.992,0.0,0.022917651,11.0
3.7568628163717404,0.2599998272049313,11.0,897.851017542137,4.157033260417221,0.993,0.022925994014002506,0.993,0.0,0.022917651,11.0
3.756562901071398,0.2657354283700875,11.0,908.2401384119031,4.150555567077531,0.9940000000000001,0.022925995337036646,0.994,0.0,0.022917651,11.0
3.756240800857823,0.2715102675771264,11.0,918.7523007749107,4.143949888168988,0.995,0.022925996966585833,0.995,0.0,0.022917651,11.0
3.755847003016987,0.2773603256747809,11.0,929.498458955875,4.136982224599766,0.996,0.022925999561328476,0.996,0.0,0.022917651,11.0
3.755421055363989,0.2832464780929198,11.0,940.3803022522728,4.129849862864027,0.997,0.022926001930377023,0.997,0.0,0.022917651,11.0
3.754942109508161,0.289181298305618,11.0,951.4429014792597,4.122456830709573,0.9980000000000001,0.022926003970182844,0.998,0.0,0.022917651,11.0
3.754384907802595,0.2951562692703367,11.0,962.7153283497779,4.1147106219113905,0.999,0.02292600796610221,0.999,0.0,0.022917651,11.0
3.7537691463591876,0.30115616927896877,11.0,974.1535908850416,4.106705253544012,1.0,0.022926012802819768,1.0,0.0,0.022917651,11.0
3.7533977161164627,0.3053487910447678,11.0,981.3809939216516,4.101440848516632,1.0010000000000001,0.02292601780185657,1.0010000000000001,0.0,0.022917651,11.0
3.752986045177981,0.3095437088919656,11.0,988.6940100887163,4.096013179009363,1.0020000000000002,0.022926024547577906,1.002,0.0,0.022917651,11.0
3.7525267033026486,0.313739899231187,11.0,996.1025554934246,4.090393546780592,1.0030000000000001,0.022926033344923415,1.0030000000000001,0.0,0.022917651,11.0
3.7520284917568407,0.3179326417918388,11.0,1003.5988890858945,4.084621880552997,1.004,0.022926043347902155,1.004,0.0,0.022917651,11.0
3.7514854620347364,0.3221200774940224,11.0,1011.1910819269202,4.078676244911405,1.0050000000000001,0.02292605473422464,1.0050000000000001,0.0,0.022917651,11.0
3.7508857552220274,0.32628553753799994,11.0,1018.884219230204,4.072525877623443,1.0060000000000002,0.02292606918999416,1.006,0.0,0.022917651,11.0
3.7502500937619025,0.330442146977393,11.0,1026.6589092529175,4.066240543223672,1.0070000000000001,0.022926085431767617,1.0070000000000001,0.0,0.022917651,11.0
3.749525314324469,0.33453845556691697,11.0,1034.5580494940477,4.059659054494544,1.008,0.022926109184073402,1.008,0.0,0.022917651,11.0
3.748754501805674,0.33860464596605405,11.0,1042.5393129838856,4.052923550518541,1.0090000000000001,0.022926137182923762,1.0090000000000001,0.0,0.022917651,11.0
3.7479053713502433,0.34260737543619774,11.0,1050.625246008063,4.04593822973699,1.0100000000000002,0.02292617294301752,1.01,0.0,0.022917651,11.0
3.7469229849641916,0.34648799417601445,11.0,1058.8221953434922,4.0385419900562,1.0110000000000003,0.022926222696580113,1.0110000000000001,0.0,0.022917651,11.0
3.7458470282997802,0.3502643566052737,11.0,1067.11563293676,4.030875725707107,1.012,0.02292628793609906,1.012,0.0,0.022917651,11.0
3.744664833330669,0.35390402163578344,11.0,1075.5105152813276,4.022921202942645,1.0130000000000001,0.022926374135277455,1.0130000000000001,0.0,0.022917651,11.0
3.7433477830587703,0.3573573441780888,11.0,1084.009460806614,4.014613598648784,1.014,0.022926494120011857,1.014,0.0,0.022917651,11.0
3.741843570079889,0.3605515685652239,11.0,1092.609829313958,4.005816451230009,1.0150000000000003,0.022926674344275207,1.0150000000000001,0.0,0.022917651,11.0
3.740142455610386,0.3634359832846119,11.0,1101.2980632917217,3.9965415019297543,1.016,0.022926940783792715,1.016,0.0,0.022917651,11.0
3.7382308397509334,0.3659520788404302,11.0,1110.0745625737184,3.9867928740093244,1.0170000000000001,0.02292735326181973,1.0170000000000001,0.0,0.022917651,11.0
3.736031046195723,0.3679938209340877,11.0,1118.9267511089397,3.976365885602022,1.0180000000000002,0.022928014741123996,1.018,0.0,0.022917651,11.0
3.733515612484941,0.3694496204885115,11.0,1127.8367712959057,3.9652622818607974,1.0190000000000003,0.02292919597157311,1.0190000000000001,0.0,0.022917651,11.0
3.7306111956216044,0.37025399590961555,11.0,1136.7906255161147,3.9532541651837985,1.0200000000000002,0.022931313868430826,1.02,0.0,0.022917651,11.0
3.7272890453626157,0.3703942969012493,11.0,1145.7672274824483,3.9402391793379548,1.0210000000000001,0.022935652516222035,1.0210000000000001,0.0,0.022917651,11.0
3.723515113712618,0.3699858375843539,11.0,1154.7443472519283,3.9259658395984687,1.022,0.022944393007928898,1.022,0.0,0.022917651,11.0
3.719273736213072,0.36931409696841827,11.0,1163.714602047147,3.910086000373346,1.0230000000000004,0.022961980627050755,1.0230000000000001,0.0,0.022917651,11.0
3.714622126422428,0.36895712878133674,11.0,1172.67775640676,3.892250463580799,1.024,0.02299089542268285,1.024,0.0,0.022917651,11.0
3.7097122553921085,0.369990630369928,11.0,1181.6416725315266,3.8719914062955243,1.0250000000000001,0.023039342988714576,1.025,0.0,0.022917651,11.0
3.7047975071449932,0.37394131519580215,11.0,1190.642623450528,3.8487956494834967,1.0260000000000002,0.02312456607504187,1.026,0.0,0.022917651,11.0
3.7001646287229635,0.3822089284254323,11.0,1199.7598028418522,3.8224104552096847,1.027,0.02327279514801513,1.027,0.0,0.022917651,11.0
3.695999533349576,0.3955123068372494,11.0,1209.1139888637524,3.7928606289273334,1.028,0.023519542924648893,1.028,0.0,0.022917651,11.0
3.6923547215382313,0.41394577021293094,11.0,1218.8535703046962,3.760261835123915,1.0290000000000001,0.023869101724627584,1.029,0.0,0.022917651,11.0
3.6891775413913113,0.43719625678206836,11.0,1229.0885079794068,3.724716559692145,1.03,0.024327922115969826,1.03,0.0,0.022917651,11.0
3.686556443214949,0.465610683507843,11.0,1239.9360091221597,3.686231657563286,1.031,0.024943266788762058,1.031,0.0,0.022917651,11.0
3.684480483141124,0.499074395683181,11.0,1251.5467137373441,3.644878039246793,1.032,0.02571922374034947,1.032,0.0,0.022917651,11.0
3.682803002591404,0.5369252425511244,11.0,1264.096978677706,3.600731194139293,1.033,0.026693536615313793,1.033,0.0,0.022917651,11.0
3.6813894107552834,0.5788842183195646,11.0,1277.8188374956706,3.553531768424876,1.0340000000000003,0.02791718996635103,1.034,0.0,0.022917651,11.0
3.6801243876225853,0.6250757713251561,11.0,1292.9643434399936,3.502694062686693,1.035,0.0292706133405077,1.035,0.0,0.022917651,11.0
3.67885485647787,0.6759637762380808,11.0,1309.8635588878476,3.4471418642258405,1.036,0.030773439941958084,1.036,0.0,0.022917651,11.0
3.6774729494304266,0.7322401712674623,11.0,1328.946256346365,3.3857517588018373,1.037,0.03233160056644886,1.037,0.0,0.022917651,11.0
3.675867484813672,0.7954848168414617,11.0,1350.8083489605908,3.3164991752381123,1.0380000000000003,0.03377944774408942,1.038,0.0,0.022917651,11.0
3.6738079732800712,0.8674657240473755,11.0,1376.2949063931037,3.2366941501274313,1.039,0.0350782053890817,1.039,0.0,0.022917651,11.0
3.671198332210451,0.9513798652160745,11.0,1406.714272860743,3.1427553798352683,1.04,0.036081975655711716,1.04,0.0,0.022917651,11.0
3.667550325798708,1.051990342469893,11.0,1444.2367873857584,3.0279667978815104,1.041,0.03673014822108224,1.041,0.0,0.022917651,11.0
3.6626647655707743,1.173396945178939,11.0,1493.3809899821335,2.8874318795197995,1.0420000000000003,0.03698256189618012,1.042,0.0,0.022917651,11.0
3.6552061022068623,1.3351482603491538,11.0,1562.7660335051978,2.6962598417945456,1.043,0.037005277488467825,1.043,0.0,0.022917651,11.0
3.6477219162308216,1.487930650786106,11.0,1686.9617315412636,2.513954638366685,1.044,0.03700871771276629,1.044,0.0,0.022917651,11.0
3.6363624052079984,1.6922788252172574,11.0,1935.4408134442442,2.2645823425091423,1.0450000000000002,0.03701215793706475,1.045,0.0,0.022917651,11.0
3.59459092631395,2.308207955472728,11.0,2934.684331775591,1.4819812197880926,1.046,0.037015598161363204,1.046,0.0,0.022917651,11.0
