log_Teff,LogL_lsun,Age_gyr,Step,Log_g,Mass_msun,feh,Mass_input,Metallicity_input,Z_used,Age_input
3.542991609179613,-0.6045329624947456,0.002,135.410072382464,3.646405486220183,0.3,0.02292241673184403,0.3,0.0,0.022917651,0.002
3.5454418270926706,-0.579219015067922,0.002,134.47182261460873,3.643386285238631,0.30999999999999994,0.02292265655980234,0.31,0.0,0.022917651,0.002
3.54786980510383,-0.5544025511100774,0.002,133.57358646494563,3.6407756115544436,0.32,0.02292290788482435,0.32,0.0,0.022917651,0.002
3.5502773174774807,-0.5300623881026268,0.002,132.74355222470354,3.6385593756753565,0.33,0.022923178225036967,0.33,0.0,0.022917651,0.002
3.5526625169407144,-0.5064024471143529,0.002,132.0216065646503,3.6369341088142564,0.34,0.02292346583378465,0.34,0.0,0.022917651,0.002
3.5550254781715416,-0.4835040736156808,0.002,131.4576269524683,3.635981457056044,0.35000000000000003,0.02292376748878085,0.35000000000000003,0.0,0.022917651,0.002
3.5573680466460247,-0.4615517803109576,0.002,131.1128724210733,3.635893307750316,0.36,0.022924082709947623,0.36,0.0,0.022917651,0.002
3.559669237262078,-0.4407444436346479,0.002,131.08469724681424,3.636784603226933,0.37,0.022924409638148208,0.37,0.0,0.022917651,0.002
3.561911090642534,-0.42138445308185035,0.002,131.63415210254132,3.6388858987482626,0.38,0.022924739967699392,0.38,0.0,0.022917651,0.002
3.5640871845958446,-0.403955717551893,0.002,133.4718890044613,3.642655403771914,0.39,0.022925059616279445,0.39,0.0,0.022917651,0.002
3.566215625035781,-0.3887517546004512,0.002,136.70278019195297,3.648459089098909,0.4000000000000001,0.02292535496817021,0.4,0.0,0.022917651,0.002
3.5682880110195456,-0.37356944768388356,0.002,137.95977501577946,3.651257330214535,0.41000000000000003,0.022925495189777816,0.41000000000000003,0.0,0.022917651,0.002
3.5703177552311423,-0.3594443400942862,0.002,139.86482234147215,3.6549422006381382,0.42,0.022925623249706557,0.42,0.0,0.022917651,0.002
3.5723031565915866,-0.34652823341187283,0.002,142.62636233521334,3.6596586946132517,0.42999999999999994,0.022925731384200163,0.43,0.0,0.022917651,0.002
3.5742628359527813,-0.3346889091328852,0.002,146.33356408813881,3.6653490935840067,0.44,0.022925820536430327,0.44,0.0,0.022917651,0.002
3.5761751520647342,-0.3241000304262905,0.002,151.11367381097682,3.672100475035121,0.45000000000000007,0.022925885481118256,0.45,0.0,0.022917651,0.002
3.5780585981323894,-0.31451619970444383,0.002,156.59836481098932,3.6797414289789594,0.46,0.022925927815664788,0.46,0.0,0.022917651,0.002
3.579883652205868,-0.3059288125959495,0.002,161.93499821186896,3.6881452639227135,0.47000000000000003,0.02292595145007726,0.47000000000000003,0.0,0.022917651,0.002
3.581671338003919,-0.29806935155960185,0.002,165.96423621978164,3.6971275372611245,0.48000000000000004,0.022925962609411044,0.48,0.0,0.022917651,0.002
3.5834361014571177,-0.29065784451911236,0.002,168.0157684618616,3.7064660918475663,0.49,0.02292596623917114,0.49,0.0,0.022917651,0.002
3.585135983723836,-0.28367439051230126,0.002,168.52102408418986,3.7159731533823255,0.5,0.022925966548603006,0.5,0.0,0.022917651,0.002
3.5867151131135397,-0.2742916567966279,0.002,168.96495501973442,3.7208250731030983,0.51,0.022925966734909178,0.51,0.0,0.022917651,0.002
3.588296951890525,-0.2649008869359295,0.002,169.28761293879512,3.7256797888005297,0.52,0.02292596692121535,0.52,0.0,0.022917651,0.002
3.5898756695831153,-0.2555203818559088,0.002,169.51274242843508,3.7305322769606866,0.5300000000000001,0.022925967107521518,0.53,0.0,0.022917651,0.002
3.591443532696544,-0.24618776061367967,0.002,169.68431980423185,3.735389233329609,0.54,0.02292596729382769,0.54,0.0,0.022917651,0.002
3.5930029982308556,-0.23693151379255684,0.002,169.835512339723,3.7402889746407664,0.5500000000000002,0.02292596748013386,0.55,0.0,0.022917651,0.002
3.594551888963303,-0.22774549248238732,0.002,169.98673495980364,3.745216639946351,0.56,0.022925967666440034,0.56,0.0,0.022917651,0.002
3.5960906105600876,-0.21860478772412306,0.002,170.1371724120203,3.7501489435659203,0.5700000000000001,0.022925967852746202,0.5700000000000001,0.0,0.022917651,0.002
3.5976269916090096,-0.20955162245726988,0.002,170.2945472678569,3.7551594268823187,0.5800000000000001,0.022925968039052374,0.58,0.0,0.022917651,0.002
3.599170464852269,-0.2004433400099947,0.002,170.4535687014118,3.760143166312107,0.59,0.022925968225358546,0.59,0.0,0.022917651,0.002
3.6007081575642217,-0.19144344740704278,0.002,170.61918358753047,3.7652121705626485,0.6,0.022925968411664714,0.6,0.0,0.022917651,0.002
3.6020158435385436,-0.18261643161368896,0.002,170.4524506929836,3.7683105728743533,0.61,0.02292596822535855,0.61,0.0,0.022917651,0.002
3.60332272541055,-0.17382154181233075,0.002,170.28755627656042,3.7714378855404322,0.6200000000000001,0.022925968039052377,0.62,0.0,0.022917651,0.002
3.604628923264572,-0.16502956569075494,0.002,170.12287576090017,3.774565376816058,0.6300000000000001,0.022925967852746205,0.63,0.0,0.022917651,0.002
3.605934343948503,-0.1562480240385705,0.002,169.95884414191326,3.7777001947500435,0.64,0.022925967666440034,0.64,0.0,0.022917651,0.002
3.607239163057999,-0.147475142914906,0.002,169.79534970101096,3.7808412677953447,0.65,0.02292596748013386,0.65,0.0,0.022917651,0.002
3.608547410936217,-0.13861801229420412,0.002,169.6269952542938,3.7839118080277108,0.66,0.02292596729382769,0.66,0.0,0.022917651,0.002
3.6098547789534705,-0.12978617597254322,0.002,169.46024662741215,3.787004123210488,0.67,0.022925967107521518,0.67,0.0,0.022917651,0.002
3.6111613719079596,-0.1209775103719982,0.002,169.2949830565273,3.7901165089464475,0.68,0.022925966921215353,0.68,0.0,0.022917651,0.002
3.612470966823305,-0.11211733184612288,0.002,169.1269980044873,3.7931893892490485,0.6900000000000001,0.022925966734909178,0.6900000000000001,0.0,0.022917651,0.002
3.6137805268823784,-0.10326545671743621,0.002,168.95965366700023,3.7962704335272064,0.7,0.022925966548603006,0.7000000000000001,0.0,0.022917651,0.002
3.614904798178541,-0.09517010052769911,0.002,169.3218578243385,3.7984713585044867,0.71,0.022925966167750663,0.71,0.0,0.022917651,0.002
3.616028841385293,-0.08707761936453329,0.002,169.68411072798423,3.8006742459847223,0.7200000000000001,0.022925965786898324,0.72,0.0,0.022917651,0.002
3.6171530790354245,-0.07896226893886267,0.002,170.04497944905097,3.8028550421007163,0.73,0.022925965406045974,0.73,0.0,0.022917651,0.002
3.6182774361894854,-0.07083380145545276,0.002,170.4050770005761,3.8050231989898085,0.7400000000000001,0.02292596502519363,0.74,0.0,0.022917651,0.002
3.619401699314648,-0.0627064932048455,0.002,170.7652144319445,3.807192138611723,0.75,0.02292596464434129,0.75,0.0,0.022917651,0.002
3.6205258698590934,-0.05458032633317855,0.002,171.1253911289488,3.809361848911244,0.76,0.022925964263488946,0.76,0.0,0.022917651,0.002
3.621649949241415,-0.046455283351350546,0.002,171.4856064899302,3.8115323180794447,0.77,0.022925963882636603,0.77,0.0,0.022917651,0.002
3.6227739388513744,-0.03833134712575324,0.002,171.84585992545968,3.8137035345474355,0.7800000000000001,0.022925963501784257,0.78,0.0,0.022917651,0.002
3.623897840050622,-0.030208500869285018,0.002,172.20615085802845,3.8158754869802918,0.79,0.022925963120931914,0.79,0.0,0.022917651,0.002
3.6250219650180227,-0.022073555931559387,0.002,172.56582542475348,3.8180362353460793,0.8000000000000002,0.022925962740079568,0.8,0.0,0.022917651,0.002
3.626031244176447,-0.014496363009754825,0.002,172.47122555874898,3.81961140891016,0.8100000000000002,0.022925963312731418,0.81,0.0,0.022917651,0.002
3.627040172109077,-0.0069363943781328655,0.002,172.37733699543236,3.8212024021111968,0.8200000000000001,0.022925963885383267,0.8200000000000001,0.0,0.022917651,0.002
3.628048747141879,0.0006062678678906792,0.002,172.2841631250559,3.8228092903496655,0.8300000000000003,0.022925964458035117,0.8300000000000001,0.0,0.022917651,0.002
3.629056967590167,0.008131541110352428,0.002,172.19170735945136,3.824432149505975,0.8400000000000001,0.022925965030686963,0.84,0.0,0.022917651,0.002
3.6300657369553715,0.01568829440323236,0.002,172.0971646914108,3.8260257256611436,0.8500000000000001,0.02292596560333881,0.85,0.0,0.022917651,0.002
3.6310749389717456,0.023253772572288684,0.002,172.0021149767491,3.8276123081660685,0.86,0.02292596617599066,0.86,0.0,0.022917651,0.002
3.632084162925303,0.03080226083695201,0.002,171.90809096256785,3.8292159683048825,0.8700000000000001,0.02292596674864251,0.87,0.0,0.022917651,0.002
3.6330934089175346,0.038333680593634484,0.002,171.81509739425786,3.830836785087052,0.88,0.022925967321294358,0.88,0.0,0.022917651,0.002
3.63410267705056,0.04584795275312127,0.002,171.7231390465279,3.8324748380101803,0.89,0.022925967893946207,0.89,0.0,0.022917651,0.002
3.6351132071181294,0.05338555796144499,0.002,171.63033681334417,3.83409460615778,0.9000000000000001,0.022925968466598053,0.9,0.0,0.022917651,0.002
3.636022003325056,0.060422562729656126,0.002,171.63771439061742,3.835268537171819,0.91,0.022925968099479048,0.91,0.0,0.022917651,0.002
3.636931118765763,0.06744988620188659,0.002,171.64544611020264,3.8364534263385655,0.9200000000000002,0.022925967732360036,0.92,0.0,0.022917651,0.002
3.6378405540877137,0.07446750874279442,0.002,171.6535326903616,3.8376492958830455,0.9300000000000003,0.02292596736524103,0.93,0.0,0.022917651,0.002
3.638750309940119,0.0814754106639035,0.002,171.66197485129982,3.8388561680904294,0.9400000000000002,0.022925966998122015,0.9400000000000001,0.0,0.022917651,0.002
3.639660501400633,0.08849231346381119,0.002,171.66888389797793,3.840055781959831,0.9500000000000001,0.022925966631003006,0.9500000000000001,0.0,0.022917651,0.002
3.6405715826415648,0.09554680672521011,0.002,171.670870630735,3.8412213646541487,0.96,0.022925966263883997,0.96,0.0,0.022917651,0.002
3.641483424113395,0.10259207117856443,0.002,171.67237184535003,3.842399216649039,0.9700000000000002,0.022925965896764988,0.97,0.0,0.022917651,0.002
3.6423960270405398,0.10962809196009887,0.002,171.67338675985488,3.843589357705244,0.9800000000000001,0.02292596552964598,0.98,0.0,0.022917651,0.002
3.6433093926500453,0.11665485417410214,0.002,171.67391459060153,3.844791807625967,0.99,0.022925965162526967,0.99,0.0,0.022917651,0.002
3.6442235221715973,0.12367234289284083,0.002,171.6739545522572,3.8460065862569848,1.0,0.022925964795407955,1.0,0.0,0.022917651,0.002
3.645046425385197,0.13009743154951006,0.002,173.02866545796851,3.8470123790930693,1.0100000000000002,0.022925965157033636,1.01,0.0,0.022917651,0.002
3.645870009300305,0.1365231294420441,0.002,174.38325409102606,3.8480202854314394,1.0200000000000002,0.02292596551865931,1.02,0.0,0.022917651,0.002
3.646694261440057,0.14296029704007834,0.002,175.73674720287596,3.8490193949210694,1.03,0.022925965880284983,1.03,0.0,0.022917651,0.002
3.6475190763036136,0.14940141771709084,0.002,177.08997782004343,3.850016802170855,1.04,0.022925966241910664,1.04,0.0,0.022917651,0.002
3.6483444429165184,0.15584552448467065,0.002,178.44303868464678,3.8510134302700423,1.0500000000000003,0.022925966603536335,1.05,0.0,0.022917651,0.002
3.649170354502746,0.16229258067068114,0.002,179.79593188141496,3.852009288787368,1.06,0.022925966965162012,1.06,0.0,0.022917651,0.002
3.649996804396773,0.16874255020103088,0.002,181.1486594610793,3.853004387135525,1.07,0.02292596732678769,1.07,0.0,0.022917651,0.002
3.6508237860413364,0.17519539758753214,0.002,182.5012234410638,3.8539987345743265,1.08,0.022925967688413366,1.08,0.0,0.022917651,0.002
3.6516512929852407,0.18165108791605342,0.002,183.85362580615868,3.8549923402137996,1.09,0.02292596805003904,1.09,0.0,0.022917651,0.002
3.6524793188812272,0.1881095868349596,0.002,185.20586850917752,3.8559852130172008,1.1000000000000003,0.022925968411664714,1.1,0.0,0.022917651,0.002
3.653216451856204,0.19415107042488106,0.002,184.90674909768944,3.8566711170912846,1.1100000000000003,0.022925968225358546,1.11,0.0,0.022917651,0.002
3.6539537205258013,0.20019306277296628,0.002,184.60760495527552,3.857357055203908,1.1200000000000003,0.022925968039052377,1.12,0.0,0.022917651,0.002
3.654691123011539,0.20623555683626377,0.002,184.30843642429616,3.8580430268838604,1.1300000000000001,0.022925967852746202,1.1300000000000001,0.0,0.022917651,0.002
3.655428657469456,0.212278545701223,0.002,184.00924384082177,3.858729031668591,1.1400000000000003,0.022925967666440034,1.1400000000000001,0.0,0.022917651,0.002
3.6561663220893115,0.2183220225807359,0.002,183.71002753477612,3.8594150691040063,1.1500000000000001,0.02292596748013386,1.1500000000000001,0.0,0.022917651,0.002
3.6569041150938233,0.22436598081125936,0.002,183.41078783007666,3.8601011387442816,1.1600000000000001,0.02292596729382769,1.16,0.0,0.022917651,0.002
3.6576420347379206,0.23041041385001682,0.002,183.11152504477016,3.8607872401516716,1.1700000000000002,0.022925967107521518,1.17,0.0,0.022917651,0.002
3.6583800793080137,0.2364553152722734,0.002,182.8122394911654,3.861473372896328,1.1800000000000002,0.022925966921215353,1.18,0.0,0.022917651,0.002
3.659118247121292,0.24250067876868653,0.002,182.51293147596192,3.862159536556123,1.19,0.022925966734909178,1.19,0.0,0.022917651,0.002
3.659856536525035,0.24854649814272695,0.002,182.21360130037533,3.862845730716478,1.2,0.022925966548603006,1.2,0.0,0.022917651,0.002
3.6605366385791234,0.2543041846446487,0.002,180.81747736124308,3.863284663734777,1.2100000000000002,0.022925966545856342,1.21,0.0,0.022917651,0.002
3.6612154169401947,0.2600462326233312,0.002,179.4219593828242,3.8637339407477755,1.2200000000000002,0.022925966543109678,1.22,0.0,0.022917651,0.002
3.6618929197144046,0.2657732104199517,0.002,178.02702534306331,3.864193185830071,1.23,0.022925966540363007,1.23,0.0,0.022917651,0.002
3.662569192704756,0.2714856591654867,0.002,176.63265427424457,3.864662041054267,1.24,0.022925966537616343,1.24,0.0,0.022917651,0.002
3.663244279547297,0.2771840943898629,0.002,175.23882620064015,3.865140165426603,1.25,0.022925966534869675,1.25,0.0,0.022917651,0.002
3.6639182218377746,0.2828690075182514,0.002,173.84552208053222,3.8656272338972455,1.26,0.02292596653212301,1.26,0.0,0.022917651,0.002
3.6645910592495063,0.28854086726362854,0.002,172.45272375225392,3.8661229364391874,1.27,0.022925966529376347,1.27,0.0,0.022917651,0.002
3.6652627532396136,0.2942297903181827,0.002,171.05904882675776,3.8665970013689757,1.2800000000000002,0.02292596652662968,1.28,0.0,0.022917651,0.002
3.6659332509905456,0.2999229861707689,0.002,169.66508947681592,3.8670620082640683,1.29,0.022925966523883012,1.29,0.0,0.022917651,0.002
3.6666025901003616,0.3056088137637997,0.002,168.2713835489489,3.8675297488938805,1.3,0.022925966521136345,1.3,0.0,0.022917651,0.002
3.6672326176332324,0.3111185918717086,0.002,168.21608829424125,3.8677585478376737,1.3100000000000003,0.02292596671018918,1.31,0.0,0.022917651,0.002
3.6678607296350942,0.3166078231411437,0.002,168.16085014541562,3.8680002317329407,1.3200000000000003,0.02292596689924202,1.32,0.0,0.022917651,0.002
3.6684869962885966,0.32207726038246604,0.002,168.10566701018416,3.8682543284912394,1.33,0.022925967088294853,1.33,0.0,0.022917651,0.002
3.6691114843892203,0.3275276200737253,0.002,168.0505368972376,3.868520388808171,1.3400000000000003,0.022925967277347692,1.34,0.0,0.022917651,0.002
3.669734257547176,0.3329595845263768,0.002,167.9954579102259,3.8687979848052576,1.35,0.022925967466400528,1.35,0.0,0.022917651,0.002
3.6703553763750434,0.3383738038979104,0.002,167.94042824216464,3.8690867087678162,1.3600000000000003,0.022925967655453367,1.36,0.0,0.022917651,0.002
3.6709748986622848,0.3437708980638671,0.002,167.88544617023211,3.86938617197102,1.37,0.022925967844506203,1.37,0.0,0.022917651,0.002
3.671592879537729,0.3491514583605747,0.002,167.83051005092577,3.8696960035870194,1.3800000000000003,0.022925968033559042,1.3800000000000001,0.0,0.022917651,0.002
3.672209543762518,0.3545346429579009,0.002,167.77482317128695,3.869997944308405,1.3900000000000001,0.02292596822261188,1.3900000000000001,0.0,0.022917651,0.002
3.672824875545147,0.3599141635915768,0.002,167.71868051287842,3.8702982192404054,1.4000000000000001,0.022925968411664714,1.4000000000000001,0.0,0.022917651,0.002
3.6734277698522044,0.36528737075358825,0.002,167.64816590907603,3.870332912846164,1.41,0.022925968411664718,1.41,0.0,0.022917651,0.002
3.6740261087750508,0.37060037489499587,0.002,167.57820002708252,3.8704095877420395,1.4200000000000002,0.02292596841166472,1.42,0.0,0.022917651,0.002
3.674620135882494,0.375856394971077,0.002,167.50875352765618,3.8705259992583456,1.4299999999999997,0.022925968411664714,1.43,0.0,0.022917651,0.002
3.6752100776831145,0.3810584244726077,0.002,167.43979912655698,3.8706800599482505,1.44,0.022925968411664714,1.44,0.0,0.022917651,0.002
3.675796203905161,0.38622528219117186,0.002,167.3706278199072,3.87085402985066,1.45,0.022925968411664714,1.45,0.0,0.022917651,0.002
3.6763787892693016,0.3914115848411145,0.002,167.29898465030064,3.870994390932466,1.4600000000000002,0.022925968411664714,1.46,0.0,0.022917651,0.002
3.676957694943026,0.39655276798342354,0.002,167.22769274986308,3.871165152745732,1.47,0.022925968411664714,1.47,0.0,0.022917651,0.002
3.677533091999627,0.4016509292790156,0.002,167.15673578766257,3.8713649019233918,1.4800000000000002,0.022925968411664718,1.48,0.0,0.022917651,0.002
3.678105141069688,0.4067080383427284,0.002,167.0860984296451,3.8715923113735737,1.49,0.022925968411664718,1.49,0.0,0.022917651,0.002
3.678673993125914,0.4117259463667491,0.002,167.01576626371318,3.8718461337955086,1.5,0.022925968411664714,1.5,0.0,0.022917651,0.002
3.679282308202355,0.41749104011766636,0.002,167.2720807100577,3.8713171682520526,1.51,0.022925968414411385,1.51,0.0,0.022917651,0.002
3.6798732430406376,0.42301179637737585,0.002,167.53135525718153,3.8709630203627707,1.5200000000000002,0.022925968417158053,1.52,0.0,0.022917651,0.002
3.6804483211806933,0.4282483873519483,0.002,167.79611011327117,3.870829611835775,1.53,0.022925968419904717,1.53,0.0,0.022917651,0.002
3.681013432545977,0.4334610583414876,0.002,168.0568091611817,3.870680257859335,1.54,0.022925968422651384,1.54,0.0,0.022917651,0.002
3.6815659176849,0.4384417130028149,0.002,168.32222064286697,3.8707124157807127,1.55,0.02292596842539805,1.55,0.0,0.022917651,0.002
3.6821081370781825,0.44325511486851005,0.002,168.590284086704,3.870870763908577,1.56,0.02292596842814472,1.56,0.0,0.022917651,0.002
3.6826463794142006,0.4480970650524015,0.002,168.85406647208904,3.8709846555092593,1.5699999999999998,0.022925968430891383,1.57,0.0,0.022917651,0.002
3.683175741180871,0.452758375396103,0.002,169.12186617711717,3.8712436647367903,1.5800000000000003,0.022925968433638054,1.58,0.0,0.022917651,0.002
3.6836969885558513,0.45725463073483236,0.002,169.39333660457822,3.871635271461062,1.59,0.02292596843638472,1.59,0.0,0.022917651,0.002
3.6842161984173543,0.4617935083536651,0.002,169.66088023379817,3.8719761058341877,1.6000000000000003,0.02292596843913139,1.6,0.0,0.022917651,0.002
3.684806211172614,0.46743286934137174,0.002,170.12309300632361,3.87132968964888,1.61,0.02292596786446275,1.61,0.0,0.022917651,0.002
3.6853766460946127,0.4727718322711766,0.002,170.58999952598452,3.870905360610147,1.6200000000000003,0.022925967288710457,1.62,0.0,0.022917651,0.002
3.685932203904385,0.4780110546502148,0.002,171.05469134240204,3.870521265793803,1.6300000000000001,0.02292596671293584,1.6300000000000001,0.0,0.022917651,0.002
3.686475712223675,0.4831219160225725,0.002,171.51935618781258,3.8702173348256794,1.6400000000000003,0.022925966137537328,1.6400000000000001,0.0,0.022917651,0.002
3.6870074719462886,0.48803250940271947,0.002,171.98731852774594,3.870066677158135,1.65,0.022925965562138814,1.6500000000000001,0.0,0.022917651,0.002
3.68752856777981,0.4927613248465967,0.002,172.4582739158574,3.8700551415937134,1.6600000000000004,0.022925964986740294,1.6600000000000001,0.0,0.022917651,0.002
3.688046121092392,0.4975823041263689,0.002,172.92241529276063,3.8699372656650572,1.6700000000000002,0.02292596441134178,1.67,0.0,0.022917651,0.002
3.6885553048187725,0.5022551849673351,0.002,173.38907670446827,3.8699340102557516,1.6800000000000002,0.022925963835943267,1.68,0.0,0.022917651,0.002
3.68905667391271,0.5067866359642782,0.002,173.858252769735,3.8700409266874507,1.6900000000000002,0.02292596326054475,1.69,0.0,0.022917651,0.002
3.6895508444276106,0.5111878065010891,0.002,174.32974525007668,3.8702493297483596,1.7,0.022925962685146236,1.7,0.0,0.022917651,0.002
3.6901061537735047,0.5165646429800305,0.002,174.58027886609983,3.869576090880965,1.7100000000000004,0.022925963444104254,1.71,0.0,0.022917651,0.002
3.6906505285174562,0.521842183425998,0.002,174.82969922013626,3.868958409972893,1.7200000000000002,0.02292596420306228,1.72,0.0,0.022917651,0.002
3.6911845635404714,0.5269736567739173,0.002,175.08032186216462,3.86844543675366,1.73,0.02292596496202029,1.73,0.0,0.022917651,0.002
3.691709135549267,0.5319714480781249,0.002,175.3320448499796,3.868028293040342,1.7399999999999998,0.022925965720978308,1.74,0.0,0.022917651,0.002
3.6922250248600603,0.5368465807043797,0.002,175.58477744952492,3.867699076771713,1.7500000000000002,0.022925966479936326,1.75,0.0,0.022917651,0.002
3.692734117417607,0.5416489113869651,0.002,175.83706681794558,3.8674154747891,1.76,0.022925967238894347,1.76,0.0,0.022917651,0.002
3.6932410685552144,0.5465161711444526,0.002,176.0844958504558,3.867058376929725,1.77,0.022925967997852365,1.77,0.0,0.022917651,0.002
3.6937415916506144,0.5512898017280234,0.002,176.33274003459485,3.8667691961249204,1.78,0.022925968756810383,1.78,0.0,0.022917651,0.002
3.6942361284050307,0.5559762368416581,0.002,176.58174335743354,3.8665432654722007,1.79,0.022925969515768405,1.79,0.0,0.022917651,0.002
3.6947250809573484,0.5605813339347031,0.002,176.83145482301444,3.8663763360746657,1.8000000000000003,0.02292597027472642,1.8,0.0,0.022917651,0.002
3.6952868574925053,0.5661357450069998,0.002,176.54018372595118,3.8654171397010177,1.8100000000000003,0.022925969896620747,1.81,0.0,0.022917651,0.002
3.6958313089546766,0.5715288190349717,0.002,176.2467545696057,3.8645499825894563,1.8200000000000003,0.022925969518515076,1.82,0.0,0.022917651,0.002
3.6963641232953033,0.5768616065747846,0.002,175.94926836561612,3.8636965648168,1.83,0.022925969140409397,1.83,0.0,0.022917651,0.002
3.6968818465475244,0.581973886743787,0.002,175.6537805468717,3.863003289544678,1.84,0.022925968762303725,1.84,0.0,0.022917651,0.002
3.6973859578113752,0.5868872717976259,0.002,175.36009524865986,3.862454460968233,1.85,0.022925968384198046,1.85,0.0,0.022917651,0.002
3.6978777490103196,0.5916206390126182,0.002,175.06804139247956,3.8620363695492244,1.86,0.022925968006092375,1.86,0.0,0.022917651,0.002
3.6983620261433003,0.5963065733777392,0.002,174.7737739599023,3.861635654500218,1.8699999999999999,0.022925967627986703,1.87,0.0,0.022917651,0.002
3.6988425062136696,0.6010311477717192,0.002,174.4750538206799,3.8611811111318937,1.8800000000000001,0.022925967249881028,1.8800000000000001,0.0,0.022917651,0.002
3.6993144013917774,0.6056239218696532,0.002,174.17764553650989,3.8608240282299193,1.8900000000000001,0.022925966871775352,1.8900000000000001,0.0,0.022917651,0.002
3.699778383754217,0.610095213785169,0.002,173.88144640755084,3.8605567760074417,1.9000000000000001,0.022925966493669677,1.9000000000000001,0.0,0.022917651,0.002
3.70034963172897,0.6158991735243944,0.002,173.51233714345415,3.8592654455222073,1.9100000000000001,0.022925965737458316,1.9100000000000001,0.0,0.022917651,0.002
3.7008958243786023,0.6213418827755368,0.002,173.14544246507026,3.858235142975484,1.9200000000000004,0.022925964981246966,1.92,0.0,0.022917651,0.002
3.70143036780118,0.6268556701573188,0.002,172.7685235673715,3.8570871648778,1.9299999999999997,0.0229259642250356,1.93,0.0,0.022917651,0.002
3.7019476228653785,0.6321293063136293,0.002,172.3926548530058,3.85611018607316,1.94,0.022925963468824244,1.94,0.0,0.022917651,0.002
3.7024487959097,0.6371670117343825,0.002,172.01834287251828,3.8553048113133506,1.95,0.02292596271261288,1.95,0.0,0.022917651,0.002
3.7029354130724914,0.6419911755812364,0.002,171.6454398962527,3.854654755858311,1.9600000000000002,0.022925961956401526,1.96,0.0,0.022917651,0.002
3.703408813311438,0.6466214409881822,0.002,171.27381631357528,3.8541457322891595,1.97,0.022925961200190165,1.97,0.0,0.022917651,0.002
3.703875195186483,0.6512067368507478,0.002,170.89969604578167,3.853653605220649,1.9800000000000002,0.022925960443978807,1.98,0.0,0.022917651,0.002
3.7043408445851123,0.6558941317286059,0.002,170.51952747572017,3.8530564483119636,1.9900000000000002,0.022925959687767446,1.99,0.0,0.022917651,0.002
3.704796952503561,0.660439946904188,0.002,170.14045555136948,3.8525627051667937,2.0,0.022925958931556085,2.0,0.0,0.022917651,0.002
3.7055543258598522,0.6689209939768376,0.002,169.59375491067567,3.8492300825389107,2.0100000000000007,0.022925958931556085,2.0100000000000002,0.0,0.022917651,0.002
3.706248766639064,0.6765542554383174,0.002,169.04442385136076,3.846493514457299,2.0200000000000005,0.022925958931556092,2.02,0.0,0.022917651,0.002
3.7068771716746745,0.6832009929501766,0.002,168.4984992028279,3.844479327431545,2.0300000000000002,0.022925958931556085,2.0300000000000002,0.0,0.022917651,0.002
3.7074381107842096,0.6888164823436015,0.002,167.96011833702173,3.843226524286575,2.04,0.02292595893155609,2.04,0.0,0.022917651,0.002
3.707953213478829,0.6939073511187538,0.002,167.41968651687782,3.84231499476332,2.05,0.022925958931556085,2.05,0.0,0.022917651,0.002
3.7084151087463515,0.6980184625478718,0.002,166.8930163357312,3.842170393842877,2.06,0.02292595893155609,2.06,0.0,0.022917651,0.002
3.708859913470521,0.7019326244237235,0.002,166.363438636498,3.8421543779074447,2.07,0.022925958931556085,2.07,0.0,0.022917651,0.002
3.7092845616259797,0.7054759443491028,0.002,165.83761779411316,3.8424285750280824,2.0800000000000005,0.02292595893155609,2.08,0.0,0.022917651,0.002
3.709680612237002,0.7084339715438701,0.002,165.32133136199928,3.843173673428336,2.0900000000000003,0.02292595893155609,2.09,0.0,0.022917651,0.002
3.710067636242542,0.7113013783095263,0.002,164.80312663276513,3.843973287239056,2.1,0.022925958931556085,2.1,0.0,0.022917651,0.002
3.710532071221689,0.7165371337717076,0.002,165.50235505161942,3.8426156111033993,2.1100000000000003,0.022925959304168436,2.11,0.0,0.022917651,0.002
3.711007226732914,0.7219324249210793,0.002,166.2011508572755,3.8411412819962703,2.1200000000000006,0.022925959676780787,2.12,0.0,0.022917651,0.002
3.7114926741595102,0.7274816857418674,0.002,166.8997167940776,3.839554151382974,2.13,0.022925960049393127,2.13,0.0,0.022917651,0.002
3.711983304447121,0.7330463180156437,0.002,167.6014649590254,3.837972380447289,2.14,0.02292596042200548,2.14,0.0,0.022917651,0.002
3.7124791872843046,0.7386265284264005,0.002,168.30643814024182,3.8363960412552447,2.15,0.022925960794617825,2.15,0.0,0.022917651,0.002
3.712980393614619,0.7442225273802348,0.002,169.01467989640685,3.8348252071706805,2.16,0.022925961167230176,2.16,0.0,0.022917651,0.002
3.7134869956649963,0.7498345290895111,0.002,169.72623457418166,3.8332599528845996,2.17,0.02292596153984252,2.17,0.0,0.022917651,0.002
3.7139990669749023,0.7554627516593265,0.002,170.44114732610828,3.831700354445311,2.1800000000000006,0.02292596191245487,2.18,0.0,0.022917651,0.002
3.714516682426277,0.7611074171763343,0.002,171.15946412899845,3.830146489289401,2.1900000000000004,0.022925962285067217,2.19,0.0,0.022917651,0.002
3.7150399182743192,0.7667687518000207,0.002,171.88123180282957,3.828598436273562,2.2000000000000006,0.02292596265767956,2.2,0.0,0.022917651,0.002
3.7157984361966143,0.7754049045672546,0.002,171.2712813501784,3.8249268693835137,2.21,0.022925962657679565,2.21,0.0,0.022917651,0.002
3.7165185529863702,0.7834518731426167,0.002,170.6604729177756,3.8216908809839896,2.22,0.022925962657679565,2.22,0.0,0.022917651,0.002
3.717201617262152,0.7910365775124121,0.002,170.04377200656398,3.818768947081071,2.23,0.022925962657679568,2.23,0.0,0.022917651,0.002
3.7178521058345084,0.7983793266031252,0.002,169.41413249525152,3.8159586696664363,2.2400000000000007,0.022925962657679565,2.24,0.0,0.022917651,0.002
3.7184448754010724,0.804762774147477,0.002,168.78685872198207,3.8138768174181785,2.25,0.02292596265767956,2.25,0.0,0.022917651,0.002
3.7189828358633763,0.810329190415709,0.002,168.15752098171106,3.812392758969671,2.2600000000000002,0.022925962657679565,2.2600000000000002,0.0,0.022917651,0.002
3.719476010422865,0.8153368202598621,0.002,167.52275817728963,3.8112883423712067,2.2700000000000005,0.022925962657679565,2.27,0.0,0.022917651,0.002
3.7199052276005924,0.8192288448390858,0.002,166.89498759142586,3.811043702666918,2.2800000000000002,0.02292596265767956,2.2800000000000002,0.0,0.022917651,0.002
3.7203033761315734,0.8226243793450784,0.002,166.26636528352154,3.81117127863478,2.29,0.022925962657679565,2.29,0.0,0.022917651,0.002
3.720673566794943,0.8255027571311772,0.002,165.64089062953443,3.8117041791139012,2.3000000000000003,0.02292596265767956,2.3000000000000003,0.0,0.022917651,0.002
3.721186855540137,0.831589463536369,0.002,165.37377972690444,3.809518968846277,2.31,0.022925963044025242,2.31,0.0,0.022917651,0.002
3.7217068169258956,0.8377084220153113,0.002,165.11068903490644,3.807328197348593,2.32,0.022925963430370924,2.32,0.0,0.022917651,0.002
3.722233642441947,0.8438605581297524,0.002,164.85173392451497,3.8051317050260933,2.33,0.022925963816716598,2.33,0.0,0.022917651,0.002
3.722767530975886,0.850046833198871,0.002,164.59703422385695,3.802929326118365,2.3400000000000003,0.022925964203062275,2.34,0.0,0.022917651,0.002
3.7233163385549464,0.8564110961247123,0.002,164.34528875649923,3.80060863517721,2.35,0.022925964589407953,2.35,0.0,0.022917651,0.002
3.7238887359295285,0.8631158083905451,0.002,164.09510466958895,3.798041852683629,2.36,0.02292596497575363,2.36,0.0,0.022917651,0.002
3.7244693317874455,0.8698719670588616,0.002,163.84957965853243,3.7954564175230234,2.37,0.02292596536209931,2.37,0.0,0.022917651,0.002
3.725058415770415,0.876681389663923,0.002,163.60887832239942,3.7928516707210087,2.3800000000000003,0.022925965748444993,2.38,0.0,0.022917651,0.002
3.72565629132629,0.8835459803750438,0.002,163.37317310608105,3.790226921892358,2.39,0.022925966134790667,2.39,0.0,0.022917651,0.002
3.7262632765415895,0.8904677352208062,0.002,163.14264477340376,3.787581447346889,2.4,0.022925966521136345,2.4,0.0,0.022917651,0.002
3.727015007300554,0.8993510415326275,0.002,162.88083154292715,3.7834779428763,2.41,0.022925966521136345,2.41,0.0,0.022917651,0.002
3.727755734175567,0.9080775484379564,0.002,162.6174440175813,3.779487222256698,2.4200000000000004,0.02292596652113635,2.42,0.0,0.022917651,0.002
3.7284836266857853,0.9166211725728705,0.002,162.35222031559692,3.7756280469253576,2.43,0.02292596652113634,2.43,0.0,0.022917651,0.002
3.7291964245191584,0.9249497057107268,0.002,162.08483706045698,3.771923583856669,2.44,0.022925966521136345,2.44,0.0,0.022917651,0.002
3.7298913034984724,0.9330229048507103,0.002,161.8148902050344,3.768402779337538,2.4499999999999997,0.022925966521136345,2.45,0.0,0.022917651,0.002
3.730564688056549,0.9407898200905916,0.002,161.54186820294353,3.7651022809950776,2.46,0.022925966521136345,2.46,0.0,0.022917651,0.002
3.731234093397579,0.9485265646293152,0.002,161.26381668740174,3.7618160350036427,2.4700000000000006,0.022925966521136345,2.47,0.0,0.022917651,0.002
3.7318778859452966,0.9558726903811736,0.002,160.98177709734415,3.758817956774285,2.48,0.02292596652113635,2.48,0.0,0.022917651,0.002
3.732483988912755,0.9626395291567824,0.002,160.6951501950671,3.7562484078079823,2.49,0.02292596652113635,2.49,0.0,0.022917651,0.002
3.733041822468455,0.9686644694716011,0.002,160.40264827744485,3.754227680433911,2.5,0.022925966521136345,2.5,0.0,0.022917651,0.002
3.7336836911940012,0.9771044128961879,0.002,160.88969809187404,3.7500585439382284,2.5100000000000002,0.02292596671018918,2.5100000000000002,0.0,0.022917651,0.002
3.7343373769183583,0.9856462801067469,0.002,161.3817973977595,3.745834751345679,2.5200000000000005,0.02292596689924202,2.52,0.0,0.022917651,0.002
3.735003355607532,0.994294176397549,0.002,161.87914957891533,3.741554101213693,2.5300000000000002,0.022925967088294853,2.5300000000000002,0.0,0.022917651,0.002
3.7357165592560277,1.0035301105623318,0.002,162.38220325551788,3.736874312846932,2.5399999999999996,0.022925967277347692,2.54,0.0,0.022917651,0.002
3.736447763591545,1.0129565527898814,0.002,162.89106159522453,3.7320760193838574,2.5500000000000007,0.022925967466400528,2.5500000000000003,0.0,0.022917651,0.002
3.7371935868697834,1.022524650605564,0.002,163.40594904505588,3.7271945463456606,2.56,0.022925967655453367,2.56,0.0,0.022917651,0.002
3.737978871306445,1.0326689938069915,0.002,163.92821321137893,3.7218946764314094,2.57,0.022925967844506203,2.57,0.0,0.022917651,0.002
3.7387882916385378,1.0430950044254659,0.002,164.45740746893273,3.716409683409516,2.5800000000000005,0.022925968033559042,2.58,0.0,0.022917651,0.002
3.7396214107160315,1.0537780285362073,0.002,164.99380697699797,3.7107624712170693,2.59,0.02292596822261188,2.59,0.0,0.022917651,0.002
3.7404991208208123,1.065062966770846,0.002,165.5387853271425,3.7046917086289013,2.6,0.022925968411664714,2.6,0.0,0.022917651,0.002
3.7414698793991628,1.0774637453672342,0.002,164.62754286368633,3.6978130078259,2.61,0.02292596841166472,2.61,0.0,0.022917651,0.002
3.7424564148094976,1.0900580527001358,0.002,163.72357002261288,3.6908038859952215,2.6200000000000006,0.02292596841166472,2.62,0.0,0.022917651,0.002
3.7434770262669947,1.1030749045646533,0.002,162.83144154779478,3.6835085209968357,2.63,0.022925968411664714,2.63,0.0,0.022917651,0.002
3.744526363727441,1.116430636459372,0.002,161.9527440639839,3.675989178794528,2.6400000000000006,0.022925968411664714,2.64,0.0,0.022917651,0.002
3.74560027509519,1.130067828425418,0.002,161.08774122406695,3.6682866723126906,2.65,0.022925968411664714,2.65,0.0,0.022917651,0.002
3.7467052505091445,1.144067632532176,0.002,160.24032113816642,3.6603458104280837,2.66,0.022925968411664714,2.66,0.0,0.022917651,0.002
3.7478575609765907,1.15864733730007,0.002,159.422403558901,3.6520143898697732,2.67,0.022925968411664714,2.67,0.0,0.022917651,0.002
3.749039313965483,1.173566849430628,0.002,158.62400617346114,3.643460931499339,2.68,0.022925968411664718,2.68,0.0,0.022917651,0.002
3.7502596344388284,1.1889572650683524,0.002,157.85518295043357,3.634590839734284,2.69,0.022925968411664718,2.69,0.0,0.022917651,0.002
3.7515209204612643,1.2048482070199686,0.002,157.11974772366037,3.6253840842066913,2.7,0.022925968411664714,2.7,0.0,0.022917651,0.002
3.752703785198317,1.220128668511193,0.002,157.38933887057732,3.6164145079579293,2.71,0.022925967652706707,2.71,0.0,0.022917651,0.002
3.753939345114976,1.2357847985620036,0.002,157.70173558524354,3.6072800441135144,2.72,0.022925966893748696,2.72,0.0,0.022917651,0.002
3.755219574112091,1.2517153615427012,0.002,158.0597538142781,3.598049824727999,2.73,0.022925966134790678,2.73,0.0,0.022917651,0.002
3.756536266202833,1.267822877348427,0.002,158.4644899894137,3.588788503458595,2.74,0.022925965375832663,2.74,0.0,0.022917651,0.002
3.75788746469606,1.2840425650356757,0.002,158.91388707423985,3.5795530323284135,2.75,0.022925964616874656,2.75,0.0,0.022917651,0.002
3.759275940565045,1.3003267307066644,0.002,159.40939113579836,3.570402193045064,2.7600000000000002,0.02292596385791664,2.7600000000000002,0.0,0.022917651,0.002
3.7607003147738465,1.316624537254337,0.002,159.95086770416285,3.5613813124163145,2.77,0.022925963098958627,2.77,0.0,0.022917651,0.002
3.7621526660319202,1.3328706431877193,0.002,160.53976059838345,3.5525240398687217,2.7800000000000002,0.022925962340000616,2.7800000000000002,0.0,0.022917651,0.002
3.7636612077517486,1.3491138618491103,0.002,161.18054139195507,3.543894405235606,2.79,0.022925961581042605,2.79,0.0,0.022917651,0.002
3.7652003825012264,1.3653306177070892,0.002,161.87221071723022,3.5354137694289216,2.8000000000000007,0.022925960822084594,2.8000000000000003,0.0,0.022917651,0.002
3.7667892750638288,1.3811042463280727,0.002,162.52464031424518,3.5275197110166885,2.8100000000000005,0.022925960822084594,2.81,0.0,0.022917651,0.002
3.7684411881543864,1.3969053503878777,0.002,163.2363228558542,3.519850266673584,2.8200000000000003,0.022925960822084594,2.82,0.0,0.022917651,0.002
3.7701244195258448,1.4127516500309543,0.002,163.9969385841952,3.5122608939817765,2.8299999999999996,0.022925960822084587,2.83,0.0,0.022917651,0.002
3.771850351979033,1.4286377814087392,0.002,164.81915645802385,3.504802486416164,2.84,0.02292596082208459,2.84,0.0,0.022917651,0.002
3.7736404896284683,1.4446242445698858,0.002,165.70816232342747,3.497500571118976,2.85,0.022925960822084594,2.85,0.0,0.022917651,0.002
3.775484838741216,1.4607175330019082,0.002,166.65891299821342,3.4903086770566105,2.86,0.02292596082208459,2.86,0.0,0.022917651,0.002
3.777422174140697,1.4769280573857884,0.002,167.70250439717503,3.4833714916904475,2.8700000000000006,0.022925960822084587,2.87,0.0,0.022917651,0.002
3.779434099317701,1.4932788370848984,0.002,168.8259865154999,3.4765924100007584,2.8800000000000003,0.02292596082208459,2.88,0.0,0.022917651,0.002
3.7815249197768535,1.509786242211248,0.002,170.0409961859267,3.4699722831489535,2.89,0.022925960822084594,2.89,0.0,0.022917651,0.002
3.783771637259673,1.5264803371727158,0.002,171.37904909914843,3.4637890603542125,2.9000000000000004,0.022925960822084594,2.9,0.0,0.022917651,0.002
3.7860334077369004,1.5417837363335123,0.002,172.2709126006275,3.459005064157354,2.9100000000000006,0.022925960301619402,2.91,0.0,0.022917651,0.002
3.788442223801294,1.5572398376853627,0.002,173.04046155241073,3.4546565467384553,2.9200000000000004,0.022925959781154213,2.92,0.0,0.022917651,0.002
3.791107547882435,1.5728629141271924,0.002,173.67025415357426,3.4511670917754507,2.9299999999999997,0.022925959260689015,2.93,0.0,0.022917651,0.002
3.7938200948157066,1.5886709943373059,0.002,174.07103344770977,3.4476815285169717,2.9400000000000004,0.02292595874022383,2.94,0.0,0.022917651,0.002
3.796825137798365,1.6046651891784889,0.002,174.32420651681068,3.4451798305592525,2.95,0.022925958219758638,2.95,0.0,0.022917651,0.002
3.800178714442772,1.6208695519951701,0.002,174.47735995562584,3.443862100436562,2.9600000000000004,0.022925957699293446,2.96,0.0,0.022917651,0.002
3.8038533938853574,1.6372861849186107,0.002,174.5875072523443,3.443616514469738,2.9700000000000006,0.022925957178828255,2.97,0.0,0.022917651,0.002
3.8079732386747462,1.6539581205282194,0.002,174.68660803981476,3.44489628149429,2.98,0.022925956658363066,2.98,0.0,0.022917651,0.002
3.8124819463511237,1.6708769696124128,0.002,174.79782315398313,3.447484577543278,2.99,0.022925956137897878,2.99,0.0,0.022917651,0.002
3.8175129929597986,1.688104951465969,0.002,174.9353120654146,3.451853100240274,3.0,0.022925955617432686,3.0,0.0,0.022917651,0.002
3.82284652937218,1.7052032582204613,0.002,175.39309991588337,3.4575129855890383,3.0100000000000002,0.022925951458737125,3.0100000000000002,0.0,0.022917651,0.002
3.8285594370839426,1.7226047516636487,0.002,175.84649823410996,3.46438718403102,3.0200000000000005,0.022925947300041567,3.02,0.0,0.022917651,0.002
3.834495342107445,1.7402723321191442,0.002,176.30647903824433,3.4718872723313337,3.03,0.022925943141346,3.0300000000000002,0.0,0.022917651,0.002
3.840686138092425,1.7582447727501367,0.002,176.7843395583243,3.480102042268518,3.04,0.022925938982650444,3.04,0.0,0.022917651,0.002
3.847125776003404,1.7765257892500197,0.002,177.28433844763353,3.489003634680169,3.0500000000000007,0.022925934823954885,3.0500000000000003,0.0,0.022917651,0.002
3.8537945439047117,1.7951021025333356,0.002,177.8063724402732,3.498526439199918,3.06,0.022925930665259324,3.06,0.0,0.022917651,0.002
3.860687498689414,1.8139727696223835,0.002,178.35125593922066,3.5086516241795596,3.0700000000000007,0.022925926506563762,3.0700000000000003,0.0,0.022917651,0.002
3.8678050396699657,1.8331349011527416,0.002,178.92022815955252,3.5193837020928873,3.0800000000000005,0.0229259223478682,3.08,0.0,0.022917651,0.002
3.8751587135595433,1.8525805185746322,0.002,179.5160597751913,3.5307768117237472,3.09,0.02292591818917264,3.09,0.0,0.022917651,0.002
3.8827272567289235,1.8722895738692522,0.002,180.1376104725886,3.5427659638119424,3.1,0.02292591403047708,3.1,0.0,0.022917651,0.002
3.8898019494404976,1.8906730246109247,0.002,180.57887351103454,3.5540601190720267,3.1100000000000003,0.022925906074710487,3.11,0.0,0.022917651,0.002
3.8970747490789255,1.9092784711593145,0.002,181.0452307034697,3.565924706914119,3.1200000000000006,0.022925898118943886,3.12,0.0,0.022917651,0.002
3.904553540993967,1.928089885663634,0.002,181.53866380136006,3.5784072870133117,3.13,0.022925890163177278,3.13,0.0,0.022917651,0.002
3.912244489137574,1.947089422326426,0.002,182.05995556052036,3.59155038401275,3.14,0.022925882207410684,3.14,0.0,0.022917651,0.002
3.920141960471249,1.9662625929910866,0.002,182.6103050239107,3.605345934315044,3.15,0.022925874251644086,3.15,0.0,0.022917651,0.002
3.9282581390555245,1.985582622040892,0.002,183.19150471932815,3.619869447709059,3.16,0.022925866295877485,3.16,0.0,0.022917651,0.002
3.9365917735148077,2.0050246858959397,0.002,183.8047709048081,3.635140752582089,3.1699999999999995,0.022925858340110888,3.17,0.0,0.022917651,0.002
3.9451484692915026,2.0245568677097334,0.002,184.45171506895787,3.651214163386968,3.1800000000000006,0.02292585038434429,3.18,0.0,0.022917651,0.002
3.953934126818444,2.0441309071879634,0.002,185.13471161369816,3.668161598460862,3.1900000000000004,0.02292584242857769,3.19,0.0,0.022917651,0.002
3.9629433126232363,2.063706240172838,0.002,185.85461891938246,3.686001836388454,3.2000000000000006,0.02292583447281109,3.2,0.0,0.022917651,0.002
3.9712739926041456,2.0815737998412502,0.002,185.84578149971006,3.702793396314147,3.2100000000000004,0.022925821810413218,3.21,0.0,0.022917651,0.002
3.97975402460082,2.0992973085681776,0.002,185.86875326552638,3.7203263989012827,3.2200000000000006,0.02292580914801534,3.22,0.0,0.022917651,0.002
3.9883749352456292,2.1168122639181624,0.002,185.9300610356001,3.7386314938641942,3.23,0.022925796485617468,3.23,0.0,0.022917651,0.002
3.9971233672263367,2.1340455200725925,0.002,186.03320999351067,3.757728352964035,3.24,0.022925783823219595,3.24,0.0,0.022917651,0.002
4.005979464818384,2.150916000936595,0.002,186.1847843043233,3.777618657478224,3.2500000000000004,0.02292577116082172,3.25,0.0,0.022917651,0.002
4.014918639614047,2.1673432708497438,0.002,186.44482431275765,3.7982844905125575,3.2600000000000002,0.02292575849842385,3.2600000000000002,0.0,0.022917651,0.002
4.023916388211369,2.183242472034284,0.002,186.92969358527193,3.819712677414065,3.27,0.02292574583602598,3.27,0.0,0.022917651,0.002
4.0329154052761,2.1983425949171806,0.002,187.7765400423156,3.8419450119643406,3.2800000000000002,0.0229257331736281,3.2800000000000002,0.0,0.022917651,0.002
4.041870425456937,2.2125579302368203,0.002,189.28025060380472,3.86488614696568,3.29,0.022925720511230232,3.29,0.0,0.022917651,0.002
4.050695797679084,2.2255897380755227,0.002,191.29226910482672,3.8884922243315194,3.3000000000000007,0.022925707848832355,3.3000000000000003,0.0,0.022917651,0.002
4.058673257385409,2.2360644388489153,0.002,195.9155269313146,3.911223867081315,3.31,0.022925691331677343,3.31,0.0,0.022917651,0.002
4.066182602852037,2.2443924762225143,0.002,202.63643114996904,3.934229699654674,3.32,0.022925674814522328,3.3200000000000003,0.0,0.022917651,0.002
4.073047148320983,2.2499693395517957,0.002,211.14154654265798,3.957407525757084,3.33,0.022925658297367316,3.33,0.0,0.022917651,0.002
4.079062745644037,2.2521575649120935,0.002,221.5397343120428,3.98057818337703,3.34,0.022925641780212305,3.34,0.0,0.022917651,0.002
4.083992973090395,2.2503353141098486,0.002,231.14339075307825,4.003417845634896,3.3500000000000005,0.022925625263057293,3.35,0.0,0.022917651,0.002
4.0879398928839,2.24508916449843,0.002,239.55508879579656,4.025748168864246,3.36,0.022925608745902278,3.36,0.0,0.022917651,0.002
4.091021045187253,2.236953534917269,0.002,246.82542717702535,4.047504914982333,3.3700000000000006,0.022925592228747266,3.37,0.0,0.022917651,0.002
4.093264709380783,2.2261177211274044,0.002,253.0262981680949,4.068611890140764,3.3800000000000003,0.022925575711592254,3.38,0.0,0.022917651,0.002
4.094656677332401,2.2126392018418257,0.002,258.162522666786,4.088954769443405,3.39,0.022925559194437246,3.39,0.0,0.022917651,0.002
4.095149455160938,2.1965269461256622,0.002,262.1581140100189,4.108334626045233,3.4,0.02292554267728223,3.4,0.0,0.022917651,0.002
4.094365581828576,2.183411943202911,0.002,263.23215630780817,4.119575229814992,3.41,0.022924948215200847,3.41,0.0,0.022917651,0.002
4.093403399172722,2.1705346817664637,0.002,264.0830421121828,4.129864862832524,3.4200000000000004,0.02292435375311947,3.42,0.0,0.022917651,0.002
4.092392552223717,2.158373774448299,0.002,264.84385784773974,4.13924347459299,3.4299999999999997,0.022923759291038084,3.43,0.0,0.022917651,0.002
4.0913842288830455,2.147025388780099,0.002,265.56430101704336,4.147819662777342,3.44,0.022923164828956705,3.44,0.0,0.022917651,0.002
4.090498386751041,2.1373451405550834,0.002,266.2933171222096,4.155217633655196,3.4500000000000006,0.022922570366875325,3.45,0.0,0.022917651,0.002
4.089813957644877,2.1294657063735407,0.002,267.0467240522319,4.161620453155831,3.4600000000000004,0.022921975904793942,3.46,0.0,0.022917651,0.002
4.089475488620707,2.1240718798758413,0.002,267.79536309187705,4.1669215075703265,3.47,0.02292138144271256,3.47,0.0,0.022917651,0.002
4.0895038404981605,2.1210999067681584,0.002,268.52114111922015,4.1712679746354455,3.4800000000000004,0.02292078698063118,3.48,0.0,0.022917651,0.002
4.089549103023414,2.118198393303653,0.002,269.31160846573067,4.175611639778508,3.49,0.0229201925185498,3.49,0.0,0.022917651,0.002
4.08995080436662,2.117497527587292,0.002,270.09764373098955,4.179180414375219,3.5000000000000004,0.022919598056468416,3.5,0.0,0.022917651,0.002
4.091063054044996,2.120343754009143,0.002,270.7181079171774,4.1820066342401905,3.5100000000000002,0.022919524550948353,3.5100000000000002,0.0,0.022917651,0.002
4.092169329317416,2.1230916488255507,0.002,271.3590160488324,4.184907287213514,3.520000000000001,0.02291945104542829,3.52,0.0,0.022917651,0.002
4.093369331200769,2.1262176496869425,0.002,271.99849160657106,4.18780473851666,3.5300000000000002,0.02291937753990822,3.5300000000000002,0.0,0.022917651,0.002
4.0956963305344685,2.134684902803738,0.002,272.40572486858406,4.189868915805439,3.54,0.02291930403438816,3.54,0.0,0.022917651,0.002
4.098139935181761,2.1435292477392762,0.002,272.8147061524523,4.192022428858676,3.5500000000000007,0.02291923063791976,3.5500000000000003,0.0,0.022917651,0.002
4.100924435801983,2.153553616482507,0.002,273.1875611560709,4.194359511236769,3.56,0.02291915770236763,3.56,0.0,0.022917651,0.002
4.103882718652776,2.164080223097048,0.002,273.5322524079414,4.196889482465792,3.5700000000000007,0.022919084662558764,3.5700000000000003,0.0,0.022917651,0.002
4.106830370667663,2.1747182162782646,0.002,273.814565020077,4.199265542350052,3.58,0.02291901145883539,3.58,0.0,0.022917651,0.002
4.109852183285455,2.185594059725693,0.002,274.07896559423483,4.201700396300047,3.59,0.022918938134131258,3.59,0.0,0.022917651,0.002
4.113258281494532,2.197301962008726,0.002,274.4261499592196,4.204840341568383,3.6000000000000005,0.02291886480942713,3.6,0.0,0.022917651,0.002
4.116556264178658,2.2084311978507234,0.002,274.99823538211587,4.208092960443315,3.6100000000000003,0.02291882483121454,3.61,0.0,0.022917651,0.002
4.119998330364823,2.219809546390084,0.002,275.8029376523511,4.211672792936332,3.6200000000000006,0.022918784853001948,3.62,0.0,0.022917651,0.002
4.123615118400708,2.2315272426264063,0.002,276.93763334217374,4.215612161324822,3.6300000000000003,0.02291874487478935,3.63,0.0,0.022917651,0.002
4.127453173133497,2.243723440076348,0.002,278.4333267814116,4.219958106113537,3.6399999999999997,0.022918704896576755,3.64,0.0,0.022917651,0.002
4.131583351871192,2.256542708696287,0.002,280.18630343209315,4.22484948590004,3.65,0.02291866491836416,3.65,0.0,0.022917651,0.002
4.135934163394826,2.2697570138406267,0.002,281.8751666933761,4.230228343171461,3.66,0.02291862494015157,3.66,0.0,0.022917651,0.002
4.140481484095019,2.2831298201398154,0.002,283.1343255957182,4.236234742807688,3.6699999999999995,0.022918584961938975,3.67,0.0,0.022917651,0.002
4.145159504300032,2.2962539812678657,0.002,284.01901428800505,4.243012588485305,3.68,0.022918544983726384,3.68,0.0,0.022917651,0.002
4.149759007318921,2.308557333098653,0.002,284.7523064992011,4.250297165351118,3.6900000000000004,0.02291850500551379,3.69,0.0,0.022917651,0.002
4.154210176068035,2.3197860251894267,0.002,285.7197591859624,4.258063076575171,3.7,0.022918465027301195,3.7,0.0,0.022917651,0.002
4.158070241728462,2.328919348635913,0.002,287.3058876836858,4.265528209220039,3.71,0.02291844428880417,3.71,0.0,0.022917651,0.002
4.161584943785223,2.336268953534647,0.002,289.8628104039096,4.27339559298221,3.7200000000000006,0.022918423550307133,3.72,0.0,0.022917651,0.002
4.164579797110978,2.3412197004430206,0.002,292.7487749200445,4.2815824424801345,3.7300000000000004,0.022918402811810103,3.73,0.0,0.022917651,0.002
4.1672168537971706,2.3445078186648174,0.002,295.75173821659126,4.290000737974107,3.74,0.022918382073313072,3.74,0.0,0.022917651,0.002
4.168855793388147,2.344005417178021,0.002,298.4967248475985,4.298217086482012,3.7499999999999996,0.02291836133481604,3.75,0.0,0.022917651,0.002
4.170223272120616,2.342395709212408,0.002,301.1884332265521,4.306454896720881,3.7600000000000002,0.02291834059631901,3.7600000000000002,0.0,0.022917651,0.002
4.171048905853787,2.33914195421703,0.002,303.4354091943511,4.3141693745270295,3.77,0.02291831985782198,3.77,0.0,0.022917651,0.002
4.1712610227669575,2.334029350686531,0.002,305.23526900457546,4.32128863994561,3.7800000000000007,0.022918299119324945,3.7800000000000002,0.0,0.022917651,0.002
4.171261826989965,2.328908730586657,0.002,306.76413487685704,4.3275706571496615,3.7900000000000005,0.022918278380827918,3.79,0.0,0.022917651,0.002
4.171222738119407,2.3243354500153273,0.002,308.01918689093714,4.3331457631809425,3.8000000000000003,0.022918257642330884,3.8000000000000003,0.0,0.022917651,0.002
4.171118215822245,2.321079685254273,0.002,308.3633250568929,4.3371115431409875,3.8100000000000005,0.022918246687592594,3.81,0.0,0.022917651,0.002
4.17104390824573,2.318510468586006,0.002,308.59756414358634,4.340511629994135,3.8200000000000003,0.022918235732854307,3.8200000000000003,0.0,0.022917651,0.002
4.171019815336334,2.3164973565653013,0.002,308.7572078148368,4.3435564700984965,3.8299999999999996,0.022918224778116017,3.83,0.0,0.022917651,0.002
4.171059788471556,2.315317482621668,0.002,308.8569128213979,4.34602433876777,3.8400000000000003,0.022918213823377727,3.84,0.0,0.022917651,0.002
4.171160022841522,2.315178977384325,0.002,308.87053882112826,4.347691883255605,3.85,0.02291820286863944,3.85,0.0,0.022917651,0.002
4.171232923285367,2.3148742322036506,0.002,308.8942728761418,4.349416329848505,3.86,0.022918191913901154,3.86,0.0,0.022917651,0.002
4.171655858970144,2.3171340990943747,0.002,308.7463170442459,4.349976305796507,3.8700000000000006,0.022918180971858472,3.87,0.0,0.022917651,0.002
4.172296908224983,2.320965551782442,0.002,308.4961828145578,4.349837151436927,3.8800000000000003,0.02291817002649894,3.88,0.0,0.022917651,0.002
4.172937973513184,2.3247820657078098,0.002,308.2502995724393,4.349713000012835,3.8900000000000006,0.022918159067624833,3.89,0.0,0.022917651,0.002
4.173579055176598,2.3285833223620664,0.002,308.0087579529262,4.349604171400866,3.9000000000000004,0.022918148094947997,3.9,0.0,0.022917651,0.002
4.174249042717741,2.3322608348058256,0.002,307.13042508917766,4.349706149571252,3.910000000000001,0.022918106107019214,3.91,0.0,0.022917651,0.002
4.174916837847185,2.335931196336124,0.002,306.25341329042175,4.3498065086951,3.920000000000001,0.022918064122195683,3.92,0.0,0.022917651,0.002
4.175582369788262,2.33959417610315,0.002,305.37776520402184,4.3499051965054365,3.9299999999999993,0.02291802214057765,3.93,0.0,0.022917651,0.002
4.176245564684693,2.343249533212438,0.002,304.50352533299827,4.35000215846107,3.94,0.02291798016226973,3.94,0.0,0.022917651,0.002
4.176906345431254,2.3468970161725355,0.002,303.63074013806596,4.350097337621531,3.9500000000000006,0.022917938187381127,3.95,0.0,0.022917651,0.002
4.17756463149313,2.350536362305821,0.002,302.7594581464815,4.350190674513678,3.9600000000000004,0.022917896216025906,3.96,0.0,0.022917651,0.002
4.178220338713091,2.354167297119568,0.002,301.88973006823227,4.350282106989296,3.9700000000000006,0.02291785424832327,3.97,0.0,0.022917651,0.002
4.178873379105507,2.3577895336340924,0.002,301.0216089201552,4.350371570072984,3.9800000000000004,0.022917812284397834,3.98,0.0,0.022917651,0.002
4.17952366063615,2.361402771664531,0.002,300.15515015862184,4.350458995799545,3.99,0.022917770324379954,3.99,0.0,0.022917651,0.002
4.180171086986614,2.365006697052467,0.002,299.2904118214886,4.3505443130400065,4.0,0.02291772836840605,4.0,0.0,0.022917651,0.002
4.180766373507449,2.3684893460591074,0.002,299.28597975833253,4.35051519497145,4.01,0.022917724003040724,4.01,0.0,0.022917651,0.002
4.181361488221009,2.3719464304246842,0.002,299.28992697374895,4.350510954674703,4.0200000000000005,0.02291771963379149,4.0200000000000005,0.0,0.022917651,0.002
4.181956423255278,2.3753767788061446,0.002,299.3026373968416,4.350532732021241,4.03,0.022917715260480406,4.03,0.0,0.022917651,0.002
4.1825511702498686,2.3787791471910684,0.002,299.32451877542917,4.350581737599436,4.04,0.02291771088291847,4.04,0.0,0.022917651,0.002
4.183145720317542,2.382152213173433,0.002,299.3560045522659,4.35065925828498,4.05,0.022917706500904765,4.05,0.0,0.022917651,0.002
4.1837400640020554,2.38549456967964,0.002,299.3975559214536,4.350766663346308,4.0600000000000005,0.022917702114225537,4.0600000000000005,0.0,0.022917651,0.002
4.184334191231878,2.38880471808219,0.002,299.44966408555797,4.350905411145881,4.07,0.0229176977226531,4.07,0.0,0.022917651,0.002
4.184928091269317,2.392081060630146,0.002,299.51285273666446,4.351077056506358,4.08,0.02291769332594472,4.08,0.0,0.022917651,0.002
4.185521752654518,2.395321892115959,0.002,299.58768078772783,4.351283258819874,4.09,0.02291768892384133,4.09,0.0,0.022917651,0.002
4.1861151631437155,2.3985253906872455,0.002,299.67474538418026,4.351525790989393,4.1,0.022917684516066142,4.1,0.0,0.022917651,0.002
4.186743896712065,2.4021398052479404,0.002,299.8371195069715,4.351472855663273,4.110000000000001,0.0229176823782943,4.11,0.0,0.022917651,0.002
4.187372883028296,2.405766111073641,0.002,299.99807533972955,4.3514090401031025,4.120000000000001,0.022917680245714004,4.12,0.0,0.022917651,0.002
4.188002107735798,2.4094036327155535,0.002,300.1576934443033,4.351334962328996,4.13,0.02291767811803036,4.13,0.0,0.022917651,0.002
4.18863155754507,2.413051744930173,0.002,300.3160483944769,4.351251194424381,4.14,0.02291767599497041,4.14,0.0,0.022917651,0.002
4.189261220136387,2.416709868099759,0.002,300.47320932217764,4.351158266726168,4.15,0.02291767387628109,4.15,0.0,0.022917651,0.002
4.189891084072914,2.4203774641450995,0.002,300.62924040496614,4.351056671564459,4.16,0.022917671761727484,4.16,0.0,0.022917651,0.002
4.190537110829621,2.424175966320456,0.002,300.74494841106025,4.35088882140604,4.17,0.022917669648825263,4.17,0.0,0.022917651,0.002
4.191185471231483,2.4279932657022587,0.002,300.8543107879495,4.350711508597609,4.18,0.022917667535063455,4.18,0.0,0.022917651,0.002
4.1918337548759395,2.4318105273000494,0.002,300.9632372917882,4.350533926544052,4.19,0.02291766542046089,4.19,0.0,0.022917651,0.002
4.192481960105283,2.435627750297816,0.002,301.0717185091359,4.350356069430552,4.2,0.022917663304999406,4.2,0.0,0.022917651,0.002
4.1931106001303675,2.439336132090964,0.002,301.13513612583364,4.350184163907753,4.21,0.022917662148873374,4.21,0.0,0.022917651,0.002
4.1937392085548435,2.4430446837968915,0.002,301.19908593606743,4.350011962002421,4.22,0.02291766099324821,4.22,0.0,0.022917651,0.002
4.19436778519743,2.4467534063903242,0.002,301.2635709928272,4.349839462014325,4.2299999999999995,0.022917659838126783,4.23,0.0,0.022917651,0.002
4.194996329875459,2.4504623008534554,0.002,301.3285943724997,4.3496666622302005,4.24,0.022917658683512,4.24,0.0,0.022917651,0.002
4.195624842404859,2.454171368176021,0.002,301.39415917509234,4.349493560923633,4.250000000000001,0.02291765752940677,4.25,0.0,0.022917651,0.002
4.196253322600137,2.457880609355369,0.002,301.4602685244612,4.349320156354922,4.26,0.02291765637581403,4.26,0.0,0.022917651,0.002
4.196881770274381,2.4615900253965393,0.002,301.52692556853987,4.34914644677096,4.2700000000000005,0.022917655222736748,4.2700000000000005,0.0,0.022917651,0.002
4.197510185239224,2.4652996173123283,0.002,301.5941334795727,4.348972430405102,4.28,0.022917654070177908,4.28,0.0,0.022917651,0.002
4.1981385673048495,2.4690093861233713,0.002,301.6618954543495,4.348798105477029,4.29,0.022917652918140526,4.29,0.0,0.022917651,0.002
4.198766916279966,2.4727193328582175,0.002,301.7302147144435,4.348623470192626,4.3,0.02291765176662762,4.3,0.0,0.022917651,0.002
4.1993820331317515,2.4763343140775405,0.002,301.1661249986484,4.34846737805027,4.310000000000001,0.022917651168462994,4.3100000000000005,0.0,0.022917651,0.002
4.1999967839484595,2.4799487578311576,0.002,300.6048395362076,4.348310359226319,4.32,0.022917650561122063,4.32,0.0,0.022917651,0.002
4.2006111601391165,2.4835626515045526,0.002,300.04642414396255,4.348152391971218,4.33,0.022917649944389457,4.33,0.0,0.022917651,0.002
4.201225152841783,2.487175982085343,0.002,299.49094671465593,4.347993453849422,4.34,0.022917649318043014,4.34,0.0,0.022917651,0.002
4.201838752912784,2.4907887361474645,0.002,298.9384772994254,4.347833521712133,4.3500000000000005,0.022917648681853506,4.3500000000000005,0.0,0.022917651,0.002
4.2024519509154326,2.4944008998346026,0.002,298.3890881942636,4.347672571668723,4.36,0.022917648035584354,4.36,0.0,0.022917651,0.002
4.203064737108187,2.498012458842818,0.002,297.8428540306677,4.347510579056789,4.37,0.02291764737899135,4.37,0.0,0.022917651,0.002
4.203677101432248,2.5016233984023235,0.002,297.2998518707167,4.347347518410722,4.380000000000001,0.022917646711822327,4.38,0.0,0.022917651,0.002
4.204289033498534,2.505233703258364,0.002,296.76016130683234,4.347183363428752,4.39,0.022917646033816838,4.39,0.0,0.022917651,0.002
4.204900522574011,2.5088433576511484,0.002,296.2238645664938,4.347018086938338,4.400000000000001,0.022917645344705802,4.4,0.0,0.022917651,0.002
4.205496593370826,2.5123746779204184,0.002,298.343891115884,4.34684703345546,4.41,0.022917644849203073,4.41,0.0,0.022917651,0.002
4.206092509234539,2.515905681592048,0.002,300.4642056881401,4.346675676824922,4.42,0.02291764435875357,4.42,0.0,0.022917651,0.002
4.206688267224654,2.519436362657293,0.002,302.58481374968204,4.346504011293246,4.430000000000001,0.02291764387345319,4.43,0.0,0.022917651,0.002
4.207283864325793,2.5229667149543884,0.002,304.7057209061412,4.346332030960436,4.44,0.02291764339340029,4.44,0.0,0.022917651,0.002
4.207879297445296,2.5264967321636416,0.002,306.82693290681925,4.346159729775282,4.45,0.022917642918695733,4.45,0.0,0.022917651,0.002
4.208474563410725,2.5300264078023456,0.002,308.9484556493223,4.345987101530478,4.46,0.022917642449442995,4.46,0.0,0.022917651,0.002
4.209069658967279,2.533555735219485,0.002,311.07029518437247,4.345814139857565,4.47,0.022917641985748225,4.47,0.0,0.022917651,0.002
4.209664580775104,2.537084707590241,0.002,313.19245772081024,4.3456408382216605,4.48,0.022917641527720363,4.48,0.0,0.022917651,0.002
4.210259325406489,2.540613317910273,0.002,315.3149496307927,4.345467189915988,4.49,0.022917641075471208,4.49,0.0,0.022917651,0.002
4.210853889342968,2.5441415589897796,0.002,317.43777745519935,4.345293188056191,4.5,0.0229176406291155,4.5,0.0,0.022917651,0.002
4.211433881593411,2.547579828585618,0.002,317.2071614733327,4.345129418337378,4.51,0.022917640458991945,4.51,0.0,0.022917651,0.002
4.212013524579238,2.5510176612023026,0.002,316.976822424867,4.344964688655942,4.520000000000001,0.022917640291570677,4.5200000000000005,0.0,0.022917651,0.002
4.212592810597502,2.5544550472023593,0.002,316.7467664175043,4.344798977840129,4.53,0.022917640126911297,4.53,0.0,0.022917651,0.002
4.21317173171706,2.557891976662812,0.002,316.5169997398816,4.3446322640909925,4.54,0.022917639965075176,4.54,0.0,0.022917651,0.002
4.21375027977006,2.5613284393645337,0.002,316.28752886832183,4.344464524958993,4.55,0.022917639806125503,4.55,0.0,0.022917651,0.002
4.2143300461566,2.56477805005094,0.002,316.02983267741223,4.344288511144037,4.56,0.022917639644563868,4.5600000000000005,0.0,0.022917651,0.002
4.2149096108174176,2.5682290439555895,0.002,315.76890861838757,4.344110307140916,4.57,0.022917639485573293,4.57,0.0,0.022917651,0.002
4.21548875362416,2.5716796446936,0.002,315.50849073405294,4.343930808829767,4.58,0.022917639329981518,4.58,0.0,0.022917651,0.002
4.216067463272578,2.575129841729446,0.002,315.24859258816304,4.343749981527554,4.59,0.02291763917787963,4.59,0.0,0.022917651,0.002
4.216645728050894,2.5785796241477903,0.002,314.9892282334568,4.343567789300884,4.6000000000000005,0.022917639029361978,4.6000000000000005,0.0,0.022917651,0.002
4.217206448503809,2.581936587730369,0.002,315.15374143724637,4.343387709169394,4.61,0.022917639048014006,4.61,0.0,0.022917651,0.002
4.217767022215037,2.5852940335216177,0.002,315.31934596479135,4.343206560030953,4.62,0.022917639061386816,4.62,0.0,0.022917651,0.002
4.218327447683064,2.5886519664556613,0.002,315.4860529828971,4.343024330947109,4.63,0.022917639069426392,4.63,0.0,0.022917651,0.002
4.218887723385824,2.5920103915341763,0.002,315.6538738112407,4.342841010829664,4.639999999999999,0.022917639072077983,4.64,0.0,0.022917651,0.002
4.219447847780342,2.595369313827544,0.002,315.82281992499577,4.342656588438106,4.65,0.022917639069286073,4.65,0.0,0.022917651,0.002
4.220007819302369,2.5987287384760376,0.002,315.9929029575117,4.342471052376976,4.66,0.022917639060994383,4.66,0.0,0.022917651,0.002
4.220567636366028,2.6020886706910296,0.002,316.16413470304866,4.342284391093201,4.67,0.022917639047145867,4.67,0.0,0.022917651,0.002
4.221127297363425,2.6054491157562243,0.002,316.3365271195691,4.342096592873349,4.68,0.022917639027682672,4.68,0.0,0.022917651,0.002
4.221686800664272,2.608810079028921,0.002,316.51009233158794,4.341907645840845,4.690000000000001,0.02291763900254615,4.69,0.0,0.022917651,0.002
4.222246144615495,2.612171565941294,0.002,316.6848426330826,4.3417175379531106,4.700000000000001,0.022917638971676833,4.7,0.0,0.022917651,0.002
4.222797459573793,2.615453342553872,0.002,316.436969807552,4.341555359326001,4.71,0.022917638940212013,4.71,0.0,0.022917651,0.002
4.223348326987968,2.618735010254103,0.002,316.1900618138493,4.341391499270599,4.720000000000001,0.0229176389115318,4.72,0.0,0.022917651,0.002
4.223898733994558,2.6220165659115917,0.002,315.94414638349406,4.341225909458729,4.73,0.022917638885716223,4.73,0.0,0.022917651,0.002
4.224448667232362,2.625298006274816,0.002,315.6992523210447,4.3410585396922166,4.74,0.022917638862848436,4.74,0.0,0.022917651,0.002
4.224998112818134,2.628579327965211,0.002,315.455409556505,4.3408893378115465,4.75,0.022917638843014804,4.75,0.0,0.022917651,0.002
4.225547056320835,2.631860527470903,0.002,315.212649200833,4.340718249599145,4.76,0.022917638826305115,4.76,0.0,0.022917651,0.002
4.226095482734345,2.63514160114007,0.002,314.97100360476804,4.340545218676845,4.7700000000000005,0.022917638812812748,4.7700000000000005,0.0,0.022917651,0.002
4.226643376448526,2.638422545173897,0.002,314.7305064212088,4.3403701863971875,4.78,0.022917638802634817,4.78,0.0,0.022917651,0.002
4.227190721218525,2.6417033556191094,0.002,314.49119267139673,4.340193091728078,4.790000000000001,0.02291763879587241,4.79,0.0,0.022917651,0.002
4.227737500132184,2.6449840283600397,0.002,314.25309881517677,4.340013871130346,4.8,0.02291763879263074,4.8,0.0,0.022917651,0.002
4.228263200846673,2.6482040031620686,0.002,314.09561491388314,4.339792185787492,4.8100000000000005,0.022917638807703596,4.8100000000000005,0.0,0.022917651,0.002
4.228788625583086,2.6514231250931712,0.002,313.9384384652256,4.3395702494804755,4.82,0.02291763882291436,4.82,0.0,0.022917651,0.002
4.22931376731515,2.654641372439649,0.002,313.7815772968055,4.339348055819866,4.829999999999999,0.022917638838266547,4.83,0.0,0.022917651,0.002
4.229838618776036,2.6578587227444035,0.002,313.62503950421444,4.339125598197481,4.84,0.022917638853763803,4.84,0.0,0.022917651,0.002
4.2303639734308955,2.661077965086998,0.002,313.46404102678406,4.338903261494718,4.8500000000000005,0.022917638871455745,4.8500000000000005,0.0,0.022917651,0.002
4.230891187169912,2.664303960446321,0.002,313.2911134633575,4.338681608303838,4.86,0.02291763889878306,4.86,0.0,0.022917651,0.002
4.23141831844294,2.6675299489638027,0.002,313.1182413477484,4.338459631955768,4.87,0.022917638933051567,4.87,0.0,0.022917651,0.002
4.231945366419505,2.670755930570544,0.002,312.9454252383423,4.338237329196161,4.88,0.022917638974331175,4.88,0.0,0.022917651,0.002
4.2324723302579494,2.6739819051967157,0.002,312.7726657010475,4.338014696726831,4.89,0.02291763902269273,4.89,0.0,0.022917651,0.002
4.232999209105237,2.677207872771545,0.002,312.59996330942226,4.337791731205003,4.9,0.022917639078208023,4.9,0.0,0.022917651,0.002
4.23352254465386,2.6803527971107575,0.002,311.8355482314106,4.337617539683627,4.91,0.022917639104966952,4.91,0.0,0.022917651,0.002
4.234045707167157,2.683497802336866,0.002,311.0714192460347,4.337442575154182,4.920000000000001,0.022917639127061094,4.92,0.0,0.022917651,0.002
4.2345686941020535,2.6866428896386525,0.002,310.3075805579556,4.337266826255884,4.93,0.022917639144421898,4.93,0.0,0.022917651,0.002
4.235091502865397,2.6897880602283117,0.002,309.54403645463395,4.33709028140423,4.940000000000001,0.02291763915697946,4.94,0.0,0.022917651,0.002
4.235614130812716,2.692933315342023,0.002,308.78079130837756,4.336912928785457,4.95,0.022917639164662478,4.95,0.0,0.022917651,0.002
4.236136575246945,2.6960786562405548,0.002,308.0178495784515,4.336734756350857,4.96,0.022917639167398248,4.96,0.0,0.022917651,0.002
4.2366588334171125,2.6992240842098716,0.002,307.2552158132499,4.336555751810894,4.97,0.02291763916511261,4.97,0.0,0.022917651,0.002
4.237180902516986,2.702369600561774,0.002,306.4928946525346,4.336375902629163,4.98,0.02291763915772991,4.98,0.0,0.022917651,0.002
4.237702779683675,2.7055152066345434,0.002,305.73089082974064,4.336195196016157,4.99,0.022917639145172967,4.99,0.0,0.022917651,0.002
4.2382244619961975,2.7086609037936187,0.002,304.96920917435233,4.336013618922848,5.0,0.022917639127363037,5.0,0.0,0.022917651,0.002
4.238731837020925,2.7117375218095634,0.002,305.2411374140685,4.335826518557869,5.01,0.02291763913904223,5.01,0.0,0.022917651,0.002
4.239238808502018,2.714813879725806,0.002,305.5137650049562,4.335638064232693,5.020000000000001,0.022917639157023193,5.0200000000000005,0.0,0.022917651,0.002
4.239745369223988,2.717889972891681,0.002,305.7871044516335,4.335448231738088,5.03,0.022917639181418606,5.03,0.0,0.022917651,0.002
4.240251511798301,2.720965796544987,0.002,306.0611685586218,4.335256996284203,5.040000000000001,0.022917639212343854,5.04,0.0,0.022917651,0.002
4.240757228658143,2.724041345808618,0.002,306.3359704393899,4.3350643324830545,5.05,0.022917639249917097,5.05,0.0,0.022917651,0.002
4.241262512053027,2.7271166156870796,0.002,306.61152352572907,4.334870214330382,5.0600000000000005,0.022917639294259363,5.0600000000000005,0.0,0.022917651,0.002
4.241767354043177,2.730191601062874,0.002,306.8878415774707,4.334674615186831,5.07,0.022917639345494647,5.07,0.0,0.022917651,0.002
4.242271746493713,2.7332662966927526,0.002,307.1649386925623,4.3344775077584465,5.08,0.02291763940374998,5.08,0.0,0.022917651,0.002
4.242775681068624,2.73634069720383,0.002,307.44282931751746,4.334278864076438,5.090000000000001,0.022917639469155544,5.09,0.0,0.022917651,0.002
4.243279149224514,2.7394147970895517,0.002,307.72152825825503,4.334078655476205,5.100000000000001,0.022917639541844746,5.1000000000000005,0.0,0.022917651,0.002
4.243783540346187,2.742431439070971,0.002,307.7021852844796,4.333922894582162,5.110000000000001,0.022917639561179322,5.11,0.0,0.022917651,0.002
4.244288007256131,2.7454483531717537,0.002,307.6828829140579,4.3337671647117,5.120000000000001,0.022917639579558745,5.12,0.0,0.022917651,0.002
4.244792548489567,2.7484655341325865,0.002,307.66362036224007,4.333611465265216,5.13,0.022917639597001476,5.13,0.0,0.022917651,0.002
4.245297162619224,2.7514829768288216,0.002,307.6443968643691,4.333455795658465,5.14,0.022917639613525505,5.14,0.0,0.022917651,0.002
4.245801848254143,2.75450067626619,0.002,307.62521167524244,4.333300155322065,5.15,0.02291763962914836,5.15,0.0,0.022917651,0.002
4.246306604038528,2.7575186275766823,0.002,307.6060640684968,4.333144543701025,5.16,0.022917639643887124,5.16,0.0,0.022917651,0.002
4.246811428650646,2.7605368260145866,0.002,307.5869533360171,4.3329889602543,5.170000000000001,0.022917639657758462,5.17,0.0,0.022917651,0.002
4.247316320801762,2.7635552669526673,0.002,307.5678787873664,4.332833404454354,5.180000000000001,0.022917639670778606,5.18,0.0,0.022917651,0.002
4.247821279235112,2.7665739458784957,0.002,307.54883974923797,4.332677875786735,5.19,0.022917639682963408,5.19,0.0,0.022917651,0.002
4.248326302724924,2.769592858390907,0.002,307.52983556492745,4.332522373749679,5.2,0.02291763969432831,5.2,0.0,0.022917651,0.002
4.2488062351941664,2.7725388935238633,0.002,307.04566955254285,4.332323320859734,5.21,0.02291763978318715,5.21,0.0,0.022917651,0.002
4.249285817263579,2.7754846936607747,0.002,306.5614130262868,4.332123101328481,5.22,0.022917639876237222,5.22,0.0,0.022917651,0.002
4.249765034218372,2.778430248933149,0.002,306.07706218509395,4.33192166616365,5.23,0.02291763997365451,5.23,0.0,0.022917651,0.002
4.250243870508144,2.7813755489120915,0.002,305.59261301204714,4.3317189635908395,5.24,0.02291764007562504,5.24,0.0,0.022917651,0.002
4.250722309686706,2.7843205825679496,0.002,305.1080612588339,4.331514938853176,5.25,0.02291764018234552,5.25,0.0,0.022917651,0.002
4.251200334346649,2.787265338226421,0.002,304.62340242884176,4.331309533993419,5.260000000000001,0.022917640294024166,5.26,0.0,0.022917651,0.002
4.251677926048064,2.7902098035207636,0.002,304.13863175874815,4.331102687616688,5.270000000000001,0.02291764041088154,5.2700000000000005,0.0,0.022917651,0.002
4.252155065240849,2.793153965339675,0.002,303.65374419844926,4.33089433463174,5.28,0.022917640533151484,5.28,0.0,0.022917651,0.002
4.252633047477255,2.7961005480586554,0.002,303.16330820195134,4.33068693291379,5.29,0.022917640640688915,5.29,0.0,0.022917651,0.002
4.253111165633803,2.799048100464292,0.002,302.6711994715991,4.330479105241849,5.3,0.022917640740416356,5.3,0.0,0.022917651,0.002
4.2535798465673915,2.8019323063654356,0.002,302.5052145242867,4.330281412656418,5.3100000000000005,0.02291764075512359,5.3100000000000005,0.0,0.022917651,0.002
4.254048169927169,2.8048164417086388,0.002,302.33975234841347,4.330082360201333,5.320000000000001,0.02291764077216683,5.32,0.0,0.022917651,0.002
4.254516128648152,2.807700505099811,0.002,302.1748232729529,4.329881921008143,5.33,0.022917640791592225,5.33,0.0,0.022917651,0.002
4.254983715478008,2.8105844951078915,0.002,302.01043790079046,4.329680067495886,5.339999999999999,0.022917640813447163,5.34,0.0,0.022917651,0.002
4.255450922970791,2.813468410263617,0.002,301.84660711786387,4.329476771347295,5.3500000000000005,0.022917640837780293,5.3500000000000005,0.0,0.022917651,0.002
4.255917743480448,2.8163522490582356,0.002,301.6833421026721,4.329272003484077,5.36,0.022917640864641545,5.36,0.0,0.022917651,0.002
4.256384169154048,2.8192360099421743,0.002,301.5206543361698,4.329065734041168,5.37,0.02291764089408224,5.37,0.0,0.022917651,0.002
4.256850191924735,2.822119691323648,0.002,301.35855561206677,4.328857932339947,5.379999999999999,0.022917640926155072,5.38,0.0,0.022917651,0.002
4.257315803504394,2.8250032915672123,0.002,301.1970580475505,4.328648566860336,5.390000000000001,0.02291764096091419,5.39,0.0,0.022917651,0.002
4.2577809953760175,2.8278868089922558,0.002,301.0361740944535,4.328437605211758,5.4,0.02291764099841523,5.4,0.0,0.022917651,0.002
4.258248103492525,2.83072085060304,0.002,302.0586130306116,4.3282688886884895,5.41,0.022917641025267287,5.41,0.0,0.022917651,0.002
4.258714964440229,2.8335549915295766,0.002,303.08148441420815,4.32809908431646,5.420000000000001,0.022917641057220058,5.42,0.0,0.022917651,0.002
4.259181575100063,2.8363892330251494,0.002,304.1047937023754,4.327928178367909,5.43,0.022917641094337908,5.43,0.0,0.022917651,0.002
4.259647932300255,2.839223576364219,0.002,305.12854644445287,4.327756156883124,5.44,0.02291764113668629,5.44,0.0,0.022917651,0.002
4.260114032815219,2.8420580228428696,0.002,306.1527482839428,4.327583005665521,5.45,0.02291764118433177,5.45,0.0,0.022917651,0.002
4.260579873364397,2.8448925737792727,0.002,307.1774049605165,4.327408710276594,5.46,0.02291764123734205,5.46,0.0,0.022917651,0.002
4.2610454506110935,2.8477272305141574,0.002,308.2025223120712,4.327233256030745,5.470000000000001,0.02291764129578599,5.47,0.0,0.022917651,0.002
4.261510761161263,2.8505619944112985,0.002,309.2281062768404,4.327056627989974,5.48,0.022917641359733624,5.48,0.0,0.022917651,0.002
4.261975801562276,2.853396866858007,0.002,310.25416289555835,4.3268788109584335,5.49,0.022917641429256206,5.49,0.0,0.022917651,0.002
4.262440568301646,2.8562318492656487,0.002,311.280698313682,4.326699789476839,5.5,0.022917641504426222,5.5,0.0,0.022917651,0.002
4.262900862975845,2.859016577740684,0.002,311.39897146755936,4.326538772932107,5.51,0.022917641556102403,5.51,0.0,0.022917651,0.002
4.263361182690318,2.8618013484687697,0.002,311.5172443411824,4.326377814297,5.520000000000001,0.022917641607779638,5.5200000000000005,0.0,0.022917651,0.002
4.263821526594635,2.8645861600148836,0.002,311.63551694406914,4.326216911604762,5.53,0.02291764165945789,5.53,0.0,0.022917651,0.002
4.264281893876445,2.867371011008261,0.002,311.75378928531177,4.3260560629767,5.539999999999999,0.022917641711137134,5.54,0.0,0.022917651,0.002
4.264742283759368,2.870155900138834,0.002,311.8720613735995,4.32589526661731,5.55,0.022917641762817333,5.55,0.0,0.022917651,0.002
4.265202695501024,2.8729408261539136,0.002,311.99033321724113,4.325734520809725,5.5600000000000005,0.02291764181449845,5.5600000000000005,0.0,0.022917651,0.002
4.265663128391199,2.8757257878550755,0.002,312.1086048241856,4.325573823911457,5.569999999999999,0.02291764186618046,5.57,0.0,0.022917651,0.002
4.266123581750111,2.878510784095259,0.002,312.226876202041,4.325413174350406,5.58,0.022917641917863333,5.58,0.0,0.022917651,0.002
4.266584054926808,2.881295813776042,0.002,312.34514735809296,4.325252570621138,5.59,0.022917641969547042,5.59,0.0,0.022917651,0.002
4.267044547297648,2.8840808758450898,0.002,312.4634182993213,4.325092011281385,5.6000000000000005,0.022917642021231564,5.6000000000000005,0.0,0.022917651,0.002
4.267476137679923,2.886792236393746,0.002,312.3394524092782,4.32487569601061,5.61,0.022917641981636,5.61,0.0,0.022917651,0.002
4.267906349452919,2.889502450571346,0.002,312.216283992572,4.324655012539594,5.62,0.02291764194330067,5.62,0.0,0.022917651,0.002
4.268335096014126,2.8922114463642936,0.002,312.0939631454786,4.324429686463472,5.629999999999999,0.02291764190630473,5.63,0.0,0.022917651,0.002
4.268762283352217,2.894919145598257,0.002,311.9725442499958,4.324199419902124,5.640000000000001,0.022917641870734137,5.64,0.0,0.022917651,0.002
4.269189369354351,2.8976286764638,0.002,311.8430153486452,4.323966915898984,5.65,0.02291764182020873,5.65,0.0,0.022917651,0.002
4.2696164216022385,2.900339668338123,0.002,311.7095277513147,4.3237328156560615,5.66,0.022917641762437265,5.66,0.0,0.022917651,0.002
4.270042761853027,2.903050640462162,0.002,311.5769588197666,4.323495887148447,5.670000000000001,0.02291764170631412,5.67,0.0,0.022917651,0.002
4.270468368985523,2.9057615922500295,0.002,311.44533580595794,4.323256046476476,5.68,0.02291764165188819,5.68,0.0,0.022917651,0.002
4.270893221034791,2.9084725230924366,0.002,311.31468705050554,4.323013206388868,5.690000000000001,0.02291764159921032,5.69,0.0,0.022917651,0.002
4.271317295149584,2.9111834323555046,0.002,311.1850420375975,4.322767276113671,5.7,0.022917641548333416,5.7,0.0,0.022917651,0.002
4.271755255293761,2.9138527596523103,0.002,310.82509755023574,4.322605102474965,5.710000000000001,0.022917641599592784,5.71,0.0,0.022917651,0.002
4.272193018195941,2.9165223048825144,0.002,310.46546821658944,4.32244192188876,5.72,0.02291764165142768,5.72,0.0,0.022917651,0.002
4.272630580969357,2.919192071235716,0.002,310.1061586491403,4.32227771961772,5.7299999999999995,0.022917641703846525,5.73,0.0,0.022917651,0.002
4.273067940670636,2.92186206196406,0.002,309.7471735508206,4.322112480635508,5.740000000000001,0.02291764175685791,5.74,0.0,0.022917651,0.002
4.273505094298397,2.924532280383782,0.002,309.38851771724035,4.3219461896196725,5.75,0.022917641810470592,5.75,0.0,0.022917651,0.002
4.273942038791821,2.9272027298767918,0.002,309.0301960389824,4.321778830944313,5.76,0.022917641864693503,5.76,0.0,0.022917651,0.002
4.274378771029173,2.9298734138923064,0.002,308.6722135039648,4.321610388672535,5.770000000000001,0.02291764191953575,5.7700000000000005,0.0,0.022917651,0.002
4.274815287826273,2.9325443359485366,0.002,308.3145751998747,4.321440846548672,5.78,0.022917641975006623,5.78,0.0,0.022917651,0.002
4.275251585934934,2.9352154996344173,0.002,307.95728631667487,4.321270187990277,5.79,0.0229176420311156,5.79,0.0,0.022917651,0.002
4.275687662041341,2.9378869086113952,0.002,307.60035214918724,4.321098396079867,5.800000000000001,0.02291764208787236,5.8,0.0,0.022917651,0.002
4.276108530438629,2.9405053008101754,0.002,307.6987724060734,4.320905878780442,5.810000000000001,0.022917642099673632,5.8100000000000005,0.0,0.022917651,0.002
4.276529251965145,2.9431238355182936,0.002,307.7974098596972,4.320712631580542,5.82,0.022917642111891942,5.82,0.0,0.022917651,0.002
4.27694982486281,2.945742514441619,0.002,307.89626710995344,4.320518645743088,5.830000000000001,0.02291764212453228,5.83,0.0,0.022917651,0.002
4.27737024734538,2.9483613393133576,0.002,307.99534679839854,4.320323912390999,5.84,0.02291764213759972,5.84,0.0,0.022917651,0.002
4.2777905175978646,2.9509803118945985,0.002,308.094651609088,4.320128422504375,5.8500000000000005,0.022917642151099413,5.8500000000000005,0.0,0.022917651,0.002
4.278210633775958,2.95359943397488,0.002,308.19418426943446,4.319932166917606,5.86,0.0229176421650366,5.86,0.0,0.022917651,0.002
4.278630594005443,2.9562187073727646,0.002,308.2939475510873,4.319735136316427,5.87,0.0229176421794166,5.87,0.0,0.022917651,0.002
4.279050396381575,2.9588381339364305,0.002,308.3939442708326,4.319537321234889,5.880000000000001,0.022917642194244824,5.88,0.0,0.022917651,0.002
4.279470038968471,2.961457715544277,0.002,308.49417729151577,4.3193387120522555,5.89,0.022917642209526762,5.89,0.0,0.022917651,0.002
4.279889519798457,2.9640774541055452,0.002,308.5946495229873,4.31913929898983,5.9,0.02291764222526801,5.9,0.0,0.022917651,0.002
4.280300324241541,2.9666450411705356,0.002,308.4967708108374,4.3189448541438615,5.910000000000001,0.022917642254512,5.91,0.0,0.022917651,0.002
4.280710983184787,2.9692127057706177,0.002,308.399064016842,4.318749749729404,5.920000000000001,0.022917642284052867,5.92,0.0,0.022917651,0.002
4.281121494797725,2.9717804488812254,0.002,308.30153130382746,4.31855397744872,5.930000000000001,0.022917642313894347,5.93,0.0,0.022917651,0.002
4.2815318572190515,2.9743482714942253,0.002,308.2041748710526,4.318357528864292,5.94,0.02291764234404025,5.94,0.0,0.022917651,0.002
4.281943525259943,2.9769179524390372,0.002,308.10391512844797,4.318164444414487,5.95,0.022917642374289657,5.95,0.0,0.022917651,0.002
4.282355743587535,2.979488608710546,0.002,308.002287815804,4.317972585742362,5.96,0.02291764240427911,5.96,0.0,0.022917651,0.002
4.2827677724954825,2.982059349721944,0.002,307.9008422883107,4.317779884592932,5.970000000000001,0.02291764243401385,5.97,0.0,0.022917651,0.002
4.283179608753483,2.984630176918361,0.002,307.7995816460795,4.317586326598834,5.98,0.022917642463489558,5.98,0.0,0.022917651,0.002
4.283591249057353,2.9872010917779734,0.002,307.69850906011595,4.317391897064146,5.99,0.022917642492701767,5.99,0.0,0.022917651,0.002
4.28400269002692,2.989772095812956,0.002,307.59762777435805,4.317196580954944,6.0,0.022917642521645944,6.0,0.0,0.022917651,0.002
4.284422636772368,2.9923061992440827,0.002,307.73676667254836,4.317060124650838,6.010000000000001,0.02291764261582976,6.01,0.0,0.022917651,0.002
4.284842587699256,2.9948404749329023,0.002,307.87591627554673,4.31692351283,6.0200000000000005,0.022917642709310154,6.0200000000000005,0.0,0.022917651,0.002
4.285262542819591,2.997374923374159,0.002,308.0150766140985,4.316786745045763,6.03,0.022917642802085088,6.03,0.0,0.022917651,0.002
4.285682502145433,2.9999095450645017,0.002,308.1542477190676,4.316649820849752,6.04,0.022917642894152553,6.04,0.0,0.022917651,0.002
4.286102465688882,3.0024443405024765,0.002,308.2934296214358,4.316512739791866,6.050000000000001,0.022917642985510495,6.05,0.0,0.022917651,0.002
4.286522433462085,3.0049793101885505,0.002,308.432622352304,4.31637550142028,6.0600000000000005,0.02291764307615688,6.0600000000000005,0.0,0.022917651,0.002
4.286942405477239,3.007514454625112,0.002,308.5718259428928,4.316238105281431,6.070000000000001,0.022917643166089654,6.07,0.0,0.022917651,0.002
4.287362381746586,3.0100497743164807,0.002,308.71104042454283,4.316100550920009,6.08,0.02291764325530676,6.08,0.0,0.022917651,0.002
4.287782362282414,3.012585269768923,0.002,308.8502658287154,4.315962837878951,6.09,0.022917643343806127,6.09,0.0,0.022917651,0.002
4.288202347097061,3.0151209414906535,0.002,308.9895021869932,4.315824965699434,6.100000000000001,0.022917643431585685,6.1000000000000005,0.0,0.022917651,0.002
4.288593468176076,3.017593618089777,0.002,308.63419405984695,4.315622957686702,6.109999999999999,0.02291764350041088,6.11,0.0,0.022917651,0.002
4.2889841313743124,3.0200663235270873,0.002,308.2794601753856,4.315419089235179,6.120000000000001,0.022917643570169524,6.12,0.0,0.022917651,0.002
4.289374326467465,3.0225390584465295,0.002,307.92531335622596,4.315213318801988,6.13,0.022917643640882456,6.13,0.0,0.022917651,0.002
4.289764042924547,3.025011823511366,0.002,307.5717668096135,4.315005603598127,6.140000000000001,0.02291764371257115,6.140000000000001,0.0,0.022917651,0.002
4.290153269896294,3.0274846194049023,0.002,307.21883414195236,4.3147958995413935,6.15,0.022917643785257725,6.15,0.0,0.022917651,0.002
4.290541996203048,3.0299574468312547,0.002,306.866529374,4.314584161207158,6.16,0.02291764385896496,6.16,0.0,0.022917651,0.002
4.290930210322092,3.0324303065161455,0.002,306.5148669567613,4.31437034177687,6.17,0.022917643933716352,6.17,0.0,0.022917651,0.002
4.291317900374381,3.0349031992077395,0.002,306.1638617881188,4.31415439298418,6.18,0.02291764400953612,6.18,0.0,0.022917651,0.002
4.291705054110664,3.037376125677517,0.002,305.8135292302423,4.313936265058533,6.190000000000001,0.022917644086449238,6.19,0.0,0.022917651,0.002
4.29209165889695,3.03984908672119,0.002,305.4638851278163,4.313715906666118,6.2,0.022917644164481457,6.2,0.0,0.022917651,0.002
4.292474183365008,3.042273805685029,0.002,305.2925178761185,4.313516171855991,6.21,0.02291764421766635,6.21,0.0,0.022917651,0.002
4.29285667657812,3.044698617943428,0.002,305.12113428885664,4.313316218776046,6.220000000000001,0.022917644270856123,6.22,0.0,0.022917651,0.002
4.293239138322349,3.047123524134986,0.002,304.9497342542138,4.313116045932224,6.2299999999999995,0.02291764432405082,6.23,0.0,0.022917651,0.002
4.293621568381796,3.0495485249041483,0.002,304.77831765935025,4.312915651816805,6.24,0.02291764437725047,6.24,0.0,0.022917651,0.002
4.294003966538584,3.0519736209012653,0.002,304.6068843903916,4.31271503490824,6.25,0.022917644430455106,6.25,0.0,0.022917651,0.002
4.294386332572836,3.0543988127826647,0.002,304.435434332417,4.3125141936709985,6.260000000000001,0.02291764448366476,6.26,0.0,0.022917651,0.002
4.294768666262647,3.0568241012107196,0.002,304.26396736944724,4.312313126555408,6.2700000000000005,0.02291764453687947,6.2700000000000005,0.0,0.022917651,0.002
4.295150967384064,3.0592494868539184,0.002,304.09248338443217,4.31211183199749,6.28,0.02291764459009927,6.28,0.0,0.022917651,0.002
4.295533235711064,3.061674970386935,0.002,303.9209822592389,4.311910308418793,6.29,0.0229176446433242,6.29,0.0,0.022917651,0.002
4.2959154710155225,3.0641005524907,0.002,303.74946387463837,4.3117085542262235,6.3,0.02291764469655428,6.3,0.0,0.022917651,0.002
4.296305419222697,3.0664996414237145,0.002,303.5554957483115,4.3115532011954505,6.3100000000000005,0.022917644699224134,6.3100000000000005,0.0,0.022917651,0.002
4.296695262056632,3.0688989515753358,0.002,303.36176767158406,4.311397205325281,6.320000000000001,0.02291764470234855,6.32,0.0,0.022917651,0.002
4.297084998596038,3.0712984848797094,0.002,303.16828174324417,4.311240560995275,6.329999999999999,0.02291764470593152,6.33,0.0,0.022917651,0.002
4.297474627908846,3.073698243293596,0.002,302.9750400866184,4.3110832625192845,6.34,0.022917644709977054,6.34,0.0,0.022917651,0.002
4.2978641490520655,3.0760982287967003,0.002,302.78204484993086,4.3109253041444875,6.3500000000000005,0.02291764471448923,6.3500000000000005,0.0,0.022917651,0.002
4.298253561071611,3.0784984433920077,0.002,302.58929820666987,4.3107666800504,6.359999999999999,0.022917644719472163,6.36,0.0,0.022917651,0.002
4.298645101247808,3.080901093610186,0.002,302.39297427770293,4.310614132884387,6.370000000000001,0.02291764472683567,6.37,0.0,0.022917651,0.002
4.299036600245389,3.0833040390249224,0.002,302.1967373533953,4.310461125795091,6.38,0.02291764473750988,6.38,0.0,0.022917651,0.002
4.299427980703615,3.085707206820349,0.002,302.0007191366267,4.31030742215533,6.390000000000001,0.022917644751510254,6.390000000000001,0.0,0.022917651,0.002
4.299819241383061,3.0881105993216345,0.002,301.8049219141608,4.310153014682106,6.400000000000001,0.022917644768871565,6.4,0.0,0.022917651,0.002
4.300189148320344,3.0904520452557156,0.002,302.99842629317686,4.309964534515651,6.410000000000001,0.022917644777882083,6.41,0.0,0.022917651,0.002
4.300558786954372,3.09279357984169,0.002,304.1922225649905,4.309774892496688,6.42,0.022917644785188252,6.42,0.0,0.022917651,0.002
4.300928152074141,3.095135204801362,0.002,305.38631639876604,4.309584066059627,6.43,0.022917644790756978,6.43,0.0,0.022917651,0.002
4.301297238332817,3.097476921901414,0.002,306.58071361143396,4.309392032050714,6.440000000000001,0.0229176447945543,6.44,0.0,0.022917651,0.002
4.301666040243294,3.099818732954878,0.002,307.7754201725359,4.309198766708732,6.450000000000001,0.022917644796545355,6.45,0.0,0.022917651,0.002
4.302034552173553,3.1021606398226678,0.002,308.97044220926404,4.309004245644957,6.46,0.02291764479669437,6.46,0.0,0.022917651,0.002
4.30240276834185,3.104502644415168,0.002,310.16578601169846,4.3088084438223,6.47,0.022917644794964623,6.47,0.0,0.022917651,0.002
4.302770682811712,3.1068447486938897,0.002,311.3614580382575,4.30861133553362,6.480000000000001,0.022917644791318387,6.48,0.0,0.022917651,0.002
4.303138289486715,3.1091869546731927,0.002,312.55746492136603,4.30841289437916,6.49,0.02291764478571696,6.49,0.0,0.022917651,0.002
4.303505582105075,3.1115292644220762,0.002,313.75381347335616,4.308213093243054,6.5,0.022917644778120545,6.5,0.0,0.022917651,0.002
4.303886822685608,3.1138513172408726,0.002,313.8688839305786,4.308079060867721,6.51,0.022917644839846894,6.51,0.0,0.022917651,0.002
4.304268079140391,3.116173455564851,0.002,313.983942540866,4.307945006470605,6.520000000000001,0.022917644902054772,6.5200000000000005,0.0,0.022917651,0.002
4.304649351425139,3.118495679155471,0.002,314.0989893372683,4.3078109301131375,6.529999999999999,0.022917644964742842,6.53,0.0,0.022917651,0.002
4.305030639495734,3.120817987775083,0.002,314.2140243527127,4.307676831856531,6.54,0.02291764502790976,6.54,0.0,0.022917651,0.002
4.305411943308217,3.123140381186915,0.002,314.3290476200043,4.30754271176176,6.550000000000001,0.0229176450915542,6.55,0.0,0.022917651,0.002
4.305793262818794,3.125462859155078,0.002,314.4440591718262,4.307408569889582,6.5600000000000005,0.022917645155674817,6.5600000000000005,0.0,0.022917651,0.002
4.306174597983833,3.127785421444554,0.002,314.5590590407407,4.307274406300524,6.57,0.022917645220270306,6.57,0.0,0.022917651,0.002
4.306555948759866,3.1301080678211957,0.002,314.6740472591892,4.30714022105489,6.58,0.022917645285339336,6.58,0.0,0.022917651,0.002
4.306937315103583,3.132430798051723,0.002,314.78902385949345,4.307006014212762,6.59,0.022917645350880603,6.59,0.0,0.022917651,0.002
4.3073186969718344,3.1347536119037165,0.002,314.9039888738555,4.306871785833998,6.6000000000000005,0.022917645416892788,6.6000000000000005,0.0,0.022917651,0.002
4.307663780943111,3.1370106233030657,0.002,314.8613337184908,4.306648197234398,6.610000000000001,0.022917645512066306,6.61,0.0,0.022917651,0.002
4.308008726604956,3.139267797379608,0.002,314.8187044493377,4.3064238927287635,6.62,0.022917645604651458,6.62,0.0,0.022917651,0.002
4.308353532550434,3.1415251357881484,0.002,314.77610132971967,4.3061988650346485,6.629999999999999,0.022917645694621923,6.63,0.0,0.022917651,0.002
4.308698197353472,3.1437826402060214,0.002,314.73352462654395,4.305973106770499,6.640000000000001,0.022917645781951008,6.640000000000001,0.0,0.022917651,0.002
4.309042719568512,3.14604031233346,0.002,314.69097461036256,4.305746610453959,6.65,0.02291764586661166,6.65,0.0,0.022917651,0.002
4.309387097730195,3.1482981538939967,0.002,314.64845155543475,4.3055193685001445,6.66,0.02291764594857646,6.66,0.0,0.022917651,0.002
4.309731330353011,3.150556166634863,0.002,314.60595573979094,4.305291373219886,6.67,0.0229176460278176,6.67,0.0,0.022917651,0.002
4.310075415930955,3.1528143523273955,0.002,314.5634874452972,4.305062616817922,6.680000000000001,0.022917646104306903,6.68,0.0,0.022917651,0.002
4.310419352937173,3.1550727127674554,0.002,314.52104695772226,4.3048330913910675,6.69,0.022917646178015793,6.69,0.0,0.022917651,0.002
4.310763139823596,3.157331249775853,0.002,314.4786345668049,4.304602788926344,6.700000000000001,0.022917646248915298,6.7,0.0,0.022917651,0.002
4.311126144393604,3.159575273000767,0.002,314.3890692708984,4.304454195814693,6.710000000000001,0.022917646270101746,6.71,0.0,0.022917651,0.002
4.311489069745185,3.1618195091861936,0.002,314.2996621736737,4.3043050729001475,6.720000000000001,0.02291764629151108,6.72,0.0,0.022917651,0.002
4.311851915295608,3.1640639598986704,0.002,314.2104144388398,4.304155416285476,6.729999999999999,0.022917646313144937,6.73,0.0,0.022917651,0.002
4.312214680456416,3.166308626720138,0.002,314.1213272415476,4.304005222035133,6.74,0.02291764633500499,6.74,0.0,0.022917651,0.002
4.312577364633345,3.168553511248126,0.002,314.0324017685303,4.303854486174783,6.75,0.02291764635709289,6.75,0.0,0.022917651,0.002
4.312939967226265,3.1707986150959515,0.002,313.94363921824714,4.303703204690819,6.76,0.022917646379410333,6.76,0.0,0.022917651,0.002
4.313302487629099,3.17304393989291,0.002,313.8550408010281,4.303551373529881,6.770000000000001,0.02291764640195903,6.7700000000000005,0.0,0.022917651,0.002
4.313664925229754,3.1752894872844766,0.002,313.7666077392216,4.3033989885983575,6.780000000000001,0.022917646424740697,6.78,0.0,0.022917651,0.002
4.314027279410041,3.1775352589325045,0.002,313.6783412673437,4.303246045761892,6.79,0.022917646447757078,6.79,0.0,0.022917651,0.002
4.314389549545607,3.179781256515435,0.002,313.5902426322302,4.3030925408448635,6.8,0.022917646471009922,6.8,0.0,0.022917651,0.002
4.314736741943668,3.1819775685087315,0.002,313.3474771708977,4.3029190154346555,6.810000000000001,0.022917646555173476,6.8100000000000005,0.0,0.022917651,0.002
4.315083951166631,3.1841738293799273,0.002,313.1046881068218,4.302745608438461,6.820000000000001,0.022917646639277315,6.82,0.0,0.022917651,0.002
4.31543117729429,3.186370038886567,0.002,312.8618753280623,4.30257232041788,6.830000000000001,0.022917646723321146,6.83,0.0,0.022917651,0.002
4.315778420406944,3.1885661967846612,0.002,312.6190387219703,4.302399151938068,6.839999999999999,0.022917646807304685,6.84,0.0,0.022917651,0.002
4.3161256805854045,3.1907623028286705,0.002,312.37617817518236,4.302226103567766,6.8500000000000005,0.022917646891227654,6.8500000000000005,0.0,0.022917651,0.002
4.316472957910994,3.192958356771496,0.002,312.1332935736147,4.3020531758793235,6.86,0.022917646975089755,6.86,0.0,0.022917651,0.002
4.316820252465553,3.1951543583644675,0.002,311.8903848024576,4.301880369448741,6.870000000000001,0.022917647058890697,6.87,0.0,0.022917651,0.002
4.317167564331444,3.197350307357328,0.002,311.6474517461695,4.301707684855683,6.879999999999999,0.02291764714263019,6.88,0.0,0.022917651,0.002
4.3175148935915555,3.1995462034982256,0.002,311.404494288471,4.301535122683521,6.8900000000000015,0.02291764722630794,6.890000000000001,0.0,0.022917651,0.002
4.317862240329304,3.2017420465336945,0.002,311.1615123123396,4.301362683519349,6.9,0.02291764730992366,6.9,0.0,0.022917651,0.002
4.318198773897675,3.203897794837253,0.002,310.8855893259976,4.301177963711725,6.910000000000001,0.022917647347101562,6.91,0.0,0.022917651,0.002
4.318538603381905,3.2060563682026677,0.002,310.6070895605065,4.3010036021068005,6.920000000000001,0.02291764737932782,6.92,0.0,0.022917651,0.002
4.318879470568216,3.2082161723579503,0.002,310.3278152029115,4.30083216041191,6.93,0.02291764741011253,6.93,0.0,0.022917651,0.002
4.3192199814709875,3.2103761877863657,0.002,310.04887927698013,4.300659082382937,6.940000000000001,0.022917647441589986,6.94,0.0,0.022917651,0.002
4.319560130626343,3.2125364177279443,0.002,309.77028697281537,4.300484342925474,6.95,0.0229176474737708,6.95,0.0,0.022917651,0.002
4.319899912458108,3.2146968654893087,0.002,309.492043587191,4.300307916429354,6.960000000000001,0.02291764750666582,6.96,0.0,0.022917651,0.002
4.320239321274915,3.2168575344453947,0.002,309.2141545263061,4.300129776755331,6.970000000000001,0.022917647540286103,6.97,0.0,0.022917651,0.002
4.320578351267206,3.2190184280412204,0.002,308.93662530862576,4.299949897221353,6.98,0.022917647574642954,6.98,0.0,0.022917651,0.002
4.320916996504152,3.221179549793717,0.002,308.65946156781035,4.299768250588388,6.990000000000001,0.022917647609747908,6.99,0.0,0.022917651,0.002
4.321255250930469,3.223340903293616,0.002,308.38266905573647,4.299584809045821,7.000000000000001,0.022917647645612726,7.0,0.0,0.022917651,0.002
4.321582850975754,3.225417161086946,0.002,308.32542952632923,4.299434981427499,7.010000000000001,0.022917647713986036,7.01,0.0,0.022917651,0.002
4.321910187240804,3.2274935016010766,0.002,308.2776972547733,4.2992840159727965,7.020000000000001,0.02291764778463855,7.0200000000000005,0.0,0.022917651,0.002
4.322237255185602,3.2295699262597433,0.002,308.23963587381144,4.299131893098011,7.030000000000001,0.022917647857609504,7.03,0.0,0.022917651,0.002
4.322564050165352,3.2316464365195445,0.002,308.21141279297524,4.298978592767437,7.04,0.02291764793293902,7.04,0.0,0.022917651,0.002
4.32289056742742,3.233723033870893,0.002,308.1931993081812,4.298824094480237,7.050000000000001,0.02291764801066817,7.05,0.0,0.022917651,0.002
4.323216802108202,3.2357997198390027,0.002,308.1851707151669,4.298668377256873,7.0600000000000005,0.022917648090838974,7.0600000000000005,0.0,0.022917651,0.002
4.323542749229858,3.237876495984911,0.002,308.18750642692316,4.298511419625053,7.07,0.02291764817349445,7.07,0.0,0.022917651,0.002
4.323868403696942,3.2399533639065363,0.002,308.2003900952875,4.298353199605177,7.079999999999999,0.022917648258678616,7.08,0.0,0.022917651,0.002
4.324193760292905,3.2420303252397753,0.002,308.22400973687286,4.29819369469526,7.09,0.022917648346436555,7.09,0.0,0.022917651,0.002
4.324518813676481,3.244107381659636,0.002,308.25855786351235,4.298032881855332,7.100000000000001,0.022917648436814413,7.1000000000000005,0.0,0.022917651,0.002
4.324855962941995,3.2462044806119303,0.002,308.0324532599839,4.297891794568182,7.11,0.0229176484416509,7.11,0.0,0.022917651,0.002
4.325193126283876,3.2483016654470225,0.002,307.8036618520086,4.2977506776899865,7.12,0.02291764844585039,7.12,0.0,0.022917651,0.002
4.325530303672683,3.250398935985288,0.002,307.57218925901697,4.297609531282634,7.13,0.02291764844941422,7.13,0.0,0.022917651,0.002
4.325867495079058,3.252496292047607,0.002,307.33804108478046,4.297468355407845,7.1400000000000015,0.02291764845234371,7.140000000000001,0.0,0.022917651,0.002
4.326204700473725,3.2545937334553523,0.002,307.10122291746467,4.297327150127161,7.15,0.022917648454640196,7.15,0.0,0.022917651,0.002
4.326541919827486,3.2566912600303994,0.002,306.8617403296847,4.297185915501956,7.16,0.022917648456304996,7.16,0.0,0.022917651,0.002
4.32687915311123,3.258788871595116,0.002,306.61959887855846,4.297044651593435,7.17,0.02291764845733942,7.17,0.0,0.022917651,0.002
4.327216400295923,3.2608865679723653,0.002,306.374804105761,4.29690335846263,7.18,0.022917648457744792,7.18,0.0,0.022917651,0.002
4.32755366135261,3.2629843489855004,0.002,306.12736153757777,4.2967620361704055,7.190000000000001,0.02291764845752241,7.19,0.0,0.022917651,0.002
4.327890936252421,3.2650822144583658,0.002,305.8772766849583,4.296620684777454,7.200000000000001,0.022917648456673594,7.2,0.0,0.022917651,0.002
4.328212126527221,3.267142284783365,0.002,305.7591538356615,4.29644441375889,7.210000000000001,0.02291764848400989,7.21,0.0,0.022917651,0.002
4.3285332789331585,3.2692024539098523,0.002,305.64114473831734,4.296267892512483,7.220000000000001,0.022917648513645264,7.22,0.0,0.022917651,0.002
4.328854393185354,3.2712627225810924,0.002,305.52325024865905,4.2960911191558155,7.23,0.022917648545597007,7.23,0.0,0.022917651,0.002
4.329175468996064,3.2733230915478235,0.002,305.4054712310249,4.295914091787547,7.240000000000001,0.022917648579882603,7.24,0.0,0.022917651,0.002
4.329496506074641,3.27538356156835,0.002,305.2878085584663,4.295736808487168,7.25,0.022917648616519685,7.25,0.0,0.022917651,0.002
4.329817504127504,3.2774441334086437,0.002,305.1702631128581,4.295559267314755,7.260000000000001,0.022917648655526084,7.26,0.0,0.022917651,0.002
4.330138462858096,3.279504807842434,0.002,305.0528357850106,4.295381466310737,7.2700000000000005,0.0229176486969198,7.2700000000000005,0.0,0.022917651,0.002
4.330459381966847,3.2815655856513106,0.002,304.93552747478253,4.2952034034956315,7.280000000000001,0.022917648740719027,7.28,0.0,0.022917651,0.002
4.330780261151135,3.283626467624824,0.002,304.8183390911964,4.295025076869801,7.290000000000001,0.022917648786942132,7.29,0.0,0.022917651,0.002
4.331101100105252,3.2856874545605836,0.002,304.70127155255557,4.294846484413193,7.3,0.022917648835607672,7.3,0.0,0.022917651,0.002
4.331417266949485,3.2877150676176967,0.002,305.1398970900903,4.294674422641332,7.310000000000001,0.022917648904734515,7.3100000000000005,0.0,0.022917651,0.002
4.331733252706621,3.2897428470582133,0.002,305.5889466516068,4.294501469861978,7.320000000000001,0.022917648971377443,7.32,0.0,0.022917651,0.002
4.332049055030023,3.291770795038228,0.002,306.0485553178516,4.294327614528918,7.33,0.02291764903550426,7.33,0.0,0.022917651,0.002
4.332364671532337,3.293798913751252,0.002,306.5188605136391,4.294152844895584,7.34,0.02291764909708224,7.34,0.0,0.022917651,0.002
4.332681687938379,3.2958284133750277,0.002,307.00008041027013,4.293982294110016,7.3500000000000005,0.022917649153499624,7.3500000000000005,0.0,0.022917651,0.002
4.332999423243273,3.2978587827345525,0.002,307.49250501626324,4.293813749416865,7.359999999999999,0.02291764920603783,7.36,0.0,0.022917651,0.002
4.333317014243469,3.299889369569046,0.002,307.9962594583493,4.293644410088968,7.37,0.022917649256113126,7.37,0.0,0.022917651,0.002
4.333634459302558,3.3019201763446584,0.002,308.51147221616213,4.2934742671152115,7.380000000000001,0.02291764930369758,7.38,0.0,0.022917651,0.002
4.333951756759298,3.3039512055649753,0.002,309.03827371930817,4.293303311347727,7.3900000000000015,0.022917649348762843,7.390000000000001,0.0,0.022917651,0.002
4.334268904927137,3.3059824597717182,0.002,309.57679638450077,4.29313153349927,7.4,0.02291764939128013,7.4,0.0,0.022917651,0.002
4.334579694642194,3.307978713743807,0.002,309.5748717384589,4.292961395554508,7.41,0.0229176494665349,7.41,0.0,0.022917651,0.002
4.334890165334735,3.3099752009435104,0.002,309.5737290784761,4.292789748083733,7.42,0.022917649540996964,7.42,0.0,0.022917651,0.002
4.335200312184713,3.311971924894614,0.002,309.5733802194135,4.292616568279838,7.429999999999999,0.02291764961465435,7.43,0.0,0.022917651,0.002
4.335510130274496,3.3139688891922514,0.002,309.5738372153478,4.292441832873939,7.44,0.022917649687494837,7.44,0.0,0.022917651,0.002
4.335819614586375,3.3159660975047163,0.002,309.5751123656565,4.2922655181236316,7.45,0.022917649759505967,7.45,0.0,0.022917651,0.002
4.336128760000007,3.317963553575333,0.002,309.5772182212898,4.292087599800879,7.46,0.022917649830675006,7.46,0.0,0.022917651,0.002
4.336437561289781,3.3199612612243876,0.002,309.5801675912354,4.291908053179538,7.47,0.02291764990098897,7.47,0.0,0.022917651,0.002
4.336746013122096,3.3219592243511125,0.002,309.58397354918446,4.291726853022488,7.480000000000001,0.02291764997043461,7.48,0.0,0.022917651,0.002
4.337054110052557,3.3239574469357382,0.002,309.5886494404044,4.291543973568364,7.490000000000001,0.0229176500389984,7.49,0.0,0.022917651,0.002
4.337361846523083,3.3259559330416075,0.002,309.59420888882806,4.291359388517869,7.500000000000001,0.022917650106666524,7.5,0.0,0.022917651,0.002
4.337670731399014,3.3279251529901073,0.002,309.6365082776255,4.291200941109941,7.510000000000001,0.022917650143385516,7.51,0.0,0.022917651,0.002
4.337979561538856,3.3298945212444835,0.002,309.6790447537808,4.291042126575812,7.520000000000001,0.02291765018090595,7.5200000000000005,0.0,0.022917651,0.002
4.338288336548534,3.331864038872463,0.002,309.7218200242018,4.290882942272358,7.53,0.022917650219233605,7.53,0.0,0.022917651,0.002
4.338597056030188,3.333833706952047,0.002,309.7648358122214,4.290723385531027,7.54,0.02291765025837431,7.54,0.0,0.022917651,0.002
4.3389057195821135,3.3358035265716346,0.002,309.8080938577947,4.290563453657524,7.55,0.02291765029833393,7.55,0.0,0.022917651,0.002
4.339214326798726,3.3377734988301473,0.002,309.8515959177005,4.290403143931501,7.5600000000000005,0.022917650339118422,7.5600000000000005,0.0,0.022917651,0.002
4.33952287727051,3.339743624837159,0.002,309.89534376574477,4.29024245360625,7.570000000000001,0.022917650380733772,7.57,0.0,0.022917651,0.002
4.339831370583967,3.341713905713024,0.002,309.93933919296774,4.2900813799083695,7.580000000000001,0.022917650423186033,7.58,0.0,0.022917651,0.002
4.340139806321577,3.3436843425890084,0.002,309.9835840078536,4.289919920037451,7.590000000000001,0.022917650466481327,7.59,0.0,0.022917651,0.002
4.34044818406174,3.345654936607422,0.002,310.02808003654326,4.289758071165742,7.6000000000000005,0.022917650510625817,7.6000000000000005,0.0,0.022917651,0.002
4.340747900593378,3.3475925245149694,0.002,309.85915970396775,4.28958706143029,7.61,0.022917650520286836,7.61,0.0,0.022917651,0.002
4.34104760737753,3.349530184307934,0.002,309.69037887391914,4.2894159407413035,7.620000000000001,0.022917650529897606,7.62,0.0,0.022917651,0.002
4.341347304372322,3.351467916295141,0.002,309.5217381457137,4.289244708622111,7.629999999999999,0.022917650539457914,7.63,0.0,0.022917651,0.002
4.341646991535638,3.35340572078719,0.002,309.3532381221059,4.289073364593313,7.640000000000001,0.022917650548967546,7.640000000000001,0.0,0.022917651,0.002
4.341946668825119,3.355343598096462,0.002,309.1848794093123,4.288901908172753,7.65,0.022917650558426286,7.65,0.0,0.022917651,0.002
4.342246336198162,3.357281548537138,0.002,309.0166626170373,4.288730338875504,7.66,0.02291765056783391,7.66,0.0,0.022917651,0.002
4.342545993611923,3.3592195724252067,0.002,308.84858835849764,4.288558656213841,7.67,0.022917650577190196,7.67,0.0,0.022917651,0.002
4.3428456410233025,3.3611576700784815,0.002,308.680657250448,4.288386859697227,7.68,0.02291765058649492,7.68,0.0,0.022917651,0.002
4.3431452783889615,3.3630958418166106,0.002,308.51286991320666,4.288214948832293,7.690000000000001,0.022917650595747872,7.69,0.0,0.022917651,0.002
4.3434449056653035,3.3650340879610927,0.002,308.34522697068115,4.288042923122812,7.7,0.02291765060494881,7.7,0.0,0.022917651,0.002
4.343739989960755,3.3669428144094358,0.002,308.69534960738906,4.287874921101333,7.71,0.022917650644114725,7.71,0.0,0.022917651,0.002
4.344035030446446,3.3688516859236857,0.002,309.0457421157612,4.287706598805222,7.72,0.022917650683692566,7.72,0.0,0.022917651,0.002
4.344330026905525,3.3707607032218982,0.002,309.3964058316246,4.287537954649164,7.73,0.022917650723684374,7.73,0.0,0.022917651,0.002
4.344624979119708,3.372669867026877,0.002,309.747342099637,4.287368987037362,7.740000000000001,0.022917650764092214,7.74,0.0,0.022917651,0.002
4.34491988686926,3.374579178066211,0.002,310.0985522733603,4.287199694363458,7.75,0.022917650804918147,7.75,0.0,0.022917651,0.002
4.345214749932994,3.3764886370723137,0.002,310.450037715334,4.287030075010432,7.76,0.02291765084616425,7.76,0.0,0.022917651,0.002
4.3455095680882545,3.378398244782468,0.002,310.8017997971496,4.286860127350527,7.7700000000000005,0.022917650887832618,7.7700000000000005,0.0,0.022917651,0.002
4.345804341110898,3.38030800193886,0.002,311.1538398995265,4.2866898497451515,7.780000000000001,0.02291765092992535,7.78,0.0,0.022917651,0.002
4.346099068775294,3.3822179092886233,0.002,311.5061594123874,4.286519240544794,7.790000000000001,0.022917650972444584,7.79,0.0,0.022917651,0.002
4.3463937508543005,3.3841279675838822,0.002,311.85875973493546,4.286348298088924,7.800000000000001,0.022917651015392445,7.8,0.0,0.022917651,0.002
4.346693891367293,3.3860150361669814,0.002,311.8257125653596,4.286215042433558,7.81,0.022917651056309003,7.8100000000000005,0.0,0.022917651,0.002
4.346994625183428,3.3879027530676273,0.002,311.79301823831935,4.286083511920478,7.820000000000001,0.022917651099698715,7.82,0.0,0.022917651,0.002
4.347295283320301,3.389790650315735,0.002,311.7604998167267,4.285951498216021,7.83,0.0229176511427652,7.83,0.0,0.022917651,0.002
4.34759586515164,3.3916787294037554,0.002,311.72815875626867,4.285818997321588,7.839999999999999,0.022917651185505778,7.84,0.0,0.022917651,0.002
4.347896370044237,3.3935669918406455,0.002,311.6959965287386,4.285686005194339,7.8500000000000005,0.022917651227917744,7.8500000000000005,0.0,0.022917651,0.002
4.348196797357859,3.3954554391521055,0.002,311.66401462225923,4.285552517746575,7.860000000000001,0.022917651269998365,7.86,0.0,0.022917651,0.002
4.348497146445157,3.3973440728808137,0.002,311.6322145415101,4.285418530845122,7.87,0.02291765131174488,7.87,0.0,0.022917651,0.002
4.3487974166515535,3.3992328945866563,0.002,311.6005978079587,4.285284040310689,7.88,0.02291765135315449,7.88,0.0,0.022917651,0.002
4.349097607315147,3.4011219058469755,0.002,311.5691659600945,4.2851490419172285,7.890000000000001,0.022917651394224362,7.890000000000001,0.0,0.022917651,0.002
4.349397717766613,3.403011108256806,0.002,311.53792055366847,4.285013531391276,7.9,0.022917651434951652,7.9,0.0,0.022917651,0.002
4.349684598175914,3.404863865626563,0.002,312.44279420954246,4.284854585726893,7.91,0.02291765143675178,7.91,0.0,0.022917651,0.002
4.349971478009916,3.4067166421698456,0.002,313.3477013854775,4.284695618589095,7.92,0.022917651438586956,7.92,0.0,0.022917651,0.002
4.350258357266967,3.4085694379416394,0.002,314.2526421776028,4.2845366299163,7.93,0.022917651440457286,7.930000000000001,0.0,0.022917651,0.002
4.350545235945415,3.4104222529971415,0.002,315.1576166824157,4.2843776196466905,7.94,0.022917651442362873,7.94,0.0,0.022917651,0.002
4.350832114043593,3.4122750873917598,0.002,316.062624996783,4.284218587718214,7.95,0.02291765144430381,7.95,0.0,0.022917651,0.002
4.351118991559835,3.4141279411811145,0.002,316.96766721794296,4.284059534068577,7.96,0.022917651446280204,7.96,0.0,0.022917651,0.002
4.351405868492465,3.4159808144210397,0.002,317.87274344350743,4.283900458635247,7.97,0.022917651448292158,7.97,0.0,0.022917651,0.002
4.351692744839801,3.417833707167584,0.002,318.777853771463,4.283741361355455,7.98,0.022917651450339777,7.98,0.0,0.022917651,0.002
4.351979620600154,3.419686619477011,0.002,319.68299830017304,4.283582242166186,7.99,0.02291765145242315,7.99,0.0,0.022917651,0.002
4.352266495771833,3.4215395514058025,0.002,320.5881771283797,4.283423101004185,8.0,0.022917651454542397,8.0,0.0,0.022917651,0.002
