log_Teff,LogL_lsun,Age_gyr,Step,Log_g,Mass_msun,feh,Mass_input,Metallicity_input,Z_used,Age_input
3.5412756443409035,-1.9074293562076363,12.5,333.37392230213896,4.942438014467767,0.3,0.028176214506523464,0.3,0.0,0.022917651,12.5
3.5414276156308513,-1.904983026522993,12.5,333.3183389159742,4.941848957099322,0.301,0.028141746644188004,0.301,0.0,0.022917651,12.5
3.541579633985966,-1.9025368759631325,12.5,333.2602398624708,4.941260267128931,0.302,0.028107050755863023,0.302,0.0,0.022917651,12.5
3.541731699690788,-1.9000909056109843,12.5,333.1996099327245,4.940671946777763,0.30299999999999994,0.02807212546297775,0.303,0.0,0.022917651,12.5
3.541883813032156,-1.8976451165582255,12.5,333.1364337949859,4.940083998284928,0.30400000000000005,0.02803696937582647,0.304,0.0,0.022917651,12.5
3.54203597429923,-1.895199509905369,12.5,333.0706959934181,4.939496423907657,0.305,0.028001581093455845,0.305,0.0,0.022917651,12.5
3.542188183783517,-1.892754086761852,12.5,333.0023809468381,4.938909225921489,0.30600000000000005,0.02796595920355091,0.306,0.0,0.022917651,12.5
3.54234044177889,-1.890308848246128,12.5,332.93147294744426,4.938322406620451,0.307,0.027930102282319662,0.307,0.0,0.022917651,12.5
3.5424927485816173,-1.8878637954857578,12.5,332.85795615952685,4.937735968317258,0.308,0.027894008894376224,0.308,0.0,0.022917651,12.5
3.5426451044903833,-1.8854189296175032,12.5,332.78181461816393,4.937149913343486,0.309,0.027857677592622622,0.309,0.0,0.022917651,12.5
3.5427975098063156,-1.8829742517874193,12.5,332.7030322279005,4.936564244049781,0.30999999999999994,0.027821106918129036,0.31,0.0,0.022917651,12.5
3.5429499648330074,-1.8805297631509512,12.5,332.6215927614117,4.935978962806047,0.311,0.027784295400012687,0.311,0.0,0.022917651,12.5
3.543102469876546,-1.878085464873031,12.5,332.5374798581497,4.935394072001642,0.312,0.027747241555315123,0.312,0.0,0.022917651,12.5
3.543255025245535,-1.8756413581281732,12.5,332.4506770229734,4.93480957404558,0.313,0.027709943888878076,0.313,0.0,0.022917651,12.5
3.543407631251124,-1.873197444100574,12.5,332.3611676247619,4.934225471366742,0.314,0.027672400893217722,0.314,0.0,0.022917651,12.5
3.543560288207032,-1.870753723984214,12.5,332.2689348950103,4.93364176641406,0.31499999999999995,0.027634611048397414,0.315,0.0,0.022917651,12.5
3.5437129964295746,-1.8683101989829556,12.5,332.17396192640786,4.933058461656749,0.316,0.02759657282189886,0.316,0.0,0.022917651,12.5
3.5438657562376905,-1.8658668703106471,12.5,332.0762316713989,4.9324755595845025,0.317,0.027558284668491622,0.317,0.0,0.022917651,12.5
3.544018567952972,-1.8634237391912274,12.5,331.97572694072585,4.931893062707705,0.318,0.027519745030101062,0.318,0.0,0.022917651,12.5
3.544171431899688,-1.8609808068588298,12.5,331.8724304019537,4.931310973557656,0.319,0.02748095233567462,0.319,0.0,0.022917651,12.5
3.5443239705225387,-1.8585564030986021,12.5,331.7822026103468,4.930746112067216,0.32,0.027441683783152416,0.32,0.0,0.022917651,12.5
3.5444765415652038,-1.856132491244639,12.5,331.6901825691736,4.9301818721708885,0.32099999999999995,0.02740221241129328,0.321,0.0,0.022917651,12.5
3.5446291593185517,-1.8537083936367045,12.5,331.59576708301864,4.929617633358051,0.322,0.027362544739979438,0.322,0.0,0.022917651,12.5
3.5447818244273845,-1.8512841077106241,12.5,331.4989230848176,4.929053395643662,0.323,0.027322678059465175,0.323,0.0,0.022917651,12.5
3.544934537548425,-1.8488596308548113,12.5,331.39961689607566,4.928489159042956,0.32400000000000007,0.027282609609899953,0.324,0.0,0.022917651,12.5
3.545087299350597,-1.8464349604091632,12.5,331.2978142126704,4.927924923571445,0.325,0.02724233658016492,0.325,0.0,0.022917651,12.5
3.5452401105153073,-1.8440100936639332,12.5,331.1934800902561,4.927360689244938,0.32600000000000007,0.02720185610667688,0.326,0.0,0.022917651,12.5
3.545392971736742,-1.8415850278585646,12.5,331.08657892925856,4.926796456079536,0.327,0.027161165272158637,0.327,0.0,0.022917651,12.5
3.5455458837221605,-1.8391597601804932,12.5,330.9770744594447,4.9262322240916445,0.328,0.027120261104374543,0.328,0.0,0.022917651,12.5
3.545698847192214,-1.8367342877639208,12.5,330.86492972405506,4.9256679932979806,0.329,0.027079140574830202,0.329,0.0,0.022917651,12.5
3.5458518628812565,-1.8343086076885453,12.5,330.75010706348337,4.925103763715576,0.33,0.027037800597435022,0.33,0.0,0.022917651,12.5
3.5460049315376763,-1.831882716978262,12.5,330.63256809848775,4.924539535361793,0.33100000000000007,0.026996238027126487,0.331,0.0,0.022917651,12.5
3.546158053924228,-1.8294566125998215,12.5,330.5122737129194,4.923975308254323,0.33199999999999996,0.02695444965845477,0.332,0.0,0.022917651,12.5
3.5463112308183864,-1.8270302914614545,12.5,330.38918403595056,4.9234110824112,0.333,0.026912432224126415,0.333,0.0,0.022917651,12.5
3.5464644630126965,-1.8246037504114516,12.5,330.2632584237862,4.922846857850807,0.3340000000000001,0.026870182393505606,0.334,0.0,0.022917651,12.5
3.546617751315144,-1.822176986236704,12.5,330.1344554408409,4.9222826345918875,0.3350000000000001,0.026827696771071743,0.335,0.0,0.022917651,12.5
3.546771096549531,-1.8197499956612024,12.5,330.0027328403634,4.921718412653549,0.336,0.026784971894831613,0.336,0.0,0.022917651,12.5
3.546924499555867,-1.8173227753444874,12.5,329.868047544489,4.921154192055276,0.3370000000000001,0.026742004234684796,0.337,0.0,0.022917651,12.5
3.5470779611907703,-1.8148953218800603,12.5,329.7303556237008,4.920589972816939,0.338,0.026698790190740545,0.338,0.0,0.022917651,12.5
3.547231482327875,-1.8124676317937398,12.5,329.58961227567835,4.920025754958803,0.339,0.026655326091584525,0.339,0.0,0.022917651,12.5
3.547385063858262,-1.8100397015419747,12.5,329.44577180351337,4.919461538501537,0.34,0.02661160819249362,0.34,0.0,0.022917651,12.5
3.5475387066908937,-1.8076115275101035,12.5,329.2987875932694,4.918897323466226,0.341,0.026567632673597033,0.341,0.0,0.022917651,12.5
3.547692411753065,-1.8051831060105603,12.5,329.14861209086234,4.918333109874377,0.342,0.026523395637981742,0.342,0.0,0.022917651,12.5
3.547846179990867,-1.802754433281029,12.5,328.99519677823855,4.917768897747938,0.3430000000000001,0.026478893109740317,0.343,0.0,0.022917651,12.5
3.5480000123696684,-1.800325505482539,12.5,328.8384921488243,4.917204687109298,0.344,0.02643412103195913,0.34400000000000003,0.0,0.022917651,12.5
3.548153909874607,-1.7978963186975037,12.5,328.67844768222204,4.916640477981312,0.3450000000000001,0.02638907526464473,0.34500000000000003,0.0,0.022917651,12.5
3.5483078735110976,-1.795466868927696,12.5,328.5150118181239,4.9160762703873,0.3460000000000001,0.026343751582586204,0.34600000000000003,0.0,0.022917651,12.5
3.5484619043053574,-1.7930371520921644,12.5,328.34813192941726,4.915512064351065,0.34700000000000003,0.02629814567315119,0.34700000000000003,0.0,0.022917651,12.5
3.548616003304949,-1.7906071640250816,12.5,328.17775429445,4.914947859896906,0.3480000000000001,0.026252253134013144,0.34800000000000003,0.0,0.022917651,12.5
3.548770171579334,-1.7881769004735264,12.5,328.00382406842624,4.9143836570496315,0.3490000000000001,0.026206069470807326,0.34900000000000003,0.0,0.022917651,12.5
3.5489244102204505,-1.7857463570951957,12.5,327.82628525390146,4.9138194558345685,0.35000000000000003,0.026159590094712894,0.35000000000000003,0.0,0.022917651,12.5
3.549078720343308,-1.7833155294560445,12.5,327.64508067034075,4.913255256277581,0.35100000000000003,0.026112810319958345,0.35100000000000003,0.0,0.022917651,12.5
3.5492331030865962,-1.7808844130278496,12.5,327.4601519227087,4.912691058405081,0.35200000000000004,0.026065725361247544,0.352,0.0,0.022917651,12.5
3.549387559613322,-1.7784530031856955,12.5,327.2714393690521,4.912126862244048,0.35300000000000004,0.026018330331103227,0.353,0.0,0.022917651,12.5
3.549542091111459,-1.7760212952053815,12.5,327.07888208703986,4.911562667822036,0.35400000000000004,0.025970620237125045,0.354,0.0,0.022917651,12.5
3.54969669879462,-1.77358928426074,12.5,326.8824178394189,4.910998475167195,0.355,0.025922589979158764,0.355,0.0,0.022917651,12.5
3.5498513839027543,-1.7711569654208728,12.5,326.6819830383454,4.9104342843082875,0.356,0.025874234346373357,0.356,0.0,0.022917651,12.5
3.5500061477028675,-1.768724333647296,12.5,326.4775127085498,4.909870095274703,0.357,0.025825548014242434,0.357,0.0,0.022917651,12.5
3.550160991489759,-1.7662913837909848,12.5,326.2689404492883,4.909305908096475,0.358,0.02577652554142633,0.358,0.0,0.022917651,12.5
3.550315916586794,-1.7638581105893312,12.5,326.0561983950358,4.908741722804301,0.35900000000000004,0.025727161366551,0.359,0.0,0.022917651,12.5
3.5504709243466896,-1.76142450866299,12.5,325.83921717487175,4.908177539429556,0.36,0.025677449804879786,0.36,0.0,0.022917651,12.5
3.550626016152339,-1.7589905725126267,12.5,325.61792587050587,4.90761335800432,0.361,0.025627385044873784,0.361,0.0,0.022917651,12.5
3.550781193417653,-1.756556296515552,12.5,325.39225197289267,4.907049178561388,0.36200000000000004,0.025576961144636513,0.362,0.0,0.022917651,12.5
3.5509358297233162,-1.7541374406571508,12.5,325.1864760286881,4.906498255552616,0.363,0.025526822252636423,0.363,0.0,0.022917651,12.5
3.5510905064726956,-1.7517189463708385,12.5,324.97788399763203,4.905947855901937,0.36400000000000005,0.025476385764411698,0.364,0.0,0.022917651,12.5
3.551245271177021,-1.7492996406334,12.5,324.7645940617582,4.905396996621079,0.365,0.025425596399422438,0.365,0.0,0.022917651,12.5
3.551400126262662,-1.7468795010597384,12.5,324.5464766223142,4.904845665030453,0.366,0.0253744444230337,0.366,0.0,0.022917651,12.5
3.551555074246063,-1.7444585044337473,12.5,324.32339726940523,4.904293847979761,0.36699999999999994,0.025322919739228095,0.367,0.0,0.022917651,12.5
3.5517101177379615,-1.7420366266693854,12.5,324.0952165566459,4.903741531825953,0.368,0.02527101187367902,0.368,0.0,0.022917651,12.5
3.5518652594478497,-1.7396138427695467,12.5,323.86178976302534,4.903188702409918,0.369,0.025218709955863547,0.369,0.0,0.022917651,12.5
3.552020502188681,-1.73719012678257,12.5,323.622966641132,4.902635345031859,0.37,0.025166002700150642,0.37,0.0,0.022917651,12.5
3.5521758488818675,-1.734765451756238,12.5,323.3785911508189,4.902081444425235,0.371,0.02511287838579576,0.371,0.0,0.022917651,12.5
3.552331302562548,-1.732339789689087,12.5,323.12850117731494,4.9015269847291805,0.37199999999999994,0.025059324835767196,0.372,0.0,0.022917651,12.5
3.552486866385181,-1.729913111478845,12.5,322.8725282327143,4.900971949459297,0.37300000000000005,0.025005329394323858,0.373,0.0,0.022917651,12.5
3.5526425436294637,-1.7274853868678022,12.5,322.61049713968816,4.900416321476713,0.37399999999999994,0.024950878903257687,0.374,0.0,0.022917651,12.5
3.5527983377066152,-1.7250565843848935,12.5,322.3422256961715,4.899860082955278,0.37500000000000006,0.024895959676707092,0.375,0.0,0.022917651,12.5
3.552954252166029,-1.7226266712842604,12.5,322.0675243196764,4.899303215346757,0.37600000000000006,0.024840557474439955,0.376,0.0,0.022917651,12.5
3.5531102907023446,-1.7201956134800451,12.5,321.7861956697715,4.898745699343903,0.377,0.024784657473496768,0.377,0.0,0.022917651,12.5
3.553266457162955,-1.7177633754771395,12.5,321.4980342471506,4.898187514841223,0.378,0.024728244238075184,0.378,0.0,0.022917651,12.5
3.5534227555559794,-1.7153299202975916,12.5,321.20282596757653,4.8976286408933,0.379,0.024671301687527344,0.379,0.0,0.022917651,12.5
3.553579190058749,-1.7128952094023568,12.5,320.90034770884455,4.897069055670468,0.38,0.024613813062330726,0.38,0.0,0.022917651,12.5
3.553735765026829,-1.7104592026080374,12.5,320.59036682875217,4.896508736411649,0.381,0.024555760887881008,0.381,0.0,0.022917651,12.5
3.553892485003629,-1.7080218579982376,12.5,320.27264065188444,4.8959476593741424,0.382,0.024497126935942727,0.382,0.0,0.022917651,12.5
3.5540493547306387,-1.7055831318291206,12.5,319.9469159228387,4.895385799780132,0.38300000000000006,0.024437892183578957,0.383,0.0,0.022917651,12.5
3.5542063791583396,-1.7031429784287215,12.5,319.61292822329744,4.894823131759649,0.384,0.024378036769365504,0.384,0.0,0.022917651,12.5
3.5543635634578528,-1.7007013500895307,12.5,319.27040135013095,4.8942596282897375,0.385,0.024317539946677957,0.385,0.0,0.022917651,12.5
3.5545209130333664,-1.698258196953813,12.5,318.9190466514556,4.893695261129482,0.386,0.024256380033820597,0.386,0.0,0.022917651,12.5
3.5546784335354173,-1.6958134668910851,12.5,318.55856231729354,4.89313000075062,0.38700000000000007,0.02419453436074526,0.387,0.0,0.022917651,12.5
3.5548361308750875,-1.6933671053671213,12.5,318.1886326211713,4.892563816263335,0.388,0.02413197921208505,0.388,0.0,0.022917651,12.5
3.5549940112391996,-1.690919055303791,12.5,317.8089271086512,4.891996675336867,0.38900000000000007,0.024068689766201953,0.389,0.0,0.022917651,12.5
3.5551520811065833,-1.6884692569289732,12.5,317.41909972841324,4.891428544114501,0.39,0.024004640029919245,0.39,0.0,0.022917651,12.5
3.5553103472655097,-1.6860176476157205,12.5,317.0187879010849,4.89085938712246,0.391,0.0239398027685779,0.391,0.0,0.022917651,12.5
3.555468816832386,-1.6835641617097574,12.5,316.6076115205534,4.890289167172199,0.392,0.023874149431021494,0.392,0.0,0.022917651,12.5
3.5556274972718325,-1.6811087303443228,12.5,316.1851718819786,4.889717845255528,0.393,0.023807650069075384,0.393,0.0,0.022917651,12.5
3.5557858591955602,-1.6786654759832815,12.5,315.77404895611306,4.8891574258736,0.3940000000000001,0.02374096172402872,0.394,0.0,0.022917651,12.5
3.555944494156579,-1.6762191999668972,12.5,315.34810620473854,4.888595076971782,0.395,0.023673191905180607,0.395,0.0,0.022917651,12.5
3.5561034466189647,-1.6737689999469154,12.5,314.90522508241713,4.888030074076779,0.396,0.023604234690699447,0.396,0.0,0.022917651,12.5
3.556262737272065,-1.6713146202234226,12.5,314.4443018337938,4.887462244246385,0.397,0.02353401270630337,0.397,0.0,0.022917651,12.5
3.556422388642713,-1.6688557823869945,12.5,313.9641346755426,4.88689139917886,0.3980000000000001,0.02346244170585808,0.398,0.0,0.022917651,12.5
3.55658242530385,-1.66639218274032,12.5,313.4634126665326,4.886317333469042,0.399,0.02338942979116518,0.399,0.0,0.022917651,12.5
3.556742874112234,-1.6639234893603714,12.5,312.94070302638085,4.885739822621353,0.4000000000000001,0.023314876522980827,0.4,0.0,0.022917651,12.5
3.556971256046309,-1.6612358141024035,12.5,313.1131157674543,4.884934775087534,0.401,0.02331157038277819,0.401,0.0,0.022917651,12.5
3.557199658450707,-1.6585479708715258,12.5,313.28579926128305,4.884129641463731,0.4020000000000001,0.023308260381677992,0.402,0.0,0.022917651,12.5
3.5574280815805595,-1.655859957574214,12.5,313.45875688238436,4.883324420676963,0.403,0.023304946471560076,0.403,0.0,0.022917651,12.5
3.5576565256952555,-1.6531717720820076,12.5,313.6319920615874,4.882519111636343,0.404,0.02330162860350129,0.404,0.0,0.022917651,12.5
3.5578849910585286,-1.650483412230781,12.5,313.80550828721215,4.881713713232708,0.405,0.023298306727758646,0.405,0.0,0.022917651,12.5
3.558113477938554,-1.6477948758199896,12.5,313.97930910627895,4.8809082243382305,0.4060000000000001,0.023294980793752126,0.406,0.0,0.022917651,12.5
3.5583419866080357,-1.645106160611903,12.5,314.15339812574854,4.88010264380602,0.40700000000000003,0.023291650750046966,0.40700000000000003,0.0,0.022917651,12.5
3.558570517344306,-1.642417264330816,12.5,314.3277790137934,4.879296970469723,0.40800000000000003,0.023288316544335507,0.40800000000000003,0.0,0.022917651,12.5
3.558799070429427,-1.6397281846622376,12.5,314.502455501102,4.878491203143115,0.4090000000000001,0.02328497812341866,0.40900000000000003,0.0,0.022917651,12.5
3.5590276461502826,-1.6370389192520638,12.5,314.6774313822159,4.87768534061966,0.41000000000000003,0.023281635433186756,0.41000000000000003,0.0,0.022917651,12.5
3.5592562447986937,-1.6343494657057251,12.5,314.8527105169022,4.876879381672086,0.4110000000000001,0.023278288418600055,0.41100000000000003,0.0,0.022917651,12.5
3.5594848666715158,-1.631659821587314,12.5,315.0282968315609,4.876073325051934,0.41200000000000003,0.02327493702366861,0.41200000000000003,0.0,0.022917651,12.5
3.559713512070753,-1.6289699844186873,12.5,315.20419432066876,4.8752671694891,0.41300000000000014,0.02327158119143174,0.41300000000000003,0.0,0.022917651,12.5
3.5599421813036662,-1.626279951678549,12.5,315.38040704826153,4.874460913691361,0.41400000000000003,0.02326822086393684,0.41400000000000003,0.0,0.022917651,12.5
3.560170874682893,-1.6235897208015055,12.5,315.55693914945454,4.873654556343893,0.41500000000000004,0.023264855982217728,0.41500000000000004,0.0,0.022917651,12.5
3.5603995925265615,-1.6208992891770984,12.5,315.73379483200324,4.872848096108777,0.4160000000000001,0.023261486486272378,0.41600000000000004,0.0,0.022917651,12.5
3.5606283351584125,-1.6182086541488085,12.5,315.91097837790585,4.872041531624486,0.4170000000000001,0.02325811231504008,0.417,0.0,0.022917651,12.5
3.560857102907925,-1.6155178130130383,12.5,316.0884941450474,4.8712348615053624,0.418,0.02325473340637798,0.418,0.0,0.022917651,12.5
3.561085896110443,-1.612826763018062,12.5,316.2663465688887,4.870428084341083,0.41899999999999993,0.023251349697037012,0.419,0.0,0.022917651,12.5
3.5613147151073075,-1.610135501362951,12.5,316.4445401642005,4.869621198696111,0.42,0.02324796112263716,0.42,0.0,0.022917651,12.5
3.5615435602459895,-1.6074440251964692,12.5,316.6230795268434,4.868814203109118,0.421,0.023244567617642074,0.421,0.0,0.022917651,12.5
3.561772431880228,-1.6047523316159373,12.5,316.8019693355972,4.868007096092417,0.42200000000000004,0.02324116911533299,0.422,0.0,0.022917651,12.5
3.5620013303701756,-1.602060417666069,12.5,316.98121435403925,4.8671998761313535,0.42299999999999993,0.02323776554778193,0.423,0.0,0.022917651,12.5
3.5622302560825405,-1.5993682803377738,12.5,317.16081943247434,4.866392541683702,0.42400000000000004,0.023234356845824228,0.424,0.0,0.022917651,12.5
3.5624592093907372,-1.5966759165669238,12.5,317.3407895099171,4.865585091179023,0.425,0.023230942939030174,0.425,0.0,0.022917651,12.5
3.562688190675043,-1.5939833232330944,12.5,317.52112961613017,4.864777523018029,0.42599999999999993,0.02322752375567607,0.426,0.0,0.022917651,12.5
3.562917200322753,-1.5912904971582613,12.5,317.70184487371716,4.863969835571909,0.42699999999999994,0.023224099222714255,0.427,0.0,0.022917651,12.5
3.5631462387283457,-1.5885974351054686,12.5,317.88294050027525,4.86316202718165,0.42800000000000005,0.023220669265742518,0.428,0.0,0.022917651,12.5
3.563375306293646,-1.5859041337774529,12.5,318.06442181060714,4.862354096157325,0.42899999999999994,0.023217233808972483,0.429,0.0,0.022917651,12.5
3.563604403428003,-1.5832105898152353,12.5,318.24629421899556,4.861546040777382,0.42999999999999994,0.023213792775197223,0.43,0.0,0.022917651,12.5
3.5638335305484636,-1.5805167997966703,12.5,318.4285632415417,4.8607378592878945,0.431,0.02321034608575788,0.431,0.0,0.022917651,12.5
3.5640626880799533,-1.5778227602349515,12.5,318.6112344985697,4.859929549901791,0.432,0.02320689366050939,0.432,0.0,0.022917651,12.5
3.564291876455464,-1.57512846757708,12.5,318.7943137171,4.859121110798077,0.433,0.02320343541778522,0.433,0.0,0.022917651,12.5
3.564521096116248,-1.572433918202285,12.5,318.9778067333936,4.8583125401210285,0.434,0.02319997127436108,0.434,0.0,0.022917651,12.5
3.564750347512014,-1.5697391084204,12.5,319.1617194955689,4.8575038359793465,0.435,0.023196501145417613,0.435,0.0,0.022917651,12.5
3.5649796311011324,-1.5670440344701921,12.5,319.34605806629423,4.856694996445313,0.43599999999999994,0.02319302494450198,0.436,0.0,0.022917651,12.5
3.5652089473508406,-1.564348692517644,12.5,319.53082862555925,4.855886019553906,0.43699999999999994,0.02318954258348838,0.437,0.0,0.022917651,12.5
3.565438296737466,-1.5616530786541842,12.5,319.7160374735262,4.855076903301893,0.43800000000000006,0.023186053972537347,0.438,0.0,0.022917651,12.5
3.56566767974664,-1.558957188894865,12.5,319.90169103346545,4.854267645646898,0.439,0.02318255902005392,0.439,0.0,0.022917651,12.5
3.5658970968735315,-1.5562610191764894,12.5,320.08779585477697,4.8534582445064345,0.44,0.023179057632644537,0.44,0.0,0.022917651,12.5
3.5661265486230818,-1.5535645653556804,12.5,320.274358616102,4.852648697756931,0.44100000000000006,0.02317554971507269,0.441,0.0,0.022917651,12.5
3.5663560355102435,-1.5508678232068938,12.5,320.4613861285262,4.851839003232696,0.44200000000000006,0.023172035170213212,0.442,0.0,0.022917651,12.5
3.5665855580602335,-1.548170788420369,12.5,320.6488853388795,4.851029158724879,0.443,0.023168513899005257,0.443,0.0,0.022917651,12.5
3.566815116808788,-1.545473456600024,12.5,320.83686333313483,4.850219161980386,0.44399999999999995,0.02316498580040381,0.444,0.0,0.022917651,12.5
3.5670447123024305,-1.5427758232612814,12.5,321.0253273399093,4.849409010700769,0.44500000000000006,0.02316145077132977,0.445,0.0,0.022917651,12.5
3.5672743450987356,-1.5400778838288292,12.5,321.21428473407127,4.848598702541072,0.446,0.023157908706618522,0.446,0.0,0.022917651,12.5
3.567504015766624,-1.5373796336343164,12.5,321.4037430404587,4.847788235108664,0.447,0.023154359498966885,0.447,0.0,0.022917651,12.5
3.567733724886639,-1.5346810679139753,12.5,321.5937099377103,4.846977605961997,0.44800000000000006,0.023150803038878526,0.448,0.0,0.022917651,12.5
3.567963473051253,-1.5319821818061712,12.5,321.78419326221484,4.8461668126093755,0.44900000000000007,0.023147239214607596,0.449,0.0,0.022917651,12.5
3.568193260865173,-1.529282970348875,12.5,321.9752010121837,4.845355852507645,0.45000000000000007,0.023143667912100686,0.45,0.0,0.022917651,12.5
3.5684230889456567,-1.5265834284770612,12.5,322.1667413518493,4.844544723060861,0.451,0.023140089014936957,0.451,0.0,0.022917651,12.5
3.5686529579228434,-1.5238835510200184,12.5,322.35882261579525,4.843733421618918,0.452,0.023136502404266367,0.452,0.0,0.022917651,12.5
3.568882868440087,-1.52118333269858,12.5,322.55145331342266,4.842921945476118,0.453,0.023132907958746014,0.453,0.0,0.022917651,12.5
3.569112821154309,-1.5184827681222655,12.5,322.7446421335579,4.84211029186972,0.454,0.023129305554474414,0.454,0.0,0.022917651,12.5
3.5693428167363543,-1.5157818517863308,12.5,322.93839794920694,4.841298457978413,0.45500000000000007,0.023125695064923703,0.455,0.0,0.022917651,12.5
3.569572855871365,-1.5130805780687249,12.5,323.1327298224612,4.840486440920763,0.456,0.02312207636086969,0.456,0.0,0.022917651,12.5
3.569802939259162,-1.5103789412269475,12.5,323.3276470095613,4.839674237753614,0.457,0.02311844931031964,0.457,0.0,0.022917651,12.5
3.5700330676146383,-1.5076769353948072,12.5,323.52315896612487,4.838861845470401,0.458,0.023114813778437725,0.458,0.0,0.022917651,12.5
3.5702632416681697,-1.5049745545790716,12.5,323.7192753525432,4.838049260999457,0.459,0.023111169627468085,0.459,0.0,0.022917651,12.5
3.570493462166036,-1.5022717926560116,12.5,323.91600603955516,4.837236481202231,0.46,0.023107516716655306,0.46,0.0,0.022917651,12.5
3.5707237298708563,-1.4995686433678277,12.5,324.1133611140035,4.836423502871455,0.461,0.02310385490216239,0.461,0.0,0.022917651,12.5
3.5709540455620354,-1.4968651003189624,12.5,324.3113508847817,4.835610322729258,0.4620000000000001,0.023100184036985914,0.462,0.0,0.022917651,12.5
3.5711844100362318,-1.4941611569722875,12.5,324.50998588897767,4.834796937425213,0.463,0.02309650397086843,0.463,0.0,0.022917651,12.5
3.5714148241078387,-1.491456806645167,12.5,324.70927689822315,4.833983343534314,0.464,0.023092814550207934,0.464,0.0,0.022917651,12.5
3.5716452886094765,-1.4887520425053835,12.5,324.90923492525616,4.833169537554892,0.4650000000000001,0.023089115617964274,0.465,0.0,0.022917651,12.5
3.5718758043925063,-1.4860468575669301,12.5,325.10987123070487,4.832355515906459,0.466,0.023085407013562417,0.466,0.0,0.022917651,12.5
3.5721063723275632,-1.4833412446856606,12.5,325.31119733010183,4.8315412749274715,0.467,0.023081688572792445,0.467,0.0,0.022917651,12.5
3.572336993305103,-1.4806351965547861,12.5,325.5132250011378,4.8307268108730375,0.468,0.023077960127706066,0.468,0.0,0.022917651,12.5
3.5725676682359673,-1.4779287057002233,12.5,325.7159662911649,4.829912119912513,0.4690000000000001,0.023074221506509687,0.46900000000000003,0.0,0.022917651,12.5
3.5727983980519737,-1.4752217644757768,12.5,325.9194335249582,4.829097198127048,0.47000000000000003,0.02307047253345368,0.47000000000000003,0.0,0.022917651,12.5
3.5730291837065216,-1.4725143650581578,12.5,326.12363931274837,4.828282041507028,0.47100000000000003,0.02306671302871787,0.47100000000000003,0.0,0.022917651,12.5
3.5732600265717624,-1.4698068043189634,12.5,326.3287713522536,4.827466952393757,0.47200000000000003,0.023062941791437315,0.47200000000000003,0.0,0.022917651,12.5
3.573490928982006,-1.4670994355417502,12.5,326.53501839422864,4.826652293384822,0.47300000000000003,0.023059157561740876,0.47300000000000003,0.0,0.022917651,12.5
3.5737218916046634,-1.4643915524521767,12.5,326.7419776638848,4.825837360918559,0.47400000000000003,0.023055362532549938,0.47400000000000003,0.0,0.022917651,12.5
3.57395291561183,-1.4616831450386416,12.5,326.9496630254418,4.8250221496718515,0.47500000000000003,0.0230515564936416,0.47500000000000003,0.0,0.022917651,12.5
3.5741840022062186,-1.4589742030279986,12.5,327.15808870531066,4.824206654182519,0.4760000000000001,0.023047739229301086,0.47600000000000003,0.0,0.022917651,12.5
3.5744151526221706,-1.4562647158769602,12.5,327.36726930399857,4.823390868844744,0.47700000000000004,0.023043910518141173,0.47700000000000004,0.0,0.022917651,12.5
3.5746463681267007,-1.4535546727631588,12.5,327.5772198084874,4.822574787904332,0.47800000000000004,0.02304007013291455,0.47800000000000004,0.0,0.022917651,12.5
3.574877650020583,-1.4508440625758503,12.5,327.78795560510576,4.821758405453753,0.4790000000000001,0.02303621784031862,0.47900000000000004,0.0,0.022917651,12.5
3.5751089996394865,-1.4481328739062471,12.5,327.9994924929196,4.820941715427012,0.48000000000000004,0.02303235340079245,0.48,0.0,0.022917651,12.5
3.57534041835515,-1.4454210950374538,12.5,328.2118466976656,4.8201247115942945,0.481,0.02302847656830551,0.481,0.0,0.022917651,12.5
3.5755719075766104,-1.4427087139339976,12.5,328.4250348862519,4.819307387556399,0.482,0.023024587090137792,0.482,0.0,0.022917651,12.5
3.5758034687514773,-1.4399957182309262,12.5,328.63907418185556,4.8184897367389405,0.483,0.0230206847066509,0.483,0.0,0.022917651,12.5
3.5760351033672633,-1.4372820952224545,12.5,328.85398217964274,4.817671752386318,0.48400000000000004,0.023016769151049672,0.484,0.0,0.022917651,12.5
3.576266812952767,-1.434567831850141,12.5,329.0697769631445,4.816853427555421,0.485,0.02301284014913387,0.485,0.0,0.022917651,12.5
3.576498599079517,-1.4318529146905665,12.5,329.2864771213191,4.8160347551090865,0.486,0.02300889741903949,0.486,0.0,0.022917651,12.5
3.576730463363275,-1.4291373299424928,12.5,329.5041017663336,4.815215727709264,0.48700000000000004,0.023004940670969105,0.487,0.0,0.022917651,12.5
3.5769624074656003,-1.4264210634134762,12.5,329.72267055210295,4.814396337809901,0.488,0.023000969606910796,0.488,0.0,0.022917651,12.5
3.5771944330954906,-1.4237041005059066,12.5,329.94220369362193,4.813576577649521,0.489,0.022996983920344976,0.489,0.0,0.022917651,12.5
3.577426542011078,-1.4209864262024468,12.5,330.1627219871312,4.812756439243482,0.49,0.02299298329593866,0.49,0.0,0.022917651,12.5
3.577658736021415,-1.4182680250508357,12.5,330.3842468311595,4.811935914375892,0.49100000000000005,0.022988967409226374,0.491,0.0,0.022917651,12.5
3.5778910169883287,-1.41554888114803,12.5,330.6068002484864,4.81111499459118,0.492,0.022984935926277133,0.492,0.0,0.022917651,12.5
3.5781233868283597,-1.4128289781236443,12.5,330.8304049090738,4.810293671185297,0.493,0.02298088850334675,0.493,0.0,0.022917651,12.5
3.578355847514787,-1.410108299122658,12.5,331.0550841540145,4.809471935196511,0.49400000000000005,0.022976824786514683,0.494,0.0,0.022917651,12.5
3.578588401079741,-1.4073868267873453,12.5,331.2808620205534,4.808649777395804,0.495,0.02297274441130466,0.495,0.0,0.022917651,12.5
3.578821049616419,-1.4046645432383957,12.5,331.50776326823626,4.807827188276837,0.496,0.022968647002288168,0.496,0.0,0.022917651,12.5
3.579053795281391,-1.401941430055172,12.5,331.7358134062451,4.807004158045449,0.497,0.022964532172669968,0.497,0.0,0.022917651,12.5
3.5792866402970205,-1.3992174682550673,12.5,331.96503872198593,4.806180676608681,0.49800000000000005,0.022960399523854647,0.498,0.0,0.022917651,12.5
3.579519586953988,-1.3964926382719112,12.5,332.1954663109934,4.805356733563297,0.499,0.022956248644993127,0.499,0.0,0.022917651,12.5
3.579752637613944,-1.3937669199333698,12.5,332.4271241082263,4.804532318183769,0.5,0.022952079112508177,0.5,0.0,0.022917651,12.5
3.580072093814658,-1.3908145820775857,12.5,332.70572769288975,4.803649617802389,0.501,0.022951928262115895,0.501,0.0,0.022917651,12.5
3.580391689574202,-1.387861200475232,12.5,332.9855196427038,4.802766431919927,0.5020000000000001,0.022951776688309285,0.502,0.0,0.022917651,12.5
3.5807114271441716,-1.3849067582868346,12.5,333.2665191303727,4.801882752703459,0.503,0.02295162437941701,0.503,0.0,0.022917651,12.5
3.5810313088248633,-1.3819512383087176,12.5,333.5487457432656,4.800998572150659,0.504,0.022951471323515316,0.504,0.0,0.022917651,12.5
3.5813513369665926,-1.378994622963102,12.5,333.8322194946881,4.800113882085184,0.505,0.022951317508421144,0.505,0.0,0.022917651,12.5
3.5816715139710635,-1.3760368942878844,12.5,334.1169608355232,4.7992286741519194,0.506,0.022951162921685076,0.506,0.0,0.022917651,12.5
3.5819918422927794,-1.3730780339260715,12.5,334.4029906662562,4.79834293981207,0.507,0.022951007550583994,0.507,0.0,0.022917651,12.5
3.582312324440505,-1.370118023114872,12.5,334.6903303493987,4.797456670338078,0.508,0.022950851382113512,0.508,0.0,0.022917651,12.5
3.5826329629787703,-1.3671568426744187,12.5,334.97900172232596,4.796569856808388,0.509,0.022950694402980188,0.509,0.0,0.022917651,12.5
3.5829537605294304,-1.364194472996116,12.5,335.26902711054504,4.795682490102013,0.51,0.022950536599593438,0.51,0.0,0.022917651,12.5
3.583274719773277,-1.3612308940305928,12.5,335.5604293414117,4.794794560892945,0.511,0.022950377958057152,0.511,0.0,0.022917651,12.5
3.5835958434517017,-1.3582660852752477,12.5,335.85323175830973,4.793906059644355,0.512,0.0229502184641611,0.512,0.0,0.022917651,12.5
3.583917221411686,-1.3553002525148927,12.5,336.14667751938845,4.793017551431424,0.5130000000000001,0.022950056509537662,0.513,0.0,0.022917651,12.5
3.584238775803716,-1.3523331608671425,12.5,336.4415200826593,4.792128490064821,0.514,0.022949893584424768,0.514,0.0,0.022917651,12.5
3.5845605036182433,-1.3493647726896885,12.5,336.7378380941227,4.791238825870937,0.5150000000000001,0.022949729783889667,0.515,0.0,0.022917651,12.5
3.584882407869611,-1.3463950654468846,12.5,337.0356571992977,4.790348548371724,0.5160000000000001,0.02294956509271621,0.516,0.0,0.022917651,12.5
3.58520449164243,-1.3434240160777706,12.5,337.33500364151064,4.789457646844885,0.517,0.022949399495333537,0.517,0.0,0.022917651,12.5
3.5855267580936365,-1.3404516009806755,12.5,337.6359042794165,4.788566110316718,0.5180000000000001,0.022949232975805697,0.518,0.0,0.022917651,12.5
3.5858492104546227,-1.3374777959972741,12.5,337.93838660513956,4.7876739275547004,0.519,0.022949065517820905,0.519,0.0,0.022917651,12.5
3.586171852033447,-1.3345025763960823,12.5,338.24247876306,4.78678108705982,0.52,0.022948897104680347,0.52,0.0,0.022917651,12.5
3.586494686217121,-1.331525916855354,12.5,338.54820956927244,4.785887577058617,0.521,0.022948727719286674,0.521,0.0,0.022917651,12.5
3.586817716473977,-1.3285477914453696,12.5,338.8556085317466,4.7849933854949525,0.522,0.022948557344132044,0.522,0.0,0.022917651,12.5
3.587140946356126,-1.3255681736100764,12.5,339.1647058712172,4.784098500021471,0.5230000000000001,0.0229483859612857,0.523,0.0,0.022917651,12.5
3.5874643795020016,-1.3225870361480627,12.5,339.47553254283537,4.783202907990754,0.5240000000000001,0.022948213552381122,0.524,0.0,0.022917651,12.5
3.587788019638997,-1.3196043511928348,12.5,339.7881202586152,4.782306596446152,0.525,0.022948040098602754,0.525,0.0,0.022917651,12.5
3.588111870586202,-1.316620090192364,12.5,340.10250151070744,4.781409552112271,0.526,0.022947865580672147,0.526,0.0,0.022917651,12.5
3.588435936257242,-1.3136342238878769,12.5,340.41870959553813,4.780511761385114,0.5270000000000001,0.022947689978833643,0.527,0.0,0.022917651,12.5
3.5887602206632163,-1.3106467222918492,12.5,340.7367786388483,4.779613210321846,0.528,0.022947513272839552,0.528,0.0,0.022917651,12.5
3.5890847279157567,-1.307657554665178,12.5,341.05674362167605,4.778713884630185,0.5290000000000001,0.02294733544193471,0.529,0.0,0.022917651,12.5
3.5894094622301953,-1.3046666894934849,12.5,341.3786404073206,4.77781376965738,0.5300000000000001,0.02294715646484047,0.53,0.0,0.022917651,12.5
3.589734457505073,-1.3016741850047595,12.5,341.70219469121804,4.7769130588341,0.5310000000000001,0.022946975658878526,0.531,0.0,0.022917651,12.5
3.5900597417221682,-1.2986800759908597,12.5,342.0272033122891,4.776011898542413,0.532,0.022946792504722226,0.532,0.0,0.022917651,12.5
3.5903852671236525,-1.2956841661914713,12.5,342.3542586172162,4.775109902171582,0.533,0.022946608162699462,0.533,0.0,0.022917651,12.5
3.590711038401901,-1.2926864205713269,12.5,342.6834004253547,4.774207053455231,0.5340000000000001,0.02294642260969963,0.534,0.0,0.022917651,12.5
3.5910370603718054,-1.2896868031803859,12.5,343.01466959574554,4.773303335702264,0.535,0.022946235822008724,0.535,0.0,0.022917651,12.5
3.5913633379748013,-1.2866852771237818,12.5,343.34810806127126,4.7723987317829195,0.536,0.02294604777528949,0.536,0.0,0.022917651,12.5
3.5916898762830516,-1.2836818045305796,12.5,343.6837588641669,4.771493224114258,0.537,0.022945858444560815,0.537,0.0,0.022917651,12.5
3.592016680503801,-1.280676346521281,12.5,344.02166619295014,4.770586794645083,0.538,0.022945667804176315,0.538,0.0,0.022917651,12.5
3.592343755983899,-1.2776688631740258,12.5,344.3618754208358,4.7696794248402385,0.5390000000000001,0.022945475827802007,0.539,0.0,0.022917651,12.5
3.5926711082145117,-1.2746593134894233,12.5,344.70443314570605,4.768771095664293,0.54,0.022945282488393146,0.54,0.0,0.022917651,12.5
3.5929987428360244,-1.2716476553539524,12.5,345.0493872317104,4.767861787564533,0.5410000000000001,0.022945087758170047,0.541,0.0,0.022917651,12.5
3.593326665643144,-1.2686338455018555,12.5,345.3967868525714,4.766951480453282,0.542,0.022944891608592973,0.542,0.0,0.022917651,12.5
3.5936548825902155,-1.2656178394754625,12.5,345.74668253668165,4.7660401536894765,0.543,0.022944694010335966,0.543,0.0,0.022917651,12.5
3.5939833997967545,-1.2625995915838608,12.5,346.09912621407636,4.765127786059472,0.544,0.022944494933259556,0.544,0.0,0.022917651,12.5
3.594312223553214,-1.2595790548598336,12.5,346.4541712653738,4.764214355757057,0.545,0.022944294346382385,0.545,0.0,0.022917651,12.5
3.594641429577765,-1.256556010659759,12.5,346.81155774000354,4.763299947365083,0.546,0.022944091365148262,0.546,0.0,0.022917651,12.5
3.5949711031472966,-1.2535302063637166,12.5,347.1709951629801,4.7623846498199285,0.547,0.022943885053284957,0.547,0.0,0.022917651,12.5
3.5953011066192326,-1.2505019410541671,12.5,347.5332044641195,4.761468210918092,0.548,0.022943677191119585,0.548,0.0,0.022917651,12.5
3.5956314471401076,-1.247471161419223,12.5,347.8982456894376,4.760550605934848,0.549,0.02294346774506861,0.549,0.0,0.022917651,12.5
3.5959621320643747,-1.2444378125959672,12.5,348.26618063189966,4.759631809426146,0.5500000000000002,0.022943256680571445,0.55,0.0,0.022917651,12.5
3.596293168962022,-1.2414018381136331,12.5,348.63707289541713,4.7587117952022515,0.551,0.02294304396205463,0.551,0.0,0.022917651,12.5
3.5966245656265254,-1.2383631798342687,12.5,349.0109879616781,4.757790536300233,0.552,0.02294282955289448,0.552,0.0,0.022917651,12.5
3.5969563300831586,-1.2353217778907546,12.5,349.38799325995967,4.756868004955212,0.553,0.02294261341537803,0.553,0.0,0.022917651,12.5
3.5972884705976744,-1.232277570622034,12.5,349.768158240078,4.755944172570332,0.554,0.022942395510662236,0.554,0.0,0.022917651,12.5
3.5976209956853817,-1.2292304945054122,12.5,350.15155444864206,4.7550190096853475,0.555,0.022942175798731316,0.555,0.0,0.022917651,12.5
3.5979539141206356,-1.2261804840857642,12.5,350.53825560878727,4.754092485943806,0.556,0.022941954238352172,0.556,0.0,0.022917651,12.5
3.5982872349467594,-1.2231274719014877,12.5,350.9283377035751,4.753164570058701,0.557,0.022941730787027735,0.557,0.0,0.022917651,12.5
3.598620967486436,-1.2200713884070282,12.5,351.321879063257,4.7522352297765345,0.5580000000000002,0.022941505400948164,0.558,0.0,0.022917651,12.5
3.598955149920911,-1.2170122232470282,12.5,351.7180600636783,4.751304606212268,0.559,0.022941277629663605,0.559,0.0,0.022917651,12.5
3.5992897687316345,-1.2139498309466348,12.5,352.1178314308117,4.7503725009413245,0.56,0.022941047827367736,0.56,0.0,0.022917651,12.5
3.599624833160863,-1.210884131651207,12.5,352.52131797546434,4.749438871129283,0.5610000000000002,0.022940815963525065,0.561,0.0,0.022917651,12.5
3.5999603539160527,-1.207815045899253,12.5,352.9286089670608,4.748503680144002,0.562,0.022940581988600113,0.562,0.0,0.022917651,12.5
3.600296342050475,-1.2047424916629619,12.5,353.3397965581084,4.747566890170257,0.563,0.022940345851457582,0.5630000000000001,0.0,0.022917651,12.5
3.6006328089772883,-1.201666384243752,12.5,353.7549759015358,4.7466284621615795,0.5640000000000001,0.022940107499297247,0.5640000000000001,0.0,0.022917651,12.5
3.600969766484302,-1.1985866361626842,12.5,354.17424527381036,4.745688355789747,0.5650000000000001,0.022939866877585632,0.5650000000000001,0.0,0.022917651,12.5
3.601307226749483,-1.1955031570454298,12.5,354.59770620416657,4.744746529391745,0.5660000000000002,0.022939623929984308,0.5660000000000001,0.0,0.022917651,12.5
3.6016452023572283,-1.1924158535014808,12.5,355.0254636103051,4.743802939914087,0.5670000000000001,0.02293937859827459,0.5670000000000001,0.0,0.022917651,12.5
3.6019837063154645,-1.1893246289972632,12.5,355.4576259409414,4.742857542854318,0.5680000000000001,0.02293913082227844,0.5680000000000001,0.0,0.022917651,12.5
3.602322853967998,-1.1862288288082905,12.5,355.89387308610173,4.741910145724995,0.5690000000000001,0.02293887857569645,0.5690000000000001,0.0,0.022917651,12.5
3.6026626309445926,-1.1831285053296456,12.5,356.334452459289,4.740960743199073,0.5700000000000001,0.022938622483536425,0.5700000000000001,0.0,0.022917651,12.5
3.6030029791989393,-1.180023946784489,12.5,356.77979427670476,4.7400093907006475,0.5710000000000001,0.022938363917019543,0.5710000000000001,0.0,0.022917651,12.5
3.60334391361707,-1.1769150428178698,12.5,357.2300226354087,4.739056037418444,0.5720000000000002,0.02293810281167042,0.5720000000000001,0.0,0.022917651,12.5
3.603685449606735,-1.1738016792071537,12.5,357.6852659817719,4.738100630760371,0.5730000000000001,0.022937839100753966,0.5730000000000001,0.0,0.022917651,12.5
3.604027603120463,-1.1706837376910846,12.5,358.14565730370254,4.737143116274821,0.5740000000000001,0.022937572715175495,0.5740000000000001,0.0,0.022917651,12.5
3.6043703906798568,-1.1675610957896985,12.5,358.6113343331573,4.736183437567739,0.5750000000000001,0.02293730358337555,0.5750000000000001,0.0,0.022917651,12.5
3.6047138294011902,-1.1644336266145145,12.5,359.08243975958686,4.735221536215237,0.5760000000000001,0.02293703163121894,0.5760000000000001,0.0,0.022917651,12.5
3.6050579370224143,-1.1613011986683854,12.5,359.5591214550099,4.73425735167144,0.577,0.022936756781877867,0.577,0.0,0.022917651,12.5
3.6054028495398036,-1.158162925369248,12.5,360.0408487297393,4.7332905400409215,0.578,0.022936478809431143,0.578,0.0,0.022917651,12.5
3.6057485039645623,-1.1550191871398345,12.5,360.5282897359918,4.732321230738066,0.579,0.02293619773118118,0.579,0.0,0.022917651,12.5
3.6060948886382307,-1.1518700376129578,12.5,361.021797479421,4.731349431114843,0.5800000000000001,0.022935913500123428,0.58,0.0,0.022917651,12.5
3.6064420242433637,-1.1487153235265457,12.5,361.5215437858632,4.7303750706388765,0.581,0.022935626026962152,0.581,0.0,0.022917651,12.5
3.6067899322510075,-1.1455548857756548,12.5,362.0277070317397,4.72939807608886,0.582,0.022935335218997335,0.582,0.0,0.022917651,12.5
3.607138634958633,-1.1423885591313532,12.5,362.5404724592237,4.728418371425177,0.583,0.022935040979960943,0.583,0.0,0.022917651,12.5
3.607488155530284,-1.1392161719432161,12.5,363.0600325097806,4.727435877652995,0.584,0.02293474320984353,0.584,0.0,0.022917651,12.5
3.607838619802979,-1.1360369773056729,12.5,363.5864172969254,4.726450351565553,0.585,0.02293444135377573,0.585,0.0,0.022917651,12.5
3.608190303659083,-1.1328494012622032,12.5,364.11943019648703,4.725461323577405,0.5860000000000001,0.022934134302917835,0.586,0.0,0.022917651,12.5
3.6085428887513737,-1.1296551835526776,12.5,364.6598713723697,4.724469258834132,0.587,0.02293382354478461,0.587,0.0,0.022917651,12.5
3.6088964023469488,-1.1264541232320255,12.5,365.2079655687107,4.723474065458037,0.588,0.022933508967211625,0.588,0.0,0.022917651,12.5
3.6092508728240777,-1.123246011166409,12.5,365.7639466882571,4.7224756478272925,0.589,0.02293319045346361,0.589,0.0,0.022917651,12.5
3.6096063297293823,-1.1200306296118014,12.5,366.32805826369884,4.721473906383252,0.59,0.022932867881999202,0.59,0.0,0.022917651,12.5
3.609962803838591,-1.1168077517662685,12.5,366.9005539584125,4.720468737425739,0.5910000000000001,0.02293254112622108,0.591,0.0,0.022917651,12.5
3.6103204307306482,-1.1135762020615583,12.5,367.4812349097977,4.719459510248308,0.592,0.022932209493158415,0.592,0.0,0.022917651,12.5
3.6106791844134953,-1.1103362422502663,12.5,368.07063515823245,4.718446381462162,0.593,0.022931873229498474,0.593,0.0,0.022917651,12.5
3.6110390522644096,-1.1070880393406086,12.5,368.66925173564096,4.71742946648052,0.5940000000000001,0.022931532462664748,0.594,0.0,0.022917651,12.5
3.611400070438935,-1.1038313258382129,12.5,369.2773837184167,4.71640864243866,0.595,0.022931187046526073,0.595,0.0,0.022917651,12.5
3.611762276674081,-1.100565822548304,12.5,369.89534326477866,4.7153837810976675,0.5960000000000001,0.022930836828559387,0.596,0.0,0.022917651,12.5
3.6121257103757576,-1.0972912379288973,12.5,370.5234563379407,4.714354748547341,0.597,0.022930481649496393,0.597,0.0,0.022917651,12.5
3.6124909286715603,-1.0940042507754264,12.5,371.1613480187326,4.713320443573312,0.598,0.022930121556511477,0.598,0.0,0.022917651,12.5
3.612857471977338,-1.0907074571056,12.5,371.8100024652027,4.712281631487347,0.599,0.02292975630284562,0.599,0.0,0.022917651,12.5
3.6132253580274174,-1.087400682879046,12.5,372.4698201005432,4.7112382095964325,0.6,0.02292938570584487,0.6,0.0,0.022917651,12.5
3.613616977512835,-1.0843733531161561,12.5,372.7663858961694,4.710446823172235,0.601,0.022929369277735857,0.601,0.0,0.022917651,12.5
3.614008882418228,-1.0813440522121764,12.5,373.06539736356734,4.709654607331895,0.602,0.02292935274824843,0.602,0.0,0.022917651,12.5
3.614401077001289,-1.078312750763019,12.5,373.3668909855386,4.708861549702765,0.603,0.022929336115870284,0.603,0.0,0.022917651,12.5
3.6147935986149533,-1.0752793029827228,12.5,373.6708832307392,4.708067654051618,0.6040000000000001,0.022929319371109338,0.604,0.0,0.022917651,12.5
3.615187080701869,-1.0722414613353888,12.5,373.97702600694566,4.707273209275873,0.605,0.022929302363295764,0.605,0.0,0.022917651,12.5
3.6155808640307145,-1.0692015132849726,12.5,374.28578350120154,4.706477863083125,0.6060000000000001,0.022929285252887198,0.606,0.0,0.022917651,12.5
3.6159749531542023,-1.0661594269971129,12.5,374.5971952301023,4.705681601850134,0.607,0.022929268038333128,0.607,0.0,0.022917651,12.5
3.616369352717247,-1.0631151699927115,12.5,374.91130151056853,4.704884411677751,0.608,0.022929250718051603,0.608,0.0,0.022917651,12.5
3.6167640674593193,-1.0600687091315268,12.5,375.22814348020984,4.704086278383896,0.6090000000000001,0.02292923329042849,0.609,0.0,0.022917651,12.5
3.6171591022168545,-1.0570200105952656,12.5,375.5477631183137,4.703287187496321,0.61,0.022929215753816626,0.61,0.0,0.022917651,12.5
3.6175544619257543,-1.0539690398701536,12.5,375.870203267483,4.702487124245155,0.6110000000000001,0.022929198106534984,0.611,0.0,0.022917651,12.5
3.6179501516239525,-1.0509157617289622,12.5,376.1955076559429,4.701686073555211,0.612,0.02292918034686776,0.612,0.0,0.022917651,12.5
3.618346340352716,-1.0478591847347156,12.5,376.523529896261,4.70088371964686,0.613,0.02292916218935726,0.613,0.0,0.022917651,12.5
3.618743019193052,-1.0447993459931555,12.5,376.8543424091724,4.700080063972429,0.614,0.02292914365592725,0.614,0.0,0.022917651,12.5
3.6191400423175963,-1.04173708650893,12.5,377.18817111778105,4.699275364688792,0.615,0.022929125006149947,0.615,0.0,0.022917651,12.5
3.6195374151460333,-1.0386723681749763,12.5,377.5250635027058,4.698469605367567,0.6160000000000002,0.02292910623819384,0.616,0.0,0.022917651,12.5
3.6199351432124014,-1.035605152080176,12.5,377.8650680464019,4.6976627692337365,0.617,0.022929087350188754,0.617,0.0,0.022917651,12.5
3.6203332321681265,-1.0325353984880354,12.5,378.2082342597247,4.696854839156454,0.6180000000000001,0.022929068340224845,0.618,0.0,0.022917651,12.5
3.6207316877851494,-1.0294630668146858,12.5,378.5546127093422,4.69604579763956,0.619,0.02292904920635155,0.619,0.0,0.022917651,12.5
3.6211305159591594,-1.0263881156061738,12.5,378.9042550460305,4.695235626811795,0.6200000000000001,0.022929029946576474,0.62,0.0,0.022917651,12.5
3.6215299225999864,-1.0233092359649612,12.5,379.25694349093493,4.694423841725851,0.6210000000000001,0.02292901042496347,0.621,0.0,0.022917651,12.5
3.6219297871211267,-1.0202271810925851,12.5,379.612907598416,4.693610713002929,0.622,0.0229289907273506,0.622,0.0,0.022917651,12.5
3.6223300439463464,-1.0171423610137769,12.5,379.97230038340626,4.6927963882446715,0.6230000000000001,0.022928970900264696,0.623,0.0,0.022917651,12.5
3.6227306995184154,-1.0140547303158258,12.5,380.33517815473584,4.691980847808708,0.6240000000000001,0.02292895094157945,0.624,0.0,0.022917651,12.5
3.62313176042196,-1.0109642425861363,12.5,380.7015984610279,4.691164071620186,0.625,0.02292893084912171,0.625,0.0,0.022917651,12.5
3.623533233387388,-1.0078708503845568,12.5,381.0716201250086,4.6903460391598095,0.6260000000000001,0.022928910620670234,0.626,0.0,0.022917651,12.5
3.623935125294944,-1.004774505214784,12.5,381.4453032789643,4.689526729451462,0.6270000000000001,0.02292889025395431,0.627,0.0,0.022917651,12.5
3.624337607835735,-1.0016738420218556,12.5,381.822464520942,4.6887054646722195,0.628,0.022928869731575742,0.628,0.0,0.022917651,12.5
3.6247406427078106,-0.9985691927339824,12.5,382.20324056399136,4.68788242343637,0.629,0.022928849056147987,0.629,0.0,0.022917651,12.5
3.6251441234191097,-0.9954614203736737,12.5,382.5878667967248,4.687058042480131,0.6300000000000001,0.022928828235894053,0.63,0.0,0.022917651,12.5
3.625548057591626,-0.9923504715493908,12.5,382.9764090413586,4.686232298899858,0.6310000000000001,0.022928807268338,0.631,0.0,0.022917651,12.5
3.6259524530220895,-0.9892362916455902,12.5,383.3689346290894,4.6854051692668435,0.632,0.022928786150947154,0.632,0.0,0.022917651,12.5
3.6263573176870016,-0.9861188247874438,12.5,383.7655124435854,4.684576629612176,0.633,0.022928764881130423,0.633,0.0,0.022917651,12.5
3.6267626611682693,-0.9829979956498426,12.5,384.1662083482123,4.683746642932597,0.6340000000000001,0.02292874345827473,0.634,0.0,0.022917651,12.5
3.6271686195571613,-0.9798721070520262,12.5,384.57068230483253,4.68291405591149,0.6350000000000001,0.022928722060978648,0.635,0.0,0.022917651,12.5
3.6275750725405116,-0.9767427400330929,12.5,384.9794301416677,4.68207996886137,0.6360000000000001,0.02292870049959685,0.636,0.0,0.022917651,12.5
3.627982028868546,-0.9736098330537892,12.5,385.39252747101085,4.68124435524414,0.637,0.02292867877122636,0.637,0.0,0.022917651,12.5
3.628389497499126,-0.9704733231146037,12.5,385.8100516993514,4.680407187891991,0.638,0.02292865687289536,0.638,0.0,0.022917651,12.5
3.628797487603939,-0.9673331457121944,12.5,386.2320820809099,4.679568438988596,0.639,0.022928634801561047,0.639,0.0,0.022917651,12.5
3.6292060085749207,-0.9641892347942492,12.5,386.6586997731029,4.678728080049662,0.64,0.022928612554107584,0.64,0.0,0.022917651,12.5
3.6296151653215016,-0.961039322855266,12.5,387.0899061290388,4.677884262505542,0.6410000000000001,0.022928589649868873,0.641,0.0,0.022917651,12.5
3.6300248736540537,-0.9578853632003238,12.5,387.52588027776386,4.67703860354731,0.642,0.02292856653294958,0.642,0.0,0.022917651,12.5
3.6304351351587565,-0.9547274711699643,12.5,387.9667167298893,4.676191224919722,0.643,0.02292854324083611,0.643,0.0,0.022917651,12.5
3.6308459599565297,-0.9515655748168633,12.5,388.4125044468396,4.675342095159452,0.644,0.022928519770323074,0.644,0.0,0.022917651,12.5
3.631257358416707,-0.9483996004277814,12.5,388.8633345735582,4.674491182030921,0.645,0.02292849611812642,0.645,0.0,0.022917651,12.5
3.631669395096072,-0.9452289160471061,12.5,389.3191337493382,4.673638111546034,0.6460000000000001,0.02292847220311076,0.646,0.0,0.022917651,12.5
3.632082173789707,-0.942052500147949,12.5,389.77972179354805,4.672782276983081,0.647,0.02292844789712382,0.647,0.0,0.022917651,12.5
3.6324955646316504,-0.9388717370396359,12.5,390.24563997830785,4.671924543910646,0.648,0.022928423405524416,0.648,0.0,0.022917651,12.5
3.6329095792159616,-0.9356865443862147,12.5,390.716989256247,4.671064876371044,0.6489999999999999,0.02292839872479705,0.649,0.0,0.022917651,12.5
3.633324229431353,-0.9324968377592707,12.5,391.1938731455772,4.670203237492767,0.65,0.0229283738513369,0.65,0.0,0.022917651,12.5
3.6337395319352117,-0.9293024871374836,12.5,391.67639167127857,4.669339563889771,0.6510000000000001,0.022928348781041403,0.651,0.0,0.022917651,12.5
3.634155777053868,-0.9261006981716816,12.5,392.16427697727096,4.668472222612783,0.652,0.022928323484540263,0.652,0.0,0.022917651,12.5
3.6345726966962943,-0.9228941098452423,12.5,392.6580323483287,4.667602779925794,0.653,0.022928297983120446,0.653,0.0,0.022917651,12.5
3.634990304028177,-0.9196826284818796,12.5,393.1577723592743,4.666731194812448,0.6540000000000001,0.022928272272782258,0.654,0.0,0.022917651,12.5
3.6354086125600804,-0.916466157951449,12.5,393.6636145862281,4.665857425181961,0.655,0.022928246349421214,0.655,0.0,0.022917651,12.5
3.6358276639669445,-0.913244279229478,12.5,394.17564088643206,4.664981218976496,0.6560000000000001,0.02292822018390184,0.656,0.0,0.022917651,12.5
3.636247656931525,-0.9100147612947502,12.5,394.6937232658913,4.664101141782795,0.657,0.02292819360054918,0.657,0.0,0.022917651,12.5
3.6366683938309343,-0.9067799411153956,12.5,395.21828943340114,4.663218738088869,0.658,0.022928166780180514,0.658,0.0,0.022917651,12.5
3.6370898896244315,-0.9035397120723261,12.5,395.749469766871,4.6623339611127665,0.659,0.022928139718029865,0.659,0.0,0.022917651,12.5
3.6375121596750555,-0.9002939646685935,12.5,396.28739816336815,4.661446762809806,0.66,0.022928112409202596,0.66,0.0,0.022917651,12.5
3.6379356908006817,-0.8970411097437627,12.5,396.8315603222877,4.6605575004429625,0.6610000000000001,0.02292808492518603,0.661,0.0,0.022917651,12.5
3.6383604657850905,-0.8937811797559818,12.5,397.3821836875432,4.659666137745879,0.662,0.022928057263945652,0.662,0.0,0.022917651,12.5
3.638786102610951,-0.8905153191859914,12.5,397.9399798651327,4.658772291874347,0.663,0.022928029358116483,0.663,0.0,0.022917651,12.5
3.639212619428872,-0.8872434031341605,12.5,398.5050999163819,4.65787591053205,0.664,0.02292800120254742,0.664,0.0,0.022917651,12.5
3.6396402138154653,-0.8839641348850903,12.5,399.07757673427403,4.656976487298227,0.6650000000000001,0.022927972719435964,0.665,0.0,0.022917651,12.5
3.640069251045959,-0.8806751256128519,12.5,399.6573416988798,4.656073094427358,0.666,0.022927943772714458,0.666,0.0,0.022917651,12.5
3.6404992336813824,-0.8773796185521119,12.5,400.24491818590457,4.655166985437917,0.667,0.022927914572324296,0.667,0.0,0.022917651,12.5
3.640930182186564,-0.8740774730476563,12.5,400.8404752884727,4.654258101535097,0.6680000000000001,0.022927885112774406,0.668,0.0,0.022917651,12.5
3.6413624286939252,-0.870767393901258,12.5,401.44414907367536,4.6533464762479095,0.6689999999999999,0.022927855278961514,0.669,0.0,0.022917651,12.5
3.6417965994729165,-0.8674470008088273,12.5,402.0560482595052,4.652432234672827,0.67,0.022927824851866743,0.67,0.0,0.022917651,12.5
3.642231802989727,-0.8641195234484511,12.5,402.6764696708561,4.6515150397394915,0.6710000000000002,0.022927794146739976,0.671,0.0,0.022917651,12.5
3.6426680620815053,-0.8607848051642318,12.5,403.30560176148225,4.650594826139671,0.672,0.02292776315743302,0.672,0.0,0.022917651,12.5
3.6431055136005805,-0.8574409685561757,12.5,403.9433758652877,4.649670263411745,0.673,0.02292773203441078,0.673,0.0,0.022917651,12.5
3.643544181188196,-0.8540878646415927,12.5,404.5900087619714,4.6487412970982245,0.674,0.022927700766389843,0.674,0.0,0.022917651,12.5
3.643983980935953,-0.8507269735841552,12.5,405.2459642553768,4.647809072165184,0.675,0.022927669194644083,0.675,0.0,0.022917651,12.5
3.6444249386526213,-0.8473581178678308,12.5,405.9114548638058,4.6468735143289965,0.676,0.022927637312249755,0.676,0.0,0.022917651,12.5
3.6448674296284165,-0.843977991492097,12.5,406.5863524698868,4.6459328232382635,0.677,0.022927605147800074,0.677,0.0,0.022917651,12.5
3.6453111443253428,-0.8405894329794718,12.5,407.27123086808234,4.6449885951582095,0.6780000000000002,0.022927572660942187,0.678,0.0,0.022917651,12.5
3.64575610189217,-0.8371923297768642,12.5,407.96633177884127,4.644040794019886,0.679,0.0229275398432372,0.679,0.0,0.022917651,12.5
3.6462025412469186,-0.833783676667633,12.5,408.67189702403095,4.6430873683577385,0.68,0.022927506212064495,0.68,0.0,0.022917651,12.5
3.6466503910025563,-0.8303644979820846,12.5,409.3881616033746,4.642129057690276,0.6810000000000002,0.022927471967525714,0.681,0.0,0.022917651,12.5
3.647099559110509,-0.8269361931514448,12.5,410.1153743923704,4.641166894335717,0.682,0.02292743737407259,0.682,0.0,0.022917651,12.5
3.64755054285819,-0.8234957994956514,12.5,410.8534421739414,4.640199901450496,0.683,0.022927402607543276,0.683,0.0,0.022917651,12.5
3.648003429264868,-0.8200427886504698,12.5,411.6026160449796,4.639227898292612,0.6840000000000002,0.022927367698145584,0.684,0.0,0.022917651,12.5
3.648457751419325,-0.8165798843093443,12.5,412.3635624113977,4.638251744445502,0.685,0.022927332445800818,0.685,0.0,0.022917651,12.5
3.648913645710574,-0.8131050145221498,12.5,413.1364009613289,4.637269916870119,0.6860000000000002,0.022927296587968826,0.686,0.0,0.022917651,12.5
3.6493711472197474,-0.809617910256528,12.5,413.9214278527745,4.6362822870356295,0.687,0.022927260094317226,0.687,0.0,0.022917651,12.5
3.6498301901281605,-0.8061201621633671,12.5,414.7191182703435,4.635290178975599,0.6880000000000001,0.022927223205587426,0.6880000000000001,0.0,0.022917651,12.5
3.6502909274962665,-0.8026090106139518,12.5,415.52948762308984,4.634291445618747,0.6890000000000002,0.022927186296992284,0.6890000000000001,0.0,0.022917651,12.5
3.650753338122308,-0.7990853960903594,12.5,416.3530120726094,4.633286942538996,0.6900000000000001,0.02292714918783799,0.6900000000000001,0.0,0.022917651,12.5
3.651217403950602,-0.7955502939742065,12.5,417.19018011460247,4.632277572748239,0.6910000000000001,0.022927111677325435,0.6910000000000001,0.0,0.022917651,12.5
3.6516836256148344,-0.7919983508298172,12.5,418.0408041938818,4.631259985138895,0.6920000000000001,0.02292707371569572,0.6920000000000001,0.0,0.022917651,12.5
3.6521516092610917,-0.7884341057096211,12.5,418.9057670429671,4.630237143464966,0.6930000000000002,0.022927035338971304,0.6930000000000001,0.0,0.022917651,12.5
3.6526216381721177,-0.7848552498706466,12.5,419.78526401605313,4.6292078719231995,0.6940000000000002,0.02292699623146156,0.6940000000000001,0.0,0.022917651,12.5
3.6530938825631574,-0.7812603916176887,12.5,420.67957337206195,4.62817145956684,0.6950000000000001,0.022926956232626437,0.6950000000000001,0.0,0.022917651,12.5
3.6535680115628444,-0.7776524287373566,12.5,421.58937659337073,4.627129480983072,0.6960000000000002,0.022926915788907334,0.6960000000000001,0.0,0.022917651,12.5
3.654044706807707,-0.7740254724166296,12.5,422.51452492274274,4.626078769643512,0.6970000000000001,0.022926874789849793,0.6970000000000001,0.0,0.022917651,12.5
3.654523411382347,-0.7703844722871639,12.5,423.45594801670757,4.625022051383163,0.6980000000000001,0.022926833333845115,0.6980000000000001,0.0,0.022917651,12.5
3.655006404637393,-0.7667242817032844,12.5,424.41353331228976,4.623963306180364,0.6990000000000002,0.022926791881303688,0.6990000000000001,0.0,0.022917651,12.5
3.655492949818909,-0.7630462855885795,12.5,425.3881184499364,4.622900968895092,0.7,0.02292675023518352,0.7000000000000001,0.0,0.022917651,12.5
3.655941561578187,-0.7600380407017392,12.5,425.8685114800571,4.622267095942204,0.7010000000000002,0.022926747097771514,0.7010000000000001,0.0,0.022917651,12.5
3.6563909213310786,-0.7570222987419598,12.5,426.35294747312787,4.621628711046156,0.7020000000000001,0.022926743544996013,0.7020000000000001,0.0,0.022917651,12.5
3.6568407261931135,-0.75400290700738,12.5,426.84179005990455,4.620988456427974,0.7030000000000001,0.022926739945570995,0.7030000000000001,0.0,0.022917651,12.5
3.657290958010297,-0.7509801215062903,12.5,427.33512143485655,4.62034651597006,0.7039999999999998,0.022926736327630693,0.704,0.0,0.022917651,12.5
3.657741618329444,-0.7479538320635913,12.5,427.8329921019798,4.619702785841231,0.705,0.02292673269049877,0.705,0.0,0.022917651,12.5
3.658192596770173,-0.7449222295741788,12.5,428.335185096016,4.619055019575819,0.706,0.02292672902241655,0.706,0.0,0.022917651,12.5
3.6586440187090328,-0.7418870759976587,12.5,428.8420570483145,4.618405476170888,0.7070000000000001,0.022926725335286186,0.707,0.0,0.022917651,12.5
3.6590958902390005,-0.7388483225476047,12.5,429.3536722405011,4.617754131211299,0.7080000000000001,0.02292672162884598,0.708,0.0,0.022917651,12.5
3.659548274737412,-0.7358052870255142,12.5,429.8700132894336,4.617100553955837,0.709,0.022926717954205787,0.709,0.0,0.022917651,12.5
3.6600012714275394,-0.7327568742454813,12.5,430.3910190590229,4.61644404277479,0.71,0.022926714393844593,0.71,0.0,0.022917651,12.5
3.6604547351907697,-0.7297046995315989,12.5,430.9169809703162,4.6157856379533,0.711,0.022926710810871675,0.711,0.0,0.022917651,12.5
3.6609086725524334,-0.7266487103270775,12.5,431.4479682640038,4.615125313035912,0.712,0.02292670720497115,0.712,0.0,0.022917651,12.5
3.661363217569883,-0.7235863244359902,12.5,431.98383506494343,4.614461025518833,0.7130000000000001,0.02292670359765587,0.713,0.0,0.022917651,12.5
3.6618183191260654,-0.7205186584361519,12.5,432.52476204791884,4.6137936859243585,0.7140000000000001,0.022926699978104762,0.714,0.0,0.022917651,12.5
3.662273916950626,-0.7174469948387288,12.5,433.0709388648018,4.613124333853598,0.715,0.022926696334344077,0.715,0.0,0.022917651,12.5
3.662730103191044,-0.7143706227842399,12.5,433.62239304085887,4.612452626396005,0.7159999999999999,0.022926692632509953,0.716,0.0,0.022917651,12.5
3.663187218674851,-0.711286900843149,12.5,434.1790267505219,4.611777282865868,0.717,0.022926688741725727,0.717,0.0,0.022917651,12.5
3.6636448491596663,-0.7081989962378951,12.5,434.74115927204224,4.611099816658772,0.7180000000000001,0.02292668482837166,0.718,0.0,0.022917651,12.5
3.66410300205101,-0.7051068488233468,12.5,435.3088696762576,4.610420197251424,0.719,0.022926680892123207,0.719,0.0,0.022917651,12.5
3.6645619582560434,-0.7020073505397764,12.5,435.8819870983057,4.609736444902823,0.7200000000000001,0.022926676867486052,0.72,0.0,0.022917651,12.5
3.66502151518552,-0.6989027816832988,12.5,436.46079940356486,4.609050025908772,0.7209999999999999,0.0229266728035855,0.721,0.0,0.022917651,12.5
3.665481618809227,-0.6957937680281003,12.5,437.0454485641066,4.6083613488568,0.722,0.02292666871474745,0.722,0.0,0.022917651,12.5
3.6659424797790625,-0.6926778973716081,12.5,437.63594059303165,4.607668842066684,0.723,0.02292666475181298,0.723,0.0,0.022917651,12.5
3.666404044023741,-0.6895557707744349,12.5,438.2324050828848,4.606972890902436,0.724,0.022926660871984233,0.724,0.0,0.022917651,12.5
3.6668661737169135,-0.686428998256963,12.5,438.83499276580824,4.606274555567271,0.7250000000000001,0.02292665696698522,0.725,0.0,0.022917651,12.5
3.667329113735622,-0.6832955823214155,12.5,439.4436261705468,4.605572818211881,0.726,0.02292665294429979,0.726,0.0,0.022917651,12.5
3.667792909881786,-0.6801551573420197,12.5,440.058380046538,4.6048674965486525,0.727,0.022926648782233862,0.727,0.0,0.022917651,12.5
3.668257301118323,-0.6770098547622572,12.5,440.6795433662933,4.604159677752795,0.728,0.022926644582892872,0.728,0.0,0.022917651,12.5
3.6687225542907207,-0.6738576353252311,12.5,441.3070827552147,4.603448390049213,0.729,0.02292664028628415,0.729,0.0,0.022917651,12.5
3.66918872437282,-0.6706980669892425,12.5,441.9410858604906,4.6027334212992,0.73,0.022926635894825097,0.73,0.0,0.022917651,12.5
3.669655517153049,-0.6675333841876053,12.5,442.5818096270776,4.602015828971374,0.7310000000000001,0.022926631483117618,0.731,0.0,0.022917651,12.5
3.670123149361873,-0.6643613620720085,12.5,443.22921047976723,4.6012942555771605,0.7319999999999999,0.022926626932297935,0.732,0.0,0.022917651,12.5
3.6705915878909603,-0.6611823491603367,12.5,443.883434773282,4.600568916895342,0.7329999999999999,0.022926622258993053,0.733,0.0,0.022917651,12.5
3.67106067784275,-0.6579979665614708,12.5,444.5447078792335,4.599840814033853,0.734,0.022926617554835372,0.734,0.0,0.022917651,12.5
3.671530651058645,-0.6548047436056342,12.5,445.21286287087185,4.59910740323682,0.735,0.02292661322862028,0.735,0.0,0.022917651,12.5
3.672001374182939,-0.6516048360275136,12.5,445.88820311994874,4.598370307490627,0.736,0.022926609005256122,0.736,0.0,0.022917651,12.5
3.672472865418817,-0.6483990035845018,12.5,446.57096170865844,4.5976303594614665,0.737,0.022926604733041287,0.737,0.0,0.022917651,12.5
3.672947130467573,-0.6451803018262598,12.5,447.26197996883127,4.5968886345622675,0.738,0.022926600027524984,0.738,0.0,0.022917651,12.5
3.6734220520523198,-0.6419557551402443,12.5,447.9606894506863,4.59614369074967,0.739,0.022926595296113288,0.739,0.0,0.022917651,12.5
3.6738976928878047,-0.6387235771572746,12.5,448.6670993638863,4.595393994817249,0.7400000000000001,0.022926590664057396,0.74,0.0,0.022917651,12.5
3.674374085855606,-0.6354831313888468,12.5,449.3813062643306,4.5946390426321875,0.741,0.0229265861672484,0.741,0.0,0.022917651,12.5
3.6748511740906253,-0.6322365745817425,12.5,450.1035834309453,4.593880760457239,0.7420000000000001,0.022926581636863307,0.742,0.0,0.022917651,12.5
3.675329611936261,-0.6289794065074245,12.5,450.8339361364574,4.5931172683368064,0.7430000000000001,0.02292657673190874,0.743,0.0,0.022917651,12.5
3.6758088304766847,-0.6257154148414441,12.5,451.5726194958505,4.59235007559381,0.744,0.022926571749523023,0.744,0.0,0.022917651,12.5
3.6762889698224335,-0.622442871795751,12.5,452.3197152771418,4.591578011114615,0.7450000000000001,0.022926566836698564,0.745,0.0,0.022917651,12.5
3.676770083896898,-0.6191612120297155,12.5,453.0753582664099,4.590800724769448,0.7460000000000001,0.022926562026774795,0.746,0.0,0.022917651,12.5
3.6772519584870653,-0.6158725863679118,12.5,453.83972404665946,4.5900195148014715,0.7470000000000001,0.0229265571684848,0.747,0.0,0.022917651,12.5
3.677734823549868,-0.6125732328398286,12.5,454.61244015654836,4.58923153864212,0.748,0.022926552022923524,0.748,0.0,0.022917651,12.5
3.6782184637777027,-0.6092669693547118,12.5,455.39421518143695,4.5884397531447245,0.7490000000000001,0.022926546834086195,0.749,0.0,0.022917651,12.5
3.6787032741064936,-0.605949629815165,12.5,456.1851126673502,4.5876415721147215,0.75,0.022926541829862066,0.75,0.0,0.022917651,12.5
3.6791889959900668,-0.6026238952681663,12.5,456.9853570912588,4.586838642173553,0.751,0.022926536859915133,0.751,0.0,0.022917651,12.5
3.679675712605138,-0.5992884031916565,12.5,457.7950461908729,4.586029935165189,0.752,0.022926531788176656,0.752,0.0,0.022917651,12.5
3.6801634202362634,-0.5959432637547247,12.5,458.61435740602604,4.585215546568471,0.753,0.022926526623333856,0.753,0.0,0.022917651,12.5
3.68065222740365,-0.5925885125640789,12.5,459.44348170321825,4.584395945070618,0.7540000000000001,0.022926521445561492,0.754,0.0,0.022917651,12.5
3.681142378535004,-0.5892221447238672,12.5,460.28255316032374,4.58357010370674,0.7550000000000001,0.022926516270008353,0.755,0.0,0.022917651,12.5
3.6816333452956793,-0.5858468161262596,12.5,461.1317063420398,4.5827385643356235,0.756,0.022926510975819634,0.756,0.0,0.022917651,12.5
3.682125065889917,-0.5824596884217793,12.5,461.9908230231734,4.581898242096047,0.7569999999999999,0.02292650536071883,0.757,0.0,0.022917651,12.5
3.682617735911326,-0.5790638141229287,12.5,462.86041671497065,4.5810529692679465,0.758,0.022926499726919517,0.758,0.0,0.022917651,12.5
3.683111549161978,-0.5756564768143734,12.5,463.7403360425853,4.580200797798578,0.759,0.022926494211335014,0.759,0.0,0.022917651,12.5
3.6836063337364293,-0.5722398264098796,12.5,464.6312055491845,4.579343200818591,0.76,0.022926488674236873,0.76,0.0,0.022917651,12.5
3.6841022283522697,-0.5688101150105414,12.5,465.533257410304,4.578476995402732,0.761,0.0229264832056527,0.761,0.0,0.022917651,12.5
3.684599177577368,-0.5653702791806657,12.5,466.4466472774396,4.577604881172941,0.762,0.02292647763213372,0.762,0.0,0.022917651,12.5
3.685097433337008,-0.5619163060489826,12.5,467.37158206223467,4.576723845104294,0.763,0.0229264717657026,0.763,0.0,0.022917651,12.5
3.6855971748673557,-0.5584509383367411,12.5,468.3086935774036,4.575837358585404,0.7640000000000001,0.022926465953479455,0.764,0.0,0.022917651,12.5
3.6860989732109255,-0.5549712205385454,12.5,469.258708094282,4.574944751357745,0.7650000000000001,0.022926460325454662,0.765,0.0,0.022917651,12.5
3.6866018844274318,-0.5514796210175754,12.5,470.2205633960918,4.574044717280476,0.7660000000000001,0.022926454430057704,0.766,0.0,0.022917651,12.5
3.687105967274606,-0.5479755598994963,12.5,471.19443543187725,4.573136912363672,0.767,0.022926448218932027,0.767,0.0,0.022917651,12.5
3.6876108056738004,-0.5444574639091886,12.5,472.18121426774115,4.5722180835835005,0.768,0.02292644226467541,0.768,0.0,0.022917651,12.5
3.688116495272855,-0.5409273474668673,12.5,473.18098709932553,4.571290633181859,0.7690000000000001,0.022926436424090053,0.769,0.0,0.022917651,12.5
3.688623533196713,-0.5373832046749957,12.5,474.19389451448774,4.5703545648618125,0.77,0.02292643046050592,0.77,0.0,0.022917651,12.5
3.6891317114114566,-0.5338271613669213,12.5,475.2201120663661,4.569411159464445,0.7710000000000001,0.022926424320274856,0.771,0.0,0.022917651,12.5
3.6896413347408377,-0.5302551673383888,12.5,476.25982188163914,4.568457586644312,0.772,0.02292641760786124,0.772,0.0,0.022917651,12.5
3.6901522289762827,-0.5266690636685917,12.5,477.3132519591921,4.567494984550172,0.7730000000000001,0.022926411237168272,0.773,0.0,0.022917651,12.5
3.6906643886541954,-0.5230689251121287,12.5,478.38066396350604,4.566523406552146,0.7739999999999999,0.02292640519258626,0.774,0.0,0.022917651,12.5
3.691177806355443,-0.5194527322515489,12.5,479.46233460218315,4.565540794810946,0.775,0.02292639909131713,0.775,0.0,0.022917651,12.5
3.69169251340679,-0.5158226192741355,12.5,480.558448607851,4.56454942592909,0.7760000000000001,0.022926392707646147,0.776,0.0,0.022917651,12.5
3.692208775999077,-0.5121758224219077,12.5,481.66910709708446,4.563547613837988,0.777,0.022926385678473684,0.777,0.0,0.022917651,12.5
3.692726322176883,-0.5085126248042375,12.5,482.79482001825784,4.562534515119505,0.778,0.02292637913349981,0.778,0.0,0.022917651,12.5
3.6932451656603247,-0.5048345622885527,12.5,483.9359480285473,4.561511735022732,0.7790000000000001,0.022926372712346918,0.779,0.0,0.022917651,12.5
3.6937655364310613,-0.5011396044775265,12.5,485.09286771957574,4.560478177911021,0.7800000000000001,0.022926366132367638,0.78,0.0,0.022917651,12.5
3.6942873767886426,-0.4974270960416786,12.5,486.2656441288949,4.559432960541738,0.7810000000000001,0.022926359030026457,0.781,0.0,0.022917651,12.5
3.6948106135682366,-0.4936979959806106,12.5,487.4547386146353,4.558376733403685,0.782,0.02292635186196531,0.782,0.0,0.022917651,12.5
3.695335300956484,-0.4899504776811959,12.5,488.66064477929075,4.55730786461395,0.7830000000000001,0.022926345217503592,0.783,0.0,0.022917651,12.5
3.6958624724867857,-0.4861828059010362,12.5,489.8835873930653,4.556228809358044,0.7839999999999999,0.022926338644599347,0.784,0.0,0.022917651,12.5
3.6963912356873916,-0.482397085053138,12.5,491.12363117673516,4.555138067157149,0.785,0.02292633153433815,0.785,0.0,0.022917651,12.5
3.6969214013786966,-0.4785930691604881,12.5,492.38103965060225,4.554034625795239,0.786,0.022926323780045988,0.786,0.0,0.022917651,12.5
3.6974528664129025,-0.4747692948857377,12.5,493.6562355532443,4.552916637090662,0.787,0.02292631692479275,0.787,0.0,0.022917651,12.5
3.6979858895284625,-0.4709262739628524,12.5,494.94934152117696,4.5517856306587,0.788,0.022926310133000217,0.788,0.0,0.022917651,12.5
3.698520145742315,-0.46706365894660595,12.5,496.2609406664836,4.550639958249531,0.789,0.02292630280545557,0.789,0.0,0.022917651,12.5
3.6990553929978423,-0.46318108524523655,12.5,497.5915253340595,4.549478290069166,0.79,0.02292629484847936,0.79,0.0,0.022917651,12.5
3.6995914596406774,-0.4592788751693702,12.5,498.9415563808639,4.548300277478474,0.791,0.022926287768393484,0.791,0.0,0.022917651,12.5
3.7001292222114035,-0.455354093554834,12.5,500.31110920374243,4.547106460276988,0.792,0.02292628070403176,0.792,0.0,0.022917651,12.5
3.7006685965743977,-0.4514069439605711,12.5,501.7005898972589,4.5458967222044775,0.793,0.022926272820345116,0.793,0.0,0.022917651,12.5
3.701209201549294,-0.447437194298135,12.5,503.1104161757559,4.544669316460464,0.7940000000000002,0.022926264855039076,0.794,0.0,0.022917651,12.5
3.70175083090416,-0.44344526228095976,12.5,504.54102188633925,4.543423829440181,0.7949999999999999,0.022926257193165333,0.795,0.0,0.022917651,12.5
3.7022938190084385,-0.43943196493528386,12.5,505.9928132896812,4.542162387460398,0.796,0.022926248904875123,0.796,0.0,0.022917651,12.5
3.702838439211671,-0.435393960803238,12.5,507.4660525159395,4.540882783469566,0.797,0.022926241629162254,0.797,0.0,0.022917651,12.5
3.703384714864495,-0.43133064305777596,12.5,508.9612400360119,4.539584493092027,0.7980000000000002,0.022926233654264862,0.798,0.0,0.022917651,12.5
3.703932627480831,-0.4272423664566203,12.5,510.47871774182687,4.538267790117669,0.799,0.02292622541766273,0.799,0.0,0.022917651,12.5
3.7044823541813607,-0.42312796665940966,12.5,512.0188159513476,4.536932211678356,0.8000000000000002,0.022926216983940418,0.8,0.0,0.022917651,12.5
3.7048847702545578,-0.4200668967663319,12.5,512.6968683149806,4.535992327673492,0.801,0.022926215607289045,0.801,0.0,0.022917651,12.5
3.7052874559574267,-0.41699760411284925,12.5,513.3815727903548,4.535045301191348,0.8020000000000002,0.02292621439526269,0.802,0.0,0.022917651,12.5
3.70569027270015,-0.4139230394453662,12.5,514.073066427583,4.534093526805895,0.803,0.02292621322010204,0.803,0.0,0.022917651,12.5
3.7060932879270743,-0.41083996653645416,12.5,514.7712902365556,4.533134038438098,0.804,0.022926212308725616,0.804,0.0,0.022917651,12.5
3.706496438690292,-0.4077516985728597,12.5,515.4764928260968,4.532169897741121,0.805,0.022926211321235276,0.805,0.0,0.022917651,12.5
3.706899894913987,-0.40465421695699666,12.5,516.1886608999653,4.531197772158257,0.8060000000000002,0.022926209559943077,0.806,0.0,0.022917651,12.5
3.7073034691151077,-0.4015514979843568,12.5,516.9079929950003,4.530220880487719,0.807,0.02292620784804867,0.807,0.0,0.022917651,12.5
3.707707156393192,-0.3984397013390407,12.5,517.6345133599408,4.529235355367093,0.808,0.022926206894630922,0.808,0.0,0.022917651,12.5
3.708111009309333,-0.39532230208304475,12.5,518.3683839733119,4.528244890430581,0.8090000000000002,0.02292620585620783,0.809,0.0,0.022917651,12.5
3.7085154997863206,-0.392194352255501,12.5,519.1096400461093,4.527246427523463,0.8100000000000002,0.022926204057090983,0.81,0.0,0.022917651,12.5
3.7089199799287,-0.38906037225992585,12.5,519.8584483343059,4.52624189321284,0.8110000000000003,0.02292620238327847,0.811,0.0,0.022917651,12.5
3.7093239095204056,-0.38591660770347286,12.5,520.6148738047158,4.52522537250705,0.8120000000000002,0.02292620141277134,0.812,0.0,0.022917651,12.5
3.7097278167757235,-0.3827669568852201,12.5,521.3790050546364,4.524202874911456,0.8130000000000002,0.022926200309800974,0.8130000000000001,0.0,0.022917651,12.5
3.7101314258122593,-0.37961024770784885,12.5,522.150845478881,4.523172121769233,0.8140000000000002,0.022926198840500216,0.8140000000000001,0.0,0.022917651,12.5
3.710535237074895,-0.3764462584003453,12.5,522.9305688377531,4.5221348991280585,0.8150000000000002,0.02292619740621259,0.8150000000000001,0.0,0.022917651,12.5
3.710939298462636,-0.3732737231576301,12.5,523.718249183753,4.521090134256475,0.8160000000000002,0.022926196034137522,0.8160000000000001,0.0,0.022917651,12.5
3.7113433285200252,-0.3700924248805939,12.5,524.5139935412454,4.520036478984849,0.8170000000000002,0.022926194449049017,0.8170000000000001,0.0,0.022917651,12.5
3.71174735277643,-0.366902716067583,12.5,525.3179229087865,4.51897438829139,0.8180000000000001,0.0229261926830342,0.8180000000000001,0.0,0.022917651,12.5
3.7121519782353665,-0.36370268401858574,12.5,526.1301688000362,4.517904392210242,0.8190000000000001,0.022926191388154195,0.8190000000000001,0.0,0.022917651,12.5
3.712556899362245,-0.36049510680721075,12.5,526.9508843623964,4.516828038262374,0.8200000000000001,0.022926190255553036,0.8200000000000001,0.0,0.022917651,12.5
3.712962237667926,-0.3572760618517511,12.5,527.7801283540781,4.515741879113362,0.8210000000000001,0.022926188988934764,0.8210000000000001,0.0,0.022917651,12.5
3.7133676892342127,-0.35404964949139667,12.5,528.6180493307252,4.5146488011926875,0.822,0.022926187622298467,0.8220000000000001,0.0,0.022917651,12.5
3.713773203180687,-0.35081323787494345,12.5,529.4646598337421,4.5135459592404965,0.8230000000000002,0.022926185962851384,0.8230000000000001,0.0,0.022917651,12.5
3.71417852661315,-0.3475680987321875,12.5,530.3203432901664,4.512433633825103,0.8240000000000001,0.022926184428776607,0.8240000000000001,0.0,0.022917651,12.5
3.714583632423262,-0.3443142889744742,12.5,531.1852403862899,4.5113117731413235,0.8250000000000001,0.022926183023669913,0.8250000000000001,0.0,0.022917651,12.5
3.7149891021037718,-0.34104952135403693,12.5,532.0592405212789,4.510180404677944,0.8260000000000002,0.022926181640606433,0.8260000000000001,0.0,0.022917651,12.5
3.7153946820422816,-0.33777607476935584,12.5,532.9425644187528,4.509040800341686,0.8270000000000002,0.022926180150830894,0.8270000000000001,0.0,0.022917651,12.5
3.7158002740292053,-0.3344902016532758,12.5,533.835323867035,4.507888833253881,0.8280000000000002,0.02292617822010849,0.8280000000000001,0.0,0.022917651,12.5
3.716205490020929,-0.3311954326616167,12.5,534.7373828202365,4.506726457167432,0.8290000000000002,0.022926176740824554,0.8290000000000001,0.0,0.022917651,12.5
3.716610432954297,-0.3278921793654135,12.5,535.6489356478712,4.505554497421159,0.8300000000000003,0.02292617559830063,0.8300000000000001,0.0,0.022917651,12.5
3.7170155452579983,-0.3245775152109464,12.5,536.5698454169062,4.504371798953334,0.8310000000000001,0.022926173669944348,0.8310000000000001,0.0,0.022917651,12.5
3.7174208515163976,-0.32125291117566557,12.5,537.5006756327336,4.503179942773727,0.8320000000000002,0.02292617202688453,0.8320000000000001,0.0,0.022917651,12.5
3.7178264129386807,-0.31791692023271245,12.5,538.441558736772,4.501977729691403,0.8330000000000001,0.022926170853016757,0.833,0.0,0.022917651,12.5
3.718231999268732,-0.31456851192296226,12.5,539.3923372781982,4.500763189286658,0.8340000000000001,0.02292616899697711,0.834,0.0,0.022917651,12.5
3.7186376442286138,-0.31120984605130464,12.5,540.3533118544113,4.499538627743361,0.8350000000000001,0.02292616719984187,0.835,0.0,0.022917651,12.5
3.719043368408762,-0.3078396068464774,12.5,541.3245293904,4.498302817043335,0.8360000000000001,0.022926165749937704,0.836,0.0,0.022917651,12.5
3.71944882098383,-0.3044567279755506,12.5,542.3058680839661,4.497053263887162,0.8370000000000001,0.0229261640409139,0.837,0.0,0.022917651,12.5
3.719853841584167,-0.30106403394043607,12.5,543.2975618974942,4.4957921770308,0.838,0.022926162228782253,0.838,0.0,0.022917651,12.5
3.720258208662899,-0.2976614754211585,12.5,544.2995859151222,4.494518633043716,0.8390000000000001,0.022926160329013623,0.839,0.0,0.022917651,12.5
3.720663221056194,-0.2942451185904491,12.5,545.3118885050288,4.493233846001181,0.8400000000000001,0.02292615891971285,0.84,0.0,0.022917651,12.5
3.7210682495477063,-0.29081682958942934,12.5,546.3350403463555,4.4919371926771285,0.8410000000000001,0.02292615721684596,0.841,0.0,0.022917651,12.5
3.721473214111596,-0.2873763910229193,12.5,547.3692132766913,4.490628138224848,0.8420000000000001,0.0229261552509581,0.842,0.0,0.022917651,12.5
3.7218779939060678,-0.28392232394540584,12.5,548.4144421072649,4.489304713930218,0.8430000000000001,0.022926153957680665,0.843,0.0,0.022917651,12.5
3.7222830989179863,-0.2804551061802552,12.5,549.470533412905,4.487969440660111,0.844,0.02292615211456538,0.844,0.0,0.022917651,12.5
3.7226883637596226,-0.2769750754393146,12.5,550.5378680409945,4.4866219906757046,0.8449999999999999,0.02292615042737822,0.845,0.0,0.022917651,12.5
3.723093654320929,-0.27348196857749835,12.5,551.6167054043372,4.485261561032597,0.8460000000000001,0.02292614943801908,0.846,0.0,0.022917651,12.5
3.72349879164492,-0.2699730464087621,12.5,552.7066865752015,4.483884718016945,0.8469999999999999,0.02292614764119791,0.847,0.0,0.022917651,12.5
3.723903696076071,-0.26645161173318194,12.5,553.8082076601186,4.482494427290208,0.848,0.022926145653054893,0.848,0.0,0.022917651,12.5
3.7243085671387077,-0.26291667033529587,12.5,554.9214694169895,4.481090496453937,0.849,0.022926143867027446,0.849,0.0,0.022917651,12.5
3.7247135548509083,-0.25936727567997764,12.5,556.0466405688685,4.479672581628183,0.8500000000000001,0.022926142406946626,0.85,0.0,0.022917651,12.5
3.72511864266719,-0.2558017761528085,12.5,557.1836088855755,4.478238960448037,0.851,0.022926140285662613,0.851,0.0,0.022917651,12.5
3.7255237449420524,-0.2522206977442634,12.5,558.3322806945596,4.476789814237406,0.8520000000000001,0.022926138702092678,0.852,0.0,0.022917651,12.5
3.7259287582245126,-0.2486239680418613,12.5,559.4928998103527,4.4753246687569215,0.853,0.022926136863195157,0.853,0.0,0.022917651,12.5
3.726332906209315,-0.24501200544735705,12.5,560.665833761933,4.473840822866838,0.854,0.022926134811200757,0.854,0.0,0.022917651,12.5
3.7267356759412653,-0.24138541052369164,12.5,561.85129276524,4.472336817959541,0.855,0.022926132846292076,0.855,0.0,0.022917651,12.5
3.7271378720690436,-0.23774395705367155,12.5,563.0488518755346,4.470815678381467,0.856,0.02292613129271855,0.856,0.0,0.022917651,12.5
3.7275395873707766,-0.234083965436148,12.5,564.257599911731,4.469274074439574,0.857,0.02292612912387793,0.857,0.0,0.022917651,12.5
3.727940349852854,-0.23040881784818634,12.5,565.4779212252867,4.467713500968839,0.858,0.022926127433125155,0.858,0.0,0.022917651,12.5
3.728340459008741,-0.22671791092057728,12.5,566.7102251839549,4.466134556578982,0.859,0.022926125492312568,0.859,0.0,0.022917651,12.5
3.728740396068966,-0.2230096868870729,12.5,567.9546457436103,4.464537613516217,0.86,0.022926123339666506,0.86,0.0,0.022917651,12.5
3.729140347746268,-0.21928287020262788,12.5,569.2112448106469,4.462922135586237,0.861,0.022926121285271696,0.861,0.0,0.022917651,12.5
3.7295401174271348,-0.21553740046070002,12.5,570.4800508084551,4.4612872675788475,0.862,0.02292611940837613,0.862,0.0,0.022917651,12.5
3.729939530205811,-0.2117736112948747,12.5,571.7609585587672,4.459632651497816,0.863,0.022926117416964126,0.863,0.0,0.022917651,12.5
3.7303388319662805,-0.20799021750573843,12.5,573.0538242519054,4.457957983747604,0.864,0.022926115276765826,0.864,0.0,0.022917651,12.5
3.73073825597536,-0.20418726923203404,12.5,574.3587578686812,4.456264248664154,0.865,0.022926113597361724,0.865,0.0,0.022917651,12.5
3.731137283292885,-0.2003634181344523,12.5,575.6759423127202,4.454548042227926,0.866,0.02292611138456359,0.866,0.0,0.022917651,12.5
3.73153618699593,-0.19651866354716163,12.5,577.0050884115109,4.452810423105583,0.867,0.022926110303108465,0.867,0.0,0.022917651,12.5
3.7319346077573727,-0.1926554522455532,12.5,578.3457104726423,4.451052428669123,0.8680000000000001,0.022926108402469707,0.868,0.0,0.022917651,12.5
3.7323326185093255,-0.18877133994072762,12.5,579.6978058966,4.449271881141326,0.8690000000000001,0.022926106384585986,0.869,0.0,0.022917651,12.5
3.732730032229489,-0.1848649255767541,12.5,581.0619472268554,4.447466644570085,0.8700000000000001,0.02292610413481049,0.87,0.0,0.022917651,12.5
3.73312758691634,-0.1809355454571648,12.5,582.437840624798,4.445638994682774,0.871,0.022926101866344212,0.871,0.0,0.022917651,12.5
3.733524742186568,-0.17698212164815896,12.5,583.8249955121403,4.443785735937543,0.872,0.022926100095172895,0.872,0.0,0.022917651,12.5
3.73392064135214,-0.1730053943603194,12.5,585.2238853443594,4.441904130760278,0.8730000000000001,0.022926097820302343,0.873,0.0,0.022917651,12.5
3.734316056168723,-0.16900741494340693,12.5,586.6342544307302,4.439999327138879,0.874,0.02292609563846966,0.874,0.0,0.022917651,12.5
3.734710423253403,-0.1649846264510483,12.5,588.0556748576873,4.438065536729998,0.875,0.022926093656967985,0.875,0.0,0.022917651,12.5
3.7351036127510513,-0.16093761111187793,12.5,589.4874945471748,4.436102805326951,0.876,0.02292609134119472,0.876,0.0,0.022917651,12.5
3.7354957629609684,-0.1568655211840192,12.5,590.9302984309343,4.434110845171132,0.877,0.022926089125580026,0.877,0.0,0.022917651,12.5
3.7358847971437292,-0.15276789026025664,12.5,592.3845740106564,4.432080874266521,0.878,0.022926087010273016,0.878,0.0,0.022917651,12.5
3.736272155452021,-0.14864500225579266,12.5,593.8502432312926,4.430018945607213,0.879,0.022926084714261247,0.879,0.0,0.022917651,12.5
3.736658902128013,-0.14449580510559393,12.5,595.3270415049027,4.427928259285858,0.88,0.022926082356052584,0.88,0.0,0.022917651,12.5
3.7370443632765946,-0.14031867971814882,12.5,596.814817744394,4.425804514262497,0.8809999999999999,0.02292608027658895,0.881,0.0,0.022917651,12.5
3.737428712950427,-0.13611168072403032,12.5,598.312706610746,4.423646427562622,0.882,0.022926077943154016,0.882,0.0,0.022917651,12.5
3.7378124761766047,-0.1318752894091299,12.5,599.8218475704141,4.421456621258465,0.883,0.022926075632173325,0.883,0.0,0.022917651,12.5
3.7381955983465134,-0.12760940686886785,12.5,601.3420735032395,4.419234748893892,0.8840000000000001,0.022926073412099266,0.884,0.0,0.022917651,12.5
3.738577795351779,-0.12331504020149536,12.5,602.8741532567004,4.416980680306134,0.885,0.022926071029818605,0.885,0.0,0.022917651,12.5
3.738958754351179,-0.11898768335049431,12.5,604.4164293668509,4.414688696037063,0.8860000000000001,0.022926068634435786,0.886,0.0,0.022917651,12.5
3.7393387344403464,-0.11462876075471476,12.5,605.9707218164924,4.412361213247947,0.8870000000000001,0.0229260663499739,0.887,0.0,0.022917651,12.5
3.739717534424047,-0.11023824157946416,12.5,607.5373040761117,4.409997421070897,0.888,0.022926063984110418,0.888,0.0,0.022917651,12.5
3.7400949596513366,-0.10581518031068915,12.5,609.1166894342081,4.407595591719765,0.889,0.022926061745090997,0.889,0.0,0.022917651,12.5
3.7404704425268465,-0.10135903581046464,12.5,610.7081049411744,4.4051528991824265,0.89,0.02292606079714815,0.89,0.0,0.022917651,12.5
3.7408437952298126,-0.09686823227551797,12.5,612.3137042188451,4.402667039764939,0.8910000000000001,0.022926058423268128,0.891,0.0,0.022917651,12.5
3.741214638095,-0.09234563448103758,12.5,613.9342793295584,4.400139340703112,0.892,0.022926055970425293,0.892,0.0,0.022917651,12.5
3.74158297461655,-0.08779029773824774,12.5,615.570299946702,4.397568868340779,0.893,0.022926053526345618,0.893,0.0,0.022917651,12.5
3.741949662503226,-0.08319912807470273,12.5,617.2237023538596,4.3949559706415755,0.894,0.022926051136289052,0.894,0.0,0.022917651,12.5
3.74231450423536,-0.07856990567086658,12.5,618.8951701305228,4.392297639145155,0.895,0.022926048640815596,0.895,0.0,0.022917651,12.5
3.74267725916503,-0.07390609200178005,12.5,620.5870309986648,4.389596369030509,0.896,0.022926046176715138,0.896,0.0,0.022917651,12.5
3.7430342297757866,-0.06920374294297907,12.5,622.3007630335409,4.3868334303499275,0.897,0.022926043707768365,0.897,0.0,0.022917651,12.5
3.7433855549548727,-0.06447307726739886,12.5,624.0390124491146,4.384019591808188,0.898,0.022926041170850137,0.898,0.0,0.022917651,12.5
3.7437333798803945,-0.05970694995715668,12.5,625.8036707311264,4.38115629914784,0.899,0.022926038650547674,0.899,0.0,0.022917651,12.5
3.744077018274136,-0.05490524622705679,12.5,627.597439115455,4.378240676506294,0.9000000000000001,0.022926036116689107,0.9,0.0,0.022917651,12.5
3.7443321466859505,-0.051494964008164584,12.5,628.665052697953,4.376308488519852,0.901,0.022926035569753353,0.901,0.0,0.022917651,12.5
3.74458573213477,-0.04807523974074827,12.5,629.7514506490041,4.374360656430109,0.902,0.02292603500856697,0.902,0.0,0.022917651,12.5
3.744837527953902,-0.044646486082026725,12.5,630.8579898086527,4.372396671436529,0.903,0.02292603445571562,0.903,0.0,0.022917651,12.5
3.745087485740523,-0.04120896947203583,12.5,631.9852084061223,4.370416556823037,0.904,0.022926033908551087,0.904,0.0,0.022917651,12.5
3.7453354488823094,-0.037762754161530486,12.5,633.1340284484064,4.3684197691585025,0.905,0.02292603334907882,0.905,0.0,0.022917651,12.5
3.7455811720301115,-0.03430813391115971,12.5,634.3053910706434,4.366405624081967,0.906,0.022926032787614858,0.906,0.0,0.022917651,12.5
3.74582447970515,-0.030845599262762324,12.5,635.5005701067478,4.364373899762779,0.907,0.02292603223792255,0.907,0.0,0.022917651,12.5
3.7460651713434565,-0.027375254384300936,12.5,636.7201983672592,4.362323888339625,0.908,0.022926031685893328,0.908,0.0,0.022917651,12.5
3.7463025758602355,-0.023897646643957434,12.5,637.9646418724061,4.3602534655692935,0.9090000000000003,0.02292603112515157,0.909,0.0,0.022917651,12.5
3.7465372606963117,-0.02041356806921907,12.5,639.2340860673536,4.358165704041093,0.91,0.02292603056087201,0.91,0.0,0.022917651,12.5
3.746769302604519,-0.016923442191877462,12.5,640.5286420524054,4.356061325231928,0.911,0.022926029997717867,0.911,0.0,0.022917651,12.5
3.7469982035199694,-0.013426943203219,12.5,641.8485269504276,4.3539380025489915,0.912,0.022926029434077885,0.912,0.0,0.022917651,12.5
3.7472238899003094,-0.009923399919547774,12.5,643.1928903300384,4.351794785193089,0.9130000000000003,0.02292602886882154,0.913,0.0,0.022917651,12.5
3.7474465540551147,-0.006412901253636652,12.5,644.560095261691,4.349632515607617,0.9140000000000001,0.02292602830415881,0.914,0.0,0.022917651,12.5
3.747666148762573,-0.0028957896445710287,12.5,645.9488858632715,4.3474513585399075,0.915,0.02292602774782337,0.915,0.0,0.022917651,12.5
3.7478825427861957,0.0006286065016190348,12.5,647.3575764999363,4.345250120177411,0.9160000000000003,0.02292602719308581,0.916,0.0,0.022917651,12.5
3.7480956076922047,0.004160926964761181,12.5,648.7828436825127,4.34302763211565,0.9170000000000001,0.02292602663542968,0.917,0.0,0.022917651,12.5
3.748305454736641,0.007701819433811968,12.5,650.2220791866139,4.340783700623875,0.918,0.022926026149668047,0.918,0.0,0.022917651,12.5
3.7485124473089715,0.011252897291707925,12.5,651.6814198050864,4.338518160404801,0.9189999999999999,0.022926025665416808,0.919,0.0,0.022917651,12.5
3.748716817240382,0.014816370257423914,12.5,653.1707757266175,4.336229740499759,0.9200000000000002,0.02292602511398806,0.92,0.0,0.022917651,12.5
3.748918307621537,0.018392298185607163,12.5,654.6931314607899,4.333917357378279,0.921,0.022926024543678782,0.921,0.0,0.022917651,12.5
3.749116493128853,0.02198132518065056,12.5,656.2481726742898,4.331578642653798,0.922,0.022926024269372455,0.922,0.0,0.022917651,12.5
3.7493116371891224,0.02558452317973285,12.5,657.8358223056143,4.329213601146255,0.9230000000000002,0.022926024652263736,0.923,0.0,0.022917651,12.5
3.7495037586023683,0.029204828725699624,12.5,659.4541359147659,4.326819349074216,0.9240000000000002,0.0229260241983237,0.924,0.0,0.022917651,12.5
3.749692562236039,0.03284617614351232,12.5,661.0992626592864,4.324390798088944,0.9250000000000002,0.02292602360399874,0.925,0.0,0.022917651,12.5
3.7498777491621507,0.03650996122696076,12.5,662.7672141727462,4.321925326558771,0.926,0.022926023027271314,0.926,0.0,0.022917651,12.5
3.7500580745094076,0.04019952197062555,12.5,664.4555705983621,4.31941465443145,0.9270000000000003,0.022926022435424707,0.927,0.0,0.022917651,12.5
3.7502348062204813,0.04391427546983794,12.5,666.1594103420897,4.316864398567566,0.9280000000000002,0.022926021931086144,0.928,0.0,0.022917651,12.5
3.7504080078344675,0.047660630050317135,12.5,667.8758851926614,4.314268421772816,0.929,0.022926021521752056,0.929,0.0,0.022917651,12.5
3.7505774770512934,0.05143823055658032,12.5,669.6007593469787,4.311626269892401,0.9300000000000003,0.022926020968839427,0.93,0.0,0.022917651,12.5
3.750744237079791,0.05524779176593644,12.5,671.3343134504438,4.308941324093835,0.9310000000000002,0.022926020364843095,0.931,0.0,0.022917651,12.5
3.7509062565536113,0.0591028367080132,12.5,673.0740175948407,4.306191939595607,0.932,0.02292601977041963,0.932,0.0,0.022917651,12.5
3.7510648439067626,0.06298709940675777,12.5,674.8139801915601,4.303399596049507,0.933,0.022926019186186253,0.933,0.0,0.022917651,12.5
3.7512192028052747,0.06690338426533407,12.5,676.5670404120075,4.300558323289748,0.9340000000000003,0.022926018742678984,0.934,0.0,0.022917651,12.5
3.7513691820231223,0.07085242024294204,12.5,678.3422380596285,4.297666780859881,0.935,0.0229260182802784,0.935,0.0,0.022917651,12.5
3.751512637192143,0.07484337719348616,12.5,680.12419008387,4.294707225390983,0.9360000000000002,0.022926017669581557,0.936,0.0,0.022917651,12.5
3.7516491559113945,0.0788737610058085,12.5,681.9450866954605,4.291680493284348,0.937,0.022926017072412357,0.937,0.0,0.022917651,12.5
3.751785513657354,0.08294982012887683,12.5,683.838684599876,4.288607438561461,0.9380000000000001,0.022926016807305456,0.9380000000000001,0.0,0.022917651,12.5
3.7519272187833153,0.0870797219670387,12.5,685.8314628503132,4.285501916935251,0.9390000000000001,0.022926017132637817,0.9390000000000001,0.0,0.022917651,12.5
3.75207031381343,0.09125026806047072,12.5,687.9401962764831,4.2823613257670905,0.9400000000000002,0.022926016796694475,0.9400000000000001,0.0,0.022917651,12.5
3.7522130249397834,0.09546339818190222,12.5,690.1701694684883,4.279176616554168,0.9410000000000001,0.022926016174357047,0.9410000000000001,0.0,0.022917651,12.5
3.7523608819277756,0.09973828362356763,12.5,693.0148971443074,4.2759507281506615,0.9420000000000001,0.022926015539363506,0.9420000000000001,0.0,0.022917651,12.5
3.752498600858231,0.10404004416721782,12.5,696.4832041053329,4.272657426337035,0.9430000000000001,0.022926014896603883,0.9430000000000001,0.0,0.022917651,12.5
3.7526313542413448,0.1084210636516905,12.5,700.140859560745,4.269265000581182,0.9440000000000001,0.02292601427331021,0.9440000000000001,0.0,0.022917651,12.5
3.7528773104093944,0.11326619989980757,12.5,705.881583309817,4.265861261486085,0.9450000000000002,0.022926013694173054,0.9450000000000001,0.0,0.022917651,12.5
3.753018060195268,0.11762032927216141,12.5,712.8431526709597,4.262527703646947,0.9460000000000001,0.022926013046764584,0.9460000000000001,0.0,0.022917651,12.5
3.7531178552931634,0.12211036909164534,12.5,719.9078539918178,4.258894421096582,0.9470000000000001,0.02292601364623499,0.9470000000000001,0.0,0.022917651,12.5
3.7532089770526498,0.12664727343521495,12.5,727.0640696212555,4.255179580531676,0.9480000000000002,0.02292601316893274,0.9480000000000001,0.0,0.022917651,12.5
3.7532919264170665,0.13122905200192403,12.5,734.313868083308,4.251387161309788,0.9490000000000001,0.02292601257803729,0.9490000000000001,0.0,0.022917651,12.5
3.7533645689372537,0.13585561311552916,12.5,741.6611883754936,4.247508760317817,0.9500000000000001,0.022926012983021965,0.9500000000000001,0.0,0.022917651,12.5
3.7534269765319226,0.14052798307512945,12.5,749.1072692543058,4.243543591584175,0.9510000000000002,0.022926012655359713,0.9510000000000001,0.0,0.022917651,12.5
3.7534789267252036,0.14524510100624116,12.5,756.65318697219,4.239491857560729,0.9520000000000001,0.022926012489498993,0.9520000000000001,0.0,0.022917651,12.5
3.7535199471008536,0.1500094603702929,12.5,764.3019341568067,4.235349145639145,0.9530000000000001,0.02292601272416506,0.9530000000000001,0.0,0.022917651,12.5
3.7535458522213587,0.15483135746573315,12.5,772.0849047785945,4.231088433451341,0.9540000000000002,0.02292601297394089,0.9540000000000001,0.0,0.022917651,12.5
3.7535530848304663,0.15972631006960797,12.5,780.0580591624771,4.226679996690076,0.9550000000000001,0.022926012878812605,0.9550000000000001,0.0,0.022917651,12.5
3.75355884724076,0.1646338037644939,12.5,788.082724618913,4.222253138075625,0.9560000000000001,0.02292601276197165,0.9560000000000001,0.0,0.022917651,12.5
3.753537630341959,0.16962009972073397,12.5,796.269430628468,4.217639547146195,0.9570000000000001,0.022926013240770978,0.9570000000000001,0.0,0.022917651,12.5
3.753507233117431,0.17463929658446675,12.5,804.5423580079344,4.212956330285146,0.9580000000000002,0.022926013859521966,0.9580000000000001,0.0,0.022917651,12.5
3.75345934681684,0.1797089326344096,12.5,812.9323993881898,4.208152719914519,0.9590000000000002,0.022926014640665987,0.9590000000000001,0.0,0.022917651,12.5
3.753389229529845,0.18484018891705228,12.5,821.4591654555315,4.203198567673873,0.96,0.02292601563355821,0.96,0.0,0.022917651,12.5
3.7533086208465853,0.19000255372861916,12.5,830.0724092700177,4.198171342446646,0.961,0.022926016663044127,0.961,0.0,0.022917651,12.5
3.7531931821650524,0.19524435009251084,12.5,838.8587230066552,4.192925370429142,0.962,0.022926018001393406,0.962,0.0,0.022917651,12.5
3.7530715905490495,0.20050736057821655,12.5,847.7156212850431,4.1876335720685525,0.9630000000000001,0.022926019388135616,0.963,0.0,0.022917651,12.5
3.7529042293845603,0.20585702492167907,12.5,856.7672354964033,4.182072034330322,0.964,0.02292602203013861,0.964,0.0,0.022917651,12.5
3.7527309453616753,0.21122669123599241,12.5,865.8888912493832,4.176466803635241,0.965,0.022926024636353605,0.965,0.0,0.022917651,12.5
3.7525055698423615,0.21668161882684694,12.5,875.2126138429703,4.1705679560710145,0.9660000000000001,0.022926027980556186,0.966,0.0,0.022917651,12.5
3.7522683530229695,0.22216216695231528,12.5,884.6214572604231,4.1645961202135515,0.967,0.022926031424451012,0.967,0.0,0.022917651,12.5
3.7519768502758883,0.22771514398969173,12.5,894.2224943573618,4.158334696890879,0.9680000000000001,0.022926036272784642,0.968,0.0,0.022917651,12.5
3.751659396503253,0.2333034954874657,12.5,903.9390174267598,4.1519341014199505,0.969,0.02292604177430115,0.969,0.0,0.022917651,12.5
3.7512942276112407,0.23894571385281832,12.5,913.8203780593076,4.145288791358585,0.9700000000000002,0.022926048659692704,0.97,0.0,0.022917651,12.5
3.75087821304383,0.2446339089896912,12.5,923.8637787854246,4.13839411359037,0.9709999999999999,0.022926057035862764,0.971,0.0,0.022917651,12.5
3.7504302176890967,0.25035604578324744,12.5,934.0320140221323,4.131337566126251,0.972,0.022926066027972203,0.972,0.0,0.022917651,12.5
3.749890752311445,0.2561232433959857,12.5,944.418387380258,4.123870079619965,0.9730000000000001,0.022926076461965678,0.973,0.0,0.022917651,12.5
3.7492997242567956,0.26191146547177163,12.5,954.9451493725603,4.116175324284013,0.974,0.0229260900409097,0.974,0.0,0.022917651,12.5
3.7486462154685776,0.26771926104015775,12.5,965.6256704812183,4.108211078678152,0.975,0.022926107368375345,0.975,0.0,0.022917651,12.5
3.7478672233487647,0.2735201812666879,12.5,976.5052551284057,4.09975176084103,0.976,0.022926134159167496,0.976,0.0,0.022917651,12.5
3.746983967639812,0.27930101192378576,12.5,987.5655779272506,4.090895475906307,0.9770000000000001,0.02292616449180555,0.977,0.0,0.022917651,12.5
3.74598841457526,0.2850425618889321,12.5,998.8029491463827,4.0816292793758455,0.978,0.0229262048482443,0.978,0.0,0.022917651,12.5
3.744860302542082,0.29071294018413385,12.5,1010.2235506137293,4.071904029968265,0.979,0.022926260863396903,0.979,0.0,0.022917651,12.5
3.743571162836193,0.2962653980693621,12.5,1021.8328582838845,4.061652603405366,0.9800000000000001,0.022926339012999796,0.98,0.0,0.022917651,12.5
3.742067578795788,0.3016276651609693,12.5,1033.6256996032168,4.0507335753130755,0.981,0.022926451553442397,0.981,0.0,0.022917651,12.5
3.7403079072058945,0.3067202851715577,12.5,1045.5956037615238,4.039059842193295,0.982,0.02292661923005874,0.982,0.0,0.022917651,12.5
3.738272080555255,0.31145430829172827,12.5,1057.7443500902561,4.026640073451905,0.983,0.02292687311632974,0.983,0.0,0.022917651,12.5
3.7357951734368857,0.31559596198863255,12.5,1070.0537351109385,4.013048374732445,0.9840000000000001,0.022927333631583918,0.984,0.0,0.022917651,12.5
3.7328587636934913,0.3190277098530641,12.5,1082.506401458536,3.9983285562762436,0.985,0.022928187474519725,0.985,0.0,0.022917651,12.5
3.729287684200379,0.32150357169300986,12.5,1095.0731896730963,3.9820259577912305,0.986,0.02292991447354073,0.986,0.0,0.022917651,12.5
3.724927169098932,0.3228548243848619,12.5,1107.7198851981452,3.9636902213418512,0.9870000000000001,0.022933869461865725,0.987,0.0,0.022917651,12.5
3.7196737873093397,0.3233215050318516,12.5,1120.4120085518184,3.9426675825353774,0.988,0.02294462490247138,0.988,0.0,0.022917651,12.5
3.7135142844820184,0.32391577925372256,12.5,1133.1385745609393,3.917892871762582,0.989,0.0229744364806829,0.989,0.0,0.022917651,12.5
3.7066678213605924,0.3266909416062105,12.5,1145.9520874425077,3.88818943750879,0.99,0.02304037152242227,0.99,0.0,0.022917651,12.5
3.6996762959622416,0.3351605434514413,12.5,1158.988345891122,3.852211308837548,0.9910000000000001,0.023180789011403753,0.991,0.0,0.022917651,12.5
3.693320375125413,0.35336523033586875,12.5,1172.4471578486307,3.809040509661994,0.992,0.02346837314037374,0.992,0.0,0.022917651,12.5
3.6882912868190147,0.3840036523965736,12.5,1186.637608334139,3.7587432957225397,0.993,0.0240214156045321,0.993,0.0,0.022917651,12.5
3.6846560786633398,0.42655188232972097,12.5,1202.0099878247013,3.702111823064948,0.9940000000000001,0.024845121291272147,0.994,0.0,0.022917651,12.5
3.6820445671926914,0.47888881404706624,12.5,1219.071256725421,3.639786408782792,0.995,0.02608545394551858,0.995,0.0,0.022917651,12.5
3.680051830514563,0.5400515583970424,12.5,1238.4537276079482,3.5711102998683737,0.996,0.02773798172999088,0.996,0.0,0.022917651,12.5
3.678313966411558,0.6102368176226546,12.5,1260.9435891751048,3.4944311648362603,0.997,0.029855363510656454,0.997,0.0,0.022917651,12.5
3.676472924745989,0.6913056319828905,12.5,1287.6649791729635,3.406455760471554,0.9980000000000001,0.03213372706597579,0.998,0.0,0.022917651,12.5
3.674169581214637,0.7872423870217731,12.5,1320.3656621566997,3.301763188146278,0.999,0.03423130087169998,0.999,0.0,0.022917651,12.5
3.6707681672916297,0.9050209036885367,12.5,1362.0798192022303,3.17083661165538,1.0,0.035878616680672645,1.0,0.0,0.022917651,12.5
3.6677002753346333,0.9955571418184652,12.5,1395.4718842930613,3.0684427261780174,1.0010000000000001,0.036508165166743364,1.0010000000000001,0.0,0.022917651,12.5
3.6635531042714136,1.105531379426132,12.5,1437.6087241295456,2.9422937357690233,1.0020000000000002,0.036859497831868614,1.002,0.0,0.022917651,12.5
3.6578600922374807,1.2386628475410804,12.5,1494.7090182227332,2.7868041355027473,1.0030000000000001,0.03686766851652946,1.0030000000000001,0.0,0.022917651,12.5
3.6488541177984333,1.4238347971680296,12.5,1581.5338165673616,2.566022208486839,1.004,0.03687110874082792,1.004,0.0,0.022917651,12.5
3.645042720471769,1.5100665477526227,12.5,1742.0475120910637,2.464958820062326,1.0050000000000001,0.036874548965126375,1.0050000000000001,0.0,0.022917651,12.5
3.623727776979775,1.8639846226627443,12.5,2121.8649490618163,2.0261948974819277,1.0060000000000002,0.03687798918942483,1.006,0.0,0.022917651,12.5
3.509596935557342,3.1471638553762924,12.5,6899.142459783547,0.286906220255381,1.0070000000000001,0.0368814294137233,1.0070000000000001,0.0,0.022917651,12.5
