log_Teff,LogL_lsun,Age_gyr,Step,Log_g,Mass_msun,feh,Mass_input,Metallicity_input,Z_used,Age_input
3.540577248647506,-1.9375731928106714,3.5,292.4615535956463,4.969788289098051,0.3,0.024832356317687352,0.3,0.0,0.022917651,3.5
3.540734127599538,-1.934945465609224,3.5,292.47425909887613,4.969037464547373,0.301,0.024827672924445904,0.301,0.0,0.022917651,3.5
3.540890892315046,-1.9323153472532244,3.5,292.4882490936885,4.968283791898336,0.302,0.02482293406136899,0.302,0.0,0.022917651,3.5
3.541047540012948,-1.9296827795301907,3.5,292.50355485093655,4.967527201814191,0.30299999999999994,0.024818138378047548,0.303,0.0,0.022917651,3.5
3.5412040678211545,-1.9270477023226105,3.5,292.52020866482667,4.966767622689116,0.30400000000000005,0.02481328447987975,0.304,0.0,0.022917651,3.5
3.541360472772806,-1.9244100535293684,3.5,292.53824389512613,4.966004980554625,0.305,0.024808370926248272,0.305,0.0,0.022917651,3.5
3.5415165694171264,-1.9217780051382511,3.5,292.55789749315306,4.965246705919709,0.30600000000000005,0.02480311084283191,0.306,0.0,0.022917651,3.5
3.5416722406546945,-1.919157539531703,3.5,292.579037223786,4.964498312990131,0.307,0.024797298141409903,0.307,0.0,0.022917651,3.5
3.541827799249951,-1.9165347655990028,3.5,292.6012043726297,4.963747161160335,0.308,0.024791412811676197,0.308,0.0,0.022917651,3.5
3.541983242478073,-1.9139096275015814,3.5,292.62442379300205,4.962993183692338,0.309,0.02478545309674694,0.309,0.0,0.022917651,3.5
3.542138567525634,-1.9112820675852444,3.5,292.6487211463413,4.962236311678121,0.30999999999999994,0.02477941718261208,0.31,0.0,0.022917651,3.5
3.5422937714869795,-1.9086520263057722,3.5,292.67412293532146,4.961476473950724,0.311,0.02477330319579453,0.311,0.0,0.022917651,3.5
3.5424488513604153,-1.9060194421508314,3.5,292.7006565386092,4.960713596990907,0.312,0.024767109200893214,0.312,0.0,0.022917651,3.5
3.5426038040442043,-1.9033842515579815,3.5,292.72835024735735,4.9599476048291455,0.313,0.024760833198003266,0.313,0.0,0.022917651,3.5
3.542758626332364,-1.9007463888285507,3.5,292.7572333035395,4.959178418942709,0.314,0.024754473120006205,0.314,0.0,0.022917651,3.5
3.5429133149102543,-1.8981057860371293,3.5,292.7873359402328,4.958405958147474,0.31499999999999995,0.02474802682972232,0.315,0.0,0.022917651,3.5
3.5430678663499284,-1.8954623729364257,3.5,292.8186894239666,4.957630138484221,0.316,0.024741492116917077,0.316,0.0,0.022917651,3.5
3.543222277105253,-1.8928160768571995,3.5,292.8513260992601,4.956850873099028,0.317,0.024734866695152638,0.317,0.0,0.022917651,3.5
3.5433765435067714,-1.8901668226029773,3.5,292.8852794354855,4.956068072117431,0.318,0.02472814819847527,0.318,0.0,0.022917651,3.5
3.5435306617562925,-1.8875145323392262,3.5,292.9205840761947,4.955281642511975,0.319,0.02472133417792828,0.319,0.0,0.022917651,3.5
3.5436846279211998,-1.8848591254766418,3.5,292.9572758910668,4.9544914879627155,0.32,0.024714422097879923,0.32,0.0,0.022917651,3.5
3.5438384379284456,-1.8822005185481896,3.5,292.9953920306368,4.953697508710257,0.32099999999999995,0.024707409332154606,0.321,0.0,0.022917651,3.5
3.54399208755823,-1.8795386250794965,3.5,293.03497098398276,4.9528996014008495,0.322,0.024700293159954968,0.322,0.0,0.022917651,3.5
3.544145573358867,-1.8768780828022322,3.5,293.07658053959534,4.952102389850545,0.323,0.02469293104115171,0.323,0.0,0.022917651,3.5
3.5442989239883675,-1.8742419258044867,3.5,293.1224460696809,4.95132902226421,0.32400000000000007,0.02468464497520018,0.324,0.0,0.022917651,3.5
3.544452151933626,-1.871602904668061,3.5,293.1692664292593,4.950552299808261,0.325,0.02467624129421507,0.325,0.0,0.022917651,3.5
3.544605253974016,-1.8689609442054629,3.5,293.2170666838889,4.949772134412857,0.32600000000000007,0.024667716910643577,0.326,0.0,0.022917651,3.5
3.54475822677519,-1.8663159665742717,3.5,293.26587278421243,4.948988434898348,0.327,0.024659068627909002,0.327,0.0,0.022917651,3.5
3.5449110668840094,-1.8636678911589084,3.5,293.31571160537106,4.948201106836777,0.328,0.02465029313555572,0.328,0.0,0.022917651,3.5
3.5450637707232144,-1.861016634446035,3.5,293.3666109885442,4.947410052405941,0.329,0.02464138700413246,0.329,0.0,0.022917651,3.5
3.5452163345857928,-1.8583621098931713,3.5,293.4185997847484,4.94661517023549,0.33,0.024632346679797083,0.33,0.0,0.022917651,3.5
3.5453687546290436,-1.8557042277901,3.5,293.47170790104155,4.945816355244591,0.33100000000000007,0.024623168478625224,0.331,0.0,0.022917651,3.5
3.545521026868309,-1.8530428951125895,3.5,293.5259663492878,4.945013498470582,0.33199999999999996,0.024613848580603517,0.332,0.0,0.022917651,3.5
3.5456731471703637,-1.8503780153679397,3.5,293.58140729764864,4.944206486888062,0.333,0.024604383023286894,0.333,0.0,0.022917651,3.5
3.5458251112464216,-1.8477094884318046,3.5,293.6380641249826,4.943395203217751,0.3340000000000001,0.02459476769509778,0.334,0.0,0.022917651,3.5
3.545976914644747,-1.8450372103757158,3.5,293.6959714783428,4.942579525724458,0.3350000000000001,0.024584998328243454,0.335,0.0,0.022917651,3.5
3.5461285527428448,-1.8423610732846851,3.5,293.7551653337857,4.9417593280034415,0.336,0.024575070491225832,0.336,0.0,0.022917651,3.5
3.546280020739191,-1.8396809650642054,3.5,293.8156830607101,4.940934478754337,0.3370000000000001,0.024564979580916173,0.337,0.0,0.022917651,3.5
3.5464313622682893,-1.837007019031267,3.5,293.87662176102026,4.940115285852853,0.338,0.024554409049418472,0.338,0.0,0.022917651,3.5
3.54658277846823,-1.8343742913281151,3.5,293.93422541179086,4.9393376100764925,0.339,0.02454229583923863,0.339,0.0,0.022917651,3.5
3.546734086449485,-1.8317391437028774,3.5,293.99212678996633,4.938557081537412,0.34,0.02452996833309487,0.34,0.0,0.022917651,3.5
3.546885283734578,-1.829101520755676,3.5,294.0503327114942,4.9377736349266055,0.341,0.024517421625056404,0.341,0.0,0.022917651,3.5
3.5470363677698256,-1.8264613653825845,3.5,294.10885020197384,4.936987202926221,0.342,0.024504650658290623,0.342,0.0,0.022917651,3.5
3.5471873359223887,-1.8238186187096028,3.5,294.16768650478065,4.936197716131731,0.3430000000000001,0.024491650219216166,0.343,0.0,0.022917651,3.5
3.547338185477178,-1.821173220023536,3.5,294.22684908956893,4.935405102970442,0.344,0.02447841493138198,0.34400000000000003,0.0,0.022917651,3.5
3.547488913633621,-1.8185251066996089,3.5,294.28634566117853,4.9346092896161675,0.3450000000000001,0.024464939249057266,0.34500000000000003,0.0,0.022917651,3.5
3.5476395175022657,-1.8158742141256374,3.5,294.3461841689636,4.9338101998998285,0.3460000000000001,0.024451217450516358,0.34600000000000003,0.0,0.022917651,3.5
3.5477899941012305,-1.8132204756225583,3.5,294.40637281657024,4.933007755215779,0.34700000000000003,0.024437243631001325,0.34700000000000003,0.0,0.022917651,3.5
3.5479403403524796,-1.810563822361117,3.5,294.4669200721867,4.93220187442358,0.3480000000000001,0.024423011695344204,0.34800000000000003,0.0,0.022917651,3.5
3.5480905530779094,-1.8079041832744902,3.5,294.527834679293,4.931392473745007,0.3490000000000001,0.024408515350229462,0.34900000000000003,0.0,0.022917651,3.5
3.5482406289952566,-1.8052414849666167,3.5,294.5891256679398,4.930579466655972,0.35000000000000003,0.024393748096076053,0.35000000000000003,0.0,0.022917651,3.5
3.5483905647137886,-1.8025756516159814,3.5,294.6508023665857,4.9297627637731045,0.35100000000000003,0.024378703218517078,0.35100000000000003,0.0,0.022917651,3.5
3.5485403567297924,-1.7999066048745898,3.5,294.71287441452654,4.928942272734656,0.35200000000000004,0.02436337377945357,0.352,0.0,0.022917651,3.5
3.548690596995803,-1.7972667548052648,3.5,294.7651585887283,4.928152770926289,0.35300000000000004,0.02434682282423567,0.353,0.0,0.022917651,3.5
3.5488410889673867,-1.7946435693508433,3.5,294.8107612634949,4.927380940244066,0.35400000000000004,0.024329429821156087,0.354,0.0,0.022917651,3.5
3.548991497037251,-1.7920183644368561,3.5,294.85533069112915,4.9266067544510115,0.355,0.024311728752001785,0.355,0.0,0.022917651,3.5
3.549141819496051,-1.7893910989204496,3.5,294.8988458210808,4.92583016556598,0.356,0.024293713340481138,0.356,0.0,0.022917651,3.5
3.5492920545876894,-1.7867617305335148,3.5,294.94128502706747,4.925051124295547,0.357,0.02427537713864594,0.357,0.0,0.022917651,3.5
3.5494422005077095,-1.78413021584395,3.5,294.9826260872555,4.9242695799888265,0.358,0.024256713520982475,0.358,0.0,0.022917651,3.5
3.5495922554016177,-1.7814965102153162,3.5,295.02284616361766,4.9234854805904265,0.35900000000000004,0.02423771567825686,0.359,0.0,0.022917651,3.5
3.549742217363138,-1.7788605677648008,3.5,295.0619217804259,4.922698772591422,0.36,0.024218376611102536,0.36,0.0,0.022917651,3.5
3.549892084432392,-1.7762223413194118,3.5,295.0998288018366,4.921909400978271,0.361,0.024198689123337367,0.361,0.0,0.022917651,3.5
3.550041854594002,-1.7735817823703044,3.5,295.1365424085245,4.92111730917955,0.36200000000000004,0.024178645814996794,0.362,0.0,0.022917651,3.5
3.55019152577511,-1.7709388410251603,3.5,295.1720370733162,4.9203224390104126,0.363,0.02415823907506902,0.363,0.0,0.022917651,3.5
3.5503410958433173,-1.7682934659585128,3.5,295.20628653577387,4.9195247306146666,0.36400000000000005,0.024137461073917097,0.364,0.0,0.022917651,3.5
3.5504905626045273,-1.7656456043599147,3.5,295.23926377567705,4.9187241224043206,0.365,0.024116303755372204,0.365,0.0,0.022917651,3.5
3.550639923800702,-1.7629952018798414,3.5,295.27094098534354,4.917920550996501,0.366,0.024094758828481264,0.366,0.0,0.022917651,3.5
3.550789397529932,-1.760353737168132,3.5,295.29692965346425,4.917126367642764,0.36699999999999994,0.02407252012065858,0.367,0.0,0.022917651,3.5
3.550940328223352,-1.7577900969341633,3.5,295.2909771941496,4.916415838039156,0.368,0.024047866402529535,0.368,0.0,0.022917651,3.5
3.5510912501979144,-1.7552264171927978,3.5,295.2823601430981,4.915705234050387,0.369,0.024022853602359465,0.369,0.0,0.022917651,3.5
3.5512421633922764,-1.7526626976660686,3.5,295.2710597527626,4.914994555153094,0.37,0.023997479193717225,0.37,0.0,0.022917651,3.5
3.5513930677445167,-1.7500989380733964,3.5,295.2570570993103,4.914283800819001,0.371,0.02397174062641535,0.371,0.0,0.022917651,3.5
3.55154396319213,-1.7475351381315558,3.5,295.2403330805462,4.913572970514843,0.37199999999999994,0.023945635326230112,0.372,0.0,0.022917651,3.5
3.5516948496720224,-1.7449712975546467,3.5,295.220868413806,4.912862063702327,0.37300000000000005,0.023919160694617716,0.373,0.0,0.022917651,3.5
3.5518457271205,-1.7424074160540612,3.5,295.1986436338206,4.912151079838053,0.37399999999999994,0.023892314108426363,0.374,0.0,0.022917651,3.5
3.5519965954732666,-1.739843493338452,3.5,295.1736390905492,4.911440018373471,0.37500000000000006,0.023865092919604314,0.375,0.0,0.022917651,3.5
3.552147454665412,-1.7372795291136995,3.5,295.1458349469813,4.9107288787548065,0.37600000000000006,0.023837494454903695,0.376,0.0,0.022917651,3.5
3.552298304631409,-1.7347155230828786,3.5,295.1152111769081,4.910017660423004,0.377,0.023809516015580134,0.377,0.0,0.022917651,3.5
3.5524491453051033,-1.7321514749462261,3.5,295.0817475626611,4.909306362813665,0.378,0.023781154877088057,0.378,0.0,0.022917651,3.5
3.5525999766197054,-1.7295873844011056,3.5,295.04542369281893,4.908594985356982,0.379,0.0237524082887716,0.379,0.0,0.022917651,3.5
3.5527507985077857,-1.7270232511419736,3.5,295.00621895988047,4.9078835274776695,0.38,0.02372327347355109,0.38,0.0,0.022917651,3.5
3.552901610901264,-1.7244590748603443,3.5,294.96411255790497,4.907171988594908,0.381,0.023693747627604993,0.381,0.0,0.022917651,3.5
3.553052413731405,-1.7218948552447544,3.5,294.9190834801172,4.906460368122269,0.382,0.023663827920047214,0.382,0.0,0.022917651,3.5
3.5532032069288055,-1.7193305919807262,3.5,294.8711105164789,4.905748665467649,0.38300000000000006,0.023633511492599797,0.383,0.0,0.022917651,3.5
3.553353990423392,-1.7167662847507326,3.5,294.82017225122405,4.905036880033203,0.384,0.023602795459260775,0.384,0.0,0.022917651,3.5
3.553504764144408,-1.7142019332341585,3.5,294.76624706035835,4.90432501121527,0.385,0.023571676905967225,0.385,0.0,0.022917651,3.5
3.553655528020406,-1.7116375371072645,3.5,294.7093131091227,4.903613058404309,0.386,0.023540152890253397,0.386,0.0,0.022917651,3.5
3.553806922288596,-1.7091467709917096,3.5,294.6407208329204,4.902977256782077,0.38700000000000007,0.023507112845725323,0.387,0.0,0.022917651,3.5
3.553958453587669,-1.706671285821614,3.5,294.56798532824206,4.902357284161743,0.388,0.023473572694199137,0.388,0.0,0.022917651,3.5
3.554109999104073,-1.7041968139492853,3.5,294.4928537760718,4.901738381718041,0.38900000000000007,0.023439761040769867,0.389,0.0,0.022917651,3.5
3.554261558739005,-1.7017233483328131,3.5,294.41534282773534,4.901120542013779,0.39,0.023405679772239295,0.39,0.0,0.022917651,3.5
3.5544131323945747,-1.6992508819953867,3.5,294.33546898062406,4.900503757680523,0.391,0.023371330757966508,0.391,0.0,0.022917651,3.5
3.554564719973795,-1.696779408024544,3.5,294.25324857996947,4.899888021417798,0.392,0.023336715850068992,0.392,0.0,0.022917651,3.5
3.554716321380571,-1.6943089195714325,3.5,294.1686978205936,4.899273325992309,0.393,0.023301836883620978,0.393,0.0,0.022917651,3.5
3.554867936519691,-1.6918394098500777,3.5,294.0818327486349,4.898659664237166,0.3940000000000001,0.02326669567684899,0.394,0.0,0.022917651,3.5
3.5550195652968135,-1.6893708721366645,3.5,293.99266926325083,4.89804702905113,0.395,0.023231294031324796,0.395,0.0,0.022917651,3.5
3.5551712076184625,-1.6869032997688262,3.5,293.90122311829674,4.897435413397862,0.396,0.023195633732155642,0.396,0.0,0.022917651,3.5
3.555322863392011,-1.6844366861449453,3.5,293.8075099239823,4.896824810305179,0.397,0.023159716548171904,0.397,0.0,0.022917651,3.5
3.555474532525677,-1.6819710247234612,3.5,293.7115451485047,4.896215212864324,0.3980000000000001,0.02312354423211221,0.398,0.0,0.022917651,3.5
3.555626214928509,-1.6795063090221887,3.5,293.61334411965987,4.895606614229253,0.399,0.023087118520805982,0.399,0.0,0.022917651,3.5
3.555777910510382,-1.6770425326176484,3.5,293.5129220264323,4.8949990076159215,0.4000000000000001,0.023050441135353573,0.4,0.0,0.022917651,3.5
3.556000570677158,-1.674412981383659,3.5,293.5621588527916,4.8942291970254646,0.401,0.023048654811621362,0.401,0.0,0.022917651,3.5
3.556223201814724,-1.6717837232765007,3.5,293.61042437713616,4.89345956344279,0.4020000000000001,0.023046875980305498,0.402,0.0,0.022917651,3.5
3.5564458035585442,-1.6691547619771299,3.5,293.65770640228664,4.892690109090682,0.403,0.023045104735492424,0.403,0.0,0.022917651,3.5
3.556668375537954,-1.6665261012283936,3.5,293.703992525983,4.891920836229301,0.404,0.023043341172850524,0.404,0.0,0.022917651,3.5
3.5568909173760277,-1.663897744836337,3.5,293.7492701365558,4.8911517471569645,0.405,0.023041585389663527,0.405,0.0,0.022917651,3.5
3.557113428689454,-1.6612696966715406,3.5,293.7935264084882,4.890382844210969,0.4060000000000001,0.023039837484864725,0.406,0.0,0.022917651,3.5
3.5573359090883865,-1.6586419606704956,3.5,293.83674829786327,4.889614129768401,0.40700000000000003,0.023038097559072115,0.40700000000000003,0.0,0.022917651,3.5
3.557558358176318,-1.656014540837013,3.5,293.87892253769616,4.888845606247011,0.40800000000000003,0.02303636571462438,0.40800000000000003,0.0,0.022917651,3.5
3.55778077554993,-1.653387441243668,3.5,293.9200356331448,4.888077276106063,0.4090000000000001,0.023034642055617855,0.40900000000000003,0.0,0.022917651,3.5
3.5580031607989464,-1.6507606660332819,3.5,293.96007385659686,4.887309141847246,0.41000000000000003,0.0230329266879444,0.41000000000000003,0.0,0.022917651,3.5
3.558225513505983,-1.6481342194204456,3.5,293.9990232426297,4.886541206015585,0.4110000000000001,0.02303121971933032,0.41100000000000003,0.0,0.022917651,3.5
3.558447833246395,-1.6455081056930785,3.5,294.036869582838,4.8857734712003875,0.41200000000000003,0.02302952125937621,0.41200000000000003,0.0,0.022917651,3.5
3.558670119588117,-1.6428823292140309,3.5,294.0735984205263,4.885005940036204,0.41300000000000014,0.023027831419597924,0.41300000000000003,0.0,0.022917651,3.5
3.5588923720915,-1.640256894422728,3.5,294.10919504526174,4.884238615203834,0.41400000000000003,0.02302615031346862,0.41400000000000003,0.0,0.022917651,3.5
3.5591145903091426,-1.637631805836857,3.5,294.14364448728213,4.8834714994313275,0.41500000000000004,0.02302447805646183,0.41500000000000004,0.0,0.022917651,3.5
3.5593367737857244,-1.6350070680541005,3.5,294.17693151175695,4.8827045954950465,0.4160000000000001,0.02302281476609579,0.41600000000000004,0.0,0.022917651,3.5
3.5595589220578243,-1.6323826857539123,3.5,294.20904061289343,4.881937906220728,0.4170000000000001,0.023021160561978872,0.417,0.0,0.022917651,3.5
3.559781034653744,-1.6297586636993464,3.5,294.2399560078862,4.881171434484594,0.418,0.023019515565856276,0.418,0.0,0.022917651,3.5
3.5600031110933186,-1.6271350067389312,3.5,294.26966163070296,4.88040518321448,0.41899999999999993,0.023017879901657934,0.419,0.0,0.022917651,3.5
3.560225150887729,-1.6245117198085952,3.5,294.2981411257032,4.8796391553910015,0.42,0.02301625369554777,0.42,0.0,0.022917651,3.5
3.560447153539305,-1.6218888079336449,3.5,294.32537784108257,4.87887335404874,0.421,0.02301463707597425,0.421,0.0,0.022917651,3.5
3.560669118541323,-1.6192662762307977,3.5,294.3513548221387,4.878107782277484,0.42200000000000004,0.023013030173722318,0.422,0.0,0.022917651,3.5
3.560891045377798,-1.6166441299102698,3.5,294.3760548043534,4.877342443223475,0.42299999999999993,0.023011433121966792,0.423,0.0,0.022917651,3.5
3.561112933523278,-1.6140223742779227,3.5,294.39946020628224,4.8765773400907175,0.42400000000000004,0.023009846056327173,0.424,0.0,0.022917651,3.5
3.561334782442615,-1.6114010147374649,3.5,294.42155312224986,4.875812476142298,0.425,0.023008269114924023,0.425,0.0,0.022917651,3.5
3.561556591590752,-1.6087800567927215,3.5,294.4423153148408,4.875047854701758,0.42599999999999993,0.023006702438436867,0.426,0.0,0.022917651,3.5
3.561778360412481,-1.6061595060499605,3.5,294.46172820718056,4.8742834791545055,0.42699999999999994,0.02300514617016375,0.427,0.0,0.022917651,3.5
3.5620000883422165,-1.6035393682202912,3.5,294.47977287500146,4.873519352949254,0.42800000000000005,0.023003600456082428,0.428,0.0,0.022917651,3.5
3.562221774803742,-1.6009196491221216,3.5,294.4964300384831,4.872755479599512,0.42899999999999994,0.023002065444913327,0.429,0.0,0.022917651,3.5
3.5624434192099685,-1.598300354683695,3.5,294.51168005386353,4.8719918626851095,0.42999999999999994,0.023000541288184226,0.43,0.0,0.022917651,3.5
3.562665044487956,-1.5956981548806024,3.5,294.5223611447325,4.87124526385884,0.431,0.02299902300834379,0.431,0.0,0.022917651,3.5
3.562886639384739,-1.5931140322268462,3.5,294.52814542201617,4.870516620625697,0.432,0.02299751489549844,0.432,0.0,0.022917651,3.5
3.5631081739115116,-1.59052976122627,3.5,294.5324242428743,4.869787587569871,0.433,0.02299602412733957,0.433,0.0,0.022917651,3.5
3.5633296481605505,-1.5879453421056227,3.5,294.5351999083978,4.8690581652872025,0.434,0.022994550677355806,0.434,0.0,0.022917651,3.5
3.563551062223943,-1.585360775091191,3.5,294.53647471499085,4.868328354372327,0.435,0.02299309451908979,0.435,0.0,0.022917651,3.5
3.563772416193588,-1.5827760604088001,3.5,294.5362509543819,4.867598155418659,0.43599999999999994,0.022991655626138027,0.436,0.0,0.022917651,3.5
3.5639937101611996,-1.5801911982838162,3.5,294.5345309136361,4.8668675690184156,0.43699999999999994,0.022990233972150748,0.437,0.0,0.022917651,3.5
3.5642149442183064,-1.5776061889411468,3.5,294.53131687516725,4.8661365957626,0.43800000000000006,0.022988829530831773,0.438,0.0,0.022917651,3.5
3.5644361184562454,-1.5750210326052425,3.5,294.5266111167491,4.865405236241023,0.439,0.02298744227593838,0.439,0.0,0.022917651,3.5
3.5646572329661743,-1.5724357295000977,3.5,294.5204159115278,4.864673491042289,0.44,0.02298607218128117,0.44,0.0,0.022917651,3.5
3.564878287839061,-1.5698502798492528,3.5,294.51273352803275,4.863941360753813,0.44100000000000006,0.02298471922072392,0.441,0.0,0.022917651,3.5
3.5650992831656922,-1.5672646838757929,3.5,294.50356623018945,4.863208845961816,0.44200000000000006,0.02298338336818347,0.442,0.0,0.022917651,3.5
3.5653202190366677,-1.5646789418023515,3.5,294.49291627733027,4.862475947251327,0.443,0.022982064597629557,0.443,0.0,0.022917651,3.5
3.5655410955424056,-1.5620930538511104,3.5,294.48078592420626,4.861742665206192,0.44399999999999995,0.022980762883084715,0.444,0.0,0.022917651,3.5
3.565761912773141,-1.559507020243802,3.5,294.4671774209994,4.861009000409075,0.44500000000000006,0.022979478198624118,0.445,0.0,0.022917651,3.5
3.5659826708189235,-1.5569208412017077,3.5,294.452093013333,4.860274953441453,0.446,0.022978210518375453,0.446,0.0,0.022917651,3.5
3.5662033697696223,-1.5543345169456626,3.5,294.4355349422845,4.859540524883635,0.447,0.02297695981651879,0.447,0.0,0.022917651,3.5
3.5664240097149253,-1.551748047696054,3.5,294.41750544439594,4.858805715314746,0.44800000000000006,0.02297572606728644,0.448,0.0,0.022917651,3.5
3.5666445907443376,-1.5491614336728239,3.5,294.3980067516862,4.858070525312749,0.44900000000000007,0.022974509244962846,0.449,0.0,0.022917651,3.5
3.5668651129471844,-1.5465746750954696,3.5,294.3770410916617,4.857334955454433,0.45000000000000007,0.022973309323884417,0.45,0.0,0.022917651,3.5
3.56708557641261,-1.5439877721830448,3.5,294.3546106873285,4.85659900631542,0.451,0.022972126278439434,0.451,0.0,0.022917651,3.5
3.5673059812295786,-1.5414007251541608,3.5,294.3307177572032,4.855862678470177,0.452,0.02297096008306788,0.452,0.0,0.022917651,3.5
3.567526327486875,-1.5388135342269875,3.5,294.30536451532464,4.8551259724920035,0.453,0.02296981071226135,0.453,0.0,0.022917651,3.5
3.5677466152731045,-1.5362261996192557,3.5,294.2785531712646,4.854388888953046,0.454,0.02296867814056289,0.454,0.0,0.022917651,3.5
3.567966844676695,-1.5336387215482554,3.5,294.25028593013957,4.853651428424301,0.45500000000000007,0.022967562342566878,0.455,0.0,0.022917651,3.5
3.568187015785893,-1.5310511002308398,3.5,294.2205649926219,4.852913591475604,0.456,0.022966463292918893,0.456,0.0,0.022917651,3.5
3.568407128688772,-1.5284633358834254,3.5,294.1893925549509,4.852175378675653,0.457,0.022965380966315597,0.457,0.0,0.022917651,3.5
3.5686271834732244,-1.5258754287219924,3.5,294.1567708089439,4.851436790591997,0.458,0.022964315337504586,0.458,0.0,0.022917651,3.5
3.568847180226967,-1.5232873789620867,3.5,294.12270194200767,4.850697827791041,0.459,0.022963266381284278,0.459,0.0,0.022917651,3.5
3.5690671190375407,-1.5206991868188204,3.5,294.08718813714916,4.849958490838055,0.46,0.02296223407250379,0.46,0.0,0.022917651,3.5
3.569286999992309,-1.5181108525068732,3.5,294.0502315729868,4.849218780297166,0.461,0.02296121838606278,0.461,0.0,0.022917651,3.5
3.569506823178461,-1.5155223762404944,3.5,294.01183442376134,4.848478696731377,0.4620000000000001,0.02296021929691136,0.462,0.0,0.022917651,3.5
3.569726588683011,-1.5129337582335012,3.5,293.97199885934714,4.84773824070255,0.463,0.022959236780049946,0.463,0.0,0.022917651,3.5
3.569946296592797,-1.510344998699283,3.5,293.9307270452628,4.846997412771427,0.464,0.022958270810529126,0.464,0.0,0.022917651,3.5
3.570165946994485,-1.5077560978508007,3.5,293.88802114268225,4.846256213497621,0.4650000000000001,0.02295732136344955,0.465,0.0,0.022917651,3.5
3.5703855399745645,-1.5051670559005876,3.5,293.8438833084455,4.845514643439624,0.466,0.02295638841396181,0.466,0.0,0.022917651,3.5
3.5706050756193544,-1.5025778730607524,3.5,293.7983156950698,4.844772703154811,0.467,0.02295547193726629,0.467,0.0,0.022917651,3.5
3.570824554014999,-1.499988549542977,3.5,293.75132045076003,4.844030393199432,0.468,0.02295457190861306,0.468,0.0,0.022917651,3.5
3.5710439752474716,-1.497399085558521,3.5,293.70289971942,4.843287714128635,0.4690000000000001,0.02295368830330174,0.46900000000000003,0.0,0.022917651,3.5
3.57126333940257,-1.4948094813182207,3.5,293.65305564066267,4.842544666496448,0.47000000000000003,0.022952821096681394,0.47000000000000003,0.0,0.022917651,3.5
3.571482646565925,-1.4922197370324908,3.5,293.6017903498214,4.841801250855795,0.47100000000000003,0.022951970264150388,0.47100000000000003,0.0,0.022917651,3.5
3.5717019835060637,-1.4896459748914523,3.5,293.55916544401686,4.841073936748274,0.47200000000000003,0.022951194289037663,0.47200000000000003,0.0,0.022917651,3.5
3.5719212789928334,-1.4870763851416555,3.5,293.5192625582506,4.8403506292923035,0.47300000000000003,0.0229504487642359,0.47300000000000003,0.0,0.022917651,3.5
3.572140505309795,-1.484505850586548,3.5,293.47908037711306,4.839626100336922,0.47400000000000003,0.02294971471469902,0.47400000000000003,0.0,0.022917651,3.5
3.5723596634309205,-1.4819343845298336,3.5,293.43862283333283,4.838900367081934,0.47500000000000003,0.022948991978845038,0.47500000000000003,0.0,0.022917651,3.5
3.5725787543119814,-1.4793620000266132,3.5,293.39789378614853,4.838173446405737,0.4760000000000001,0.0229482803981114,0.47600000000000003,0.0,0.022917651,3.5
3.5727977788909735,-1.4767887098891619,3.5,293.35689702301687,4.837445354872784,0.47700000000000004,0.022947579816884816,0.47700000000000004,0.0,0.022917651,3.5
3.573016738088526,-1.4742145266925524,3.5,293.3156362612748,4.836716108740867,0.47800000000000004,0.022946890082433002,0.47800000000000004,0.0,0.022917651,3.5
3.573235632808302,-1.4716394627801164,3.5,293.27411514975364,4.835985723968161,0.4790000000000001,0.022946211044838287,0.47900000000000004,0.0,0.022917651,3.5
3.5734544639373884,-1.4690635302687587,3.5,293.2323372703507,4.835254216220109,0.48000000000000004,0.022945542556933117,0.48,0.0,0.022917651,3.5
3.5736732323466716,-1.4664867410541265,3.5,293.19030613955675,4.834521600876099,0.481,0.022944884474237242,0.481,0.0,0.022917651,3.5
3.5738919388912116,-1.4639091068156362,3.5,293.1480252099424,4.833787893035959,0.482,0.02294423665489668,0.482,0.0,0.022917651,3.5
3.574110584410593,-1.461330639021365,3.5,293.10549787160346,4.833053107526289,0.483,0.022943598959624303,0.483,0.0,0.022917651,3.5
3.574329169729276,-1.4587513489328072,3.5,293.0627274535682,4.832317258906606,0.48400000000000004,0.02294297125164205,0.484,0.0,0.022917651,3.5
3.574547695656938,-1.456171247609508,3.5,293.01971722516595,4.831580361475336,0.485,0.02294235339662467,0.485,0.0,0.022917651,3.5
3.5747661629888006,-1.453590345913569,3.5,292.9764703973594,4.830842429275636,0.486,0.022941745262645002,0.486,0.0,0.022917651,3.5
3.574984572505951,-1.451008654514034,3.5,292.9329901240412,4.830103476101067,0.48700000000000004,0.022941146720120677,0.487,0.0,0.022917651,3.5
3.575202924975655,-1.4484261838911596,3.5,292.8892795032965,4.829363515501118,0.488,0.02294055764176227,0.488,0.0,0.022917651,3.5
3.5754212211516645,-1.4458429443405743,3.5,292.845341578632,4.828622560786579,0.489,0.0229399779025228,0.489,0.0,0.022917651,3.5
3.575639461774506,-1.4432589459773224,3.5,292.80117934017176,4.827880625034767,0.49,0.022939407379548565,0.49,0.0,0.022917651,3.5
3.575857647571778,-1.4406741987398104,3.5,292.75679572582357,4.827137721094633,0.49100000000000005,0.022938845952131273,0.491,0.0,0.022917651,3.5
3.5760757792584257,-1.438088712393643,3.5,292.71219362241317,4.826393861591723,0.492,0.0229382935016614,0.492,0.0,0.022917651,3.5
3.576293857537019,-1.4355024965353638,3.5,292.66737586678965,4.825649058933007,0.493,0.022937749911582796,0.493,0.0,0.022917651,3.5
3.5765118830980174,-1.432915560596098,3.5,292.6223452469027,4.824903325311593,0.49400000000000005,0.022937215067348405,0.494,0.0,0.022917651,3.5
3.5767298566200276,-1.4303279138451,3.5,292.5771045028511,4.824156672711314,0.495,0.022936688856377205,0.495,0.0,0.022917651,3.5
3.576947778770061,-1.4277395653932137,3.5,292.53165632790564,4.823409112911202,0.496,0.022936171168012165,0.496,0.0,0.022917651,3.5
3.577165650203778,-1.4251505241962403,3.5,292.48600336950454,4.822660657489836,0.497,0.022935661893479356,0.497,0.0,0.022917651,3.5
3.5773834715657276,-1.4225607990582225,3.5,292.44014823022474,4.821911317829598,0.49800000000000005,0.022935160925848044,0.498,0.0,0.022917651,3.5
3.577601243489583,-1.4199703986346464,3.5,292.3940934687279,4.821161105120806,0.499,0.022934668159991813,0.499,0.0,0.022917651,3.5
3.5778189665983726,-1.417379331435561,3.5,292.34784160068284,4.820410030365746,0.5,0.022934183492550678,0.5,0.0,0.022917651,3.5
3.5781244069269498,-1.4145040606962362,3.5,292.5407575719496,4.819548333407497,0.501,0.022934122301313312,0.501,0.0,0.022917651,3.5
3.5784298632394185,-1.4116287055242633,3.5,292.7338489833951,4.818686615954953,0.5020000000000001,0.02293406098260287,0.502,0.0,0.022917651,3.5
3.578735335712527,-1.408753264985978,3.5,292.92711777505207,4.817824877781489,0.503,0.022933999535009734,0.503,0.0,0.022917651,3.5
3.579040824525646,-1.4058777381339005,3.5,293.1205659156633,4.816963118657119,0.504,0.02293393795710345,0.504,0.0,0.022917651,3.5
3.5793463298608046,-1.403002124006476,3.5,293.31419540321457,4.816101338348447,0.505,0.02293387624743229,0.505,0.0,0.022917651,3.5
3.579651851902749,-1.4001264216278153,3.5,293.5080082654794,4.815239536618598,0.506,0.022933814404522895,0.506,0.0,0.022917651,3.5
3.5799573908389872,-1.397250630007424,3.5,293.70200656057665,4.814377713227149,0.507,0.022933752426879863,0.507,0.0,0.022917651,3.5
3.5802629468598477,-1.3943747481399307,3.5,293.89619237754,4.813515867930064,0.508,0.022933690312985314,0.508,0.0,0.022917651,3.5
3.5805685201585247,-1.391498775004804,3.5,294.0905678369007,4.812654000479633,0.509,0.022933628061298506,0.509,0.0,0.022917651,3.5
3.580874110931139,-1.3886227095660684,3.5,294.2851350912834,4.811792110624394,0.51,0.022933565670255347,0.51,0.0,0.022917651,3.5
3.5811797193767902,-1.3857465507720093,3.5,294.4798963260157,4.8109301981090615,0.511,0.02293350313826801,0.511,0.0,0.022917651,3.5
3.5814853456976135,-1.3828702975548732,3.5,294.6748537597515,4.810068262674464,0.512,0.022933440463724433,0.512,0.0,0.022917651,3.5
3.5817909900988396,-1.379993948830562,3.5,294.8700096451087,4.809206304057457,0.5130000000000001,0.022933377644987898,0.513,0.0,0.022917651,3.5
3.582096652788852,-1.377117503498316,3.5,295.06536626932177,4.808344321990855,0.514,0.02293331468039652,0.514,0.0,0.022917651,3.5
3.582402333979248,-1.3742409604403971,3.5,295.2609259549088,4.807482316203348,0.5150000000000001,0.022933251568262772,0.515,0.0,0.022917651,3.5
3.582708033884905,-1.3713643185217563,3.5,295.4566910603552,4.806620286419429,0.5160000000000001,0.022933188306873017,0.516,0.0,0.022917651,3.5
3.5830137527240375,-1.3684875765896984,3.5,295.6526639808119,4.805758232359302,0.517,0.022933124894486952,0.517,0.0,0.022917651,3.5
3.583319490718268,-1.3656107334735392,3.5,295.8488471488114,4.804896153738809,0.5180000000000001,0.022933061329337125,0.518,0.0,0.022917651,3.5
3.5836252480926896,-1.3627337879842514,3.5,296.0452430349994,4.804034050269337,0.519,0.022932997609628393,0.519,0.0,0.022917651,3.5
3.5839310250759384,-1.3598567389141043,3.5,296.2418541488842,4.803171921657736,0.52,0.022932933733537365,0.52,0.0,0.022917651,3.5
3.5842368219002574,-1.3569795850362951,3.5,296.4386830396042,4.802309767606222,0.521,0.022932869699211874,0.521,0.0,0.022917651,3.5
3.5845426388015755,-1.3541023251045712,3.5,296.6357322967129,4.801447587812295,0.522,0.02293280550477036,0.522,0.0,0.022917651,3.5
3.5848484760195753,-1.351224957852842,3.5,296.83300455098316,4.800585381968637,0.5230000000000001,0.022932741148301346,0.523,0.0,0.022917651,3.5
3.585154333797771,-1.348347481994783,3.5,297.0305024752308,4.799723149763017,0.5240000000000001,0.022932676627862785,0.524,0.0,0.022917651,3.5
3.58546021238358,-1.3454698962234313,3.5,297.2282287851575,4.7988608908782,0.525,0.02293261194148147,0.525,0.0,0.022917651,3.5
3.5857661120284114,-1.3425921992107683,3.5,297.4261862402149,4.797998604991835,0.526,0.022932547087152422,0.526,0.0,0.022917651,3.5
3.586072032987737,-1.3397143896072952,3.5,297.6243776444886,4.797136291776358,0.5270000000000001,0.022932482062838207,0.527,0.0,0.022917651,3.5
3.586377975521179,-1.336836466041595,3.5,297.8228058476046,4.796273950898887,0.528,0.022932416866468328,0.528,0.0,0.022917651,3.5
3.586683939892593,-1.333958427119889,3.5,298.0214737456576,4.79541158202111,0.5290000000000001,0.022932351495938502,0.529,0.0,0.022917651,3.5
3.5869899263701543,-1.331080271425576,3.5,298.2203842821619,4.794549184799177,0.5300000000000001,0.022932285949110006,0.53,0.0,0.022917651,3.5
3.587295935226448,-1.3282019975187649,3.5,298.4195404490261,4.793686758883583,0.5310000000000001,0.022932220223808947,0.531,0.0,0.022917651,3.5
3.5876019667385592,-1.3253236039357934,3.5,298.6189452875517,4.792824303919053,0.532,0.022932154317825547,0.532,0.0,0.022917651,3.5
3.5879080211881655,-1.3224450891887363,3.5,298.81860188945654,4.791961819544427,0.533,0.022932088228913395,0.533,0.0,0.022917651,3.5
3.5882140988616356,-1.3195664517648995,3.5,299.0185133979239,4.791099305392526,0.5340000000000001,0.022932021954788686,0.534,0.0,0.022917651,3.5
3.5885202000501213,-1.316687690126303,3.5,299.218683008678,4.79023676109004,0.535,0.022931955493129437,0.535,0.0,0.022917651,3.5
3.588826325049666,-1.3138088027091508,3.5,299.4191139710861,4.789374186257387,0.536,0.02293188884157469,0.536,0.0,0.022917651,3.5
3.589132474161299,-1.3109297879232862,3.5,299.6198095892891,4.788511580508589,0.537,0.022931821997723686,0.537,0.0,0.022917651,3.5
3.58943864769115,-1.3080506441516344,3.5,299.8207732233605,4.787648943451137,0.538,0.022931754959135037,0.538,0.0,0.022917651,3.5
3.5897448459505483,-1.30517136974963,3.5,300.02200829049485,4.786786274685843,0.5390000000000001,0.022931687723325843,0.539,0.0,0.022917651,3.5
3.5900510692561425,-1.3022919630446315,3.5,300.22351826622685,4.78592357380671,0.54,0.022931620287770807,0.54,0.0,0.022917651,3.5
3.590357317930008,-1.2994124223353185,3.5,300.4253066856816,4.785060840400777,0.5410000000000001,0.022931552649901352,0.541,0.0,0.022917651,3.5
3.5906635922997663,-1.2965327458910743,3.5,300.6273771448575,4.784198074047971,0.542,0.022931484807104656,0.542,0.0,0.022917651,3.5
3.590969892698706,-1.2936529319513528,3.5,300.82973330194187,4.783335274320957,0.543,0.022931416756722715,0.543,0.0,0.022917651,3.5
3.5912762194659025,-1.29077297872503,3.5,301.03237887866123,4.782472440784976,0.544,0.022931348496051364,0.544,0.0,0.022917651,3.5
3.5915825729463484,-1.287892884389735,3.5,301.235317661667,4.781609572997684,0.545,0.022931280022339264,0.545,0.0,0.022917651,3.5
3.5918889534910803,-1.2850126470911676,3.5,301.43855350395734,4.780746670508989,0.546,0.022931211332786854,0.546,0.0,0.022917651,3.5
3.5921953614573114,-1.282132264942394,3.5,301.6420903263364,4.779883732860875,0.547,0.022931142424545324,0.547,0.0,0.022917651,3.5
3.5925017972085715,-1.279251736023128,3.5,301.8459321189131,4.779020759587234,0.548,0.0229310732947155,0.548,0.0,0.022917651,3.5
3.592808261114842,-1.276371058378989,3.5,302.0500829426386,4.778157750213676,0.549,0.022931003940346736,0.549,0.0,0.022917651,3.5
3.5931147535527033,-1.2734902300207425,3.5,302.25454693088585,4.77729470425736,0.5500000000000002,0.022930934358435757,0.55,0.0,0.022917651,3.5
3.5934212749054826,-1.2706092489235197,3.5,302.45932829107124,4.776431621226789,0.551,0.02293086454592551,0.551,0.0,0.022917651,3.5
3.593727825563404,-1.267728113026017,3.5,302.6644313063199,4.775568500621622,0.552,0.02293079449970391,0.552,0.0,0.022917651,3.5
3.594034405923746,-1.2648468202296703,3.5,302.8698603371765,4.774705341932478,0.553,0.022930724216602628,0.553,0.0,0.022917651,3.5
3.594341016390999,-1.2619653683978123,3.5,303.07561982336205,4.773842144640723,0.554,0.022930653693395815,0.554,0.0,0.022917651,3.5
3.5946476573770307,-1.2590837553548004,3.5,303.2817142855796,4.772978908218264,0.555,0.022930582926798768,0.555,0.0,0.022917651,3.5
3.59495432930126,-1.2562019788851284,3.5,303.48814832736895,4.772115632127336,0.556,0.022930511913466595,0.556,0.0,0.022917651,3.5
3.595261032590823,-1.2533200367325046,3.5,303.6949266370125,4.771252315820265,0.557,0.02293044064999285,0.557,0.0,0.022917651,3.5
3.5955677676807563,-1.2504379265989116,3.5,303.9020539894946,4.770388958739259,0.5580000000000002,0.02293036913290807,0.558,0.0,0.022917651,3.5
3.595874535014178,-1.2475556461436366,3.5,304.1095352485149,4.769525560316155,0.559,0.022930297358678336,0.559,0.0,0.022917651,3.5
3.596181335042478,-1.2446731929822759,3.5,304.31737536855826,4.7686621199721895,0.56,0.022930225323703774,0.56,0.0,0.022917651,3.5
3.596488168225512,-1.2417905646857095,3.5,304.5255793970231,4.767798637117743,0.5610000000000002,0.022930153024316995,0.561,0.0,0.022917651,3.5
3.5967950350317994,-1.238907758779049,3.5,304.7341524764094,4.766935111152087,0.562,0.022930080456781507,0.562,0.0,0.022917651,3.5
3.5971019359387295,-1.2360247727405533,3.5,304.94309984656957,4.76607154146312,0.563,0.022930007617290086,0.5630000000000001,0.0,0.022917651,3.5
3.5974088714327714,-1.2331416040005168,3.5,305.1524268470227,4.7652079274271,0.5640000000000001,0.0229299345019631,0.5640000000000001,0.0,0.022917651,3.5
3.597715842009692,-1.2302582499401211,3.5,305.3621389193359,4.764344268408362,0.5650000000000001,0.022929861106846743,0.5650000000000001,0.0,0.022917651,3.5
3.598022848174778,-1.227374707890257,3.5,305.57224160957367,4.763480563759033,0.5660000000000002,0.022929787427911318,0.5660000000000001,0.0,0.022917651,3.5
3.5983298904430683,-1.2244909751303126,3.5,305.78274057081865,4.762616812818742,0.5670000000000001,0.022929713461049335,0.5670000000000001,0.0,0.022917651,3.5
3.598636969339586,-1.2216070488869237,3.5,305.99364156576513,4.76175301491431,0.5680000000000001,0.022929639202073696,0.5680000000000001,0.0,0.022917651,3.5
3.598944085399583,-1.2187229263326882,3.5,306.20495046938885,4.760889169359444,0.5690000000000001,0.022929564646715684,0.5690000000000001,0.0,0.022917651,3.5
3.5992512391687947,-1.2158386045848466,3.5,306.4166732716952,4.7600252754544154,0.5700000000000001,0.022929489790623037,0.5700000000000001,0.0,0.022917651,3.5
3.5995584312036932,-1.2129540807039174,3.5,306.62881608054784,4.759161332485723,0.5710000000000001,0.022929414629357832,0.5710000000000001,0.0,0.022917651,3.5
3.5998656620717515,-1.2100693516922965,3.5,306.84138512458225,4.758297339725758,0.5720000000000002,0.02292933915839441,0.5720000000000001,0.0,0.022917651,3.5
3.6001729323517195,-1.2071844144928126,3.5,307.0543867562055,4.75743329643246,0.5730000000000001,0.022929263373117174,0.5730000000000001,0.0,0.022917651,3.5
3.600480242633909,-1.204299265987243,3.5,307.2678274546858,4.756569201848938,0.5740000000000001,0.022929187268818346,0.5740000000000001,0.0,0.022917651,3.5
3.600787593520475,-1.201413902994778,3.5,307.4817138293353,4.755705055203122,0.5750000000000001,0.02292911084069568,0.5750000000000001,0.0,0.022917651,3.5
3.6010949856257213,-1.1985283222704446,3.5,307.6960526227892,4.754840855707356,0.5760000000000001,0.022929034083850032,0.5760000000000001,0.0,0.022917651,3.5
3.6014024195764076,-1.1956425205034822,3.5,307.9108507143848,4.753976602558025,0.577,0.02292895699328295,0.577,0.0,0.022917651,3.5
3.6017098960120615,-1.1927564943156623,3.5,308.12611512364293,4.7531122949351285,0.578,0.02292887956389412,0.578,0.0,0.022917651,3.5
3.6020174155853137,-1.1898702402595662,3.5,308.34185301385753,4.752247932001882,0.579,0.022928801790478768,0.579,0.0,0.022917651,3.5
3.6023249789622285,-1.1869837548168019,3.5,308.55807169579543,4.751383512904263,0.5800000000000001,0.022928723667724953,0.58,0.0,0.022917651,3.5
3.6026325868226534,-1.184097034396167,3.5,308.77477863151074,4.750519036770583,0.581,0.02292864519021083,0.581,0.0,0.022917651,3.5
3.6029402398605783,-1.1812100753317594,3.5,308.99198143827897,4.74965450271102,0.582,0.02292856635240176,0.582,0.0,0.022917651,3.5
3.603247938784505,-1.1783228738810203,3.5,309.209687892654,4.748789909817142,0.583,0.022928487148647383,0.583,0.0,0.022917651,3.5
3.603555684317827,-1.1754354262227231,3.5,309.4279059346531,4.747925257161428,0.584,0.022928407573178555,0.584,0.0,0.022917651,3.5
3.6038634771992233,-1.1725477284548949,3.5,309.64664367207473,4.747060543796752,0.585,0.022928327620104227,0.585,0.0,0.022917651,3.5
3.6041713181830684,-1.1696597765926713,3.5,309.8659093849536,4.746195768755869,0.5860000000000001,0.02292824728340822,0.586,0.0,0.022917651,3.5
3.6044792080398436,-1.1667715665660847,3.5,310.08571153015913,4.74533093105088,0.587,0.022928166556945843,0.587,0.0,0.022917651,3.5
3.604787147556575,-1.1638830942177791,3.5,310.30605874614093,4.744466029672671,0.588,0.022928085434440505,0.588,0.0,0.022917651,3.5
3.60509513753728,-1.1609943553006543,3.5,310.52695985782896,4.743601063590345,0.589,0.022928003909480077,0.589,0.0,0.022917651,3.5
3.6054031788034244,-1.1581053454754275,3.5,310.7484238816929,4.742736031750633,0.59,0.0229279219755133,0.59,0.0,0.022917651,3.5
3.605711272194402,-1.1552160603081216,3.5,310.97046003096676,4.741870933077272,0.5910000000000001,0.022927839625845922,0.591,0.0,0.022917651,3.5
3.606019418568023,-1.1523264952674672,3.5,311.1930777210461,4.741005766470394,0.592,0.02292775685363681,0.592,0.0,0.022917651,3.5
3.606327692492651,-1.1494371473649847,3.5,311.4165326457152,4.740141327010677,0.593,0.022927673660439244,0.593,0.0,0.022917651,3.5
3.606636105948759,-1.1465479289391722,3.5,311.6406619392109,4.7392775749418,0.5940000000000001,0.02292759003532856,0.594,0.0,0.022917651,3.5
3.6069445878745405,-1.1436582838973877,3.5,311.8651610262489,4.738413670129642,0.595,0.02292750595845987,0.595,0.0,0.022917651,3.5
3.6072531398626912,-1.1407682023159706,3.5,312.09003850872443,4.7375496090211895,0.5960000000000001,0.02292742141932467,0.596,0.0,0.022917651,3.5
3.6075617635556894,-1.137877673961071,3.5,312.3153032574056,4.7366853879523685,0.597,0.022927336407085993,0.597,0.0,0.022917651,3.5
3.6078704606477627,-1.134986688276436,3.5,312.5409644225227,4.735821003143676,0.598,0.022927250910565463,0.598,0.0,0.022917651,3.5
3.608179232886931,-1.1320952343706108,3.5,312.7670314448601,4.734956450695595,0.599,0.02292716491822976,0.599,0.0,0.022917651,3.5
3.6084880820771694,-1.1292033010035296,3.5,312.99351406738157,4.734091726583793,0.6,0.02292707841817639,0.6,0.0,0.022917651,3.5
3.6088561678954454,-1.1263314858631455,3.5,313.1023375334996,4.7333617221308195,0.601,0.022927072725916018,0.601,0.0,0.022917651,3.5
3.609224309183912,-1.1234592414645221,3.5,313.2117262175367,4.732631510308444,0.602,0.022927067004711484,0.602,0.0,0.022917651,3.5
3.609592506744871,-1.1205865615990063,3.5,313.32168829462245,4.7319010881173424,0.603,0.022927061254144152,0.603,0.0,0.022917651,3.5
3.6099607613961746,-1.1177134399376325,3.5,313.4322320983073,4.731170452500069,0.6040000000000001,0.022927055473787275,0.604,0.0,0.022917651,3.5
3.610329073971596,-1.1148398700281927,3.5,313.54336612441773,4.73043960033964,0.605,0.022927049663205783,0.605,0.0,0.022917651,3.5
3.610697445321229,-1.1119658452922219,3.5,313.6550990350262,4.7297085284580795,0.6060000000000001,0.0229270438219561,0.606,0.0,0.022917651,3.5
3.6110658763118795,-1.1090913590218963,3.5,313.7674396625371,4.72897723361492,0.607,0.022927037949585945,0.607,0.0,0.022917651,3.5
3.611434367827484,-1.1062164043768368,3.5,313.8803970138944,4.72824571250566,0.608,0.022927032045634062,0.608,0.0,0.022917651,3.5
3.6118029207695357,-1.1033409743808187,3.5,313.9939802749145,4.727513961760169,0.6090000000000001,0.022927026109630072,0.609,0.0,0.022917651,3.5
3.612171536057516,-1.1004650619183816,3.5,314.1081988147486,4.726781977941056,0.61,0.02292702014109418,0.61,0.0,0.022917651,3.5
3.6125402146293535,-1.09758865973134,3.5,314.2230621904796,4.726049757541978,0.6110000000000001,0.022927014139536985,0.611,0.0,0.022917651,3.5
3.6129089574418836,-1.0947117604151864,3.5,314.3385801518577,4.725317296985911,0.612,0.022927008104459214,0.612,0.0,0.022917651,3.5
3.6132777654713277,-1.0918343564153836,3.5,314.4547626461806,4.7245845926233505,0.613,0.022927002035351474,0.613,0.0,0.022917651,3.5
3.6136466397137896,-1.088956440023548,3.5,314.57161982332167,4.723851640730468,0.614,0.022926995931694005,0.614,0.0,0.022917651,3.5
3.614015581185762,-1.0860780033735111,3.5,314.68916204091374,4.723118437507216,0.615,0.0229269897929564,0.615,0.0,0.022917651,3.5
3.6143845909246513,-1.083199038437263,3.5,314.8073998696918,4.72238497907536,0.6160000000000002,0.022926983618597352,0.616,0.0,0.022917651,3.5
3.614753669989318,-1.080319537020768,3.5,314.9263440990021,4.721651261476462,0.617,0.02292697740806434,0.617,0.0,0.022917651,3.5
3.6151228194606357,-1.0774394907596507,3.5,315.0460057424828,4.720917280669796,0.6180000000000001,0.022926971160793376,0.618,0.0,0.022917651,3.5
3.6154920404420627,-1.0745588911147461,3.5,315.16639604392293,4.720183032530194,0.619,0.02292696487620868,0.619,0.0,0.022917651,3.5
3.61586133406024,-1.0716777293675104,3.5,315.2875264833054,4.719448512845835,0.6200000000000001,0.022926958553722367,0.62,0.0,0.022917651,3.5
3.6162307014655974,-1.068795996615285,3.5,315.4094087830419,4.7187137173159535,0.6210000000000001,0.022926952192734152,0.621,0.0,0.022917651,3.5
3.61660014383299,-1.0659136837664123,3.5,315.5320549144065,4.7179786415484815,0.622,0.022926945792631,0.622,0.0,0.022917651,3.5
3.6169696623623473,-1.0630307815351925,3.5,315.6554771041746,4.717243281057609,0.6230000000000001,0.022926939352786783,0.623,0.0,0.022917651,3.5
3.617339258279346,-1.0601472804366785,3.5,315.7796878414761,4.716507631261278,0.6240000000000001,0.022926932872561968,0.624,0.0,0.022917651,3.5
3.6177089328361043,-1.0572631707813036,3.5,315.90469988487,4.715771687478573,0.625,0.022926926351303178,0.625,0.0,0.022917651,3.5
3.618078687311899,-1.0543784426693343,3.5,316.0305262696498,4.715035444927056,0.6260000000000001,0.022926919788342912,0.626,0.0,0.022917651,3.5
3.6184485230139063,-1.0514930859851397,3.5,316.15718031538654,4.714298898719991,0.6270000000000001,0.022926913182999067,0.627,0.0,0.022917651,3.5
3.618818441277964,-1.0486070903912745,3.5,316.28467563372146,4.713562043863482,0.628,0.022926906534574635,0.628,0.0,0.022917651,3.5
3.619188443469367,-1.0457204453223663,3.5,316.4130261364157,4.712824875253528,0.629,0.022926899842357195,0.629,0.0,0.022917651,3.5
3.6195585309836766,-1.0428331399787978,3.5,316.5422460436676,4.712087387672967,0.6300000000000001,0.022926893105618535,0.63,0.0,0.022917651,3.5
3.6199287052475704,-1.0399451633201782,3.5,316.6723498927081,4.7113495757883195,0.6310000000000001,0.022926886323614247,0.631,0.0,0.022917651,3.5
3.620298967719709,-1.0370565040585986,3.5,316.80335254668563,4.710611434146537,0.632,0.022926879495583186,0.632,0.0,0.022917651,3.5
3.6206693849858107,-1.0341675172479161,3.5,316.9351306796035,4.709873584149783,0.633,0.02292687262369095,0.633,0.0,0.022917651,3.5
3.621040024737645,-1.0312785558709026,3.5,317.0675587057645,4.709136649545265,0.6340000000000001,0.02292686571002368,0.634,0.0,0.022917651,3.5
3.621410759068032,-1.0283888744584904,3.5,317.2009280374819,4.708399373220808,0.6350000000000001,0.022926858747847,0.635,0.0,0.022917651,3.5
3.6217815896221355,-1.0254984604859054,3.5,317.3352550484501,4.707661749232314,0.6360000000000001,0.02292685173631711,0.636,0.0,0.022917651,3.5
3.6221525180834946,-1.0226073011361942,3.5,317.47055649433105,4.706923771497009,0.637,0.022926844674570523,0.637,0.0,0.022917651,3.5
3.6225235461751555,-1.0197153832916532,3.5,317.6068495239585,4.706185433789397,0.638,0.022926837561723486,0.638,0.0,0.022917651,3.5
3.6228946756608327,-1.0168226935249551,3.5,317.7441516909379,4.705446729737031,0.639,0.022926830396871392,0.639,0.0,0.022917651,3.5
3.623265908346119,-1.0139292180899608,3.5,317.88248096565997,4.704707652816164,0.64,0.02292682317908815,0.64,0.0,0.022917651,3.5
3.6236372460797335,-1.0110349429122,3.5,318.02185574774455,4.703968196347224,0.6410000000000001,0.02292681590742555,0.641,0.0,0.022917651,3.5
3.624008690754816,-1.008139853579008,3.5,318.1622948789325,4.70322835349014,0.642,0.022926808580912603,0.642,0.0,0.022917651,3.5
3.6243802443102737,-1.0052439353293088,3.5,318.3038176564465,4.702488117239485,0.643,0.022926801198554836,0.643,0.0,0.022917651,3.5
3.624751908732169,-1.0023471730430216,3.5,318.4464438468371,4.701747480419456,0.644,0.022926793759333597,0.644,0.0,0.022917651,3.5
3.6251236860551637,-0.9994495512300794,3.5,318.590193700339,4.701006435678657,0.645,0.022926786262205307,0.645,0.0,0.022917651,3.5
3.625495578364013,-0.9965510540190436,3.5,318.7350879657565,4.700264975484701,0.6460000000000001,0.0229267787061007,0.646,0.0,0.022917651,3.5
3.6258675877951174,-0.9936516651452937,3.5,318.88114790590214,4.6995230921185955,0.647,0.022926771089924008,0.647,0.0,0.022917651,3.5
3.6262397165381337,-0.990751367938776,3.5,319.0283953136129,4.698780777668941,0.648,0.022926763412552155,0.648,0.0,0.022917651,3.5
3.62661196683764,-0.987850145311292,3.5,319.1768525283687,4.698038024025888,0.6489999999999999,0.0229267556728339,0.649,0.0,0.022917651,3.5
3.626984340994876,-0.9849479797433044,3.5,319.3265424535403,4.6972948228748805,0.65,0.02292674786958893,0.65,0.0,0.022917651,3.5
3.6273568413695343,-0.982044853270241,3.5,319.4774885742947,4.696551165690152,0.6510000000000001,0.022926740001606962,0.651,0.0,0.022917651,3.5
3.6277294703816345,-0.979140747468274,3.5,319.6297149761863,4.695807043727982,0.652,0.02292673206764676,0.652,0.0,0.022917651,3.5
3.6281022305134587,-0.9762356434395484,3.5,319.7832463644665,4.695062448019681,0.653,0.022926724066435165,0.653,0.0,0.022917651,3.5
3.6284751243115707,-0.9733295217968393,3.5,319.93810808414304,4.6943173693643105,0.6540000000000001,0.022926715996666045,0.654,0.0,0.022917651,3.5
3.628848154388908,-0.9704223626476074,3.5,320.0943261408229,4.693571798321115,0.655,0.022926707856999216,0.655,0.0,0.022917651,3.5
3.6292213234269597,-0.9675141455774281,3.5,320.2519272223767,4.692825725201663,0.6560000000000001,0.022926699646059347,0.656,0.0,0.022917651,3.5
3.629594634178028,-0.9646048496327633,3.5,320.4109387214602,4.692079140061661,0.657,0.022926691362434776,0.657,0.0,0.022917651,3.5
3.6299680894675825,-0.9616944533030468,3.5,320.57138875893435,4.691332032692459,0.658,0.02292668300467631,0.658,0.0,0.022917651,3.5
3.6303417258527237,-0.9587830113903754,3.5,320.733241958683,4.690584604192338,0.659,0.02292667456785173,0.659,0.0,0.022917651,3.5
3.630715784602297,-0.9558710316661916,3.5,320.8960780582803,4.689838327868223,0.66,0.022926666026987858,0.66,0.0,0.022917651,3.5
3.631090003359258,-0.9529578726570607,3.5,321.06043869698885,4.689091512268051,0.6610000000000001,0.022926657408440746,0.661,0.0,0.022917651,3.5
3.631464385450645,-0.9500435098420842,3.5,321.2263555745845,4.688344146178644,0.662,0.02292664871059512,0.662,0.0,0.022917651,3.5
3.631838934296376,-0.9471279180158015,3.5,321.3938612758219,4.687596218073778,0.663,0.022926639931790616,0.663,0.0,0.022917651,3.5
3.632213653412519,-0.9442110712641318,3.5,321.56298930153537,4.686847716103185,0.664,0.022926631070320197,0.664,0.0,0.022917651,3.5
3.632588546414689,-0.941292942939296,3.5,321.7337741010596,4.686098628081082,0.6650000000000001,0.022926622124428482,0.665,0.0,0.022917651,3.5
3.632963617021601,-0.9383735056336644,3.5,321.906251106037,4.685348941474216,0.666,0.022926613092310047,0.666,0.0,0.022917651,3.5
3.6333388690587665,-0.9354527311524804,3.5,322.080456765682,4.684598643389386,0.667,0.022926603972107613,0.667,0.0,0.022917651,3.5
3.63371430646236,-0.9325305904853974,3.5,322.2564285835751,4.683847720560429,0.6680000000000001,0.02292659476191018,0.668,0.0,0.022917651,3.5
3.6340899332832435,-0.9296070537767739,3.5,322.4342051560648,4.68309615933464,0.6689999999999999,0.022926585459751056,0.669,0.0,0.022917651,3.5
3.634465753691183,-0.9266820902946603,3.5,322.6138262123612,4.68234394565858,0.67,0.022926576063605836,0.67,0.0,0.022917651,3.5
3.6348417719792327,-0.9237556683984098,3.5,322.7953326564067,4.6815910650632775,0.6710000000000002,0.022926566571390243,0.671,0.0,0.022917651,3.5
3.635217992568336,-0.9208277555048423,3.5,322.9787666106184,4.680837502648747,0.672,0.022926556980957923,0.672,0.0,0.022917651,3.5
3.635594420012114,-0.9178983180528848,3.5,323.16417146159955,4.680083243067819,0.673,0.022926547290098104,0.673,0.0,0.022917651,3.5
3.6359710590018905,-0.9149673214666088,3.5,323.3515919079241,4.679328270509244,0.674,0.02292653749653316,0.674,0.0,0.022917651,3.5
3.636347914371926,-0.9120347301165772,3.5,323.5410740101056,4.678572568680014,0.675,0.02292652759791606,0.675,0.0,0.022917651,3.5
3.63672499110491,-0.909100507279412,3.5,323.7326652428674,4.677816120786864,0.676,0.022926517591827726,0.676,0.0,0.022917651,3.5
3.637102294337705,-0.9061646150954843,3.5,323.9264145498381,4.6770589095169415,0.677,0.022926507475774217,0.677,0.0,0.022917651,3.5
3.6374798293673445,-0.9032270145246268,3.5,324.1223724008062,4.676300917017539,0.6780000000000002,0.022926497247183843,0.678,0.0,0.022917651,3.5
3.637857781156245,-0.9002879904230481,3.5,324.32020289535103,4.675543167872634,0.679,0.022926486893944064,0.679,0.0,0.022917651,3.5
3.6382360398136933,-0.8973472666661418,3.5,324.5202229869865,4.674784946552374,0.68,0.02292647641943904,0.68,0.0,0.022917651,3.5
3.638614552930959,-0.8944046901449524,3.5,324.7226169056573,4.674025890364854,0.6810000000000002,0.022926465823892676,0.681,0.0,0.022917651,3.5
3.6389933267204966,-0.8914602156255561,3.5,324.927442606664,4.673265978927386,0.682,0.022926455104349847,0.682,0.0,0.022917651,3.5
3.639372367598651,-0.8885137963894756,3.5,325.1347599473695,4.672505191188328,0.683,0.022926444257758406,0.683,0.0,0.022917651,3.5
3.639751682194091,-0.8855653841722736,3.5,325.34463076587565,4.671743505399422,0.6840000000000002,0.022926433280965247,0.684,0.0,0.022917651,3.5
3.6401312773566645,-0.8826149290990724,3.5,325.5571189636373,4.670980899086732,0.685,0.022926422170712033,0.685,0.0,0.022917651,3.5
3.6405111601666995,-0.8796623796168193,3.5,325.77229059224635,4.67021734902013,0.6860000000000002,0.02292641092363079,0.686,0.0,0.022917651,3.5
3.6408913379447814,-0.8767076824231045,3.5,325.9902139446324,4.669452831181212,0.687,0.022926399536239275,0.687,0.0,0.022917651,3.5
3.6412718182620356,-0.873750782391325,3.5,326.21095965094645,4.6686873207295845,0.6880000000000001,0.022926388004936054,0.6880000000000001,0.0,0.022917651,3.5
3.6416526089509276,-0.8707916224919732,3.5,326.43460077940796,4.6679207919673935,0.6890000000000002,0.02292637632599538,0.6890000000000001,0.0,0.022917651,3.5
3.6420337181166493,-0.8678301437098142,3.5,326.6612129424196,4.6671532183019995,0.6900000000000001,0.02292636449556178,0.6900000000000001,0.0,0.022917651,3.5
3.6424151541490843,-0.8648662849567011,3.5,326.89087440827325,4.6663845722067006,0.6910000000000001,0.022926352509644362,0.6910000000000001,0.0,0.022917651,3.5
3.642796925735424,-0.8618999829797535,3.5,327.12366621879323,4.6656148251793494,0.6920000000000001,0.022926340364110804,0.6920000000000001,0.0,0.022917651,3.5
3.6431790418734504,-0.8589311722646134,3.5,327.3596723132885,4.664843947698765,0.6930000000000002,0.022926328054681047,0.6930000000000001,0.0,0.022917651,3.5
3.643561614978137,-0.8559603458341488,3.5,327.598622273485,4.664072881999108,0.6940000000000002,0.02292631560424569,0.6940000000000001,0.0,0.022917651,3.5
3.6439445627190747,-0.8529869062223021,3.5,327.84094145993794,4.6633007016254515,0.6950000000000001,0.022926302984288074,0.6950000000000001,0.0,0.022917651,3.5
3.644327886994391,-0.8500107337737017,3.5,328.0867533270499,4.662527294548182,0.6960000000000002,0.02292629018787797,0.6960000000000001,0.0,0.022917651,3.5
3.6447115983402663,-0.8470317520181362,3.5,328.3361556069772,4.6617526264416895,0.6970000000000001,0.022926277210077874,0.6970000000000001,0.0,0.022917651,3.5
3.645095707689682,-0.8440498816054802,3.5,328.589249712527,4.660976661687642,0.6980000000000001,0.022926264045764352,0.6980000000000001,0.0,0.022917651,3.5
3.6454802263912733,-0.841065040168833,3.5,328.8461409120739,4.660199363313554,0.6990000000000002,0.022926250689619176,0.6990000000000001,0.0,0.022917651,3.5
3.6458651662292763,-0.8380771421797746,3.5,329.10693851454636,4.659420692927804,0.7,0.02292623713611999,0.7000000000000001,0.0,0.022917651,3.5
3.646270642458021,-0.8353609277946898,3.5,329.286916338547,4.658906302926617,0.7010000000000002,0.022926236061184834,0.7010000000000001,0.0,0.022917651,3.5
3.646676244685287,-0.8326438309350355,3.5,329.4679895106029,4.658391534433356,0.7020000000000001,0.02292623497922159,0.7020000000000001,0.0,0.022917651,3.5
3.647081974784866,-0.8299258384770534,3.5,329.65017432022967,4.657876381819261,0.7030000000000001,0.02292623389012573,0.7030000000000001,0.0,0.022917651,3.5
3.6474878346678925,-0.8272069370354618,3.5,329.8334873815522,4.6573608393434025,0.7039999999999998,0.022926232793790666,0.704,0.0,0.022917651,3.5
3.647893826283773,-0.8244871129569067,3.5,330.01794564143137,4.656844901149876,0.705,0.022926231690107643,0.705,0.0,0.022917651,3.5
3.6482999516211514,-0.8217663523132205,3.5,330.2035663878353,4.656328561264911,0.706,0.022926230578965756,0.706,0.0,0.022917651,3.5
3.6487062127089036,-0.8190446408944694,3.5,330.3903672584653,4.65581181359389,0.7070000000000001,0.02292622946025183,0.707,0.0,0.022917651,3.5
3.649112698651854,-0.8163221931688225,3.5,330.57815280779676,4.655295228437373,0.7080000000000001,0.02292622823118129,0.708,0.0,0.022917651,3.5
3.6495193309766427,-0.8135987862459256,3.5,330.7671431338745,4.654778269590278,0.709,0.022926226988673627,0.709,0.0,0.022917651,3.5
3.6499261060393886,-0.8108743899942216,3.5,330.95737135407916,4.654260892386108,0.71,0.022926225739540392,0.71,0.0,0.022917651,3.5
3.650333026046343,-0.8081489891219996,3.5,331.1488566021091,4.6537430903584625,0.711,0.02292622448367916,0.711,0.0,0.022917651,3.5
3.6507400932494614,-0.805422568020772,3.5,331.3416184080291,4.653224856906988,0.712,0.022926223220985413,0.712,0.0,0.022917651,3.5
3.651147309947591,-0.8026951107570282,3.5,331.5356767085867,4.652706185293885,0.7130000000000001,0.02292622195135243,0.713,0.0,0.022917651,3.5
3.6515546784877007,-0.7999666010637311,3.5,331.73105185785397,4.652187068640321,0.7140000000000001,0.02292622067467128,0.714,0.0,0.022917651,3.5
3.6519622012661443,-0.797237022331544,3.5,331.9277646382041,4.651667499922709,0.715,0.02292621939083073,0.715,0.0,0.022917651,3.5
3.6523698807299705,-0.7945063575997791,3.5,332.1258362716368,4.651147471968892,0.7159999999999999,0.022926218099717188,0.716,0.0,0.022917651,3.5
3.6527777193782645,-0.7917745895470584,3.5,332.32528843146457,4.650626977454187,0.717,0.022926216801214656,0.717,0.0,0.022917651,3.5
3.653185719763543,-0.789041700481673,3.5,332.5261432543746,4.650106008897305,0.7180000000000001,0.022926215495204648,0.718,0.0,0.022917651,3.5
3.6535938844931892,-0.786307672331634,3.5,332.728423352878,4.649584558656155,0.719,0.022926214181566137,0.719,0.0,0.022917651,3.5
3.654002216230934,-0.7835724866343994,3.5,332.9321518281648,4.6490626189234865,0.7200000000000001,0.022926212860175488,0.72,0.0,0.022917651,3.5
3.654410717698385,-0.7808361245262662,3.5,333.1373522833756,4.648540181722411,0.7209999999999999,0.02292621153090635,0.721,0.0,0.022917651,3.5
3.65481947900076,-0.7780984894303151,3.5,333.34398012452607,4.648017510981728,0.722,0.022926210238461538,0.722,0.0,0.022917651,3.5
3.655228517300416,-0.7753595532679722,3.5,333.5520535064005,4.647494647260222,0.723,0.02292620898905679,0.723,0.0,0.022917651,3.5
3.65563773363751,-0.7726193878128987,3.5,333.76167950800453,4.6469712663839,0.724,0.022926207729878682,0.724,0.0,0.022917651,3.5
3.656047130962686,-0.7698779726918094,3.5,333.97288386117856,4.64644735978186,0.7250000000000001,0.02292620646076524,0.725,0.0,0.022917651,3.5
3.6564567122921567,-0.7671352870787184,3.5,334.1856928695329,4.645922918692754,0.726,0.02292620518155088,0.726,0.0,0.022917651,3.5
3.6568664807095264,-0.7643913096822941,3.5,334.4001334244176,4.645397934159474,0.727,0.022926203892066347,0.727,0.0,0.022917651,3.5
3.657276439367689,-0.7616460187327898,3.5,334.61623302143033,4.6448723970236365,0.728,0.022926202592138543,0.728,0.0,0.022917651,3.5
3.6576865914907852,-0.7588993919685297,3.5,334.8340197774842,4.644346297919913,0.729,0.022926201281590487,0.729,0.0,0.022917651,3.5
3.6580969403762236,-0.7561514066219354,3.5,335.0535224484572,4.643819627270141,0.73,0.022926199960241173,0.73,0.0,0.022917651,3.5
3.658507489396778,-0.7534020394050721,3.5,335.2747704474469,4.643292375277253,0.7310000000000001,0.022926198627905445,0.731,0.0,0.022917651,3.5
3.658918242002746,-0.7506512664946977,3.5,335.4977938636537,4.642764531918974,0.7319999999999999,0.022926197284393896,0.732,0.0,0.022917651,3.5
3.659329201724199,-0.7478990635167927,3.5,335.7226234819209,4.642236086941329,0.7329999999999999,0.022926195929512748,0.733,0.0,0.022917651,3.5
3.6597403721732915,-0.7451454055305505,3.5,335.94929080295384,4.6417070298518945,0.734,0.022926194563063718,0.734,0.0,0.022917651,3.5
3.6601518660741643,-0.7423901726408387,3.5,336.17771901075594,4.641177693244069,0.735,0.02292619318236502,0.735,0.0,0.022917651,3.5
3.660563578225221,-0.7396334392967502,3.5,336.4080556345132,4.640647729168381,0.736,0.0229261917895184,0.736,0.0,0.022917651,3.5
3.6609755117855243,-0.7368751796013939,3.5,336.64033512251495,4.640117124353742,0.737,0.02292619038432449,0.737,0.0,0.022917651,3.5
3.6613876706917474,-0.7341153664161445,3.5,336.874592019015,4.639585867407771,0.738,0.022926188966563753,0.738,0.0,0.022917651,3.5
3.661800058974442,-0.7313539719551716,3.5,337.1108616920815,4.639053946666402,0.739,0.02292618753601142,0.739,0.0,0.022917651,3.5
3.662212680760859,-0.7285909677660316,3.5,337.349180358303,4.638521350185733,0.7400000000000001,0.022926186092437323,0.74,0.0,0.022917651,3.5
3.6626255402778645,-0.7258263247095558,3.5,337.58958510838727,4.637988065733586,0.741,0.02292618463560575,0.741,0.0,0.022917651,3.5
3.6630386418549614,-0.7230600129390061,3.5,337.83211393369413,4.637454080780755,0.7420000000000001,0.022926183165275248,0.742,0.0,0.022917651,3.5
3.6634519899274265,-0.7202920018784671,3.5,338.0768057537397,4.636919382491942,0.7430000000000001,0.02292618168119849,0.743,0.0,0.022917651,3.5
3.6638655890395606,-0.7175222602004414,3.5,338.3237004447149,4.636383957716336,0.744,0.022926180183122046,0.744,0.0,0.022917651,3.5
3.6642794674862555,-0.7147507077937125,3.5,338.5728226275357,4.635847839281962,0.7450000000000001,0.022926178666692342,0.745,0.0,0.022917651,3.5
3.6646937817471437,-0.7119770058042703,3.5,338.8241127777905,4.635311312766765,0.7460000000000001,0.022926177104402277,0.746,0.0,0.022917651,3.5
3.6651083635325326,-0.7092014739980984,3.5,339.0777350919316,4.634774026577332,0.7470000000000001,0.022926175525188674,0.747,0.0,0.022917651,3.5
3.6655232178959776,-0.70642407780983,3.5,339.3337336246995,4.634235966363366,0.748,0.022926173928731846,0.748,0.0,0.022917651,3.5
3.6659383500191254,-0.7036447817979914,3.5,339.59215354746215,4.633697117410837,0.7490000000000001,0.022926172314704004,0.749,0.0,0.022917651,3.5
3.666353765215795,-0.7008635496170682,3.5,339.8530411838183,4.633157464630393,0.75,0.022926170682768997,0.75,0.0,0.022917651,3.5
3.666769468936221,-0.698080343988495,3.5,340.11644404657204,4.632616992545311,0.751,0.022926169032582044,0.751,0.0,0.022917651,3.5
3.667185466771457,-0.6952951266705204,3.5,340.3824108761413,4.6320756852789895,0.752,0.022926167363789458,0.752,0.0,0.022917651,3.5
3.6676017644579573,-0.692507858426897,3.5,340.6509916804626,4.631533526541945,0.753,0.02292616567602835,0.753,0.0,0.022917651,3.5
3.6680183678823295,-0.6897184989943419,3.5,340.9222377764645,4.63099049961831,0.7540000000000001,0.022926163968926334,0.754,0.0,0.022917651,3.5
3.6684353259969624,-0.6869268892523329,3.5,341.19621340637644,4.630446641789618,0.7550000000000001,0.0229261622357765,0.755,0.0,0.022917651,3.5
3.668852633141661,-0.684133021398281,3.5,341.4729749469189,4.629901922479416,0.756,0.022926160477668208,0.756,0.0,0.022917651,3.5
3.6692702621758406,-0.6813369445921159,3.5,341.7525702835922,4.629356281833621,0.7569999999999999,0.02292615869905542,0.757,0.0,0.022917651,3.5
3.6696882195554448,-0.6785386145302066,3.5,342.03505625214956,4.628809701373553,0.758,0.02292615689952689,0.758,0.0,0.022917651,3.5
3.6701065119102236,-0.6757379857161866,3.5,342.3204912184682,4.628262162123058,0.759,0.0229261550786603,0.759,0.0,0.022917651,3.5
3.6705251460496235,-0.6729350114205428,3.5,342.6089351303906,4.627713644591642,0.76,0.022926153236021887,0.76,0.0,0.022917651,3.5
3.670944128968914,-0.6701296436385517,3.5,342.90044957168703,4.627164128756934,0.761,0.02292615137116605,0.761,0.0,0.022917651,3.5
3.671363467855571,-0.6673218330464811,3.5,343.1950978182433,4.626613594046414,0.762,0.022926149483634937,0.762,0.0,0.022917651,3.5
3.6717831829147762,-0.6645114903887716,3.5,343.4929437676253,4.626062031895441,0.763,0.022926147570379675,0.763,0.0,0.022917651,3.5
3.6722034061999764,-0.6616981923371953,3.5,343.794046396173,4.625509545822199,0.7640000000000001,0.022926145609776356,0.764,0.0,0.022917651,3.5
3.6726240095086617,-0.6588822973669273,3.5,344.0984890107448,4.624955982801908,0.7650000000000001,0.022926143632066232,0.765,0.0,0.022917651,3.5
3.6730450008804514,-0.6560637505386294,3.5,344.4063422707044,4.624401320051122,0.7660000000000001,0.022926141636887398,0.766,0.0,0.022917651,3.5
3.6734663885833534,-0.6532424953522588,3.5,344.71767884269036,4.623845534139168,0.767,0.022926139623867674,0.767,0.0,0.022917651,3.5
3.673888181121932,-0.6504184736912524,3.5,345.03257347240464,4.6232886009649965,0.768,0.022926137592624223,0.768,0.0,0.022917651,3.5
3.6743103872458254,-0.647591625764296,3.5,345.3511030595028,4.622730495733038,0.7690000000000001,0.02292613554276318,0.769,0.0,0.022917651,3.5
3.674733015958642,-0.6447618900445606,3.5,345.67334673574516,4.622171192928003,0.77,0.02292613347387924,0.77,0.0,0.022917651,3.5
3.6751561486460296,-0.6419289162168352,3.5,345.99941395496444,4.621610670135605,0.7710000000000001,0.022926131424292145,0.771,0.0,0.022917651,3.5
3.675579790606435,-0.6390926590183764,3.5,346.329390794255,4.621048903336062,0.772,0.022926129388426083,0.772,0.0,0.022917651,3.5
3.6760038833368203,-0.6362533243500562,3.5,346.6633381672167,4.620485862244711,0.7730000000000001,0.022926127328163588,0.773,0.0,0.022917651,3.5
3.6764284369107822,-0.6334108434380071,3.5,347.00134480549235,4.619921518384271,0.7739999999999999,0.022926125242959467,0.774,0.0,0.022917651,3.5
3.6768534617043342,-0.6305651454437468,3.5,347.3435021044791,4.619355842422563,0.775,0.022926123132252153,0.775,0.0,0.022917651,3.5
3.677278968407332,-0.6277161573861162,3.5,347.68990422404266,4.618788804140188,0.7760000000000001,0.022926120995463088,0.776,0.0,0.022917651,3.5
3.677704968035438,-0.6248638040596499,3.5,348.0406481938357,4.6182203723967215,0.777,0.022926118831996092,0.777,0.0,0.022917651,3.5
3.6781316012812155,-0.6220075447305313,3.5,348.39589225181027,4.617650565356001,0.778,0.022926116530530113,0.778,0.0,0.022917651,3.5
3.6785588022650653,-0.6191475773530936,3.5,348.7557081246283,4.61707931965427,0.7790000000000001,0.022926114156680832,0.779,0.0,0.022917651,3.5
3.6789865300114846,-0.6162840096266987,3.5,349.12017862023134,4.616506580655026,0.7800000000000001,0.022926111755137656,0.78,0.0,0.022917651,3.5
3.679414796895951,-0.6134167569666638,3.5,349.489413091851,4.615932313275531,0.7810000000000001,0.02292610932524996,0.781,0.0,0.022917651,3.5
3.679843615684663,-0.6105457321178092,3.5,349.86352434520455,4.615356481325424,0.782,0.022926106866346576,0.782,0.0,0.022917651,3.5
3.6802729995500756,-0.6076708450482299,3.5,350.2426287758308,4.614779047462649,0.7830000000000001,0.02292610437773498,0.783,0.0,0.022917651,3.5
3.6807030573709407,-0.6047915286035132,3.5,350.6268762019071,4.614199878658813,0.7839999999999999,0.022926101852815833,0.784,0.0,0.022917651,3.5
3.681133783709653,-0.6019077952928216,3.5,351.0163869921267,4.613618965896556,0.785,0.02292609929190495,0.785,0.0,0.022917651,3.5
3.6815651195654002,-0.5990199154160386,3.5,351.411266854507,4.61303634452519,0.786,0.02292609669873341,0.786,0.0,0.022917651,3.5
3.6819970799364095,-0.5961277869396934,3.5,351.8116479044071,4.612451972501416,0.787,0.0229260940725074,0.787,0.0,0.022917651,3.5
3.6824296803170524,-0.5932313044550155,3.5,352.2176666276041,4.611865806391131,0.788,0.02292609141240682,0.788,0.0,0.022917651,3.5
3.682862936718536,-0.5903303590372004,3.5,352.6294640625192,4.611277801311433,0.789,0.022926088717584222,0.789,0.0,0.022917651,3.5
3.683297054047073,-0.5874240516976678,3.5,353.047498482357,4.610687886403657,0.79,0.022926086020702705,0.79,0.0,0.022917651,3.5
3.6837318458102293,-0.5845130885301327,3.5,353.47159410646185,4.610096013604077,0.791,0.022926083281674788,0.791,0.0,0.022917651,3.5
3.6841673250141556,-0.5815973684744885,3.5,353.9018974827911,4.609502133710108,0.792,0.022926080498688647,0.792,0.0,0.022917651,3.5
3.6846035091715486,-0.5786767703480289,3.5,354.3385667551138,4.608906195590606,0.793,0.022926077670624434,0.793,0.0,0.022917651,3.5
3.685040416395051,-0.5757511688165887,3.5,354.7817654848643,4.608308146362782,0.7940000000000002,0.022926074796323942,0.794,0.0,0.022917651,3.5
3.6854785424151664,-0.5728186264605337,3.5,355.2317381197967,4.607708027084209,0.7949999999999999,0.02292607186135856,0.795,0.0,0.022917651,3.5
3.6859174968435666,-0.5698805715866658,3.5,355.6885952800648,4.60710570840685,0.796,0.022926068882866753,0.796,0.0,0.022917651,3.5
3.6863572379439273,-0.5669371005346816,3.5,356.1525080561091,4.606501120308517,0.797,0.02292606586189859,0.797,0.0,0.022917651,3.5
3.6867977865911703,-0.5639880695822945,3.5,356.62366367390587,4.605894202568446,0.7980000000000002,0.02292606279732694,0.798,0.0,0.022917651,3.5
3.6872391157522624,-0.5610332723549488,3.5,357.10230454431223,4.605284641517301,0.799,0.02292605970734155,0.799,0.0,0.022917651,3.5
3.68768111911885,-0.5580724482573557,3.5,357.58873076158415,4.604671753303945,0.8000000000000002,0.02292605663926567,0.8,0.0,0.022917651,3.5
3.6880572067600963,-0.5555560602747923,3.5,357.73598171343525,4.604171242507324,0.801,0.02292605633474965,0.801,0.0,0.022917651,3.5
3.6884333833916227,-0.5530384587570053,3.5,357.88497196746465,4.603669874096459,0.8020000000000002,0.0229260560292798,0.802,0.0,0.022917651,3.5
3.6888096501269234,-0.5505196285195858,3.5,358.0357232867617,4.603167637340418,0.803,0.022926055722844185,0.803,0.0,0.022917651,3.5
3.6891860080981473,-0.5479995541237362,3.5,358.18825779901863,4.602664521328489,0.804,0.022926055415430673,0.804,0.0,0.022917651,3.5
3.689562458456491,-0.5454782198709216,3.5,358.3425980041979,4.6021605149664015,0.805,0.022926055107026923,0.805,0.0,0.022917651,3.5
3.6899390023726006,-0.5429556097973827,3.5,358.4987667823938,4.601655606972452,0.8060000000000002,0.022926054797620384,0.806,0.0,0.022917651,3.5
3.690315699340694,-0.540431321931122,3.5,358.6568653419385,4.601149630567354,0.807,0.022926054512026593,0.807,0.0,0.022917651,3.5
3.69069251052583,-0.5379055970673559,3.5,358.81686935107973,4.60064267316916,0.808,0.02292605423035141,0.808,0.0,0.022917651,3.5
3.6910694178431114,-0.5353785450447918,3.5,358.97877787258267,4.60013477320648,0.8090000000000002,0.02292605394391961,0.809,0.0,0.022917651,3.5
3.691446422529099,-0.5328501487919883,3.5,359.14261540447296,4.5996259185549615,0.8100000000000002,0.02292605365267001,0.81,0.0,0.022917651,3.5
3.6918235258416545,-0.5303203909434537,3.5,359.30840686674804,4.5991160968814215,0.8110000000000003,0.02292605335654036,0.811,0.0,0.022917651,3.5
3.6922007290604,-0.5277892538332872,3.5,359.4761776105015,4.598605295639321,0.8120000000000002,0.022926053055467358,0.812,0.0,0.022917651,3.5
3.6925780334871896,-0.5252567194886538,3.5,359.64595342728603,4.598093502064129,0.8130000000000002,0.02292605274938658,0.8130000000000001,0.0,0.022917651,3.5
3.6929554404465943,-0.5227227696230903,3.5,359.81776055872064,4.597580703168577,0.8140000000000002,0.022926052438232494,0.8140000000000001,0.0,0.022917651,3.5
3.69333310227479,-0.5201866393613624,3.5,359.9917009679512,4.597066746456234,0.8150000000000002,0.022926052112078384,0.8150000000000001,0.0,0.022917651,3.5
3.693710955711992,-0.5176486267555687,3.5,360.1677754093974,4.596551675520682,0.8160000000000002,0.022926051775197475,0.8160000000000001,0.0,0.022917651,3.5
3.6940889152445586,-0.5151091415539237,3.5,360.3459694898614,4.5960355562817545,0.8170000000000002,0.022926051433224664,0.8170000000000001,0.0,0.022917651,3.5
3.694466982279618,-0.5125681642255859,3.5,360.52631132183217,4.595518374835946,0.8180000000000001,0.02292605108609242,0.8180000000000001,0.0,0.022917651,3.5
3.6948451582492923,-0.5100256748927992,3.5,360.708829517143,4.5950001170327885,0.8190000000000001,0.02292605073373202,0.8190000000000001,0.0,0.022917651,3.5
3.695223444611256,-0.5074816533231578,3.5,360.89355319810704,4.5944807684693485,0.8200000000000001,0.022926050376073488,0.8200000000000001,0.0,0.022917651,3.5
3.6956018428493063,-0.5049360789216595,3.5,361.0805120089535,4.593960314484571,0.8210000000000001,0.02292605001304562,0.8210000000000001,0.0,0.022917651,3.5
3.69598033940659,-0.5023888860646212,3.5,361.26974325421446,4.593438634881934,0.822,0.022926049637304387,0.8220000000000001,0.0,0.022917651,3.5
3.696358813523096,-0.49983968134618695,3.5,361.46133473160467,4.592914850456019,0.8230000000000002,0.022926049189086955,0.8230000000000001,0.0,0.022917651,3.5
3.69673740928513,-0.4972888572793653,3.5,361.65524980202036,4.5923899333485,0.8240000000000001,0.022926048736533856,0.8240000000000001,0.0,0.022917651,3.5
3.697116128367804,-0.4947363915650378,3.5,361.85152046232866,4.591863867961868,0.8250000000000001,0.02292604827958539,0.8250000000000001,0.0,0.022917651,3.5
3.697494972477126,-0.49218226149277416,3.5,362.05017929958655,4.591336638410915,0.8260000000000002,0.02292604781818076,0.8260000000000001,0.0,0.022917651,3.5
3.6978739433507197,-0.4896264439313038,3.5,362.2512595047116,4.590808228516069,0.8270000000000002,0.022926047352258026,0.8270000000000001,0.0,0.022917651,3.5
3.6982530427585543,-0.4870689153187229,3.5,362.45479488653416,4.5902786217965446,0.8280000000000002,0.02292604688175411,0.8280000000000001,0.0,0.022917651,3.5
3.6986322751023994,-0.48450963346489156,3.5,362.6608277092156,4.589747793744897,0.8290000000000002,0.022926046409594572,0.8290000000000001,0.0,0.022917651,3.5
3.6990117042423516,-0.481948128537925,3.5,362.86958574027625,4.589215531736157,0.8300000000000003,0.022926046011650745,0.8300000000000001,0.0,0.022917651,3.5
3.6993912650596767,-0.4793848338054961,3.5,363.0809086730797,4.588682006638216,0.8310000000000001,0.022926045615112887,0.8310000000000001,0.0,0.022917651,3.5
3.6997709594246437,-0.4768197238462481,3.5,363.29483293799973,4.588147200510887,0.8320000000000002,0.02292604522000096,0.8320000000000001,0.0,0.022917651,3.5
3.7001507892431102,-0.47425277275510747,3.5,363.51139565860666,4.587611095072621,0.8330000000000001,0.02292604482633532,0.833,0.0,0.022917651,3.5
3.70053075645737,-0.4716839541317226,3.5,363.7306346682336,4.587073671692343,0.8340000000000001,0.022926044434136702,0.834,0.0,0.022917651,3.5
3.7009108630470307,-0.4691132410685722,3.5,363.9525885270205,4.586534911381062,0.8350000000000001,0.022926044043426238,0.835,0.0,0.022917651,3.5
3.701291121116157,-0.46654011932835204,3.5,364.17740361449637,4.585994347261764,0.8360000000000001,0.02292604363709131,0.836,0.0,0.022917651,3.5
3.7016715331181045,-0.46396439651662197,3.5,364.40516180678384,4.585451796347415,0.8370000000000001,0.022926043203555128,0.837,0.0,0.022917651,3.5
3.7020520864052933,-0.461386694867854,3.5,364.635763031482,4.584907831673103,0.838,0.022926042763315835,0.838,0.0,0.022917651,3.5
3.702432783042689,-0.45880698546018805,3.5,364.86924884117184,4.584362432575904,0.8390000000000001,0.02292604231627546,0.839,0.0,0.022917651,3.5
3.7028136251356965,-0.4562252388053911,3.5,365.1056616021522,4.583815577988247,0.8400000000000001,0.022926041862334122,0.84,0.0,0.022917651,3.5
3.703194614831152,-0.4536414248349259,3.5,365.34504451445673,4.583267246427973,0.8410000000000001,0.022926041401389957,0.841,0.0,0.022917651,3.5
3.7035757611230666,-0.45105527479489493,3.5,365.5874861059325,4.582717205323774,0.8420000000000001,0.022926040935993285,0.842,0.0,0.022917651,3.5
3.703957083659927,-0.44846620906931695,3.5,365.83313738615857,4.58216495419335,0.8430000000000001,0.022926040472013697,0.843,0.0,0.022917651,3.5
3.704338563200546,-0.4458749878099296,3.5,366.0818985497353,4.581611175572572,0.844,0.022926040000425772,0.844,0.0,0.022917651,3.5
3.7047202021063614,-0.4432815785961232,3.5,366.3338163713007,4.581055846487006,0.8449999999999999,0.02292603952111508,0.845,0.0,0.022917651,3.5
3.705102002786406,-0.44068594835384345,3.5,366.5889385682468,4.580498943499163,0.8460000000000001,0.02292603903396487,0.846,0.0,0.022917651,3.5
3.7054839676985116,-0.43808806333904404,3.5,366.8473138245914,4.579940442696773,0.8469999999999999,0.02292603853885605,0.847,0.0,0.022917651,3.5
3.7058660947661624,-0.43548763051572287,3.5,367.1090839336998,4.579380044166055,0.848,0.022926038024510334,0.848,0.0,0.022917651,3.5
3.706248382485605,-0.43288449338567564,3.5,367.374344978131,4.578817586044482,0.849,0.022926037486435832,0.849,0.0,0.022917651,3.5
3.7066308392522225,-0.43027898979010204,3.5,367.64301648134585,4.5782534376834745,0.8500000000000001,0.02292603694100698,0.85,0.0,0.022917651,3.5
3.707013467683965,-0.4276710830807352,3.5,367.9151512594123,4.577687572907139,0.851,0.02292603638810989,0.851,0.0,0.022917651,3.5
3.7073962704531183,-0.4250607358486436,3.5,368.19080322463833,4.57711996499628,0.8520000000000001,0.0229260358276283,0.852,0.0,0.022917651,3.5
3.7077792502877243,-0.42244790990439335,3.5,368.4700274141624,4.5765505866742355,0.853,0.02292603525944353,0.853,0.0,0.022917651,3.5
3.7081626115699926,-0.4198310435282641,3.5,368.7531211315074,4.575978689175345,0.854,0.022926034657843996,0.854,0.0,0.022917651,3.5
3.7085461738052623,-0.4172114786890779,3.5,369.0399292153043,4.575404896512648,0.855,0.022926034047503055,0.855,0.0,0.022917651,3.5
3.7089299215662055,-0.41458931306780655,3.5,369.33048857679984,4.574829245066045,0.856,0.02292603343071142,0.856,0.0,0.022917651,3.5
3.7093138578090437,-0.4119645052227934,3.5,369.6248589899991,4.574251705217105,0.857,0.02292603280736629,0.857,0.0,0.022917651,3.5
3.709697985553142,-0.4093370128272219,3.5,369.92310150563173,4.573672246714769,0.858,0.02292603217736269,0.858,0.0,0.022917651,3.5
3.710082094733568,-0.4067060281086755,3.5,370.22565782844475,4.573089224078825,0.859,0.02292603167767223,0.859,0.0,0.022917651,3.5
3.710466316334195,-0.40407201821807753,3.5,370.53234710444906,4.572503626936047,0.86,0.022926031224476798,0.86,0.0,0.022917651,3.5
3.710850722707954,-0.4014351949801103,3.5,370.8431080105672,4.571915955704237,0.861,0.02292603077294584,0.861,0.0,0.022917651,3.5
3.7112353168493866,-0.3987955127999998,3.5,371.15800653404824,4.571326176769477,0.862,0.022926030323106333,0.862,0.0,0.022917651,3.5
3.711620101818097,-0.3961529250923732,3.5,371.47711009579075,4.570734255787553,0.863,0.022926029874985838,0.863,0.0,0.022917651,3.5
3.7120051105495033,-0.393506705677155,3.5,371.80074344545994,4.570139594026835,0.864,0.02292602924455988,0.864,0.0,0.022917651,3.5
3.712390322044482,-0.3908573712810222,3.5,372.12877082317635,4.569542627430285,0.865,0.022926028574952444,0.865,0.0,0.022917651,3.5
3.7127757344851116,-0.38820498927379005,3.5,372.46122063695674,4.56894341680429,0.866,0.0229260278969468,0.866,0.0,0.022917651,3.5
3.7131613512132615,-0.3855495089715049,3.5,372.7981664350776,4.568341924829035,0.867,0.022926027210403283,0.867,0.0,0.022917651,3.5
3.713547207826828,-0.3828904722276786,3.5,373.1397459052329,4.567737836793374,0.8680000000000001,0.022926026513051673,0.868,0.0,0.022917651,3.5
3.713933392260775,-0.38022671800921437,3.5,373.4862076865813,4.567130346354432,0.8690000000000001,0.022926025798942908,0.869,0.0,0.022917651,3.5
3.714319787601404,-0.37755968540905727,3.5,373.8374015198123,4.566520421164318,0.8700000000000001,0.022926025075744778,0.87,0.0,0.022917651,3.5
3.7147063974306898,-0.3748893187481548,3.5,374.1934077726774,4.565908019871947,0.871,0.022926024343302896,0.871,0.0,0.022917651,3.5
3.715093225412186,-0.3722155610794275,3.5,374.55430864321204,4.565293100184511,0.872,0.022926023601459396,0.872,0.0,0.022917651,3.5
3.7154803202898736,-0.369537404070712,3.5,374.92052896253693,4.564674849904281,0.8730000000000001,0.022926022849955405,0.873,0.0,0.022917651,3.5
3.7158676493311433,-0.3668555396217444,3.5,375.291893939662,4.5640538291226,0.874,0.022926022089060236,0.874,0.0,0.022917651,3.5
3.7162552064346546,-0.3641701159299432,3.5,375.6684173339361,4.563430161381288,0.875,0.022926021318668513,0.875,0.0,0.022917651,3.5
3.7166429955707057,-0.3614810710330364,3.5,376.05018894739345,4.562803800599856,0.876,0.02292602053861491,0.876,0.0,0.022917651,3.5
3.7170311564540057,-0.35878729733149967,3.5,376.43745615265146,4.562174193529043,0.877,0.02292601974875601,0.877,0.0,0.022917651,3.5
3.71741963572378,-0.35608918262262984,3.5,376.83025143875466,4.561541516514477,0.878,0.022926018948912663,0.878,0.0,0.022917651,3.5
3.717808364685675,-0.3533872242278098,3.5,377.2285887920508,4.560905994544577,0.879,0.02292601813889432,0.879,0.0,0.022917651,3.5
3.718197347806596,-0.3506813533848196,3.5,377.6325673582163,4.5602675767240735,0.88,0.02292601731851895,0.88,0.0,0.022917651,3.5
3.718586622760373,-0.34797038663206725,3.5,378.0425682626207,4.559625237498324,0.8809999999999999,0.02292601674661266,0.881,0.0,0.022917651,3.5
3.718976174320618,-0.34525485007596385,3.5,378.45854964329004,4.558979438395852,0.882,0.022926016296006546,0.882,0.0,0.022917651,3.5
3.7193659914422565,-0.3425351875328288,3.5,378.88048861165805,4.558330575741498,0.883,0.022926015848632512,0.883,0.0,0.022917651,3.5
3.7197560789754736,-0.3398113236460874,3.5,379.30849397645346,4.557678593582888,0.8840000000000001,0.022926015404549586,0.884,0.0,0.022917651,3.5
3.720146505945256,-0.33708174965409954,3.5,379.7430900024778,4.55702225082931,0.885,0.022926014589376358,0.885,0.0,0.022917651,3.5
3.720537216307205,-0.3343476809174225,3.5,380.18402227903783,4.556362545995589,0.8860000000000001,0.02292601372456752,0.886,0.0,0.022917651,3.5
3.7209282085962436,-0.33160918078804946,3.5,380.6313661337379,4.555699537406064,0.8870000000000001,0.02292601284672751,0.887,0.0,0.022917651,3.5
3.7213195491012794,-0.32886557611737455,3.5,381.0853659176847,4.555032818407854,0.888,0.0229260119526091,0.888,0.0,0.022917651,3.5
3.7217113186773947,-0.326116051734108,3.5,381.5463032514301,4.554361898904859,0.889,0.022926011039847666,0.889,0.0,0.022917651,3.5
3.7221033881691428,-0.3233618237909603,3.5,382.0140308415857,4.553687475465246,0.89,0.022926010115693635,0.89,0.0,0.022917651,3.5
3.7224957632740296,-0.3206028029342616,3.5,382.488677682859,4.553009481524621,0.8910000000000001,0.02292600917993059,0.891,0.0,0.022917651,3.5
3.7228885471649,-0.31783734867749563,3.5,382.97078287970675,4.552326684658918,0.892,0.0229260082365841,0.892,0.0,0.022917651,3.5
3.723281660820538,-0.3150666969160273,3.5,383.4601385919421,4.551640008616507,0.893,0.022926007280670322,0.893,0.0,0.022917651,3.5
3.7236750969936203,-0.31229096247019844,3.5,383.9568288286567,4.550949539855432,0.894,0.02292600631128438,0.894,0.0,0.022917651,3.5
3.7240689126972817,-0.30950896899026303,3.5,384.4612497458818,4.550254336035329,0.895,0.022926005326114055,0.895,0.0,0.022917651,3.5
3.724463096585102,-0.30672097498472084,3.5,384.9734653506071,4.549554608594665,0.896,0.0229260043244872,0.896,0.0,0.022917651,3.5
3.7248576215221307,-0.3039275880507081,3.5,385.4934589581509,4.548850852736358,0.897,0.022926003307188414,0.897,0.0,0.022917651,3.5
3.7252525464599526,-0.30112795094433087,3.5,386.02161581106344,4.548142443558008,0.898,0.022926002548130084,0.898,0.0,0.022917651,3.5
3.725647875002242,-0.29832189002402604,3.5,386.5581070560895,4.54742922099721,0.899,0.02292600209949961,0.899,0.0,0.022917651,3.5
3.726043550226227,-0.2955101703346893,3.5,387.102820792939,4.5467117262574535,0.9000000000000001,0.02292600165193953,0.9,0.0,0.022917651,3.5
3.7263509459323627,-0.29317084726607134,3.5,387.33109913780294,4.54605955992721,0.901,0.022926001720797194,0.901,0.0,0.022917651,3.5
3.7266584203980297,-0.2908284784831879,3.5,387.562251324876,4.545404658922707,0.902,0.022926001461561,0.902,0.0,0.022917651,3.5
3.7269659253064304,-0.28848441566518995,3.5,387.79606807619456,4.544748185693738,0.903,0.022926001201979802,0.903,0.0,0.022917651,3.5
3.727273460991064,-0.2861386402540463,3.5,388.0325785818657,4.544090123016695,0.904,0.02292600094204984,0.904,0.0,0.022917651,3.5
3.727581027790317,-0.2837911334196628,3.5,388.2718124599268,4.543430453415474,0.905,0.022926000681767273,0.905,0.0,0.022917651,3.5
3.7278886487192686,-0.28144171359008807,3.5,388.51384296166583,4.54276908894399,0.906,0.022926000420815898,0.906,0.0,0.022917651,3.5
3.728196450191649,-0.2790894491819936,3.5,388.7589479410717,4.542105612316531,0.907,0.022926000157405663,0.907,0.0,0.022917651,3.5
3.7285042821965138,-0.2767353911668402,3.5,389.0068773959822,4.5414404640339185,0.908,0.02292599989356505,0.908,0.0,0.022917651,3.5
3.728812145073788,-0.27437951957593,3.5,389.25766277202433,4.5407736254851745,0.9090000000000003,0.02292599962928928,0.909,0.0,0.022917651,3.5
3.7291200391684636,-0.2720218141430383,3.5,389.51133598335366,4.540105077782026,0.91,0.022925999364573478,0.91,0.0,0.022917651,3.5
3.7294279749165384,-0.2696618474825403,3.5,389.7680668494498,4.5394344312656285,0.911,0.02292599909924444,0.911,0.0,0.022917651,3.5
3.729735959530072,-0.26729933152871166,3.5,390.02798119581684,4.5387614242862195,0.912,0.022925998833275972,0.912,0.0,0.022917651,3.5
3.7300439768787297,-0.26493491462203267,3.5,390.2908874738929,4.538086647365193,0.9130000000000003,0.02292599856698147,0.913,0.0,0.022917651,3.5
3.730352027333954,-0.2625685751925636,3.5,390.5568196328559,4.537410080419181,0.9140000000000001,0.022925998300357228,0.914,0.0,0.022917651,3.5
3.730660111272828,-0.2602002913427894,3.5,390.82581213745846,4.536731703059818,0.915,0.022925998033399494,0.915,0.0,0.022917651,3.5
3.7309682728758564,-0.25782887113334607,3.5,391.0982146774151,4.536050503164196,0.9160000000000003,0.022925997764221988,0.916,0.0,0.022917651,3.5
3.7312764764759208,-0.2554551666285653,3.5,391.3738390881455,4.535367187814172,0.9170000000000001,0.02292599749421244,0.917,0.0,0.022917651,3.5
3.7315847109591407,-0.2530794513488647,3.5,391.6526430004369,4.5346819852915266,0.918,0.022925997223841862,0.918,0.0,0.022917651,3.5
3.7318929766810185,-0.25070170214778137,3.5,391.93466301421614,4.533994873872613,0.9189999999999999,0.02292599695310611,0.919,0.0,0.022917651,3.5
3.7322012808632747,-0.24832142272991312,3.5,392.22009038333124,4.533305387234393,0.9200000000000002,0.022925996743627816,0.92,0.0,0.022917651,3.5
3.732509629051068,-0.24593831443797226,3.5,392.50905745713015,4.532613249492909,0.921,0.022925996629253848,0.921,0.0,0.022917651,3.5
3.7328180113137956,-0.24355310036463135,3.5,392.80136128515886,4.531919142287231,0.922,0.022925996511674093,0.922,0.0,0.022917651,3.5
3.733126428049699,-0.2411657558992224,3.5,393.09704086469895,4.531223042599859,0.9230000000000002,0.022925996390851088,0.923,0.0,0.022917651,3.5
3.7334348928050436,-0.2387760606696815,3.5,393.3961929123891,4.530524783862702,0.9240000000000002,0.02292599626973254,0.924,0.0,0.022917651,3.5
3.7337434788499424,-0.23638290706589551,3.5,393.6991782294418,4.529823549421646,0.9250000000000002,0.022925996164604886,0.925,0.0,0.022917651,3.5
3.7340521010158185,-0.23398754244723954,3.5,394.00566882173575,4.5291202484367625,0.926,0.022925996055806194,0.926,0.0,0.022917651,3.5
3.7343607597312287,-0.2315899405811772,3.5,394.3157062775305,4.528414856389589,0.9270000000000003,0.0229259959432929,0.927,0.0,0.022917651,3.5
3.734669456279212,-0.2291900322121236,3.5,394.62934549329,4.527707309160218,0.9280000000000002,0.022925995821825945,0.928,0.0,0.022917651,3.5
3.7349782177620496,-0.22678642944989613,3.5,394.9470362663545,4.526996327297521,0.929,0.0229259955276729,0.929,0.0,0.022917651,3.5
3.7352870164787606,-0.2243804997467821,3.5,395.26841091350866,4.526283167245503,0.9300000000000003,0.022925995233008575,0.93,0.0,0.022917651,3.5
3.735595852878289,-0.2219722150458755,3.5,395.59351385277336,4.525567802740817,0.9310000000000002,0.022925994937826814,0.931,0.0,0.022917651,3.5
3.735904680449975,-0.2195614935220372,3.5,395.9224096318969,4.5248499658953225,0.932,0.02292599464226372,0.932,0.0,0.022917651,3.5
3.7362129065531806,-0.21714762290092288,3.5,396.2553905366513,4.5241265737871315,0.933,0.022925994348221117,0.933,0.0,0.022917651,3.5
3.7365211855048774,-0.2147313068181327,3.5,396.5922344164422,4.523400947699183,0.9340000000000003,0.02292599405380853,0.934,0.0,0.022917651,3.5
3.7368295179598934,-0.212312514972611,3.5,396.93298913635056,4.522673059950834,0.935,0.022925993759021372,0.935,0.0,0.022917651,3.5
3.7371379479625744,-0.2098908811831304,3.5,397.2778436284814,4.5219427203988,0.9360000000000002,0.02292599346374972,0.936,0.0,0.022917651,3.5
3.737446580959506,-0.20746553012146637,3.5,397.6272091721849,4.521209475067565,0.937,0.022925993167706122,0.937,0.0,0.022917651,3.5
3.737755262403103,-0.20503760807144947,3.5,397.9806488899186,4.520473852492509,0.9380000000000001,0.02292599287124392,0.9380000000000001,0.0,0.022917651,3.5
3.7380639929001735,-0.20260708283074189,3.5,398.3382138118353,4.5197358228979985,0.9390000000000001,0.02292599257435787,0.9390000000000001,0.0,0.022917651,3.5
3.7383726250846636,-0.20017304840131886,3.5,398.70016423413875,4.5189938927073925,0.9400000000000002,0.022925992276039277,0.9400000000000001,0.0,0.022917651,3.5
3.7386811719152444,-0.19773549967638562,3.5,399.06655005222746,4.518248108619253,0.9410000000000001,0.02292599197622995,0.9410000000000001,0.0,0.022917651,3.5
3.738989779826506,-0.1952952478369253,3.5,399.43722473558097,4.517499865737805,0.9420000000000001,0.022925991675866484,0.9420000000000001,0.0,0.022917651,3.5
3.7392984496001596,-0.19285225828848612,3.5,399.8122431730843,4.516749132595423,0.9430000000000001,0.022925991374941786,0.9430000000000001,0.0,0.022917651,3.5
3.7396073404711947,-0.1904050847817386,3.5,400.19214384185733,4.515995092836396,0.9440000000000001,0.02292599109729908,0.9440000000000001,0.0,0.022917651,3.5
3.739916309371781,-0.18795495283835573,3.5,400.57655600162974,4.515238406121693,0.9450000000000002,0.022925990820887296,0.9450000000000001,0.0,0.022917651,3.5
3.7402253420462537,-0.1855019591344658,3.5,400.96549217307916,4.514479112776083,0.9460000000000001,0.02292599054340648,0.9460000000000001,0.0,0.022917651,3.5
3.7405344587906777,-0.1830454623596352,3.5,401.3593137412137,4.513716658126547,0.9470000000000001,0.02292599036680948,0.9470000000000001,0.0,0.022917651,3.5
3.740843667089539,-0.18058526245689915,3.5,401.75817677348783,4.512950873608939,0.9480000000000002,0.02292599031501633,0.9480000000000001,0.0,0.022917651,3.5
3.7411529432353197,-0.1781221010370792,3.5,402.16175758830076,4.512182398999007,0.9490000000000001,0.02292599025492503,0.9490000000000001,0.0,0.022917651,3.5
3.741462280721383,-0.17565582293347096,3.5,402.57016291380836,4.511411052038083,0.9500000000000001,0.022925990168543076,0.9500000000000001,0.0,0.022917651,3.5
3.7417715926425252,-0.17318500861919572,3.5,402.9839908299524,4.51063505296501,0.9510000000000002,0.022925989848376214,0.9510000000000001,0.0,0.022917651,3.5
3.7420809747093124,-0.17071110565864925,3.5,403.4027378409048,4.509856245873333,0.9520000000000001,0.022925989527684026,0.9520000000000001,0.0,0.022917651,3.5
3.742390427857229,-0.1682340728606511,3.5,403.8264695492966,4.509074593314413,0.9530000000000001,0.022925989206459527,0.9530000000000001,0.0,0.022917651,3.5
3.742700089326351,-0.16575215409318822,3.5,404.25578749013414,4.50828889670899,0.9540000000000002,0.02292598888239345,0.9540000000000001,0.0,0.022917651,3.5
3.743009853598199,-0.16326660958610015,3.5,404.6903604489086,4.507499987712662,0.9550000000000001,0.022925988557122468,0.9550000000000001,0.0,0.022917651,3.5
3.743319689669104,-0.16077779397809364,3.5,405.13013423707923,4.506708094958527,0.9560000000000001,0.022925988231161223,0.9560000000000001,0.0,0.022917651,3.5
3.7436295832199584,-0.15828457646528796,3.5,405.57565312802853,4.505912027395835,0.9570000000000001,0.02292598790521239,0.9570000000000001,0.0,0.022917651,3.5
3.7439395410307608,-0.15578742289563485,3.5,406.0267757043222,4.5051122790944165,0.9580000000000002,0.022925987579174894,0.9580000000000001,0.0,0.022917651,3.5
3.7442495718429405,-0.15328685898189373,3.5,406.4833278736572,4.504309412232258,0.9590000000000002,0.022925987252718702,0.9590000000000001,0.0,0.022917651,3.5
3.744559686252778,-0.15078174144552783,3.5,406.9458733736544,4.503502327852391,0.96,0.02292598692388029,0.96,0.0,0.022917651,3.5
3.7448698793308504,-0.1482723717426795,3.5,407.4143441015587,4.502691307239498,0.961,0.022925986593016468,0.961,0.0,0.022917651,3.5
3.745180144778027,-0.14575945061884377,3.5,407.88848605886005,4.5018770246592315,0.962,0.02292598626138867,0.962,0.0,0.022917651,3.5
3.7454905861128793,-0.14324161627143306,3.5,408.36887495692093,4.501058531332557,0.9630000000000001,0.0229259859303559,0.963,0.0,0.022917651,3.5
3.745801162112056,-0.14071934247084458,3.5,408.85540297373933,4.500236136631587,0.964,0.022925985599621872,0.964,0.0,0.022917651,3.5
3.7461118121643033,-0.13819336339507687,3.5,409.3478567827692,4.499410332936042,0.965,0.02292598526842042,0.965,0.0,0.022917651,3.5
3.7464225338302595,-0.13566247741849105,3.5,409.8468235772463,4.498579910073489,0.9660000000000001,0.022925985031587985,0.966,0.0,0.022917651,3.5
3.746733334991914,-0.1331273734073348,3.5,410.35206932375803,4.497745587576107,0.967,0.02292598482058838,0.967,0.0,0.022917651,3.5
3.747044218633937,-0.13058838396260772,3.5,410.8635121185491,4.496907709564416,0.9680000000000001,0.022925984602335452,0.968,0.0,0.022917651,3.5
3.7473549860035176,-0.12804359793406048,3.5,411.38217375709706,4.4960635624678575,0.969,0.02292598434561882,0.969,0.0,0.022917651,3.5
3.747665815518217,-0.12549471549988553,3.5,411.90727510329623,4.49521556692046,0.9700000000000002,0.022925984082080575,0.97,0.0,0.022917651,3.5
3.747976689143938,-0.12294128229921562,3.5,412.439107773995,4.494363199149496,0.9709999999999999,0.022925983793666106,0.971,0.0,0.022917651,3.5
3.7482875328624714,-0.12038210023523688,3.5,412.97835053563284,4.493504970850885,0.972,0.022925983437311916,0.972,0.0,0.022917651,3.5
3.748598440523362,-0.11781875869281991,3.5,413.52427734577026,4.492642839297446,0.9730000000000001,0.022925983080018995,0.973,0.0,0.022917651,3.5
3.7489086173019768,-0.11525017728576765,3.5,414.0778217764618,4.491772539780149,0.974,0.022925982724104527,0.974,0.0,0.022917651,3.5
3.749218262542048,-0.1126766148271934,3.5,414.63883435226523,4.490895129371726,0.975,0.022925982369196404,0.975,0.0,0.022917651,3.5
3.7495279224582165,-0.11009871038940582,3.5,415.20684000894073,4.4900134353984384,0.976,0.022925982013698734,0.976,0.0,0.022917651,3.5
3.749837748565399,-0.10751465500754756,3.5,415.7830031348009,4.489126261442569,0.9770000000000001,0.022925981651592545,0.977,0.0,0.022917651,3.5
3.750147587328883,-0.10492617445752918,3.5,416.3663648593956,4.488234713081545,0.978,0.022925981288710703,0.978,0.0,0.022917651,3.5
3.7504573452330834,-0.10233206588897162,3.5,416.95748685208605,4.487337214122813,0.979,0.022925980927354848,0.979,0.0,0.022917651,3.5
3.7507670166285028,-0.09973223240571663,3.5,417.55649373267033,4.486433645087371,0.9800000000000001,0.02292598056745151,0.98,0.0,0.022917651,3.5
3.75107669756518,-0.09712762691187689,3.5,418.1630859691125,4.48552534182381,0.981,0.022925980206446317,0.981,0.0,0.022917651,3.5
3.751386437120401,-0.09451595941642622,3.5,418.7782699152054,4.484610201180467,0.982,0.022925979841443504,0.982,0.0,0.022917651,3.5
3.7516961875728727,-0.09189947847638788,3.5,419.4012385555632,4.483690290453065,0.983,0.02292597947564913,0.983,0.0,0.022917651,3.5
3.752005863222802,-0.08927672605116097,3.5,420.0329217186245,4.482763818207251,0.9840000000000001,0.022925979178477607,0.984,0.0,0.022917651,3.5
3.752315498883178,-0.08664835125692281,3.5,420.67303184644254,4.481831568343344,0.985,0.0229259789046151,0.985,0.0,0.022917651,3.5
3.752625099090725,-0.08401415838692944,3.5,421.3216386846023,4.480893354493239,0.986,0.022925978592379426,0.986,0.0,0.022917651,3.5
3.7529346505865324,-0.08137338884464188,3.5,421.979181002409,4.4799483613275575,0.9870000000000001,0.02292597822626291,0.987,0.0,0.022917651,3.5
3.753244235944673,-0.07872724939980749,3.5,422.64524051800487,4.478998133546394,0.988,0.022925977855412553,0.988,0.0,0.022917651,3.5
3.753553937523677,-0.07607377107351218,3.5,423.3207594861755,4.478041029430816,0.989,0.02292597747186334,0.989,0.0,0.022917651,3.5
3.7538636809195123,-0.07341488540372888,3.5,424.0050170655431,4.477078684891216,0.99,0.02292597708777298,0.99,0.0,0.022917651,3.5
3.754173198343056,-0.07074884281278197,3.5,424.6992733275169,4.476108294818408,0.9910000000000001,0.022925976694752836,0.991,0.0,0.022917651,3.5
3.7544827217183765,-0.0680770116004294,3.5,425.4027097524457,4.475132142219143,0.992,0.02292597629977036,0.992,0.0,0.022917651,3.5
3.754792193005565,-0.06539834445664067,3.5,426.1163637103811,4.474148934113329,0.993,0.022925975912744583,0.993,0.0,0.022917651,3.5
3.7551016628959375,-0.0627135486546699,3.5,426.83971861891183,4.473159587614909,0.9940000000000001,0.02292597552824197,0.994,0.0,0.022917651,3.5
3.7554113634413744,-0.06002076740870271,3.5,427.5733589083034,4.472163185515856,0.995,0.022925975135604373,0.995,0.0,0.022917651,3.5
3.7557212149856767,-0.0573208014320582,3.5,428.31711832230104,4.471160206888291,0.996,0.022925974737644923,0.996,0.0,0.022917651,3.5
3.7560311421512056,-0.0546131269262306,3.5,429.0714845851366,4.470149811408478,0.997,0.022925974338366618,0.997,0.0,0.022917651,3.5
3.756341133200567,-0.05189813453599438,3.5,429.8363990093022,4.469132345647645,0.9980000000000001,0.02292597393781305,0.998,0.0,0.022917651,3.5
3.7566509089377647,-0.04917581564686773,3.5,430.612295005342,4.468106705052691,0.999,0.022925973542607277,0.999,0.0,0.022917651,3.5
3.756960537737287,-0.046446426626356445,3.5,431.3990869163598,4.467073415996592,1.0,0.022925973150995527,1.0,0.0,0.022917651,3.5
3.757204043559462,-0.04422100837111865,3.5,431.86977832087587,4.466235950944041,1.0010000000000001,0.0229259731384336,1.0010000000000001,0.0,0.022917651,3.5
3.757447555130579,-0.041992747065146954,3.5,432.34524228834977,4.465395661591559,1.0020000000000002,0.022925973122868596,1.002,0.0,0.022917651,3.5
3.757691067650861,-0.03976235810158776,3.5,432.82500633861247,4.46455324842357,1.0030000000000001,0.02292597310720296,1.0030000000000001,0.0,0.022917651,3.5
3.75793462422015,-0.0375290797676257,3.5,433.30950765494214,4.463708123494851,1.004,0.022925973090661245,1.004,0.0,0.022917651,3.5
3.7581782399730104,-0.03529255576274314,3.5,433.79898489274024,4.462859991626304,1.0050000000000001,0.022925973072898356,1.0050000000000001,0.0,0.022917651,3.5
3.7584218504250195,-0.03305384187045146,3.5,434.2929132182536,4.462009648661311,1.0060000000000002,0.022925973055041265,1.006,0.0,0.022917651,3.5
3.7586653929825404,-0.030812095007349508,3.5,434.79179582885297,4.461156001366905,1.0070000000000001,0.022925973037084508,1.0070000000000001,0.0,0.022917651,3.5
3.7589088577391885,-0.02856712148318276,3.5,435.2957832680343,4.460298816314142,1.008,0.022925973019026324,1.008,0.0,0.022917651,3.5
3.759152321467922,-0.026319892463719047,3.5,435.80436811820533,4.459439371426577,1.0090000000000001,0.022925973000871343,1.0090000000000001,0.0,0.022917651,3.5
3.7593958146267163,-0.024069510467194893,3.5,436.3181982231021,4.458576885891959,1.0100000000000002,0.022925972986877534,1.01,0.0,0.022917651,3.5
3.7596393292341674,-0.0218161418880152,3.5,436.8372038921378,4.457711495627623,1.0110000000000003,0.022925972976023293,1.0110000000000001,0.0,0.022917651,3.5
3.7598828410551075,-0.019560448314519162,3.5,437.3609644320003,4.456843769411169,1.012,0.02292597296494876,1.012,0.0,0.022917651,3.5
3.7601263205027164,-0.01730119859805629,3.5,437.8903580557679,4.4559723662809185,1.0130000000000001,0.02292597294895705,1.0130000000000001,0.0,0.022917651,3.5
3.7603697827370577,-0.01503913400431665,3.5,438.42492819128154,4.455098082683734,1.014,0.02292597293110342,1.014,0.0,0.022917651,3.5
3.760613238034931,-0.012774676055419388,3.5,438.9644203778816,4.454221378097599,1.0150000000000003,0.02292597291312937,1.0150000000000001,0.0,0.022917651,3.5
3.760856589533819,-0.010506133011118406,3.5,439.5100197047412,4.453340167575589,1.016,0.02292597289403594,1.016,0.0,0.022917651,3.5
3.7610999284752262,-0.008235080453450462,3.5,440.06071049465737,4.452456397075805,1.0170000000000001,0.022925972874795274,1.0170000000000001,0.0,0.022917651,3.5
3.761343241776553,-0.00596122385495316,3.5,440.61679319066644,4.451569718454498,1.0180000000000002,0.02292597285737365,1.018,0.0,0.022917651,3.5
3.7615864945181254,-0.003683836078018047,3.5,441.1789500148821,4.450679261732529,1.0190000000000003,0.02292597284583271,1.0190000000000001,0.0,0.022917651,3.5
3.7618297392797593,-0.0014039400273328337,3.5,441.7463277879099,4.449786264824669,1.0200000000000002,0.022925972834295292,1.02,0.0,0.022917651,3.5
3.7620729013719463,0.0008795450404769478,3.5,442.31971019111654,4.448889352773675,1.0210000000000001,0.02292597281940194,1.0210000000000001,0.0,0.022917651,3.5
3.7623160015161514,0.003166346057550612,3.5,442.898954183843,4.44798888031466,1.022,0.022925972802001194,1.022,0.0,0.022917651,3.5
3.762559092394442,0.005455741348577097,3.5,443.4835988347572,4.447085776650839,1.0230000000000004,0.02292597278444488,1.0230000000000001,0.0,0.022917651,3.5
3.7628021209051834,0.00775012455886674,3.5,444.0750644589732,4.446177440784308,1.024,0.022925972764493548,1.024,0.0,0.022917651,3.5
3.7630451264919706,0.01004721257592147,3.5,444.67210314771074,4.445266308156991,1.0250000000000001,0.02292597274437573,1.025,0.0,0.022917651,3.5
3.763287908630421,0.012347751808471683,3.5,445.2754298482665,4.4443508282778055,1.0260000000000002,0.02292597272414057,1.026,0.0,0.022917651,3.5
3.7635303655835735,0.014652042845115117,3.5,445.8853773180818,4.443430293368679,1.027,0.02292597270378589,1.027,0.0,0.022917651,3.5
3.7637727574964077,0.016959063547293863,3.5,446.50108125872777,4.442506768836498,1.028,0.022925972683313135,1.028,0.0,0.022917651,3.5
3.764014950129136,0.019270244625145865,3.5,447.12391700966174,4.441578280520581,1.0290000000000001,0.02292597266272715,1.029,0.0,0.022917651,3.5
3.7642570623078093,0.021584332640184924,3.5,447.7527671395015,4.440646562995978,1.03,0.022925972642021012,1.03,0.0,0.022917651,3.5
3.764499025862864,0.023901862841573914,3.5,448.3882192711992,4.439710810938066,1.031,0.022925972621731298,1.031,0.0,0.022917651,3.5
3.7647408278277505,0.026222975950039855,3.5,449.0304564359728,4.438770831813744,1.032,0.0229259726019265,1.032,0.0,0.022917651,3.5
3.7649825451354646,0.028547060498880047,3.5,449.6788748207126,4.437827542464848,1.033,0.022925972582023856,1.033,0.0,0.022917651,3.5
3.7652239022554777,0.03087579277562498,3.5,450.3349399299616,4.436878167125948,1.0340000000000003,0.022925972562992582,1.034,0.0,0.022917651,3.5
3.765465184340273,0.03320745830283283,3.5,450.99727165474013,4.4359255586249615,1.035,0.022925972543782223,1.035,0.0,0.022917651,3.5
3.7657053184164737,0.03554335382810109,3.5,451.66679548249624,4.434964124126842,1.036,0.02292597252549918,1.036,0.0,0.022917651,3.5
3.7659448988176667,0.03788283280890539,3.5,452.34313548786133,4.433996889601273,1.037,0.022925972507644783,1.037,0.0,0.022917651,3.5
3.766184477217364,0.04022577561518531,3.5,453.0264628512233,4.433026188189211,1.0380000000000003,0.022925972490063156,1.038,0.0,0.022917651,3.5
3.7664240863577905,0.04257263728125942,3.5,453.71731762664376,4.432051699973691,1.039,0.022925972473110096,1.039,0.0,0.022917651,3.5
3.7666636305460752,0.04492272034112593,3.5,454.4149095904253,4.431073729210832,1.04,0.022925972455866882,1.04,0.0,0.022917651,3.5
3.7669027719667514,0.04727791107270236,3.5,455.120902167846,4.430089019864797,1.041,0.022925972433873676,1.041,0.0,0.022917651,3.5
3.7671418677273873,0.0496362652582928,3.5,455.8337103963287,4.429100964447279,1.0420000000000003,0.02292597241174064,1.042,0.0,0.022917651,3.5
3.7673807016327383,0.051999557339805234,3.5,456.5548462664088,4.428106940384709,1.043,0.02292597238942225,1.043,0.0,0.022917651,3.5
3.767619433152094,0.05436649915679914,3.5,457.28332257718967,4.42710886098908,1.044,0.022925972366951656,1.044,0.0,0.022917651,3.5
3.767858098603086,0.05673772287994716,3.5,458.0199740187015,4.426106227583953,1.0450000000000002,0.022925972344333048,1.045,0.0,0.022917651,3.5
3.768096705306013,0.059112925920807184,3.5,458.76454360785004,4.425099374829366,1.046,0.022925972321566675,1.046,0.0,0.022917651,3.5
3.7683352322511205,0.061492100039891764,3.5,459.51727117693133,4.4240882311928935,1.047,0.022925972299048785,1.047,0.0,0.022917651,3.5
3.7685736653414073,0.06387547739807446,3.5,460.2785611554332,4.423072507409809,1.048,0.022925972276887994,1.048,0.0,0.022917651,3.5
3.768811978832842,0.0662629328681225,3.5,461.0478484743577,4.422052228917947,1.049,0.0229259722548583,1.049,0.0,0.022917651,3.5
3.769050079289994,0.06865546943560445,3.5,461.82596623875753,4.421026021997639,1.0500000000000003,0.022925972233354526,1.05,0.0,0.022917651,3.5
3.76928808679176,0.07105193104205755,3.5,462.6121353193643,4.419995518322664,1.051,0.022925972211639247,1.051,0.0,0.022917651,3.5
3.769525911044867,0.0734536510909744,3.5,463.40759975286727,4.418959023648007,1.052,0.022925972189720013,1.052,0.0,0.022917651,3.5
3.76976366836014,0.07585925211563421,3.5,464.2112453308058,4.417918379709417,1.0530000000000002,0.022925972167574943,1.053,0.0,0.022917651,3.5
3.7700013405721555,0.07827024332372479,3.5,465.02467953487303,4.416872002149585,1.054,0.022925972145176887,1.054,0.0,0.022917651,3.5
3.7702389438049493,0.08068511327446853,3.5,465.84649097832516,4.415821470175368,1.055,0.02292597212267527,1.055,0.0,0.022917651,3.5
3.7704764571611795,0.08310527430256436,3.5,466.67849986369544,4.41476528928696,1.056,0.022925972100852007,1.056,0.0,0.022917651,3.5
3.770713850278528,0.0855294412806155,3.5,467.51912798659816,4.413704623148024,1.057,0.022925972079325684,1.057,0.0,0.022917651,3.5
3.770950853484528,0.08795920498409254,3.5,468.37005895239446,4.412636809597704,1.0580000000000003,0.02292597205982324,1.058,0.0,0.022917651,3.5
3.7711877214183427,0.09039316768383107,3.5,469.22993886619724,4.411564253282952,1.059,0.022925972039328026,1.059,0.0,0.022917651,3.5
3.7714242637938162,0.0928327107960627,3.5,470.1002309376991,4.410484803288923,1.06,0.022925972014398718,1.06,0.0,0.022917651,3.5
3.771660698321,0.09527655001800653,3.5,470.97991784155073,4.4094006258380185,1.061,0.022925971989577056,1.061,0.0,0.022917651,3.5
3.77189698629474,0.09772541779496294,3.5,471.8701708463987,4.408310833842147,1.062,0.022925971965293213,1.062,0.0,0.022917651,3.5
3.7721331312051385,0.1001791205611141,3.5,472.77043467880225,4.407215636562202,1.063,0.02292597194002142,1.063,0.0,0.022917651,3.5
3.7723690876515126,0.1026382109549998,3.5,473.681442535342,4.406114300760379,1.064,0.02292597191336786,1.064,0.0,0.022917651,3.5
3.7726048482304475,0.10510275921967413,3.5,474.60306641855,4.405006724071808,1.065,0.022925971887099984,1.065,0.0,0.022917651,3.5
3.7728404203891692,0.10757264848346415,3.5,475.53530246222755,4.403893053083664,1.0660000000000003,0.02292597186112395,1.066,0.0,0.022917651,3.5
3.7730757764267437,0.11004791615163168,3.5,476.4787944613234,4.402773135496953,1.067,0.022925971835209454,1.067,0.0,0.022917651,3.5
3.773310983895465,0.11252789776339651,3.5,477.43269353541854,4.401647908238128,1.068,0.02292597180919636,1.068,0.0,0.022917651,3.5
3.773545665548951,0.11501351552739206,3.5,478.3988434032086,4.400514944434237,1.069,0.02292597178395438,1.069,0.0,0.022917651,3.5
3.7737801932723163,0.11750392103003351,3.5,479.37557573270834,4.399376575942503,1.07,0.022925971758141185,1.07,0.0,0.022917651,3.5
3.7740146157050103,0.1200009973419532,3.5,480.36484321963724,4.398231105131589,1.071,0.022925971729496626,1.071,0.0,0.022917651,3.5
3.7742488017516522,0.12250314888097706,3.5,481.3654686212771,4.3970796222876825,1.072,0.022925971701381238,1.072,0.0,0.022917651,3.5
3.774482681944031,0.12501081914364176,3.5,482.37824218537446,4.395921411659027,1.073,0.022925971674074352,1.073,0.0,0.022917651,3.5
3.7747161830953586,0.1275241588370546,3.5,483.4035429349635,4.394756004067846,1.074,0.022925971655339165,1.074,0.0,0.022917651,3.5
3.7749494342294048,0.13004256776158407,3.5,484.44049956081415,4.39358452153682,1.075,0.022925971640925965,1.075,0.0,0.022917651,3.5
3.775182327027451,0.13256792676297302,3.5,485.491170855016,4.3924046580819915,1.076,0.022925971614588803,1.076,0.0,0.022917651,3.5
3.775415032215077,0.13509873032122763,3.5,486.5538622051114,4.391218602319623,1.077,0.02292597158673359,1.077,0.0,0.022917651,3.5
3.7756474909957958,0.13763593284223097,3.5,487.6297968901698,4.390025167700741,1.078,0.02292597155656344,1.078,0.0,0.022917651,3.5
3.775879633160863,0.14017947448864915,3.5,488.7193518760559,4.388824119982597,1.079,0.022925971527974005,1.079,0.0,0.022917651,3.5
3.7761115205157356,0.14272864176547226,3.5,489.82170704891934,4.387616425043568,1.08,0.02292597149996274,1.08,0.0,0.022917651,3.5
3.776342909268525,0.14528435571821782,3.5,490.93877703723064,4.386400203135019,1.081,0.02292597147218698,1.081,0.0,0.022917651,3.5
3.7765739573014594,0.14784592681590125,3.5,492.069307968327,4.385176751628986,1.082,0.0229259714430408,1.082,0.0,0.022917651,3.5
3.7768046407902562,0.15041351884204107,3.5,493.2136708319838,4.383945810028773,1.083,0.022925971412571373,1.083,0.0,0.022917651,3.5
3.777034932433945,0.15298776576508447,3.5,494.37345639192165,4.382706659504433,1.0839999999999999,0.022925971383091374,1.084,0.0,0.022917651,3.5
3.7772647825264185,0.1555680323631045,3.5,495.5472493825789,4.381459719338213,1.0850000000000002,0.02292597135376714,1.085,0.0,0.022917651,3.5
3.7774940055034305,0.15815488766957067,3.5,496.73591032103116,4.380203671850438,1.086,0.022925971324626718,1.086,0.0,0.022917651,3.5
3.7777223809543234,0.16074843010709441,3.5,497.9403184601043,4.378937563534959,1.087,0.02292597129403764,1.087,0.0,0.022917651,3.5
3.7779502843643917,0.16334816073764424,3.5,499.1595676803828,4.377663377946729,1.0880000000000003,0.022925971263158818,1.088,0.0,0.022917651,3.5
3.778177646026585,0.16595459435707666,3.5,500.39457577200426,4.3763803124405545,1.0890000000000002,0.02292597123230389,1.089,0.0,0.022917651,3.5
3.778404630184801,0.1685684407828807,3.5,501.64635087305066,4.375088330482475,1.09,0.02292597120170077,1.09,0.0,0.022917651,3.5
3.778631274172632,0.17118906080501348,3.5,502.91396788460713,4.373788217884598,1.0910000000000002,0.022925971174967662,1.091,0.0,0.022917651,3.5
3.778857518241208,0.17381677108030943,3.5,504.19802148516175,4.37247941920339,1.092,0.022925971155100113,1.092,0.0,0.022917651,3.5
3.779082741080353,0.17645040516168214,3.5,505.5001924465576,4.371160600403901,1.093,0.02292597112999638,1.093,0.0,0.022917651,3.5
3.7793061403264776,0.17909084244862308,3.5,506.8192401613465,4.36982768146733,1.0940000000000003,0.02292597110151082,1.094,0.0,0.022917651,3.5
3.7795277208176477,0.18173832938662665,3.5,508.1554756353221,4.368480438304808,1.095,0.022925971069879154,1.095,0.0,0.022917651,3.5
3.779748707573867,0.18439378710729196,3.5,509.51048824492165,4.3671228679203775,1.0960000000000003,0.02292597103719975,1.096,0.0,0.022917651,3.5
3.7799689949467026,0.1870565487890232,3.5,510.88374324639864,4.365755181809743,1.097,0.022925971004938463,1.097,0.0,0.022917651,3.5
3.7801886869368793,0.18972650813484268,3.5,512.2752011562002,4.364377912019932,1.098,0.022925970972398062,1.098,0.0,0.022917651,3.5
3.7804078182453877,0.1924038337392632,3.5,513.6853576181585,4.362991036631232,1.0990000000000002,0.02292597093945652,1.099,0.0,0.022917651,3.5
3.780626138011789,0.19508908444513656,3.5,515.116177091096,4.361592992981077,1.1000000000000003,0.02292597090645975,1.1,0.0,0.022917651,3.5
3.78071597198441,0.19722180768800043,3.5,516.0041697896661,4.360197490923329,1.101,0.02292597088330195,1.101,0.0,0.022917651,3.5
3.780807401754726,0.19935603142367658,3.5,516.886294125721,4.35880687159201,1.102,0.022925970860027275,1.102,0.0,0.022917651,3.5
3.780900424364183,0.2014917528703031,3.5,517.7625609789986,4.357421125934719,1.103,0.022925970836635935,1.103,0.0,0.022917651,3.5
3.780994914718299,0.20362917996359886,3.5,518.6338488390433,4.356039546123534,1.1040000000000005,0.022925970813259953,1.104,0.0,0.022917651,3.5
3.7810908722112275,0.2057681677851888,3.5,519.5000182715928,4.35466227452517,1.1050000000000002,0.02292597078996,1.105,0.0,0.022917651,3.5
3.781188380137713,0.20790852543923916,3.5,520.3604289988009,4.353289834836649,1.106,0.022925970766660045,1.106,0.0,0.022917651,3.5
3.781287435044213,0.210050249874491,3.5,521.2150938479986,4.351922216295047,1.107,0.022925970743360096,1.107,0.0,0.022917651,3.5
3.7813880334874366,0.2121933380487426,3.5,522.0640256084498,4.350559408169381,1.1080000000000003,0.022925970720060147,1.108,0.0,0.022917651,3.5
3.7814900316181714,0.21433800180732934,3.5,522.9085687525334,4.349200624184004,1.1090000000000002,0.022925970696760195,1.109,0.0,0.022917651,3.5
3.7815935258596074,0.2164839823682439,3.5,523.7477371696413,4.347846507973865,1.1100000000000003,0.02292597067346025,1.11,0.0,0.022917651,3.5
3.781698540717449,0.21863122363384263,3.5,524.5812718603146,4.346497213450663,1.111,0.022925970650160298,1.111,0.0,0.022917651,3.5
3.7818050724314625,0.22077972248661282,3.5,525.409186755825,4.34515272869116,1.112,0.022925970626860345,1.112,0.0,0.022917651,3.5
3.7819131051494987,0.22292950887688473,3.5,526.2315522063789,4.343812960111562,1.113,0.022925970603560396,1.113,0.0,0.022917651,3.5
3.7820223491225295,0.22508133771775865,3.5,527.0496757230868,4.342475988767378,1.114,0.022925970580260448,1.114,0.0,0.022917651,3.5
3.7821330749217497,0.2272344327836294,3.5,527.8622535912905,4.341143678542923,1.115,0.0229259705569605,1.115,0.0,0.022917651,3.5
3.7822452777547397,0.22938878997936143,3.5,528.66930374634,4.339816014363529,1.1160000000000003,0.022925970533660547,1.116,0.0,0.022917651,3.5
3.782358952849724,0.23154440522745715,3.5,529.470844046327,4.338492981219462,1.117,0.02292597051036059,1.117,0.0,0.022917651,3.5
3.782473289978765,0.23370120596900554,3.5,530.2677113933695,4.337171411858713,1.1180000000000003,0.022925970487060646,1.118,0.0,0.022917651,3.5
3.7825852617444538,0.23585888877963418,3.5,531.0628935873527,4.335839503867751,1.1190000000000002,0.022925970463760697,1.119,0.0,0.022917651,3.5
3.7826982416637476,0.23801770922573767,3.5,531.8528967250776,4.334510490872166,1.1200000000000003,0.022925970440460748,1.12,0.0,0.022917651,3.5
3.7828122281705667,0.2401776655400969,3.5,532.6377288517584,4.333184368374834,1.1210000000000002,0.022925970417160796,1.121,0.0,0.022917651,3.5
3.7829272197020734,0.24233875595915327,3.5,533.4173979959553,4.3318611318879405,1.122,0.022925970393860844,1.122,0.0,0.022917651,3.5
3.7830437912723665,0.24449783395242863,3.5,534.1920537775885,4.3305462276290045,1.123,0.022925970370130624,1.123,0.0,0.022917651,3.5
3.783162699302811,0.2466510268008381,3.5,534.961800373697,4.32924655358597,1.124,0.022925970345544378,1.124,0.0,0.022917651,3.5
3.783282842298481,0.24880446475163806,3.5,535.7263302311256,4.327951574271149,1.125,0.022925970320993434,1.125,0.0,0.022917651,3.5
3.7834042183651517,0.2509581474288846,3.5,536.4856513514512,4.326661282483641,1.1260000000000003,0.02292597029647774,1.1260000000000001,0.0,0.022917651,3.5
3.7835268256124714,0.2531120744574006,3.5,537.2397717198951,4.325375671037259,1.127,0.02292597027199724,1.127,0.0,0.022917651,3.5
3.7836515797673598,0.25527101424526494,3.5,537.9876417365606,4.324093632785914,1.1280000000000003,0.022925970246862982,1.1280000000000001,0.0,0.022917651,3.5
3.7837787844619637,0.2574365879901715,3.5,538.7289391586249,4.322814760701789,1.129,0.022925970220951344,1.129,0.0,0.022917651,3.5
3.7839073411456696,0.2596031215842301,3.5,539.4649520183094,4.321540336723866,1.1300000000000001,0.022925970195123404,1.1300000000000001,0.0,0.022917651,3.5
3.784037244279659,0.26177061109513855,3.5,540.1957019653594,4.320270342629187,1.131,0.022925970169378824,1.131,0.0,0.022917651,3.5
3.78416848835533,0.2639390526120474,3.5,540.9212105314227,4.319004760294195,1.1320000000000001,0.02292597014371725,1.1320000000000001,0.0,0.022917651,3.5
3.784300909858131,0.2661076083054382,3.5,541.6428316926697,4.317743774792153,1.133,0.022925970119158725,1.133,0.0,0.022917651,3.5
3.784434418039328,0.2682757617478604,3.5,542.3613024357255,4.3164875402417096,1.1340000000000001,0.022925970096133442,1.1340000000000001,0.0,0.022917651,3.5
3.7845692371883635,0.2704446944426681,3.5,543.0747060745172,4.3152357703988695,1.135,0.02292597007310816,1.135,0.0,0.022917651,3.5
3.7847053621165667,0.27261440330566433,3.5,543.7830626641049,4.313988447592793,1.1360000000000003,0.022925970050082876,1.1360000000000001,0.0,0.022917651,3.5
3.784842787662612,0.2747848852689045,3.5,544.4863921538525,4.312745554245778,1.1370000000000002,0.02292597002705759,1.137,0.0,0.022917651,3.5
3.784980935524711,0.2769612293326413,3.5,545.1849652781884,4.311499688186914,1.1380000000000001,0.022925970004032306,1.1380000000000001,0.0,0.022917651,3.5
3.785118852138931,0.27915168790592443,3.5,545.8792418617084,4.310238782711289,1.139,0.022925969981007027,1.139,0.0,0.022917651,3.5
3.7852579303303635,0.2813437299605064,3.5,546.5686487683012,4.308980940001575,1.1400000000000003,0.02292596995798174,1.1400000000000001,0.0,0.022917651,3.5
3.7853981636723453,0.28353734673545183,3.5,547.2532129404498,4.3077261431124,1.141,0.022925969934956457,1.141,0.0,0.022917651,3.5
3.7855395457855345,0.2857325295343377,3.5,547.932961122251,4.306474375223156,1.1420000000000001,0.022925969911931174,1.1420000000000001,0.0,0.022917651,3.5
3.7856820703374767,0.2879292697246559,3.5,548.6079198612358,4.305225619636873,1.143,0.022925969888905887,1.143,0.0,0.022917651,3.5
3.7858196867044103,0.2900779276888799,3.5,549.2885998869821,4.304005310750789,1.1440000000000003,0.0229259698658806,1.1440000000000001,0.0,0.022917651,3.5
3.785957953867466,0.2922235452878163,3.5,549.9651323418499,4.302790645348186,1.145,0.022925969842855318,1.145,0.0,0.022917651,3.5
3.7860971570008615,0.2943684576780922,3.5,550.6370200348794,4.301580429103207,1.1460000000000001,0.022925969819830038,1.1460000000000001,0.0,0.022917651,3.5
3.786237295191567,0.29651266554763106,3.5,551.3042674969906,4.300374657675742,1.1469999999999998,0.022925969796804755,1.147,0.0,0.022917651,3.5
3.7863783675277385,0.29865616958346347,3.5,551.9668792532129,4.299173326731324,1.1480000000000001,0.02292596977377947,1.1480000000000001,0.0,0.022917651,3.5
3.7865267661827606,0.3008268941581059,3.5,552.619615798115,4.297974082922236,1.149,0.022925969750754185,1.149,0.0,0.022917651,3.5
3.786676943177865,0.30300084678690964,3.5,553.2672173766074,4.29677872452903,1.1500000000000001,0.022925969727728902,1.1500000000000001,0.0,0.022917651,3.5
3.786828261396752,0.30517527612659623,3.5,553.9102318306933,4.295587454187184,1.151,0.02292596970470362,1.151,0.0,0.022917651,3.5
3.7869807156320228,0.3073501800019367,3.5,554.5486800914032,4.294400253242937,1.1520000000000001,0.022925969681678336,1.1520000000000001,0.0,0.022917651,3.5
3.7871343007079115,0.3095255562509144,3.5,555.1825829626158,4.293217103155843,1.1530000000000002,0.022925969658653053,1.153,0.0,0.022917651,3.5
3.7872884591606315,0.3117002963059058,3.5,555.8137937586821,4.292036882304454,1.154,0.02292596963562777,1.154,0.0,0.022917651,3.5
3.7874431302597773,0.31387426146028163,3.5,556.4425080597404,4.290859486597382,1.155,0.022925969612602487,1.155,0.0,0.022917651,3.5
3.7875988827337,0.3160485907126911,3.5,557.0668392035808,4.289686052350909,1.156,0.022925969589577204,1.156,0.0,0.022917651,3.5
3.7877557115341207,0.31822328236338343,3.5,557.6868076524921,4.288516561071389,1.157,0.02292596956655192,1.157,0.0,0.022917651,3.5
3.787913611644134,0.3203983347231698,3.5,558.3024337415925,4.287350994380113,1.158,0.022925969543526634,1.158,0.0,0.022917651,3.5
3.7880725780779656,0.3225737461133448,3.5,558.9137376798167,4.286189334012419,1.159,0.02292596952050135,1.159,0.0,0.022917651,3.5
3.7882317493420214,0.3247471220574007,3.5,559.5248394544694,4.285030530768322,1.1600000000000001,0.022925969497476068,1.16,0.0,0.022917651,3.5
3.788391898798107,0.32692062950544476,3.5,560.1320048544001,4.283875508866974,1.161,0.022925969474450785,1.161,0.0,0.022917651,3.5
3.7885530686838025,0.3290943989865876,3.5,560.7350272820631,4.282724306597904,1.1620000000000001,0.022925969451425502,1.162,0.0,0.022917651,3.5
3.788715254025354,0.3312684292236346,3.5,561.3339269310355,4.2815769053435515,1.163,0.022925969428400216,1.163,0.0,0.022917651,3.5
3.788878449881279,0.33344271894767624,3.5,561.9287238638707,4.280433286607151,1.164,0.022925969405374932,1.164,0.0,0.022917651,3.5
3.7890423122981303,0.33561693293279615,3.5,562.5205986533513,4.279292408965316,1.1650000000000003,0.022925969381788765,1.165,0.0,0.022917651,3.5
3.7892062218867033,0.33779045664340995,3.5,563.1116652813621,4.2781524080128275,1.166,0.022925969356630906,1.166,0.0,0.022917651,3.5
3.789371087195298,0.3399641841804806,3.5,563.6988113841228,4.277016026169117,1.167,0.022925969331416152,1.167,0.0,0.022917651,3.5
3.7895369032688317,0.34213811448723624,3.5,564.2820572882212,4.275883244670338,1.168,0.022925969306144794,1.168,0.0,0.022917651,3.5
3.7897036651864178,0.3443122465141999,3.5,564.8614231799725,4.2747540448821315,1.1690000000000003,0.022925969280817127,1.169,0.0,0.022917651,3.5
3.789871368061067,0.3464865792191226,3.5,565.4369291066267,4.2736284082985145,1.1700000000000002,0.02292596925543344,1.17,0.0,0.022917651,3.5
3.790037722849317,0.3486623955679025,3.5,566.0099852614721,4.27249589564245,1.171,0.022925969230506354,1.171,0.0,0.022917651,3.5
3.7902017059912505,0.3508402413396905,3.5,566.5812952077695,4.271351866770837,1.172,0.022925969206261297,1.172,0.0,0.022917651,3.5
3.790366455459252,0.3530183377035652,3.5,567.148994821227,4.270210652566973,1.173,0.022925969181992172,1.173,0.0,0.022917651,3.5
3.790531966341767,0.3551966830534245,3.5,567.7131072412809,4.269072234991019,1.174,0.02292596915769914,1.174,0.0,0.022917651,3.5
3.7906982337691213,0.3573752757968642,3.5,568.2736554100479,4.267936596156971,1.175,0.022925969133382344,1.175,0.0,0.022917651,3.5
3.7908652529130786,0.3595541143550282,3.5,568.8306620744236,4.2668037183310155,1.176,0.02292596910904194,1.176,0.0,0.022917651,3.5
3.7910337818349937,0.3617319708230481,3.5,569.3840564517787,4.2656778626709615,1.177,0.022925969084896913,1.177,0.0,0.022917651,3.5
3.7912060961211607,0.3639051977707538,3.5,569.9335079087501,4.264571781971607,1.178,0.02292596906159696,1.178,0.0,0.022917651,3.5
3.791379255584506,0.3660785267059041,3.5,570.47934702406,4.263468980106013,1.179,0.022925969038297012,1.179,0.0,0.022917651,3.5
3.7915532556581817,0.3682519570774169,3.5,571.0215933167052,4.262369439357267,1.1800000000000002,0.022925969014997057,1.18,0.0,0.022917651,3.5
3.7917280918081846,0.3704254883381755,3.5,571.56026616531,4.261273142135865,1.181,0.022925968991697108,1.181,0.0,0.022917651,3.5
3.791903759533059,0.3725991199449888,3.5,572.0953848093853,4.2601800709785795,1.182,0.02292596896839716,1.182,0.0,0.022917651,3.5
3.792080227923939,0.37477284117041837,3.5,572.626980978029,4.259090112961515,1.183,0.02292596894509721,1.183,0.0,0.022917651,3.5
3.7922494489317002,0.3769435484917759,3.5,573.1589644382801,4.2579741747474324,1.184,0.022925968921797258,1.184,0.0,0.022917651,3.5
3.792419300288189,0.37911427536691206,3.5,573.687640413443,4.256860738341705,1.1850000000000003,0.022925968898497306,1.185,0.0,0.022917651,3.5
3.792589777899596,0.38128502166883355,3.5,574.2130303840354,4.255749787496295,1.186,0.022925968875197357,1.186,0.0,0.022917651,3.5
3.7927608777074826,0.3834557872716463,3.5,574.7351556449701,4.25464130610356,1.187,0.022925968851897405,1.187,0.0,0.022917651,3.5
3.792932595688405,0.3856265720505399,3.5,575.2540373075542,4.253535278194736,1.188,0.022925968828597456,1.188,0.0,0.022917651,3.5
3.793104927853532,0.3877973758817793,3.5,575.7696963014646,4.25243168793845,1.1890000000000003,0.022925968805297504,1.189,0.0,0.022917651,3.5
3.793280648012945,0.38997754707834836,3.5,576.2819784549814,4.2513322818181525,1.19,0.02292596878184683,1.19,0.0,0.022917651,3.5
3.7934616949961057,0.3921736287851879,3.5,576.7907955320269,4.250238271686453,1.1910000000000003,0.022925968758201076,1.191,0.0,0.022917651,3.5
3.793643468524218,0.3943701547052171,3.5,577.2964642188928,4.249146723455849,1.192,0.022925968734636964,1.192,0.0,0.022917651,3.5
3.7938259637173313,0.3965671218548104,3.5,577.7990056622291,4.2480576205906,1.1930000000000003,0.02292596871115393,1.193,0.0,0.022917651,3.5
3.7940091757390983,0.3987645272770004,3.5,578.2984408197286,4.246970946702722,1.1940000000000002,0.02292596868775144,1.194,0.0,0.022917651,3.5
3.7941930997962916,0.400962368041185,3.5,578.794790462234,4.2458866855503405,1.195,0.022925968664428954,1.195,0.0,0.022917651,3.5
3.7943777311383236,0.4031606412428301,3.5,579.2880751758146,4.244804821036064,1.1960000000000002,0.02292596864118594,1.196,0.0,0.022917651,3.5
3.794557956166899,0.40533422436897776,3.5,579.7810454827402,4.2437300218928335,1.197,0.022925968618073906,1.197,0.0,0.022917651,3.5
3.794732416862322,0.407476196674947,3.5,580.2742124401453,4.242663777031024,1.198,0.022925968595048623,1.198,0.0,0.022917651,3.5
3.794907448616234,0.4096176213960947,3.5,580.7641139086785,4.241600364052967,1.199,0.022925968572023336,1.199,0.0,0.022917651,3.5
3.7950830492147003,0.4117585006553499,3.5,581.2507625483047,4.240539771979741,1.2,0.022925968548998053,1.2,0.0,0.022917651,3.5
3.795144693462089,0.4136367374032006,3.5,581.9043481741585,4.239255733962894,1.201,0.022925968529818104,1.201,0.0,0.022917651,3.5
3.7952055732720393,0.41551446914654383,3.5,582.5601179454804,4.2379691432397495,1.202,0.02292596851063815,1.202,0.0,0.022917651,3.5
3.795265681118054,0.4173916909132077,3.5,583.2180933669264,4.236679974676876,1.203,0.022925968491458202,1.203,0.0,0.022917651,3.5
3.7953244783458957,0.41926571959860043,3.5,583.8785472325728,4.235388756830677,1.2040000000000002,0.022925968472278253,1.204,0.0,0.022917651,3.5
3.795373369829501,0.42109303249403357,3.5,584.5455096013527,4.234104632995882,1.205,0.022925968453098296,1.205,0.0,0.022917651,3.5
3.795421680113236,0.4229205023677177,3.5,585.214547558226,4.232818027366188,1.2060000000000002,0.022925968433918344,1.206,0.0,0.022917651,3.5
3.795469402238149,0.42474813109922077,3.5,585.8856859550907,4.231528910226012,1.207,0.0229259684147384,1.207,0.0,0.022917651,3.5
3.7955165291337454,0.42657592059823607,3.5,586.5589500421848,4.230237251383474,1.2080000000000002,0.022925968395558455,1.208,0.0,0.022917651,3.5
3.7955630536157443,0.4284038728051912,3.5,587.2343654760984,4.22894302016081,1.2089999999999999,0.0229259683763785,1.209,0.0,0.022917651,3.5
3.7956089683837804,0.43023198969186555,3.5,587.9119583279818,4.227646185384568,1.2100000000000002,0.02292596835719855,1.21,0.0,0.022917651,3.5
3.7956542660190538,0.43206027326202945,3.5,588.5917550919526,4.226346715375551,1.211,0.022925968338018597,1.211,0.0,0.022917651,3.5
3.79570083455754,0.4338954513383579,3.5,589.2736349542365,4.225045434038845,1.2120000000000002,0.022925968318838648,1.212,0.0,0.022917651,3.5
3.7957510832598054,0.4357462509137888,3.5,589.9574180714261,4.223743250851589,1.213,0.0229259682996587,1.213,0.0,0.022917651,3.5
3.7958005450759162,0.4375969360021014,3.5,590.6434707328624,4.222438034555364,1.2140000000000002,0.022925968280478746,1.214,0.0,0.022917651,3.5
3.795849209647615,0.43944750509623326,3.5,591.3318228139279,4.221129745223525,1.215,0.022925968261298793,1.215,0.0,0.022917651,3.5
3.7958970664340392,0.44129795666255284,3.5,592.0225047166724,4.219818342225566,1.2160000000000002,0.022925968242118844,1.216,0.0,0.022917651,3.5
3.7959441047076816,0.4431482891402742,3.5,592.7155473814713,4.218503784211542,1.217,0.022925968222938894,1.217,0.0,0.022917651,3.5
3.795990313550241,0.44499850094085036,3.5,593.4109822989924,4.217186029096075,1.2180000000000002,0.022925968203758945,1.218,0.0,0.022917651,3.5
3.796034478088966,0.4468480862096931,3.5,594.1097030708997,4.215860722623362,1.2190000000000003,0.022925968184578996,1.219,0.0,0.022917651,3.5
3.796071046181908,0.44869470538414086,3.5,594.8157812726323,4.214507992990208,1.2200000000000002,0.022925968165399047,1.22,0.0,0.022917651,3.5
3.7961068309730575,0.45054120263312264,3.5,595.5244198310603,4.213152252148171,1.221,0.0229259681462191,1.221,0.0,0.022917651,3.5
3.796141822448784,0.45238757639795807,3.5,596.2356514774582,4.211793461602345,1.2220000000000002,0.022925968127039148,1.222,0.0,0.022917651,3.5
3.796176010424043,0.45423382509328647,3.5,596.9495095033988,4.210431582198855,1.223,0.022925968107859195,1.223,0.0,0.022917651,3.5
3.796209384538691,0.45607994710649086,3.5,597.6660277727921,4.209066574110709,1.2240000000000002,0.022925968088679242,1.224,0.0,0.022917651,3.5
3.7962419342537066,0.4579259407971124,3.5,598.3852407342392,4.207698396823264,1.225,0.022925968069499293,1.225,0.0,0.022917651,3.5
3.796276365780787,0.4597676107875925,3.5,599.1058670754176,4.2063420743643976,1.2260000000000002,0.022925968051020915,1.226,0.0,0.022917651,3.5
3.7963110953250756,0.4616073634955061,3.5,599.8287067206886,4.2049888629664185,1.227,0.02292596803283661,1.227,0.0,0.022917651,3.5
3.7963449026830296,0.4634470583747776,3.5,600.5543842764329,4.203632020676958,1.2280000000000002,0.022925968014634087,1.228,0.0,0.022917651,3.5
3.796377774787922,0.4652866946060172,3.5,601.282939953832,4.202271496048856,1.229,0.022925967996413086,1.229,0.0,0.022917651,3.5
3.7964096983249918,0.46712627135427914,3.5,602.0144147273575,4.200907236658379,1.23,0.022925967978173357,1.23,0.0,0.022917651,3.5
3.7964406597255347,0.46896578776869546,3.5,602.7488503529686,4.199539189081942,1.231,0.022925967959914615,1.231,0.0,0.022917651,3.5
3.796467862972151,0.4708060917492001,3.5,603.4893946758701,4.198155320322024,1.2320000000000002,0.02292596794215556,1.232,0.0,0.022917651,3.5
3.7964904918564057,0.472647362483639,3.5,604.2370807916616,4.19675218600073,1.233,0.02292596792503691,1.233,0.0,0.022917651,3.5
3.796512188230313,0.47448845740550166,3.5,604.987909403636,4.195345497419433,1.234,0.022925967907872994,1.234,0.0,0.022917651,3.5
3.7965329393670673,0.47632937411531734,3.5,605.7419234002576,4.193935206069962,1.235,0.02292596789066319,1.235,0.0,0.022917651,3.5
3.7965527323072124,0.47817011016974975,3.5,606.4991664540066,4.192521262557394,1.236,0.022925967873406873,1.236,0.0,0.022917651,3.5
3.7965715538533025,0.48001066308059487,3.5,607.259683039378,4.191103616579705,1.237,0.022925967856103395,1.237,0.0,0.022917651,3.5
3.7965880495761892,0.48184914700346426,3.5,608.0280828271455,4.189678736000209,1.2380000000000002,0.022925967837189275,1.238,0.0,0.022917651,3.5
3.796603094473982,0.4836867710697837,3.5,608.8013957519731,4.1882489119030994,1.239,0.022925967817734656,1.239,0.0,0.022917651,3.5
3.796617134263247,0.485524172187239,3.5,609.5781056343458,4.186815290344772,1.24,0.022925967798280038,1.24,0.0,0.022917651,3.5
3.7966301550084056,0.48736134726470076,3.5,610.3582595722256,4.1853778186743815,1.2410000000000003,0.022925967778825423,1.241,0.0,0.022917651,3.5
3.796642142515067,0.48919829315362956,3.5,611.1419055382855,4.183936443263241,1.2420000000000002,0.022925967759370804,1.242,0.0,0.022917651,3.5
3.796652482603248,0.4910335746240156,3.5,611.9316567765068,4.182490142605698,1.2430000000000003,0.02292596773991619,1.243,0.0,0.022917651,3.5
3.796660873992343,0.4928665264234417,3.5,612.7287811679847,4.181038376810451,1.244,0.02292596772046157,1.244,0.0,0.022917651,3.5
3.796668188069361,0.4946992715859832,3.5,613.5295360866229,4.179582508409403,1.2450000000000003,0.022925967701006956,1.245,0.0,0.022917651,3.5
3.7966744095419296,0.49653180717844303,3.5,614.3339730675024,4.178122479166349,1.246,0.02292596768155234,1.246,0.0,0.022917651,3.5
3.7966795228268717,0.49836413021184645,3.5,615.1421446257242,4.176658229737633,1.2470000000000003,0.022925967662097722,1.247,0.0,0.022917651,3.5
3.7966828927135823,0.5001947394183717,3.5,615.9561883726906,4.175188721372953,1.248,0.022925967642643104,1.248,0.0,0.022917651,3.5
3.7966840537419815,0.5020225414896311,3.5,616.7776820905482,4.173713186108069,1.249,0.022925967623188485,1.249,0.0,0.022917651,3.5
3.7966840660698464,0.5038501363249379,3.5,617.6030638290515,4.172233263227362,1.25,0.022925967603733867,1.25,0.0,0.022917651,3.5
3.796682912914439,0.5056775208965354,3.5,618.4323903929353,4.1707488886269175,1.2510000000000003,0.022925967584279252,1.2510000000000001,0.0,0.022917651,3.5
3.79668057716449,0.5075046921173954,3.5,619.2657196989201,4.169259996947945,1.252,0.022925967564824633,1.252,0.0,0.022917651,3.5
3.796679778678224,0.5093466114035968,3.5,620.1098227695896,4.167762505818555,1.2530000000000001,0.02292596754537002,1.2530000000000001,0.0,0.022917651,3.5
3.7966794722436017,0.5111973128770512,3.5,620.9627804332068,4.166258200451581,1.254,0.0229259675259154,1.254,0.0,0.022917651,3.5
3.7966777362692943,0.5130462706214148,3.5,621.8201027474638,4.164749920678006,1.2550000000000001,0.02292596750646078,1.2550000000000001,0.0,0.022917651,3.5
3.796674555769337,0.5148934663570508,3.5,622.6818354673042,4.163237624833846,1.256,0.022925967487006167,1.256,0.0,0.022917651,3.5
3.796669544359093,0.5167234296234915,3.5,623.5474257119059,4.161735237663222,1.2570000000000001,0.022925967467551548,1.2570000000000001,0.0,0.022917651,3.5
3.7966622045934564,0.5185105422034523,3.5,624.4158842588912,4.1602663872585435,1.258,0.02292596744809693,1.258,0.0,0.022917651,3.5
3.7966536370079345,0.5202981269861772,3.5,625.2889274617075,4.158792153342726,1.2590000000000001,0.022925967428642315,1.2590000000000001,0.0,0.022917651,3.5
3.7966438236904962,0.5220861908603872,3.5,626.1666222035237,4.157312457378516,1.26,0.022925967409187696,1.26,0.0,0.022917651,3.5
3.7966327463790006,0.523874740849454,3.5,627.0490366748321,4.155827219293536,1.2610000000000001,0.02292596738973308,1.2610000000000001,0.0,0.022917651,3.5
3.7966147843404685,0.5256797837611931,3.5,627.9397951289648,4.154297948551343,1.262,0.022925967370278463,1.262,0.0,0.022917651,3.5
3.796593178604091,0.5274911919324586,3.5,628.8367993426987,4.1527477375134065,1.2630000000000001,0.022925967350823844,1.2630000000000001,0.0,0.022917651,3.5
3.796570185114648,0.5293023197644321,3.5,629.7386612071471,4.151192255902733,1.264,0.02292596733136923,1.264,0.0,0.022917651,3.5
3.796545782347069,0.5311131629088459,3.5,630.64545606804,4.149631421968867,1.2650000000000001,0.02292596731191461,1.2650000000000001,0.0,0.022917651,3.5
3.7965192384022353,0.5329207426192178,3.5,631.5605520781749,4.148065287298145,1.2660000000000002,0.022925967292459992,1.266,0.0,0.022917651,3.5
3.796490766883936,0.5347262131050292,3.5,632.4828205917447,4.1464935517585175,1.2670000000000001,0.022925967273005377,1.2670000000000001,0.0,0.022917651,3.5
3.796460789937023,0.5365314805458234,3.5,633.4102486591643,4.144915997428254,1.268,0.022925967253550762,1.268,0.0,0.022917651,3.5
3.7964292830300637,0.5383365416329186,3.5,634.3429203569927,4.143332529488323,1.2690000000000001,0.022925967234096147,1.2690000000000001,0.0,0.022917651,3.5
3.796396020599681,0.5401491190806027,3.5,635.2872113166029,4.141734523858632,1.27,0.022925967214641525,1.27,0.0,0.022917651,3.5
3.7963610132084424,0.5419639559199828,3.5,636.2395158678811,4.140127279376374,1.2710000000000004,0.02292596719518691,1.2710000000000001,0.0,0.022917651,3.5
3.796324307813482,0.5437776527331917,3.5,637.1972554193163,4.138514382937453,1.272,0.022925967175732295,1.272,0.0,0.022917651,3.5
3.796286050540033,0.5455887328175937,3.5,638.1605685510567,4.136897895373349,1.2730000000000001,0.022925967156277673,1.2730000000000001,0.0,0.022917651,3.5
3.7962478791952337,0.5473817282060313,3.5,639.1303353749448,4.135299831772841,1.274,0.022925967136823055,1.274,0.0,0.022917651,3.5
3.796207573804883,0.5491744995950952,3.5,640.1059872476319,4.1336934559557585,1.2750000000000001,0.02292596711736844,1.2750000000000001,0.0,0.022917651,3.5
3.796165102499426,0.5509670436396076,3.5,641.0876120556571,4.132078643788559,1.2760000000000002,0.02292596709791382,1.276,0.0,0.022917651,3.5
3.7961143063843577,0.552757532855406,3.5,642.0761290366921,4.13043259011283,1.2770000000000001,0.022925967078459206,1.2770000000000001,0.0,0.022917651,3.5
3.7960577584614974,0.5545466543318257,3.5,643.071454516277,4.12876489868394,1.278,0.02292596705900459,1.278,0.0,0.022917651,3.5
3.795999234552541,0.556335518389803,3.5,644.0732295311108,4.127089560660195,1.2790000000000001,0.02292596703954997,1.2790000000000001,0.0,0.022917651,3.5
3.7959379710102867,0.5581231605788717,3.5,645.0840018942679,4.125404486381215,1.2800000000000002,0.022925967020095354,1.28,0.0,0.022917651,3.5
3.795873191236911,0.5599084778351072,3.5,646.1063919582471,4.123707673087543,1.281,0.022925967000640736,1.281,0.0,0.022917651,3.5
3.79580636591781,0.5616933934890072,3.5,647.1355001194574,4.122003079236873,1.282,0.022925966981186117,1.282,0.0,0.022917651,3.5
3.795737115471453,0.5634770199514253,3.5,648.1727400106626,4.120290073493367,1.2829999999999997,0.022925966961731502,1.283,0.0,0.022917651,3.5
3.795664407583091,0.5652568170423843,3.5,649.2219507785209,4.118567065041805,1.284,0.022925966942276887,1.284,0.0,0.022917651,3.5
3.7955895248149534,0.5670362002658829,3.5,650.2782489994835,4.1168357709501135,1.285,0.02292596692282227,1.285,0.0,0.022917651,3.5
3.7955120111630376,0.5688142163993307,3.5,651.3433813566476,4.115095321597675,1.286,0.02292596690366703,1.286,0.0,0.022917651,3.5
3.795430841905757,0.5705886050928901,3.5,652.4213668811553,4.113343881420694,1.2869999999999997,0.02292596688543369,1.287,0.0,0.022917651,3.5
3.7953474195725865,0.5723626404659538,3.5,653.5067685312963,4.1115837824642965,1.288,0.022925966867023532,1.288,0.0,0.022917651,3.5
3.7952637084163503,0.5741378906752806,3.5,654.603624982597,4.109821309146466,1.289,0.022925966848025132,1.289,0.0,0.022917651,3.5
3.795180809471172,0.5759130700554759,3.5,655.7143600509219,4.108062148032583,1.29,0.02292596682829585,1.29,0.0,0.022917651,3.5
3.7950952949708614,0.5776844907600533,3.5,656.8325263486319,4.106296283082159,1.291,0.022925966808566563,1.291,0.0,0.022917651,3.5
3.795005945509986,0.5794444942677257,3.5,657.9603271021314,4.104526502261244,1.292,0.022925966788837283,1.292,0.0,0.022917651,3.5
3.7949128201515174,0.5811987676383021,3.5,659.0984929467458,4.102747353082706,1.2929999999999997,0.022925966769108,1.293,0.0,0.022917651,3.5
3.794816616482703,0.5829535731350475,3.5,660.2460797864634,4.10095535877089,1.294,0.022925966749378714,1.294,0.0,0.022917651,3.5
3.7947107088008973,0.5847202836709287,3.5,661.4321809730287,4.099112642217595,1.295,0.02292596672964943,1.295,0.0,0.022917651,3.5
3.7946011085650615,0.586488986531143,3.5,662.6324234218846,4.09725316312965,1.296,0.02292596670992015,1.296,0.0,0.022917651,3.5
3.794487199198024,0.5882434597007866,3.5,663.8447969453757,4.095390672040683,1.297,0.02292596669025788,1.297,0.0,0.022917651,3.5
3.794368152621612,0.5899744219688924,3.5,665.0701999347741,4.093531134470372,1.298,0.02292596667062188,1.298,0.0,0.022917651,3.5
3.7942462731678415,0.591704340537676,3.5,666.3060057687808,4.091661308834265,1.299,0.02292596665088572,1.299,0.0,0.022917651,3.5
3.7941212959940542,0.5934334403516236,3.5,667.5570429498938,4.0897799271015325,1.3,0.022925966635432563,1.3,0.0,0.022917651,3.5
3.7940306005023965,0.5949840977755176,3.5,668.6310505348703,4.088188339510476,1.3010000000000002,0.022925966657509903,1.301,0.0,0.022917651,3.5
3.7939374551007394,0.5965330171155567,3.5,669.7131260427462,4.086588686837513,1.302,0.022925966680739443,1.302,0.0,0.022917651,3.5
3.7938416667922277,0.5980798785740138,3.5,670.8039513737432,4.084980516611624,1.303,0.0229259667052886,1.303,0.0,0.022917651,3.5
3.793744610104515,0.5996270736571796,3.5,671.898958780902,4.083366939408288,1.304,0.022925966729746144,1.304,0.0,0.022917651,3.5
3.793645472383975,0.6011720709039658,3.5,673.0027062661092,4.081747245088861,1.3050000000000002,0.0229259667488761,1.305,0.0,0.022917651,3.5
3.793544885659488,0.6027168770091387,3.5,674.1116186516431,4.080121947543429,1.306,0.02292596676695738,1.306,0.0,0.022917651,3.5
3.7934427150472962,0.6042608663400871,3.5,675.2262088408664,4.078491127517041,1.3070000000000002,0.02292596678503866,1.307,0.0,0.022917651,3.5
3.7933384309256915,0.6058019602616947,3.5,676.3490480027855,4.076854738809821,1.308,0.02292596680311995,1.308,0.0,0.022917651,3.5
3.7932328257123396,0.6073433761760921,3.5,677.4762792250353,4.075212743825503,1.3090000000000002,0.02292596682120123,1.309,0.0,0.022917651,3.5
3.7931251722070263,0.6088798328859739,3.5,678.6119434879846,4.073567517287236,1.3100000000000003,0.022925966839282514,1.31,0.0,0.022917651,3.5
3.79301592429466,0.6104147901443207,3.5,679.7534911257221,4.07191741339441,1.3110000000000002,0.022925966857363804,1.311,0.0,0.022917651,3.5
3.7929029364497073,0.6119493466472697,3.5,680.900807797482,4.070252751870911,1.312,0.022925966875445083,1.312,0.0,0.022917651,3.5
3.792782051900317,0.6134821262243987,3.5,682.0562704912593,4.068558284183405,1.3130000000000002,0.022925966893526366,1.313,0.0,0.022917651,3.5
3.792659866739907,0.615015253452777,3.5,683.2165335360702,4.066858266394069,1.314,0.022925966911607653,1.314,0.0,0.022917651,3.5
3.792534554611008,0.6165477541510243,3.5,684.3930183272774,4.065146366446029,1.315,0.022925966929688936,1.315,0.0,0.022917651,3.5
3.7924078209538044,0.6180807614439655,3.5,685.5756634450129,4.063428273647492,1.3160000000000005,0.02292596694777022,1.316,0.0,0.022917651,3.5
3.792278652348624,0.6196085025514739,3.5,686.7690779359849,4.061705701782483,1.317,0.022925966965851502,1.317,0.0,0.022917651,3.5
3.7921475724494655,0.6211335489787615,3.5,687.970898370162,4.059978176819718,1.3180000000000003,0.02292596698393279,1.318,0.0,0.022917651,3.5
3.7920145801221485,0.6226571641797151,3.5,689.18095381057,4.0582444363202566,1.3190000000000002,0.022925967002014068,1.319,0.0,0.022917651,3.5
3.791879522868524,0.6241789359473027,3.5,690.3999696816079,4.0565042831435125,1.3200000000000003,0.022925967020095354,1.32,0.0,0.022917651,3.5
3.791742831131405,0.6257034429760973,3.5,691.6315752772882,4.054754855783306,1.3210000000000002,0.02292596703817664,1.321,0.0,0.022917651,3.5
3.7916039780684896,0.6272357536699478,3.5,692.8890832831396,4.052988976873488,1.322,0.02292596705625792,1.322,0.0,0.022917651,3.5
3.791463380760298,0.628765618509438,3.5,694.1539983080474,4.051218567640711,1.323,0.02292596707530639,1.323,0.0,0.022917651,3.5
3.791318103146822,0.6302738042248038,3.5,695.4404210829908,4.049451122659504,1.324,0.022925967103297085,1.324,0.0,0.022917651,3.5
3.7911713933307545,0.6317822762046472,3.5,696.732356276521,4.047677662536193,1.3250000000000002,0.022925967131079503,1.325,0.0,0.022917651,3.5
3.7910210893312506,0.633287646277108,3.5,698.0323277210456,4.045892917919848,1.3260000000000003,0.022925967148908388,1.326,0.0,0.022917651,3.5
3.790869137541326,0.6347932390405874,3.5,699.3377160325624,4.044101359532338,1.327,0.02292596716671501,1.327,0.0,0.022917651,3.5
3.790714992076812,0.6362954011872869,3.5,700.6532036945972,4.042304468165321,1.328,0.022925967184521622,1.328,0.0,0.022917651,3.5
3.790559151748479,0.6377975953103142,3.5,701.9744860644475,4.040500766134745,1.329,0.022925967202328236,1.329,0.0,0.022917651,3.5
3.7904007603839167,0.6392986693534277,3.5,703.3058949848254,4.038687971416701,1.33,0.022925967220134853,1.33,0.0,0.022917651,3.5
3.790240587599352,0.64079994739094,3.5,704.6432856741545,4.036867846085012,1.331,0.022925967237941474,1.331,0.0,0.022917651,3.5
3.7900778580633046,0.6422938914833826,3.5,705.9906132526648,4.035044832282353,1.3319999999999999,0.02292596725574809,1.332,0.0,0.022917651,3.5
3.7899132899744736,0.6437872641690718,3.5,707.3439481474541,4.033215035890891,1.3330000000000002,0.022925967273554712,1.333,0.0,0.022917651,3.5
3.7897466487085154,0.6452772194290919,3.5,708.7189211865682,4.031380362392686,1.3340000000000003,0.022925967300396786,1.334,0.0,0.022917651,3.5
3.789578201834901,0.646767036214563,3.5,710.1013941026155,4.029538604849408,1.3350000000000002,0.022925967327184906,1.335,0.0,0.022917651,3.5
3.7894076733756257,0.6482554213868627,3.5,711.504077464084,4.027689952344405,1.3360000000000003,0.022925967349887427,1.336,0.0,0.022917651,3.5
3.789234672301995,0.6497436274319355,3.5,712.9150568798007,4.025831587756497,1.337,0.022925967372247846,1.337,0.0,0.022917651,3.5
3.789055288530369,0.6512303905409305,3.5,714.341136890382,4.023949129777401,1.3380000000000003,0.022925967390054463,1.338,0.0,0.022917651,3.5
3.7888730169803475,0.6527154693403465,3.5,715.7758631950128,4.022056808613373,1.339,0.02292596741043746,1.339,0.0,0.022917651,3.5
3.7886860562663545,0.6541958994492846,3.5,717.2213451215699,4.020150388714641,1.3400000000000003,0.022925967437362756,1.34,0.0,0.022917651,3.5
3.7884965635626657,0.6556775002788275,3.5,718.6888700476641,4.018232666694079,1.3409999999999997,0.022925967459679647,1.341,0.0,0.022917651,3.5
3.7883045038041634,0.6571602018370751,3.5,720.1792269901946,4.016303572072537,1.342,0.022925967477211595,1.342,0.0,0.022917651,3.5
3.788110142903289,0.6586346782975447,3.5,721.6875945932165,4.014373498650251,1.343,0.022925967494743547,1.343,0.0,0.022917651,3.5
3.7879138365052554,0.6601058387250709,3.5,723.2071929188475,4.012438959535947,1.3440000000000003,0.022925967512275495,1.344,0.0,0.022917651,3.5
3.78771628938166,0.66157718248031,3.5,724.7387329957537,4.010499277326926,1.345,0.02292596753818261,1.345,0.0,0.022917651,3.5
3.7875158192083087,0.6630487052285404,3.5,726.2774552003103,4.008547722244084,1.346,0.022925967563706635,1.346,0.0,0.022917651,3.5
3.787309357916483,0.6645209795449962,3.5,727.8235095529839,4.006571445275126,1.347,0.022925967587548845,1.347,0.0,0.022917651,3.5
3.787101231163858,0.6659943435133769,3.5,729.3854432101086,4.004587418771137,1.348,0.02292596760870812,1.348,0.0,0.022917651,3.5
3.786891354246762,0.6674686729751256,3.5,730.962272847218,4.002595427829358,1.349,0.022925967627703187,1.349,0.0,0.022917651,3.5
3.786679335471873,0.668941584022662,3.5,732.5667074352625,4.000596293594341,1.35,0.02292596765218258,1.35,0.0,0.022917651,3.5
3.7864655419548585,0.6704148431405734,3.5,734.1841130910726,3.998589712418631,1.351,0.02292596767537515,1.351,0.0,0.022917651,3.5
3.786250987933077,0.6718904624528997,3.5,735.8157514868434,3.9965777262760014,1.352,0.0229259676920831,1.352,0.0,0.022917651,3.5
3.7860352093954575,0.6733693317314702,3.5,737.4585311482939,3.9945575896041734,1.3530000000000002,0.022925967718432638,1.353,0.0,0.022917651,3.5
3.7858179492820287,0.6748505723516458,3.5,739.1118607411538,3.9925291536761653,1.354,0.022925967751947728,1.354,0.0,0.022917651,3.5
3.785602213965668,0.6763408108151878,3.5,740.7909121864698,3.9904978160013567,1.355,0.022925967776731764,1.355,0.0,0.022917651,3.5
3.7853845194694546,0.6778322232873609,3.5,742.4874821702099,3.9884574693054753,1.3560000000000003,0.02292596780067443,1.356,0.0,0.022917651,3.5
3.785164700792562,0.6793253642552799,3.5,744.2110070269376,3.9864069022854673,1.357,0.022925967824326578,1.357,0.0,0.022917651,3.5
3.7849448543494364,0.680829302033882,3.5,745.9458111919237,3.984345423592667,1.358,0.02292596784720937,1.358,0.0,0.022917651,3.5
3.7847237943344663,0.68233917990324,3.5,747.6920217797166,3.9822731483577893,1.3589999999999998,0.022925967870152466,1.359,0.0,0.022917651,3.5
3.7844983680736144,0.683862192777253,3.5,749.4824168151687,3.980170272172341,1.3600000000000003,0.022925967903896796,1.36,0.0,0.022917651,3.5
3.7842730131906066,0.6853962593901956,3.5,751.2920336616519,3.97805663605027,1.3610000000000002,0.02292596793256724,1.361,0.0,0.022917651,3.5
3.7840481452826955,0.6869435269659727,3.5,753.1232537084676,3.975931756654269,1.362,0.022925967954900716,1.362,0.0,0.022917651,3.5
3.7838272561968584,0.6885149038958701,3.5,754.970842641007,3.9737986699718872,1.363,0.02292596797681203,1.363,0.0,0.022917651,3.5
3.7836058195647233,0.6900987271694875,3.5,756.8296142760026,3.9716509453213584,1.364,0.022925968002128497,1.364,0.0,0.022917651,3.5
3.783383422455587,0.6917088989686553,3.5,758.6988125524697,3.9694730329314147,1.3650000000000002,0.02292596803933614,1.365,0.0,0.022917651,3.5
3.7831637984483732,0.6933503812750877,3.5,760.5934600029092,3.9672749018224445,1.366,0.022925968066923364,1.366,0.0,0.022917651,3.5
3.782945094693255,0.6950115026116003,3.5,762.506842038692,3.9650608121236313,1.367,0.022925968088620588,1.367,0.0,0.022917651,3.5
3.782736925494944,0.6967348053111609,3.5,764.463694241672,3.9628266738897646,1.368,0.022925968108725634,1.368,0.0,0.022917651,3.5
3.7825322817493308,0.6984882693724237,3.5,766.4470012770362,3.9605764777027024,1.369,0.022925968128477647,1.369,0.0,0.022917651,3.5
3.78233530274179,0.7002935080858874,3.5,768.4703050384061,3.9583051681491197,1.37,0.02292596814784157,1.37,0.0,0.022917651,3.5
3.782148853019827,0.702170785020403,3.5,770.5323062027494,3.9560039458933143,1.3710000000000002,0.022925968166821565,1.371,0.0,0.022917651,3.5
3.7819662639210647,0.7040829455128863,3.5,772.6189056010155,3.9536832865254943,1.3720000000000003,0.022925968185468115,1.372,0.0,0.022917651,3.5
3.7818063914828235,0.7061280583967265,3.5,774.7495477683699,3.9513205317304783,1.373,0.02292596819950694,1.373,0.0,0.022917651,3.5
3.781654601626579,0.7082272882366499,3.5,776.9047503639665,3.948935986205406,1.3740000000000003,0.022925968213471346,1.374,0.0,0.022917651,3.5
3.781529210790026,0.7104747661443044,3.5,779.1068387725536,3.9465087766740177,1.375,0.022925968227432626,1.375,0.0,0.022917651,3.5
3.7814291535604934,0.7128626101638353,3.5,781.3604200986663,3.9440425488598594,1.3760000000000001,0.02292596824139391,1.3760000000000001,0.0,0.022917651,3.5
3.781353862554633,0.7153876410232795,3.5,783.6654310955228,3.9415382124269094,1.377,0.0229259682553552,1.377,0.0,0.022917651,3.5
3.781336728312781,0.7182151698738227,3.5,786.0760705513114,3.938963993236555,1.3780000000000001,0.022925968269316484,1.3780000000000001,0.0,0.022917651,3.5
3.781364891923345,0.7212755717502762,3.5,788.6547840346816,3.936338088161944,1.379,0.022925968283277767,1.379,0.0,0.022917651,3.5
3.781465231844449,0.7246932054546669,3.5,791.5376872825486,3.933643654558239,1.3800000000000003,0.022925968297239047,1.3800000000000001,0.0,0.022917651,3.5
3.7816645166996303,0.7285864179792172,3.5,794.8535271471599,3.930869433057707,1.381,0.022925968311200334,1.381,0.0,0.022917651,3.5
3.7819931532497555,0.7331201024230662,3.5,798.728713081647,3.92797214057601,1.3820000000000001,0.022925968325161618,1.3820000000000001,0.0,0.022917651,3.5
3.7825354375882903,0.7386855590120494,3.5,803.4389204841988,3.924897671963618,1.383,0.0229259683391229,1.383,0.0,0.022917651,3.5
3.783361741558362,0.7456474504509585,3.5,809.2685237344041,3.921562852504046,1.3840000000000001,0.022925968353084185,1.3840000000000001,0.0,0.022917651,3.5
3.7846391815698044,0.7550181251430361,3.5,816.96481979605,3.9176237794821556,1.385,0.02292596836704547,1.385,0.0,0.022917651,3.5
3.786877222813487,0.7689769447675803,3.5,828.2144597940965,3.9129389596188546,1.3860000000000001,0.022925968381006752,1.3860000000000001,0.0,0.022917651,3.5
3.7913830286479917,0.7957220503738535,3.5,849.1622250637331,3.9045389186224186,1.3869999999999998,0.022925968394968035,1.387,0.0,0.022917651,3.5
3.7970694008433488,0.8650560540060565,3.5,874.8081369165021,3.8582722684877266,1.3880000000000003,0.02292596840892932,1.3880000000000001,0.0,0.022917651,3.5
3.7864632232291084,0.8670324375459337,3.5,880.4390488907782,3.8141930235844415,1.389,0.022925968422890602,1.389,0.0,0.022917651,3.5
3.782308119147584,0.8685680975429446,3.5,886.2175327084703,3.79635879113442,1.3900000000000001,0.022925968463353718,1.3900000000000001,0.0,0.022917651,3.5
3.779019760194342,0.868485381468626,3.5,892.2092328470083,3.7836099067467037,1.3910000000000002,0.022925968642574537,1.391,0.0,0.022917651,3.5
3.7756946670215887,0.8673814562035211,3.5,898.2834219236485,3.7717353066237327,1.3920000000000003,0.022925969088221747,1.3920000000000001,0.0,0.022917651,3.5
3.771934448647461,0.8645981972170796,3.5,904.3824453698611,3.7597995422866193,1.3930000000000002,0.022925970436410724,1.393,0.0,0.022917651,3.5
3.7674888398554187,0.8592019142475993,3.5,910.4676426972585,3.7477352433832785,1.3940000000000003,0.022925974131293513,1.3940000000000001,0.0,0.022917651,3.5
3.762057682908719,0.8496351859019611,3.5,916.4862763815263,3.7358991809251063,1.395,0.022925988546882558,1.395,0.0,0.022917651,3.5
3.7553628433447446,0.8340035764771422,3.5,922.3712325475011,3.7250732955246377,1.3960000000000001,0.022926060654296254,1.3960000000000001,0.0,0.022917651,3.5
3.74731146990942,0.810576952596275,3.5,928.0298613831262,3.7166162586979694,1.397,0.022926487003234033,1.397,0.0,0.022917651,3.5
3.7381583739342052,0.7801321816290584,3.5,933.3412399692332,3.710770489638082,1.3980000000000001,0.022929909548546373,1.3980000000000001,0.0,0.022917651,3.5
3.7289387437355828,0.7501837907026226,3.5,938.2195491689562,3.704162215873911,1.3990000000000002,0.02295412734685517,1.399,0.0,0.022917651,3.5
3.720225975820887,0.7262925610116464,3.5,942.8654366192446,3.693524216441878,1.4000000000000001,0.023015822186140775,1.4000000000000001,0.0,0.022917651,3.5
3.7147651265545143,0.716352840365946,3.5,946.0990676696036,3.681920175862635,1.4010000000000002,0.023089546754220293,1.401,0.0,0.022917651,3.5
3.7100959602064556,0.7130658015455065,3.5,949.2800570916226,3.6668301796379645,1.4020000000000001,0.023195633541180108,1.4020000000000001,0.0,0.022917651,3.5
3.7062814492738156,0.7159797211793859,3.5,952.4424488809656,3.648957849117775,1.403,0.02334539012532963,1.403,0.0,0.022917651,3.5
3.703281364860094,0.7237449060110756,3.5,955.6262754396051,3.629491962298429,1.4040000000000001,0.02353096260418729,1.4040000000000001,0.0,0.022917651,3.5
3.7008990328784286,0.7344904603585145,3.5,958.866690242216,3.6095167235482295,1.4049999999999998,0.023739566042049184,1.405,0.0,0.022917651,3.5
3.6990408784785385,0.7469190698678142,3.5,962.1945671975618,3.5899551044337126,1.4060000000000004,0.02397703245328616,1.4060000000000001,0.0,0.022917651,3.5
3.6976191062900012,0.7599729487145438,3.5,965.6224555794681,3.571513781570629,1.407,0.024215349902073285,1.407,0.0,0.022917651,3.5
3.696467864617793,0.7729241918198272,3.5,969.1567529749445,3.5542571885612886,1.4080000000000001,0.02447347999630711,1.408,0.0,0.022917651,3.5
3.695519414980409,0.7857661332497116,3.5,972.8024223646393,3.537921090589398,1.409,0.024698099019879228,1.409,0.0,0.022917651,3.5
3.694615006598169,0.7992773019061211,3.5,976.574024871703,3.5210919203508477,1.41,0.02499257604637475,1.41,0.0,0.022917651,3.5
3.6935526885452172,0.8153899506516741,3.5,980.5045298958154,3.50102962779675,1.4110000000000003,0.025380817646013347,1.411,0.0,0.022917651,3.5
3.6923959173431644,0.8345563181304987,3.5,984.6387048653612,3.4775358145170703,1.4120000000000001,0.02592908759758198,1.412,0.0,0.022917651,3.5
3.6913575045253264,0.8542361254370201,3.5,988.9918295350844,3.4540019936490993,1.413,0.02649903874304074,1.413,0.0,0.022917651,3.5
3.6904663197019945,0.8732743478843686,3.5,993.5617093562477,3.4316986504922466,1.414,0.027072544861296156,1.414,0.0,0.022917651,3.5
3.68963512681951,0.8927046883995567,3.5,998.3692102285545,3.4092431861823482,1.4150000000000005,0.0276846969328889,1.415,0.0,0.022917651,3.5
3.688811033817587,0.9128434117671209,3.5,1003.435172911729,3.3861077214069466,1.4159999999999997,0.028288586902935585,1.416,0.0,0.022917651,3.5
3.6880056166463397,0.9336554549503397,3.5,1008.7853028216283,3.362373630275414,1.4169999999999998,0.02890179984003261,1.417,0.0,0.022917651,3.5
3.6871927704751686,0.9552798523961761,3.5,1014.4463488057241,3.3377974880631593,1.4180000000000001,0.0295246202529166,1.418,0.0,0.022917651,3.5
3.686360045862411,0.9774274915745981,3.5,1020.4626049726551,3.31261858078227,1.419,0.030144588064590142,1.419,0.0,0.022917651,3.5
3.685497158047945,1.0009422991896904,3.5,1026.8439119490859,3.2859518516677646,1.4200000000000002,0.030728673805651602,1.42,0.0,0.022917651,3.5
3.6845638344360605,1.0256236067555171,3.5,1033.639236229068,3.2578368815871754,1.421,0.031322935941912475,1.421,0.0,0.022917651,3.5
3.6835792244358285,1.051511878175969,3.5,1040.9126974269022,3.2283098027220505,1.4220000000000002,0.0318530603658599,1.422,0.0,0.022917651,3.5
3.6824972584643465,1.0786933585378384,3.5,1048.7158271606304,3.1971000964002263,1.4230000000000003,0.032363909848727654,1.423,0.0,0.022917651,3.5
3.681356469802456,1.1073875993512965,3.5,1057.1282978869754,3.1641423275777854,1.4239999999999997,0.03280204146224856,1.424,0.0,0.022917651,3.5
3.6801106908153134,1.1374472257145563,3.5,1066.2419669517722,3.129399208061601,1.4250000000000003,0.03318428265870112,1.425,0.0,0.022917651,3.5
3.6787910764717524,1.1688366327028215,3.5,1076.1598808837027,3.09303098426112,1.426,0.03352674784890765,1.426,0.0,0.022917651,3.5
3.677464126677273,1.2001995279101616,3.5,1086.9768434734474,3.056659925348137,1.427,0.03377401656824621,1.427,0.0,0.022917651,3.5
3.676758784441572,1.218393147910233,3.5,1098.7005296720463,3.035944571551427,1.428,0.03386013054965967,1.428,0.0,0.022917651,3.5
3.6758483121161465,1.2410204035715005,3.5,1110.7790203057334,3.00997505472778,1.4290000000000003,0.03396102275582282,1.429,0.0,0.022917651,3.5
3.6740889072426635,1.278616595967146,3.5,1123.9995063475576,2.9656408645997936,1.4299999999999997,0.03407042467537847,1.43,0.0,0.022917651,3.5
3.67210388923382,1.31927348475136,3.5,1138.63347981632,2.9173435414462836,1.431,0.03414327551876725,1.431,0.0,0.022917651,3.5
3.669914435194278,1.36319648618526,3.5,1155.2714822446405,2.8649623640515065,1.432,0.03419438573710406,1.432,0.0,0.022917651,3.5
3.66749609326429,1.410737197517594,3.5,1174.8699690655537,2.808047920725882,1.433,0.034253577785098285,1.433,0.0,0.022917651,3.5
3.664925949092844,1.4603443000891339,3.5,1199.0261094979376,2.7484598649096754,1.434,0.03427835160706724,1.434,0.0,0.022917651,3.5
3.661851932841922,1.5168580793582682,3.5,1227.7587676923927,2.6799496481786123,1.435,0.034290742177383864,1.435,0.0,0.022917651,3.5
3.6582787728837056,1.5805649042802876,3.5,1263.7242222026966,2.602249817108845,1.436,0.0342848416270143,1.436,0.0,0.022917651,3.5
3.6542669179549336,1.6501073412444502,3.5,1309.677877791768,2.5169596018206604,1.437,0.034275692193341,1.437,0.0,0.022917651,3.5
3.6497463524879428,1.7259949582402647,3.5,1369.2303555574754,2.4232893541009863,1.4380000000000002,0.0342665427596677,1.438,0.0,0.022917651,3.5
3.6493047983333295,1.7381377636686413,3.5,1443.8269677689498,2.4096799612617383,1.439,0.034257393325994395,1.439,0.0,0.022917651,3.5
3.6456933186233753,1.7985138732026007,3.5,1536.8758164907351,2.335157555334555,1.44,0.034248243892321104,1.44,0.0,0.022917651,3.5
3.640028931872909,1.888145915519515,3.5,1659.4406835991506,2.223167607886119,1.441,0.0342390944586478,1.441,0.0,0.022917651,3.5
3.631458174743742,2.0173202039061966,3.5,1838.9750179304012,2.060009929698965,1.442,0.0342299450249745,1.442,0.0,0.022917651,3.5
3.6198516918900325,2.1855373360396753,3.5,2127.854624702945,1.8456664915210375,1.443,0.0342207955913012,1.443,0.0,0.022917651,3.5
3.6022515452069612,2.4271317400032713,3.5,2681.8793729012973,1.5339711278672719,1.444,0.0342116461576279,1.444,0.0,0.022917651,3.5
3.5680912495173613,2.846472621243221,3.5,4272.386947067241,0.9782887006356996,1.4450000000000003,0.034202496723954603,1.445,0.0,0.022917651,3.5
