log_Teff,LogL_lsun,Age_gyr,Step,Log_g,Mass_msun,feh,Mass_input,Metallicity_input,Z_used,Age_input
3.5434726364290063,-1.389338908336361,0.019999999999999997,229.1125046797933,4.4331355563862465,0.3,0.02292597478419034,0.3,0.0,0.022917651,0.019999999999999997
3.5449970404285507,-1.3710957652152023,0.019999999999999997,228.75469743794696,4.433483904113286,0.30999999999999994,0.022925975967033406,0.31,0.0,0.022917651,0.019999999999999997
3.546513163764666,-1.3528976426072443,0.019999999999999997,228.4205086455242,4.433844134301415,0.32,0.022925976590419055,0.32,0.0,0.022917651,0.019999999999999997
3.5480199876710956,-1.334930094584283,0.019999999999999997,228.07669612859098,4.4343977568707995,0.33,0.022925977502960885,0.33,0.0,0.022917651,0.019999999999999997
3.5495180280119842,-1.3172772540038484,0.019999999999999997,227.73543804066344,4.435230963009888,0.34,0.022925978630166783,0.34,0.0,0.022917651,0.019999999999999997
3.5510094669516077,-1.2999349608555726,0.019999999999999997,227.41802278430836,4.4363483001052275,0.35000000000000003,0.022925979914874866,0.35000000000000003,0.0,0.022917651,0.019999999999999997
3.5524914802856493,-1.283020412274268,0.019999999999999997,227.120138989525,4.437855676134721,0.36,0.022925981519204986,0.36,0.0,0.022917651,0.019999999999999997
3.5539565367326715,-1.2663499223532648,0.019999999999999997,226.83927145360755,4.439539291006624,0.37,0.022925983277606515,0.37,0.0,0.022917651,0.019999999999999997
3.5554051857398608,-1.2497989848143312,0.019999999999999997,226.57402476874336,4.441276822704001,0.38,0.02292598494493099,0.38,0.0,0.022917651,0.019999999999999997
3.5568444004495623,-1.2335898357023631,0.019999999999999997,226.31841678899715,4.443318403201992,0.39,0.022925986748472186,0.39,0.0,0.022917651,0.019999999999999997
3.558286116651624,-1.2177082762898743,0.019999999999999997,226.05962076757228,4.445697582124138,0.4000000000000001,0.02292598900360039,0.4,0.0,0.022917651,0.019999999999999997
3.559666952690412,-1.2022539847140157,0.019999999999999997,224.85893179035094,4.445457632587395,0.41000000000000003,0.02292599049581946,0.41000000000000003,0.0,0.022917651,0.019999999999999997
3.5610340763279384,-1.187064011638014,0.019999999999999997,223.67857844370306,4.445427151008565,0.42,0.022925991720542934,0.42,0.0,0.022917651,0.019999999999999997
3.5623911213812463,-1.1721434725529245,0.019999999999999997,222.51172833598702,4.445625793127298,0.42999999999999994,0.022925993052685213,0.43,0.0,0.022917651,0.019999999999999997
3.5637331499227116,-1.157607534324352,0.019999999999999997,221.35736306822625,4.446148969652906,0.44,0.022925994154565366,0.44,0.0,0.022917651,0.019999999999999997
3.565060834496378,-1.1434448224270564,0.019999999999999997,220.22554839124902,4.446987998121608,0.45000000000000007,0.02292599488741309,0.45,0.0,0.022917651,0.019999999999999997
3.566380624939377,-1.1296272541662815,0.019999999999999997,219.12394257766104,4.448140594077236,0.46,0.022925995606247907,0.46,0.0,0.022917651,0.019999999999999997
3.567703182224105,-1.1161003658053021,0.019999999999999997,218.03568607197866,4.44959493510574,0.47000000000000003,0.022925995691852472,0.47000000000000003,0.0,0.022917651,0.019999999999999997
3.569023001655667,-1.102866415141589,0.019999999999999997,216.9693675132757,4.451331260446169,0.48000000000000004,0.022925994766893873,0.48,0.0,0.022917651,0.019999999999999997
3.5703481510694095,-1.0897853585643915,0.019999999999999997,215.91296936142535,4.453241795643996,0.49,0.022925993885278363,0.49,0.0,0.022917651,0.019999999999999997
3.571664688527644,-1.0773190773053263,0.019999999999999997,214.8830890361843,4.455732673271632,0.5,0.02292599156448003,0.5,0.0,0.022917651,0.019999999999999997
3.5730147088910793,-1.0643700150647881,0.019999999999999997,214.82108795279984,4.456101819032155,0.51,0.022925991049790102,0.51,0.0,0.022917651,0.019999999999999997
3.574367230941283,-1.0513923943533643,0.019999999999999997,214.7606414894474,4.456452412221134,0.52,0.0229259905342043,0.52,0.0,0.022917651,0.019999999999999997
3.5757221399515107,-1.0383875248555587,0.019999999999999997,214.7016783516318,4.45678530365497,0.5300000000000001,0.0229259900177637,0.53,0.0,0.022917651,0.019999999999999997
3.577079328104516,-1.0253566373792145,0.019999999999999997,214.64413153861838,4.457101292909054,0.54,0.022925989500506918,0.54,0.0,0.022917651,0.019999999999999997
3.5784388580239437,-1.0122955654676438,0.019999999999999997,214.58779254106665,4.4573964641077835,0.5500000000000002,0.022925988984436648,0.55,0.0,0.022917651,0.019999999999999997
3.579801705541003,-0.9991738552656271,0.019999999999999997,214.53164488591418,4.4576442673229035,0.56,0.022925988477227006,0.56,0.0,0.022917651,0.019999999999999997
3.5811666920889387,-0.986030199177813,0.019999999999999997,214.47659291306587,4.457878680542574,0.5700000000000001,0.022925987962098143,0.5700000000000001,0.0,0.022917651,0.019999999999999997
3.58253372646565,-0.9728655329134109,0.019999999999999997,214.4225899057917,4.458100274677544,0.5800000000000001,0.022925987439387698,0.58,0.0,0.022917651,0.019999999999999997
3.583902722581172,-0.9596807397324708,0.019999999999999997,214.36959176596704,4.458309588637389,0.59,0.022925986909414414,0.59,0.0,0.022917651,0.019999999999999997
3.58527359910444,-0.9464766540700048,0.019999999999999997,214.31755683313287,4.458507131541729,0.6,0.022925986372479393,0.6,0.0,0.022917651,0.019999999999999997
3.5873865061590418,-0.927372893534746,0.019999999999999997,214.04549948113996,4.454549688736792,0.61,0.022925984673074457,0.61,0.0,0.022917651,0.019999999999999997
3.589210930956958,-0.9112857513092033,0.019999999999999997,213.79056873871397,4.452454931613029,0.6200000000000001,0.022925983368082357,0.62,0.0,0.022917651,0.019999999999999997
3.590869818954036,-0.8970061987389321,0.019999999999999997,213.54538793084703,4.451505603351716,0.6300000000000001,0.02292598249326215,0.63,0.0,0.022917651,0.019999999999999997
3.592430623503766,-0.8836969135436342,0.019999999999999997,213.29867567865222,4.451134211108094,0.64,0.02292598147341694,0.64,0.0,0.022917651,0.019999999999999997
3.59392357089708,-0.8711541568370016,0.019999999999999997,213.05457743278475,4.451257921073922,0.65,0.02292598071699321,0.65,0.0,0.022917651,0.019999999999999997
3.5953642565288577,-0.8592333592279667,0.019999999999999997,212.81355319477527,4.451794544107123,0.66,0.022925980358524566,0.66,0.0,0.022917651,0.019999999999999997
3.5967820453463752,-0.8474554030569807,0.019999999999999997,212.5631963933298,4.452382428619097,0.67,0.02292598010080482,0.67,0.0,0.022917651,0.019999999999999997
3.5981622468802668,-0.8361504466484171,0.019999999999999997,212.31661846988231,4.453292961383559,0.68,0.02292597971345989,0.68,0.0,0.022917651,0.019999999999999997
3.5995246383212236,-0.8250123879376021,0.019999999999999997,212.06623174439704,4.4542991464310875,0.6900000000000001,0.022925978963243474,0.6900000000000001,0.0,0.022917651,0.019999999999999997
3.600862694757637,-0.8141640078824075,0.019999999999999997,211.81662118479164,4.455497665689342,0.7,0.02292597832267348,0.7000000000000001,0.0,0.022917651,0.019999999999999997
3.6038692761270683,-0.7911196963571971,0.019999999999999997,212.22577164997594,4.4502788564997955,0.71,0.022925977552058347,0.71,0.0,0.022917651,0.019999999999999997
3.6066480955733096,-0.7694982267706536,0.019999999999999997,212.61378418555958,4.445571873317742,0.7200000000000001,0.02292597585510271,0.72,0.0,0.022917651,0.019999999999999997
3.6091409374519325,-0.7499233288289466,0.019999999999999997,212.98898144755753,4.441767545645044,0.73,0.0229259752166132,0.73,0.0,0.022917651,0.019999999999999997
3.6113313703631564,-0.7327350518482469,0.019999999999999997,213.35978245052513,4.439140197266003,0.7400000000000001,0.022925974612928862,0.74,0.0,0.022917651,0.019999999999999997
3.613234934792596,-0.7178958488847945,0.019999999999999997,213.72861573364722,4.43771443848881,0.75,0.02292597327228402,0.75,0.0,0.022917651,0.019999999999999997
3.6149036290978196,-0.7050917630238165,0.019999999999999997,214.0985439198338,4.437384324952245,0.76,0.02292597219402012,0.76,0.0,0.022917651,0.019999999999999997
3.6164062353818727,-0.6938403797462452,0.019999999999999997,214.47179090853996,4.43794257101061,0.77,0.022925971700301858,0.77,0.0,0.022917651,0.019999999999999997
3.617792293148867,-0.6837120619126653,0.019999999999999997,214.84731617914608,4.439157685257157,0.7800000000000001,0.02292597129026401,0.78,0.0,0.022917651,0.019999999999999997
3.619109118596638,-0.6742442058008549,0.019999999999999997,215.22065357706222,4.440756325901341,0.79,0.022925970885036222,0.79,0.0,0.022917651,0.019999999999999997
3.620386107199468,-0.6651496357414634,0.019999999999999997,215.5911116899969,4.442568896196818,0.8000000000000002,0.02292597048310565,0.8,0.0,0.022917651,0.019999999999999997
3.6231514340635345,-0.6462617337170125,0.019999999999999997,215.6601516739565,4.439857549721705,0.8100000000000002,0.022925970873408,0.81,0.0,0.022917651,0.019999999999999997
3.625893297176886,-0.627506274473585,0.019999999999999997,215.72700882233076,4.437184791411859,0.8200000000000001,0.022925971263367838,0.8200000000000001,0.0,0.022917651,0.019999999999999997
3.628606666729723,-0.6089116491241793,0.019999999999999997,215.7912152113015,4.4345588932240565,0.8300000000000003,0.02292597165291175,0.8300000000000001,0.0,0.022917651,0.019999999999999997
3.6312849646608165,-0.5905149879952069,0.019999999999999997,215.85215888303188,4.431990673348318,0.8400000000000001,0.022925972041943705,0.84,0.0,0.022917651,0.019999999999999997
3.6339265251415003,-0.5722830547458864,0.019999999999999997,215.90679292125623,4.429440233730429,0.8500000000000001,0.022925972410978514,0.85,0.0,0.022917651,0.019999999999999997
3.636519002635397,-0.5542883835802382,0.019999999999999997,215.9539524812198,4.426930726595047,0.86,0.022925972762465878,0.86,0.0,0.022917651,0.019999999999999997
3.6390353625794494,-0.5367504275021303,0.019999999999999997,215.99550695543454,4.424573464720672,0.8700000000000001,0.022925973127475085,0.87,0.0,0.022917651,0.019999999999999997
3.641451779337751,-0.5198121433908811,0.019999999999999997,216.02970188999933,4.422416102559716,0.88,0.022925973510238614,0.88,0.0,0.022917651,0.019999999999999997
3.6437485548868027,-0.5035473714776837,0.019999999999999997,216.05065135273003,4.42045368880459,0.89,0.022925973894416907,0.89,0.0,0.022917651,0.019999999999999997
3.6458844203273344,-0.4882771595723758,0.019999999999999997,216.05921984578455,4.418842196066222,0.9000000000000001,0.02292597435940492,0.9,0.0,0.022917651,0.019999999999999997
3.6491530690779665,-0.4677152108811206,0.019999999999999997,216.284602567901,4.415930587287786,0.91,0.022925973808406656,0.91,0.0,0.022917651,0.019999999999999997
3.652491360143536,-0.4468340875610108,0.019999999999999997,216.51898406787626,4.412978374859192,0.9200000000000002,0.02292597325847733,0.92,0.0,0.022917651,0.019999999999999997
3.655919144126961,-0.4255206395700232,0.019999999999999997,216.76312529604132,4.40995181011302,0.9300000000000003,0.022925972708207943,0.93,0.0,0.022917651,0.019999999999999997
3.6594298328734007,-0.4038434646172818,0.019999999999999997,217.01961814759113,4.406893137069447,0.9400000000000002,0.022925972160268114,0.9400000000000001,0.0,0.022917651,0.019999999999999997
3.663037099279329,-0.38173531406985595,0.019999999999999997,217.29009101206094,4.403789796963213,0.9500000000000001,0.022925971617752783,0.9500000000000001,0.0,0.022917651,0.019999999999999997
3.6667807217693427,-0.35898207207351673,0.019999999999999997,217.5766104463418,4.400586792593749,0.96,0.022925971074581084,0.96,0.0,0.022917651,0.019999999999999997
3.670655237803536,-0.33562209697650375,0.019999999999999997,217.88218819255738,4.397300633361413,0.9700000000000002,0.022925970531238474,0.97,0.0,0.022917651,0.019999999999999997
3.674684689264806,-0.31153527277152326,0.019999999999999997,218.2103520989421,4.39390737212992,0.9800000000000001,0.022925969983693863,0.98,0.0,0.022917651,0.019999999999999997
3.6788932648691084,-0.286601961095353,0.019999999999999997,218.5656277812281,4.390384117320178,0.99,0.022925969428190335,0.99,0.0,0.022917651,0.019999999999999997
3.6833117509321376,-0.26064714754211454,0.019999999999999997,218.95296923019097,4.386678991890388,1.0,0.022925968874685263,1.0,0.0,0.022917651,0.019999999999999997
3.687260465814552,-0.23634987661872736,0.019999999999999997,220.6781720624113,4.382315844092554,1.0100000000000002,0.022925969042930896,1.01,0.0,0.022917651,0.019999999999999997
3.6913193310588532,-0.2113920419738819,0.019999999999999997,222.42306713556846,4.377732737534208,1.0200000000000002,0.022925969207263735,1.02,0.0,0.022917651,0.019999999999999997
3.6954883378706342,-0.1857663007192394,0.019999999999999997,224.1901766589642,4.372922290651947,1.03,0.022925969380208234,1.03,0.0,0.022917651,0.019999999999999997
3.6997847972510685,-0.15933053223985202,0.019999999999999997,225.9816023479983,4.367811623546092,1.04,0.022925969552241535,1.04,0.0,0.022917651,0.019999999999999997
3.7042059488341965,-0.13211712206864099,0.019999999999999997,227.8001095628617,4.3624220857916445,1.0500000000000003,0.022925969713995575,1.05,0.0,0.022917651,0.019999999999999997
3.7087649453037805,-0.104012173509997,0.019999999999999997,229.6481250733212,4.356692397682458,1.06,0.022925969875581743,1.06,0.0,0.022917651,0.019999999999999997
3.7134663494212057,-0.07495338463595695,0.019999999999999997,231.52875794869226,4.350578495759316,1.07,0.022925970041978844,1.07,0.0,0.022917651,0.019999999999999997
3.7183228208944175,-0.044844901048727154,0.019999999999999997,233.44552302950873,4.344035163900135,1.08,0.022925970204247418,1.08,0.0,0.022917651,0.019999999999999997
3.723339646511946,-0.01358690087543427,0.019999999999999997,235.40174387404002,4.336983734209266,1.09,0.022925970363086922,1.09,0.0,0.022917651,0.019999999999999997
3.7285286417679804,0.01889260843063207,0.019999999999999997,237.40185938080037,4.329399480308068,1.1000000000000003,0.022925970521926423,1.1,0.0,0.022917651,0.019999999999999997
3.73293550054861,0.049501572228731146,0.019999999999999997,237.71417623236144,4.320196815507615,1.1100000000000003,0.02292597032188692,1.11,0.0,0.022917651,0.019999999999999997
3.7374278486938337,0.08098100801006027,0.019999999999999997,238.10698540894998,4.310465631394867,1.1200000000000003,0.022925970121906867,1.12,0.0,0.022917651,0.019999999999999997
3.742030708797972,0.11345169145102584,0.019999999999999997,238.6559058286682,4.300185241134878,1.1300000000000001,0.02292596992892699,1.1300000000000001,0.0,0.022917651,0.019999999999999997
3.746749640079709,0.1469999368303906,0.019999999999999997,239.5030334233133,4.289291567774788,1.1400000000000003,0.022925969732755076,1.1400000000000001,0.0,0.022917651,0.019999999999999997
3.7515632867671758,0.18145284846151571,0.019999999999999997,240.77728424556267,4.277872097007776,1.1500000000000001,0.022925969535462238,1.1500000000000001,0.0,0.022917651,0.019999999999999997
3.756507581128808,0.21680937383889248,0.019999999999999997,242.68119987331045,4.266071608834911,1.1600000000000001,0.0229259693381694,1.16,0.0,0.022917651,0.019999999999999997
3.761563418029989,0.2526338424497648,0.019999999999999997,245.3906516430797,4.2542493375023085,1.1700000000000002,0.022925969140876565,1.17,0.0,0.022917651,0.019999999999999997
3.7666993336900796,0.28829511499773813,0.019999999999999997,248.873663045073,4.242910601169611,1.1800000000000002,0.022925968943583726,1.18,0.0,0.022917651,0.019999999999999997
3.7718646983383404,0.32284667839948944,0.019999999999999997,252.69563081536134,4.232799337448037,1.19,0.022925968746290888,1.19,0.0,0.022917651,0.019999999999999997
3.7770017733743924,0.355157282702448,0.019999999999999997,256.4722577596914,4.224815890822729,1.2,0.022925968548998053,1.2,0.0,0.022917651,0.019999999999999997
3.7813125140779507,0.3786811409257701,0.019999999999999997,260.1758640227099,4.222011202415721,1.2100000000000002,0.02292596835719855,1.21,0.0,0.022917651,0.019999999999999997
3.785439315471308,0.3982536638337227,0.019999999999999997,264.4908542649296,4.222422096167229,1.2200000000000002,0.022925968165399047,1.22,0.0,0.022917651,0.019999999999999997
3.7893461018145183,0.41398350432534653,0.019999999999999997,269.8740343115586,4.2257956139395425,1.23,0.022925967973599543,1.23,0.0,0.022917651,0.019999999999999997
3.792953074273363,0.42582262260226467,0.019999999999999997,279.2862187700005,4.2318606043177,1.24,0.022925967781800036,1.24,0.0,0.022917651,0.019999999999999997
3.796194747235557,0.43326682214914886,0.019999999999999997,285.9375972956998,4.240859309044815,1.25,0.022925967590000533,1.25,0.0,0.022917651,0.019999999999999997
3.799025052721802,0.43608795407419065,0.019999999999999997,289.2636866273069,4.252835612157669,1.26,0.022925967398201026,1.26,0.0,0.022917651,0.019999999999999997
3.8013247700225063,0.4341379627443781,0.019999999999999997,291.40052537991124,4.2674606759968,1.27,0.022925967206401526,1.27,0.0,0.022917651,0.019999999999999997
3.8030869441811945,0.428279934818385,0.019999999999999997,293.0212382183098,4.283843598112032,1.2800000000000002,0.02292596701460202,1.28,0.0,0.022917651,0.019999999999999997
3.8042536411256864,0.41995451476465734,0.019999999999999997,294.0584968107962,4.300312028398839,1.29,0.022925966822802516,1.29,0.0,0.022917651,0.019999999999999997
3.804996998014282,0.41130694312012556,0.019999999999999997,294.78098981349734,4.31540924565822,1.3,0.022925966631003013,1.3,0.0,0.022917651,0.019999999999999997
3.805474113747631,0.4065761675471606,0.019999999999999997,296.1587234233147,4.325266954218823,1.3100000000000003,0.022925966814562514,1.31,0.0,0.022917651,0.019999999999999997
3.805931260146591,0.4050663655873396,0.019999999999999997,297.3951368585406,4.331823807168392,1.3200000000000003,0.02292596699812202,1.32,0.0,0.022917651,0.019999999999999997
3.8065594033408554,0.4083244046491852,0.019999999999999997,298.45623626182436,4.334296798095613,1.33,0.02292596718168152,1.33,0.0,0.022917651,0.019999999999999997
3.80761492381923,0.4178649202577911,0.019999999999999997,299.3189536412279,4.3321968329780205,1.3400000000000003,0.02292596736524103,1.34,0.0,0.022917651,0.019999999999999997
3.808777676181531,0.42891648881433514,0.019999999999999997,300.1381252491796,4.329014743368899,1.35,0.02292596754880053,1.35,0.0,0.022917651,0.019999999999999997
3.8099831451439123,0.4405752756096009,0.019999999999999997,300.94055556639535,4.32539630179455,1.3600000000000003,0.022925967732360036,1.36,0.0,0.022917651,0.019999999999999997
3.8112170470792517,0.45263823829266925,0.019999999999999997,301.73184256541884,4.321487416139813,1.37,0.02292596791591954,1.37,0.0,0.022917651,0.019999999999999997
3.8124708279706048,0.46498378115851596,0.019999999999999997,302.5153386966877,4.3173754660673325,1.3800000000000003,0.02292596809947904,1.3800000000000001,0.0,0.022917651,0.019999999999999997
3.8137390523483696,0.4775346387817002,0.019999999999999997,303.2931742041053,4.313115975140277,1.3900000000000001,0.02292596828303855,1.3900000000000001,0.0,0.022917651,0.019999999999999997
3.815018100834442,0.49023936155262576,0.019999999999999997,304.06676757746277,4.308745915466574,1.4000000000000001,0.022925968466598053,1.4000000000000001,0.0,0.022917651,0.019999999999999997
3.816912133695057,0.5057951727251886,0.019999999999999997,304.79168135501,4.30376255741595,1.41,0.02292596846385139,1.41,0.0,0.022917651,0.019999999999999997
3.818859964082574,0.5216015312622623,0.019999999999999997,305.49281271730416,4.2987438417329065,1.4200000000000002,0.022925968461104722,1.42,0.0,0.022917651,0.019999999999999997
3.8208800342011515,0.5377083030366637,0.019999999999999997,306.16267154483666,4.29371367144888,1.4299999999999997,0.022925968458358054,1.43,0.0,0.022917651,0.019999999999999997
3.8229254317707415,0.5538305412652375,0.019999999999999997,306.83007251527977,4.288769344938334,1.44,0.022925968455611387,1.44,0.0,0.022917651,0.019999999999999997
3.824999410137053,0.5699702326351691,0.019999999999999997,307.4946999135296,4.283921888951347,1.45,0.022925968452864723,1.45,0.0,0.022917651,0.019999999999999997
3.8271058047661244,0.5861297193110794,0.019999999999999997,308.15618153365887,4.279184303251591,1.4600000000000002,0.022925968450118052,1.46,0.0,0.022917651,0.019999999999999997
3.82924916953943,0.6023117821649604,0.019999999999999997,308.81407545240165,4.274572022569142,1.47,0.022925968447371388,1.47,0.0,0.022917651,0.019999999999999997
3.83143495322414,0.6185197485394527,0.019999999999999997,309.4678529039137,4.270103514721173,1.4800000000000002,0.02292596844462472,1.48,0.0,0.022917651,0.019999999999999997
3.833669811002557,0.6347289537867319,0.019999999999999997,310.1140642868142,4.265830065383992,1.49,0.022925968441878053,1.49,0.0,0.022917651,0.019999999999999997
3.83596556475092,0.6509305047302628,0.019999999999999997,310.75101427597707,4.261807855469175,1.5,0.02292596843913139,1.5,0.0,0.022917651,0.019999999999999997
3.8391928933665787,0.666267747401212,0.019999999999999997,312.0294670657855,4.262182801137059,1.51,0.022925968441878056,1.51,0.0,0.022917651,0.019999999999999997
3.842471952329834,0.6816168942390227,0.019999999999999997,313.3079564672963,4.262752763221849,1.5200000000000002,0.022925968444624724,1.52,0.0,0.022917651,0.019999999999999997
3.845803588289202,0.6969467229764595,0.019999999999999997,314.5847507890879,4.263552350343638,1.53,0.022925968447371384,1.53,0.0,0.022917651,0.019999999999999997
3.8491545445939748,0.7120559018809578,0.019999999999999997,315.85009834005274,4.264649867092161,1.54,0.022925968450118052,1.54,0.0,0.022917651,0.019999999999999997
3.852562416373417,0.7271610182911874,0.019999999999999997,317.1163593801938,4.2659791078855225,1.55,0.022925968452864723,1.55,0.0,0.022917651,0.019999999999999997
3.856033701020381,0.7422616084383516,0.019999999999999997,318.3836381921879,4.267566526024185,1.56,0.022925968455611387,1.56,0.0,0.022917651,0.019999999999999997
3.859486084802852,0.7570441649786622,0.019999999999999997,319.6411633001512,4.269396375269693,1.5699999999999998,0.022925968458358054,1.57,0.0,0.022917651,0.019999999999999997
3.862945958315901,0.771639016496094,0.019999999999999997,320.8950673650759,4.2714438895434474,1.5800000000000003,0.022925968461104722,1.58,0.0,0.022917651,0.019999999999999997
3.8664429986514572,0.7861483117508042,0.019999999999999997,322.149285827468,4.2737256281286635,1.59,0.02292596846385139,1.59,0.0,0.022917651,0.019999999999999997
3.869979056825649,0.800567789791454,0.019999999999999997,323.4038343452381,4.276253256078978,1.6000000000000003,0.022925968466598053,1.6,0.0,0.022917651,0.019999999999999997
3.873400197942906,0.8135010573960784,0.019999999999999997,324.37195408199716,4.279637450397689,1.61,0.02292596789119954,1.61,0.0,0.022917651,0.019999999999999997
3.8768852522218227,0.8264707865018567,0.019999999999999997,325.3457442576612,4.283240834772719,1.6200000000000003,0.022925967315801026,1.62,0.0,0.022917651,0.019999999999999997
3.880051375407391,0.8387346462016833,0.019999999999999997,326.30361445438143,4.2862743613811185,1.6300000000000001,0.02292596674040251,1.6300000000000001,0.0,0.022917651,0.019999999999999997
3.8832097339929663,0.8508871059192338,0.019999999999999997,327.2647099122365,4.289388228800425,1.6400000000000003,0.022925966165003992,1.6400000000000001,0.0,0.022917651,0.019999999999999997
3.8864070611069,0.8630112668471202,0.019999999999999997,328.23202169312344,4.292686268541875,1.65,0.022925965589605475,1.6500000000000001,0.0,0.022917651,0.019999999999999997
3.8895698622635777,0.8749629420115038,0.019999999999999997,329.20180639308546,4.296018689484771,1.6600000000000004,0.02292596501420696,1.6600000000000001,0.0,0.022917651,0.019999999999999997
3.8926871285996536,0.8867151369507619,0.019999999999999997,330.17412354320595,4.299368450805923,1.6700000000000002,0.02292596443880844,1.67,0.0,0.022917651,0.019999999999999997
3.895845558877469,0.8984203245664395,0.019999999999999997,331.1542831339363,4.3029298748234295,1.6800000000000002,0.02292596386340993,1.68,0.0,0.022917651,0.019999999999999997
3.89904873609457,0.9100744132405335,0.019999999999999997,332.1429677880837,4.306721385111168,1.6900000000000002,0.022925963288011414,1.69,0.0,0.022917651,0.019999999999999997
3.901907539328335,0.9214259888129295,0.019999999999999997,333.1071115948362,4.309437913648232,1.7,0.022925962712612897,1.7,0.0,0.022917651,0.019999999999999997
3.9044227008941212,0.9317554204116157,0.019999999999999997,333.71726258148675,4.311651489359471,1.7100000000000004,0.02292596346882425,1.71,0.0,0.022917651,0.019999999999999997
3.9069338529353663,0.9420279028368114,0.019999999999999997,334.33271587908325,4.313905975879058,1.7200000000000002,0.02292596422503561,1.72,0.0,0.022917651,0.019999999999999997
3.9094358823235975,0.9522523732348575,0.019999999999999997,334.95256793644876,4.316171983586075,1.73,0.022925964981246952,1.73,0.0,0.022917651,0.019999999999999997
3.911926920244182,0.96243604030843,0.019999999999999997,335.57611801234685,4.318434828552032,1.7399999999999998,0.022925965737458306,1.74,0.0,0.022917651,0.019999999999999997
3.914409871675841,0.9725793866484803,0.019999999999999997,336.2033568970126,4.320705648104423,1.7500000000000002,0.02292596649366966,1.75,0.0,0.022917651,0.019999999999999997
3.9168853121341343,0.9826852818823356,0.019999999999999997,336.83402205785984,4.322983874691785,1.76,0.02292596724988101,1.76,0.0,0.022917651,0.019999999999999997
3.9193022149747194,0.9928715897331744,0.019999999999999997,337.4545566507598,4.3249475384404255,1.77,0.022925968006092364,1.77,0.0,0.022917651,0.019999999999999997
3.921661072193027,1.0031658135994796,0.019999999999999997,338.06250694243414,4.3265711039929595,1.78,0.022925968762303718,1.78,0.0,0.022917651,0.019999999999999997
3.9240142612131215,1.0134620958542164,0.019999999999999997,338.6703144730583,4.328169938295344,1.79,0.02292596951851507,1.79,0.0,0.022917651,0.019999999999999997
3.926362933052234,1.0237600185090825,0.019999999999999997,339.2780082325199,4.32974906341878,1.8000000000000003,0.02292597027472642,1.8,0.0,0.022917651,0.019999999999999997
3.927876123525724,1.0347765858423073,0.019999999999999997,338.86033473641373,4.327133369378743,1.8100000000000003,0.02292596989936741,1.81,0.0,0.022917651,0.019999999999999997
3.929837265387398,1.0445869021332894,0.019999999999999997,338.65204932278334,4.327515730634674,1.8200000000000003,0.022925969524008407,1.82,0.0,0.022917651,0.019999999999999997
3.9318744669453674,1.0543063192883946,0.019999999999999997,338.4330706844446,4.328293227450655,1.83,0.022925969148649396,1.83,0.0,0.022917651,0.019999999999999997
3.9339781598413106,1.0638624587216894,0.019999999999999997,338.2339265412562,4.329499966685489,1.84,0.022925968773290388,1.84,0.0,0.022917651,0.019999999999999997
3.9361142846562838,1.0733389575579555,0.019999999999999997,338.04445690245205,4.330916073874065,1.85,0.02292596839793138,1.85,0.0,0.022917651,0.019999999999999997
3.938268651400824,1.0827706610751358,0.019999999999999997,337.86042886663773,4.332449943920332,1.86,0.022925968022572372,1.86,0.0,0.022917651,0.019999999999999997
3.940434294535485,1.0921746740186944,0.019999999999999997,337.67976459987966,4.334056609989651,1.8699999999999999,0.022925967647213368,1.87,0.0,0.022917651,0.019999999999999997
3.9426073944242246,1.1015603759783696,0.019999999999999997,337.50132469733376,4.335711413985727,1.8800000000000001,0.02292596727185436,1.8800000000000001,0.0,0.022917651,0.019999999999999997
3.944785681506117,1.1109333401423207,0.019999999999999997,337.32443214457146,4.337399704499051,1.8900000000000001,0.022925966896495353,1.8900000000000001,0.0,0.022917651,0.019999999999999997
3.9469677224124053,1.1202970863251913,0.019999999999999997,337.14865936491105,4.339112228254067,1.9000000000000001,0.022925966521136345,1.9000000000000001,0.0,0.022917651,0.019999999999999997
3.9488138601576748,1.129555922177124,0.019999999999999997,336.8062569289033,4.339465585946958,1.9100000000000001,0.022925965762178317,1.9100000000000001,0.0,0.022917651,0.019999999999999997
3.9506639672053008,1.1387669120558428,0.019999999999999997,336.4690933085061,4.339882666515932,1.9200000000000004,0.0229259650032203,1.92,0.0,0.022917651,0.019999999999999997
3.952519532688595,1.1479121059474306,0.019999999999999997,336.1391339107705,4.340387376393139,1.9299999999999997,0.022925964244262267,1.93,0.0,0.022917651,0.019999999999999997
3.9543828970955777,1.1569632916077743,0.019999999999999997,335.8194677886504,4.341017289594011,1.94,0.022925963485304242,1.94,0.0,0.022917651,0.019999999999999997
3.956257962141146,1.165873437762918,0.019999999999999997,335.51524455360993,4.3418350439507565,1.95,0.022925962726346213,1.95,0.0,0.022917651,0.019999999999999997
3.958151753076552,1.1745578620296655,0.019999999999999997,335.23573636297476,4.342953422309003,1.9600000000000002,0.022925961967388192,1.96,0.0,0.022917651,0.019999999999999997
3.9600042603076027,1.183361545525396,0.019999999999999997,334.94754930988256,4.343787406850662,1.97,0.022925961208430164,1.97,0.0,0.022917651,0.019999999999999997
3.9618339212878046,1.1921691892160564,0.019999999999999997,334.7001581221851,4.344526048790387,1.9800000000000002,0.022925960449472142,1.98,0.0,0.022917651,0.019999999999999997
3.963694562331494,1.2005558756755208,0.019999999999999997,334.5695317252084,4.345809570890067,1.9900000000000002,0.022925959690514114,1.99,0.0,0.022917651,0.019999999999999997
3.965607095312565,1.2082374542745797,0.019999999999999997,334.6344876003826,4.348005773080006,2.0,0.022925958931556085,2.0,0.0,0.022917651,0.019999999999999997
3.9672177288131785,1.2170863653353001,0.019999999999999997,333.9051866942776,4.347718323075052,2.0100000000000007,0.022925958931556085,2.0100000000000002,0.0,0.022917651,0.019999999999999997
3.9688531349966074,1.2257616601054493,0.019999999999999997,333.2118935522358,4.347703580674723,2.0200000000000005,0.022925958931556092,2.02,0.0,0.022917651,0.019999999999999997
3.9705081491677388,1.2342995347133958,0.019999999999999997,332.54710115031367,4.347904690848699,2.0300000000000002,0.022925958931556085,2.0300000000000002,0.0,0.022917651,0.019999999999999997
3.972178949014699,1.2427267773602577,0.019999999999999997,331.9052536548835,4.348279576058435,2.04,0.02292595893155609,2.04,0.0,0.022917651,0.019999999999999997
3.973862645086697,1.2510636384053222,0.019999999999999997,331.2821511711251,4.348796428073516,2.05,0.022925958931556085,2.05,0.0,0.022917651,0.019999999999999997
3.9755570125706403,1.2593257101766193,0.019999999999999997,330.6745598730709,4.349430755261197,2.06,0.02292595893155609,2.06,0.0,0.022917651,0.019999999999999997
3.9772603105812068,1.2675251934541003,0.019999999999999997,330.07994933685046,4.350163393259283,2.07,0.022925958931556085,2.07,0.0,0.022917651,0.019999999999999997
3.978971157370487,1.2756717720474926,0.019999999999999997,329.49631115452775,4.350979131233896,2.0800000000000005,0.02292595893155609,2.08,0.0,0.022917651,0.019999999999999997
3.980688442259332,1.2837732300145341,0.019999999999999997,328.92203092394243,4.351865742384586,2.0900000000000003,0.02292595893155609,2.09,0.0,0.022917651,0.019999999999999997
3.982411262272831,1.291835895743471,0.019999999999999997,328.35579614665295,4.352813286402213,2.1,0.022925958931556085,2.1,0.0,0.022917651,0.019999999999999997
3.9839563068976815,1.3001269012566146,0.019999999999999997,329.0196258419053,4.352722798156637,2.1100000000000003,0.022925959304168436,2.11,0.0,0.022917651,0.019999999999999997
3.9855008754753247,1.308362717182906,0.019999999999999997,329.7022802249811,4.352685595210213,2.1200000000000006,0.022925959676780787,2.12,0.0,0.022917651,0.019999999999999997
3.9870448679120747,1.3165317393600706,0.019999999999999997,330.40771737465417,4.352712881329691,2.13,0.022925960049393127,2.13,0.0,0.022917651,0.019999999999999997
3.9885881539383945,1.3246188652480637,0.019999999999999997,331.14108863591395,4.352819237949911,2.14,0.02292596042200548,2.14,0.0,0.022917651,0.019999999999999997
3.990130560810336,1.3326040681205875,0.019999999999999997,331.90922495083066,4.353024000785499,2.15,0.022925960794617825,2.15,0.0,0.022917651,0.019999999999999997
3.991671854462264,1.3404602120434996,0.019999999999999997,332.7213821504074,4.353353369459445,2.16,0.022925961167230176,2.16,0.0,0.022917651,0.019999999999999997
3.9932117096464195,1.3481495900645066,0.019999999999999997,333.59042174795064,4.353843749865464,2.17,0.02292596153984252,2.17,0.0,0.022917651,0.019999999999999997
3.9947435328508325,1.355750846829005,0.019999999999999997,334.4977762492768,4.354390122981356,2.1800000000000006,0.02292596191245487,2.18,0.0,0.022917651,0.019999999999999997
3.9962484813551558,1.3637013489356702,0.019999999999999997,335.31530350492244,4.354479751149688,2.1900000000000004,0.022925962285067217,2.19,0.0,0.022917651,0.019999999999999997
3.9977465367392577,1.3716100324629055,0.019999999999999997,336.14650649690714,4.354583625782511,2.2000000000000006,0.02292596265767956,2.2,0.0,0.022917651,0.019999999999999997
3.999170432763659,1.3791594453577571,0.019999999999999997,335.4468158048174,4.354660312568939,2.21,0.022925962657679565,2.21,0.0,0.022917651,0.019999999999999997
4.00059489342246,1.386707831785468,0.019999999999999997,334.74669277512766,4.35474028435311,2.22,0.022925962657679565,2.22,0.0,0.022917651,0.019999999999999997
4.002019963272778,1.3942551107442125,0.019999999999999997,334.0461032906875,4.354823800364758,2.23,0.022925962657679568,2.23,0.0,0.022917651,0.019999999999999997
4.003445691686573,1.401801192479105,0.019999999999999997,333.34500954764417,4.354911147846013,2.2400000000000007,0.022925962657679565,2.24,0.0,0.022917651,0.019999999999999997
4.004872133519078,1.4093459772670451,0.019999999999999997,332.64336954363495,4.355002645940214,2.25,0.02292596265767956,2.25,0.0,0.022917651,0.019999999999999997
4.006299349891748,1.4168893539933618,0.019999999999999997,331.9411364782813,4.3550986502471005,2.2600000000000002,0.022925962657679565,2.2600000000000002,0.0,0.022917651,0.019999999999999997
4.007727409113323,1.4244311984773879,0.019999999999999997,331.2382580479401,4.35519955818145,2.2700000000000005,0.022925962657679565,2.27,0.0,0.022917651,0.019999999999999997
4.009156387768264,1.4319713714937528,0.019999999999999997,330.5346756122902,4.3553058153055275,2.2800000000000002,0.02292596265767956,2.2800000000000002,0.0,0.022917651,0.019999999999999997
4.010586372009172,1.4395097164228536,0.019999999999999997,329.83032320473563,4.3554179228482806,2.29,0.022925962657679565,2.29,0.0,0.022917651,0.019999999999999997
4.012017459099224,1.4470460564468215,0.019999999999999997,329.1251263513746,4.355536446679067,2.3000000000000003,0.02292596265767956,2.3000000000000003,0.0,0.022917651,0.019999999999999997
4.013344749569583,1.4542513448616337,0.019999999999999997,328.8104275898695,4.355488662124448,2.31,0.022925963044025242,2.31,0.0,0.022917651,0.019999999999999997
4.014671282650277,1.461456762163711,0.019999999999999997,328.4965909472877,4.355437719087936,2.32,0.022925963430370924,2.32,0.0,0.022917651,0.019999999999999997
4.015997009199478,1.4686623167156645,0.019999999999999997,328.18367236061977,4.355383412637277,2.33,0.022925963816716598,2.33,0.0,0.022917651,0.019999999999999997
4.017321875730081,1.475868017619556,0.019999999999999997,327.8717327129874,4.355325519719447,2.3400000000000003,0.022925964203062275,2.34,0.0,0.022917651,0.019999999999999997
4.01864582391856,1.483073874800474,0.019999999999999997,327.5608383926925,4.355263797112489,2.35,0.022925964589407953,2.35,0.0,0.022917651,0.019999999999999997
4.019968790045683,1.4902798991017103,0.019999999999999997,327.2510619298467,4.355197979093149,2.36,0.02292596497575363,2.36,0.0,0.022917651,0.019999999999999997
4.021290704357763,1.4974861023934591,0.019999999999999997,326.9424827234362,4.355127774773183,2.37,0.02292596536209931,2.37,0.0,0.022917651,0.019999999999999997
4.0226114903349846,1.5046924976973257,0.019999999999999997,326.6351878741767,4.355052865048085,2.3800000000000003,0.022925965748444993,2.38,0.0,0.022917651,0.019999999999999997
4.023931063850614,1.5118990993294086,0.019999999999999997,326.32927314155927,4.3549728990908285,2.39,0.022925966134790667,2.39,0.0,0.022917651,0.019999999999999997
4.025249332201645,1.519105923065255,0.019999999999999997,326.0248440472455,4.35488749030944,2.4,0.022925966521136345,2.4,0.0,0.022917651,0.019999999999999997
4.026500665090753,1.5259913028047776,0.019999999999999997,325.57929471127864,4.354780318462598,2.41,0.022925966521136345,2.41,0.0,0.022917651,0.019999999999999997
4.027749373431374,1.5328730680854337,0.019999999999999997,325.1369829124914,4.354666263305014,2.4200000000000004,0.02292596652113635,2.42,0.0,0.022917651,0.019999999999999997
4.028995306557698,1.539751011414248,0.019999999999999997,324.6980945061513,4.354544929690782,2.43,0.02292596652113634,2.43,0.0,0.022917651,0.019999999999999997
4.030238302046703,1.5466249091065183,0.019999999999999997,324.26282985075466,4.354415891638761,2.44,0.022925966521136345,2.44,0.0,0.022917651,0.019999999999999997
4.031478184548479,1.553494519674984,0.019999999999999997,323.8314052508745,4.354278689264935,2.4499999999999997,0.022925966521136345,2.45,0.0,0.022917651,0.019999999999999997
4.0327147644741075,1.5603595820227927,0.019999999999999997,323.4040545757565,4.354132825341135,2.46,0.022925966521136345,2.46,0.0,0.022917651,0.019999999999999997
4.033951576897438,1.5672555514509208,0.019999999999999997,322.97978087956636,4.353956982845075,2.4700000000000006,0.022925966521136345,2.47,0.0,0.022917651,0.019999999999999997
4.035185159356541,1.5741540368600853,0.019999999999999997,322.5590186222829,4.353765703911963,2.48,0.02292596652113635,2.48,0.0,0.022917651,0.019999999999999997
4.036414758310556,1.5810502503156139,0.019999999999999997,322.14212222917746,4.3535607625080175,2.49,0.02292596652113635,2.49,0.0,0.022917651,0.019999999999999997
4.037640101703444,1.587944036652971,0.019999999999999997,321.72935572193086,4.353341225546002,2.5,0.022925966521136345,2.5,0.0,0.022917651,0.019999999999999997
4.038821839103121,1.594538332727481,0.019999999999999997,322.1649847726108,4.353177210845625,2.5100000000000002,0.02292596671018918,2.5100000000000002,0.0,0.022917651,0.019999999999999997
4.040001512569169,1.6011307567895499,0.019999999999999997,322.60372693130745,4.353006812450586,2.5200000000000005,0.02292596689924202,2.52,0.0,0.022917651,0.019999999999999997
4.041179032346319,1.6077212274300783,0.019999999999999997,323.0457175792363,4.352829752750103,2.5300000000000002,0.022925967088294853,2.5300000000000002,0.0,0.022917651,0.019999999999999997
4.042354303398446,1.6143096584501668,0.019999999999999997,323.491100062927,4.352645737799841,2.5399999999999996,0.022925967277347692,2.54,0.0,0.022917651,0.019999999999999997
4.04352722501439,1.6208959585035885,0.019999999999999997,323.9400262887794,4.352454456102713,2.5500000000000007,0.022925967466400528,2.5500000000000003,0.0,0.022917651,0.019999999999999997
4.044697690377927,1.6274800307067547,0.019999999999999997,324.39265737168193,4.352255577278836,2.56,0.022925967655453367,2.56,0.0,0.022917651,0.019999999999999997
4.04586821053233,1.634081830515819,0.019999999999999997,324.8498518397779,4.352039191452199,2.57,0.022925967844506203,2.57,0.0,0.022917651,0.019999999999999997
4.047036572370204,1.6406933806153376,0.019999999999999997,325.3115182707316,4.3518044226987564,2.5800000000000005,0.022925968033559042,2.58,0.0,0.022917651,0.019999999999999997
4.048200998123881,1.647304530888409,0.019999999999999997,325.7775761316139,4.351554309294429,2.59,0.02292596822261188,2.59,0.0,0.022917651,0.019999999999999997
4.049361218426774,1.6539152539728421,0.019999999999999997,326.24832595067375,4.351287801125445,2.6,0.022925968411664714,2.6,0.0,0.022917651,0.019999999999999997
4.050463972783118,1.6602336140232683,0.019999999999999997,325.08351945875756,4.351019499535509,2.61,0.02292596841166472,2.61,0.0,0.022917651,0.019999999999999997
4.0515652916312765,1.6665518666478507,0.019999999999999997,323.92058022499583,4.35074556315326,2.6200000000000006,0.02292596841166472,2.62,0.0,0.022917651,0.019999999999999997
4.052665104253572,1.6728700065544515,0.019999999999999997,322.7596002364367,4.350465714390985,2.63,0.022925968411664714,2.63,0.0,0.022917651,0.019999999999999997
4.053763335209743,1.6791880280975209,0.019999999999999997,321.60067762310024,4.350179657123443,2.6400000000000006,0.022925968411664714,2.64,0.0,0.022917651,0.019999999999999997
4.0548599039360225,1.685505925248092,0.019999999999999997,320.4439171794754,4.349887075114131,2.65,0.022925968411664714,2.65,0.0,0.022917651,0.019999999999999997
4.055954724302681,1.691823691560672,0.019999999999999997,319.28943094006144,4.349587630278498,2.66,0.022925968411664714,2.66,0.0,0.022917651,0.019999999999999997
4.0570477041249,1.698141320136635,0.019999999999999997,318.1373388156015,4.34928096076399,2.67,0.022925968411664714,2.67,0.0,0.022917651,0.019999999999999997
4.05813874462115,1.7044588035836956,0.019999999999999997,316.98776929760896,4.348966678824013,2.68,0.022925968411664718,2.68,0.0,0.022917651,0.019999999999999997
4.059227739812363,1.7107761339709384,0.019999999999999997,315.84086023989494,4.348644368459527,2.69,0.022925968411664718,2.69,0.0,0.022917651,0.019999999999999997
4.060315050089451,1.7170943978966513,0.019999999999999997,314.6968248136087,4.348314384909588,2.7,0.022925968411664714,2.7,0.0,0.022917651,0.019999999999999997
4.061373903254506,1.723172265237504,0.019999999999999997,314.6151541963266,4.3480513602919375,2.71,0.022925967652706707,2.71,0.0,0.022917651,0.019999999999999997
4.062431495425796,1.729251079247158,0.019999999999999997,314.5354857789557,4.347782344855141,2.72,0.022925966893748696,2.72,0.0,0.022917651,0.019999999999999997
4.063487777861268,1.735330876517848,0.019999999999999997,314.45789695389516,4.347507107031979,2.73,0.022925966134790678,2.73,0.0,0.022917651,0.019999999999999997
4.064542699274,1.7414116955523253,0.019999999999999997,314.38246915427555,4.347225403164887,2.74,0.022925965375832663,2.74,0.0,0.022917651,0.019999999999999997
4.065596205663918,1.747493576890192,0.019999999999999997,314.30928812115917,4.346936976706454,2.75,0.022925964616874656,2.75,0.0,0.022917651,0.019999999999999997
4.066648240135976,1.7535765632443994,0.019999999999999997,314.2384441922287,4.346641557355641,2.7600000000000002,0.02292596385791664,2.7600000000000002,0.0,0.022917651,0.019999999999999997
4.067698742703521,1.7596606996488662,0.019999999999999997,314.1700326140051,4.3463388601235815,2.77,0.022925963098958627,2.77,0.0,0.022917651,0.019999999999999997
4.068747650075412,1.7657460336183013,0.019999999999999997,314.10415387986467,4.346028584322198,2.7800000000000002,0.022925962340000616,2.7800000000000002,0.0,0.022917651,0.019999999999999997
4.069794895425293,1.77183261532141,0.019999999999999997,314.04091409637704,4.345710412468077,2.79,0.022925961581042605,2.79,0.0,0.022917651,0.019999999999999997
4.07084040814127,1.7779204977688248,0.019999999999999997,313.98042538077084,4.345384009093194,2.8000000000000007,0.022925960822084594,2.8000000000000003,0.0,0.022917651,0.019999999999999997
4.071841908144658,1.7837662432525982,0.019999999999999997,313.7099897519442,4.345068259945356,2.8100000000000005,0.022925960822084594,2.81,0.0,0.022917651,0.019999999999999997
4.072842122957269,1.7896126640368302,0.019999999999999997,313.4409172641215,4.344746694603467,2.8200000000000003,0.022925960822084594,2.82,0.0,0.022917651,0.019999999999999997
4.073841004893948,1.7954597851775718,0.019999999999999997,313.1732584946867,4.344419097266018,2.8299999999999996,0.022925960822084587,2.83,0.0,0.022917651,0.019999999999999997
4.0748395943006495,1.801309769345844,0.019999999999999997,312.90720427912805,4.344087466331074,2.84,0.02292596082208459,2.84,0.0,0.022917651,0.019999999999999997
4.075840931723407,1.807168761350318,0.019999999999999997,312.6431929852462,4.343757818277838,2.85,0.022925960822084594,2.85,0.0,0.022917651,0.019999999999999997
4.076840962703638,1.8130289911679043,0.019999999999999997,312.3807707752784,4.343421706416868,2.86,0.02292596082208459,2.86,0.0,0.022917651,0.019999999999999997
4.077839638090697,1.8188905053672926,0.019999999999999997,312.1199974333353,4.343078887568438,2.8700000000000006,0.022925960822084587,2.87,0.0,0.022917651,0.019999999999999997
4.078836906237109,1.824753352882833,0.019999999999999997,311.86093578052305,4.342729106199435,2.8800000000000003,0.02292596082208459,2.88,0.0,0.022917651,0.019999999999999997
4.079832712837997,1.8306175851666868,0.019999999999999997,311.60365187027145,4.342372093628854,2.89,0.022925960822084594,2.89,0.0,0.022917651,0.019999999999999997
4.080827000757934,1.836483256352871,0.019999999999999997,311.3482151989324,4.342007567171145,2.9000000000000004,0.022925960822084594,2.9,0.0,0.022917651,0.019999999999999997
4.081762641589623,1.8421266254759037,0.019999999999999997,315.94231051398333,4.34157908929336,2.9100000000000006,0.022925960301619402,2.91,0.0,0.022917651,0.019999999999999997
4.082697933287397,1.8477707668305472,0.019999999999999997,320.5413661096024,4.341148442747529,2.9200000000000004,0.022925959781154213,2.92,0.0,0.022917651,0.019999999999999997
4.083632869884825,1.8534156936136488,0.019999999999999997,325.1454667531886,4.340715590472771,2.9299999999999997,0.022925959260689015,2.93,0.0,0.022917651,0.019999999999999997
4.0845674452787515,1.8590614193244788,0.019999999999999997,329.75469915468597,4.340280494558918,2.9400000000000004,0.02292595874022383,2.94,0.0,0.022917651,0.019999999999999997
4.085501653225346,1.8647079577734391,0.019999999999999997,334.3691520225498,4.3398431162220374,2.95,0.022925958219758638,2.95,0.0,0.022917651,0.019999999999999997
4.086435487336041,1.8703553230910823,0.019999999999999997,338.988916121657,4.339403415779112,2.9600000000000004,0.022925957699293446,2.96,0.0,0.022917651,0.019999999999999997
4.087368941073304,1.8760035297374436,0.019999999999999997,343.6140843332441,4.3389613526218405,2.9700000000000006,0.022925957178828255,2.97,0.0,0.022917651,0.019999999999999997
4.088302007746276,1.8816525925116971,0.019999999999999997,348.24475171695116,4.338516885189509,2.98,0.022925956658363066,2.98,0.0,0.022917651,0.019999999999999997
4.089234680506245,1.8873025265621595,0.019999999999999997,352.8810155750648,4.338069970940902,2.99,0.022925956137897878,2.99,0.0,0.022917651,0.019999999999999997
4.090166952341968,1.892953347396647,0.019999999999999997,357.52297551904434,4.33762056632522,3.0,0.022925955617432686,3.0,0.0,0.022917651,0.019999999999999997
4.0910921745322995,1.8984068058882864,0.019999999999999997,357.2761247286746,4.337292040010772,3.0100000000000002,0.022925951458737125,3.0100000000000002,0.0,0.022917651,0.019999999999999997
4.092016553697611,1.9038616532188064,0.019999999999999997,357.031433049251,4.336958752870365,3.0200000000000005,0.022925947300041567,3.02,0.0,0.022917651,0.019999999999999997
4.092940065870097,1.9093179288738915,0.019999999999999997,356.7889618658455,4.336620569550304,3.03,0.022925943141346,3.0300000000000002,0.0,0.022917651,0.019999999999999997
4.0938626861647,1.9147756738503583,0.019999999999999997,356.54877491275636,4.336277349516868,3.04,0.022925938982650444,3.04,0.0,0.022917651,0.019999999999999997
4.094787246845584,1.9202390880270566,0.019999999999999997,356.31140939282267,4.335936221344862,3.0500000000000007,0.022925934823954885,3.0500000000000003,0.0,0.022917651,0.019999999999999997
4.095713133579191,1.92570699194748,0.019999999999999997,356.0768348608976,4.3355959072669465,3.06,0.022925930665259324,3.06,0.0,0.022917651,0.019999999999999997
4.096638196456736,1.931176227413995,0.019999999999999997,355.84476763987703,4.335250966294345,3.0700000000000007,0.022925926506563762,3.0700000000000003,0.0,0.022917651,0.019999999999999997
4.097562412686457,1.9366468312634655,0.019999999999999997,355.6152770938431,4.334901270425259,3.0800000000000005,0.0229259223478682,3.08,0.0,0.022917651,0.019999999999999997
4.098485758628073,1.9421188417041786,0.019999999999999997,355.3884351692766,4.334546686892433,3.09,0.02292591818917264,3.09,0.0,0.022917651,0.019999999999999997
4.09940820975291,1.9475922983802665,0.019999999999999997,355.16431651636316,4.334187077939297,3.1,0.02292591403047708,3.1,0.0,0.022917651,0.019999999999999997
4.100295080552377,1.9528488728200826,0.019999999999999997,350.5476793631,4.333856814330783,3.1100000000000003,0.022925906074710487,3.11,0.0,0.022917651,0.019999999999999997
4.1011807170085275,1.9581070001931642,0.019999999999999997,345.9343494838487,4.3335200601636865,3.1200000000000006,0.022925898118943886,3.12,0.0,0.022917651,0.019999999999999997
4.1020650769698745,1.9633667335304936,0.019999999999999997,341.3244398184237,4.333176593792483,3.13,0.022925890163177278,3.13,0.0,0.022917651,0.019999999999999997
4.102948116343605,1.9686281283054592,0.019999999999999997,336.7180685082107,4.332826183363512,3.14,0.022925882207410684,3.14,0.0,0.022917651,0.019999999999999997
4.103829788982498,1.9738912425760948,0.019999999999999997,332.1153591991116,4.332468586220446,3.15,0.022925874251644086,3.15,0.0,0.022917651,0.019999999999999997
4.104710046563878,1.9791561371373938,0.019999999999999997,327.51644136590824,4.332103548267719,3.16,0.022925866295877485,3.16,0.0,0.022917651,0.019999999999999997
4.105588838459886,1.9844228756845075,0.019999999999999997,322.9214506598399,4.33173080328841,3.1699999999999995,0.022925858340110888,3.17,0.0,0.022917651,0.019999999999999997
4.106466111598368,1.9896915249877722,0.019999999999999997,318.3305292813487,4.3313500722127145,3.1800000000000006,0.02292585038434429,3.18,0.0,0.022917651,0.019999999999999997
4.1073441859242745,1.994964417108739,0.019999999999999997,313.7442639297303,4.330968303801131,3.1900000000000004,0.02292584242857769,3.19,0.0,0.022917651,0.019999999999999997
4.108224541776938,2.000242831932196,0.019999999999999997,309.163070395386,4.330590140451004,3.2000000000000006,0.02292583447281109,3.2,0.0,0.022917651,0.019999999999999997
4.109078712857524,2.0053454995473343,0.019999999999999997,308.2384712137414,4.3302405538439865,3.2100000000000004,0.022925821810413218,3.21,0.0,0.022917651,0.019999999999999997
4.109931784583203,2.0104494415649756,0.019999999999999997,307.3155924654265,4.329885295589109,3.2200000000000006,0.02292580914801534,3.22,0.0,0.022917651,0.019999999999999997
4.110783720049472,2.01555470076583,0.019999999999999997,306.3944919040636,4.329524175293514,3.23,0.022925796485617468,3.23,0.0,0.022917651,0.019999999999999997
4.111634480681338,2.0206613218670992,0.019999999999999997,305.4752298975206,4.329156993946131,3.24,0.022925783823219595,3.24,0.0,0.022917651,0.019999999999999997
4.1124840261376985,2.025769351633296,0.019999999999999997,304.557869577523,4.328783543424439,3.2500000000000004,0.02292577116082172,3.25,0.0,0.022917651,0.019999999999999997
4.11333231420911,2.030878838994773,0.019999999999999997,303.6424769996592,4.328403605967,3.2600000000000002,0.02292575849842385,3.2600000000000002,0.0,0.022917651,0.019999999999999997
4.114179300708352,2.0359898351745715,0.019999999999999997,302.72912131463215,4.328016953608899,3.27,0.02292574583602598,3.27,0.0,0.022917651,0.019999999999999997
4.115024939353221,2.0411023938243003,0.019999999999999997,301.81787495168965,4.327623347577044,3.2800000000000002,0.0229257331736281,3.2800000000000002,0.0,0.022917651,0.019999999999999997
4.115869181640876,2.0462165711697864,0.019999999999999997,300.90881381525634,4.327222537641936,3.29,0.022925720511230232,3.29,0.0,0.022917651,0.019999999999999997
4.1167119767130425,2.051332426167343,0.019999999999999997,300.0020174958893,4.326814261422231,3.3000000000000007,0.022925707848832355,3.3000000000000003,0.0,0.022917651,0.019999999999999997
4.117514036419269,2.0562791844249153,0.019999999999999997,304.38448884789835,4.326372242133077,3.31,0.02292569133442401,3.31,0.0,0.022917651,0.019999999999999997
4.11831550207401,2.061228792740427,0.019999999999999997,308.77064162230783,4.325924996429826,3.32,0.022925674820015663,3.3200000000000003,0.0,0.022917651,0.019999999999999997
4.119121716379081,2.066187761851235,0.019999999999999997,313.161698932801,4.325487381681932,3.33,0.02292565830560732,3.33,0.0,0.022917651,0.019999999999999997
4.119926697117297,2.0711488043977817,0.019999999999999997,317.5565960430441,4.325042759073906,3.34,0.02292564179119897,3.34,0.0,0.022917651,0.019999999999999997
4.120730410028469,2.076111977966155,0.019999999999999997,321.95543959683124,4.324590933974558,3.3500000000000005,0.02292562527679063,3.35,0.0,0.022917651,0.019999999999999997
4.121532819571871,2.081077342294843,0.019999999999999997,326.3583402239866,4.324131704477957,3.36,0.022925608762382282,3.36,0.0,0.022917651,0.019999999999999997
4.122333888865834,2.0860449593762462,0.019999999999999997,330.7654127283555,4.323664861060342,3.3700000000000006,0.022925592247973935,3.37,0.0,0.022917651,0.019999999999999997
4.123133579623908,2.091014893563981,0.019999999999999997,335.1767762865319,4.323190186217428,3.3800000000000003,0.022925575733565594,3.38,0.0,0.022917651,0.019999999999999997
4.123931852087338,2.095987211686389,0.019999999999999997,339.59255465805353,4.322707454080786,3.39,0.02292555921915725,3.39,0.0,0.022917651,0.019999999999999997
4.1247286649536,2.1009619831666453,0.019999999999999997,344.01287640783477,4.3222164300118955,3.4,0.022925542704748902,3.4,0.0,0.022917651,0.019999999999999997
4.125513367286014,2.105762886676719,0.019999999999999997,344.1618729506698,4.321815432234035,3.41,0.022924950054733533,3.41,0.0,0.022917651,0.019999999999999997
4.126297056729711,2.11056549169001,0.019999999999999997,344.3142162328824,4.3214086819016915,3.4200000000000004,0.022924357428022492,3.42,0.0,0.022917651,0.019999999999999997
4.127081379669489,2.1153718607262437,0.019999999999999997,344.47044412912055,4.3210007024190595,3.4299999999999997,0.022923764827495197,3.43,0.0,0.022917651,0.019999999999999997
4.127868069355933,2.1201841267058597,0.019999999999999997,344.6310736972716,4.320596293796917,3.44,0.02292317225910282,3.44,0.0,0.022917651,0.019999999999999997
4.128653799181614,2.124998352556361,0.019999999999999997,344.79530247319326,4.320186085710068,3.4500000000000006,0.0229225797206966,3.45,0.0,0.022917651,0.019999999999999997
4.129438542664617,2.1298145923492706,0.019999999999999997,344.963229756614,4.319769918155172,3.4600000000000004,0.022921987213103838,3.46,0.0,0.022917651,0.019999999999999997
4.130222272339828,2.134632902163638,0.019999999999999997,345.1349585339842,4.319347625188409,3.47,0.02292139473718254,3.47,0.0,0.022917651,0.019999999999999997
4.131004959712876,2.1394533401800744,0.019999999999999997,345.310595651176,4.318919034647208,3.4800000000000004,0.022920802293822873,3.48,0.0,0.022917651,0.019999999999999997
4.131786575211465,2.1442759667801345,0.019999999999999997,345.4902519959838,4.318483967856181,3.49,0.02292020988394869,3.49,0.0,0.022917651,0.019999999999999997
4.132567088133911,2.1491008446513837,0.019999999999999997,345.67404269107806,4.318042239316207,3.5000000000000004,0.0229196175085191,3.5,0.0,0.022917651,0.019999999999999997
4.133341836057341,2.153772892232485,0.019999999999999997,345.49961219172667,4.317692627533685,3.5100000000000002,0.022919544545653647,3.5100000000000002,0.0,0.022917651,0.019999999999999997
4.134116210819103,2.158446478363771,0.019999999999999997,345.3267701550327,4.317339984536785,3.520000000000001,0.02291947160104971,3.52,0.0,0.022917651,0.019999999999999997
4.13489020500893,2.1631216335978616,0.019999999999999997,345.15554812478223,4.31698425013147,3.5300000000000002,0.02291939867506992,3.5300000000000002,0.0,0.022917651,0.019999999999999997
4.135663811019048,2.167798389301725,0.019999999999999997,344.98597848552464,4.3166253625193045,3.54,0.022919325768086602,3.54,0.0,0.022917651,0.019999999999999997
4.136437021037534,2.172476777683985,0.019999999999999997,344.8180944907722,4.31626325824363,3.5500000000000007,0.02291925288048203,3.5500000000000003,0.0,0.022917651,0.019999999999999997
4.137209827041447,2.177156831823345,0.019999999999999997,344.6519302923426,4.315897872133591,3.56,0.022919180012648827,3.56,0.0,0.022917651,0.019999999999999997
4.137982220789636,2.181838585698168,0.019999999999999997,344.48752097089925,4.315529137245832,3.5700000000000007,0.022919107164990297,3.5700000000000003,0.0,0.022917651,0.019999999999999997
4.138754495269848,2.186522549982346,0.019999999999999997,344.3252103478308,4.315157714849925,3.58,0.02291903433131314,3.58,0.0,0.022917651,0.019999999999999997
4.139529308915414,2.1912131652000917,0.019999999999999997,344.1681286963708,4.314789798160736,3.59,0.022918961434519085,3.59,0.0,0.022917651,0.019999999999999997
4.14030368006611,2.1959059488391297,0.019999999999999997,344.01360146140325,4.314417943179066,3.6000000000000005,0.022918888523813342,3.6,0.0,0.022917651,0.019999999999999997
4.141023762637269,2.2004240093796397,0.019999999999999997,344.07880248118164,4.313970135127616,3.6100000000000003,0.02291884874428588,3.61,0.0,0.022917651,0.019999999999999997
4.141742492125952,2.204943660653518,0.019999999999999997,344.14857752832637,4.313515324158548,3.6200000000000006,0.022918809001325126,3.62,0.0,0.022917651,0.019999999999999997
4.142459823794273,2.209464955256262,0.019999999999999997,344.2230778370117,4.3130532787296385,3.6300000000000003,0.022918769296140097,3.63,0.0,0.022917651,0.019999999999999997
4.143175710910106,2.213987948127878,0.019999999999999997,344.3024613828557,4.312583756977395,3.6399999999999997,0.022918729629993737,3.64,0.0,0.022917651,0.019999999999999997
4.1438901046347025,2.2185126966849853,0.019999999999999997,344.38689326278734,4.312106506135467,3.65,0.022918690004205888,3.65,0.0,0.022917651,0.019999999999999997
4.144602953902641,2.223039260961965,0.019999999999999997,344.4765461008941,4.311621261913296,3.66,0.022918650420156582,3.66,0.0,0.022917651,0.019999999999999997
4.145314205293471,2.227567703761862,0.019999999999999997,344.5716004823432,4.311127747831762,3.6699999999999995,0.02291861087928949,3.67,0.0,0.022917651,0.019999999999999997
4.1460238028943515,2.2320980908178583,0.019999999999999997,344.67224541767195,4.310625674512357,3.68,0.022918571383115652,3.68,0.0,0.022917651,0.019999999999999997
4.146731688152994,2.2366304909661707,0.019999999999999997,344.77867883995265,4.310114738916009,3.6900000000000004,0.022918531933217422,3.69,0.0,0.022917651,0.019999999999999997
4.147443476901493,2.2411717529999873,0.019999999999999997,344.8928653472893,4.309610554570078,3.7,0.022918492330605316,3.7,0.0,0.022917651,0.019999999999999997
4.148179644219712,2.245605752709004,0.019999999999999997,344.9920248380873,4.309279410564193,3.71,0.02291847174050527,3.71,0.0,0.022917651,0.019999999999999997
4.148915556775352,2.250041570240881,0.019999999999999997,345.0924284833492,4.308945429836371,3.7200000000000006,0.02291845115739781,3.72,0.0,0.022917651,0.019999999999999997
4.149651210120337,2.254479237334243,0.019999999999999997,345.1940980056272,4.308608562858321,3.7300000000000004,0.02291843058140504,3.73,0.0,0.022917651,0.019999999999999997
4.1503865997024345,2.2589187864709035,0.019999999999999997,345.29705563612606,4.308268758942011,3.74,0.022918410012651887,3.74,0.0,0.022917651,0.019999999999999997
4.151121720862191,2.2633602508977426,0.019999999999999997,345.40132412967876,4.307925966205509,3.7499999999999996,0.02291838945126626,3.75,0.0,0.022917651,0.019999999999999997
4.151856568829757,2.2678036646493687,0.019999999999999997,345.50692678025433,4.307580131537636,3.7600000000000002,0.022918368897379075,3.7600000000000002,0.0,0.022917651,0.019999999999999997
4.1525911387215935,2.2722490625715865,0.019999999999999997,345.6138874370208,4.307231200561332,3.77,0.022918348351124364,3.77,0.0,0.022917651,0.019999999999999997
4.153325425537068,2.2766964803457084,0.019999999999999997,345.7222305209853,4.306879117595727,3.7800000000000007,0.02291832781263939,3.7800000000000002,0.0,0.022917651,0.019999999999999997
4.154059424154925,2.2811459545137485,0.019999999999999997,345.83198104223595,4.306523825616819,3.7900000000000005,0.02291830728206472,3.79,0.0,0.022917651,0.019999999999999997
4.154793129329621,2.285597522504533,0.019999999999999997,345.9431646178125,4.306165266216733,3.8000000000000003,0.022918286759544326,3.8000000000000003,0.0,0.022917651,0.019999999999999997
4.155475226114785,2.289895525485364,0.019999999999999997,345.73888036028876,4.305723751787378,3.8100000000000005,0.022918275903750184,3.81,0.0,0.022917651,0.019999999999999997
4.156157042196066,2.294194877835815,0.019999999999999997,345.53671324287797,4.305279765168725,3.8200000000000003,0.022918265052480402,3.8200000000000003,0.0,0.022917651,0.019999999999999997
4.156838574875531,2.298495592525092,0.019999999999999997,345.3366836140631,4.3048332825998035,3.8299999999999996,0.022918254205778456,3.83,0.0,0.022917651,0.019999999999999997
4.157519821420569,2.302797682689136,0.019999999999999997,345.1388120839326,4.304384280014166,3.8400000000000003,0.022918243363688397,3.84,0.0,0.022917651,0.019999999999999997
4.158200779063313,2.307101161633311,0.019999999999999997,344.9431195283977,4.303932733034966,3.85,0.022918232526254828,3.85,0.0,0.022917651,0.019999999999999997
4.158881445000095,2.3114060428351455,0.019999999999999997,344.7496270934928,4.303478616969928,3.86,0.022918221693522943,3.86,0.0,0.022917651,0.019999999999999997
4.159561816390836,2.3157123399471256,0.019999999999999997,344.55835619975755,4.303021906806242,3.8700000000000006,0.02291821086553852,3.87,0.0,0.022917651,0.019999999999999997
4.160243973570709,2.320022759368616,0.019999999999999997,344.37047436072555,4.302568216613005,3.8800000000000003,0.02291820003616589,3.88,0.0,0.022917651,0.019999999999999997
4.160925960707554,2.324334637776119,0.019999999999999997,344.1845697578427,4.3021123870206255,3.8900000000000006,0.022918189206982277,3.89,0.0,0.022917651,0.019999999999999997
4.161607700426941,2.3286478864147773,0.019999999999999997,344.0006106378087,4.301654197312743,3.9000000000000004,0.022918178378137824,3.9,0.0,0.022917651,0.019999999999999997
4.162281382175448,2.3328373028298963,0.019999999999999997,343.1589843952325,4.301259045110599,3.910000000000001,0.022918136544910206,3.91,0.0,0.022917651,0.019999999999999997
4.162954039403472,2.337028640863772,0.019999999999999997,342.3200845023124,4.300857873559585,3.920000000000001,0.022918094704465215,3.92,0.0,0.022917651,0.019999999999999997
4.163625638918364,2.3412219627734383,0.019999999999999997,341.48399928793515,4.300450487643487,3.9299999999999993,0.02291805285656903,3.93,0.0,0.022917651,0.019999999999999997
4.164296146077988,2.3454173335346487,0.019999999999999997,340.650820938243,4.300036683829887,3.94,0.02291801100097761,3.94,0.0,0.022917651,0.019999999999999997
4.164965524710705,2.3496148209919143,0.019999999999999997,339.8206457095106,4.29961624960015,3.9500000000000006,0.02291796913743614,3.95,0.0,0.022917651,0.019999999999999997
4.165633737030035,2.3538144960186003,0.019999999999999997,338.99357415528,4.299188962947957,3.9600000000000004,0.022917927265678425,3.96,0.0,0.022917651,0.019999999999999997
4.166300743543512,2.358016432687855,0.019999999999999997,338.1697113688759,4.29875459184387,3.9700000000000006,0.022917885385426252,3.97,0.0,0.022917651,0.019999999999999997
4.166966502955317,2.362220708455253,0.019999999999999997,337.3491672425327,4.298312893663212,3.9800000000000004,0.022917843496388722,3.98,0.0,0.022917651,0.019999999999999997
4.16763097206215,2.3664274043540896,0.019999999999999997,336.53205674447526,4.297863614574326,3.99,0.02291780159826147,3.99,0.0,0.022917651,0.019999999999999997
4.168294105641811,2.3706366052043664,0.019999999999999997,335.7185002154219,4.297406488883939,4.0,0.022917759690725927,4.0,0.0,0.022917651,0.019999999999999997
4.168925380265605,2.3747098107479903,0.019999999999999997,335.75033698774155,4.29693076703686,4.01,0.022917755468300945,4.01,0.0,0.022917651,0.019999999999999997
4.169558626567902,2.3787875850421893,0.019999999999999997,335.7874953160847,4.296458362007418,4.0200000000000005,0.02291775127674167,4.0200000000000005,0.0,0.022917651,0.019999999999999997
4.1701925937272515,2.382869451192172,0.019999999999999997,335.8294281222141,4.295984748627596,4.03,0.02291774708292691,4.03,0.0,0.022917651,0.019999999999999997
4.170825699321518,2.3869543552769654,0.019999999999999997,335.8754879765247,4.295504651679647,4.04,0.022917742884714515,4.04,0.0,0.022917651,0.019999999999999997
4.171457924514947,2.391042363712656,0.019999999999999997,335.9257651055729,4.2950179294181865,4.05,0.022917738682008332,4.05,0.0,0.022917651,0.019999999999999997
4.1720892499187014,2.3951335448655517,0.019999999999999997,335.9803523852962,4.294524435935667,4.0600000000000005,0.022917734474709392,4.0600000000000005,0.0,0.022917651,0.019999999999999997
4.172719655570409,2.39922796912429,0.019999999999999997,336.03934543897697,4.294024021008485,4.07,0.022917730262715808,4.07,0.0,0.022917651,0.019999999999999997
4.173349120912791,2.403325708975172,0.019999999999999997,336.10284273958456,4.293516529936189,4.08,0.02291772604592265,4.08,0.0,0.022917651,0.019999999999999997
4.173977624771342,2.4074268390808937,0.019999999999999997,336.1709457167278,4.293001803373468,4.09,0.022917721824221846,4.09,0.0,0.022917651,0.019999999999999997
4.174605145330984,2.411531436362843,0.019999999999999997,336.2437588684598,4.2924796771545015,4.1,0.022917717597502035,4.1,0.0,0.022917651,0.019999999999999997
4.175236571883321,2.4155266843917818,0.019999999999999997,336.52111550141245,4.292056679686746,4.110000000000001,0.02291771550968841,4.11,0.0,0.022917651,0.019999999999999997
4.175869037909856,2.4195257324539168,0.019999999999999997,336.8025382090193,4.291634039151547,4.120000000000001,0.02291771342983106,4.12,0.0,0.022917651,0.019999999999999997
4.176500947225292,2.4235265783613023,0.019999999999999997,337.0873141635278,4.291207373935764,4.13,0.02291771136059856,4.13,0.0,0.022917651,0.019999999999999997
4.177132286388444,2.4275292655209566,0.019999999999999997,337.3755243254379,4.290776586867865,4.14,0.022917709302247433,4.14,0.0,0.022917651,0.019999999999999997
4.177763041521921,2.431533838748591,0.019999999999999997,337.66725228266597,4.290341577622795,4.15,0.022917707255042538,4.15,0.0,0.022917651,0.019999999999999997
4.178393198294282,2.435540344326216,0.019999999999999997,337.96258435800104,4.28990224259302,4.16,0.02291770521925738,4.16,0.0,0.022917651,0.019999999999999997
4.17902274190132,2.4395488300626123,0.019999999999999997,338.26160972187876,4.289458474753159,4.17,0.02291770319517451,4.17,0.0,0.022917651,0.019999999999999997
4.179651657046395,2.4435593453568085,0.019999999999999997,338.5644205107816,4.289010163517886,4.18,0.02291770118308585,4.18,0.0,0.022917651,0.019999999999999997
4.180279927919797,2.447571941264755,0.019999999999999997,338.87111195159645,4.28855719459266,4.19,0.02291769918329314,4.19,0.0,0.022917651,0.019999999999999997
4.1809075381770455,2.4515866705693803,0.019999999999999997,339.1817824922814,4.288099449816907,4.2,0.022917697196108318,4.2,0.0,0.022917651,0.019999999999999997
4.181506036160087,2.4554772740874107,0.019999999999999997,339.39931588779746,4.287624753158876,4.21,0.02291769610841425,4.21,0.0,0.022917651,0.019999999999999997
4.182103803764646,2.4593706521827414,0.019999999999999997,339.62063273151756,4.287144360571264,4.22,0.022917695009840137,4.22,0.0,0.022917651,0.019999999999999997
4.182700824403894,2.4632668678657774,0.019999999999999997,339.84581894521716,4.286658142700014,4.2299999999999995,0.022917693900138886,4.23,0.0,0.022917651,0.019999999999999997
4.183297245985777,2.467166212059939,0.019999999999999997,340.07506318331855,4.286166400227652,4.24,0.02291769277679682,4.24,0.0,0.022917651,0.019999999999999997
4.183896587864313,2.471073559616129,0.019999999999999997,340.3105811643535,4.285678335098792,4.250000000000001,0.0229176915994127,4.25,0.0,0.022917651,0.019999999999999997
4.184495223369429,2.4749840008143034,0.019999999999999997,340.55025506272295,4.285184351014949,4.26,0.02291769042497539,4.26,0.0,0.022917651,0.019999999999999997
4.185093136453172,2.4788976059382826,0.019999999999999997,340.79417929586253,4.284684313504593,4.2700000000000005,0.022917689253551837,4.2700000000000005,0.0,0.022917651,0.019999999999999997
4.185690310577759,2.482814447417148,0.019999999999999997,341.042451163099,4.284178083991743,4.28,0.022917688085211024,4.28,0.0,0.022917651,0.019999999999999997
4.1862867286967465,2.486734599907727,0.019999999999999997,341.2951709564506,4.28366551963815,4.29,0.02291768692002407,4.29,0.0,0.022917651,0.019999999999999997
4.186882373235318,2.4906581403809027,0.019999999999999997,341.552442076579,4.283146473178168,4.3,0.02291768575806429,4.3,0.0,0.022917651,0.019999999999999997
4.187473267684677,2.4944622658518525,0.019999999999999997,341.149404881953,4.282704350007017,4.310000000000001,0.02291768531534256,4.3100000000000005,0.0,0.022917651,0.019999999999999997
4.188063401974614,2.4982691037002955,0.019999999999999997,340.74999554966274,4.282256474204372,4.32,0.022917684894635183,4.32,0.0,0.022917651,0.019999999999999997
4.188652760155621,2.502078710836765,0.019999999999999997,340.3542901987539,4.281802725069725,4.33,0.022917684496404054,4.33,0.0,0.022917651,0.019999999999999997
4.18924353861205,2.5058944130311978,0.019999999999999997,339.96395954665104,4.281348561584059,4.34,0.022917684101958706,4.34,0.0,0.022917651,0.019999999999999997
4.1898347722692835,2.5097148360435835,0.019999999999999997,339.57835899073825,4.280891497032225,4.3500000000000005,0.022917683693447842,4.3500000000000005,0.0,0.022917651,0.019999999999999997
4.190425279899699,2.5135383125336035,0.019999999999999997,339.19672080775416,4.28042847403631,4.36,0.02291768327525382,4.36,0.0,0.022917651,0.019999999999999997
4.191015046383761,2.517364906090054,0.019999999999999997,338.8191275142761,4.279959368511477,4.37,0.022917682847174988,4.37,0.0,0.022917651,0.019999999999999997
4.191604056179177,2.521194682079725,0.019999999999999997,338.44566393411185,4.2794840529033715,4.380000000000001,0.02291768240900405,4.38,0.0,0.022917651,0.019999999999999997
4.192192293306017,2.5250277077099814,0.019999999999999997,338.07641727950795,4.27900239606601,4.39,0.02291768196052789,4.39,0.0,0.022917651,0.019999999999999997
4.192779741331212,2.5288640520940064,0.019999999999999997,337.7114772358114,4.27851426313447,4.400000000000001,0.022917681501527325,4.4,0.0,0.022917651,0.019999999999999997
4.1933747138740864,2.5326072070829464,0.019999999999999997,339.9584967257433,4.278126980448601,4.41,0.022917680993070025,4.41,0.0,0.022917651,0.019999999999999997
4.193969464772372,2.536351832314187,0.019999999999999997,342.20753192798486,4.2777373411681285,4.42,0.02291768048721608,4.42,0.0,0.022917651,0.019999999999999997
4.194563990265581,2.5400979527322822,0.019999999999999997,344.45861704169147,4.277345305310393,4.430000000000001,0.022917679984009655,4.43,0.0,0.022917651,0.019999999999999997
4.195158286507679,2.5438455938492854,0.019999999999999997,346.7117870440625,4.276950831983112,4.44,0.022917679483495938,4.44,0.0,0.022917651,0.019999999999999997
4.195752349564624,2.547594781760976,0.019999999999999997,348.96707771259304,4.276553879358363,4.45,0.022917678985721127,4.45,0.0,0.022917651,0.019999999999999997
4.196346175411849,2.5513455431636562,0.019999999999999997,351.22452564809595,4.276154404645677,4.46,0.0229176784907325,4.46,0.0,0.022917651,0.019999999999999997
4.19694029747401,2.555099486920919,0.019999999999999997,353.4879221357957,4.275752933048097,4.47,0.02291767800344226,4.47,0.0,0.022917651,0.019999999999999997
4.197534022658439,2.558855135532693,0.019999999999999997,355.75472667916875,4.2753481691637365,4.48,0.02291767751608663,4.48,0.0,0.022917651,0.019999999999999997
4.198127295263855,2.562612411273318,0.019999999999999997,358.0247747094033,4.274939967881183,4.49,0.02291767702818924,4.49,0.0,0.022917651,0.019999999999999997
4.198720104458524,2.5663713530854406,0.019999999999999997,360.29814385400874,4.274528246931979,4.5,0.022917676539737118,4.5,0.0,0.022917651,0.019999999999999997
4.199304424297496,2.5700492694876766,0.019999999999999997,360.2191777156468,4.274142142509106,4.51,0.022917676588960243,4.51,0.0,0.022917651,0.019999999999999997
4.199888856561374,2.573727853417437,0.019999999999999997,360.1404877130867,4.273755820259443,4.520000000000001,0.022917676638270112,4.5200000000000005,0.0,0.022917651,0.019999999999999997
4.200473400820964,2.5774071023263794,0.019999999999999997,360.06207279215624,4.273369281014561,4.53,0.022917676687666415,4.53,0.0,0.022917651,0.019999999999999997
4.201058056649258,2.5810870136791153,0.019999999999999997,359.9839319040426,4.272982525601807,4.54,0.022917676737148823,4.54,0.0,0.022917651,0.019999999999999997
4.201642823621415,2.584767584953129,0.019999999999999997,359.90606400525786,4.272595554844326,4.55,0.02291767678671699,4.55,0.0,0.022917651,0.019999999999999997
4.202227701314745,2.588448813638695,0.019999999999999997,359.8284680576054,4.272208369561086,4.56,0.02291767683637061,4.5600000000000005,0.0,0.022917651,0.019999999999999997
4.202812689308703,2.5921306972388005,0.019999999999999997,359.7511430281462,4.27182097056691,4.57,0.022917676886109347,4.57,0.0,0.022917651,0.019999999999999997
4.203397787184869,2.5958132332690584,0.019999999999999997,359.67408788916606,4.2714333586725015,4.58,0.022917676935932874,4.58,0.0,0.022917651,0.019999999999999997
4.203982994526935,2.5994964192576355,0.019999999999999997,359.5973016181422,4.271045534684465,4.59,0.022917676985840883,4.59,0.0,0.022917651,0.019999999999999997
4.204568310920698,2.6031802527451666,0.019999999999999997,359.52078319771056,4.270657499405339,4.6000000000000005,0.022917677035833046,4.6000000000000005,0.0,0.022917651,0.019999999999999997
4.205101239101693,2.6067410440241856,0.019999999999999997,359.93099239963567,4.27016242267434,4.61,0.022917677017700592,4.61,0.0,0.022917651,0.019999999999999997
4.205633398351646,2.610304935336086,0.019999999999999997,360.34472952144955,4.269661170144827,4.62,0.022917676997996916,4.62,0.0,0.022917651,0.019999999999999997
4.206164772557949,2.6138719916406665,0.019999999999999997,360.76206848913137,4.269153612405713,4.63,0.022917676976689092,4.63,0.0,0.022917651,0.019999999999999997
4.206695345154657,2.6174422797254313,0.019999999999999997,361.1830853086366,4.268639616404808,4.639999999999999,0.022917676953743277,4.64,0.0,0.022917651,0.019999999999999997
4.20722509910642,2.621015868270323,0.019999999999999997,361.60785813956727,4.268119045319857,4.65,0.02291767692912466,4.65,0.0,0.022917651,0.019999999999999997
4.2077538349890204,2.6245947988074363,0.019999999999999997,362.04102787971686,4.267589059683066,4.66,0.022917676908010637,4.66,0.0,0.022917651,0.019999999999999997
4.2082813371635925,2.6281818256481015,0.019999999999999997,362.49111716719773,4.267046042540415,4.67,0.022917676902334094,4.67,0.0,0.022917651,0.019999999999999997
4.208808045815381,2.631772364507548,0.019999999999999997,362.9486982898326,4.266496339612941,4.68,0.02291767690250208,4.68,0.0,0.022917651,0.019999999999999997
4.209333944579384,2.63536648781495,0.019999999999999997,363.4139257534667,4.2659398130181625,4.690000000000001,0.02291767690863513,4.69,0.0,0.022917651,0.019999999999999997
4.209859016637481,2.638964270004898,0.019999999999999997,363.8869583418996,4.265376321055907,4.700000000000001,0.02291767692085712,4.7,0.0,0.022917651,0.019999999999999997
4.210413845862568,2.6424851415188457,0.019999999999999997,363.8228778541887,4.264989104588531,4.71,0.0229176771355481,4.71,0.0,0.022917651,0.019999999999999997
4.210968502008092,2.646007685996745,0.019999999999999997,363.75982670100933,4.26459952296058,4.720000000000001,0.022917677349672275,4.72,0.0,0.022917651,0.019999999999999997
4.211522982872761,2.649531924716005,0.019999999999999997,363.69781797383996,4.264207546091019,4.73,0.022917677563222428,4.73,0.0,0.022917651,0.019999999999999997
4.212077286217794,2.653057879316391,0.019999999999999997,363.63686498710786,4.263813143386532,4.74,0.02291767777619124,4.74,0.0,0.022917651,0.019999999999999997
4.212631409766118,2.656585571807767,0.019999999999999997,363.5769812829547,4.2634162837305665,4.75,0.022917677988571247,4.75,0.0,0.022917651,0.019999999999999997
4.213185351201552,2.6601150245780496,0.019999999999999997,363.5181806361267,4.2630169354721055,4.76,0.022917678200354858,4.76,0.0,0.022917651,0.019999999999999997
4.213739108167957,2.663646260401352,0.019999999999999997,363.4604770589893,4.262615066414136,4.7700000000000005,0.02291767841153437,4.7700000000000005,0.0,0.022917651,0.019999999999999997
4.2142934639205665,2.6671808968310438,0.019999999999999997,363.4056539305246,4.262212192426991,4.78,0.022917678623503204,4.78,0.0,0.022917651,0.019999999999999997
4.2148482812985915,2.6707187271292083,0.019999999999999997,363.3529120375634,4.261807971454543,4.790000000000001,0.02291767883430412,4.79,0.0,0.022917651,0.019999999999999997
4.215403080531351,2.6742588148924766,0.019999999999999997,363.3010572833273,4.261401420553535,4.8,0.022917679042635915,4.8,0.0,0.022917651,0.019999999999999997
4.215904607698803,2.6776811841118664,0.019999999999999997,363.4185507499255,4.260880647164891,4.8100000000000005,0.022917679056900456,4.8100000000000005,0.0,0.022917651,0.019999999999999997
4.216405840538743,2.6811066724059605,0.019999999999999997,363.5391282976162,4.260355576923335,4.82,0.02291767907333185,4.82,0.0,0.022917651,0.019999999999999997
4.216906774384229,2.684535329231638,0.019999999999999997,363.6628388284108,4.259826141696824,4.829999999999999,0.02291767909196446,4.83,0.0,0.022917651,0.019999999999999997
4.217407404469137,2.6879672050969368,0.019999999999999997,363.7897322836859,4.259292271905234,4.84,0.022917679112833374,4.84,0.0,0.022917651,0.019999999999999997
4.2179077259255005,2.691402351589129,0.019999999999999997,363.9198596719429,4.25875389648168,4.8500000000000005,0.02291767913597443,4.8500000000000005,0.0,0.022917651,0.019999999999999997
4.218407733780776,2.6948408214036985,0.019999999999999997,364.0532730974644,4.258210942832599,4.86,0.022917679161424235,4.86,0.0,0.022917651,0.019999999999999997
4.218907422955024,2.6982826683742642,0.019999999999999997,364.1900257898977,4.25766333679653,4.87,0.022917679189220195,4.87,0.0,0.022917651,0.019999999999999997
4.219406023867456,2.701733328010644,0.019999999999999997,364.351052134656,4.257102562159687,4.88,0.022917679168179175,4.88,0.0,0.022917651,0.019999999999999997
4.219903590140699,2.7051884589670188,0.019999999999999997,364.52078182016646,4.256533177879823,4.89,0.022917679169235074,4.89,0.0,0.022917651,0.019999999999999997
4.2204001413868415,2.7086476729929583,0.019999999999999997,364.69756253416256,4.255955650935071,4.9,0.02291767919898663,4.9,0.0,0.022917651,0.019999999999999997
4.220910268011788,2.712024510215523,0.019999999999999997,364.1984103565248,4.255496710632199,4.91,0.022917679295699496,4.91,0.0,0.022917651,0.019999999999999997
4.221420343852207,2.715403244538274,0.019999999999999997,363.70077204004053,4.255035670052287,4.920000000000001,0.022917679396685684,4.92,0.0,0.022917651,0.019999999999999997
4.22193036844647,2.718783893205726,0.019999999999999997,363.20466134560655,4.254572510103957,4.93,0.022917679501984044,4.93,0.0,0.022917651,0.019999999999999997
4.222440341327338,2.72216647367203,0.019999999999999997,362.71009220140746,4.254107211463741,4.940000000000001,0.02291767961163389,4.94,0.0,0.022917651,0.019999999999999997
4.222950262021873,2.7255510036041692,0.019999999999999997,362.217078705465,4.253639754572547,4.95,0.022917679725675013,4.95,0.0,0.022917651,0.019999999999999997
4.223460130051353,2.7289375008852144,0.019999999999999997,361.72563512823547,4.253170119632052,4.96,0.022917679844147706,4.96,0.0,0.022917651,0.019999999999999997
4.223969944931183,2.7323259836176352,0.019999999999999997,361.23577591525367,4.252698286601035,4.97,0.022917679967092732,4.97,0.0,0.022917651,0.019999999999999997
4.224479706170806,2.735716470126678,0.019999999999999997,360.7475156898262,4.252224235191641,4.98,0.022917680094551387,4.98,0.0,0.022917651,0.019999999999999997
4.224989413273607,2.7391089789638,0.019999999999999997,360.26086925577437,4.251747944865576,4.99,0.022917680226565446,4.99,0.0,0.022917651,0.019999999999999997
4.225498877379995,2.742504590057583,0.019999999999999997,359.7799723591672,4.251267581555006,5.0,0.022917680324346216,5.0,0.0,0.022917651,0.019999999999999997
4.226003105660074,2.7458161081151515,0.019999999999999997,356.3143862760771,4.250832996669704,5.01,0.022917680392246103,5.01,0.0,0.022917651,0.019999999999999997
4.226507490827466,2.7491292396403026,0.019999999999999997,352.81625593551405,4.250397425684036,5.020000000000001,0.02291768047181659,5.0200000000000005,0.0,0.022917651,0.019999999999999997
4.227012033239309,2.752443988305973,0.019999999999999997,349.2855072529359,4.249960866353221,5.03,0.022917680563084252,5.03,0.0,0.022917651,0.019999999999999997
4.227516733253836,2.7557603577962566,0.019999999999999997,345.7220659187649,4.249523316425656,5.040000000000001,0.02291768066607574,5.04,0.0,0.022917651,0.019999999999999997
4.228021591230358,2.759078351806446,0.019999999999999997,342.1258573975339,4.2490847736428945,5.05,0.022917680780817767,5.05,0.0,0.022917651,0.019999999999999997
4.228526607529286,2.7623979740430755,0.019999999999999997,338.4968069270267,4.248645235739621,5.0600000000000005,0.022917680907337156,5.0600000000000005,0.0,0.022917651,0.019999999999999997
4.229031782512126,2.7657192282239644,0.019999999999999997,334.8348395174168,4.2482047004436225,5.07,0.022917681045660797,5.07,0.0,0.022917651,0.019999999999999997
4.229537116541486,2.7690421180782594,0.019999999999999997,331.139879950398,4.247763165475762,5.08,0.022917681195815658,5.08,0.0,0.022917651,0.019999999999999997
4.230042609981078,2.7723666473464763,0.019999999999999997,327.41185277831534,4.247320628549954,5.090000000000001,0.022917681357828807,5.09,0.0,0.022917651,0.019999999999999997
4.230548263195727,2.7756928197805473,0.019999999999999997,323.65068232328974,4.246877087373137,5.100000000000001,0.02291768153172737,5.1000000000000005,0.0,0.022917651,0.019999999999999997
4.231043209608563,2.7789565751144742,0.019999999999999997,323.68284398813415,4.24643643401222,5.110000000000001,0.022917681768479487,5.11,0.0,0.022917651,0.019999999999999997
4.231537747783661,2.7822222142607025,0.019999999999999997,323.71573717071647,4.2459922635607485,5.120000000000001,0.022917682006517635,5.12,0.0,0.022917651,0.019999999999999997
4.232031869916682,2.7854897732323565,0.019999999999999997,323.74937585557205,4.2455445087819665,5.13,0.022917682245866388,5.13,0.0,0.022917651,0.019999999999999997
4.232525568003076,2.7887592889664066,0.019999999999999997,323.783774385982,4.245093100714298,5.14,0.022917682486550964,5.14,0.0,0.022917651,0.019999999999999997
4.233018833831631,2.7920307993534834,0.019999999999999997,323.81894747555026,4.244637968615674,5.15,0.022917682728597233,5.15,0.0,0.022917651,0.019999999999999997
4.2335116589777515,2.795304343268856,0.019999999999999997,323.8549102202334,4.244179039905698,5.16,0.022917682972031738,5.16,0.0,0.022917651,0.019999999999999997
4.234004235342194,2.7985816841273197,0.019999999999999997,323.89305973822024,4.243715319010425,5.170000000000001,0.022917683218448285,5.17,0.0,0.022917651,0.019999999999999997
4.234496879098825,2.8018621030662128,0.019999999999999997,323.9321570057509,4.243248789966397,5.180000000000001,0.022917683466134518,5.18,0.0,0.022917651,0.019999999999999997
4.234989575806592,2.8051448107738954,0.019999999999999997,323.97142302946264,4.242780184324464,5.19,0.02291768371414739,5.19,0.0,0.022917651,0.019999999999999997
4.235482326103264,2.8084298348173933,0.019999999999999997,324.0108598419356,4.24230947707309,5.2,0.022917683962490838,5.2,0.0,0.022917651,0.019999999999999997
4.235953141679808,2.8116227883472424,0.019999999999999997,323.55824331108147,4.241827039671823,5.21,0.022917684010924203,5.21,0.0,0.022917651,0.019999999999999997
4.236423429154419,2.814818147432111,0.019999999999999997,323.1067108565977,4.241340084215351,5.22,0.022917684061297152,5.22,0.0,0.022917651,0.019999999999999997
4.236893178571907,2.818015957418839,0.019999999999999997,322.65628291428334,4.240848525534337,5.23,0.022917684113646242,5.23,0.0,0.022917651,0.019999999999999997
4.237362379725286,2.8212162648012464,0.019999999999999997,322.2069804368292,4.240352276305216,5.24,0.02291768416800898,5.24,0.0,0.022917651,0.019999999999999997
4.2378310221477475,2.824419117256625,0.019999999999999997,321.7588249102644,4.239851246981651,5.25,0.02291768422442379,5.25,0.0,0.022917651,0.019999999999999997
4.238299095104363,2.8276245636836346,0.019999999999999997,321.3118383710348,4.239345345723362,5.260000000000001,0.022917684282930104,5.26,0.0,0.022917651,0.019999999999999997
4.238766587583418,2.83083265424167,0.019999999999999997,320.866043423742,4.238834478322192,5.270000000000001,0.02291768434356837,5.2700000000000005,0.0,0.022917651,0.019999999999999997
4.239233529259341,2.834043604710238,0.019999999999999997,320.4215358133232,4.2383185477693655,5.28,0.02291768440452163,5.28,0.0,0.022917651,0.019999999999999997
4.239700626203203,2.837260284693727,0.019999999999999997,319.97959565128997,4.237797510195007,5.29,0.022917684444065802,5.29,0.0,0.022917651,0.019999999999999997
4.240167130893385,2.8404797398310326,0.019999999999999997,319.53893059337366,4.237271328652908,5.3,0.02291768450560904,5.3,0.0,0.022917651,0.019999999999999997
4.2406363472205095,2.843624353689589,0.019999999999999997,319.4259677050987,4.23681536833437,5.3100000000000005,0.02291768463856137,5.3100000000000005,0.0,0.022917651,0.019999999999999997
4.241105576405154,2.846771013035825,0.019999999999999997,319.3132040015802,4.2363574140319376,5.320000000000001,0.022917684774676938,5.32,0.0,0.022917651,0.019999999999999997
4.241574818564778,2.8499197365566435,0.019999999999999997,319.2006413025043,4.235897447529224,5.33,0.02291768491398464,5.33,0.0,0.022917651,0.019999999999999997
4.2420440738182785,2.8530705431672687,0.019999999999999997,319.0882814497909,4.23543545038728,5.339999999999999,0.022917685056513728,5.34,0.0,0.022917651,0.019999999999999997
4.242513342286012,2.8562234520147394,0.019999999999999997,318.97612630793327,4.2349714039411746,5.3500000000000005,0.022917685202293814,5.3500000000000005,0.0,0.022917651,0.019999999999999997
4.2429826240898105,2.8593784824814708,0.019999999999999997,318.86417776434547,4.234505289296523,5.36,0.02291768535135487,5.36,0.0,0.022917651,0.019999999999999997
4.243451919353012,2.8625356541888873,0.019999999999999997,318.7524377297152,4.234037087325956,5.37,0.022917685503727237,5.37,0.0,0.022917651,0.019999999999999997
4.2439212282004775,2.8656949870011146,0.019999999999999997,318.6409081383641,4.233566778665511,5.379999999999999,0.02291768565944164,5.38,0.0,0.022917651,0.019999999999999997
4.2443905507586175,2.868856501028743,0.019999999999999997,318.5295909486141,4.233094343710965,5.390000000000001,0.02291768581852918,5.39,0.0,0.022917651,0.019999999999999997
4.244859887155417,2.8720202166326665,0.019999999999999997,318.41848814316074,4.232619762614097,5.4,0.022917685981021334,5.4,0.0,0.022917651,0.019999999999999997
4.245306289889973,2.875103595371397,0.019999999999999997,319.4883053159606,4.232118888856594,5.41,0.022917686074184384,5.41,0.0,0.022917651,0.019999999999999997
4.245752351909511,2.878191554497265,0.019999999999999997,320.5605951281554,4.231612070897219,5.420000000000001,0.022917686131049882,5.42,0.0,0.022917651,0.019999999999999997
4.246197845861286,2.881281993263402,0.019999999999999997,321.63409493095094,4.231100500769287,5.43,0.022917686164303428,5.43,0.0,0.022917651,0.019999999999999997
4.246642763575504,2.8843749473313345,0.019999999999999997,322.7088221261092,4.230584110128381,5.44,0.022917686173605442,5.44,0.0,0.022917651,0.019999999999999997
4.247087096724946,2.8874704530497115,0.019999999999999997,323.7847944506892,4.23006282931322,5.45,0.022917686158609795,5.45,0.0,0.022917651,0.019999999999999997
4.2475308368211735,2.8905685474709415,0.019999999999999997,324.8620299851624,4.229536587313793,5.46,0.02291768611896366,5.46,0.0,0.022917651,0.019999999999999997
4.247973975210599,2.893669268368303,0.019999999999999997,325.9405471617639,4.229005311738553,5.470000000000001,0.022917686054307353,5.47,0.0,0.022917651,0.019999999999999997
4.248416503070455,2.8967726542535637,0.019999999999999997,327.0203647730889,4.228468928780665,5.48,0.02291768596427415,5.48,0.0,0.022917651,0.019999999999999997
4.248858411404635,2.899878744395113,0.019999999999999997,328.1015019809422,4.227927363183239,5.49,0.022917685848490126,5.49,0.0,0.022917651,0.019999999999999997
4.2492996910394165,2.9029875788366386,0.019999999999999997,329.18397832545094,4.227380538203551,5.5,0.02291768570657397,5.5,0.0,0.022917651,0.019999999999999997
4.249754641277218,2.906042202142391,0.019999999999999997,329.3535594452871,4.226928251831631,5.51,0.02291768589198762,5.51,0.0,0.022917651,0.019999999999999997
4.250209684975578,2.909099156434366,0.019999999999999997,329.52349295760035,4.226474008734587,5.520000000000001,0.022917686109861956,5.5200000000000005,0.0,0.022917651,0.019999999999999997
4.250665084061386,2.91216020743459,0.019999999999999997,329.69452318354337,4.226017090379424,5.53,0.022917686376565008,5.53,0.0,0.022917651,0.019999999999999997
4.2511205604853775,2.915223375381439,0.019999999999999997,329.86574702738454,4.225558363750985,5.539999999999999,0.022917686619563768,5.54,0.0,0.022917651,0.019999999999999997
4.251576115138868,2.918288684672529,0.019999999999999997,330.03716672055276,4.225097808009086,5.55,0.02291768683858504,5.55,0.0,0.022917651,0.019999999999999997
4.252031748926921,2.9213561600818316,0.019999999999999997,330.20878452889815,4.224635401992063,5.5600000000000005,0.02291768703335143,5.5600000000000005,0.0,0.022917651,0.019999999999999997
4.252487462768619,2.9244258267669565,0.019999999999999997,330.3806027533591,4.224171124210554,5.569999999999999,0.022917687203581227,5.57,0.0,0.022917651,0.019999999999999997
4.252943257597328,2.927497710276605,0.019999999999999997,330.55262373064346,4.223704952841132,5.58,0.02291768734898836,5.58,0.0,0.022917651,0.019999999999999997
4.253399134360983,2.9305718365582005,0.019999999999999997,330.7248498339266,4.22323686571978,5.59,0.02291768746928229,5.59,0.0,0.022917651,0.019999999999999997
4.253855094022369,2.9336482319657,0.019999999999999997,330.8972834735658,4.2227668403352325,5.6000000000000005,0.02291768756416791,5.6000000000000005,0.0,0.022917651,0.019999999999999997
4.254267788018059,2.9366173006888823,0.019999999999999997,330.83387820822395,4.222217227231451,5.61,0.022917687519061924,5.61,0.0,0.022917651,0.019999999999999997
4.254679555725792,2.9395893331027225,0.019999999999999997,330.7722688555536,4.221660946226412,5.62,0.022917687516547724,5.62,0.0,0.022917651,0.019999999999999997
4.255090380525205,2.942564382384643,0.019999999999999997,330.7124876395674,4.221097877678139,5.629999999999999,0.022917687557389536,5.63,0.0,0.022917651,0.019999999999999997
4.2554983311928485,2.945546181161385,0.019999999999999997,330.66006832454866,4.220516568457908,5.640000000000001,0.022917687707905206,5.64,0.0,0.022917651,0.019999999999999997
4.255905846092218,2.948531682263351,0.019999999999999997,330.6090561068202,4.2199298135153365,5.65,0.022917687830329877,5.65,0.0,0.022917651,0.019999999999999997
4.25631323957416,2.9515204179540717,0.019999999999999997,330.55861831632086,4.219339337251987,5.66,0.022917687909904942,5.66,0.0,0.022917651,0.019999999999999997
4.256720510311443,2.9545124235912588,0.019999999999999997,330.50876123218967,4.21874509898962,5.670000000000001,0.02291768794616202,5.67,0.0,0.022917651,0.019999999999999997
4.257127656957423,2.9575077350498407,0.019999999999999997,330.45949122541737,4.218147057454947,5.68,0.022917687938625853,5.68,0.0,0.022917651,0.019999999999999997
4.257534678145685,2.960506388731455,0.019999999999999997,330.41081476053296,4.217545170768709,5.690000000000001,0.022917687886814222,5.69,0.0,0.022917651,0.019999999999999997
4.257941572489677,2.963508421574152,0.019999999999999997,330.36273839732587,4.21693939643452,5.7,0.0229176877902378,5.7,0.0,0.022917651,0.019999999999999997
4.25837025641631,2.966460852488759,0.019999999999999997,330.06778122102435,4.2164570136021915,5.710000000000001,0.022917687871976955,5.71,0.0,0.022917651,0.019999999999999997
4.25879876690442,2.9694155369713138,0.019999999999999997,329.77409080422063,4.215971683687679,5.72,0.022917688013884795,5.72,0.0,0.022917651,0.019999999999999997
4.259227008729685,2.972371132734412,0.019999999999999997,329.48099638771083,4.21548436826897,5.7299999999999995,0.022917688156873145,5.73,0.0,0.022917651,0.019999999999999997
4.259654979955297,2.97532764634753,0.019999999999999997,329.1885022680987,4.2149950530324425,5.740000000000001,0.022917688300949805,5.74,0.0,0.022917651,0.019999999999999997
4.260082678625787,2.9782850844434474,0.019999999999999997,328.89661278338605,4.214503723526557,5.75,0.02291768844612263,5.75,0.0,0.022917651,0.019999999999999997
4.2605101027668,2.9812434537190016,0.019999999999999997,328.60533231347364,4.2140103651601954,5.76,0.02291768859239957,5.76,0.0,0.022917651,0.019999999999999997
4.260937250384866,2.984202760935872,0.019999999999999997,328.31466528066795,4.213514963200968,5.770000000000001,0.02291768873978863,5.7700000000000005,0.0,0.022917651,0.019999999999999997
4.261364119467164,2.9871630129213584,0.019999999999999997,328.0246161501954,4.213017502773503,5.78,0.02291768888829792,5.78,0.0,0.022917651,0.019999999999999997
4.261790707981294,2.9901242165691873,0.019999999999999997,327.73518943072463,4.212517968857706,5.79,0.022917689037935608,5.79,0.0,0.022917651,0.019999999999999997
4.262217013875033,2.9930863788403146,0.019999999999999997,327.446389674896,4.212016346286998,5.800000000000001,0.022917689188709945,5.8,0.0,0.022917651,0.019999999999999997
4.262631592766408,2.9959862173362715,0.019999999999999997,327.60369493078724,4.21151722597114,5.810000000000001,0.02291768931356611,5.8100000000000005,0.0,0.022917651,0.019999999999999997
4.263046233044975,2.998893500402949,0.019999999999999997,327.7624584955952,4.211010906210041,5.82,0.022917689372355,5.82,0.0,0.022917651,0.019999999999999997
4.263460874562603,3.0018071334433807,0.019999999999999997,327.9225307831439,4.210498240952877,5.830000000000001,0.022917689377182065,5.83,0.0,0.022917651,0.019999999999999997
4.263875275974653,3.004723001968158,0.019999999999999997,328.0832664421369,4.209982379598363,5.84,0.022917689380714038,5.84,0.0,0.022917651,0.019999999999999997
4.264289434422231,3.007641132594793,0.019999999999999997,328.24467337121945,4.209463284091137,5.8500000000000005,0.02291768938293549,5.8500000000000005,0.0,0.022917651,0.019999999999999997
4.264703347000873,3.010561552365055,0.019999999999999997,328.40675959493336,4.208940915769276,5.86,0.022917689383830764,5.86,0.0,0.022917651,0.019999999999999997
4.265117010759639,3.0134842887534585,0.019999999999999997,328.5695332662357,4.208415235352153,5.87,0.022917689383383937,5.87,0.0,0.022917651,0.019999999999999997
4.265530422700173,3.0164093696759497,0.019999999999999997,328.7330026690774,4.207886202928024,5.880000000000001,0.02291768938157884,5.88,0.0,0.022917651,0.019999999999999997
4.265943579775751,3.019336823498816,0.019999999999999997,328.8971762210453,4.207353777941287,5.89,0.02291768937839904,5.89,0.0,0.022917651,0.019999999999999997
4.266356478890303,3.022266679047794,0.019999999999999997,329.0620624760673,4.206817919179454,5.9,0.02291768937382783,5.9,0.0,0.022917651,0.019999999999999997
4.266753475563541,3.025122437070736,0.019999999999999997,329.0378728330892,4.20628007059625,5.910000000000001,0.022917689395227567,5.91,0.0,0.022917651,0.019999999999999997
4.267150202357999,3.027981434817008,0.019999999999999997,329.0149038648554,4.205737902857267,5.920000000000001,0.022917689452269137,5.92,0.0,0.022917651,0.019999999999999997
4.267546700147115,3.030846206082168,0.019999999999999997,328.9939775938607,4.205189045386885,5.930000000000001,0.02291768961048925,5.93,0.0,0.022917651,0.019999999999999997
4.26794295508515,3.0337134283259592,0.019999999999999997,328.9738767371744,4.204636766111445,5.94,0.02291768976769556,5.94,0.0,0.022917651,0.019999999999999997
4.268338964250364,3.0365831310361124,0.019999999999999997,328.95461122535835,4.2040810238632,5.95,0.02291768992387586,5.95,0.0,0.022917651,0.019999999999999997
4.268734724673957,3.0394553441752863,0.019999999999999997,328.9361911489155,4.2035217768113595,5.96,0.02291769007901775,5.96,0.0,0.022917651,0.019999999999999997
4.269130233339121,3.0423300981906665,0.019999999999999997,328.9186267615227,4.202958982448682,5.970000000000001,0.022917690233108648,5.97,0.0,0.022917651,0.019999999999999997
4.269525487180063,3.0452074240238005,0.019999999999999997,328.9019284833424,4.202392597577754,5.98,0.02291769038613575,5.98,0.0,0.022917651,0.019999999999999997
4.269920483081015,3.04808735312067,0.019999999999999997,328.88610690441556,4.201822578296919,5.99,0.022917690538086052,5.99,0.0,0.022917651,0.019999999999999997
4.270315217875197,3.050969917442015,0.019999999999999997,328.87117278813747,4.201248879985869,6.0,0.022917690688946325,6.0,0.0,0.022917651,0.019999999999999997
4.27072511923849,3.053826036340179,0.019999999999999997,329.0840162170979,4.2007502240867,6.010000000000001,0.022917690887722896,6.01,0.0,0.022917651,0.019999999999999997
4.271134665299091,3.0566867447194164,0.019999999999999997,329.29841337732546,4.200245556989486,6.0200000000000005,0.02291769103004451,6.0200000000000005,0.0,0.022917651,0.019999999999999997
4.271543888584996,3.059552702506281,0.019999999999999997,329.51525320389754,4.199734348799708,6.03,0.022917691079906148,6.03,0.0,0.022917651,0.019999999999999997
4.271952821900899,3.062421598903328,0.019999999999999997,329.73330302807216,4.1992190426683385,6.04,0.0229176911273631,6.04,0.0,0.022917651,0.019999999999999997
4.272361460879934,3.065293478165179,0.019999999999999997,329.9525810720652,4.198699576881557,6.050000000000001,0.022917691172379136,6.05,0.0,0.022917651,0.019999999999999997
4.272769801067108,3.068168385439558,0.019999999999999997,330.17310592583357,4.1981758884801,6.0600000000000005,0.02291769121491731,6.0600000000000005,0.0,0.022917651,0.019999999999999997
4.273177837917069,3.071046366789931,0.019999999999999997,330.3948965563992,4.1976479132276845,6.070000000000001,0.022917691254939938,6.07,0.0,0.022917651,0.019999999999999997
4.273585566791796,3.0739274692188436,0.019999999999999997,330.6179723174578,4.197115585578465,6.08,0.02291769129240855,6.08,0.0,0.022917651,0.019999999999999997
4.2739929829582355,3.076811740691973,0.019999999999999997,330.84235295928283,4.196578838643496,6.09,0.0229176913272839,6.09,0.0,0.022917651,0.019999999999999997
4.274400081585843,3.0796992301629262,0.019999999999999997,331.06805863893595,4.196037604156142,6.100000000000001,0.022917691359525916,6.1000000000000005,0.0,0.022917651,0.019999999999999997
4.2747637958356535,3.0824597483522647,0.019999999999999997,330.7956828499946,4.195438129070714,6.109999999999999,0.022917691405803985,6.11,0.0,0.022917651,0.019999999999999997
4.275124142092681,3.0852226897922796,0.019999999999999997,330.52511120589094,4.194822757094309,6.120000000000001,0.02291769161743093,6.12,0.0,0.022917651,0.019999999999999997
4.275484640491975,3.0879886729132084,0.019999999999999997,330.2546859799043,4.194204952218209,6.13,0.022917691829191636,6.13,0.0,0.022917651,0.019999999999999997
4.275845292135598,3.0907577197478964,0.019999999999999997,329.9844082326349,4.193584696819359,6.140000000000001,0.02291769204108708,6.140000000000001,0.0,0.022917651,0.019999999999999997
4.276206098136283,3.093529852542498,0.019999999999999997,329.7142790349515,4.192961973104089,6.15,0.022917692253118245,6.15,0.0,0.022917651,0.019999999999999997
4.276567059617564,3.0963050937590713,0.019999999999999997,329.4442994681151,4.192336763106042,6.16,0.022917692465286105,6.16,0.0,0.022917651,0.019999999999999997
4.276928177713904,3.0990834660781967,0.019999999999999997,329.1744706239066,4.19170904868407,6.17,0.022917692677591663,6.17,0.0,0.022917651,0.019999999999999997
4.2772894535708295,3.101864992401647,0.019999999999999997,328.9047936047538,4.191078811520105,6.18,0.022917692890035927,6.18,0.0,0.022917651,0.019999999999999997
4.277650863941253,3.1046546285505334,0.019999999999999997,328.6369172188747,4.190441002857761,6.190000000000001,0.02291769294921892,6.19,0.0,0.022917651,0.019999999999999997
4.278012487886708,3.1074493283615032,0.019999999999999997,328.36969626832484,4.1897989851961155,6.2,0.022917692954138893,6.2,0.0,0.022917651,0.019999999999999997
4.278389341126098,3.11018378340672,0.019999999999999997,328.291878677318,4.189266829468242,6.21,0.022917692893938517,6.21,0.0,0.022917651,0.019999999999999997
4.278766191246578,3.112919973100398,0.019999999999999997,328.2149215474976,4.188732926713833,6.220000000000001,0.0229176928513194,6.22,0.0,0.022917651,0.019999999999999997
4.2791430382238245,3.1156579109699343,0.019999999999999997,328.1388315890422,4.188197263308963,6.2299999999999995,0.02291769282641866,6.23,0.0,0.022917651,0.019999999999999997
4.279519882033265,3.1183976106837497,0.019999999999999997,328.06361558208323,4.187659825487678,6.24,0.022917692819374825,6.24,0.0,0.022917651,0.019999999999999997
4.279896722650063,3.121139086053127,0.019999999999999997,327.98928037761897,4.18712059934014,6.25,0.02291769283032788,6.25,0.0,0.022917651,0.019999999999999997
4.280273560049126,3.123882351034086,0.019999999999999997,327.915832898443,4.186579570810743,6.260000000000001,0.022917692859419275,6.26,0.0,0.022917651,0.019999999999999997
4.280650394205102,3.1266274197292825,0.019999999999999997,327.843280140087,4.186036725696195,6.2700000000000005,0.02291769290679194,6.2700000000000005,0.0,0.022917651,0.019999999999999997
4.2810272250923616,3.129374306389941,0.019999999999999997,327.77162917177867,4.18549204964358,6.28,0.02291769297259032,6.28,0.0,0.022917651,0.019999999999999997
4.281404052685012,3.1321230254178136,0.019999999999999997,327.7008871374146,4.184945528148379,6.29,0.022917693056960384,6.29,0.0,0.022917651,0.019999999999999997
4.281780569101777,3.134876090418477,0.019999999999999997,327.63225377055966,4.18439341451727,6.3,0.02291769312693654,6.3,0.0,0.022917651,0.019999999999999997
4.282158175658315,3.1376082575202933,0.019999999999999997,327.511940387955,4.183855615640956,6.3100000000000005,0.022917693228695687,6.3100000000000005,0.0,0.022917651,0.019999999999999997
4.282534825011074,3.140342159674001,0.019999999999999997,327.39308812985615,4.18331225250706,6.320000000000001,0.022917693351094982,6.32,0.0,0.022917651,0.019999999999999997
4.282910500997661,3.1430778261759595,0.019999999999999997,327.275721667357,4.182763231163064,6.329999999999999,0.02291769349448294,6.33,0.0,0.022917651,0.019999999999999997
4.283285187089762,3.1458152869858207,0.019999999999999997,327.1598662301244,4.1822084555293,6.34,0.022917693659215962,6.34,0.0,0.022917651,0.019999999999999997
4.283658866382711,3.1485545727454065,0.019999999999999997,327.0455476222956,4.181647827338393,6.3500000000000005,0.02291769384565856,6.3500000000000005,0.0,0.022917651,0.019999999999999997
4.284031521584727,3.1512957147982354,0.019999999999999997,326.9327922389227,4.181081246072647,6.359999999999999,0.022917694054183594,6.36,0.0,0.022917651,0.019999999999999997
4.28440313500577,3.15403874520973,0.019999999999999997,326.82162708298506,4.180508608899256,6.370000000000001,0.02291769428517252,6.37,0.0,0.022917651,0.019999999999999997
4.284773688546003,3.1567836967881107,0.019999999999999997,326.71207978299293,4.179929810603267,6.38,0.022917694539015616,6.38,0.0,0.022917651,0.019999999999999997
4.285143130716867,3.1595311080159187,0.019999999999999997,326.60435077665375,4.179344107162652,6.390000000000001,0.022917694800325655,6.390000000000001,0.0,0.022917651,0.019999999999999997
4.285511151552062,3.1622856120577025,0.019999999999999997,326.49998536094193,4.1787456296145296,6.400000000000001,0.02291769490628932,6.4,0.0,0.022917651,0.019999999999999997
4.2858459942403035,3.1649579475009153,0.019999999999999997,327.8032000324476,4.178086005630045,6.410000000000001,0.022917694769471347,6.41,0.0,0.022917651,0.019999999999999997
4.2861805036391285,3.167632209745373,0.019999999999999997,329.1073781616377,4.177423121193635,6.42,0.022917694675335526,6.42,0.0,0.022917651,0.019999999999999997
4.286514676967363,3.170308414869508,0.019999999999999997,330.41252778820524,4.176756949098049,6.43,0.022917694624238035,6.43,0.0,0.022917651,0.019999999999999997
4.286848511412802,3.172986579131146,0.019999999999999997,331.71865704154385,4.176087461832482,6.440000000000001,0.022917694616539017,6.44,0.0,0.022917651,0.019999999999999997
4.287182004131775,3.1756667189700076,0.019999999999999997,333.0257741420015,4.17541463157833,6.450000000000001,0.02291769465260263,6.45,0.0,0.022917651,0.019999999999999997
4.287515152248709,3.178348851010268,0.019999999999999997,334.3338874021576,4.174738430204864,6.46,0.022917694732797138,6.46,0.0,0.022917651,0.019999999999999997
4.287848257177614,3.181033770934869,0.019999999999999997,335.64290754929056,4.1740592677762,6.47,0.022917694845597917,6.47,0.0,0.022917651,0.019999999999999997
4.288185048542108,3.1837303548418854,0.019999999999999997,336.9513303896171,4.173383188156567,6.480000000000001,0.022917694848843578,6.48,0.0,0.022917651,0.019999999999999997
4.288522724392391,3.1864308547996467,0.019999999999999997,338.2597917733938,4.172706730857068,6.49,0.022917694855095296,6.49,0.0,0.022917651,0.019999999999999997
4.288861287413174,3.189135282694675,0.019999999999999997,339.5682918176127,4.172029894731317,6.5,0.022917694864362206,6.5,0.0,0.022917651,0.019999999999999997
4.289200795787458,3.1917751184531484,0.019999999999999997,339.778871000131,4.1714111530470595,6.51,0.022917694882610806,6.51,0.0,0.022917651,0.019999999999999997
4.2895393431421915,3.194416410289674,0.019999999999999997,339.99054373682674,4.170787111064124,6.520000000000001,0.022917694899661206,6.5200000000000005,0.0,0.022917651,0.019999999999999997
4.289876915401539,3.1970591795310925,0.019999999999999997,340.2033260447372,4.170157691150248,6.529999999999999,0.022917694915495848,6.53,0.0,0.022917651,0.019999999999999997
4.290213498213435,3.1997034479227833,0.019999999999999997,340.41723425523185,4.169522814149652,6.54,0.022917694930096863,6.54,0.0,0.022917651,0.019999999999999997
4.29054907694276,3.202349237638975,0.019999999999999997,340.63228502176065,4.168882399345477,6.550000000000001,0.022917694943445983,6.55,0.0,0.022917651,0.019999999999999997
4.290881944125884,3.2049966696873553,0.019999999999999997,340.85108783151384,4.168229495201599,6.5600000000000005,0.022917694963662544,6.5600000000000005,0.0,0.022917651,0.019999999999999997
4.29121350598111,3.2076471476320823,0.019999999999999997,341.0719780042494,4.167568323502629,6.57,0.022917694989530654,6.57,0.0,0.022917651,0.019999999999999997
4.291545217580206,3.2103010003494266,0.019999999999999997,341.2928579163587,4.166904376215752,6.58,0.022917695015531387,6.58,0.0,0.022917651,0.019999999999999997
4.291877080235786,3.2129582574217914,0.019999999999999997,341.5137274778996,4.166237629010866,6.59,0.022917695041665916,6.59,0.0,0.022917651,0.019999999999999997
4.292209095275857,3.2156189487783413,0.019999999999999997,341.7345865978759,4.165568057272677,6.6000000000000005,0.0229176950679354,6.6000000000000005,0.0,0.022917651,0.019999999999999997
4.29255773697142,3.2182453516718894,0.019999999999999997,341.7982798778133,4.164989307448567,6.610000000000001,0.022917695075161528,6.61,0.0,0.022917651,0.019999999999999997
4.292906277284,3.2208742121809566,0.019999999999999997,341.86250124546655,4.16440769406428,6.62,0.022917695078510113,6.62,0.0,0.022917651,0.019999999999999997
4.293254715258178,3.22350555346558,0.019999999999999997,341.9272556774199,4.16382319013424,6.629999999999999,0.022917695077944618,6.63,0.0,0.022917651,0.019999999999999997
4.293603049926505,3.2261393989777236,0.019999999999999997,341.9925482129865,4.163235768332734,6.640000000000001,0.022917695073428036,6.640000000000001,0.0,0.022917651,0.019999999999999997
4.2939504701004525,3.2287764968597594,0.019999999999999997,342.06021271537173,4.1626414355395704,6.65,0.022917695137225594,6.65,0.0,0.022917651,0.019999999999999997
4.294296567872278,3.2314164426697856,0.019999999999999997,342.13102265042403,4.162038964908765,6.66,0.02291769527617376,6.66,0.0,0.022917651,0.019999999999999997
4.294642088639506,3.234058310968678,0.019999999999999997,342.2032446194429,4.161432263833322,6.67,0.02291769541288868,6.67,0.0,0.022917651,0.019999999999999997
4.294987025255212,3.2367021255688617,0.019999999999999997,342.27689611223394,4.160821279913894,6.680000000000001,0.022917695547342683,6.68,0.0,0.022917651,0.019999999999999997
4.295331370453955,3.2393479106776586,0.019999999999999997,342.3519949086444,4.160205959882177,6.69,0.022917695679507657,6.69,0.0,0.022917651,0.019999999999999997
4.295675116849302,3.2419956909055005,0.019999999999999997,342.42855908460047,4.159586249582809,6.700000000000001,0.022917695809355012,6.7,0.0,0.022917651,0.019999999999999997
4.295993281628793,3.244570119790544,0.019999999999999997,342.4470411219528,4.158927891467106,6.710000000000001,0.02291769596331523,6.71,0.0,0.022917651,0.019999999999999997
4.296311403912953,3.247147326314782,0.019999999999999997,342.46598713173853,4.1582665860064445,6.720000000000001,0.02291769611327802,6.72,0.0,0.022917651,0.019999999999999997
4.296629483365446,3.2497273324624203,0.019999999999999997,342.4854007861649,4.157602309873441,6.729999999999999,0.022917696259211744,6.73,0.0,0.022917651,0.019999999999999997
4.29694689719313,3.2523121307328475,0.019999999999999997,342.50687084802627,4.1569305794410765,6.74,0.02291769634885649,6.74,0.0,0.022917651,0.019999999999999997
4.297263758818986,3.254901661687458,0.019999999999999997,342.5301759120606,4.156251907686292,6.75,0.022917696387968412,6.75,0.0,0.022917651,0.019999999999999997
4.297580756040216,3.2574938609031068,0.019999999999999997,342.55358908820705,4.155571110124258,6.76,0.022917696432953827,6.76,0.0,0.022917651,0.019999999999999997
4.297897889621333,3.260088743423909,0.019999999999999997,342.5771109860202,4.1548881747693125,6.770000000000001,0.022917696483845836,6.7700000000000005,0.0,0.022917651,0.019999999999999997
4.298215160332603,3.2626863244072872,0.019999999999999997,342.6007422196458,4.154203089545511,6.780000000000001,0.022917696540677806,6.78,0.0,0.022917651,0.019999999999999997
4.298532568950107,3.265286619125042,0.019999999999999997,342.6244834078638,4.153515842285792,6.79,0.022917696603483362,6.79,0.0,0.022917651,0.019999999999999997
4.298850116255794,3.26788964296443,0.019999999999999997,342.6483351741323,4.152826420731104,6.8,0.022917696672296366,6.8,0.0,0.022917651,0.019999999999999997
4.299187376686126,3.27047734755048,0.019999999999999997,345.216161301872,4.152221775184358,6.810000000000001,0.022917696691342783,6.8100000000000005,0.0,0.022917651,0.019999999999999997
4.2995243619074595,3.2730666272426134,0.019999999999999997,347.79829501354845,4.151614453569977,6.820000000000001,0.02291769672556634,6.82,0.0,0.022917651,0.019999999999999997
4.299861068764922,3.275657500097124,0.019999999999999997,350.3949003247577,4.151004425210743,6.830000000000001,0.022917696775141015,6.83,0.0,0.022917651,0.019999999999999997
4.300197214584267,3.278251071162409,0.019999999999999997,353.00713764072884,4.150389453781949,6.839999999999999,0.022917696796853695,6.84,0.0,0.022917651,0.019999999999999997
4.300532904791199,3.2808469130640407,0.019999999999999997,355.63494851675847,4.149770388730525,6.8500000000000005,0.022917696796853695,6.8500000000000005,0.0,0.022917651,0.019999999999999997
4.300868291031189,3.283444436876198,0.019999999999999997,358.277994339121,4.149148425917338,6.86,0.022917696796853695,6.86,0.0,0.022917651,0.019999999999999997
4.301203369673519,3.286043662688389,0.019999999999999997,360.9364570809598,4.148523530730199,6.870000000000001,0.022917696796853692,6.87,0.0,0.022917651,0.019999999999999997
4.3015381370294135,3.2886446109113416,0.019999999999999997,363.61052162509645,4.1478956680034855,6.879999999999999,0.022917696796853692,6.88,0.0,0.022917651,0.019999999999999997
4.301872589350882,3.291247302283455,0.019999999999999997,366.3003758224202,4.147264802007034,6.8900000000000015,0.022917696796853692,6.890000000000001,0.0,0.022917651,0.019999999999999997
4.30220672282952,3.2938517578773983,0.019999999999999997,369.006210551688,4.1466308964347665,6.9,0.022917696796853695,6.9,0.0,0.022917651,0.019999999999999997
4.3025127000296655,3.29637443885956,0.019999999999999997,368.9902443178012,4.145957017808311,6.910000000000001,0.02291769677894843,6.91,0.0,0.022917651,0.019999999999999997
4.302818420327924,3.298899784655778,0.019999999999999997,368.97594111296365,4.145279447330674,6.920000000000001,0.022917696771323427,6.92,0.0,0.022917651,0.019999999999999997
4.303123881696786,3.301427816297149,0.019999999999999997,368.9633140620392,4.1445981558652365,6.93,0.022917696774059824,6.93,0.0,0.022917651,0.019999999999999997
4.303429014449796,3.3039588018862696,0.019999999999999997,368.9527264976838,4.1439125966932435,6.940000000000001,0.022917696785866797,6.94,0.0,0.022917651,0.019999999999999997
4.303732921718124,3.306496122581253,0.019999999999999997,368.9488441743499,4.143215802340353,6.95,0.022917696783120074,6.95,0.0,0.022917651,0.019999999999999997
4.3040365564984215,3.309036398318922,0.019999999999999997,368.9467562989154,4.142514962649702,6.960000000000001,0.02291769678037335,6.96,0.0,0.022917651,0.019999999999999997
4.304339916504992,3.311579653886932,0.019999999999999997,368.9464779236679,4.141810043687966,6.970000000000001,0.022917696777626624,6.97,0.0,0.022917651,0.019999999999999997
4.304642999426496,3.314125914350946,0.019999999999999997,368.94802426971734,4.141101011141228,6.98,0.022917696774879898,6.98,0.0,0.022917651,0.019999999999999997
4.304945802925606,3.3166752050585484,0.019999999999999997,368.9514107293688,4.140387830309641,6.990000000000001,0.022917696772133178,6.99,0.0,0.022917651,0.019999999999999997
4.305248324638626,3.319227551643217,0.019999999999999997,368.9566528685363,4.1396704661019745,7.000000000000001,0.02291769676938645,7.0,0.0,0.022917651,0.019999999999999997
4.305565449863189,3.3216982123649794,0.019999999999999997,381.688736985924,4.13908433461629,7.010000000000001,0.022917696769222392,7.01,0.0,0.022917651,0.019999999999999997
4.30588180523164,3.324172705889179,0.019999999999999997,394.49282951417916,4.138491290649195,7.020000000000001,0.02291769676938645,7.0200000000000005,0.0,0.022917651,0.019999999999999997
4.306198043365595,3.326649266411782,0.019999999999999997,407.36630132080916,4.137895711247525,7.030000000000001,0.022917696769386448,7.03,0.0,0.022917651,0.019999999999999997
4.306514170448395,3.3291278876291734,0.019999999999999997,420.3095636866045,4.137297627454693,7.04,0.02291769676938645,7.04,0.0,0.022917651,0.019999999999999997
4.306830185767343,3.3316085827663127,0.019999999999999997,433.3230645077753,4.136697023198217,7.050000000000001,0.02291769676938645,7.05,0.0,0.022917651,0.019999999999999997
4.307146088603632,3.334091365161569,0.019999999999999997,446.40725552137906,4.136093882267794,7.0600000000000005,0.02291769676938645,7.0600000000000005,0.0,0.022917651,0.019999999999999997
4.307461878232278,3.3365762482679373,0.019999999999999997,459.5625923465746,4.13548818831381,7.07,0.02291769676938645,7.07,0.0,0.022917651,0.019999999999999997
4.3077775539220555,3.3390632456542715,0.019999999999999997,472.78953452642116,4.134879924845848,7.079999999999999,0.022917696769386448,7.08,0.0,0.022917651,0.019999999999999997
4.3080931149354225,3.341552371006538,0.019999999999999997,486.0885455702068,4.134269075231159,7.09,0.02291769676938645,7.09,0.0,0.022917651,0.019999999999999997
4.308408560528462,3.3440436381290786,0.019999999999999997,499.46009299633045,4.133655622693138,7.100000000000001,0.02291769676938645,7.1000000000000005,0.0,0.022917651,0.019999999999999997
4.308709550186799,3.346510736695663,0.019999999999999997,486.95129023668693,4.132999899605297,7.11,0.022917696874424673,7.11,0.0,0.022917651,0.019999999999999997
4.30900992018478,3.3489809626232514,0.019999999999999997,474.3627271380859,4.132338569888961,7.12,0.022917697001206345,7.12,0.0,0.022917651,0.019999999999999997
4.309309281716089,3.351455200023154,0.019999999999999997,461.6951968556101,4.131669194279485,7.13,0.02291769714117853,7.13,0.0,0.022917651,0.019999999999999997
4.309608253263054,3.35393151439706,0.019999999999999997,448.9446080103457,4.130996182056224,7.1400000000000015,0.022917697297402922,7.140000000000001,0.0,0.022917651,0.019999999999999997
4.309906830971134,3.3564099262734386,0.019999999999999997,436.11013966504396,4.130319497275475,7.15,0.022917697470040143,7.15,0.0,0.022917651,0.019999999999999997
4.310205010934821,3.358890456452189,0.019999999999999997,423.19096002801206,4.129639103518296,7.16,0.022917697659252962,7.16,0.0,0.022917651,0.019999999999999997
4.3105027891968,3.3613731260091404,0.019999999999999997,410.186226273126,4.128954963882615,7.17,0.02291769786520629,7.17,0.0,0.022917651,0.019999999999999997
4.310800161747082,3.363857956300638,0.019999999999999997,397.09508435624394,4.128267040975192,7.18,0.02291769808806724,7.18,0.0,0.022917651,0.019999999999999997
4.31109712452213,3.366344968968232,0.019999999999999997,383.91666882794215,4.127575296903423,7.190000000000001,0.022917698328005158,7.19,0.0,0.022917651,0.019999999999999997
4.311393673403953,3.3688341859434487,0.019999999999999997,370.65010264249287,4.126879693266973,7.200000000000001,0.02291769858519166,7.2,0.0,0.022917651,0.019999999999999997
4.311689928291926,3.371293565860472,0.019999999999999997,370.7984193106254,4.126204368623834,7.210000000000001,0.022917698605085208,7.21,0.0,0.022917651,0.019999999999999997
4.311985666186715,3.3737561303788737,0.019999999999999997,370.94960311343976,4.125523790730473,7.220000000000001,0.022917698605340913,7.22,0.0,0.022917651,0.019999999999999997
4.31228099387669,3.376220858136868,0.019999999999999997,371.10248640478005,4.124839408566695,7.23,0.02291769860578532,7.23,0.0,0.022917651,0.019999999999999997
4.312575907060761,3.3786877718165207,0.019999999999999997,371.25708700417596,4.124151182243844,7.240000000000001,0.022917698606420418,7.24,0.0,0.022917651,0.019999999999999997
4.312870401377494,3.3811568944181127,0.019999999999999997,371.41342298115364,4.123459071313656,7.25,0.022917698607248193,7.25,0.0,0.022917651,0.019999999999999997
4.3131644724040505,3.3836282492657412,0.019999999999999997,371.5715126596349,4.122763034758404,7.260000000000001,0.022917698608270688,7.26,0.0,0.022917651,0.019999999999999997
4.3134581156551075,3.386101860013035,0.019999999999999997,371.73137462243034,4.122063030980846,7.2700000000000005,0.02291769860948997,7.2700000000000005,0.0,0.022917651,0.019999999999999997
4.313751326581742,3.3885777506489956,0.019999999999999997,371.89302771582715,4.121359017793953,7.280000000000001,0.022917698610908123,7.28,0.0,0.022917651,0.019999999999999997
4.31404409497937,3.391055954855769,0.019999999999999997,372.05650940927245,4.120650920692623,7.290000000000001,0.022917698612531016,7.29,0.0,0.022917651,0.019999999999999997
4.314334731771115,3.3935394601535998,0.019999999999999997,372.22727321203917,4.119928995224305,7.3,0.022917698615667483,7.3,0.0,0.022917651,0.019999999999999997
4.3146113529788135,3.395983292110281,0.019999999999999997,386.7574377992561,4.119182532005708,7.310000000000001,0.022917698487551482,7.3100000000000005,0.0,0.022917651,0.019999999999999997
4.3148878306480425,3.398429720290154,0.019999999999999997,401.3993052481839,4.118432899334316,7.320000000000001,0.022917698412440245,7.32,0.0,0.022917651,0.019999999999999997
4.315164163760007,3.4008787631204913,0.019999999999999997,416.15366839472426,4.1176800747142295,7.33,0.022917698390709996,7.33,0.0,0.022917651,0.019999999999999997
4.315440351286245,3.403330439203367,0.019999999999999997,431.02132759567684,4.116924035436159,7.34,0.022917698422740516,7.34,0.0,0.022917651,0.019999999999999997
4.31571639218852,3.405784767317735,0.019999999999999997,446.0030908181338,4.116164758574874,7.3500000000000005,0.022917698508915195,7.3500000000000005,0.0,0.022917651,0.019999999999999997
4.315992024184369,3.408242199344198,0.019999999999999997,461.101636371436,4.115400743112382,7.359999999999999,0.022917698632483486,7.36,0.0,0.022917651,0.019999999999999997
4.3162652071211145,3.4107061441024165,0.019999999999999997,476.3335407998542,4.114620418716607,7.37,0.022917698632483486,7.37,0.0,0.022917651,0.019999999999999997
4.316538162675301,3.4131729472343917,0.019999999999999997,491.68484616700533,4.113836325925488,7.380000000000001,0.022917698632483482,7.38,0.0,0.022917651,0.019999999999999997
4.316810889036531,3.4156426314982156,0.019999999999999997,507.1565031314907,4.113048434735432,7.3900000000000015,0.022917698632483482,7.390000000000001,0.0,0.022917651,0.019999999999999997
4.3170833843751355,3.418115219894219,0.019999999999999997,522.7494724708301,4.11225671482348,7.4,0.022917698632483486,7.4,0.0,0.022917651,0.019999999999999997
4.317353903191817,3.4205287991622173,0.019999999999999997,523.5336974509119,4.111508163782178,7.41,0.02291769860472082,7.41,0.0,0.022917651,0.019999999999999997
4.317624184833679,3.4229449135338994,0.019999999999999997,524.3210649890048,4.110756128441645,7.42,0.02291769861640343,7.42,0.0,0.022917651,0.019999999999999997
4.317893508623118,3.4253657633910652,0.019999999999999997,525.1153058002767,4.109995526465121,7.429999999999999,0.022917698635988668,7.43,0.0,0.022917651,0.019999999999999997
4.318161951739813,3.42779100931279,0.019999999999999997,525.9161839233896,4.109227006505528,7.44,0.022917698638188565,7.44,0.0,0.022917651,0.019999999999999997
4.318430111542395,3.4302188138548364,0.019999999999999997,526.7206759411996,4.108454794989078,7.45,0.022917698640909975,7.45,0.0,0.022917651,0.019999999999999997
4.318697986129081,3.4326491941922903,0.019999999999999997,527.528806112467,4.107678867135692,7.46,0.022917698644156395,7.46,0.0,0.022917651,0.019999999999999997
4.318965573581027,3.4350821676543046,0.019999999999999997,528.3405989135597,4.106899197943009,7.47,0.022917698647931355,7.47,0.0,0.022917651,0.019999999999999997
4.319232871962136,3.4375177517258284,0.019999999999999997,529.1560790408976,4.106115762183884,7.480000000000001,0.02291769865223842,7.48,0.0,0.022917651,0.019999999999999997
4.319499879318869,3.4399559640493598,0.019999999999999997,529.9752714134324,4.105328534403861,7.490000000000001,0.022917698657081192,7.49,0.0,0.022917651,0.019999999999999997
4.319764028755511,3.442400755958777,0.019999999999999997,530.8185409092287,4.104523297519037,7.500000000000001,0.022917698659950726,7.5,0.0,0.022917651,0.019999999999999997
4.3200315337601936,3.4447917084449826,0.019999999999999997,531.6412258026932,4.10377759974646,7.510000000000001,0.02291769865995073,7.51,0.0,0.022917651,0.019999999999999997
4.320298752785607,3.4471849772203123,0.019999999999999997,532.4678424177863,4.1030284412505535,7.520000000000001,0.022917698659950726,7.5200000000000005,0.0,0.022917651,0.019999999999999997
4.320565683549432,3.449580580770384,0.019999999999999997,533.2984221324158,4.102275794412309,7.53,0.022917698659950723,7.53,0.0,0.022917651,0.019999999999999997
4.320832323745007,3.451978537778047,0.019999999999999997,534.1329966592707,4.101519631318042,7.54,0.022917698659950726,7.54,0.0,0.022917651,0.019999999999999997
4.321098671040984,3.4543788671260156,0.019999999999999997,534.9715980502976,4.100759923755449,7.55,0.022917698659950726,7.55,0.0,0.022917651,0.019999999999999997
4.321364723081015,3.456781587899549,0.019999999999999997,535.8142587012504,4.0999966432096056,7.5600000000000005,0.022917698659950726,7.5600000000000005,0.0,0.022917651,0.019999999999999997
4.321629204111933,3.459190512201623,0.019999999999999997,536.6668958756127,4.09922087447051,7.570000000000001,0.022917698659950726,7.57,0.0,0.022917651,0.019999999999999997
4.3218933181693355,3.4616021344412116,0.019999999999999997,537.5239773414977,4.098440940948488,7.580000000000001,0.022917698659950726,7.58,0.0,0.022917651,0.019999999999999997
4.322157121367634,3.464016302297418,0.019999999999999997,538.3852667330362,4.097657219471083,7.590000000000001,0.02291769865995073,7.59,0.0,0.022917651,0.019999999999999997
4.322420611128523,3.466433036883907,0.019999999999999997,539.2507989512942,4.096869678620515,7.6000000000000005,0.022917698659950726,7.6000000000000005,0.0,0.022917651,0.019999999999999997
4.3226751256673515,3.4688015679777107,0.019999999999999997,539.8964472195795,4.096086921273794,7.61,0.02291769865995073,7.61,0.0,0.022917651,0.019999999999999997
4.3229292420278,3.4711725349277125,0.019999999999999997,540.547009111751,4.095300135020166,7.620000000000001,0.022917698659950726,7.62,0.0,0.022917651,0.019999999999999997
4.323182956410114,3.4735459609789143,0.019999999999999997,541.2025315177693,4.09450928141239,7.629999999999999,0.022917698659950726,7.63,0.0,0.022917651,0.019999999999999997
4.32343475200511,3.47592524316547,0.019999999999999997,541.8707667482681,4.093704892179581,7.640000000000001,0.022917698659950726,7.640000000000001,0.0,0.022917651,0.019999999999999997
4.323686185387494,3.478307136817696,0.019999999999999997,542.543506971587,4.0928964434868425,7.65,0.022917698659950726,7.65,0.0,0.022917651,0.019999999999999997
4.323937254457931,3.480691663545357,0.019999999999999997,543.2207875894529,4.092083905338915,7.66,0.022917698659950726,7.66,0.0,0.022917651,0.019999999999999997
4.324187955804439,3.4830788480086725,0.019999999999999997,543.902651125189,4.0912672394357745,7.67,0.022917698659950726,7.67,0.0,0.022917651,0.019999999999999997
4.324438285972294,3.4854687151767654,0.019999999999999997,544.5891406347868,4.090446406997632,7.68,0.022917698659950726,7.68,0.0,0.022917651,0.019999999999999997
4.324688241463356,3.4878612903325186,0.019999999999999997,545.2802997152742,4.089621368757393,7.690000000000001,0.022917698659950726,7.69,0.0,0.022917651,0.019999999999999997
4.324937480770958,3.490257173482181,0.019999999999999997,545.97828065884,4.088790157971683,7.7,0.022917698659950726,7.7,0.0,0.022917651,0.019999999999999997
4.3251844418674095,3.492611553511298,0.019999999999999997,547.1556478966627,4.087984007409734,7.71,0.02291769865995073,7.71,0.0,0.022917651,0.019999999999999997
4.325431062161537,3.4949682514889764,0.019999999999999997,548.3370586082317,4.087174175953078,7.72,0.022917698659950726,7.72,0.0,0.022917651,0.019999999999999997
4.325677339044816,3.4973272851569557,0.019999999999999997,549.5225437425762,4.086360635427891,7.73,0.022917698659950723,7.73,0.0,0.022917651,0.019999999999999997
4.3259232698820345,3.4996886724385003,0.019999999999999997,550.7121345653812,4.085543357372088,7.740000000000001,0.022917698659950726,7.74,0.0,0.022917651,0.019999999999999997
4.326168852010946,3.502052431440728,0.019999999999999997,551.9058626630481,4.084722313031625,7.75,0.022917698659950726,7.75,0.0,0.022917651,0.019999999999999997
4.326414082741926,3.5044185804569716,0.019999999999999997,553.103759946817,4.083897473356751,7.76,0.022917698659950726,7.76,0.0,0.022917651,0.019999999999999997
4.326658959357619,3.506787137969181,0.019999999999999997,554.3058586569541,4.0830688089981875,7.7700000000000005,0.022917698659950726,7.7700000000000005,0.0,0.022917651,0.019999999999999997
4.326901713899109,3.5091607902013515,0.019999999999999997,555.5239810880644,4.082226561989677,7.780000000000001,0.022917698659950726,7.78,0.0,0.022917651,0.019999999999999997
4.327143356573645,3.5115378641998847,0.019999999999999997,556.7510915982733,4.081376444940124,7.790000000000001,0.02291769865995073,7.79,0.0,0.022917651,0.019999999999999997
4.327384526431686,3.513917383583496,0.019999999999999997,557.9828874820486,4.080521990215274,7.800000000000001,0.022917698659950726,7.8,0.0,0.022917651,0.019999999999999997
4.327627330105767,3.5162506981715693,0.019999999999999997,558.7783831717684,4.0797131373010265,7.81,0.022917698843263442,7.8100000000000005,0.0,0.022917651,0.019999999999999997
4.327869975055936,3.5185865689922093,0.019999999999999997,559.5767637009988,4.078901094471992,7.820000000000001,0.022917699026751222,7.82,0.0,0.022917651,0.019999999999999997
4.328112460287596,3.5209250120632363,0.019999999999999997,560.3780471466736,4.078085841739578,7.83,0.02291769921041516,7.83,0.0,0.022917651,0.019999999999999997
4.328354477212645,3.5232666185946586,0.019999999999999997,561.1836131866554,4.077265553625678,7.839999999999999,0.022917699421232143,7.84,0.0,0.022917651,0.019999999999999997
4.328594551968689,3.525613977164411,0.019999999999999997,562.000452060121,4.0764317448533705,7.8500000000000005,0.022917699749133068,7.8500000000000005,0.0,0.022917651,0.019999999999999997
4.3288343579092485,3.5279638394966626,0.019999999999999997,562.8215090673621,4.075594355493499,7.860000000000001,0.022917700018034906,7.86,0.0,0.022917651,0.019999999999999997
4.329073893208206,3.530316222599964,0.019999999999999997,563.6468128629897,4.074753361222429,7.87,0.022917700227536867,7.87,0.0,0.022917651,0.019999999999999997
4.329313156022868,3.532671143637272,0.019999999999999997,564.4763923617452,4.073908737495714,7.88,0.02291770037723451,7.88,0.0,0.022917651,0.019999999999999997
4.329552144493774,3.535028619927704,0.019999999999999997,565.3102767414597,4.07306045954558,7.890000000000001,0.02291770046671973,7.890000000000001,0.0,0.022917651,0.019999999999999997
4.329790496178193,3.537389374628295,0.019999999999999997,566.1511017570274,4.072206355852137,7.9,0.022917700495580697,7.9,0.0,0.022917651,0.019999999999999997
4.330020709150553,3.539705226506004,0.019999999999999997,567.9185591767564,4.071357650405137,7.91,0.022917700491520338,7.91,0.0,0.022917651,0.019999999999999997
4.330250485254916,3.5420234739911556,0.019999999999999997,569.6904603984101,4.070504801655386,7.92,0.022917700487947754,7.92,0.0,0.022917651,0.019999999999999997
4.330479820523503,3.5443441388414536,0.019999999999999997,571.466845782078,4.069647771972027,7.93,0.022917700484867385,7.930000000000001,0.0,0.022917651,0.019999999999999997
4.33070871094034,3.5466672430788844,0.019999999999999997,573.2477561780853,4.068786523267122,7.94,0.022917700482283716,7.94,0.0,0.022917651,0.019999999999999997
4.330937152440521,3.54899280899374,0.019999999999999997,575.0332329344591,4.067921016988683,7.95,0.022917700480201284,7.95,0.0,0.022917651,0.019999999999999997
4.331165140909466,3.5513208591487175,0.019999999999999997,576.8233179045318,4.067051214113584,7.96,0.022917700478624677,7.96,0.0,0.022917651,0.019999999999999997
4.331391549411483,3.55365387337714,0.019999999999999997,578.622434446606,4.066170124919054,7.97,0.022917700476353622,7.97,0.0,0.022917651,0.019999999999999997
4.331616992806241,3.5559906006992352,0.019999999999999997,580.4282081472955,4.065281460879629,7.98,0.0229177004736069,7.98,0.0,0.022917651,0.019999999999999997
4.331841988551306,3.5583299384947344,0.019999999999999997,582.2386459084605,4.064388395415584,7.99,0.022917700470860176,7.99,0.0,0.022917651,0.019999999999999997
4.332066532568156,3.5606719105475717,0.019999999999999997,584.053790224193,4.063490888425693,8.0,0.02291770046811345,8.0,0.0,0.022917651,0.019999999999999997
