log_Teff,LogL_lsun,Age_gyr,Step,Log_g,Mass_msun,feh,Mass_input,Metallicity_input,Z_used,Age_input
3.541032393219269,-1.915955821363607,8.5,313.29569555161146,4.949991497551498,0.3,0.026862591879340765,0.3,0.0,0.022917651,8.5
3.5411832402034893,-1.9134315636975325,8.5,313.3382876638677,4.949320014716533,0.301,0.02684211977741673,0.301,0.0,0.022917651,8.5
3.5413341089861996,-1.910908859653695,8.5,313.3772060754734,4.948650172712394,0.302,0.026821231399637886,0.302,0.0,0.022917651,8.5
3.5414849993776754,-1.908387695710024,8.5,313.412482760763,4.947981957257987,0.30299999999999994,0.02679993036909293,0.303,0.0,0.022917651,8.5
3.541635911190386,-1.905868058500917,8.5,313.4441493240895,4.9473153542374595,0.30400000000000005,0.026778220266947105,0.304,0.0,0.022917651,8.5
3.5417868442389677,-1.9033499348149807,8.5,313.4722370051604,4.946650349697836,0.305,0.026756104633046788,0.305,0.0,0.022917651,8.5
3.5419377983401863,-1.9008333115928135,8.5,313.4967766842817,4.945986929846657,0.30600000000000005,0.026733586966513716,0.306,0.0,0.022917651,8.5
3.5420887733129107,-1.8983181759248275,8.5,313.51779888751173,4.945325081049688,0.307,0.026710670726328965,0.307,0.0,0.022917651,8.5
3.5422397689780802,-1.8958045150491047,8.5,313.53533379172615,4.9446647898286535,0.308,0.026687359331906864,0.308,0.0,0.022917651,8.5
3.5423907851586804,-1.8932923163492938,8.5,313.5494112295964,4.944006042859016,0.309,0.026663656163659177,0.309,0.0,0.022917651,8.5
3.5425418216797055,-1.8907815673525368,8.5,313.5600606944836,4.943348826967785,0.30999999999999994,0.026639564563549566,0.31,0.0,0.022917651,8.5
3.5426928783681375,-1.888272255727439,8.5,313.567311345249,4.942693129131376,0.311,0.026615087835638714,0.311,0.0,0.022917651,8.5
3.5428439550529145,-1.885764369282066,8.5,313.5711920109825,4.942038936473492,0.312,0.026590229246620113,0.312,0.0,0.022917651,8.5
3.542995051564904,-1.8832578959619808,8.5,313.5717311956513,4.94138623626305,0.313,0.026564992026346844,0.313,0.0,0.022917651,8.5
3.5431461677368747,-1.8807528238483069,8.5,313.5689570826707,4.9407350159121375,0.314,0.02653937936834947,0.314,0.0,0.022917651,8.5
3.5432973034034716,-1.8782491411558313,8.5,313.5628975393972,4.940085262974009,0.31499999999999995,0.02651339443034517,0.315,0.0,0.022917651,8.5
3.5434484584011874,-1.8757468362311358,8.5,313.55358012154716,4.939436965141113,0.316,0.02648704033473839,0.316,0.0,0.022917651,8.5
3.5435996325683403,-1.873245897550757,8.5,313.5410320775399,4.938790110243146,0.317,0.026460320169113098,0.317,0.0,0.022917651,8.5
3.543750825745045,-1.8707463137193838,8.5,313.5252803527706,4.938144686245148,0.318,0.026433236986716797,0.318,0.0,0.022917651,8.5
3.54390203777319,-1.868248073468077,8.5,313.5063515938105,4.937500681245631,0.319,0.026405793806936556,0.319,0.0,0.022917651,8.5
3.5440532653381225,-1.8657564374707003,8.5,313.48839786795304,4.936863342661024,0.32,0.026377944756259597,0.32,0.0,0.022917651,8.5
3.5442045243015787,-1.8632792217795149,8.5,313.478008820281,4.936240549980618,0.32099999999999995,0.0263496543210218,0.321,0.0,0.022917651,8.5
3.5443558344320616,-1.8608027064232684,8.5,313.4647038905379,4.9356186622972045,0.322,0.02632106966987054,0.322,0.0,0.022917651,8.5
3.5445071956823746,-1.858326890756,8.5,313.448485768217,4.93499767877605,0.323,0.026292191074178836,0.323,0.0,0.022917651,8.5
3.544658608005384,-1.8558517741325433,8.5,313.42935713950516,4.934377598583448,0.32400000000000007,0.026263018804986073,0.324,0.0,0.022917651,8.5
3.5448100713540094,-1.8533773559085231,8.5,313.40732068728744,4.933758420886716,0.325,0.026233553132998518,0.325,0.0,0.022917651,8.5
3.5449615856812313,-1.8509036354403585,8.5,313.3823790911529,4.933140144854195,0.32600000000000007,0.026203794328589824,0.326,0.0,0.022917651,8.5
3.545113150940086,-1.8484306120852578,8.5,313.3545350273989,4.932522769655248,0.327,0.02617374266180154,0.327,0.0,0.022917651,8.5
3.545264767083669,-1.8459582852012173,8.5,313.3237911690368,4.931906294460255,0.328,0.02614339840234362,0.328,0.0,0.022917651,8.5
3.545416434065132,-1.8434866541470243,8.5,313.2901501857964,4.93129071844062,0.329,0.026112761819594946,0.329,0.0,0.022917651,8.5
3.545568151837686,-1.8410157182822502,8.5,313.2536147441315,4.930676040768757,0.33,0.026081833182603813,0.33,0.0,0.022917651,8.5
3.545719920354597,-1.8385454769672547,8.5,313.2141875072246,4.930062260618104,0.33100000000000007,0.02605061276008846,0.331,0.0,0.022917651,8.5
3.5458717395691903,-1.8360759295631792,8.5,313.17187113499205,4.929449377163103,0.33199999999999996,0.02601910082043756,0.332,0.0,0.022917651,8.5
3.546023609434847,-1.8336070754319505,8.5,313.1266682840891,4.928837389579215,0.333,0.025987297631710742,0.333,0.0,0.022917651,8.5
3.5461755299050077,-1.8311389139362764,8.5,313.07858160791477,4.928226297042909,0.3340000000000001,0.025955203461639053,0.334,0.0,0.022917651,8.5
3.5463275009331667,-1.8286714444396457,8.5,313.0276137566168,4.927616098731663,0.3350000000000001,0.025922818577625517,0.335,0.0,0.022917651,8.5
3.546479522472877,-1.8262046663063276,8.5,312.9737673770968,4.9270067938239634,0.336,0.025890143246745604,0.336,0.0,0.022917651,8.5
3.54663159447775,-1.8237385789013687,8.5,312.9170451130152,4.926398381499302,0.3370000000000001,0.025857177735747736,0.337,0.0,0.022917651,8.5
3.546783716901451,-1.8212731815905938,8.5,312.85744960479605,4.925790860938177,0.338,0.025823922311053796,0.338,0.0,0.022917651,8.5
3.546935889697703,-1.8188084737406032,8.5,312.79498348963205,4.925184231322083,0.339,0.02579037723875962,0.339,0.0,0.022917651,8.5
3.5470881128202865,-1.8163444547187722,8.5,312.7296494014895,4.924578491833525,0.34,0.025756542784635485,0.34,0.0,0.022917651,8.5
3.547240386223039,-1.8138811238932506,8.5,312.6614499711135,4.923973641656004,0.341,0.025722419214126636,0.341,0.0,0.022917651,8.5
3.5473927098598517,-1.811418480632959,8.5,312.5903878260322,4.923369679974014,0.342,0.025688006792353762,0.342,0.0,0.022917651,8.5
3.547545083684675,-1.8089565243075914,8.5,312.5164655905624,4.922766605973056,0.3430000000000001,0.02565330578411349,0.343,0.0,0.022917651,8.5
3.547697507651514,-1.8064952542876107,8.5,312.43968588581413,4.922164418839618,0.344,0.025618316453878884,0.34400000000000003,0.0,0.022917651,8.5
3.547849981714431,-1.804034669944249,8.5,312.36005132969564,4.921563117761184,0.3450000000000001,0.02558303906579995,0.34500000000000003,0.0,0.022917651,8.5
3.548002505827543,-1.8015747706495064,8.5,312.2775645369181,4.920962701926232,0.3460000000000001,0.025547473883704114,0.34600000000000003,0.0,0.022917651,8.5
3.5481550799450234,-1.7991155557761502,8.5,312.1922281190007,4.92036317052423,0.34700000000000003,0.02551162117109672,0.34700000000000003,0.0,0.022917651,8.5
3.5483077040211035,-1.7966570246977123,8.5,312.10404468427555,4.919764522745634,0.3480000000000001,0.025475481191161522,0.34800000000000003,0.0,0.022917651,8.5
3.548460378010068,-1.794199176788489,8.5,312.01301683789245,4.91916675778189,0.3490000000000001,0.025439054206761177,0.34900000000000003,0.0,0.022917651,8.5
3.5486131018662586,-1.7917420114235405,8.5,311.91914718182346,4.918569874825426,0.35000000000000003,0.02540234048043773,0.35000000000000003,0.0,0.022917651,8.5
3.5487658755440723,-1.7892855279786881,8.5,311.8224383148683,4.917973873069658,0.35100000000000003,0.0253653402744131,0.35100000000000003,0.0,0.022917651,8.5
3.5489186989979613,-1.786829725830515,8.5,311.72289283265866,4.917378751708987,0.35200000000000004,0.02532805385058957,0.352,0.0,0.022917651,8.5
3.549071572182434,-1.7843746043563629,8.5,311.6205133276635,4.91678450993879,0.35300000000000004,0.025290481470550286,0.353,0.0,0.022917651,8.5
3.5492244950520546,-1.7819201629343333,8.5,311.5153023891935,4.91619114695543,0.35400000000000004,0.02525262339555973,0.354,0.0,0.022917651,8.5
3.549377467561441,-1.7794664009432835,8.5,311.40726260340597,4.915598661956244,0.355,0.0252144798865642,0.355,0.0,0.022917651,8.5
3.5495304896652677,-1.7770133177628282,8.5,311.2963965533097,4.915007054139548,0.356,0.025176051204192307,0.356,0.0,0.022917651,8.5
3.5496835421415405,-1.7745614617410046,8.5,311.1836929808027,4.914416794992351,0.357,0.025137364540134217,0.357,0.0,0.022917651,8.5
3.5498363577734047,-1.7721183455276637,8.5,311.0829789059215,4.913834328689014,0.358,0.025098805926293495,0.358,0.0,0.022917651,8.5
3.549989230400408,-1.769675446231475,8.5,310.9792183994565,4.913252307298651,0.35900000000000004,0.025059971176746854,0.359,0.0,0.022917651,8.5
3.550142160411842,-1.7672327653340365,8.5,310.8723906535193,4.912670733860128,0.36,0.02502085840541849,0.36,0.0,0.022917651,8.5
3.5502951482005503,-1.7647903043304711,8.5,310.762474670292,4.912089611440049,0.361,0.024981465709016912,0.361,0.0,0.022917651,8.5
3.5504481941629713,-1.7623480647295782,8.5,310.6494492598548,4.911508943133076,0.36200000000000004,0.024941791166838062,0.362,0.0,0.022917651,8.5
3.550601298699178,-1.759906048053993,8.5,310.53329303798375,4.910928732062245,0.363,0.02490183284056574,0.363,0.0,0.022917651,8.5
3.5507544622129226,-1.7574642558403466,8.5,310.4139844239195,4.910348981379295,0.36400000000000005,0.024861588774069267,0.364,0.0,0.022917651,8.5
3.5509076851116745,-1.7550226896394223,8.5,310.2915016381031,4.909769694265002,0.365,0.024821056993198348,0.365,0.0,0.022917651,8.5
3.551060967806665,-1.7525813510163244,8.5,310.1658226998827,4.909190873929505,0.366,0.0247802355055751,0.366,0.0,0.022917651,8.5
3.5512143107129317,-1.7501402415506397,8.5,310.0369254251862,4.908612523612655,0.36699999999999994,0.02473912230038321,0.367,0.0,0.022917651,8.5
3.551367714249363,-1.7476993628366093,8.5,309.9047874241635,4.908034646584356,0.368,0.02469771534815412,0.368,0.0,0.022917651,8.5
3.5515211788387417,-1.7452587164832944,8.5,309.7693860987944,4.907457246144911,0.369,0.024656012600550264,0.369,0.0,0.022917651,8.5
3.5516747049077884,-1.7428183041147527,8.5,309.63069864046383,4.90688032562538,0.37,0.024614011990145266,0.37,0.0,0.022917651,8.5
3.551828292887213,-1.7403781273702124,8.5,309.48870202750294,4.90630388838794,0.371,0.02457171143020105,0.371,0.0,0.022917651,8.5
3.5519819432117554,-1.7379381879042481,8.5,309.3433730226956,4.905727937826248,0.37199999999999994,0.024529108814441827,0.372,0.0,0.022917651,8.5
3.552135656320237,-1.7354984873869632,8.5,309.1946881707497,4.905152477365807,0.37300000000000005,0.0244862020168249,0.373,0.0,0.022917651,8.5
3.5522894326556056,-1.7330590275041715,8.5,309.04262379573316,4.9045775104643425,0.37399999999999994,0.02444298889130823,0.374,0.0,0.022917651,8.5
3.5524432726649877,-1.7306198099575822,8.5,308.8871559984732,4.904003040612187,0.37500000000000006,0.024399467271614732,0.375,0.0,0.022917651,8.5
3.552597176799734,-1.7281808364649878,8.5,308.72826065391894,4.903429071332657,0.37600000000000006,0.024355634970993193,0.376,0.0,0.022917651,8.5
3.5527511455154714,-1.725742108760454,8.5,308.5659134084666,4.902855606182451,0.377,0.024311489781975833,0.377,0.0,0.022917651,8.5
3.552905179272154,-1.7233036285945147,8.5,308.4000896772466,4.90228264875204,0.378,0.0242670294761324,0.378,0.0,0.022917651,8.5
3.5530592785341146,-1.7208653977343664,8.5,308.2307646413717,4.901710202666074,0.379,0.024222251803820715,0.379,0.0,0.022917651,8.5
3.553213443770115,-1.7184274179640662,8.5,308.05791324514604,4.901138271583784,0.38,0.024177154493933727,0.38,0.0,0.022917651,8.5
3.5533676754534005,-1.7159896910847354,8.5,307.88151019323385,4.9005668591994045,0.381,0.024131735253642865,0.381,0.0,0.022917651,8.5
3.5535219740617547,-1.7135522189147632,8.5,307.70152994778783,4.899995969242582,0.382,0.024085991768137728,0.382,0.0,0.022917651,8.5
3.5536763400775526,-1.7111150032900133,8.5,307.5179467255357,4.899425605478809,0.38300000000000006,0.024039921700362035,0.383,0.0,0.022917651,8.5
3.553830773987815,-1.7086780460640352,8.5,307.330734494825,4.898855771709852,0.384,0.023993522690745724,0.384,0.0,0.022917651,8.5
3.553985276284267,-1.7062413491082773,8.5,307.13986697262476,4.898286471774187,0.385,0.02394679235693321,0.385,0.0,0.022917651,8.5
3.5541398474633925,-1.7038049143123044,8.5,306.94531762148415,4.897717709547452,0.386,0.023899728293507696,0.386,0.0,0.022917651,8.5
3.5542944880264944,-1.7013687435840164,8.5,306.7470596464461,4.897149488942887,0.38700000000000007,0.0238523280717114,0.387,0.0,0.022917651,8.5
3.554449198479749,-1.6989328388498701,8.5,306.5450659919166,4.896581813911797,0.388,0.023804589239161827,0.388,0.0,0.022917651,8.5
3.554603979334272,-1.6964972020551088,8.5,306.3393093384879,4.89601468844402,0.38900000000000007,0.023756509319563742,0.389,0.0,0.022917651,8.5
3.5547588311061724,-1.6940618351639893,8.5,306.12976209971515,4.895448116568389,0.39,0.02370808581241707,0.39,0.0,0.022917651,8.5
3.5549137543166176,-1.6916267401600142,8.5,305.9163964188455,4.894882102353213,0.391,0.023659316192720388,0.391,0.0,0.022917651,8.5
3.5550687494918933,-1.6891919190461704,8.5,305.6991841654994,4.894316649906767,0.392,0.023610197910670087,0.392,0.0,0.022917651,8.5
3.5552238171634687,-1.6867573738451682,8.5,305.4780969323026,4.893751763377776,0.393,0.02356072839135513,0.393,0.0,0.022917651,8.5
3.5553789578680584,-1.6843231065996833,8.5,305.2531060314682,4.893187446955917,0.3940000000000001,0.023510905034447194,0.394,0.0,0.022917651,8.5
3.5555341721476856,-1.6818891193726049,8.5,305.0241824913283,4.89262370487233,0.395,0.023460725213886348,0.395,0.0,0.022917651,8.5
3.5556893856039857,-1.6794549820099784,8.5,304.796151527773,4.892059809014355,0.396,0.02341027548989035,0.396,0.0,0.022917651,8.5
3.5558446618056503,-1.6770203125735734,8.5,304.5654039175371,4.891495631866329,0.397,0.023359435814284055,0.397,0.0,0.022917651,8.5
3.556000047674352,-1.6745852070252085,8.5,304.3290322972276,4.890931457262119,0.3980000000000001,0.023308135268100817,0.398,0.0,0.022917651,8.5
3.556155545538048,-1.672149656107314,8.5,304.0869172831305,4.890367285255719,0.399,0.023256364068207146,0.399,0.0,0.022917651,8.5
3.556311157791056,-1.6697136502984329,8.5,303.8389360884943,4.88980311590267,0.4000000000000001,0.023204112152600986,0.4,0.0,0.022917651,8.5
3.5565366111047148,-1.6670494918062597,8.5,303.96279952370514,4.889009870733283,0.401,0.023201477840604817,0.401,0.0,0.022917651,8.5
3.556762062308775,-1.664385351742233,8.5,304.086625438612,4.888216635553412,0.4020000000000001,0.023198844044448646,0.402,0.0,0.022917651,8.5
3.556987511380821,-1.6617212303021482,8.5,304.21041343456744,4.88742341046919,0.403,0.02319621076961318,0.403,0.0,0.022917651,8.5
3.5572129582981207,-1.6590571276845856,8.5,304.3341631072568,4.886630195588268,0.404,0.02319357802165707,0.404,0.0,0.022917651,8.5
3.557438403037616,-1.6563930440909573,8.5,304.4578740465968,4.8858369910198265,0.405,0.02319094580621825,0.405,0.0,0.022917651,8.5
3.557663845575922,-1.6537289797255614,8.5,304.5815458366324,4.8850437968746085,0.4060000000000001,0.023188314129015394,0.406,0.0,0.022917651,8.5
3.5578892858893125,-1.6510649347956292,8.5,304.705178055431,4.884250613264953,0.40700000000000003,0.02318568299584935,0.40700000000000003,0.0,0.022917651,8.5
3.5581147239537234,-1.6484009095113832,8.5,304.8287702749752,4.883457440304816,0.40800000000000003,0.02318305241260462,0.40800000000000003,0.0,0.022917651,8.5
3.558340159744741,-1.645736904086087,8.5,304.9523220610525,4.882664278109801,0.4090000000000001,0.023180422385250896,0.40900000000000003,0.0,0.022917651,8.5
3.5585655932375957,-1.6430729187361026,8.5,305.07583297314255,4.881871126797196,0.41000000000000003,0.02317779291984457,0.41000000000000003,0.0,0.022917651,8.5
3.5587910244071597,-1.6404089536809465,8.5,305.1993025643027,4.881077986485996,0.4110000000000001,0.023175164022530344,0.41100000000000003,0.0,0.022917651,8.5
3.559016453227934,-1.6377450091433474,8.5,305.32273038104995,4.880284857296938,0.41200000000000003,0.023172535699542827,0.41200000000000003,0.0,0.022917651,8.5
3.559241879674048,-1.6350810853493056,8.5,305.4461159632415,4.879491739352532,0.41300000000000014,0.023169907957208195,0.41300000000000003,0.0,0.022917651,8.5
3.5594673037192472,-1.6324171825281515,8.5,305.56945884395134,4.878698632777091,0.41400000000000003,0.023167280801945897,0.41400000000000003,0.0,0.022917651,8.5
3.559692725336891,-1.6297533009126102,8.5,305.6927585493456,4.877905537696771,0.41500000000000004,0.023164654240270317,0.41500000000000004,0.0,0.022917651,8.5
3.5599181444999433,-1.6270894407388614,8.5,305.81601459855364,4.8771124542396045,0.4160000000000001,0.023162028278792626,0.41600000000000004,0.0,0.022917651,8.5
3.5601435611809613,-1.624425602246606,8.5,305.9392265035371,4.876319382535523,0.4170000000000001,0.023159402924222493,0.417,0.0,0.022917651,8.5
3.5603689753520955,-1.62176178567913,8.5,306.0623937689561,4.875526322716409,0.418,0.023156778183370006,0.418,0.0,0.022917651,8.5
3.5605943869850774,-1.6190979912833745,8.5,306.18551589203213,4.874733274916124,0.41899999999999993,0.023154154063147504,0.419,0.0,0.022917651,8.5
3.5608197960512107,-1.616434219310002,8.5,306.30859236240764,4.8739402392705475,0.42,0.023151530570571545,0.42,0.0,0.022917651,8.5
3.5610452025213686,-1.613770470013469,8.5,306.43162266200284,4.873147215917615,0.421,0.02314890771276483,0.421,0.0,0.022917651,8.5
3.561270606365976,-1.6111067436520943,8.5,306.5546062648691,4.872354204997354,0.42200000000000004,0.023146285496958248,0.422,0.0,0.022917651,8.5
3.561496007555012,-1.6084430404881382,8.5,306.67754263703904,4.871561206651931,0.42299999999999993,0.023143663930492935,0.423,0.0,0.022917651,8.5
3.561721406057995,-1.605779360787872,8.5,306.800431236373,4.870768221025689,0.42400000000000004,0.023141043020822406,0.424,0.0,0.022917651,8.5
3.5619468018439746,-1.6031157048216602,8.5,306.9232715124021,4.869975248265183,0.425,0.02313842277551464,0.425,0.0,0.022917651,8.5
3.562172194881521,-1.600452072864035,8.5,307.0460629061677,4.869182288519233,0.42599999999999993,0.023135803202254376,0.426,0.0,0.022917651,8.5
3.5623975851387217,-1.5977884651937808,8.5,307.16880485005737,4.868389341938962,0.42699999999999994,0.02313318430884531,0.427,0.0,0.022917651,8.5
3.562622972583166,-1.5951248820940143,8.5,307.29149676763626,4.8675964086778425,0.42800000000000005,0.02313056610321243,0.428,0.0,0.022917651,8.5
3.562848357181938,-1.5924613238522696,8.5,307.41413807347527,4.86680348889174,0.42899999999999994,0.0231279485934044,0.429,0.0,0.022917651,8.5
3.5630737389016054,-1.5897977907605845,8.5,307.5367281729751,4.866010582738962,0.42999999999999994,0.02312533178759593,0.43,0.0,0.022917651,8.5
3.5632991177082114,-1.5871342831155906,8.5,307.65926646218566,4.865217690380309,0.431,0.023122715694090305,0.431,0.0,0.022917651,8.5
3.5635244935672623,-1.5844708012186015,8.5,307.7817523276218,4.864424811979111,0.432,0.023120100321321894,0.432,0.0,0.022917651,8.5
3.5637498664437173,-1.5818073453757069,8.5,307.90418514607427,4.863631947701298,0.433,0.023117485677858766,0.433,0.0,0.022917651,8.5
3.5639752363019794,-1.5791439158978684,8.5,308.0265642844164,4.862839097715433,0.434,0.023114871772405312,0.434,0.0,0.022917651,8.5
3.5642006031058817,-1.5764805131010158,8.5,308.1488890994059,4.862046262192777,0.435,0.02311225861380503,0.435,0.0,0.022917651,8.5
3.5644259668186766,-1.5738171373061451,8.5,308.27115893748174,4.861253441307333,0.43599999999999994,0.023109646211043264,0.436,0.0,0.022917651,8.5
3.564651327403026,-1.5711537888394238,8.5,308.39337313455735,4.8604606352359125,0.43699999999999994,0.023107034573250057,0.437,0.0,0.022917651,8.5
3.5648766848209883,-1.568490468032294,8.5,308.5155310158069,4.8596678441581815,0.43800000000000006,0.023104423709703125,0.438,0.0,0.022917651,8.5
3.565102039034004,-1.5658271752215784,8.5,308.63763189544756,4.858875068256725,0.439,0.023101813629830794,0.439,0.0,0.022917651,8.5
3.5653273900028855,-1.5631639107495907,8.5,308.7596750765166,4.858082307717104,0.44,0.02309920434321512,0.44,0.0,0.022917651,8.5
3.5655527376878053,-1.5605006749642496,8.5,308.88165985064234,4.857289562727917,0.44100000000000006,0.023096595859594997,0.441,0.0,0.022917651,8.5
3.5657780820482805,-1.557837468219191,8.5,309.00358549780975,4.856496833480864,0.44200000000000006,0.0230939881888694,0.442,0.0,0.022917651,8.5
3.566003423043158,-1.5551742908738873,8.5,309.1254512861201,4.855704120170809,0.443,0.023091381341100687,0.443,0.0,0.022917651,8.5
3.5662287606306053,-1.5525111432937693,8.5,309.2472564715451,4.854911422995841,0.44399999999999995,0.02308877532651797,0.444,0.0,0.022917651,8.5
3.566454094768094,-1.5498480258503495,8.5,309.3690002976746,4.854118742157351,0.44500000000000006,0.023086170155520603,0.445,0.0,0.022917651,8.5
3.5666794254123815,-1.5471849389213477,8.5,309.49068199545724,4.8533260778600935,0.446,0.023083565838681715,0.446,0.0,0.022917651,8.5
3.5669047525195037,-1.5445218828908234,8.5,309.61230078293625,4.852533430312259,0.447,0.023080962386751884,0.447,0.0,0.022917651,8.5
3.5671300760447524,-1.5418588581493076,8.5,309.73385586497693,4.851740799725546,0.44800000000000006,0.023078359810662846,0.448,0.0,0.022917651,8.5
3.5673553959426654,-1.5391958650939412,8.5,309.85534643298837,4.850948186315235,0.44900000000000007,0.02307575812153134,0.449,0.0,0.022917651,8.5
3.567580712167006,-1.5365329041286142,8.5,309.97677166463683,4.850155590300267,0.45000000000000007,0.023073157330663056,0.45,0.0,0.022917651,8.5
3.5678060246707486,-1.5338699756641105,8.5,310.09813072355337,4.849363011903322,0.451,0.023070557449556633,0.451,0.0,0.022917651,8.5
3.5680313334060623,-1.5312070801182551,8.5,310.21942275903245,4.8485704513508905,0.452,0.023067958489907812,0.452,0.0,0.022917651,8.5
3.5682566383242915,-1.528544217916066,8.5,310.34064690572427,4.847777908873368,0.453,0.023065360463613682,0.453,0.0,0.022917651,8.5
3.568481939375941,-1.525881389489909,8.5,310.4618022833171,4.846985384705133,0.454,0.02306276338277701,0.454,0.0,0.022917651,8.5
3.5687072365106554,-1.5232185952796582,8.5,310.5828879962138,4.846192879084628,0.45500000000000007,0.023060167259710745,0.455,0.0,0.022917651,8.5
3.5689325296772,-1.5205558357328581,8.5,310.70390313319723,4.845400392254459,0.456,0.02305757210694254,0.456,0.0,0.022917651,8.5
3.5691578188234456,-1.5178931113048946,8.5,310.82484676708987,4.844607924461481,0.457,0.023054977937219515,0.457,0.0,0.022917651,8.5
3.5693831038963424,-1.5152304224591633,8.5,310.94571795440123,4.843815475956893,0.458,0.023052384763513047,0.458,0.0,0.022917651,8.5
3.569608384841905,-1.5125677696672497,8.5,311.0665157349685,4.843023046996331,0.459,0.023049792599023733,0.459,0.0,0.022917651,8.5
3.5698336616051902,-1.5099051534091095,8.5,311.1872391315865,4.842230637839967,0.46,0.023047201457186466,0.46,0.0,0.022917651,8.5
3.5700589341302735,-1.5072425741732554,8.5,311.30788714962745,4.841438248752614,0.461,0.023044611351675685,0.461,0.0,0.022917651,8.5
3.5702842023602304,-1.5045800324569485,8.5,311.42845877665144,4.840645880003831,0.4620000000000001,0.023042022296410704,0.462,0.0,0.022917651,8.5
3.5705094662371115,-1.5019175287663946,8.5,311.5489529820055,4.839853531868017,0.463,0.023039434305561234,0.463,0.0,0.022917651,8.5
3.5707347257019224,-1.4992550636169488,8.5,311.66936871641275,4.839061204624538,0.464,0.02303684739355304,0.464,0.0,0.022917651,8.5
3.5709599806945937,-1.4965926375333194,8.5,311.7897049115492,4.838268898557824,0.4650000000000001,0.02303426157507375,0.465,0.0,0.022917651,8.5
3.5711852311539634,-1.4939302510497823,8.5,311.9099604796099,4.837476613957499,0.466,0.023031676865078822,0.466,0.0,0.022917651,8.5
3.5714104770177495,-1.4912679047104027,8.5,312.0301343128628,4.836684351118486,0.467,0.023029093278797673,0.467,0.0,0.022917651,8.5
3.571635718222524,-1.4886055990692562,8.5,312.1502252831905,4.835892110341142,0.468,0.02302651083173999,0.468,0.0,0.022917651,8.5
3.5718609547036824,-1.4859433346906632,8.5,312.270232241619,4.835099891931369,0.4690000000000001,0.023023929539702205,0.46900000000000003,0.0,0.022917651,8.5
3.5720861863954245,-1.483281112149425,8.5,312.3901540178334,4.834307696200757,0.47000000000000003,0.023021349418774137,0.47000000000000003,0.0,0.022917651,8.5
3.5723114132307208,-1.48061893203107,8.5,312.50998941968027,4.833515523466709,0.47100000000000003,0.023018770485345855,0.47100000000000003,0.0,0.022917651,8.5
3.572536635141287,-1.4779567949321029,8.5,312.6297372326558,4.832723374052578,0.47200000000000003,0.023016192756114717,0.47200000000000003,0.0,0.022917651,8.5
3.5727618520575475,-1.4752947014602644,8.5,312.7493962193796,4.8319312482878045,0.47300000000000003,0.023013616248092585,0.47300000000000003,0.0,0.022917651,8.5
3.5729870639086143,-1.4726326522347974,8.5,312.86896511905337,4.831139146508072,0.47400000000000003,0.023011040978613274,0.47400000000000003,0.0,0.022917651,8.5
3.573212270622252,-1.46997064788672,8.5,312.98844264690433,4.830347069055439,0.47500000000000003,0.02300846696534021,0.47500000000000003,0.0,0.022917651,8.5
3.573437472124842,-1.467308689059106,8.5,313.107827493613,4.829555016278504,0.4760000000000001,0.023005894226274307,0.47600000000000003,0.0,0.022917651,8.5
3.573662668341353,-1.4646467764073754,8.5,313.2271183247235,4.828762988532554,0.47700000000000004,0.02300332277976204,0.47700000000000004,0.0,0.022917651,8.5
3.573887859195309,-1.4619849105995908,8.5,313.3463137800379,4.827970986179735,0.47800000000000004,0.023000752644503814,0.47800000000000004,0.0,0.022917651,8.5
3.5741130446087483,-1.4593230923167648,8.5,313.4654124729925,4.8271790095892095,0.4790000000000001,0.022998183839562494,0.47900000000000004,0.0,0.022917651,8.5
3.574338224502193,-1.456661322253175,8.5,313.58441299001566,4.826387059137329,0.48000000000000004,0.02299561638437228,0.48,0.0,0.022917651,8.5
3.5745633987946075,-1.4539996011166885,8.5,313.70331388986693,4.825595135207815,0.481,0.022993050298747767,0.481,0.0,0.022917651,8.5
3.574788567403364,-1.451337929629096,8.5,313.82211370295715,4.824803238191934,0.482,0.022990485602893282,0.482,0.0,0.022917651,8.5
3.5750137302442018,-1.4486763085264558,8.5,313.9408109306477,4.82401136848869,0.483,0.02298792231741255,0.483,0.0,0.022917651,8.5
3.5752388872311838,-1.4460147385594484,8.5,314.0594040445291,4.823219526505008,0.48400000000000004,0.022985360463318578,0.484,0.0,0.022917651,8.5
3.575464038276658,-1.44335322049374,8.5,314.1778914856783,4.822427712655943,0.485,0.022982800062043895,0.485,0.0,0.022917651,8.5
3.5756891832912165,-1.4406917551103617,8.5,314.2962716638932,4.821635927364875,0.486,0.02298024113545107,0.486,0.0,0.022917651,8.5
3.575914322183645,-1.4380303432060926,8.5,314.41454295690426,4.820844171063721,0.48700000000000004,0.022977683705843518,0.487,0.0,0.022917651,8.5
3.5761394548608822,-1.4353689855938616,8.5,314.532703709562,4.820052444193151,0.488,0.022975127795976723,0.488,0.0,0.022917651,8.5
3.5763645812279705,-1.4327076831031573,8.5,314.65075223299993,4.819260747202818,0.489,0.022972573429069706,0.489,0.0,0.022917651,8.5
3.576589701188009,-1.4300464365804537,8.5,314.7686868037714,4.818469080551573,0.49,0.02297002062881691,0.49,0.0,0.022917651,8.5
3.5768148146421,-1.427385246889644,8.5,314.88650566296025,4.8176774447077175,0.49100000000000005,0.02296746941940043,0.491,0.0,0.022917651,8.5
3.5770399214893027,-1.4247241149124932,8.5,315.0042070152631,4.8168858401492365,0.492,0.0229649198255026,0.492,0.0,0.022917651,8.5
3.5772650216265762,-1.4220630415491042,8.5,315.1217890280442,4.816094267364059,0.493,0.022962371872319042,0.493,0.0,0.022917651,8.5
3.577490114948726,-1.4194020277183927,8.5,315.23924983035954,4.815302726850309,0.49400000000000005,0.022959825585572025,0.494,0.0,0.022917651,8.5
3.577715201348345,-1.4167410743585849,8.5,315.35658751195064,4.8145112191165795,0.495,0.02295728099152435,0.495,0.0,0.022917651,8.5
3.5779402807157616,-1.4140801824277256,8.5,315.4738001222065,4.8137197446822055,0.496,0.022954738116993566,0.496,0.0,0.022917651,8.5
3.5781653529389703,-1.4114193529042058,8.5,315.5908856690927,4.812928304077555,0.497,0.022952196989366742,0.497,0.0,0.022917651,8.5
3.578390417903578,-1.4087585867873034,8.5,315.70784211804533,4.812136897844313,0.49800000000000005,0.022949657636615658,0.498,0.0,0.022917651,8.5
3.5786154754927346,-1.4060978850977457,8.5,315.82466739083054,4.811345526535796,0.499,0.022947120087312464,0.499,0.0,0.022917651,8.5
3.578840525587069,-1.403437248878288,8.5,315.9413593643663,4.8105541907172595,0.5,0.022944584370645917,0.5,0.0,0.022917651,8.5
3.579153943226968,-1.4005238672605753,8.5,316.17428580447387,4.809686292266863,0.501,0.02294446999113285,0.501,0.0,0.022917651,8.5
3.5794674404314812,-1.3976098897852447,8.5,316.40790732649054,4.808818116217924,0.5020000000000001,0.022944355150666423,0.502,0.0,0.022917651,8.5
3.5797810184553875,-1.394695307055279,8.5,316.6422348922578,4.80794965819255,0.503,0.02294423984197713,0.503,0.0,0.022917651,8.5
3.580094678579992,-1.3917801094750208,8.5,316.8772796953352,4.807080913720315,0.504,0.022944124057641797,0.504,0.0,0.022917651,8.5
3.5804084221138255,-1.3888642872448973,8.5,317.11305316715453,4.806211878235787,0.505,0.022944007790079518,0.505,0.0,0.022917651,8.5
3.5807222503933787,-1.385947830355974,8.5,317.34956698337334,4.805342547075996,0.506,0.022943891031547415,0.506,0.0,0.022917651,8.5
3.5810361647838462,-1.3830307285843335,8.5,317.5868330704311,4.804472915477816,0.507,0.022943773774136304,0.507,0.0,0.022917651,8.5
3.581350166679904,-1.3801129714852725,8.5,317.82486361231975,4.8036029785752605,0.508,0.02294365600976619,0.508,0.0,0.022917651,8.5
3.581664257506512,-1.37719454838731,8.5,318.06367105757283,4.802732731396697,0.509,0.02294353773018167,0.509,0.0,0.022917651,8.5
3.581978438719736,-1.3742754483859976,8.5,318.30326812648525,4.801862168861949,0.51,0.02294341892694708,0.51,0.0,0.022917651,8.5
3.5822927118076024,-1.3713556603375283,8.5,318.54366781856925,4.800991285779336,0.511,0.02294329959144162,0.511,0.0,0.022917651,8.5
3.582607078290984,-1.3684351728521333,8.5,318.7848834202584,4.800120076842582,0.512,0.022943179714854205,0.512,0.0,0.022917651,8.5
3.5829215397245053,-1.365513974287257,8.5,319.02692851286724,4.7992485366276485,0.5130000000000001,0.022943059288178195,0.513,0.0,0.022917651,8.5
3.5832360976974886,-1.3625920527405053,8.5,319.26981698081784,4.7983766595894375,0.514,0.022942938302205937,0.514,0.0,0.022917651,8.5
3.5835507538349236,-1.3596693960423565,8.5,319.5135630201432,4.797504440058406,0.5150000000000001,0.02294281674752313,0.515,0.0,0.022917651,8.5
3.5838655097984793,-1.3567459917486249,8.5,319.7581811472786,4.796631872237048,0.5160000000000001,0.022942694614503007,0.516,0.0,0.022917651,8.5
3.5841803672875368,-1.3538218271326672,8.5,320.0036862081518,4.795758950196266,0.517,0.022942571893300266,0.517,0.0,0.022917651,8.5
3.5844953280402727,-1.350896889177324,8.5,320.2500933875853,4.794885667871617,0.5180000000000001,0.022942448573844886,0.518,0.0,0.022917651,8.5
3.584810393834769,-1.347971164566582,8.5,320.4974182190218,4.794012019059429,0.519,0.022942324645835652,0.519,0.0,0.022917651,8.5
3.5851255664901647,-1.345044639676947,8.5,320.74567659458677,4.793137997412778,0.52,0.022942200098733462,0.52,0.0,0.022917651,8.5
3.585440847867848,-1.3421173005685192,8.5,320.99488477550125,4.792263596437335,0.521,0.022942074921754468,0.521,0.0,0.022917651,8.5
3.5857562398726923,-1.3391891329757524,8.5,321.24505940285997,4.791388809487059,0.522,0.02294194910386289,0.522,0.0,0.022917651,8.5
3.58607174445433,-1.3362601222978892,8.5,321.4962175087893,4.7905136297597375,0.5230000000000001,0.022941822633763632,0.523,0.0,0.022917651,8.5
3.5863873636084778,-1.3333302535890572,8.5,321.7483765280003,4.789638050292378,0.5240000000000001,0.022941695499894624,0.524,0.0,0.022917651,8.5
3.5867030993783025,-1.3303995115480116,8.5,322.0015543097542,4.788762063956427,0.525,0.022941567690418878,0.525,0.0,0.022917651,8.5
3.587018953855846,-1.3274678805075104,8.5,322.25576913025793,4.787885663452819,0.526,0.022941439193216263,0.526,0.0,0.022917651,8.5
3.58733492918349,-1.3245353444233037,8.5,322.51103970550537,4.787008841306849,0.5270000000000001,0.022941309995875007,0.527,0.0,0.022917651,8.5
3.5876510275554807,-1.3216018868627262,8.5,322.76738520458616,4.786131589862856,0.528,0.022941180085682866,0.528,0.0,0.022917651,8.5
3.587967251219509,-1.3186674909928722,8.5,323.02482526348075,4.785253901278711,0.5290000000000001,0.022941049449617945,0.529,0.0,0.022917651,8.5
3.588283602478347,-1.3157321395683341,8.5,323.283379999362,4.7843757675201175,0.5300000000000001,0.02294091807433927,0.53,0.0,0.022917651,8.5
3.5886000836915453,-1.3127958149184902,8.5,323.5430700254258,4.783497180354672,0.5310000000000001,0.022940785946176913,0.531,0.0,0.022917651,8.5
3.5889166972771926,-1.3098584989343158,8.5,323.80391646627413,4.78261813134573,0.532,0.022940653051121782,0.532,0.0,0.022917651,8.5
3.5892334457137487,-1.306920173054705,8.5,324.0659409738733,4.7817386118460306,0.533,0.02294051937481508,0.533,0.0,0.022917651,8.5
3.589550490454792,-1.3039816128375412,8.5,324.328540715814,4.780860042684411,0.5340000000000001,0.022940383549079398,0.534,0.0,0.022917651,8.5
3.5898677257371796,-1.3010422494970195,8.5,324.5921615863985,4.779981432399702,0.535,0.022940246506701654,0.535,0.0,0.022917651,8.5
3.590185103569086,-1.2981018082022537,8.5,324.85702603835614,4.779102314368107,0.536,0.022940108667702984,0.536,0.0,0.022917651,8.5
3.590502626717798,-1.2951602680271281,8.5,325.1231582130889,4.778222678732832,0.537,0.022939970016618735,0.537,0.0,0.022917651,8.5
3.5908202980226953,-1.2922176075003544,8.5,325.39058288093867,4.777342515380298,0.538,0.02293983053758137,0.538,0.0,0.022917651,8.5
3.591138120397615,-1.289273804587599,8.5,325.65932546180284,4.77646181393171,0.5390000000000001,0.02293969021430727,0.539,0.0,0.022917651,8.5
3.591456096833309,-1.2863288366729073,8.5,325.9294120465664,4.775580563734313,0.54,0.022939549030082964,0.54,0.0,0.022917651,8.5
3.591774230399998,-1.2833826805393844,8.5,326.20086941938877,4.774698753852296,0.5410000000000001,0.022939406967750892,0.541,0.0,0.022917651,8.5
3.5920925242500283,-1.2804353123491012,8.5,326.47372508088404,4.773816373057321,0.542,0.022939264009694555,0.542,0.0,0.022917651,8.5
3.592410981620637,-1.2774867076221912,8.5,326.74800727223834,4.7729334098186795,0.543,0.022939120137823028,0.543,0.0,0.022917651,8.5
3.592729605836828,-1.2745368412150944,8.5,327.0237450003073,4.772049852293043,0.544,0.022938975333554934,0.544,0.0,0.022917651,8.5
3.5930484003143675,-1.2715856872979108,8.5,327.30096806374195,4.771165688313801,0.545,0.02293882957780166,0.545,0.0,0.022917651,8.5
3.5933673685629026,-1.2686332193308214,8.5,327.57970708019064,4.77028090537995,0.546,0.022938682850949983,0.546,0.0,0.022917651,8.5
3.593686514189207,-1.2656794100395308,8.5,327.85999351463147,4.769395490644527,0.547,0.022938535132843857,0.547,0.0,0.022917651,8.5
3.5940058409005666,-1.2627242313896805,8.5,328.14185970888764,4.768509430902556,0.548,0.022938386402765572,0.548,0.0,0.022917651,8.5
3.5943253525083048,-1.259767654560188,8.5,328.4253389123862,4.767622712578493,0.549,0.022938236639416004,0.549,0.0,0.022917651,8.5
3.594645052931455,-1.2568096499154549,8.5,328.71046531422076,4.766735321713136,0.5500000000000002,0.022938085820894096,0.55,0.0,0.022917651,8.5
3.594964946200599,-1.2538501869763876,8.5,328.9972740765821,4.76584724394997,0.551,0.022937933924675438,0.551,0.0,0.022917651,8.5
3.5952850364618545,-1.250889234390173,8.5,329.2858013696274,4.764958464520935,0.552,0.022937780927589923,0.552,0.0,0.022917651,8.5
3.5956053279810556,-1.2479267598987447,8.5,329.5760844078591,4.764068968231572,0.553,0.022937626805798472,0.553,0.0,0.022917651,8.5
3.5959258251480977,-1.2449627303058735,8.5,329.86816148809055,4.763178739445518,0.554,0.02293747153476867,0.554,0.0,0.022917651,8.5
3.5962465324814814,-1.2419971114428106,8.5,330.1620720290804,4.762287762068329,0.555,0.022937315089249413,0.555,0.0,0.022917651,8.5
3.5965674546330617,-1.2390298681324143,8.5,330.45785661292194,4.761396019530577,0.556,0.022937157443244375,0.556,0.0,0.022917651,8.5
3.596888600187731,-1.2360609716055306,8.5,330.75554332910644,4.760503517407584,0.557,0.022936998571280547,0.557,0.0,0.022917651,8.5
3.5972102208902657,-1.233090853837758,8.5,331.0542942974077,4.759611694932966,0.5580000000000002,0.02293683853056593,0.558,0.0,0.022917651,8.5
3.597532076390424,-1.2301189783257687,8.5,331.3550505440233,4.758719053885513,0.559,0.02293667720905513,0.559,0.0,0.022917651,8.5
3.5978541721166057,-1.227145304431432,8.5,331.65785842994444,4.757825575340252,0.56,0.022936514577136816,0.56,0.0,0.022917651,8.5
3.5981765136658446,-1.2241697902541775,8.5,331.9627657563841,4.75693123978429,0.5610000000000002,0.022936350604279752,0.561,0.0,0.022917651,8.5
3.598499106810409,-1.2211923925815882,8.5,332.269821821141,4.756036027093819,0.562,0.022936185258996822,0.562,0.0,0.022917651,8.5
3.598821957504716,-1.2182130668376592,8.5,332.5790774776314,4.755139916510011,0.563,0.022936018508807318,0.5630000000000001,0.0,0.022917651,8.5
3.5991450718925697,-1.2152317670285795,8.5,332.8905851967378,4.754242886613776,0.5640000000000001,0.022935850320197435,0.5640000000000001,0.0,0.022917651,8.5
3.5994684563147548,-1.2122484456859146,8.5,333.2043991316312,4.753344915299297,0.5650000000000001,0.022935680658578872,0.5650000000000001,0.0,0.022917651,8.5
3.59979211731699,-1.2092630538070286,8.5,333.5205751857367,4.7524459797462875,0.5660000000000002,0.022935509488245413,0.5660000000000001,0.0,0.022917651,8.5
3.600116061658281,-1.2062755407925987,8.5,333.8391710840209,4.751546056390892,0.5670000000000001,0.02293533677232741,0.5670000000000001,0.0,0.022917651,8.5
3.600440296319674,-1.2032858543810465,8.5,334.16024644779185,4.750645120895152,0.5680000000000001,0.02293516247274399,0.5680000000000001,0.0,0.022917651,8.5
3.6007648285134515,-1.2002939405797146,8.5,334.48386287321523,4.749743148114949,0.5690000000000001,0.022934986550152907,0.5690000000000001,0.0,0.022917651,8.5
3.601089665692786,-1.1972997435925952,8.5,334.81008401376494,4.748840112066362,0.5700000000000001,0.022934808963897914,0.5700000000000001,0.0,0.022917651,8.5
3.6014148155618804,-1.194303205744405,8.5,335.1389756668386,4.74793598589029,0.5710000000000001,0.022934629671953383,0.5710000000000001,0.0,0.022917651,8.5
3.6017402860866294,-1.1913042674007932,8.5,335.47060586478625,4.747030741815313,0.5720000000000002,0.02293444863086621,0.5720000000000001,0.0,0.022917651,8.5
3.6020660855058226,-1.1883028668844495,8.5,335.8050449706172,4.746124351118608,0.5730000000000001,0.022934265795694665,0.5730000000000001,0.0,0.022917651,8.5
3.6023922223429334,-1.1852989403868637,8.5,336.14236577866683,4.74521678408487,0.5740000000000001,0.022934081119944105,0.5740000000000001,0.0,0.022917651,8.5
3.602718771363664,-1.1822927597529977,8.5,336.4822650841987,4.744308612192392,0.5750000000000001,0.022933893862946406,0.5750000000000001,0.0,0.022917651,8.5
3.603045740764498,-1.17928423142254,8.5,336.8248447372426,4.743399774684293,0.5760000000000001,0.0229337040672818,0.5760000000000001,0.0,0.022917651,8.5
3.6033730774519923,-1.1762729561917813,8.5,337.170551893347,4.74248965944929,0.577,0.022933512367757505,0.577,0.0,0.022917651,8.5
3.6037007913576047,-1.1732588597843103,8.5,337.51947112045235,4.741578231937542,0.578,0.022933318712892985,0.578,0.0,0.022917651,8.5
3.60402889277412,-1.1702418652214404,8.5,337.8716900631956,4.740665456342238,0.579,0.022933123049334782,0.579,0.0,0.022917651,8.5
3.6043573923722203,-1.1672218926981888,8.5,338.2272995841131,4.739751295541907,0.5800000000000001,0.022932925321770565,0.58,0.0,0.022917651,8.5
3.6046863012179964,-1.1641988594523647,8.5,338.58639391269077,4.738835711039533,0.581,0.02293272547283836,0.581,0.0,0.022917651,8.5
3.605015630791434,-1.161172679626314,8.5,338.94907080277767,4.73791866289823,0.582,0.022932523443030754,0.582,0.0,0.022917651,8.5
3.6053453930059414,-1.1581432641208318,8.5,339.3154316989131,4.7370001096733025,0.583,0.022932319170593643,0.583,0.0,0.022917651,8.5
3.6056756002290045,-1.1551105204407246,8.5,339.6855819121637,4.736080008340401,0.584,0.022932112591419175,0.584,0.0,0.022917651,8.5
3.606006265304027,-1.152074352531457,8.5,340.05963080611025,4.735158314219539,0.585,0.022931903638932542,0.585,0.0,0.022917651,8.5
3.6063374015734455,-1.1490346606062791,8.5,340.43769199367387,4.734234980894685,0.5860000000000001,0.022931692243972162,0.586,0.0,0.022917651,8.5
3.606669022903204,-1.1459913409631772,8.5,340.8198835455261,4.733309960128613,0.587,0.0229314783346628,0.587,0.0,0.022917651,8.5
3.607001154086846,-1.1429442835483712,8.5,341.2062837034259,4.732383241033888,0.588,0.022931261804649668,0.588,0.0,0.022917651,8.5
3.6073339241746183,-1.1398933418636952,8.5,341.5965474398662,4.73145519321789,0.589,0.022931042263646284,0.589,0.0,0.022917651,8.5
3.6076672271076853,-1.1368384165565477,8.5,341.99134453065676,4.73052529319882,0.59,0.02293082003288459,0.59,0.0,0.022917651,8.5
3.6080010792649593,-1.1337793851759945,8.5,342.39081432471505,4.72959348404257,0.5910000000000001,0.022930595029685214,0.591,0.0,0.022917651,8.5
3.608335497703587,-1.1307161202005203,8.5,342.7951019412676,4.728659706457442,0.592,0.022930367167945095,0.592,0.0,0.022917651,8.5
3.608670500194428,-1.127648488772826,8.5,343.2043585716536,4.727723898670841,0.593,0.022930136357958448,0.593,0.0,0.022917651,8.5
3.6090061052597715,-1.1245763524178012,8.5,343.61874180027024,4.726785996298145,0.5940000000000001,0.0229299025062263,0.594,0.0,0.022917651,8.5
3.6093423322134823,-1.121499566742417,8.5,344.03841594609287,4.7258459322031685,0.595,0.022929665515253883,0.595,0.0,0.022917651,8.5
3.609679201203742,-1.1184179811161772,8.5,344.463552426324,4.724903636349592,0.5960000000000001,0.022929425283334873,0.596,0.0,0.022917651,8.5
3.610016733258594,-1.1153314383306312,8.5,344.89433014386276,4.723959035642642,0.597,0.022929181704321462,0.597,0.0,0.022917651,8.5
3.6103549503345,-1.112239774236344,8.5,345.33093590043615,4.723012053760306,0.598,0.022928934667379292,0.598,0.0,0.022917651,8.5
3.6106939512488525,-1.1091427357277523,8.5,345.77330389768974,4.722062830966224,0.599,0.02292868382651056,0.599,0.0,0.022917651,8.5
3.611033768911282,-1.1060401138140465,8.5,346.2216429218872,4.721111289675263,0.6,0.022928429093126094,0.6,0.0,0.022917651,8.5
3.611414601088265,-1.1030876938936134,8.5,346.43509100508095,4.720351664653041,0.601,0.022928417274467556,0.601,0.0,0.022917651,8.5
3.611795607468491,-1.1001340115236296,8.5,346.6501367667908,4.7195914739978795,0.602,0.02292840538431373,0.602,0.0,0.022917651,8.5
3.6121767906452265,-1.0971790479107113,8.5,346.8668039907679,4.7188307092895165,0.603,0.02292839342160029,0.603,0.0,0.022917651,8.5
3.6125581532634676,-1.0942227838865919,8.5,347.08511693519176,4.718069361939724,0.6040000000000001,0.022928381385241704,0.604,0.0,0.022917651,8.5
3.612939698021237,-1.0912651998987282,8.5,347.3051003445586,4.717307423188102,0.605,0.022928369274130656,0.605,0.0,0.022917651,8.5
3.613321427670917,-1.0883062760006221,8.5,347.5267794619302,4.716544884097745,0.6060000000000001,0.022928357087137547,0.606,0.0,0.022917651,8.5
3.613703345020628,-1.0853459918418478,8.5,347.7501800415535,4.715781735550763,0.607,0.022928344823109875,0.607,0.0,0.022917651,8.5
3.6140854529356456,-1.0823843266577755,8.5,347.97532836186707,4.71501796824369,0.608,0.0229283324808717,0.608,0.0,0.022917651,8.5
3.6144677543398624,-1.07942125925898,8.5,348.20225123890486,4.7142535726827335,0.6090000000000001,0.02292832005922302,0.609,0.0,0.022917651,8.5
3.614850252217293,-1.0764567680203203,8.5,348.43097604011473,4.713488539178875,0.61,0.022928307556939153,0.61,0.0,0.022917651,8.5
3.6152329496136324,-1.073490830869684,8.5,348.66153069860513,4.712722857842839,0.6110000000000001,0.02292829497277011,0.611,0.0,0.022917651,8.5
3.6156159131622725,-1.0705231348013353,8.5,348.8938648647873,4.711956482997104,0.612,0.022928282243333684,0.612,0.0,0.022917651,8.5
3.615999261979293,-1.0675531261416187,8.5,349.12786884016555,4.711189338890097,0.613,0.022928269253442962,0.613,0.0,0.022917651,8.5
3.6163828199956196,-1.0645816010508453,8.5,349.3637979262143,4.710421515167707,0.614,0.022928256176747222,0.614,0.0,0.022917651,8.5
3.616766590506574,-1.0616085356421063,8.5,349.60168244738657,4.709653001124594,0.615,0.022928243011879103,0.615,0.0,0.022917651,8.5
3.617150576877051,-1.0586339055241556,8.5,349.84155336839336,4.70888378582939,0.6160000000000002,0.022928229757442384,0.616,0.0,0.022917651,8.5
3.6175347825433675,-1.0556576857880253,8.5,350.0834423111921,4.708113858118701,0.617,0.0229282164120112,0.617,0.0,0.022917651,8.5
3.617919211015168,-1.0526798509932203,8.5,350.3273815725166,4.70734320659092,0.6180000000000001,0.022928202974129265,0.618,0.0,0.022917651,8.5
3.6183038658773916,-1.0497003751534606,8.5,350.5734041419732,4.7065718195998345,0.619,0.022928189442309045,0.619,0.0,0.022917651,8.5
3.6186887507923,-1.0467192317219693,8.5,350.82154372072125,4.705799685248039,0.6200000000000001,0.02292817581503092,0.62,0.0,0.022917651,8.5
3.6190738695015736,-1.0437363935762767,8.5,351.071834740761,4.705026791380117,0.6210000000000001,0.022928162090742325,0.621,0.0,0.022917651,8.5
3.6194592258284786,-1.0407518330025314,8.5,351.32431238485356,4.704253125575619,0.622,0.02292814826785683,0.622,0.0,0.022917651,8.5
3.6198448236801,-1.0377655216792931,8.5,351.57901260709446,4.703478675141789,0.6230000000000001,0.02292813434475324,0.623,0.0,0.022917651,8.5
3.6202306691085377,-1.0347774238470675,8.5,351.83596643286324,4.702703428491477,0.6240000000000001,0.02292812031894741,0.624,0.0,0.022917651,8.5
3.620616881926675,-1.0317871255020346,8.5,352.0948910158478,4.701927448842919,0.625,0.0229281061451106,0.625,0.0,0.022917651,8.5
3.6210033499010827,-1.0287949802215286,8.5,352.3561494567125,4.701150642914989,0.6260000000000001,0.022928091871108173,0.626,0.0,0.022917651,8.5
3.6213900773278813,-1.0258009569083117,8.5,352.61978105111075,4.700372996795447,0.6270000000000001,0.02292807749525361,0.627,0.0,0.022917651,8.5
3.621777068600179,-1.0228050237630835,8.5,352.88582598184684,4.699594496257967,0.628,0.022928063015822335,0.628,0.0,0.022917651,8.5
3.622164328210831,-1.0198071482645574,8.5,353.15432534405454,4.698815126753222,0.629,0.0229280484310506,0.629,0.0,0.022917651,8.5
3.6225518607552796,-1.0168072971488544,8.5,353.42532117123665,4.698034873399665,0.6300000000000001,0.022928033739134393,0.63,0.0,0.022917651,8.5
3.622939670934503,-1.0138054363881839,8.5,353.6988564622028,4.697253720973991,0.6310000000000001,0.02292801893822827,0.631,0.0,0.022917651,8.5
3.623327763558063,-1.010801531168789,8.5,353.97497520893955,4.69647165390127,0.632,0.022928004026444165,0.632,0.0,0.022917651,8.5
3.6237161435472554,-1.007795545868122,8.5,354.2537224254526,4.69568865624474,0.633,0.02292798900185014,0.633,0.0,0.022917651,8.5
3.6241048159383764,-1.0047874440312203,8.5,354.5351441776193,4.694904711695229,0.6340000000000001,0.022927973862469125,0.634,0.0,0.022917651,8.5
3.624493824633625,-1.001777024111698,8.5,354.8191937270894,4.694119794254862,0.6350000000000001,0.022927958590616637,0.635,0.0,0.022917651,8.5
3.6248832505976383,-0.9987639311680198,8.5,355.1057405201676,4.693333872673534,0.6360000000000001,0.0229279431517102,0.636,0.0,0.022917651,8.5
3.625272987852507,-0.995748600667205,8.5,355.39510671938115,4.692546958652519,0.637,0.022927927587468803,0.637,0.0,0.022917651,8.5
3.6256630419918854,-0.9927309924021147,8.5,355.68734298723786,4.691759034358457,0.638,0.022927911895640283,0.638,0.0,0.022917651,8.5
3.626053418744248,-0.9897110651964828,8.5,355.982501207381,4.690970081528143,0.639,0.022927896073918177,0.639,0.0,0.022917651,8.5
3.626444123976985,-0.9866887768755424,8.5,356.2806345216028,4.6901800814555035,0.64,0.022927880119940104,0.64,0.0,0.022917651,8.5
3.6268351637006364,-0.983664084235574,8.5,356.58179736821495,4.689389014978083,0.6410000000000001,0.022927864031286046,0.641,0.0,0.022917651,8.5
3.627226544073279,-0.9806369430123327,8.5,356.88604552183006,4.688596862463046,0.642,0.022927847805476565,0.642,0.0,0.022917651,8.5
3.6276182714050904,-0.9776073078483077,8.5,357.19343613461785,4.687803603792652,0.643,0.022927831439971007,0.643,0.0,0.022917651,8.5
3.6280103521630664,-0.9745751322587585,8.5,357.5040277790996,4.687009218349192,0.644,0.02292781493216556,0.644,0.0,0.022917651,8.5
3.6284028901705496,-0.9715396658208405,8.5,357.81764071766,4.686213370633803,0.645,0.022927798189736247,0.645,0.0,0.022917651,8.5
3.628795831254735,-0.9685012964199485,8.5,358.13449090971886,4.685416232093671,0.6460000000000001,0.022927781269368754,0.646,0.0,0.022917651,8.5
3.629189147044855,-0.9654602287750467,8.5,358.4547293329415,4.6846178941016055,0.647,0.022927764201409306,0.647,0.0,0.022917651,8.5
3.6295828447025498,-0.9624164113154285,8.5,358.77842074554627,4.683818333732846,0.648,0.022927746983037026,0.648,0.0,0.022917651,8.5
3.629976931573132,-0.9593697911477543,8.5,359.1056315666041,4.6830175274746875,0.6489999999999999,0.022927729611358687,0.649,0.0,0.022917651,8.5
3.630371415191516,-0.9563203140133765,8.5,359.4364299296276,4.682215451207504,0.65,0.022927712083406382,0.65,0.0,0.022917651,8.5
3.6307663032883744,-0.9532679242439998,8.5,359.77088573824744,4.681412080185035,0.6510000000000001,0.022927694396135095,0.651,0.0,0.022917651,8.5
3.631161603796537,-0.9502125647156036,8.5,360.10907072407326,4.6806073890139075,0.652,0.022927676546420184,0.652,0.0,0.022917651,8.5
3.631557453390504,-0.9471537565173345,8.5,360.4509445071816,4.679801446326782,0.653,0.022927658500324074,0.653,0.0,0.022917651,8.5
3.631954128248805,-0.9440905808416601,8.5,360.79635115920047,4.678994439825932,0.6540000000000001,0.02292764020104016,0.654,0.0,0.022917651,8.5
3.6323512529591504,-0.9410242421404963,8.5,361.1457128007302,4.678186069806046,0.655,0.02292762174357891,0.655,0.0,0.022917651,8.5
3.632748836606574,-0.9379546765346498,8.5,361.4991093051521,4.67737630873004,0.6560000000000001,0.022927603124745836,0.656,0.0,0.022917651,8.5
3.633146888522402,-0.9348818184131642,8.5,361.8566227112119,4.676565128314304,0.657,0.02292758434125985,0.657,0.0,0.022917651,8.5
3.633545418292658,-0.9318056003742347,8.5,362.2183372968995,4.675752499503223,0.658,0.022927565389750316,0.658,0.0,0.022917651,8.5
3.6339444357668134,-0.9287259531636874,8.5,362.5843396563737,4.6749383924426615,0.659,0.022927546266753942,0.659,0.0,0.022917651,8.5
3.6343439510669033,-0.9256428056109041,8.5,362.9547187800806,4.674122776452349,0.66,0.02292752696871161,0.66,0.0,0.022917651,8.5
3.6347441727715184,-0.9225551269703414,8.5,363.32917119665854,4.673305453108754,0.6610000000000001,0.02292750731151896,0.661,0.0,0.022917651,8.5
3.6351450184417486,-0.9194633056817723,8.5,363.70799577615696,4.672486481912448,0.662,0.02292748738310668,0.662,0.0,0.022917651,8.5
3.63554640589702,-0.9163677174428487,8.5,364.0914798880766,4.6716659107531004,0.663,0.02292746726598541,0.663,0.0,0.022917651,8.5
3.635948346791241,-0.9132682812256978,8.5,364.4797237599128,4.670843705215181,0.664,0.02292744695609598,0.664,0.0,0.022917651,8.5
3.6363508531149678,-0.9101649136617627,8.5,364.8728305144723,4.670019829888981,0.6650000000000001,0.022927426449261955,0.665,0.0,0.022917651,8.5
3.6367539372076556,-0.9070575289566668,8.5,365.27090627518174,4.669194248334456,0.666,0.02292740574118539,0.666,0.0,0.022917651,8.5
3.637157611770436,-0.9039460388013362,8.5,365.6740602760249,4.6683669230434806,0.667,0.022927384827442353,0.667,0.0,0.022917651,8.5
3.6375622073604,-0.9008289632499085,8.5,366.0822845244498,4.667537697177589,0.6680000000000001,0.02292736376165949,0.668,0.0,0.022917651,8.5
3.6379674752929025,-0.8977073758414058,8.5,366.4957994640764,4.666706649050096,0.6689999999999999,0.022927342485753763,0.669,0.0,0.022917651,8.5
3.638373376910562,-0.8945814121349609,8.5,366.9147442475629,4.665873759465292,0.67,0.02292732098476918,0.67,0.0,0.022917651,8.5
3.6387799264953373,-0.891450973497829,8.5,367.33924125240895,4.665038986920523,0.6710000000000002,0.02292729925363293,0.671,0.0,0.022917651,8.5
3.6391871387616153,-0.8883159583108585,8.5,367.76941656146704,4.6642022886565115,0.672,0.0229272772871186,0.672,0.0,0.022917651,8.5
3.6395950288727064,-0.8851762618545996,8.5,368.20540010425043,4.6633636206094415,0.673,0.022927255079840336,0.673,0.0,0.022917651,8.5
3.6400039907445154,-0.8820298499111969,8.5,368.64736241615185,4.662522525191125,0.674,0.02292723270786332,0.674,0.0,0.022917651,8.5
3.6404138228533984,-0.878877682424149,8.5,369.0954200229811,4.661679155659874,0.675,0.022927210131667448,0.675,0.0,0.022917651,8.5
3.6408243715387583,-0.8757205043501042,8.5,369.54969736637,4.660833641891202,0.676,0.022927187311424697,0.676,0.0,0.022917651,8.5
3.6412356535296455,-0.8725581987129097,8.5,370.010339651033,4.6599859338261735,0.677,0.022927164241437606,0.677,0.0,0.022917651,8.5
3.6416476860799314,-0.8693906448666531,8.5,370.4774966370268,4.659135979835415,0.6780000000000002,0.02292714091582996,0.678,0.0,0.022917651,8.5
3.642060506421568,-0.8662175535203928,8.5,370.9513199098851,4.658283639340345,0.679,0.02292711728289146,0.679,0.0,0.022917651,8.5
3.6424742854025776,-0.8630374796966551,8.5,371.4319428684635,4.657428148978751,0.68,0.022927092970645983,0.68,0.0,0.022917651,8.5
3.642888861969354,-0.859851797861146,8.5,371.9195532946562,4.656570240940631,0.6810000000000002,0.022927068388864647,0.681,0.0,0.022917651,8.5
3.6433042553293635,-0.8566603729616804,8.5,372.41431946071464,4.6557098570034805,0.682,0.022927043531056505,0.682,0.0,0.022917651,8.5
3.6437204853118033,-0.8534630655745448,8.5,372.91641508572525,4.654846937060176,0.683,0.022927018390520467,0.683,0.0,0.022917651,8.5
3.644137572392962,-0.850259731726176,8.5,373.42601955779486,4.653981419042109,0.6840000000000002,0.022926992960336803,0.684,0.0,0.022917651,8.5
3.6445558588743925,-0.8470478300063391,8.5,373.94305776575413,4.653112129221937,0.685,0.022926967181732327,0.685,0.0,0.022917651,8.5
3.644975055134463,-0.8438295128524309,8.5,374.46797830795015,4.652240062944887,0.6860000000000002,0.022926941104020705,0.686,0.0,0.022917651,8.5
3.6453951765807586,-0.8406046744028208,8.5,375.00098483593166,4.651365176010395,0.687,0.022926914720967723,0.687,0.0,0.022917651,8.5
3.6458162466018176,-0.8373731498003528,8.5,375.5422817619317,4.65048739711276,0.6880000000000001,0.022926888024854406,0.6880000000000001,0.0,0.022917651,8.5
3.6462384360661293,-0.8341339061952381,8.5,376.0919922429842,4.649606377668011,0.6890000000000002,0.022926861006696678,0.6890000000000001,0.0,0.022917651,8.5
3.6466620166968315,-0.8308853353115885,8.5,376.65019787012903,4.6487215976475165,0.6900000000000001,0.02292683365719507,0.6900000000000001,0.0,0.022917651,8.5
3.6470866344980055,-0.8276294991216504,8.5,377.2173603203701,4.6478337009913435,0.6910000000000001,0.022926805970779535,0.6910000000000001,0.0,0.022917651,8.5
3.6475123166488586,-0.8243662072369836,8.5,377.79371430859885,4.646942606027587,0.6920000000000001,0.022926777938621183,0.6920000000000001,0.0,0.022917651,8.5
3.647939091286614,-0.821095262558319,8.5,378.37950282295907,4.646048228205564,0.6930000000000002,0.022926749551579938,0.6930000000000001,0.0,0.022917651,8.5
3.648367118645576,-0.8178142331955827,8.5,378.9747500784977,4.645148776919727,0.6940000000000002,0.02292672082875834,0.6940000000000001,0.0,0.022917651,8.5
3.6487963047326506,-0.8145249870943475,8.5,379.5799387784851,4.644245743858144,0.6950000000000001,0.02292669172548507,0.6950000000000001,0.0,0.022917651,8.5
3.6492266739416315,-0.8112274202443478,8.5,380.19535104897216,4.643339122569562,0.6960000000000002,0.022926662229701515,0.6960000000000001,0.0,0.022917651,8.5
3.649658258665858,-0.8079213048272654,8.5,380.8212668066712,4.642428814809958,0.6970000000000001,0.022926632330660925,0.6970000000000001,0.0,0.022917651,8.5
3.650090806191249,-0.8046051728768828,8.5,381.45786043356674,4.641512341086774,0.6980000000000001,0.022926601987843572,0.6980000000000001,0.0,0.022917651,8.5
3.6505245942384232,-0.8012800359895602,8.5,382.1054917998123,4.640591824514553,0.6990000000000002,0.022926571244680023,0.6990000000000001,0.0,0.022917651,8.5
3.6509596735426495,-0.7979457198485862,8.5,382.7644731292493,4.639667293757636,0.7,0.02292654009256471,0.7000000000000001,0.0,0.022917651,8.5
3.6513867534242404,-0.7950862852012706,8.5,383.1073156412439,4.639096098240334,0.7010000000000002,0.022926537782747596,0.7010000000000001,0.0,0.022917651,8.5
3.6518142967356972,-0.7922233970483623,8.5,383.4529029844811,4.638523303809975,0.7020000000000001,0.022926535443863947,0.7020000000000001,0.0,0.022917651,8.5
3.652242250080032,-0.7893574897779738,8.5,383.8013126578655,4.637949130993661,0.7030000000000001,0.022926533080360155,0.7030000000000001,0.0,0.022917651,8.5
3.6526705140336073,-0.7864893716521126,8.5,384.15263273358846,4.637373989789207,0.7039999999999998,0.022926530701492063,0.704,0.0,0.022917651,8.5
3.653099093032244,-0.7836190110974807,8.5,384.50690477519885,4.63679786636703,0.705,0.02292652830704025,0.705,0.0,0.022917651,8.5
3.6535279915966297,-0.7807463759367059,8.5,384.8641711414578,4.636220746632957,0.706,0.022926525896781104,0.706,0.0,0.022917651,8.5
3.653957214334361,-0.7778714333738256,8.5,385.2244750054487,4.635642616221859,0.7070000000000001,0.022926523470486716,0.707,0.0,0.022917651,8.5
3.6543868489878912,-0.7749933039686601,8.5,385.5877949633237,4.635062944458891,0.7080000000000001,0.022926521014013115,0.708,0.0,0.022917651,8.5
3.6548169237716626,-0.7721117261251902,8.5,385.9541594054341,4.634481582046826,0.709,0.022926518522729353,0.709,0.0,0.022917651,8.5
3.655247339991211,-0.7692277247505871,8.5,386.3236964951845,4.633899161890766,0.71,0.022926516013556237,0.71,0.0,0.022917651,8.5
3.655678102672002,-0.766341264173813,8.5,386.69645292957483,4.6333156684221795,0.711,0.022926513486230454,0.711,0.0,0.022917651,8.5
3.6561092169386087,-0.7634523080203415,8.5,387.0724763265439,4.632731085765497,0.712,0.022926510940483508,0.712,0.0,0.022917651,8.5
3.656540688017171,-0.7605608191947275,8.5,387.45181524778485,4.632145397730505,0.7130000000000001,0.02292650837604157,0.713,0.0,0.022917651,8.5
3.6569726005236762,-0.7576656932130548,8.5,387.8344475539957,4.63155784046584,0.7140000000000001,0.022926505610106108,0.714,0.0,0.022917651,8.5
3.657404923339968,-0.7547673820272973,8.5,388.22046302585403,4.630968740345081,0.715,0.02292650273016487,0.715,0.0,0.022917651,8.5
3.6578376196495483,-0.751866415865574,8.5,388.6099528433864,4.630378479148611,0.7159999999999999,0.022926499834257364,0.716,0.0,0.022917651,8.5
3.658270695109396,-0.7489627545152721,8.5,389.00296962948636,4.629787039290624,0.717,0.022926496922141763,0.717,0.0,0.022917651,8.5
3.65870415549131,-0.7460563569475701,8.5,389.39956707515086,4.6291944028283725,0.7180000000000001,0.02292649399357134,0.718,0.0,0.022917651,8.5
3.659138204280312,-0.7431466119622551,8.5,389.79981594545825,4.628600772609221,0.719,0.022926491104266433,0.719,0.0,0.022917651,8.5
3.659573462092199,-0.7402316829218537,8.5,390.20384278651494,4.628006794862634,0.7200000000000001,0.02292648842767715,0.72,0.0,0.022917651,8.5
3.6600091118103233,-0.7373138825303197,8.5,390.6116520811109,4.627411513418658,0.7209999999999999,0.022926485730090054,0.721,0.0,0.022917651,8.5
3.6604451594479963,-0.7343931667303654,8.5,391.02330186625954,4.626814908273692,0.722,0.022926483011182976,0.722,0.0,0.022917651,8.5
3.6608816111421834,-0.7314694905587308,8.5,391.4388513724186,4.626216959012785,0.723,0.022926480270627096,0.723,0.0,0.022917651,8.5
3.661318511962969,-0.728542563424441,8.5,391.85836045265347,4.625617555319049,0.724,0.02292647750789101,0.724,0.0,0.022917651,8.5
3.661756290797071,-0.7256096767019579,8.5,392.2818925494896,4.625015704035413,0.7250000000000001,0.022926474720363743,0.725,0.0,0.022917651,8.5
3.662194494043934,-0.7226736860098999,8.5,392.7095248559183,4.624412446453253,0.726,0.022926471909898178,0.726,0.0,0.022917651,8.5
3.662633128356738,-0.7197345426898152,8.5,393.14132164765056,4.623807760527146,0.727,0.02292646907613474,0.727,0.0,0.022917651,8.5
3.6630722005284557,-0.71679219706087,8.5,393.5773485509194,4.6232016237484705,0.728,0.02292646621870628,0.728,0.0,0.022917651,8.5
3.6635118718711936,-0.7138459482698786,8.5,394.0176841099572,4.622593980447343,0.729,0.022926463284267538,0.729,0.0,0.022917651,8.5
3.663952443542969,-0.7108944813688612,8.5,394.462430564015,4.621984720199786,0.73,0.022926460172280044,0.73,0.0,0.022917651,8.5
3.664393468235655,-0.707939642612042,8.5,394.9116308068711,4.621373900230576,0.7310000000000001,0.022926457038768645,0.731,0.0,0.022917651,8.5
3.664834953198263,-0.7049813780446866,8.5,395.3653561058047,4.620761495581831,0.7319999999999999,0.022926453883388948,0.732,0.0,0.022917651,8.5
3.6652769058352948,-0.7020196325547468,8.5,395.8236792567596,4.620147480760335,0.7329999999999999,0.022926450705789133,0.733,0.0,0.022917651,8.5
3.665719454011183,-0.6990527209309461,8.5,396.28669121919086,4.619530679798872,0.734,0.022926447597934,0.734,0.0,0.022917651,8.5
3.666162538292098,-0.696081502453987,8.5,396.75446818550165,4.618911715370997,0.735,0.022926444505216366,0.735,0.0,0.022917651,8.5
3.6666061141043764,-0.6931066301525114,8.5,397.2270822261486,4.618291063155666,0.736,0.022926441386478657,0.736,0.0,0.022917651,8.5
3.667050189506376,-0.6901280441242884,8.5,397.70461264202385,4.61766869548263,0.737,0.022926438241294297,0.737,0.0,0.022917651,8.5
3.667494852549815,-0.6871448743197648,8.5,398.18711697500873,4.61704409662806,0.738,0.02292643507930596,0.738,0.0,0.022917651,8.5
3.667940168903732,-0.6841564643479805,8.5,398.6746653416962,4.616416874441013,0.739,0.02292643190692675,0.739,0.0,0.022917651,8.5
3.668386010355531,-0.6811641301404712,8.5,399.16738469573505,4.6157878283879,0.7400000000000001,0.022926428706246588,0.74,0.0,0.022917651,8.5
3.6688323857064056,-0.6781678059229193,8.5,399.6653617083108,4.615156927898806,0.741,0.02292642547679112,0.741,0.0,0.022917651,8.5
3.669279340180637,-0.6751668193222541,8.5,400.168651698829,4.614523680802731,0.7420000000000001,0.02292642215674325,0.742,0.0,0.022917651,8.5
3.6697269560238333,-0.6721599131831131,8.5,400.67728418400355,4.613887157562396,0.7430000000000001,0.02292641863106233,0.743,0.0,0.022917651,8.5
3.670175137580813,-0.669148791874049,8.5,401.19145222693527,4.613248681962879,0.744,0.022926415082758583,0.744,0.0,0.022917651,8.5
3.6706238945605674,-0.6661333830527477,8.5,401.7112508309257,4.612608220497064,0.7450000000000001,0.022926411511443742,0.745,0.0,0.022917651,8.5
3.671073428467861,-0.6631123731466511,8.5,402.23685710014297,4.611965265184546,0.7460000000000001,0.022926407985534504,0.746,0.0,0.022917651,8.5
3.671523934205806,-0.6600844734064255,8.5,402.76846200272684,4.611319306608302,0.7470000000000001,0.02292640456587783,0.747,0.0,0.022917651,8.5
3.6719750408192584,-0.657052064806091,8.5,403.3060151116931,4.6106712428372605,0.748,0.022926401112453844,0.748,0.0,0.022917651,8.5
3.6724267587798436,-0.6540150687684751,8.5,403.8496200881063,4.610021037183596,0.7490000000000001,0.02292639762467407,0.749,0.0,0.022917651,8.5
3.672879196184949,-0.6509719732692743,8.5,404.39933613650425,4.609367610247371,0.75,0.022926393965246428,0.75,0.0,0.022917651,8.5
3.6733323309973773,-0.6479232061039916,8.5,404.9552947990682,4.608711301418425,0.751,0.022926390190577847,0.751,0.0,0.022917651,8.5
3.6737861134353293,-0.6448695864241913,8.5,405.517638473261,4.6080527305318055,0.752,0.022926386388457842,0.752,0.0,0.022917651,8.5
3.6742405620855116,-0.6418108874100354,8.5,406.08647899078744,4.607391745029294,0.753,0.022926382573720146,0.753,0.0,0.022917651,8.5
3.6746958013262407,-0.638744790745962,8.5,406.66190502385217,4.606726522719816,0.7540000000000001,0.022926378985210338,0.754,0.0,0.022917651,8.5
3.675151726232846,-0.6356735555864081,8.5,407.2440774220178,4.606058904430559,0.7550000000000001,0.022926375361588362,0.755,0.0,0.022917651,8.5
3.675608349269208,-0.6325970885249509,8.5,407.8331188192021,4.605388846607936,0.756,0.02292637170221596,0.756,0.0,0.022917651,8.5
3.6760660553152062,-0.6295128224950177,8.5,408.42894699112907,4.604715325124287,0.7569999999999999,0.02292636804800276,0.757,0.0,0.022917651,8.5
3.6765246926749677,-0.6264217991248293,8.5,409.0317946115829,4.604038773411132,0.758,0.022926364381057485,0.758,0.0,0.022917651,8.5
3.676984082572453,-0.6233252045913845,8.5,409.6419041114942,4.603359660794457,0.759,0.022926360679489603,0.759,0.0,0.022917651,8.5
3.677444097437253,-0.6202218970177036,8.5,410.2597518072357,4.6026763336185565,0.76,0.022926356752459274,0.76,0.0,0.022917651,8.5
3.6779046666610187,-0.6171113564814338,8.5,410.885636599921,4.601987988780337,0.761,0.02292635251648232,0.761,0.0,0.022917651,8.5
3.678365996357226,-0.6139949695979011,8.5,411.51921955827333,4.601296839443867,0.762,0.02292634824175124,0.762,0.0,0.022917651,8.5
3.6788283185748614,-0.6108715647043151,8.5,412.1605890622065,4.60060264256759,0.763,0.022926343962907252,0.763,0.0,0.022917651,8.5
3.679291955539316,-0.6077395692346772,8.5,412.80982426176814,4.59990511518246,0.7640000000000001,0.02292633973198273,0.764,0.0,0.022917651,8.5
3.679756414432341,-0.6046013665162826,8.5,413.46721389753543,4.599204668401668,0.7650000000000001,0.02292633546732516,0.765,0.0,0.022917651,8.5
3.680222083097762,-0.6014550820094653,8.5,414.13315768106895,4.59850097799723,0.7660000000000001,0.022926331227971962,0.766,0.0,0.022917651,8.5
3.680689375263293,-0.5982985848343753,8.5,414.8080998193968,4.597793566464658,0.767,0.02292632707511681,0.767,0.0,0.022917651,8.5
3.6811574973890266,-0.5951355008914451,8.5,415.4916856678783,4.597082887653331,0.768,0.022926322877146067,0.768,0.0,0.022917651,8.5
3.681626578467153,-0.5919638928139166,8.5,416.18429190488854,4.596367523185648,0.7690000000000001,0.0229263185408894,0.769,0.0,0.022917651,8.5
3.682096641390786,-0.5887834744906673,8.5,416.88611739573633,4.595647279263467,0.77,0.02292631406295607,0.77,0.0,0.022917651,8.5
3.6825675757966163,-0.585596128959468,8.5,417.59710520492223,4.594923594278869,0.7710000000000001,0.02292630954723016,0.771,0.0,0.022917651,8.5
3.6830392707482518,-0.5823996980446873,8.5,418.31740630331427,4.594193864221678,0.772,0.022926304991752196,0.772,0.0,0.022917651,8.5
3.6835118255983104,-0.5791953333640187,8.5,419.0472329930909,4.593459639216165,0.7730000000000001,0.022926300396967837,0.773,0.0,0.022917651,8.5
3.683985315880981,-0.5759832995361682,8.5,419.78679796797167,4.592721486127782,0.7739999999999999,0.022926295770679703,0.774,0.0,0.022917651,8.5
3.684459855742037,-0.5727613721960185,8.5,420.5363996624363,4.59197763311622,0.775,0.022926291167380927,0.775,0.0,0.022917651,8.5
3.684935349928086,-0.5695317584627203,8.5,421.2961277586825,4.5912299110135155,0.7760000000000001,0.022926286517881825,0.776,0.0,0.022917651,8.5
3.685411987643325,-0.5662916101220195,8.5,422.06620920220234,4.590476232639997,0.777,0.022926281832736792,0.777,0.0,0.022917651,8.5
3.685889750242276,-0.5630414023089271,8.5,422.8468587136399,4.5897169975852,0.778,0.022926277107706932,0.778,0.0,0.022917651,8.5
3.6863685739169867,-0.5597824797302858,8.5,423.6383048459201,4.588953291310005,0.7790000000000001,0.022926272323112472,0.779,0.0,0.022917651,8.5
3.6868487292798795,-0.5565116356769211,8.5,424.44094188016464,4.58818298443099,0.7800000000000001,0.022926267422609153,0.78,0.0,0.022917651,8.5
3.6873299351794095,-0.5532322595199757,8.5,425.25479579209934,4.5874083475606175,0.7810000000000001,0.022926262476066227,0.781,0.0,0.022917651,8.5
3.6878125007469276,-0.5499408999316873,8.5,426.08015510229296,4.586627169723235,0.782,0.022926257386860553,0.782,0.0,0.022917651,8.5
3.688296246775516,-0.5466396659724961,8.5,426.9172256135557,4.585840840424778,0.7830000000000001,0.022926252219572382,0.783,0.0,0.022917651,8.5
3.6887811362827514,-0.5433274998170449,8.5,427.76641442425796,4.585048150839062,0.7839999999999999,0.022926247150955995,0.784,0.0,0.022917651,8.5
3.6892671802867087,-0.5400042390551879,8.5,428.62796812019354,4.58424898261669,0.785,0.02292624218143975,0.785,0.0,0.022917651,8.5
3.689754577914361,-0.5366700171153648,8.5,429.50195530894354,4.583444269660064,0.786,0.022926236960968373,0.786,0.0,0.022917651,8.5
3.690243621593269,-0.5333226531895077,8.5,430.3886387076971,4.582633003688954,0.787,0.02292623121745655,0.787,0.0,0.022917651,8.5
3.6907339724852535,-0.5299645538987141,8.5,431.2883304236939,4.5818162313386965,0.788,0.022926225517767365,0.788,0.0,0.022917651,8.5
3.6912259978506894,-0.52659262590966,8.5,432.20138463664244,4.580992328026937,0.789,0.022926220285565506,0.789,0.0,0.022917651,8.5
3.6917193269488733,-0.5232097710496764,8.5,433.1280173359439,4.580162711492439,0.79,0.02292621492900079,0.79,0.0,0.022917651,8.5
3.692214235176781,-0.5198125680101888,8.5,434.06866078776096,4.579325054030417,0.791,0.022926209002033033,0.791,0.0,0.022917651,8.5
3.6927105340907214,-0.5164036717454357,8.5,435.0234799478025,4.578481268353292,0.792,0.022926203092396253,0.792,0.0,0.022917651,8.5
3.6932086146229226,-0.512978883761118,8.5,435.99287424397124,4.577628731582568,0.793,0.0229261975405506,0.793,0.0,0.022917651,8.5
3.693708036793973,-0.5095413364885766,8.5,436.977251025068,4.57676879816697,0.7940000000000002,0.022926191904870302,0.794,0.0,0.022917651,8.5
3.694208672809145,-0.506087862537754,8.5,437.97720124264816,4.575897779735791,0.7949999999999999,0.022926186159218202,0.795,0.0,0.022917651,8.5
3.6947107735819342,-0.502621419465437,8.5,438.9925464430566,4.575019654749376,0.796,0.022926180378690545,0.796,0.0,0.022917651,8.5
3.6952144695109244,-0.49914099481196317,8.5,440.0236705780371,4.574133934735333,0.797,0.022926174563357216,0.797,0.0,0.022917651,8.5
3.6957197625105755,-0.4956449982696198,8.5,441.0709082822737,4.573239030386265,0.7980000000000002,0.022926168338649387,0.798,0.0,0.022917651,8.5
3.696226605534349,-0.49213411885192543,8.5,442.1345801881386,4.57233544254695,0.799,0.022926161792662346,0.799,0.0,0.022917651,8.5
3.696735155262968,-0.4886068051689369,8.5,443.215095375143,4.571422252551885,0.8000000000000002,0.02292615581146394,0.8,0.0,0.022917651,8.5
3.6971273510154927,-0.4858369967893963,8.5,443.6461434157127,4.5707327557318935,0.801,0.022926155142153105,0.801,0.0,0.022917651,8.5
3.6975197703153566,-0.48306347187198023,8.5,444.0814871028964,4.570040435316679,0.8020000000000002,0.022926154377682115,0.802,0.0,0.022917651,8.5
3.6979125701380093,-0.48028461584932264,8.5,444.5212040249996,4.569344301989016,0.803,0.022926153322107876,0.803,0.0,0.022917651,8.5
3.69830552292895,-0.47750270441863185,8.5,444.9653255787744,4.568645725160161,0.804,0.02292615226666542,0.804,0.0,0.022917651,8.5
3.6986986305108407,-0.4747177011737997,8.5,445.4139042467357,4.567944675715063,0.805,0.02292615121135631,0.805,0.0,0.022917651,8.5
3.6990919975438334,-0.47192709947808476,8.5,445.8670413799745,4.567239063166081,0.8060000000000002,0.022926150415519483,0.806,0.0,0.022917651,8.5
3.6994855380475333,-0.46913301257315876,8.5,446.32475400753214,4.566530658870103,0.807,0.02292614964381108,0.807,0.0,0.022917651,8.5
3.6998792413826633,-0.46633570661759766,8.5,446.7870916492167,4.565819686726705,0.808,0.02292614886359998,0.808,0.0,0.022917651,8.5
3.7002732210696028,-0.4635336702450263,8.5,447.25418000498746,4.565105095478028,0.8090000000000002,0.022926148075348016,0.809,0.0,0.022917651,8.5
3.7006674305041103,-0.46072749297581334,8.5,447.72605510340003,4.564387285778642,0.8100000000000002,0.02292614727853776,0.81,0.0,0.022917651,8.5
3.701061808312932,-0.4579179685990601,8.5,448.20273742609163,4.5636668025382034,0.8110000000000003,0.0229261464727027,0.811,0.0,0.022917651,8.5
3.701456476584963,-0.4551034707940703,8.5,448.68432526379627,4.562942505722407,0.8120000000000002,0.022926145655379534,0.812,0.0,0.022917651,8.5
3.701851448292093,-0.4522838158974535,8.5,449.1708898085077,4.562214263295015,0.8130000000000002,0.022926144826311425,0.8130000000000001,0.0,0.022917651,8.5
3.702246595783768,-0.4494606763012134,8.5,449.662452207691,4.5614832392581155,0.8140000000000002,0.022926143987953146,0.8140000000000001,0.0,0.022917651,8.5
3.702642004034662,-0.446632795633296,8.5,450.15915349760115,4.560748517955914,0.8150000000000002,0.022926142987434676,0.8150000000000001,0.0,0.022917651,8.5
3.703037706487235,-0.44379963809667844,8.5,450.66110064172625,4.560009697693059,0.8160000000000002,0.022926141767214917,0.8160000000000001,0.0,0.022917651,8.5
3.703433588322448,-0.4409628598161001,8.5,451.1682518645454,4.559267974170837,0.8170000000000002,0.0229261405432459,0.8170000000000001,0.0,0.022917651,8.5
3.7038297316088244,-0.43812114078989384,8.5,451.6807626227414,4.558522352420259,0.8180000000000001,0.022926139414430127,0.8180000000000001,0.0,0.022917651,8.5
3.704226157226766,-0.43527408349979774,8.5,452.1987359112788,4.557772517661899,0.8190000000000001,0.022926138404810194,0.8190000000000001,0.0,0.022917651,8.5
3.7046227647561305,-0.43242325981549035,8.5,452.72212910992306,4.557019644244593,0.8200000000000001,0.02292613738739847,0.8200000000000001,0.0,0.022917651,8.5
3.7050195728002375,-0.42956718795208765,8.5,453.25105585696406,4.556262330204808,0.8210000000000001,0.022926136496283514,0.8210000000000001,0.0,0.022917651,8.5
3.705416584741535,-0.4267060550882216,8.5,453.7855803162626,4.555500775229995,0.822,0.02292613571515174,0.8220000000000001,0.0,0.022917651,8.5
3.7058137906935995,-0.423840991661655,8.5,454.3257370409873,4.554736065724299,0.8230000000000002,0.02292613493529565,0.8230000000000001,0.0,0.022917651,8.5
3.706211044751597,-0.420969196591527,8.5,454.8718737538457,4.55396481065978,0.8240000000000001,0.022926133926128262,0.8240000000000001,0.0,0.022917651,8.5
3.706608424128863,-0.41809234429400455,8.5,455.4239114604359,4.553188997225808,0.8250000000000001,0.02292613282934162,0.8250000000000001,0.0,0.022917651,8.5
3.7070059822920665,-0.41521138366197313,8.5,455.9818277998294,4.552409790475795,0.8260000000000002,0.022926131728356083,0.8260000000000001,0.0,0.022917651,8.5
3.7074035361163467,-0.4123241404067055,8.5,456.54610588527123,4.5516242859014495,0.8270000000000002,0.02292613084314034,0.8270000000000001,0.0,0.022917651,8.5
3.7078012641788325,-0.40943268081743056,8.5,457.116443193834,4.550835262104833,0.8280000000000002,0.02292612994735723,0.8280000000000001,0.0,0.022917651,8.5
3.7081992648686977,-0.4065357448518121,8.5,457.6930500864115,4.550041854570601,0.8290000000000002,0.022926128920567765,0.8290000000000001,0.0,0.022917651,8.5
3.7085976374597496,-0.4036319148104044,8.5,458.27617313966476,4.549243044768513,0.8300000000000003,0.022926127635201805,0.8300000000000001,0.0,0.022917651,8.5
3.7089961792422894,-0.4007237118164493,8.5,458.86561793343543,4.548440538720969,0.8310000000000001,0.022926126344569864,0.8310000000000001,0.0,0.022917651,8.5
3.7093945282400567,-0.3978086154236076,8.5,459.4614197303556,4.5476303580451765,0.8320000000000002,0.02292612528320389,0.8320000000000001,0.0,0.022917651,8.5
3.7097929259873146,-0.3948880708247737,8.5,460.0636907121782,4.546814920303235,0.8330000000000001,0.022926124300925665,0.833,0.0,0.022917651,8.5
3.710191559707068,-0.3919625540883578,8.5,460.6725588818885,4.5459954570047625,0.8340000000000001,0.02292612329618588,0.834,0.0,0.022917651,8.5
3.7105905759777897,-0.3890306031834753,8.5,461.28819690455623,4.545171101555359,0.8350000000000001,0.022926122234657124,0.835,0.0,0.022917651,8.5
3.7109897929734132,-0.3860939285549955,8.5,461.9105923206086,4.5443428253872895,0.8360000000000001,0.022926121161900022,0.836,0.0,0.022917651,8.5
3.711389360181945,-0.38314980626727996,8.5,462.5400673356331,4.543508501439275,0.8370000000000001,0.022926119818674297,0.837,0.0,0.022917651,8.5
3.711789192253849,-0.3801997530801768,8.5,463.17659177474457,4.542669305572199,0.838,0.02292611836653417,0.838,0.0,0.022917651,8.5
3.712189272569919,-0.3772436295967773,8.5,463.8202798687251,4.541825031559411,0.8390000000000001,0.022926117037731147,0.839,0.0,0.022917651,8.5
3.712589653650293,-0.3742798794785863,8.5,464.4713839859632,4.540974332094718,0.8400000000000001,0.022926115990088557,0.84,0.0,0.022917651,8.5
3.7129902456020756,-0.3713110652580776,8.5,465.12975533940767,4.54011941186019,0.8410000000000001,0.022926114929004933,0.841,0.0,0.022917651,8.5
3.7133910847606297,-0.368334305895615,8.5,465.79571743545586,4.539257530135172,0.8420000000000001,0.02292611412063582,0.842,0.0,0.022917651,8.5
3.7137921398204052,-0.36535218726405194,8.5,466.46917537160016,4.538391152721512,0.8430000000000001,0.022926113326459576,0.843,0.0,0.022917651,8.5
3.7141935202182825,-0.36236154011001664,8.5,467.1505333949419,4.537517556248762,0.844,0.022926112099955608,0.844,0.0,0.022917651,8.5
3.714595168438334,-0.3593638631130975,8.5,467.83976160453994,4.536638005101362,0.8449999999999999,0.022926110652243824,0.845,0.0,0.022917651,8.5
3.7149970428501042,-0.3563593932757547,8.5,468.53707090236935,4.535752560395625,0.8460000000000001,0.022926109338784067,0.846,0.0,0.022917651,8.5
3.715399146731074,-0.3533476210393858,8.5,469.2426733108711,4.53486072429339,0.8469999999999999,0.0229261081946439,0.847,0.0,0.022917651,8.5
3.7158014597443976,-0.3503294884229882,8.5,469.9564428252233,4.533963364707722,0.848,0.022926107043454144,0.848,0.0,0.022917651,8.5
3.7162039680859156,-0.34730334141579944,8.5,470.6787114520047,4.533058772249591,0.849,0.02292610589858199,0.849,0.0,0.022917651,8.5
3.716606709135699,-0.3442709268573395,8.5,471.40933892096234,4.5321488442124265,0.8500000000000001,0.022926104696262595,0.85,0.0,0.022917651,8.5
3.717009820459277,-0.3412288002469934,8.5,472.14875319055096,4.53123069546853,0.851,0.02292610315604796,0.851,0.0,0.022917651,8.5
3.7174131482404484,-0.33818059599368083,8.5,472.89675373395306,4.5303073343020515,0.8520000000000001,0.022926101621645746,0.852,0.0,0.022917651,8.5
3.717816650118635,-0.3351226550088167,8.5,473.65393573537267,4.52937491645709,0.853,0.02292610037132186,0.853,0.0,0.022917651,8.5
3.7182203740472812,-0.33205858096157254,8.5,474.4199548090765,4.528437253897026,0.854,0.022926099106394662,0.854,0.0,0.022917651,8.5
3.7186248646378948,-0.3289833436623379,8.5,475.1954259220095,4.527491510945354,0.855,0.022926097887836283,0.855,0.0,0.022917651,8.5
3.719029585826333,-0.32590169834182897,8.5,475.98001697405687,4.5265402820011245,0.856,0.022926096648043143,0.856,0.0,0.022917651,8.5
3.719434944183289,-0.3228091842273554,8.5,476.7742009170219,4.525580720212095,0.857,0.022926095039895088,0.857,0.0,0.022917651,8.5
3.719840525337169,-0.31970989389461063,8.5,477.57783838035266,4.5246152744436925,0.858,0.022926093450319335,0.858,0.0,0.022917651,8.5
3.720246141382228,-0.31660109220284244,8.5,478.3916978329481,4.523640469397114,0.859,0.022926092135539918,0.859,0.0,0.022917651,8.5
3.7206520190381642,-0.3134847353325576,8.5,479.2153528888381,4.522659154462522,0.86,0.022926090863740683,0.86,0.0,0.022917651,8.5
3.721058256473498,-0.31035764338965965,8.5,480.0493100274001,4.521668537885835,0.861,0.022926089860549097,0.861,0.0,0.022917651,8.5
3.721464687681373,-0.30722229950574853,8.5,480.89343493490315,4.520670443628656,0.862,0.02292608873449975,0.862,0.0,0.022917651,8.5
3.721871272214197,-0.30407712949737237,8.5,481.74806863255765,4.519663134700045,0.863,0.022926087363425312,0.863,0.0,0.022917651,8.5
3.7222781120426864,-0.3009228485785316,8.5,482.6131039936745,4.5186477378229375,0.864,0.022926086012035208,0.864,0.0,0.022917651,8.5
3.7226852228398974,-0.2977593109544609,8.5,483.48871307531,4.517624169669155,0.865,0.02292608465823286,0.865,0.0,0.022917651,8.5
3.723091653025891,-0.2945853251182184,8.5,484.37600673132226,4.5165874315937025,0.866,0.022926083274273444,0.866,0.0,0.022917651,8.5
3.723497939669206,-0.2914026497691671,8.5,485.274540629011,4.515541430441115,0.867,0.0229260818672996,0.867,0.0,0.022917651,8.5
3.723904253216939,-0.28820835775645925,8.5,486.1850330869055,4.514483918762948,0.8680000000000001,0.022926080164431664,0.868,0.0,0.022917651,8.5
3.7243107149425216,-0.28500484487763406,8.5,487.1068641078203,4.513417779382441,0.8690000000000001,0.02292607851238524,0.869,0.0,0.022917651,8.5
3.724717237030353,-0.2817895509590547,8.5,488.0403948363152,4.512340101320333,0.8700000000000001,0.02292607702216718,0.87,0.0,0.022917651,8.5
3.725123909245586,-0.2785639639918639,8.5,488.9858177535698,4.5112527220235155,0.871,0.022926075405746805,0.871,0.0,0.022917651,8.5
3.7255307526014536,-0.27532859869192255,8.5,489.94323805213725,4.510156242873947,0.872,0.022926073704047364,0.872,0.0,0.022917651,8.5
3.725937897569416,-0.272080605393068,8.5,490.9133197469865,4.509048358373964,0.8730000000000001,0.022926072208623402,0.873,0.0,0.022917651,8.5
3.7263452603410285,-0.26882221017441926,8.5,491.895837900795,4.507930941694382,0.874,0.022926070663195783,0.874,0.0,0.022917651,8.5
3.726752824184667,-0.2655517945906634,8.5,492.89118258848737,4.5068023034767055,0.875,0.022926069017552484,0.875,0.0,0.022917651,8.5
3.7271608958867812,-0.2622685395806179,8.5,493.89950527339624,4.5056628658702,0.876,0.022926067329242347,0.876,0.0,0.022917651,8.5
3.727569288087341,-0.25897400101828333,8.5,494.920941003476,4.504513428781761,0.877,0.022926065751480863,0.877,0.0,0.022917651,8.5
3.7279778807843194,-0.25566644002668454,8.5,495.95609543924564,4.503351767533563,0.878,0.022926064688105544,0.878,0.0,0.022917651,8.5
3.728386872083878,-0.25234635407291023,8.5,497.0050303384011,4.502179168117689,0.879,0.022926063388920635,0.879,0.0,0.022917651,8.5
3.7287961721827196,-0.24901443152356736,8.5,498.06780479329376,4.500995964889626,0.88,0.02292606193822879,0.88,0.0,0.022917651,8.5
3.7292056995652474,-0.2456690697919502,8.5,499.1447840913853,4.4998002365744245,0.8809999999999999,0.022926060330847188,0.881,0.0,0.022917651,8.5
3.7296154258370398,-0.24231013731485415,8.5,500.2362065932091,4.498591734500457,0.882,0.022926058523614914,0.882,0.0,0.022917651,8.5
3.7300252828663356,-0.23893858264366266,8.5,501.34223187951807,4.497371132961819,0.883,0.022926056718036738,0.883,0.0,0.022917651,8.5
3.7304351711744443,-0.23555384258686615,8.5,502.46323633025725,4.4961374697451575,0.8840000000000001,0.02292605504541611,0.884,0.0,0.022917651,8.5
3.7308453045526835,-0.23215308702071302,8.5,503.5997477782778,4.49488877509394,0.885,0.02292605317500413,0.885,0.0,0.022917651,8.5
3.7312554046419923,-0.22873874115792564,8.5,504.75163871806143,4.493626359348925,0.8860000000000001,0.02292605137995733,0.886,0.0,0.022917651,8.5
3.7316654437696006,-0.22531080548305987,8.5,505.91914507550814,4.492350107838598,0.8870000000000001,0.022926049630754685,0.887,0.0,0.022917651,8.5
3.732075416512829,-0.2218686923930132,8.5,507.1025794986398,4.49105939384263,0.888,0.02292604776427802,0.888,0.0,0.022917651,8.5
3.732485410507545,-0.21841040652668478,8.5,508.30239225388146,4.489752607722462,0.889,0.02292604591525497,0.889,0.0,0.022917651,8.5
3.7328955884974766,-0.21493686055848302,8.5,509.51871932230347,4.488431301335631,0.89,0.022926044011287332,0.89,0.0,0.022917651,8.5
3.733306073544074,-0.2114477567316617,8.5,510.75189771226763,4.487095666543227,0.8910000000000001,0.022926042087765573,0.891,0.0,0.022917651,8.5
3.7337170123060774,-0.20794259462144338,8.5,512.0023269324897,4.485745789363962,0.892,0.02292604023328553,0.892,0.0,0.022917651,8.5
3.7341281987840995,-0.20442032202720095,8.5,513.2704406449208,4.484379793430698,0.893,0.022926038316623824,0.893,0.0,0.022917651,8.5
3.734539422637148,-0.20088145311138156,8.5,514.5562878957678,4.482997344472069,0.894,0.02292603651313867,0.894,0.0,0.022917651,8.5
3.7349489016803856,-0.1973263499839613,8.5,515.8603305401449,4.481591688446622,0.895,0.022926035259650528,0.895,0.0,0.022917651,8.5
3.735356902706043,-0.193755283565964,8.5,517.1828080188766,4.480164151733161,0.896,0.022926034105372393,0.896,0.0,0.022917651,8.5
3.735765176970604,-0.1901679449088242,8.5,518.5238696230872,4.4787214115720095,0.897,0.022926032110769507,0.897,0.0,0.022917651,8.5
3.7361727381064767,-0.18656238650191073,8.5,519.8838692543444,4.477257631950971,0.898,0.022926030077006904,0.898,0.0,0.022917651,8.5
3.7365801746535783,-0.1829377204648758,8.5,521.2630635363964,4.475774229201178,0.899,0.022926028077149538,0.899,0.0,0.022917651,8.5
3.7369879516296423,-0.1792936860297267,8.5,522.6617092813627,4.474272836385879,0.9000000000000001,0.022926026024507835,0.9,0.0,0.022917651,8.5
3.7372906596727873,-0.17651477409871996,8.5,523.3811214779124,4.473162334694145,0.901,0.022926025548924228,0.901,0.0,0.022917651,8.5
3.737593280021903,-0.1737300822586026,8.5,524.1075853244527,4.47204569744538,0.902,0.02292602507283273,0.902,0.0,0.022917651,8.5
3.7378957663310377,-0.17093935231154805,8.5,524.8411124889735,4.470922484828167,0.903,0.022926024596432473,0.903,0.0,0.022917651,8.5
3.738198122084185,-0.16814271916833082,8.5,525.5817918849496,4.46979284568148,0.904,0.022926024119790566,0.904,0.0,0.022917651,8.5
3.738500372581053,-0.1653394207762494,8.5,526.3297839245362,4.468656127012311,0.905,0.02292602364968458,0.905,0.0,0.022917651,8.5
3.7388025275470445,-0.16253040208532724,8.5,527.0851407917862,4.467513310134265,0.906,0.022926023183410825,0.906,0.0,0.022917651,8.5
3.739104416687165,-0.15971438429429366,8.5,527.8479938430685,4.466362418405655,0.907,0.02292602271021642,0.907,0.0,0.022917651,8.5
3.7394061273240378,-0.15689317369874067,8.5,528.6183757018277,4.465205615530461,0.908,0.022926022234256112,0.908,0.0,0.022917651,8.5
3.7397073699386056,-0.15406474136969278,8.5,529.396365719615,4.464039743406798,0.9090000000000003,0.022926021755638952,0.909,0.0,0.022917651,8.5
3.7400084840189387,-0.15123130255532682,8.5,530.1820422939368,4.462868350917363,0.91,0.022926021276355197,0.91,0.0,0.022917651,8.5
3.740309922960565,-0.1483893175025497,8.5,530.9755069268889,4.461689685115579,0.911,0.022926020797280993,0.911,0.0,0.022917651,8.5
3.7406111310606636,-0.14554173849052934,8.5,531.7768493533025,4.460504508152895,0.912,0.022926020317408022,0.912,0.0,0.022917651,8.5
3.7409119914780717,-0.1426868770355778,8.5,532.5861598869166,4.459310672366048,0.9130000000000003,0.022926019836053333,0.913,0.0,0.022917651,8.5
3.741212382450713,-0.1398258151620793,8.5,533.4034925747642,4.458108751614654,0.9140000000000001,0.022926019355058322,0.914,0.0,0.022917651,8.5
3.7415123510747725,-0.13695874671272998,8.5,534.2289547262588,4.45689912934867,0.915,0.022926018874487215,0.915,0.0,0.022917651,8.5
3.7418124354698685,-0.13408271744610833,8.5,535.0627051671775,4.455681012036917,0.9160000000000003,0.022926018393599958,0.916,0.0,0.022917651,8.5
3.7421123794445115,-0.13120060146936577,8.5,535.9048355660166,4.45445624579284,0.9170000000000001,0.022926018003426817,0.917,0.0,0.022917651,8.5
3.7424118456072577,-0.12831034709643424,8.5,536.7552956821507,4.453221420993158,0.918,0.02292601839950552,0.918,0.0,0.022917651,8.5
3.7427109247487906,-0.12541319006191254,8.5,537.6142700364292,4.4519781524393265,0.9189999999999999,0.022926018408126782,0.919,0.0,0.022917651,8.5
3.7430095407584028,-0.1225083167283416,8.5,538.4818417881205,4.4507253244241385,0.9200000000000002,0.022926017907419872,0.92,0.0,0.022917651,8.5
3.7433077062966227,-0.11959591262329061,8.5,539.3579036808665,4.449463154779057,0.921,0.022926017403991986,0.921,0.0,0.022917651,8.5
3.7436056016440435,-0.11667725252521435,8.5,540.2427342948395,4.4481936471493215,0.922,0.022926016899587523,0.922,0.0,0.022917651,8.5
3.7439032374826753,-0.11375028543285397,8.5,541.1362022051901,4.446914802629568,0.9230000000000002,0.022926016397007764,0.923,0.0,0.022917651,8.5
3.7442005402024763,-0.11081569048236328,8.5,542.0386373991213,4.445626998918548,0.9240000000000002,0.022926015886258696,0.924,0.0,0.022917651,8.5
3.744497524714621,-0.10787374959614689,8.5,542.9501895963595,4.444330577341826,0.9250000000000002,0.022926015368441244,0.925,0.0,0.022917651,8.5
3.7447941177904838,-0.10492242643103948,8.5,543.8706861068472,4.44302319290058,0.926,0.02292601486214259,0.926,0.0,0.022917651,8.5
3.7450903385857734,-0.10196360832475575,8.5,544.8004251980708,4.4417068318896815,0.9270000000000003,0.022926014356907925,0.927,0.0,0.022917651,8.5
3.7453861084661164,-0.09899632778088864,8.5,545.739416094101,4.440380217356122,0.9280000000000002,0.022926013852882482,0.928,0.0,0.022917651,8.5
3.745679889511933,-0.09602077852187062,8.5,546.6872509416925,4.439037356701357,0.929,0.022926013343907113,0.929,0.0,0.022917651,8.5
3.7459731585739373,-0.09303820000238841,8.5,547.6445539993487,4.437685420575727,0.9300000000000003,0.022926012833194127,0.93,0.0,0.022917651,8.5
3.746266161676589,-0.09004790748830568,8.5,548.6113564404635,4.436324716757892,0.9310000000000002,0.022926012321641678,0.931,0.0,0.022917651,8.5
3.7465588787655952,-0.08704687711058617,8.5,549.5876153607549,4.4349521330267665,0.932,0.022926011804790092,0.932,0.0,0.022917651,8.5
3.74685129450943,-0.08403728827099217,8.5,550.5736555281187,4.433569784282257,0.933,0.022926011290449383,0.933,0.0,0.022917651,8.5
3.747143356649012,-0.08101859278926704,8.5,551.5694647658601,4.432176910964462,0.9340000000000003,0.022926010782653734,0.934,0.0,0.022917651,8.5
3.7474349776284313,-0.07799024527987118,8.5,552.5747791362825,4.430772623374701,0.935,0.02292601027287412,0.935,0.0,0.022917651,8.5
3.7477263575060253,-0.07495314199689491,8.5,553.5901876254851,4.4293586168353825,0.9360000000000002,0.022926009757998137,0.936,0.0,0.022917651,8.5
3.748017498223418,-0.07190704738896463,8.5,554.615822606695,4.427934662641726,0.937,0.022926009237866675,0.937,0.0,0.022917651,8.5
3.7483082920145416,-0.0688503908493681,8.5,555.6513296427894,4.426498756880721,0.9380000000000001,0.022926008717514147,0.9380000000000001,0.0,0.022917651,8.5
3.748598650706954,-0.06578404578017029,8.5,556.6971033179884,4.425051419745581,0.9390000000000001,0.02292600820425096,0.9390000000000001,0.0,0.022917651,8.5
3.748888569036984,-0.06270828734066497,8.5,557.7533261502846,4.4235929068225674,0.9400000000000002,0.022926007692439476,0.9400000000000001,0.0,0.022917651,8.5
3.7491779920695025,-0.05962278144205429,8.5,558.8200160333151,4.422122666228033,0.9410000000000001,0.022926007175799068,0.9410000000000001,0.0,0.022917651,8.5
3.749467203184062,-0.05652547754493502,8.5,559.896906342966,4.420639784249626,0.9420000000000001,0.022926006651952227,0.9420000000000001,0.0,0.022917651,8.5
3.749755958262698,-0.05341842997419921,8.5,560.9845208684117,4.419145333966641,0.9430000000000001,0.02292600613026592,0.9430000000000001,0.0,0.022917651,8.5
3.7500442282402955,-0.050301382811302406,8.5,562.0829608880772,4.417638940532959,0.9440000000000001,0.022926005838800625,0.9440000000000001,0.0,0.022917651,8.5
3.7503319947572327,-0.04717396486684223,8.5,563.1923227201823,4.41612015714849,0.9450000000000002,0.022926006080235106,0.9450000000000001,0.0,0.022917651,8.5
3.750618768237336,-0.04403425210504749,8.5,564.3121358735887,4.4145851174679915,0.9460000000000001,0.022926005541598706,0.9460000000000001,0.0,0.022917651,8.5
3.7509051327898173,-0.04088418632558231,8.5,565.4432461393128,4.413038090089775,0.9470000000000001,0.022926004998281763,0.9470000000000001,0.0,0.022917651,8.5
3.7511909233203475,-0.03772352926191688,8.5,566.5856828157422,4.411478174103811,0.9480000000000002,0.02292600445365422,0.9480000000000001,0.0,0.022917651,8.5
3.7514760945838836,-0.03455180509022285,8.5,567.7395234194482,4.409904709527211,0.9490000000000001,0.02292600390899851,0.9490000000000001,0.0,0.022917651,8.5
3.7517608160824834,-0.03136799636192905,8.5,568.9048993740106,4.408317351754095,0.9500000000000001,0.02292600336867387,0.9500000000000001,0.0,0.022917651,8.5
3.752044866377365,-0.028171128252803056,8.5,570.0815312987203,4.4067142637152745,0.9510000000000002,0.0229260028138122,0.9510000000000001,0.0,0.022917651,8.5
3.7523278189769846,-0.02496289814017784,8.5,571.2701461093045,4.405095423111716,0.9520000000000001,0.022926002274978232,0.9520000000000001,0.0,0.022917651,8.5
3.7526093759165273,-0.02174327414305827,8.5,572.4705532792854,4.403459600765362,0.9530000000000001,0.022926001728263434,0.9530000000000001,0.0,0.022917651,8.5
3.7528895030411578,-0.018512231511107705,8.5,573.6831815874275,4.401806640465518,0.9540000000000002,0.022926001176353766,0.9540000000000001,0.0,0.022917651,8.5
3.7531683636597126,-0.015269554049756114,8.5,574.9086236420306,4.400136983268269,0.9550000000000001,0.022926000632165763,0.9550000000000001,0.0,0.022917651,8.5
3.7534460627919897,-0.012014131111562123,8.5,576.14672291405,4.398449921990078,0.9560000000000001,0.022926000080576922,0.9560000000000001,0.0,0.022917651,8.5
3.7537231104250806,-0.00874470509002704,8.5,577.3972721075514,4.396746271300693,0.9570000000000001,0.022925999526502743,0.9570000000000001,0.0,0.022917651,8.5
3.7539989536743796,-0.0054619410590306325,8.5,578.6605266348423,4.395024456081565,0.9580000000000002,0.022925998981562456,0.9580000000000001,0.0,0.022917651,8.5
3.7542727093147383,-0.0021670800274123337,8.5,579.9365792449878,4.3932821862799925,0.9590000000000002,0.02292599842457879,0.9590000000000001,0.0,0.022917651,8.5
3.7545455496785953,0.0011401398556274821,8.5,581.2261049358312,4.391523898639906,0.96,0.022925997872167928,0.96,0.0,0.022917651,8.5
3.7548176521780032,0.004460311700005396,8.5,582.529400683,4.389749713507296,0.961,0.0229259973186613,0.961,0.0,0.022917651,8.5
3.7550887366913903,0.00779381190219627,8.5,583.8468814164141,4.387958127517932,0.962,0.022925996766607223,0.962,0.0,0.022917651,8.5
3.755358649107689,0.011140938518520748,8.5,585.1789536126502,4.386148224017026,0.9630000000000001,0.02292599621392339,0.963,0.0,0.022917651,8.5
3.755627426700504,0.014502019457615213,8.5,586.5259123714344,4.384319827333318,0.964,0.022925995652051452,0.964,0.0,0.022917651,8.5
3.755895188068586,0.01787715030308155,8.5,587.8883460696064,4.382473314325141,0.965,0.02292599509741899,0.965,0.0,0.022917651,8.5
3.7561618297590456,0.021266345263992466,8.5,589.2667597279006,4.380608266734662,0.9660000000000001,0.022925994540779114,0.966,0.0,0.022917651,8.5
3.7564271447729363,0.024669193787932676,8.5,590.6616579655805,4.378724256216679,0.967,0.022925993976826358,0.967,0.0,0.022917651,8.5
3.7566912980641103,0.028086236483431982,8.5,592.0735156730678,4.376821391792878,0.9680000000000001,0.022925993422055292,0.968,0.0,0.022917651,8.5
3.7569542908767444,0.03151819776115407,8.5,593.50300941403,4.374898985196072,0.969,0.022925992860626257,0.969,0.0,0.022917651,8.5
3.7572160365213967,0.03496454009838988,8.5,594.9509887102104,4.372957193091771,0.9700000000000002,0.022925992300999017,0.97,0.0,0.022917651,8.5
3.7574763603588264,0.03842513336837875,8.5,596.4182115771509,4.370995466634103,0.9709999999999999,0.022925991738728415,0.971,0.0,0.022917651,8.5
3.7577350656492117,0.04189991338845199,8.5,597.9055905785921,4.369013090785712,0.972,0.0229259911741043,0.972,0.0,0.022917651,8.5
3.7579920406332215,0.04538870784963314,8.5,599.4138130515774,4.367009772883563,0.9730000000000001,0.022925990763835818,0.973,0.0,0.022917651,8.5
3.7582468123031756,0.04889191040007859,8.5,600.9441128195397,4.36498323605694,0.974,0.022925990515526736,0.974,0.0,0.022917651,8.5
3.7584993766779893,0.05240859658192817,8.5,602.4979094675472,4.362934386216445,0.975,0.022925989931099854,0.975,0.0,0.022917651,8.5
3.758749757943325,0.05593795890109954,8.5,604.0758286764272,4.360864120107961,0.976,0.022925989349396384,0.976,0.0,0.022917651,8.5
3.758997840266562,0.05948072113141244,8.5,605.6789350326926,4.358771259584477,0.9770000000000001,0.02292598956679238,0.977,0.0,0.022917651,8.5
3.759243732680095,0.0630369455152795,8.5,607.308825546066,4.356656182760261,0.978,0.022925989586409755,0.978,0.0,0.022917651,8.5
3.759487388560155,0.06660628769794824,8.5,608.9671366755621,4.354519041857449,0.979,0.02292598901434255,0.979,0.0,0.022917651,8.5
3.759728538586271,0.07018907973681067,8.5,610.6554829520766,4.352358421945664,0.9800000000000001,0.022925988446425873,0.98,0.0,0.022917651,8.5
3.7599671325355866,0.07378357344662827,8.5,612.3754424253599,4.350175861315639,0.981,0.022925987875488416,0.981,0.0,0.022917651,8.5
3.7602029595462025,0.07739037300972619,8.5,614.1293782697059,4.347969952637862,0.982,0.022925987297611472,0.982,0.0,0.022917651,8.5
3.7604351943949443,0.08100827092825108,8.5,615.918573775399,4.345738579605555,0.983,0.022925986725889542,0.983,0.0,0.022917651,8.5
3.760663858297743,0.08463527844164336,8.5,617.7439549577816,4.343483802548085,0.9840000000000001,0.02292598615329577,0.984,0.0,0.022917651,8.5
3.760889238473136,0.08827202890782168,8.5,619.6079335995066,4.341206148902861,0.985,0.02292598556883733,0.985,0.0,0.022917651,8.5
3.7611110327483464,0.09191838440062972,8.5,621.5124123989799,4.3389045389405805,0.986,0.022925985002715196,0.986,0.0,0.022917651,8.5
3.761329097861927,0.09557346972441971,8.5,623.4586309016435,4.336579291108682,0.9870000000000001,0.022925984420622696,0.987,0.0,0.022917651,8.5
3.761542824199835,0.09923591480819069,8.5,625.4505561720124,4.334229320787784,0.988,0.022925983838420698,0.988,0.0,0.022917651,8.5
3.7617521562132454,0.10290510352630942,8.5,627.4877180959046,4.33185504427375,0.989,0.022925983268781296,0.989,0.0,0.022917651,8.5
3.7619569385662612,0.10657994833534036,8.5,629.569994770998,4.3294568988305775,0.99,0.02292598267992854,0.99,0.0,0.022917651,8.5
3.7621572269058583,0.11026188392628211,8.5,631.6973726528184,4.3270336791686725,0.9910000000000001,0.022925982109288135,0.991,0.0,0.022917651,8.5
3.762349279201255,0.11394915172605778,8.5,633.8696133622238,4.324572191972945,0.992,0.022925981547196522,0.992,0.0,0.022917651,8.5
3.762535615094652,0.11764075694020264,8.5,636.0865272584646,4.322083509403721,0.993,0.022925980962537357,0.993,0.0,0.022917651,8.5
3.7627166596802946,0.12133904372862964,8.5,638.3424415144284,4.319566985152271,0.9940000000000001,0.022925980388221898,0.994,0.0,0.022917651,8.5
3.7628922108623537,0.12504596618583455,8.5,640.6322519368166,4.317019833340136,0.995,0.022925979793694543,0.995,0.0,0.022917651,8.5
3.7630619532066154,0.12876341080926237,8.5,642.9491652014028,4.314438928816475,0.996,0.022925979221916314,0.996,0.0,0.022917651,8.5
3.7632261032416388,0.1324937801076589,8.5,645.2818992435542,4.311822731694042,0.997,0.022925978628547845,0.997,0.0,0.022917651,8.5
3.763384652892138,0.13624150865101203,8.5,647.6191050164871,4.309166784474947,0.9980000000000001,0.02292597804019242,0.998,0.0,0.022917651,8.5
3.7635387036959687,0.14000859948230607,8.5,649.9474309941452,4.306473484764467,0.999,0.022925977459304372,0.999,0.0,0.022917651,8.5
3.7636883200755005,0.14380471120595606,8.5,652.2462879427599,4.303733402677948,1.0,0.022925976873822668,1.0,0.0,0.022917651,8.5
3.7638246007576166,0.14662688016527356,8.5,653.8594000574928,4.301870297641627,1.0010000000000001,0.0229259768651703,1.0010000000000001,0.0,0.022917651,8.5
3.7639599198479767,0.1494686915588181,8.5,655.454482556739,4.299983682972116,1.0020000000000002,0.022925976823100172,1.002,0.0,0.022917651,8.5
3.764096024380432,0.15233435662251674,8.5,657.0818877121108,4.298076346483949,1.0030000000000001,0.022925976766610328,1.0030000000000001,0.0,0.022917651,8.5
3.7642336101850984,0.1552269058924203,8.5,658.770848799929,4.29614807563043,1.004,0.022925976707329054,1.004,0.0,0.022917651,8.5
3.764371789022108,0.15814214331146575,8.5,660.5261997538332,4.294199486267409,1.0050000000000001,0.022925976654378923,1.0050000000000001,0.0,0.022917651,8.5
3.764509582268698,0.16107714415403462,8.5,662.346964953526,4.292229590704687,1.0060000000000002,0.022925976607418467,1.006,0.0,0.022917651,8.5
3.764646736783206,0.1640315582104674,8.5,664.2353652274089,4.290237723883771,1.0070000000000001,0.02292597655695188,1.0070000000000001,0.0,0.022917651,8.5
3.7647831814528034,0.16700638403054693,8.5,666.1931614036024,4.288222586526766,1.008,0.022925976497670603,1.008,0.0,0.022917651,8.5
3.7649184875204087,0.17000583570815597,8.5,668.2194524404192,4.286178298203848,1.0090000000000001,0.022925976438389326,1.0090000000000001,0.0,0.022917651,8.5
3.7650530383151692,0.17302991941475915,8.5,670.312577685726,4.284106337750325,1.0100000000000002,0.022925976384176466,1.01,0.0,0.022917651,8.5
3.7651874381290473,0.176078090924073,8.5,672.471741104966,4.282009684716267,1.0110000000000003,0.022925976344272094,1.0110000000000001,0.0,0.022917651,8.5
3.7653208423340896,0.17914909137358995,8.5,674.696634813083,4.27988624828078,1.012,0.02292597628471615,1.012,0.0,0.022917651,8.5
3.765453233421274,0.18224470365537374,8.5,676.986408139445,4.277734126054979,1.0130000000000001,0.022925976247088038,1.0130000000000001,0.0,0.022917651,8.5
3.7655845622376307,0.18536358780191686,8.5,679.3400388027735,4.275554479988681,1.014,0.0229259762565773,1.014,0.0,0.022917651,8.5
3.7657146958361833,0.18850605163845616,8.5,681.7568148038312,4.273346475811242,1.0150000000000003,0.022925976199434966,1.0150000000000001,0.0,0.022917651,8.5
3.765843535530708,0.19167128173562673,8.5,684.2359990421027,4.271110525778237,1.016,0.02292597613878035,1.016,0.0,0.022917651,8.5
3.7659709930875955,0.19485892711841105,8.5,686.7768197235057,4.2688466385205,1.0170000000000001,0.022925976078125743,1.0170000000000001,0.0,0.022917651,8.5
3.7660967475315896,0.19806908102609516,8.5,689.3788801458297,4.266553436607926,1.0180000000000002,0.02292597603238258,1.018,0.0,0.022917651,8.5
3.7662209577673256,0.20130265364557073,8.5,692.0420109255929,4.2642306147187945,1.0190000000000003,0.022925975979064518,1.0190000000000001,0.0,0.022917651,8.5
3.76634227242655,0.20455605320461853,8.5,694.7671831674446,4.261876409035428,1.0200000000000002,0.022925975918135243,1.02,0.0,0.022917651,8.5
3.7664616264601003,0.20783145392058358,8.5,697.5584800720105,4.259492341238295,1.0210000000000001,0.022925975857205964,1.0210000000000001,0.0,0.022917651,8.5
3.766578738885429,0.21113002701391675,8.5,700.4135515752091,4.257076161206018,1.022,0.02292597579685818,1.022,0.0,0.022917651,8.5
3.7666935295991,0.214449154823057,8.5,703.3316963723336,4.2546301193648866,1.0230000000000004,0.02292597574733338,1.0230000000000001,0.0,0.022917651,8.5
3.7668059657187767,0.21778999380928737,8.5,706.3147883286637,4.252152959094256,1.024,0.022925975761430444,1.024,0.0,0.022917651,8.5
3.7669158753363194,0.22115156097619826,8.5,709.3633422992389,4.249644950693104,1.0250000000000001,0.022925975723347643,1.025,0.0,0.022917651,8.5
3.767024100975596,0.2245378158476313,8.5,712.6139179539362,4.247105526285385,1.0260000000000002,0.022925975663753945,1.026,0.0,0.022917651,8.5
3.7671312594186195,0.2279450884870814,8.5,716.4158191370229,4.244540809853721,1.027,0.02292597561437498,1.027,0.0,0.022917651,8.5
3.7672322724522207,0.2313719163231778,8.5,720.3351805871819,4.241931954367401,1.028,0.022925975557047663,1.028,0.0,0.022917651,8.5
3.7673408490056772,0.23485349206502387,8.5,725.2672397062279,4.239298614382419,1.0290000000000001,0.02292597549474505,1.029,0.0,0.022917651,8.5
3.7674354818816096,0.2383062522862961,8.5,730.7284113071407,4.23663831632007,1.03,0.02292597543244244,1.03,0.0,0.022917651,8.5
3.767525333560518,0.24180081043759913,8.5,736.2484700313704,4.233917089718627,1.031,0.022925975370139833,1.031,0.0,0.022917651,8.5
3.767610866194188,0.24531753917180601,8.5,741.8273100701067,4.2311564261341905,1.032,0.02292597541990119,1.032,0.0,0.022917651,8.5
3.7676929861787523,0.2488575774455314,8.5,747.4646455946813,4.228358786389681,1.033,0.022925975355950586,1.033,0.0,0.022917651,8.5
3.767770964138399,0.2524197128391579,8.5,753.1603728236005,4.225522494474372,1.0340000000000003,0.022925975301338643,1.034,0.0,0.022917651,8.5
3.767844300389609,0.25600677843791964,8.5,758.9193120975514,4.222642698662944,1.035,0.022925975246764606,1.035,0.0,0.022917651,8.5
3.767913227453073,0.2596164855759,8.5,764.7375466673822,4.219722636709028,1.036,0.022925975191565418,1.036,0.0,0.022917651,8.5
3.7679775300378546,0.26325269742678226,8.5,770.6216178213527,4.216757550201984,1.037,0.022925975175726598,1.037,0.0,0.022917651,8.5
3.768036998973157,0.26691109478893593,8.5,776.5669551065046,4.213750962894478,1.0380000000000003,0.022925975165840173,1.038,0.0,0.022917651,8.5
3.768090101430593,0.2705966899164608,8.5,782.5809861086906,4.210691702353873,1.039,0.022925975116996226,1.039,0.0,0.022917651,8.5
3.7681377563717233,0.2743061904257338,8.5,788.6587250045268,4.207586743170835,1.04,0.02292597505189583,1.04,0.0,0.022917651,8.5
3.768179504915537,0.2780428322486581,8.5,794.8061900714715,4.204431038645014,1.041,0.022925975054720098,1.041,0.0,0.022917651,8.5
3.7682151996255966,0.28180505429819347,8.5,801.0220677393753,4.201225505692711,1.0420000000000003,0.022925975058357695,1.042,0.0,0.022917651,8.5
3.7682450874071773,0.28559396113225305,8.5,807.3074085483973,4.197970072006339,1.043,0.02292597499056176,1.043,0.0,0.022917651,8.5
3.768262256242145,0.28942690049516734,8.5,813.71191973905,4.194619739413484,1.044,0.022925974970973345,1.044,0.0,0.022917651,8.5
3.7682779874053036,0.2932706812372276,8.5,820.1600312761105,4.191252816638783,1.0450000000000002,0.022925974953026687,1.045,0.0,0.022917651,8.5
3.7682928944414678,0.29712352714979606,8.5,826.6477253436498,4.187873532152713,1.046,0.022925974933784576,1.046,0.0,0.022917651,8.5
3.768291713825276,0.3010299321940532,8.5,833.2577100657442,4.184376332136407,1.047,0.022925974954863263,1.047,0.0,0.022917651,8.5
3.768283563046066,0.3049635035479519,8.5,839.9413586123258,4.180824082835999,1.048,0.022925974989640305,1.048,0.0,0.022917651,8.5
3.7682745369047184,0.30890656031970154,8.5,846.6660627978839,4.177258846652462,1.049,0.02292597502116247,1.049,0.0,0.022917651,8.5
3.7682484798212403,0.31289850666815283,8.5,853.5078762758517,4.1735765961322855,1.0500000000000003,0.02292597507882532,1.05,0.0,0.022917651,8.5
3.768212452989952,0.316922256744262,8.5,860.4342575385402,4.169822662325594,1.051,0.022925975148943175,1.051,0.0,0.022917651,8.5
3.768175478002629,0.32095590246100136,8.5,867.4032218217618,4.166055040230623,1.052,0.02292597521486857,1.052,0.0,0.022917651,8.5
3.7681175267830014,0.32504347637158315,8.5,874.5022437113716,4.162149588398212,1.0530000000000002,0.02292597529295817,1.053,0.0,0.022917651,8.5
3.7680507725762133,0.3291585055741133,8.5,881.6791265708298,4.158181470503253,1.054,0.02292597537177474,1.054,0.0,0.022917651,8.5
3.7679830390667077,0.3332839015664368,8.5,888.9001734246212,4.1541990684292935,1.055,0.022925975444633224,1.055,0.0,0.022917651,8.5
3.767884635096289,0.3374748930443344,8.5,896.2823677001322,4.150028387250411,1.056,0.02292597584631649,1.056,0.0,0.022917651,8.5
3.7677833805401475,0.34168010862415404,8.5,903.7173310611709,4.145832079776677,1.057,0.02292597625022729,1.057,0.0,0.022917651,8.5
3.7676706971283465,0.34591333991910617,8.5,911.2359630173075,4.141562042873886,1.0580000000000003,0.02292597656537391,1.058,0.0,0.022917651,8.5
3.7675328530934804,0.3501973961276036,8.5,918.8888112585119,4.137140541932664,1.059,0.022925976707836106,1.059,0.0,0.022917651,8.5
3.7673939818795343,0.3544927115791424,8.5,926.5887723081655,4.132703672929189,1.06,0.02292597684231835,1.06,0.0,0.022917651,8.5
3.7672232784265707,0.35884135426776675,8.5,934.4379699593784,4.128086141575889,1.061,0.022925977338932726,1.061,0.0,0.022917651,8.5
3.7670436327262538,0.36321247710250076,8.5,942.361718637865,4.123410359713,1.062,0.0229259779026529,1.062,0.0,0.022917651,8.5
3.7668442770542345,0.36761505447839654,8.5,950.387906406849,4.118624283473216,1.063,0.022925978562936374,1.063,0.0,0.022917651,8.5
3.7666177905133704,0.3720571963706628,8.5,958.5386399064607,4.113690118790898,1.064,0.022925979361189477,1.064,0.0,0.022917651,8.5
3.766382125079726,0.37651826393999344,8.5,966.7608365183817,4.1087003144004495,1.065,0.02292598011792498,1.065,0.0,0.022917651,8.5
3.766104280853556,0.3810254653935071,8.5,975.1417438891351,4.103495670817271,1.0660000000000003,0.022925980841655532,1.066,0.0,0.022917651,8.5
3.765823480390179,0.3855464789138502,8.5,983.5785928300812,4.098265390199425,1.067,0.022925981550263746,1.067,0.0,0.022917651,8.5
3.7654883145944886,0.3901102937477336,8.5,992.1936866515647,4.092774836528907,1.068,0.02292598296380294,1.068,0.0,0.022917651,8.5
3.76515061789436,0.3946877623151316,8.5,1000.8641651075014,4.0872605056370706,1.069,0.022925984306480508,1.069,0.0,0.022917651,8.5
3.7647413573854953,0.3992940417001718,8.5,1009.7079551384996,4.081431112165079,1.07,0.02292598605752973,1.07,0.0,0.022917651,8.5
3.7643205089170584,0.4039147157664029,8.5,1018.6240838709084,4.075540971536231,1.071,0.022925987894134175,1.071,0.0,0.022917651,8.5
3.7638334900912573,0.4085529882797983,8.5,1027.709547313392,4.0693685489242055,1.072,0.02292599080020958,1.072,0.0,0.022917651,8.5
3.7633159533315115,0.4132006949572311,8.5,1036.897632931228,4.063064618175064,1.073,0.02292599393712261,1.073,0.0,0.022917651,8.5
3.762747847088985,0.41785476029242363,8.5,1046.221231639557,4.0565520471041,1.074,0.02292599755362669,1.074,0.0,0.022917651,8.5
3.7621162421862495,0.42249816120751027,8.5,1055.6899838912955,4.049796153961649,1.075,0.022926002168892422,1.075,0.0,0.022917651,8.5
3.7614429278185617,0.42713641515957135,8.5,1065.2705384825879,4.042878572986864,1.076,0.022926007433923347,1.076,0.0,0.022917651,8.5
3.7606900374039696,0.4317397644558542,8.5,1075.0048537415548,4.035677590684838,1.077,0.022926014660551677,1.077,0.0,0.022917651,8.5
3.7598560917725554,0.4362907925554782,8.5,1084.878332327688,4.02820471086061,1.078,0.022926024745490162,1.078,0.0,0.022917651,8.5
3.7589314905810696,0.4407789684489602,8.5,1094.8799636435454,4.020432059870734,1.079,0.022926036993994744,1.079,0.0,0.022917651,8.5
3.757889789497956,0.445170303100421,8.5,1105.019020339837,4.012287845095409,1.08,0.022926052380292345,1.08,0.0,0.022917651,8.5
3.756736574593316,0.44943180636478375,8.5,1115.2982142479452,4.003827396541962,1.081,0.022926074210308033,1.081,0.0,0.022917651,8.5
3.755450570804059,0.4535084024867751,8.5,1125.716759147684,3.995020721801106,1.082,0.022926103122423075,1.082,0.0,0.022917651,8.5
3.753990577047785,0.4573221810971146,8.5,1136.2806171536392,3.9857808946039017,1.083,0.02292614723456756,1.083,0.0,0.022917651,8.5
3.7522907425186864,0.4607715625471422,8.5,1146.9579918274703,3.975946090698983,1.0839999999999999,0.022926212599697883,1.084,0.0,0.022917651,8.5
3.7503744369238547,0.4637751386959862,8.5,1157.7525406989173,3.9656912327264706,1.0850000000000002,0.022926314442470834,1.085,0.0,0.022917651,8.5
3.7481632954313375,0.46618938755536904,8.5,1168.647328549908,3.954846342322174,1.086,0.022926472341988222,1.086,0.0,0.022917651,8.5
3.745554467775798,0.46770697337270745,8.5,1179.6211368317374,3.9433073629020203,1.087,0.02292676642627232,1.087,0.0,0.022917651,8.5
3.7424773387437043,0.4681088852985028,8.5,1190.6481032286074,3.9310108638028955,1.0880000000000003,0.02292731614906652,1.088,0.0,0.022917651,8.5
3.7388264285461266,0.46704357739326946,8.5,1201.6936137370558,3.917886464827328,1.0890000000000002,0.022928536557594626,1.089,0.0,0.022917651,8.5
3.734462919847766,0.46419381468371335,8.5,1212.7087686715638,3.9036961224948117,1.09,0.022931317327478322,1.09,0.0,0.022917651,8.5
3.729280592079484,0.45946379389505,8.5,1223.6407713783892,3.8881107534476174,1.0910000000000002,0.02293814781748267,1.091,0.0,0.022917651,8.5
3.7233195625936033,0.4535743949496743,8.5,1234.4509095098103,3.870569956076356,1.092,0.022955967782066444,1.092,0.0,0.022917651,8.5
3.7167675381196457,0.4481304668975769,8.5,1245.1523914576846,3.850219728370416,1.093,0.022997932728944234,1.093,0.0,0.022917651,8.5
3.7099588059132023,0.44543693998462885,8.5,1255.8192756186609,3.8260922529803953,1.0940000000000003,0.02307857220792583,1.094,0.0,0.022917651,8.5
3.7034213694940106,0.4484478910129758,8.5,1266.5540171644004,3.7973454804940507,1.095,0.023219810354705883,1.095,0.0,0.022917651,8.5
3.697715025617337,0.4601585811411585,8.5,1277.4814947496595,3.763223348007634,1.0960000000000003,0.023476043196764922,1.096,0.0,0.022917651,8.5
3.693221315139958,0.48148633159422255,8.5,1288.7926684610647,3.7243346767219703,1.097,0.023904422054803136,1.097,0.0,0.022917651,8.5
3.689828650902062,0.5111444806164974,8.5,1300.7399059031172,3.681519787513583,1.098,0.02449468073554811,1.098,0.0,0.022917651,8.5
3.6872524050549984,0.5473165818734207,8.5,1313.5719968742835,3.635456640715005,1.0990000000000002,0.025313556477298573,1.099,0.0,0.022917651,8.5
3.6852374493035702,0.5889284150025329,8.5,1327.5647770217543,3.5861989025059042,1.1000000000000003,0.026423347003662286,1.1,0.0,0.022917651,8.5
3.684188932307535,0.6168915871446378,8.5,1334.680888158601,3.554419556616103,1.101,0.027265749406130406,1.101,0.0,0.022917651,8.5
3.6832309880064313,0.6466939231042472,8.5,1342.431283640247,3.5211633254621875,1.102,0.028189783126162646,1.102,0.0,0.022917651,8.5
3.68230604827998,0.6783690159045567,8.5,1350.8906643240175,3.4861663623845813,1.103,0.029194347147970468,1.103,0.0,0.022917651,8.5
3.6813723642310348,0.7120571263392833,8.5,1360.1636528481527,3.4491213958535902,1.1040000000000005,0.030246650493071535,1.104,0.0,0.022917651,8.5
3.6804230300641323,0.7480531808553932,8.5,1370.3789194249061,3.4097058806108347,1.1050000000000002,0.03136224202439039,1.105,0.0,0.022917651,8.5
3.6794069100237756,0.7866856647064797,8.5,1381.6837978694819,3.3673868092928445,1.106,0.03245824765376863,1.106,0.0,0.022917651,8.5
3.6782429377280903,0.8283663793729427,8.5,1394.2811853568596,3.321428096468076,1.107,0.0334910210273753,1.107,0.0,0.022917651,8.5
3.6769247572173134,0.8736819816440579,8.5,1408.399982444072,3.271217649104541,1.1080000000000003,0.034455581156361714,1.108,0.0,0.022917651,8.5
3.6753990888724846,0.9234868345893041,8.5,1424.3741092836458,3.2156880295843044,1.1090000000000002,0.03525558388241931,1.109,0.0,0.022917651,8.5
3.6735557658681044,0.9786680519748974,8.5,1442.6298942395977,3.1535113841601974,1.1100000000000003,0.03591722773473654,1.11,0.0,0.022917651,8.5
3.6712916772289104,1.040736409906471,8.5,1463.776830094146,3.0827645771361403,1.111,0.03647583360960135,1.111,0.0,0.022917651,8.5
3.668575683807544,1.111546725648606,8.5,1488.7023294635994,3.0014681573115007,1.112,0.03680011365302051,1.112,0.0,0.022917651,8.5
3.665074456938831,1.193895030525188,8.5,1518.9341817714849,2.905492828039902,1.113,0.0369839591628497,1.113,0.0,0.022917651,8.5
3.660904781807682,1.2860482702092324,8.5,1557.3070903326195,2.7970387904554337,1.114,0.036972604947060055,1.114,0.0,0.022917651,8.5
3.6550375179599515,1.4051352560919919,8.5,1608.1315305853348,2.6548606173267677,1.115,0.03695626456660149,1.115,0.0,0.022917651,8.5
3.6474155108385764,1.5482613340588014,8.5,1689.420988126432,2.4816244130506018,1.1160000000000003,0.03693992418614292,1.116,0.0,0.022917651,8.5
3.6471813041115198,1.5655560368466543,8.5,1814.1575793734685,2.463770766966536,1.117,0.03692358380568436,1.117,0.0,0.022917651,8.5
3.634110126525252,1.7837183972794417,8.5,2031.769796628123,2.1937015699410294,1.1180000000000003,0.03690724342522579,1.118,0.0,0.022917651,8.5
3.609891450430835,2.146979809848825,8.5,2575.791279807168,1.7339433388171552,1.1190000000000002,0.036890903044767234,1.119,0.0,0.022917651,8.5
