log_Teff,LogL_lsun,Age_gyr,Step,Log_g,Mass_msun,feh,Mass_input,Metallicity_input,Z_used,Age_input
3.540839409604097,-1.9244103575890026,6.0,302.0321577139597,4.957674084214893,0.3,0.02592759333833045,0.3,0.0,0.022917651,6.0
3.5409914897219714,-1.921825397778716,6.0,302.0973183624793,4.956946832602285,0.301,0.02591603161028141,0.301,0.0,0.022917651,6.0
3.541143523816376,-1.9192393302135624,6.0,302.1619122333522,4.956218289116579,0.302,0.025904300895588823,0.302,0.0,0.022917651,6.0
3.5412955111978284,-1.916652138298151,6.0,302.2259308356239,4.955488434404089,0.30299999999999994,0.02589239866264633,0.303,0.0,0.022917651,6.0
3.541447451163004,-1.9140638051039383,6.0,302.2893655078837,4.954757248722605,0.30400000000000005,0.025880322329025474,0.304,0.0,0.022917651,6.0
3.5415993429943904,-1.9114743133608256,6.0,302.3522074139655,4.954024711931591,0.305,0.025868069260193888,0.305,0.0,0.022917651,6.0
3.5417511859599218,-1.9088836454485014,6.0,302.41444753851823,4.953290803482091,0.30600000000000005,0.025855636768194593,0.306,0.0,0.022917651,6.0
3.5419029793126127,-1.9062917833875164,6.0,302.47607668244035,4.9525555024063195,0.307,0.02584302211028486,0.307,0.0,0.022917651,6.0
3.5420547222901755,-1.90369870883009,6.0,302.53708545817483,4.951818787306939,0.308,0.025830222487533243,0.308,0.0,0.022917651,6.0
3.5422064141146254,-1.9011044030506281,6.0,302.597464284858,4.951080636346004,0.309,0.025817235043373347,0.309,0.0,0.022917651,6.0
3.5423580539918733,-1.8985088469359475,6.0,302.6572033833182,4.950341027233556,0.30999999999999994,0.025804056862112592,0.31,0.0,0.022917651,6.0
3.5425096411113093,-1.8959120209751958,6.0,302.71629277091864,4.949599937215878,0.311,0.025790684967394523,0.311,0.0,0.022917651,6.0
3.5426611746453704,-1.893313905249457,6.0,302.77472225623774,4.948857343063358,0.312,0.025777116320612824,0.312,0.0,0.022917651,6.0
3.542812653749094,-1.8907144794210242,6.0,302.83248143358196,4.948113221057992,0.313,0.02576334781927535,0.313,0.0,0.022917651,6.0
3.5429640775596565,-1.8881137227223366,6.0,302.8895596773253,4.947367546980474,0.314,0.025749376295316283,0.314,0.0,0.022917651,6.0
3.5431154451959044,-1.885511613944563,6.0,302.94594613606733,4.946620296096887,0.31499999999999995,0.025735198513354453,0.315,0.0,0.022917651,6.0
3.543266755757859,-1.8829081314258183,6.0,303.0016297266051,4.945871443144956,0.316,0.025720811168895946,0.316,0.0,0.022917651,6.0
3.5434180083262135,-1.8803032530390025,6.0,303.0565991277098,4.945120962319869,0.317,0.025706210886478693,0.317,0.0,0.022917651,6.0
3.5435691430554215,-1.877736503887037,6.0,303.11039140343377,4.94440813993441,0.318,0.025689774041515272,0.318,0.0,0.022917651,6.0
3.543720262315314,-1.8751737180965777,6.0,303.16206721845236,4.943699219090778,0.319,0.0256728863455062,0.319,0.0,0.022917651,6.0
3.5438713745447905,-1.8726109004494824,6.0,303.21159445027354,4.942990238266962,0.32,0.025655709105088027,0.32,0.0,0.022917651,6.0
3.5440224796994846,-1.8700480507447166,6.0,303.2589595400435,4.942281197084446,0.32099999999999995,0.025638240493061227,0.321,0.0,0.022917651,6.0
3.5441735777346555,-1.8674851687795504,6.0,303.30414881458233,4.941572095161529,0.322,0.025620478666819525,0.322,0.0,0.022917651,6.0
3.5443246686051855,-1.864922254349541,6.0,303.3471484851757,4.940862932113285,0.323,0.025602421768187222,0.323,0.0,0.022917651,6.0
3.544475752265575,-1.862359307248515,6.0,303.3879446463527,4.940153707551525,0.32400000000000007,0.025584067923254388,0.324,0.0,0.022917651,6.0
3.5446268286699354,-1.8597963272685485,6.0,303.4265232746468,4.939444421084768,0.325,0.025565415242209944,0.325,0.0,0.022917651,6.0
3.5447778977719926,-1.8572333141999506,6.0,303.46287022734197,4.938735072318202,0.32600000000000007,0.02554646181917268,0.326,0.0,0.022917651,6.0
3.5449289595250746,-1.8546702678312434,6.0,303.49697124120246,4.938025660853657,0.327,0.025527205732020063,0.327,0.0,0.022917651,6.0
3.5450800138821106,-1.852107187949142,6.0,303.5288119311859,4.937316186289553,0.328,0.025507645042214838,0.328,0.0,0.022917651,6.0
3.545231060795631,-1.8495440743385367,6.0,303.5583777891407,4.936606648220882,0.329,0.025487777794629463,0.329,0.0,0.022917651,6.0
3.5453821002177537,-1.8469809267824733,6.0,303.58565418248594,4.935897046239154,0.33,0.025467602017368224,0.33,0.0,0.022917651,6.0
3.5455331321001893,-1.8444177450621329,6.0,303.61062635287476,4.935187379932377,0.33100000000000007,0.0254471157215871,0.331,0.0,0.022917651,6.0
3.545684156394229,-1.8418545289568107,6.0,303.63327941483993,4.934477648885004,0.33199999999999996,0.025426316901311283,0.332,0.0,0.022917651,6.0
3.545835173050747,-1.839291278243898,6.0,303.6535983544226,4.933767852677901,0.333,0.025405203533250324,0.333,0.0,0.022917651,6.0
3.545986182020191,-1.8367279926988602,6.0,303.67156802778277,4.933057990888315,0.3340000000000001,0.0253837735766109,0.334,0.0,0.022917651,6.0
3.546137183252578,-1.8341646720952154,6.0,303.6871731597914,4.93234806308982,0.3350000000000001,0.02536202497290715,0.335,0.0,0.022917651,6.0
3.546288176697492,-1.8316013162045146,6.0,303.70039834260535,4.931638068852288,0.336,0.02533995564576851,0.336,0.0,0.022917651,6.0
3.546439162304077,-1.8290379247963193,6.0,303.71122803422196,4.930928007741847,0.3370000000000001,0.025317563500745047,0.337,0.0,0.022917651,6.0
3.5465901400210362,-1.826474497638181,6.0,303.71964655701663,4.930217879320838,0.338,0.025294846425110304,0.338,0.0,0.022917651,6.0
3.5467411719265134,-1.8239336619539361,6.0,303.72167003764116,4.929530558827867,0.339,0.025270758956015313,0.339,0.0,0.022917651,6.0
3.5468923149168705,-1.821430501240642,6.0,303.7143762205438,4.928881357168881,0.34,0.025244634159475976,0.34,0.0,0.022917651,6.0
3.5470434759372145,-1.8189286255607118,6.0,303.7040438089994,4.928233512675302,0.341,0.025218165052492955,0.341,0.0,0.022917651,6.0
3.547194654846569,-1.816428024866603,6.0,303.69069656146115,4.927587014735594,0.342,0.025191354327193733,0.342,0.0,0.022917651,6.0
3.547345851505427,-1.813928689215248,6.0,303.67435798933974,4.926941852848563,0.3430000000000001,0.025164204647712768,0.343,0.0,0.022917651,6.0
3.547497065775725,-1.811430608766702,6.0,303.65505136020573,4.926298016621923,0.344,0.025136718650554456,0.34400000000000003,0.0,0.022917651,6.0
3.547648297520831,-1.808933773782807,6.0,303.6327997009429,4.925655495770889,0.3450000000000001,0.02510889894495035,0.34500000000000003,0.0,0.022917651,6.0
3.5477995466055194,-1.8064381746258786,6.0,303.6076258008519,4.92501428011679,0.3460000000000001,0.025080748113210916,0.34600000000000003,0.0,0.022917651,6.0
3.5479508128959583,-1.8039438017574154,6.0,303.5795522147067,4.924374359585708,0.34700000000000003,0.025052268711071843,0.34700000000000003,0.0,0.022917651,6.0
3.5481020962596905,-1.801450645736827,6.0,303.5486012657641,4.923735724207126,0.3480000000000001,0.02502346326803501,0.34800000000000003,0.0,0.022917651,6.0
3.548253396565612,-1.7989586972201768,6.0,303.51479504872606,4.923098364112612,0.3490000000000001,0.024994334287704246,0.34900000000000003,0.0,0.022917651,6.0
3.548404713683959,-1.7964679469589533,6.0,303.47815543265756,4.922462269534511,0.35000000000000003,0.02496488424811591,0.35000000000000003,0.0,0.022917651,6.0
3.548556047486291,-1.7939783857988516,6.0,303.4387040638601,4.921827430804664,0.35100000000000003,0.02493511560206444,0.35100000000000003,0.0,0.022917651,6.0
3.5487073978454697,-1.7914900046785787,6.0,303.39646236869993,4.921193838353149,0.35200000000000004,0.02490503077742294,0.352,0.0,0.022917651,6.0
3.5488587646356486,-1.7890027946286733,6.0,303.35145155639486,4.9205614827070265,0.35300000000000004,0.024874632177458885,0.353,0.0,0.022917651,6.0
3.549010147732251,-1.7865167467703482,6.0,303.3036926217584,4.91993035448912,0.35400000000000004,0.024843922181145065,0.354,0.0,0.022917651,6.0
3.5491615470119564,-1.7840318523143455,6.0,303.2532063479015,4.919300444416808,0.355,0.02481290314346578,0.355,0.0,0.022917651,6.0
3.5493129623526847,-1.78154810255981,6.0,303.200013308895,4.9186717433008385,0.356,0.024781577395718457,0.356,0.0,0.022917651,6.0
3.5494643936335826,-1.7790654888931836,6.0,303.1441338723907,4.91804424204415,0.357,0.0247499472458107,0.357,0.0,0.022917651,6.0
3.5496158407350045,-1.7765840027871107,6.0,303.0855882022039,4.917417931640728,0.358,0.02471801497855291,0.358,0.0,0.022917651,6.0
3.5497673035384993,-1.774103635799363,6.0,303.02439626085686,4.916792803174461,0.35900000000000004,0.024685782855946477,0.359,0.0,0.022917651,6.0
3.5499187819267957,-1.77162437957178,6.0,302.9605778120844,4.9161688478180245,0.36,0.02465325311746774,0.36,0.0,0.022917651,6.0
3.550070275783788,-1.7691462258292272,6.0,302.89415242330233,4.915546056831779,0.361,0.024620427980347633,0.361,0.0,0.022917651,6.0
3.5502217849945192,-1.766669166378563,6.0,302.8251394680389,4.914924421562685,0.36200000000000004,0.024587309639847215,0.362,0.0,0.022917651,6.0
3.55037330944517,-1.7641931931076307,6.0,302.7535581283303,4.914303933443229,0.363,0.02455390026952915,0.363,0.0,0.022917651,6.0
3.5505248490230437,-1.7617182979842574,6.0,302.67942739708093,4.913684583990373,0.36400000000000005,0.02452020202152509,0.364,0.0,0.022917651,6.0
3.5506764036165506,-1.7592444730552714,6.0,302.60276608038834,4.913066364804514,0.365,0.02448621702679919,0.365,0.0,0.022917651,6.0
3.550827973115196,-1.7567717104455334,6.0,302.52359279983483,4.912449267568464,0.366,0.024451947395407708,0.366,0.0,0.022917651,6.0
3.550979557409568,-1.7543000023569821,6.0,302.4419259947442,4.911833284046433,0.36699999999999994,0.02441739521675479,0.367,0.0,0.022917651,6.0
3.5511311563913224,-1.7518293410676928,6.0,302.35778392440693,4.9112184060830515,0.368,0.024382562559844497,0.368,0.0,0.022917651,6.0
3.5512827699531697,-1.7493597189309513,6.0,302.2711846702713,4.910604625602373,0.369,0.024347451473529246,0.369,0.0,0.022917651,6.0
3.5514343979888627,-1.7468911283743387,6.0,302.18214613810346,4.909991934606922,0.37,0.024312063986754468,0.37,0.0,0.022917651,6.0
3.551586040393186,-1.7444235618988342,6.0,302.0906860601165,4.909380325176738,0.371,0.02427640210879985,0.371,0.0,0.022917651,6.0
3.5517382628226506,-1.7419612956230794,6.0,302.0039612422853,4.908776335777032,0.37199999999999994,0.024240689522889096,0.372,0.0,0.022917651,6.0
3.5518908404931713,-1.7395021293809907,6.0,301.91842234547875,4.9081768672180335,0.37300000000000005,0.024204816379924825,0.373,0.0,0.022917651,6.0
3.5520434677269455,-1.7370436415226527,6.0,301.8300589615494,4.907578275289944,0.37399999999999994,0.02416865824290432,0.374,0.0,0.022917651,6.0
3.5521961444789794,-1.7345858314321978,6.0,301.73887365469636,4.906980559196917,0.37500000000000006,0.024132215370558284,0.375,0.0,0.022917651,6.0
3.552348870704331,-1.7321286984945037,6.0,301.6448689860154,4.906383718144071,0.37600000000000006,0.02409548802130428,0.376,0.0,0.022917651,6.0
3.552501646358113,-1.729672242095191,6.0,301.54804751350423,4.905787751337485,0.377,0.024058476453247272,0.377,0.0,0.022917651,6.0
3.5526544713954933,-1.7272164616206256,6.0,301.4484117920673,4.905192657984197,0.378,0.024021180924180097,0.378,0.0,0.022917651,6.0
3.552807345771692,-1.7247613564579132,6.0,301.34596437351985,4.904598437292206,0.379,0.023983601691583898,0.379,0.0,0.022917651,6.0
3.552960269441987,-1.7223069259949007,6.0,301.24070780659287,4.904005088470465,0.38,0.02394573901262864,0.38,0.0,0.022917651,6.0
3.553113242361707,-1.719853169620175,6.0,301.13264463693804,4.903412610728887,0.381,0.02390759314417354,0.381,0.0,0.022917651,6.0
3.553266264486235,-1.717400086723062,6.0,301.0217774071322,4.902821003278337,0.382,0.02386916434276756,0.382,0.0,0.022917651,6.0
3.553419335771009,-1.714947676693624,6.0,300.9081086566816,4.9022302653306316,0.38300000000000006,0.023830452864649875,0.383,0.0,0.022917651,6.0
3.55357245617152,-1.7124959389226602,6.0,300.791640922027,4.901640396098541,0.384,0.02379145896575033,0.384,0.0,0.022917651,6.0
3.553725625643313,-1.7100448728017044,6.0,300.6723767365483,4.901051394795784,0.385,0.0237521829016899,0.385,0.0,0.022917651,6.0
3.553878844141987,-1.7075944777230256,6.0,300.55031863056894,4.9004632606370295,0.386,0.023712624927781197,0.386,0.0,0.022917651,6.0
3.554032111623194,-1.7051447530796249,6.0,300.4254691313605,4.899875992837894,0.38700000000000007,0.023672785299028876,0.387,0.0,0.022917651,6.0
3.5541854280426404,-1.702695698265235,6.0,300.29783076314743,4.899289590614936,0.388,0.023632664270130145,0.388,0.0,0.022917651,6.0
3.554338793356084,-1.7002473126743203,6.0,300.1674060471116,4.8987040531856625,0.38900000000000007,0.023592262095475203,0.389,0.0,0.022917651,6.0
3.554492207519338,-1.6977995957020744,6.0,300.0341975013971,4.898119379768522,0.39,0.02355157902914771,0.39,0.0,0.022917651,6.0
3.5546456704882674,-1.6953525467444197,6.0,299.8982076411141,4.897535569582904,0.391,0.02351061532492527,0.391,0.0,0.022917651,6.0
3.5547991822187908,-1.6929061651980049,6.0,299.75943897834424,4.896952621849136,0.392,0.023469371236279835,0.392,0.0,0.022917651,6.0
3.554952742666882,-1.690460450460207,6.0,299.6178940221449,4.896370535788491,0.393,0.023427847016378234,0.393,0.0,0.022917651,6.0
3.5551063517885635,-1.6880154019291267,6.0,299.4735752785536,4.895789310623171,0.3940000000000001,0.023386042918082585,0.394,0.0,0.022917651,6.0
3.555260009539913,-1.6855710190035897,6.0,299.3264852505926,4.895208945576319,0.395,0.023343959193950766,0.395,0.0,0.022917651,6.0
3.5554137158770627,-1.6831273010831447,6.0,299.1766264382736,4.894629439872011,0.396,0.023301596096236877,0.396,0.0,0.022917651,6.0
3.5555674707561944,-1.6806842475680623,6.0,299.0240013386021,4.894050792735255,0.397,0.023258953876891697,0.397,0.0,0.022917651,6.0
3.5557212741335453,-1.6782418578593339,6.0,298.86861244558185,4.893473003391993,0.3980000000000001,0.023216032787563134,0.398,0.0,0.022917651,6.0
3.5558751259654033,-1.6758001313586706,6.0,298.7104622502196,4.892896071069094,0.399,0.023172833079596673,0.399,0.0,0.022917651,6.0
3.55602902620811,-1.673359067468503,6.0,298.54955324052946,4.892319994994359,0.4000000000000001,0.023129355004035863,0.4,0.0,0.022917651,6.0
3.5562528407934373,-1.670711192384257,6.0,298.6419333039231,4.89153647847992,0.401,0.023127146510015045,0.401,0.0,0.022917651,6.0
3.55647664208536,-1.6680634681996778,6.0,298.7340259526208,4.890753059691872,0.4020000000000001,0.023124941870438242,0.402,0.0,0.022917651,6.0
3.5567004299259173,-1.6654158967078427,6.0,298.825827771393,4.88996973979146,0.403,0.023122741131106215,0.403,0.0,0.022917651,6.0
3.556924204154637,-1.6627684797303524,6.0,298.917335290686,4.889186519958395,0.404,0.023120544338548245,0.404,0.0,0.022917651,6.0
3.557147964608484,-1.6601212191178967,6.0,299.0085449855375,4.888403401391231,0.405,0.02311835154003669,0.405,0.0,0.022917651,6.0
3.557371711121809,-1.6574741167508402,6.0,299.09945327446616,4.887620385307741,0.4060000000000001,0.02311616278360187,0.406,0.0,0.022917651,6.0
3.557595443526295,-1.6548271745398189,6.0,299.1900565183338,4.886837472945298,0.40700000000000003,0.02311397811804733,0.40700000000000003,0.0,0.022917651,6.0
3.5578191616509054,-1.6521803944263496,6.0,299.2803510191811,4.886054665561278,0.40800000000000003,0.023111797592965427,0.40800000000000003,0.0,0.022917651,6.0
3.558042865321829,-1.649533778383461,6.0,299.37033301903415,4.885271964433464,0.4090000000000001,0.023109621258753394,0.40900000000000003,0.0,0.022917651,6.0
3.5582665543624192,-1.64688732841633,6.0,299.4599986986817,4.884489370860457,0.41000000000000003,0.023107449166629674,0.41000000000000003,0.0,0.022917651,6.0
3.5584902285931417,-1.6442410465629442,6.0,299.54934417642295,4.88370688616211,0.4110000000000001,0.023105281368650747,0.41100000000000003,0.0,0.022917651,6.0
3.558713887831512,-1.6415949348947725,6.0,299.63836550678445,4.882924511679958,0.41200000000000003,0.023103117917728344,0.41200000000000003,0.0,0.022917651,6.0
3.558937531892034,-1.638948995517457,6.0,299.7270586792045,4.882142248777667,0.41300000000000014,0.023100958867647063,0.41300000000000003,0.0,0.022917651,6.0
3.559161160586141,-1.636303230571519,6.0,299.8154196166859,4.881360098841492,0.41400000000000003,0.023098804273082463,0.41400000000000003,0.0,0.022917651,6.0
3.5593847737221287,-1.633657642233087,6.0,299.9034441744144,4.8805780632807485,0.41500000000000004,0.023096654189619564,0.41500000000000004,0.0,0.022917651,6.0
3.55960837110509,-1.6310122327146381,6.0,299.9911281383427,4.879796143528292,0.4160000000000001,0.023094508673771875,0.41600000000000004,0.0,0.022917651,6.0
3.559831952536848,-1.6283670042657592,6.0,300.07846722373876,4.879014341041011,0.4170000000000001,0.02309236778300082,0.417,0.0,0.022917651,6.0
3.56005551781589,-1.6257219591739314,6.0,300.1654570736976,4.878232657300335,0.418,0.023090231575735715,0.418,0.0,0.022917651,6.0
3.560279066737292,-1.6230770997653283,6.0,300.25209325761546,4.877451093812752,0.41899999999999993,0.023088100111394252,0.419,0.0,0.022917651,6.0
3.560502599092651,-1.62043242840564,6.0,300.3383712696245,4.876669652110342,0.42,0.02308597345040345,0.42,0.0,0.022917651,6.0
3.5607261146700084,-1.6177879475009145,6.0,300.42428652698817,4.875888333751323,0.421,0.02308385165422121,0.421,0.0,0.022917651,6.0
3.5609496132537726,-1.6151436594984205,6.0,300.50983436845456,4.875107140320607,0.42200000000000004,0.023081734785358365,0.422,0.0,0.022917651,6.0
3.561173094624644,-1.612499566887538,6.0,300.59501005256817,4.874326073430377,0.42299999999999993,0.023079622907401343,0.423,0.0,0.022917651,6.0
3.561396558559532,-1.6098556722006638,6.0,300.6798087559371,4.873545134720679,0.42400000000000004,0.023077516085035416,0.424,0.0,0.022917651,6.0
3.561620004831476,-1.607211978014147,6.0,300.76422557145554,4.872764325860019,0.425,0.023075414384068495,0.425,0.0,0.022917651,6.0
3.561843433209557,-1.604568486949247,6.0,300.8482555064798,4.8719836485459895,0.42599999999999993,0.023073317871455643,0.426,0.0,0.022917651,6.0
3.5620668434588145,-1.601925201673114,6.0,300.9318934809562,4.871203104505905,0.42699999999999994,0.023071226615324132,0.427,0.0,0.022917651,6.0
3.5622902353401553,-1.5992821248998008,6.0,301.0151343254998,4.870422695497455,0.42800000000000005,0.023069140684999254,0.428,0.0,0.022917651,6.0
3.562513608610265,-1.5966392593912953,6.0,301.09797277942215,4.86964242330937,0.42899999999999994,0.023067060151030737,0.429,0.0,0.022917651,6.0
3.5627369630215107,-1.5939966079585866,6.0,301.1804034887063,4.868862289762116,0.42999999999999994,0.023064985085219907,0.43,0.0,0.022917651,6.0
3.562960298321848,-1.5913541734627539,6.0,301.2624210039287,4.868082296708601,0.431,0.02306291556064758,0.431,0.0,0.022917651,6.0
3.5631836142547195,-1.5887119588160878,6.0,301.34401977812337,4.8673024460348975,0.432,0.02306085165170267,0.432,0.0,0.022917651,6.0
3.563406910558957,-1.5860699669832428,6.0,301.42519416459083,4.866522739660988,0.433,0.023058793434111612,0.433,0.0,0.022917651,6.0
3.563630186968674,-1.5834282009824172,6.0,301.50593841464564,4.865743179541534,0.434,0.02305674098496853,0.434,0.0,0.022917651,6.0
3.563853443213161,-1.58078666388657,6.0,301.58624667530387,4.864963767666661,0.435,0.02305469438276628,0.435,0.0,0.022917651,6.0
3.5640766790167726,-1.578145358824665,6.0,301.6661129869068,4.864184506062763,0.43599999999999994,0.023052653707428292,0.436,0.0,0.022917651,6.0
3.564299894098819,-1.5755042889829565,6.0,301.7455312806797,4.863405396793339,0.43699999999999994,0.02305061904034134,0.437,0.0,0.022917651,6.0
3.5645230881734467,-1.5728634576063036,6.0,301.8244953762229,4.862626441959841,0.43800000000000006,0.023048590464389163,0.438,0.0,0.022917651,6.0
3.5647462609495184,-1.5702228679995252,6.0,301.90299897893345,4.86184764370255,0.439,0.023046568063987038,0.439,0.0,0.022917651,6.0
3.5649694121304947,-1.5675825235287906,6.0,301.98103567735524,4.861069004201483,0.44,0.023044551925117358,0.44,0.0,0.022917651,6.0
3.565192541414304,-1.5649424276230501,6.0,302.0585989404547,4.860290525677314,0.44100000000000006,0.023042542135366106,0.441,0.0,0.022917651,6.0
3.5654156484932167,-1.5623025837755071,6.0,302.13568211481993,4.859512210392329,0.44200000000000006,0.023040538783960483,0.442,0.0,0.022917651,6.0
3.5656387330537056,-1.5596629955451262,6.0,302.21227842178064,4.8587340606514005,0.443,0.02303854196180746,0.443,0.0,0.022917651,6.0
3.5658617947763163,-1.5570236665581916,6.0,302.288380954447,4.857956078803002,0.44399999999999995,0.02303655176153356,0.444,0.0,0.022917651,6.0
3.566084833335524,-1.5543846005099062,6.0,302.3639826746635,4.857178267240241,0.44500000000000006,0.023034568277525664,0.445,0.0,0.022917651,6.0
3.566307848399585,-1.551745801166034,6.0,302.4390764098748,4.856400628401916,0.446,0.023032591605973044,0.446,0.0,0.022917651,6.0
3.566530839630391,-1.5491072723645951,6.0,302.51365484990396,4.855623164773628,0.447,0.023030621844910597,0.447,0.0,0.022917651,6.0
3.566753806683317,-1.5464690180176062,6.0,302.5877105436342,4.854845878888896,0.44800000000000006,0.023028659094263316,0.448,0.0,0.022917651,6.0
3.566976749207059,-1.543831042112872,6.0,302.6612358955964,4.854068773330322,0.44900000000000007,0.02302670345589207,0.449,0.0,0.022917651,6.0
3.5671996668434747,-1.54119334871583,6.0,302.73422316245683,4.853291850730784,0.45000000000000007,0.0230247550336407,0.45,0.0,0.022917651,6.0
3.5674225592274165,-1.5385559419714492,6.0,302.8066644494005,4.852515113774668,0.451,0.023022813933384522,0.451,0.0,0.022917651,6.0
3.567645425986557,-1.5359188261061836,6.0,302.8785517064094,4.851738565199133,0.452,0.02302088026308025,0.452,0.0,0.022917651,6.0
3.5678682667412156,-1.5332820054299854,6.0,302.9498767244293,4.850962207795408,0.453,0.023018954132817373,0.453,0.0,0.022917651,6.0
3.568091081104169,-1.5306454843383759,6.0,303.02063113142333,4.850186044410144,0.454,0.023017035654871117,0.454,0.0,0.022917651,6.0
3.5683138686804736,-1.528009267314582,6.0,303.09080638830653,4.849410077946792,0.45500000000000007,0.02301512494375693,0.455,0.0,0.022917651,6.0
3.56853662906726,-1.5253733589317318,6.0,303.1603937847587,4.8486343113670225,0.456,0.023013222116286668,0.456,0.0,0.022917651,6.0
3.5687593618535436,-1.522737763855122,6.0,303.22938443491074,4.847858747692198,0.457,0.023011327291626416,0.457,0.0,0.022917651,6.0
3.5689820666200127,-1.52010248684455,6.0,303.2977692728995,4.847083390004883,0.458,0.02300944059135611,0.458,0.0,0.022917651,6.0
3.569204742938819,-1.5174675327567189,6.0,303.3655390482868,4.8463082414504,0.459,0.023007562139530983,0.459,0.0,0.022917651,6.0
3.5694273903733595,-1.514832906547718,6.0,303.43268432133897,4.845533305238435,0.46,0.023005692062744856,0.46,0.0,0.022917651,6.0
3.569650008478051,-1.5121986132755756,6.0,303.4991954581589,4.844758584644694,0.461,0.023003830490195432,0.461,0.0,0.022917651,6.0
3.569872596798097,-1.5095646581028959,6.0,303.565062625669,4.843984083012609,0.4620000000000001,0.023001977553751562,0.462,0.0,0.022917651,6.0
3.5700951548692483,-1.5069310462995733,6.0,303.6302757864361,4.843209803755094,0.463,0.023000133388022665,0.463,0.0,0.022917651,6.0
3.570317682217561,-1.5042977832455966,6.0,303.6948246933356,4.8424357503563655,0.464,0.02299829813043027,0.464,0.0,0.022917651,6.0
3.5705401783591335,-1.5016648744339376,6.0,303.7586988840467,4.841661926373808,0.4650000000000001,0.022996471921281857,0.465,0.0,0.022917651,6.0
3.5707626427998513,-1.4990323254735316,6.0,303.821887675373,4.8408883354399075,0.466,0.022994654903846994,0.466,0.0,0.022917651,6.0
3.5709850750351113,-1.4964001420923574,6.0,303.884380157384,4.840114981264249,0.467,0.02299284722443594,0.467,0.0,0.022917651,6.0
3.571207474549545,-1.493768330140608,6.0,303.9461651873666,4.839341867635562,0.468,0.02299104903248073,0.468,0.0,0.022917651,6.0
3.571429840816729,-1.491136895593971,6.0,304.007231383584,4.83856899842385,0.4690000000000001,0.02298926048061889,0.46900000000000003,0.0,0.022917651,6.0
3.5716521732988835,-1.4885058445570087,6.0,304.0675671188319,4.837796377582579,0.47000000000000003,0.02298748172477984,0.47000000000000003,0.0,0.022917651,6.0
3.571874471446573,-1.4858751832666555,6.0,304.12716051378516,4.837024009150948,0.47100000000000003,0.02298571292427414,0.47100000000000003,0.0,0.022917651,6.0
3.5720967346983787,-1.4832449180958207,6.0,304.1859994301268,4.836251897256209,0.47200000000000003,0.0229839542418856,0.47200000000000003,0.0,0.022917651,6.0
3.5723189624805767,-1.4806150555571174,6.0,304.24407146345123,4.835480046116093,0.47300000000000003,0.022982205843966503,0.47300000000000003,0.0,0.022917651,6.0
3.5725411542067964,-1.4779856023067106,6.0,304.3013639359329,4.8347084600412975,0.47400000000000003,0.022980467900535876,0.47400000000000003,0.0,0.022917651,6.0
3.5727633092776707,-1.4753565651482945,6.0,304.35786388875107,4.833937143438069,0.47500000000000003,0.022978740585381102,0.47500000000000003,0.0,0.022917651,6.0
3.5729854270804746,-1.4727279510372036,6.0,304.41355807426106,4.8331661008108515,0.4760000000000001,0.022977024076162925,0.47600000000000003,0.0,0.022917651,6.0
3.5732075069887492,-1.4700997670846583,6.0,304.4684329479031,4.8323953367650505,0.47700000000000004,0.022975318554523907,0.47700000000000004,0.0,0.022917651,6.0
3.5734295483619176,-1.4674720205621603,6.0,304.5224746598367,4.8316248560098725,0.47800000000000004,0.02297362420620069,0.47800000000000004,0.0,0.022917651,6.0
3.573651550544881,-1.4648447189060323,6.0,304.5756690462911,4.830854663361265,0.4790000000000001,0.022971941221139918,0.47900000000000004,0.0,0.022917651,6.0
3.5738735128676087,-1.462217869722113,6.0,304.62800162062024,4.83008476374496,0.48000000000000004,0.022970269793618256,0.48,0.0,0.022917651,6.0
3.5740954346447067,-1.4595914807906185,6.0,304.6794575640491,4.829315162199619,0.481,0.022968610122366458,0.481,0.0,0.022917651,6.0
3.574317315174979,-1.4569655600711648,6.0,304.7300217161012,4.828545863880088,0.482,0.022966962410697733,0.482,0.0,0.022917651,6.0
3.5745391537409654,-1.454340115707972,6.0,304.7796785646923,4.827776874060769,0.483,0.022965326866640642,0.483,0.0,0.022917651,6.0
3.574760949608471,-1.4517151560352448,6.0,304.8284122358774,4.827008198139099,0.48400000000000004,0.022963703703076536,0.484,0.0,0.022917651,6.0
3.57498270202607,-1.4490906895827458,6.0,304.87620648323775,4.8262398416391665,0.485,0.022962093137881924,0.485,0.0,0.022917651,6.0
3.575204549096333,-1.4464675340677742,6.0,304.9113976403776,4.825473174489564,0.486,0.022960490848728095,0.486,0.0,0.022917651,6.0
3.5754264573558334,-1.4438455753310653,6.0,304.9354760468034,4.824707948710058,0.48700000000000004,0.022958898591675485,0.487,0.0,0.022917651,6.0
3.575648310593097,-1.4412241721897006,6.0,304.9577134382824,4.823943058432761,0.488,0.022957320535819083,0.488,0.0,0.022917651,6.0
3.5758701077285506,-1.4386033355448318,6.0,304.97807369287125,4.823178510240454,0.489,0.022955756959795858,0.489,0.0,0.022917651,6.0
3.5760918476541934,-1.4359830765846717,6.0,304.9965197374234,4.822414310889254,0.49,0.022954208149580133,0.49,0.0,0.022917651,6.0
3.576313529232653,-1.4333634067940073,6.0,305.01301351607106,4.821650467314378,0.49100000000000005,0.022952674398726756,0.491,0.0,0.022917651,6.0
3.576535151296207,-1.430744337964089,6.0,305.02751595744655,4.820886986636096,0.492,0.022951156008623907,0.492,0.0,0.022917651,6.0
3.576756712645764,-1.4281258822029246,6.0,305.03998694058174,4.820123876165961,0.493,0.022949653288756172,0.493,0.0,0.022917651,6.0
3.576978212049802,-1.4255080519459873,6.0,305.0503852594249,4.819361143413262,0.49400000000000005,0.022948166556978237,0.494,0.0,0.022917651,6.0
3.5771996482432677,-1.4228908599673593,6.0,305.05866858590775,4.818598796091772,0.495,0.022946696139799785,0.495,0.0,0.022917651,6.0
3.5774210199264225,-1.420274319391338,6.0,305.06479343149414,4.817836842126734,0.496,0.02294524237268209,0.496,0.0,0.022917651,6.0
3.577642325763649,-1.4176584437045217,6.0,305.068715107136,4.817075289662179,0.497,0.022943805600346937,0.497,0.0,0.022917651,6.0
3.5778635643822043,-1.4150432467683947,6.0,305.07038768156013,4.816314147068507,0.49800000000000005,0.022942386177098352,0.498,0.0,0.022917651,6.0
3.578084734370918,-1.4124287428324476,6.0,305.0697639378034,4.8155534229504315,0.499,0.022940984467157907,0.499,0.0,0.022917651,6.0
3.5783058342788436,-1.4098149465478482,6.0,305.06679532790986,4.814793126155216,0.5,0.022939600845014178,0.5,0.0,0.022917651,6.0
3.578615307313144,-1.4069224923179826,6.0,305.3011183113375,4.8139303766404495,0.501,0.022939510184399353,0.501,0.0,0.022917651,6.0
3.5789248269852645,-1.4040297097006182,6.0,305.5355704066516,4.8130674852857105,0.5020000000000001,0.022939419237095544,0.502,0.0,0.022917651,6.0
3.579234393990538,-1.4011365937997473,6.0,305.7701535388119,4.812204449976273,0.503,0.02293932799882843,0.503,0.0,0.022917651,6.0
3.579544009038191,-1.398243139621548,6.0,306.0048696712358,4.811341268555159,0.504,0.022939236465238308,0.504,0.0,0.022917651,6.0
3.5798536728516903,-1.3953493420719312,6.0,306.2397208067631,4.81047793882209,0.505,0.022939144631877927,0.505,0.0,0.022917651,6.0
3.5801633861691022,-1.3924551959540081,6.0,306.47470898865095,4.809614458532378,0.506,0.0229390524942103,0.506,0.0,0.022917651,6.0
3.5804731497434603,-1.389560695965486,6.0,306.70983630159765,4.808750825395813,0.507,0.02293896004760642,0.507,0.0,0.022917651,6.0
3.5807829643431517,-1.3866658366959839,6.0,306.94510487279973,4.807887037075494,0.508,0.02293886728734291,0.508,0.0,0.022917651,6.0
3.581092830752307,-1.3837706126242597,6.0,307.18051687303955,4.807023091186639,0.509,0.02293877420859962,0.509,0.0,0.022917651,6.0
3.581402749771205,-1.3808750181153602,6.0,307.41607451780794,4.806158985295349,0.51,0.02293868080645711,0.51,0.0,0.022917651,6.0
3.5817127222166945,-1.3779790474176772,6.0,307.6517800684607,4.805294716917343,0.511,0.02293858707589412,0.511,0.0,0.022917651,6.0
3.58202274892262,-1.3750826946599122,6.0,307.8876358334123,4.804430283516636,0.512,0.022938493011784883,0.512,0.0,0.022917651,6.0
3.582332830740272,-1.3721859538479482,6.0,308.12364416936566,4.803565682504199,0.5130000000000001,0.022938398608896404,0.513,0.0,0.022917651,6.0
3.5826429769365924,-1.369288904121058,6.0,308.3585554634904,4.8027010300724555,0.514,0.022938303830133996,0.514,0.0,0.022917651,6.0
3.582953349659399,-1.3663931817972992,6.0,308.5683923628345,4.801838610858866,0.5150000000000001,0.022938208065878814,0.515,0.0,0.022917651,6.0
3.58326377877659,-1.363497048679537,6.0,308.7787183318514,4.800976006441184,0.5160000000000001,0.022938111962386754,0.516,0.0,0.022917651,6.0
3.5835742652176554,-1.3606004979970674,6.0,308.9895414313838,4.80011321376688,0.517,0.022938015514066507,0.517,0.0,0.022917651,6.0
3.583884809932628,-1.3577035228295706,6.0,309.20086990039863,4.7992502297159705,0.5180000000000001,0.022937918715203225,0.518,0.0,0.022917651,6.0
3.5841954138926484,-1.3548061161029585,6.0,309.4127121609335,4.798387051099139,0.519,0.02293782155995508,0.519,0.0,0.022917651,6.0
3.584506078090557,-1.351908270585076,6.0,309.62507682321046,4.797523674655813,0.52,0.022937724042349682,0.52,0.0,0.022917651,6.0
3.5848168035415027,-1.3490099788812626,6.0,309.8379726909213,4.796660097052152,0.521,0.022937626156280477,0.521,0.0,0.022917651,6.0
3.5851275912835745,-1.3461112334297642,6.0,310.0514087666924,4.795796314878985,0.522,0.0229375278955029,0.522,0.0,0.022917651,6.0
3.5854384423784516,-1.343212026496984,6.0,310.265394257736,4.794932324649662,0.5230000000000001,0.022937429253630497,0.523,0.0,0.022917651,6.0
3.585749357912077,-1.3403123501725744,6.0,310.4799385816942,4.794068122797851,0.5240000000000001,0.022937330224130834,0.524,0.0,0.022917651,6.0
3.586060338995357,-1.3374121963643595,6.0,310.69505137268607,4.79320370567524,0.525,0.02293723080032133,0.525,0.0,0.022917651,6.0
3.5863713867648794,-1.334511556793077,6.0,310.9107424875631,4.792339069549172,0.526,0.022937130975364917,0.526,0.0,0.022917651,6.0
3.5866825023836646,-1.3316104229869448,6.0,311.1270220123835,4.791474210600195,0.5270000000000001,0.022937030742265517,0.527,0.0,0.022917651,6.0
3.5869936870419306,-1.328708786276028,6.0,311.3439002691134,4.790609124919516,0.528,0.02293693009386344,0.528,0.0,0.022917651,6.0
3.5873049419579024,-1.325806637786415,6.0,311.56138782256477,4.789743808506386,0.5290000000000001,0.022936829022830525,0.529,0.0,0.022917651,6.0
3.5876162683786346,-1.3229039684341806,6.0,311.77949548757937,4.78887825726537,0.5300000000000001,0.022936727521665215,0.53,0.0,0.022917651,6.0
3.587927667580868,-1.3200007689191373,6.0,311.99823433646935,4.788012467003531,0.5310000000000001,0.022936625582687335,0.531,0.0,0.022917651,6.0
3.588239140871926,-1.3170970297183622,6.0,312.2176157067254,4.787146433427516,0.532,0.02293652319803278,0.532,0.0,0.022917651,6.0
3.5885506895906243,-1.3141927410794862,6.0,312.4376512090029,4.786280152140525,0.533,0.02293642035964797,0.533,0.0,0.022917651,6.0
3.5888623151082375,-1.3112878930137444,6.0,312.65835273539926,4.785413618639183,0.5340000000000001,0.02293631705928411,0.534,0.0,0.022917651,6.0
3.589174018829478,-1.308382475288768,6.0,312.87973246803284,4.784546828310283,0.535,0.022936213288491217,0.535,0.0,0.022917651,6.0
3.5894858021935283,-1.3054764774211125,6.0,313.1018028879393,4.7836797764274275,0.536,0.022936109038611992,0.536,0.0,0.022917651,6.0
3.589797666675103,-1.3025698886685104,6.0,313.32457678429563,4.782812458147528,0.537,0.02293600430077538,0.537,0.0,0.022917651,6.0
3.59010961378555,-1.2996626980218338,6.0,313.54806726398965,4.781944868507181,0.538,0.022935899065889966,0.538,0.0,0.022917651,6.0
3.5904216450739974,-1.2967548941967544,6.0,313.77228776154635,4.781077002418914,0.5390000000000001,0.02293579332463706,0.539,0.0,0.022917651,6.0
3.5907337621285422,-1.2938464656250925,6.0,313.99725204943087,4.780208854667281,0.54,0.022935687067463566,0.54,0.0,0.022917651,6.0
3.5910459665774814,-1.2909374004458343,6.0,314.2229742487412,4.779340419904811,0.5410000000000001,0.02293558028457457,0.541,0.0,0.022917651,6.0
3.5913582600905922,-1.2880276864958058,6.0,314.44946884030963,4.778471692647808,0.542,0.022935472965925626,0.542,0.0,0.022917651,6.0
3.5916706443804625,-1.2851173112999914,6.0,314.67675067623225,4.777602667271985,0.543,0.02293536510121477,0.543,0.0,0.022917651,6.0
3.5919831212038713,-1.2822062620614745,6.0,314.9048349918433,4.776733338007926,0.544,0.022935256679874214,0.544,0.0,0.022917651,6.0
3.592295692363223,-1.2792945256509864,6.0,315.13373741815667,4.7758636989363765,0.545,0.022935147691061693,0.545,0.0,0.022917651,6.0
3.5926083597080387,-1.2763820885960484,6.0,315.3634739947954,4.774993743983347,0.546,0.022935038123651545,0.546,0.0,0.022917651,6.0
3.5929211251365056,-1.273468937069682,6.0,315.59406118343117,4.774123466915025,0.547,0.022934927966225333,0.547,0.0,0.022917651,6.0
3.5932339905970894,-1.270555056878671,6.0,315.82551588175784,4.773252861332483,0.548,0.02293481720706219,0.548,0.0,0.022917651,6.0
3.5935469580902066,-1.2676404334513567,6.0,316.05785543802386,4.77238192066617,0.549,0.022934705834128735,0.549,0.0,0.022917651,6.0
3.593860029669973,-1.264725051824939,6.0,316.29109766615,4.771510638170198,0.5500000000000002,0.022934593835068563,0.55,0.0,0.022917651,6.0
3.594173207446012,-1.2618088966322636,6.0,316.52526086145957,4.770639006916372,0.551,0.02293448119719136,0.551,0.0,0.022917651,6.0
3.5944864935853476,-1.2588919520880701,6.0,316.7603638170509,4.769767019788001,0.552,0.022934367907461534,0.552,0.0,0.022917651,6.0
3.594799890314366,-1.255974201974675,6.0,316.9964258408424,4.768894669473436,0.553,0.0229342539524864,0.553,0.0,0.022917651,6.0
3.5951133999208644,-1.2530556296270625,6.0,317.23346677332285,4.768021948459351,0.554,0.022934139318503854,0.554,0.0,0.022917651,6.0
3.5954270247561815,-1.2501362179173536,6.0,317.4715070060415,4.767148849023741,0.555,0.022934023991369564,0.555,0.0,0.022917651,6.0
3.595740767237422,-1.2472159492386248,6.0,317.7105675008734,4.766275363228629,0.556,0.022933907956543594,0.556,0.0,0.022917651,6.0
3.5960546298497684,-1.24429480548804,6.0,317.95066981009916,4.765401482912454,0.557,0.02293379119907648,0.557,0.0,0.022917651,6.0
3.596368615148897,-1.2413727680492714,6.0,318.1918360973384,4.764527199682154,0.5580000000000002,0.022933673703594715,0.558,0.0,0.022917651,6.0
3.596682725763493,-1.2384498177741572,6.0,318.4340891593812,4.763652504904891,0.559,0.022933555454285603,0.559,0.0,0.022917651,6.0
3.596996975470658,-1.2355261935869888,6.0,318.67731770694627,4.762777692493607,0.56,0.02293343646348,0.56,0.0,0.022917651,6.0
3.597311420175199,-1.2326030945782807,6.0,318.92090581096556,4.761904184550636,0.5610000000000002,0.022933316852411897,0.561,0.0,0.022917651,6.0
3.5976259992916173,-1.2296789992569979,6.0,319.16565679512394,4.761030217910316,0.562,0.02293319643996167,0.562,0.0,0.022917651,6.0
3.597940715887164,-1.2267538848875035,6.0,319.4115971960942,4.760155782105277,0.563,0.022933075207841967,0.5630000000000001,0.0,0.022917651,6.0
3.598255573123129,-1.2238277280370948,6.0,319.6587543641527,4.759280866347216,0.5640000000000001,0.02293295313720473,0.5640000000000001,0.0,0.022917651,6.0
3.598570574258476,-1.2209005045490837,6.0,319.9071564946012,4.758405459514515,0.5650000000000001,0.022932830208619567,0.5650000000000001,0.0,0.022917651,6.0
3.5988857226536406,-1.2179721895146156,6.0,320.15683266065594,4.757529550139262,0.5660000000000002,0.0229327064020511,0.5660000000000001,0.0,0.022917651,6.0
3.5992010217745167,-1.2150427572431681,6.0,320.40781284788574,4.756653126393668,0.5670000000000001,0.0229325816968352,0.5670000000000001,0.0,0.022917651,6.0
3.5995164751966184,-1.212112181231644,6.0,320.6601279902828,4.755776176075839,0.5680000000000001,0.022932456071654155,0.5680000000000001,0.0,0.022917651,6.0
3.599832086609454,-1.2091804341319887,6.0,320.91381000805933,4.754898686594867,0.5690000000000001,0.022932329504510605,0.5690000000000001,0.0,0.022917651,6.0
3.600147859821104,-1.2062474877172487,6.0,321.16889184726597,4.754020644955204,0.5700000000000001,0.022932201972700253,0.5700000000000001,0.0,0.022917651,6.0
3.6004637987630215,-1.2033133128459754,6.0,321.4254075213355,4.753142037740271,0.5710000000000001,0.022932073452783242,0.5710000000000001,0.0,0.022917651,6.0
3.6007799074950704,-1.2003778794248914,6.0,321.68339215466204,4.752262851095274,0.5720000000000002,0.022931943920554088,0.5720000000000001,0.0,0.022917651,6.0
3.6010961902108125,-1.1974411563697067,6.0,321.9428820283324,4.751383070709159,0.5730000000000001,0.022931813351010202,0.5730000000000001,0.0,0.022917651,6.0
3.6014126512430558,-1.1945031115639868,6.0,322.2039146281363,4.75050268179568,0.5740000000000001,0.0229316817183188,0.5740000000000001,0.0,0.022917651,6.0
3.6017292950696804,-1.1915637118159548,6.0,322.4665286949867,4.749621669073511,0.5750000000000001,0.022931548995782137,0.5750000000000001,0.0,0.022917651,6.0
3.602046126319764,-1.188622922813103,6.0,322.7307642778943,4.74874001674534,0.5760000000000001,0.022931415155801008,0.5760000000000001,0.0,0.022917651,6.0
3.6023631497800177,-1.1856807090744903,6.0,322.9966627896484,4.747857708475922,0.577,0.022931280169836397,0.577,0.0,0.022917651,6.0
3.6026803704015515,-1.182737033900577,6.0,323.264267065365,4.746974727368968,0.578,0.022931144008369087,0.578,0.0,0.022917651,6.0
3.602997793306997,-1.1797918593204584,6.0,323.5336214240789,4.746091055942867,0.579,0.022931006640857256,0.579,0.0,0.022917651,6.0
3.6033154237979947,-1.1768451460363274,6.0,323.80477173356303,4.745206676105103,0.5800000000000001,0.022930868035691793,0.58,0.0,0.022917651,6.0
3.6036332673630853,-1.173896853365004,6.0,324.0777654785762,4.744321569125341,0.581,0.022930728160149256,0.581,0.0,0.022917651,6.0
3.60395132968602,-1.1709469391763432,6.0,324.3526518327515,4.743435715607072,0.582,0.02293058698034234,0.582,0.0,0.022917651,6.0
3.6042696166545145,-1.1679953598283281,6.0,324.6294817343542,4.742549095457731,0.583,0.02293044446116768,0.583,0.0,0.022917651,6.0
3.6045881343694823,-1.1650420700986386,6.0,324.90830796615523,4.741661687857184,0.584,0.022930300566250787,0.584,0.0,0.022917651,6.0
3.6049068891547726,-1.1620870231124671,6.0,325.1891852396817,4.7407734712245055,0.585,0.022930155257887993,0.585,0.0,0.022917651,6.0
3.6052258875674488,-1.1591301702663437,6.0,325.4721702841288,4.739884423182899,0.5860000000000001,0.022930008496985194,0.586,0.0,0.022917651,6.0
3.6055451364086353,-1.1561714611477047,6.0,325.75732194023556,4.738994520522672,0.587,0.022929860242993143,0.587,0.0,0.022917651,6.0
3.605864667959859,-1.1532111612551699,6.0,326.04453204384174,4.738104158378293,0.588,0.022929710354411766,0.588,0.0,0.022917651,6.0
3.606184520021521,-1.1502495923963332,6.0,326.3336700327289,4.737213810423994,0.589,0.022929558697417748,0.589,0.0,0.022917651,6.0
3.606504644140057,-1.1472859861096263,6.0,326.6251847290899,4.736322513271445,0.59,0.022929405464276662,0.59,0.0,0.022917651,6.0
3.6068250482993207,-1.1443202826041625,6.0,326.9191458803985,4.73543023906523,0.5910000000000001,0.0229292506087345,0.591,0.0,0.022917651,6.0
3.607145740798642,-1.1413524197264253,6.0,327.2156259901918,4.734536958849224,0.592,0.0229290940827095,0.592,0.0,0.022917651,6.0
3.607466730268575,-1.1383823328424048,6.0,327.5147004555604,4.733642642511696,0.593,0.022928935836201033,0.593,0.0,0.022917651,6.0
3.6077880256875794,-1.1354099547126086,6.0,327.8164477129518,4.732747258727062,0.5940000000000001,0.02292877581719286,0.594,0.0,0.022917651,6.0
3.608109636399734,-1.1324352153594366,6.0,328.1209493928809,4.731850774894114,0.595,0.02292861397155056,0.595,0.0,0.022917651,6.0
3.6084315721335396,-1.1294580419263716,6.0,328.4282904841864,4.730953157070409,0.5960000000000001,0.022928450242912575,0.596,0.0,0.022917651,6.0
3.6087538430218897,-1.1264783585283906,6.0,328.73855950852993,4.730054369902581,0.597,0.02292828457257452,0.597,0.0,0.022917651,6.0
3.6090764596233083,-1.1234960860929515,6.0,329.05184870588977,4.7291543765522635,0.598,0.02292811689936616,0.598,0.0,0.022917651,6.0
3.60939943294453,-1.1205111421908533,6.0,329.3682542318653,4.728253138617283,0.599,0.022927947159520547,0.599,0.0,0.022917651,6.0
3.6097227744645446,-1.1175234408562111,6.0,329.68787636768053,4.727350616047799,0.6,0.022927775286534776,0.6,0.0,0.022917651,6.0
3.6100970110373463,-1.1146132257513641,6.0,329.8493919669913,4.726606815609803,0.601,0.022927766748826843,0.601,0.0,0.022917651,6.0
3.6104713629502565,-1.1117021735232577,6.0,330.0119774451421,4.72586263940764,0.602,0.022927758157067935,0.602,0.0,0.022917651,6.0
3.6108458319229557,-1.1087902716906686,6.0,330.175648753664,4.725118081838794,0.603,0.022927749510452164,0.603,0.0,0.022917651,6.0
3.611220419709484,-1.1058775075230114,6.0,330.3404221627811,4.724373137188814,0.6040000000000001,0.022927740808157564,0.604,0.0,0.022917651,6.0
3.6115951280991005,-1.102963868034083,6.0,330.50631426940936,4.723627799628514,0.605,0.022927732049345638,0.605,0.0,0.022917651,6.0
3.6119699589171717,-1.1000493399756122,6.0,330.67334200539784,4.722882063211067,0.6060000000000001,0.022927723233160977,0.606,0.0,0.022917651,6.0
3.612344914026087,-1.0971339098306172,6.0,330.84152264602,4.722135921869031,0.607,0.022927714358730828,0.607,0.0,0.022917651,6.0
3.612719995326205,-1.0942175638065563,6.0,331.01087381872543,4.7213893694112725,0.608,0.022927705425164636,0.608,0.0,0.022917651,6.0
3.6130953957034224,-1.0913003523067009,6.0,331.1810804289511,4.720643227547827,0.6090000000000001,0.02292769609831405,0.609,0.0,0.022917651,6.0
3.6134709297071193,-1.0883821983607194,6.0,331.3524902037988,4.719896677727729,0.61,0.02292768670554009,0.61,0.0,0.022917651,6.0
3.613846595446145,-1.0854630860505603,6.0,331.5251286983288,4.719149696472873,0.6110000000000001,0.02292767725274456,0.611,0.0,0.022917651,6.0
3.614222394970139,-1.0825430004652392,6.0,331.69901502992957,4.7184022770706555,0.612,0.022927667738993587,0.612,0.0,0.022917651,6.0
3.6145983303714875,-1.0796219263828297,6.0,331.87416871464825,4.717654412668497,0.613,0.022927658163333843,0.613,0.0,0.022917651,6.0
3.614974403786434,-1.0766998482623162,6.0,332.05060967763677,4.716906096270167,0.614,0.022927648524792003,0.614,0.0,0.022917651,6.0
3.6153506173962415,-1.0737767502351885,6.0,332.2283582639283,4.716157320732007,0.615,0.02292763882237423,0.615,0.0,0.022917651,6.0
3.615726973428381,-1.070852616096769,6.0,332.4074352495558,4.715408078759026,0.6160000000000002,0.022927629055065655,0.616,0.0,0.022917651,6.0
3.616103474157762,-1.067927429297265,6.0,332.58786185302597,4.714658362900861,0.617,0.022927619221829752,0.617,0.0,0.022917651,6.0
3.6164801219080034,-1.0650011729325297,6.0,332.7696597471616,4.713908165547637,0.6180000000000001,0.02292760932160785,0.618,0.0,0.022917651,6.0
3.6168569190527444,-1.0620738297345296,6.0,332.95285107132685,4.713157478925656,0.619,0.022927599353318458,0.619,0.0,0.022917651,6.0
3.617233868016996,-1.0591453820614982,6.0,333.13745844404815,4.71240629509298,0.6200000000000001,0.022927589315856683,0.62,0.0,0.022917651,6.0
3.61761097127854,-1.0562158118877703,6.0,333.3235049760487,4.711654605934845,0.6210000000000001,0.022927579208093598,0.621,0.0,0.022917651,6.0
3.61798823136937,-1.0532851007932837,6.0,333.5110142837094,4.710902403158937,0.622,0.022927569028875567,0.622,0.0,0.022917651,6.0
3.618365650877186,-1.0503532299527318,6.0,333.70001050297464,4.710149678290515,0.6230000000000001,0.022927558777023568,0.623,0.0,0.022917651,6.0
3.6187432324469304,-1.0474201801243583,6.0,333.8905183037195,4.709396422667354,0.6240000000000001,0.022927548451332522,0.624,0.0,0.022917651,6.0
3.619120978782384,-1.044485931638378,6.0,334.0825629045961,4.708642627434545,0.625,0.022927538050570514,0.625,0.0,0.022917651,6.0
3.619498892647807,-1.0415504643850066,6.0,334.2761700883785,4.7078882835391,0.6260000000000001,0.022927527573478095,0.626,0.0,0.022917651,6.0
3.6198770744245525,-1.0386136408272864,6.0,334.47128096738606,4.7071336548729725,0.6270000000000001,0.022927517012260566,0.627,0.0,0.022917651,6.0
3.620255653527085,-1.0356752864486287,6.0,334.66781423514954,4.706379084464217,0.628,0.02292750635902745,0.628,0.0,0.022917651,6.0
3.6206344087322386,-1.032735647618919,6.0,334.86599454949766,4.705623934017516,0.629,0.022927495628422893,0.629,0.0,0.022917651,6.0
3.621013343049743,-1.0297947023858918,6.0,335.0658500597348,4.704868193619572,0.6300000000000001,0.02292748481912457,0.63,0.0,0.022917651,6.0
3.6213924595583062,-1.0268524282941733,6.0,335.2674095602987,4.7041118531298896,0.6310000000000001,0.022927473929779833,0.631,0.0,0.022917651,6.0
3.6217717614076026,-1.0239088023707876,6.0,335.47070250934837,4.703354902174232,0.632,0.022927462959004854,0.632,0.0,0.022917651,6.0
3.6221512518203265,-1.0209638011101523,6.0,335.6757590479988,4.702597330137849,0.633,0.022927451905383728,0.633,0.0,0.022917651,6.0
3.622530934094325,-1.0180174004585587,6.0,335.8826100202286,4.701839126158464,0.6340000000000001,0.02292744076746754,0.634,0.0,0.022917651,6.0
3.622910811604795,-1.015069575798097,6.0,336.0912869934871,4.701080279119011,0.6350000000000001,0.022927429543773376,0.635,0.0,0.022917651,6.0
3.6232908878065735,-1.0121203019300176,6.0,336.30182228003235,4.700320777640133,0.6360000000000001,0.02292741823278334,0.636,0.0,0.022917651,6.0
3.6236711662364907,-1.0091695530574998,6.0,336.51424895902744,4.69956061007239,0.637,0.022927406832943507,0.637,0.0,0.022917651,6.0
3.6240516505158253,-1.0062173027678019,6.0,336.7286008994285,4.698799764488202,0.638,0.022927395342662863,0.638,0.0,0.022917651,6.0
3.6244323443528335,-1.0032635240137684,6.0,336.9449127836978,4.698038228673498,0.639,0.02292738376031216,0.639,0.0,0.022917651,6.0
3.62481325154538,-1.000308189094667,6.0,337.1632201323759,4.697275990119062,0.64,0.022927372084222797,0.64,0.0,0.022917651,6.0
3.6251943759836616,-0.9973512696363286,6.0,337.3835593295501,4.696513036011564,0.6410000000000001,0.022927360312685597,0.641,0.0,0.022917651,6.0
3.625575721653026,-0.9943927365705554,6.0,337.6059676492569,4.695749353224262,0.642,0.022927348443949575,0.642,0.0,0.022917651,6.0
3.625957417242039,-0.991432681565509,6.0,337.8301288746626,4.69498554981218,0.643,0.022927336444737732,0.643,0.0,0.022917651,6.0
3.626339349187334,-0.9884709517719104,6.0,338.0564173035625,4.694221017141179,0.644,0.022927324344026365,0.644,0.0,0.022917651,6.0
3.6267215157581836,-0.9855075096309283,6.0,338.2848903095773,4.693455710651048,0.645,0.02292731214149549,0.645,0.0,0.022917651,6.0
3.627103921377835,-0.9825423228607599,6.0,338.51558907715895,4.692689615753467,0.6460000000000001,0.022927299835225564,0.646,0.0,0.022917651,6.0
3.627486570581424,-0.9795753583630186,6.0,338.74855583253895,4.691922717491093,0.647,0.022927287423248493,0.647,0.0,0.022917651,6.0
3.6278694680195347,-0.9766065821967516,6.0,338.98383387687795,4.691155000525825,0.648,0.022927274903546076,0.648,0.0,0.022917651,6.0
3.6282526184618953,-0.9736359595514565,6.0,339.22146762068974,4.690386449126606,0.6489999999999999,0.02292726227404842,0.649,0.0,0.022917651,6.0
3.628636026801221,-0.9706634547190549,6.0,339.4615026195966,4.689617047156761,0.65,0.02292724953263225,0.65,0.0,0.022917651,6.0
3.6290196980572023,-0.9676890310647754,6.0,339.7039856114766,4.688846778060838,0.6510000000000001,0.022927236677119194,0.651,0.0,0.022917651,6.0
3.6294036373806513,-0.9647126509968956,6.0,339.9489645550661,4.688075624850929,0.652,0.02292722370527397,0.652,0.0,0.022917651,6.0
3.6297878500578094,-0.9617342759352902,6.0,340.19648867008493,4.6873035700924675,0.653,0.022927210614802535,0.653,0.0,0.022917651,6.0
3.6301723415148315,-0.9587538662787312,6.0,340.4466084789549,4.686530595889443,0.6540000000000001,0.022927197403350114,0.654,0.0,0.022917651,6.0
3.63055712423116,-0.9557713698021395,6.0,340.6993594963598,4.685756699841973,0.655,0.022927184068142526,0.655,0.0,0.022917651,6.0
3.6309423416022906,-0.9527865120663491,6.0,340.9544715533346,4.684982179205001,0.6560000000000001,0.022927170599930057,0.656,0.0,0.022917651,6.0
3.631327857769348,-0.949799485449602,6.0,341.212337291572,4.684206684804743,0.657,0.02292715700379602,0.657,0.0,0.022917651,6.0
3.631713678841424,-0.9468102456076142,6.0,341.4730130120067,4.683430196731933,0.658,0.02292714327712498,0.658,0.0,0.022917651,6.0
3.632099811095291,-0.9438187469789394,6.0,341.7365565609205,4.6826526945308276,0.659,0.022927129417229703,0.659,0.0,0.022917651,6.0
3.6324862609811994,-0.9408249427429213,6.0,342.00302738333073,4.681874157180343,0.66,0.022927115421348676,0.66,0.0,0.022917651,6.0
3.632873035128907,-0.9378287847758869,6.0,342.2724865786052,4.681094563074375,0.6610000000000001,0.02292710128664355,0.661,0.0,0.022917651,6.0
3.6332601403539706,-0.9348302236055019,6.0,342.54499695841633,4.68031389000131,0.662,0.02292708701019643,0.662,0.0,0.022917651,6.0
3.6336475836643016,-0.9318292083631918,6.0,342.8206231071486,4.679532115122667,0.663,0.02292707258900705,0.663,0.0,0.022917651,6.0
3.634035372266996,-0.928825686734534,6.0,343.0994314448808,4.678749214950819,0.664,0.022927058019989895,0.664,0.0,0.022917651,6.0
3.6344235135754666,-0.925819604907522,6.0,343.3814902930734,4.67796516532577,0.6650000000000001,0.02292704329997111,0.665,0.0,0.022917651,6.0
3.6348120234963135,-0.9228108898235192,6.0,343.6668490365349,4.677179956783723,0.666,0.022927028416901314,0.666,0.0,0.022917651,6.0
3.635201031103091,-0.9197992226268015,6.0,343.95527682915736,4.676393786375177,0.667,0.022927013242939043,0.667,0.0,0.022917651,6.0
3.6355904168914615,-0.9167848147510145,6.0,344.2471730566704,4.675606388021833,0.6680000000000001,0.022926997913766078,0.668,0.0,0.022917651,6.0
3.635980189232865,-0.9137676055283943,6.0,344.54261449646555,4.674817734541864,0.6689999999999999,0.022926982425946672,0.669,0.0,0.022917651,6.0
3.63637035674766,-0.9107475324872751,6.0,344.8416802088414,4.674027797945215,0.67,0.022926966775942918,0.67,0.0,0.022917651,6.0
3.636760928314442,-0.90772453128454,6.0,345.1444516224899,4.67323654940334,0.6710000000000002,0.02292695096011092,0.671,0.0,0.022917651,6.0
3.637151913079789,-0.904698535635014,6.0,345.451012623852,4.6724439592175635,0.672,0.022926934974696805,0.672,0.0,0.022917651,6.0
3.6375433204684455,-0.9016694772376362,6.0,345.7614496505503,4.671649996786006,0.673,0.022926918815832538,0.673,0.0,0.022917651,6.0
3.637935160193983,-0.8986372856982378,6.0,346.0758517891159,4.670854630568981,0.674,0.022926902479531528,0.674,0.0,0.022917651,6.0
3.638327442269946,-0.895601888448743,6.0,346.3943108772431,4.670057828052802,0.675,0.02292688596168411,0.675,0.0,0.022917651,6.0
3.63872031300128,-0.8925626029493617,6.0,346.71683978714265,4.6692594941274495,0.676,0.022926869093354663,0.676,0.0,0.022917651,6.0
3.6391137372542066,-0.8895195600903082,6.0,347.0435607481156,4.668459618453061,0.677,0.022926851922769515,0.677,0.0,0.022917651,6.0
3.6395076338628196,-0.8864730932484384,6.0,347.3746284585343,4.667658208260251,0.6780000000000002,0.02292683455618542,0.678,0.0,0.022917651,6.0
3.6399020140335434,-0.8834231211913167,6.0,347.710146043052,4.666855227143268,0.679,0.0229268169889524,0.679,0.0,0.022917651,6.0
3.640296889330118,-0.8803695600964228,6.0,348.0502199144391,4.666050637535568,0.68,0.0229267992162722,0.68,0.0,0.022917651,6.0
3.6406922716879526,-0.877312323447089,6.0,348.3949599056872,4.665244400663176,0.6810000000000002,0.022926781233192344,0.681,0.0,0.022917651,6.0
3.641088173429183,-0.8742513219233834,6.0,348.74447940853474,4.664436476495787,0.682,0.022926763034599906,0.682,0.0,0.022917651,6.0
3.6414846072784584,-0.8711864632876455,6.0,349.0988955187796,4.663626823695462,0.683,0.022926744615214923,0.683,0.0,0.022917651,6.0
3.6418816573962585,-0.8681173581979583,6.0,349.45820866645374,4.662815388912727,0.6840000000000002,0.022926726035681633,0.684,0.0,0.022917651,6.0
3.642279386312319,-0.8650437011735282,6.0,349.8224684458718,4.662002116376348,0.685,0.022926707341018752,0.685,0.0,0.022917651,6.0
3.642677692104758,-0.8619658684592554,6.0,350.1920047857272,4.661186975725767,0.6860000000000002,0.022926688419893936,0.686,0.0,0.022917651,6.0
3.6430765894179826,-0.8588837540523557,6.0,350.56695163516804,4.660369919537608,0.687,0.022926669266558303,0.687,0.0,0.022917651,6.0
3.643476093396309,-0.8557972483314862,6.0,350.9474475158913,4.65955089876963,0.6880000000000001,0.0229266498750667,0.6880000000000001,0.0,0.022917651,6.0
3.6438762197054757,-0.8527062379010101,6.0,351.3336357189347,4.658729862691054,0.6890000000000002,0.022926630239269302,0.6890000000000001,0.0,0.022917651,6.0
3.6442769845552783,-0.8496106054271481,6.0,351.7256645117218,4.65790675880926,0.6900000000000001,0.02292661035280269,0.6900000000000001,0.0,0.022917651,6.0
3.6446784496567677,-0.846510077617139,6.0,352.1236410904634,4.657081560100068,0.6910000000000001,0.02292659017088251,0.6910000000000001,0.0,0.022917651,6.0
3.645080831241055,-0.8434038597390296,6.0,352.5275288029027,4.656254334151854,0.6920000000000001,0.02292656951565804,0.6920000000000001,0.0,0.022917651,6.0
3.645483911277141,-0.8402926213928464,6.0,352.9377424939106,4.6554248814396,0.6930000000000002,0.0229265485792161,0.6930000000000001,0.0,0.022917651,6.0
3.6458877086502297,-0.8371762268318355,6.0,353.3544532095017,4.654593141754576,0.6940000000000002,0.022926527353952945,0.6940000000000001,0.0,0.022917651,6.0
3.6462922429325593,-0.8340545353708526,6.0,353.7778382182481,4.6537590526977,0.6950000000000001,0.022926505831988218,0.6950000000000001,0.0,0.022917651,6.0
3.6466975344149275,-0.8309274011597322,6.0,354.20808129684343,4.6529225495790065,0.6960000000000002,0.022926484005152237,0.6960000000000001,0.0,0.022917651,6.0
3.6471036041399785,-0.8277946729440595,6.0,354.6453730315378,4.6520835653115435,0.6970000000000001,0.022926461864972603,0.6970000000000001,0.0,0.022917651,6.0
3.6475106027353665,-0.8246551181504448,6.0,355.0897296523457,4.651241470145428,0.6980000000000001,0.022926439395546647,0.6980000000000001,0.0,0.022917651,6.0
3.647918463488365,-0.8215093127490987,6.0,355.54148906814413,4.650396573019202,0.6990000000000002,0.022926416598509348,0.6990000000000001,0.0,0.022917651,6.0
3.648327172432162,-0.8183573995562032,6.0,356.0009181422801,4.64954896079294,0.7,0.02292639346738036,0.7000000000000001,0.0,0.022917651,6.0
3.6487431550092304,-0.8155739685809744,6.0,356.2605550886672,4.649009378008353,0.7010000000000002,0.022926391686830482,0.7010000000000001,0.0,0.022917651,6.0
3.649159357156472,-0.8127890438620368,6.0,356.52212616985037,4.648469179720708,0.7020000000000001,0.022926389894659144,0.7020000000000001,0.0,0.022917651,6.0
3.649575782072788,-0.8100026036371593,6.0,356.78565956408255,4.647928356962792,0.7030000000000001,0.022926388090697043,0.7030000000000001,0.0,0.022917651,6.0
3.6499924330195186,-0.8072146257193127,6.0,357.0511839996567,4.64738690059235,0.7039999999999998,0.022926386274771553,0.704,0.0,0.022917651,6.0
3.6504093753106064,-0.8044249379156441,6.0,357.3187118566632,4.646844900212175,0.705,0.022926384468754845,0.705,0.0,0.022917651,6.0
3.650827042228159,-0.8016324736470641,6.0,357.58816608776135,4.646303026165956,0.706,0.022926382824770823,0.706,0.0,0.022917651,6.0
3.6512449417305346,-0.7988383999598593,6.0,357.85972061464497,4.645760473050769,0.7070000000000001,0.022926381165914236,0.707,0.0,0.022917651,6.0
3.65166307725899,-0.7960426930415481,6.0,358.13340651266907,4.645217230819314,0.7080000000000001,0.022926379491965014,0.708,0.0,0.022917651,6.0
3.652081452323005,-0.7932453286075574,6.0,358.40925547326907,4.644673289225093,0.709,0.022926377802698752,0.709,0.0,0.022917651,6.0
3.652500070501983,-0.7904462818894649,6.0,358.6872998193049,4.644128637817459,0.71,0.022926376097886565,0.71,0.0,0.022917651,6.0
3.652918935447002,-0.7876455276228885,6.0,358.9675725208652,4.643583265936502,0.711,0.022926374377294986,0.711,0.0,0.022917651,6.0
3.6533380508826165,-0.7848430400350108,6.0,359.25010721154916,4.643037162707785,0.712,0.022926372640685852,0.712,0.0,0.022917651,6.0
3.6537574206087133,-0.782038792831723,6.0,359.53493820524176,4.642490317036922,0.7130000000000001,0.02292637088781617,0.713,0.0,0.022917651,6.0
3.654177243340232,-0.7792319330412474,6.0,359.82204549099714,4.641942667935408,0.7140000000000001,0.022926369026422574,0.714,0.0,0.022917651,6.0
3.654597529438793,-0.7764224082340357,6.0,360.1114674697414,4.641394204360846,0.715,0.022926367055927228,0.715,0.0,0.022917651,6.0
3.655018084114172,-0.7736110342953495,6.0,360.40329829858746,4.640844965985739,0.7159999999999999,0.02292636507093007,0.716,0.0,0.022917651,6.0
3.6554389115184405,-0.7707977826384879,6.0,360.69757521722204,4.640294940832037,0.717,0.02292636307120692,0.717,0.0,0.022917651,6.0
3.6558600158896972,-0.7679826240844486,6.0,360.99433623691857,4.63974411667351,0.7180000000000001,0.022926361056528944,0.718,0.0,0.022917651,6.0
3.6562814015543097,-0.7651655288465081,6.0,361.293620160625,4.639192481029285,0.719,0.022926359026662523,0.719,0.0,0.022917651,6.0
3.656703072929226,-0.7623464665143168,6.0,361.5954666036821,4.638640021157191,0.7200000000000001,0.02292635698136918,0.72,0.0,0.022917651,6.0
3.657125034524353,-0.7595254060374927,6.0,361.8999160151962,4.6380867240468735,0.7209999999999999,0.022926354920405394,0.721,0.0,0.022917651,6.0
3.6575474124508287,-0.7567018254920969,6.0,362.20703331148616,4.637532574663057,0.722,0.022926352839008658,0.722,0.0,0.022917651,6.0
3.6579701575513086,-0.7538758927898189,6.0,362.516862530543,4.636977543284824,0.723,0.0229263507398797,0.723,0.0,0.022917651,6.0
3.658393201852758,-0.7510478643829762,6.0,362.8294354022576,4.636421613029142,0.724,0.022926348625696962,0.724,0.0,0.022917651,6.0
3.65881655014902,-0.7482177066938706,6.0,363.1447958858517,4.635864769494057,0.7250000000000001,0.022926346496219233,0.725,0.0,0.022917651,6.0
3.659240207336898,-0.7453853854236353,6.0,363.46298888468476,4.635306997968299,0.726,0.022926344351200147,0.726,0.0,0.022917651,6.0
3.6596641784189354,-0.7425508655327715,6.0,363.78406027173787,4.63474828342293,0.727,0.02292634219038802,0.727,0.0,0.022917651,6.0
3.6600884685062836,-0.7397141112210467,6.0,364.10805691592753,4.634188610502721,0.728,0.022926340013525674,0.728,0.0,0.022917651,6.0
3.660513166733463,-0.7368745167821282,6.0,364.43503484874253,4.6336277295191,0.729,0.022926337890916238,0.729,0.0,0.022917651,6.0
3.6609383265459585,-0.7340317194715482,6.0,364.76505485467726,4.633065491127645,0.73,0.022926335861676066,0.73,0.0,0.022917651,6.0
3.661363821298306,-0.7311865774715733,6.0,365.0981572780385,4.6325022477103825,0.7310000000000001,0.022926333813963765,0.731,0.0,0.022917651,6.0
3.6617896565426165,-0.7283390519155916,6.0,365.4343932143452,4.631937982607554,0.7319999999999999,0.022926331747473144,0.732,0.0,0.022917651,6.0
3.662215837954397,-0.7254891030731913,6.0,365.7738148947004,4.631372678789148,0.7329999999999999,0.02292632966189119,0.733,0.0,0.022917651,6.0
3.662642371335994,-0.72263669032603,6.0,366.1164757175149,4.630806318844553,0.734,0.0229263275568979,0.734,0.0,0.022917651,6.0
3.663069262620159,-0.7197817721428889,6.0,366.4624302813005,4.630238884971858,0.735,0.02292632543216608,0.735,0.0,0.022917651,6.0
3.663496611654815,-0.7169236092803082,6.0,366.8115755624341,4.62967003836117,0.736,0.022926323157525755,0.736,0.0,0.022917651,6.0
3.6639243745127623,-0.7140625520459202,6.0,367.1640596887157,4.6290999531743715,0.737,0.022926320811809134,0.737,0.0,0.022917651,6.0
3.6643525200784617,-0.711198838368722,6.0,367.52000601600685,4.628528742482359,0.738,0.022926318448412905,0.738,0.0,0.022917651,6.0
3.664781054987272,-0.7083324221914946,6.0,367.8794745717051,4.627956386771203,0.739,0.022926316067030546,0.739,0.0,0.022917651,6.0
3.665209986028838,-0.7054632563861145,6.0,368.24252677894253,4.62738286607324,0.7400000000000001,0.022926313667348402,0.74,0.0,0.022917651,6.0
3.665639320151594,-0.702591292722246,6.0,368.60922549738876,4.626808159953817,0.741,0.022926311249045483,0.741,0.0,0.022917651,6.0
3.666069094843214,-0.6997156584473178,6.0,368.97976025028095,4.626231543545531,0.7420000000000001,0.022926308785715645,0.742,0.0,0.022917651,6.0
3.666499308529109,-0.696836357152364,6.0,369.35420160274305,4.6256530141531655,0.7430000000000001,0.022926306276374795,0.743,0.0,0.022917651,6.0
3.666929937786738,-0.6939541100144463,6.0,369.7325034265185,4.625073201162888,0.744,0.022926303744348436,0.744,0.0,0.022917651,6.0
3.6673609900161876,-0.6910688645769351,6.0,370.1147344650249,4.62449208171767,0.7450000000000001,0.02292630118923259,0.745,0.0,0.022917651,6.0
3.6677924727942908,-0.6881805671303035,6.0,370.5009651035779,4.623909632414552,0.7460000000000001,0.022926298610613658,0.746,0.0,0.022917651,6.0
3.668224393879936,-0.6852891626744971,6.0,370.89126741870547,4.623325829288255,0.7470000000000001,0.022926296008068097,0.747,0.0,0.022917651,6.0
3.6686570115500916,-0.6823932348248444,6.0,371.28591346177853,4.622740291649067,0.748,0.022926293380914245,0.748,0.0,0.022917651,6.0
3.669090160439725,-0.6794936723729124,6.0,371.6848557938924,4.622153245117688,0.7490000000000001,0.02292629072885643,0.749,0.0,0.022917651,6.0
3.669523770041069,-0.676590845270601,6.0,372.0881111782517,4.621564776812544,0.75,0.022926288051516967,0.75,0.0,0.022917651,6.0
3.669957848797895,-0.673684693684482,6.0,372.49575866304616,4.6209748606758385,0.751,0.022926285348432506,0.751,0.0,0.022917651,6.0
3.670392405361583,-0.6707751563099967,6.0,372.9078792400309,4.620383470009088,0.752,0.022926282619128303,0.752,0.0,0.022917651,6.0
3.6708274947744277,-0.6678614764739405,6.0,373.324547788907,4.6197900679480615,0.753,0.02292627989029278,0.753,0.0,0.022917651,6.0
3.6712631487466947,-0.6649432576310478,6.0,373.7458496663124,4.619194384580583,0.7540000000000001,0.022926277176258603,0.754,0.0,0.022917651,6.0
3.6716993096390254,-0.662021443297709,6.0,374.1718857554272,4.61859713337523,0.7550000000000001,0.022926274437784395,0.755,0.0,0.022917651,6.0
3.6721359870386263,-0.6590959654736412,6.0,374.60274559278054,4.617998284680021,0.756,0.02292627167440794,0.756,0.0,0.022917651,6.0
3.6725731907759975,-0.6561667544329283,6.0,375.0385209870575,4.617397808090501,0.7569999999999999,0.02292626888565528,0.757,0.0,0.022917651,6.0
3.673010874328064,-0.6532332430423298,6.0,375.4792499755679,4.616794950015143,0.758,0.02292626607674783,0.758,0.0,0.022917651,6.0
3.6734490221377163,-0.6502950919887038,6.0,375.92500434730556,4.616189308714643,0.759,0.022926263250503977,0.759,0.0,0.022917651,6.0
3.673887730256193,-0.6473529559528082,6.0,376.375968585139,4.615581923612036,0.76,0.02292626039811626,0.76,0.0,0.022917651,6.0
3.6743270096726084,-0.6444067567787716,6.0,376.83224486809866,4.614972760506822,0.761,0.02292625751907192,0.761,0.0,0.022917651,6.0
3.674766871665334,-0.6414564142534863,6.0,377.2939380647939,4.614361784298274,0.762,0.02292625461284472,0.762,0.0,0.022917651,6.0
3.675207476476754,-0.6385005545720351,6.0,377.76138903469683,4.6137482649954435,0.763,0.022926251637636563,0.763,0.0,0.022917651,6.0
3.6756487470633195,-0.6355398577911233,6.0,378.2345810000402,4.613132572939672,0.7640000000000001,0.02292624861539487,0.764,0.0,0.022917651,6.0
3.6760906319973574,-0.6325747882057609,6.0,378.71352938883797,4.612514965529404,0.7650000000000001,0.02292624556276446,0.765,0.0,0.022917651,6.0
3.6765331436425646,-0.6296052578135719,6.0,379.1983500486996,4.61189540421827,0.7660000000000001,0.022926242479133753,0.766,0.0,0.022917651,6.0
3.676976386446073,-0.6266304342370175,6.0,379.6891421498436,4.611273473082357,0.767,0.022926239340846137,0.767,0.0,0.022917651,6.0
3.677420505252455,-0.6236491710991435,6.0,380.18600473563515,4.610648603277331,0.768,0.022926236113732776,0.768,0.0,0.022917651,6.0
3.677865296255963,-0.6206631366667285,6.0,380.689113429083,4.610021651052949,0.7690000000000001,0.022926232851399976,0.769,0.0,0.022917651,6.0
3.678310773381078,-0.617672232102981,6.0,381.19859761755384,4.609392573272145,0.77,0.022926229553118176,0.77,0.0,0.022917651,6.0
3.678756971103719,-0.6146760683370042,6.0,381.7146073934129,4.608761118551304,0.7710000000000001,0.022926226196327237,0.771,0.0,0.022917651,6.0
3.679203993130572,-0.6116732678552805,6.0,382.23735929455734,4.6081263231077605,0.772,0.022926222688017243,0.772,0.0,0.022917651,6.0
3.6796517454283557,-0.6086652762447485,6.0,382.76690439313575,4.607489257476594,0.7730000000000001,0.022926219148489278,0.773,0.0,0.022917651,6.0
3.680100243526996,-0.6056519831109693,6.0,383.3033871531451,4.606849873380039,0.7739999999999999,0.022926215577079467,0.774,0.0,0.022917651,6.0
3.6805496354142817,-0.6026325946895167,6.0,383.84713625971597,4.606207970196045,0.775,0.022926212010297105,0.775,0.0,0.022917651,6.0
3.6810001745101744,-0.5996057053691507,6.0,384.39864926239767,4.60556315842819,0.7760000000000001,0.022926208514957358,0.776,0.0,0.022917651,6.0
3.6814514791925688,-0.596573206881443,6.0,384.95755126554803,4.604915799895251,0.777,0.02292620497859853,0.777,0.0,0.022917651,6.0
3.681903565923405,-0.5935349786158908,6.0,385.5240011503358,4.604265839835691,0.778,0.02292620140033861,0.778,0.0,0.022917651,6.0
3.6823567504303263,-0.590489123077342,6.0,386.0983431287756,4.603612643373135,0.7790000000000001,0.02292619777293445,0.779,0.0,0.022917651,6.0
3.6828109690569084,-0.5874360028926504,6.0,386.680698430288,4.602956318572084,0.7800000000000001,0.02292619409688363,0.78,0.0,0.022917651,6.0
3.6832660213639414,-0.5843767855332457,6.0,387.2711078359537,4.602297231357418,0.7810000000000001,0.02292619037577477,0.781,0.0,0.022917651,6.0
3.6837219630979736,-0.5813110382050027,6.0,387.8697869895276,4.6016351720055395,0.782,0.02292618659929143,0.782,0.0,0.022917651,6.0
3.6841790805841557,-0.5782364200343847,6.0,388.4772004665019,4.6009689455906,0.7830000000000001,0.0229261827011805,0.783,0.0,0.022917651,6.0
3.684637072560772,-0.5751552929906059,6.0,389.0932113296259,4.600299708361732,0.7839999999999999,0.022926178761520834,0.784,0.0,0.022917651,6.0
3.685095958535728,-0.5720675118754277,6.0,389.7180113671394,4.599627393154486,0.785,0.022926174779385602,0.785,0.0,0.022917651,6.0
3.6855559050756677,-0.5689711095477109,6.0,390.35200242877454,4.59895069234807,0.786,0.02292617078494558,0.786,0.0,0.022917651,6.0
3.6860168183094784,-0.5658673586017873,6.0,390.9952310078933,4.598270508056576,0.787,0.022926166748421198,0.787,0.0,0.022917651,6.0
3.6864786868810993,-0.5627565061014665,6.0,391.6478608996273,4.59758704339013,0.788,0.022926162661324336,0.788,0.0,0.022917651,6.0
3.6869416890267246,-0.5596363177768988,6.0,392.3102099808266,4.596898782758933,0.789,0.022926158528993427,0.789,0.0,0.022917651,6.0
3.6874057605463153,-0.5565077440496699,6.0,392.98245291156894,4.596206416697956,0.79,0.022926154345775985,0.79,0.0,0.022917651,6.0
3.6878708555910014,-0.5533715211700171,6.0,393.6647751732184,4.595510495542299,0.791,0.0229261501073941,0.791,0.0,0.022917651,6.0
3.6883372102669125,-0.5502252430240818,6.0,394.35751843499656,4.594809555105259,0.792,0.02292614582596273,0.792,0.0,0.022917651,6.0
3.6888047265884696,-0.5470700571359647,6.0,395.0608788029526,4.594104352467683,0.793,0.02292614150446389,0.793,0.0,0.022917651,6.0
3.6892733498487553,-0.5439066233759263,6.0,395.77507066103294,4.59339532962623,0.7940000000000002,0.022926137138698687,0.794,0.0,0.022917651,6.0
3.6897434150678188,-0.5407320006022727,6.0,396.5006357914324,4.592680890674347,0.7949999999999999,0.02292613262858557,0.795,0.0,0.022917651,6.0
3.690214662335593,-0.5375484602087706,6.0,397.23756592141496,4.591962263200404,0.796,0.02292612804332009,0.796,0.0,0.022917651,6.0
3.6906871351401715,-0.5343555415248917,6.0,397.9861369794095,4.591239158591107,0.797,0.022926123402932413,0.797,0.0,0.022917651,6.0
3.6911610283559257,-0.5311512362444707,6.0,398.74675503459804,4.590510343809688,0.7980000000000002,0.02292611874836056,0.798,0.0,0.022917651,6.0
3.691636158651508,-0.5279376617990967,6.0,399.519569596525,4.589777208096176,0.799,0.022926114041351597,0.799,0.0,0.022917651,6.0
3.692112686371053,-0.5247126231108717,6.0,400.3050927317554,4.589038194806247,0.8000000000000002,0.02292610932802937,0.8,0.0,0.022917651,6.0
3.692496951122072,-0.5220814780113905,6.0,400.59109149713703,4.588455630592193,0.801,0.022926108782207532,0.801,0.0,0.022917651,6.0
3.692881345783672,-0.5194482786673806,6.0,400.8800530163954,4.587871531895539,0.8020000000000002,0.02292610823041604,0.802,0.0,0.022917651,6.0
3.693265871937488,-0.5168130000688306,6.0,401.17201336045963,4.587285880034268,0.803,0.022926107672582203,0.803,0.0,0.022917651,6.0
3.693650636748856,-0.5141750675655861,6.0,401.4670329351913,4.5866985302904775,0.804,0.022926107127265918,0.804,0.0,0.022917651,6.0
3.694035917941493,-0.5115330061638557,6.0,401.7652241731141,4.58610912181163,0.805,0.022926106647614054,0.805,0.0,0.022917651,6.0
3.6944213311490075,-0.5088887899275735,6.0,402.06654650003946,4.5855180865056795,0.8060000000000002,0.022926106168369785,0.806,0.0,0.022917651,6.0
3.6948068779917653,-0.5062423924080186,6.0,402.37103834736257,4.584925404404736,0.807,0.022926105689538123,0.807,0.0,0.022917651,6.0
3.6951925601167637,-0.5035937867218456,6.0,402.67873877801185,4.584331055212784,0.808,0.022926105211124145,0.808,0.0,0.022917651,6.0
3.695578142159375,-0.5009428067273054,6.0,402.9897258834426,4.5837339298235555,0.8090000000000002,0.022926104630489018,0.809,0.0,0.022917651,6.0
3.6959634848825833,-0.49828932855111463,6.0,403.30405157849094,4.583133346447911,0.8100000000000002,0.022926103880752093,0.81,0.0,0.022917651,6.0
3.6963489768947904,-0.4956335439836658,6.0,403.621689421744,4.582531053732708,0.8110000000000003,0.02292610312673467,0.811,0.0,0.022917651,6.0
3.696734620088245,-0.4929754237912652,6.0,403.942681394945,4.581927030011934,0.8120000000000002,0.02292610236838248,0.812,0.0,0.022917651,6.0
3.697120416387313,-0.49031493824407046,6.0,404.26707019234374,4.581321253251859,0.8130000000000002,0.022926101605640358,0.8130000000000001,0.0,0.022917651,6.0
3.697506757483167,-0.4876505534200229,6.0,404.59504001629927,4.580713759494476,0.8140000000000002,0.022926100930356866,0.8140000000000001,0.0,0.022917651,6.0
3.697893404435887,-0.4849831520068243,6.0,404.92656124686516,4.580104473927492,0.8150000000000002,0.02292610028459879,0.8150000000000001,0.0,0.022917651,6.0
3.698280207337186,-0.48231328617634733,6.0,405.26162606812164,4.579493347882772,0.8160000000000002,0.02292609963229545,0.8160000000000001,0.0,0.022917651,6.0
3.698667168196642,-0.479640924171713,6.0,405.6002801433504,4.57888035764362,0.8170000000000002,0.02292609897336249,0.8170000000000001,0.0,0.022917651,6.0
3.6990543178700364,-0.4769653714931243,6.0,405.9426264151624,4.578264929913926,0.8180000000000001,0.022926098306667652,0.8180000000000001,0.0,0.022917651,6.0
3.699441708953858,-0.47428542732904805,6.0,406.28882096547403,4.577646070218598,0.8190000000000001,0.022926097630283474,0.8190000000000001,0.0,0.022917651,6.0
3.6998292635302596,-0.4716028935603302,6.0,406.6387606379936,4.5770252748457105,0.8200000000000001,0.022926096947024924,0.8200000000000001,0.0,0.022917651,6.0
3.7002169837338763,-0.46891773637585504,6.0,406.9924943308259,4.57640251852213,0.8210000000000001,0.022926096256802246,0.8210000000000001,0.0,0.022917651,6.0
3.700604871736671,-0.46622992137332897,6.0,407.35007179704604,4.575777775532834,0.822,0.022926095559524105,0.8220000000000001,0.0,0.022917651,6.0
3.700992974689226,-0.46353798879332175,6.0,407.71166872683284,4.57514978291819,0.8230000000000002,0.022926094852977023,0.8230000000000001,0.0,0.022917651,6.0
3.701381251588908,-0.4608433051881309,6.0,408.0772139959622,4.574519735035121,0.8240000000000001,0.02292609413915569,0.8240000000000001,0.0,0.022917651,6.0
3.701769704537393,-0.4581458408127547,6.0,408.4467595896937,4.5738876105049355,0.8250000000000001,0.02292609341797348,0.8250000000000001,0.0,0.022917651,6.0
3.7021583358900165,-0.45544555846360646,6.0,408.82035902788454,4.573253381544426,0.8260000000000002,0.022926092689331927,0.8260000000000001,0.0,0.022917651,6.0
3.7025470769844966,-0.45274089054347066,6.0,409.1982245557024,4.5726152039248396,0.8270000000000002,0.022926092006835416,0.8270000000000001,0.0,0.022917651,6.0
3.7029359938716815,-0.45003313214648416,6.0,409.58027898517054,4.571974638816412,0.8280000000000002,0.022926091327888868,0.8280000000000001,0.0,0.022917651,6.0
3.7033250979811974,-0.4473224339321166,6.0,409.966559582971,4.5713318828527045,0.8290000000000002,0.02292609064603355,0.8290000000000001,0.0,0.022917651,6.0
3.703714391865186,-0.44460875582592296,6.0,410.35712395858394,4.5706869061688336,0.8300000000000003,0.02292608996122981,0.8300000000000001,0.0,0.022917651,6.0
3.7041039264327273,-0.4418906209976578,6.0,410.7521727602918,4.570038433359338,0.8310000000000001,0.02292608928142683,0.8310000000000001,0.0,0.022917651,6.0
3.704493661197637,-0.43916931361008055,6.0,411.1516371315017,4.56938758866986,0.8320000000000002,0.022926088599825516,0.8320000000000001,0.0,0.022917651,6.0
3.704883595742678,-0.4364448859515822,6.0,411.5555687912712,4.568734422866061,0.8330000000000001,0.022926087915885563,0.833,0.0,0.022917651,6.0
3.7052737531988127,-0.4337169538295702,6.0,411.96407363559956,4.568078644830564,0.8340000000000001,0.022926087218350776,0.834,0.0,0.022917651,6.0
3.705664247794251,-0.43098359292178917,6.0,412.3774631336477,4.567418790190924,0.8350000000000001,0.022926086441761983,0.835,0.0,0.022917651,6.0
3.7060549490647734,-0.4282469794955597,6.0,412.7955219082803,4.566756509765385,0.8360000000000001,0.02292608565649927,0.836,0.0,0.022917651,6.0
3.7064458599163284,-0.42550706781894465,6.0,413.2183156117188,4.566091769446258,0.8370000000000001,0.022926084862440684,0.837,0.0,0.022917651,6.0
3.7068368313404885,-0.4227628484184294,6.0,413.6462134332624,4.565422961380705,0.838,0.02292608405739882,0.838,0.0,0.022917651,6.0
3.7072278299942187,-0.42001416821712945,6.0,414.07933519981634,4.564749798825996,0.8390000000000001,0.02292608324105704,0.839,0.0,0.022917651,6.0
3.7076190199970984,-0.41726204637698,6.0,414.51742154919486,4.5640739600090185,0.8400000000000001,0.022926082415587468,0.84,0.0,0.022917651,6.0
3.7080104040572293,-0.4145064341895854,6.0,414.9605427435251,4.563395407053504,0.8410000000000001,0.02292608158086092,0.841,0.0,0.022917651,6.0
3.708402256897056,-0.411745165148725,6.0,415.4089679087193,4.562713074527223,0.8420000000000001,0.02292608069067439,0.842,0.0,0.022917651,6.0
3.7087943317527605,-0.40898017029086076,6.0,415.86259296697716,4.562027904364416,0.8430000000000001,0.02292607978934915,0.843,0.0,0.022917651,6.0
3.7091866151581705,-0.40621152689402246,6.0,416.32148064584595,4.561339919845064,0.844,0.022926078879611397,0.844,0.0,0.022917651,6.0
3.7095789497725713,-0.4034380375397575,6.0,416.78589887109257,4.560647294413479,0.8449999999999999,0.022926078017137558,0.845,0.0,0.022917651,6.0
3.7099713518079214,-0.4006597949134409,6.0,417.2559060122888,4.559950185668257,0.8460000000000001,0.022926077191496433,0.846,0.0,0.022917651,6.0
3.710363958040496,-0.3978777150975028,6.0,417.73141982191675,4.559250056634962,0.8469999999999999,0.02292607635424713,0.847,0.0,0.022917651,6.0
3.7107568584980437,-0.39509110675795667,6.0,418.21262125279276,4.558546575498024,0.848,0.02292607544612875,0.848,0.0,0.022917651,6.0
3.711150230111401,-0.39229864425887445,6.0,418.6998024926039,4.557839122937733,0.849,0.022926074354025223,0.849,0.0,0.022917651,6.0
3.711543814443321,-0.38950217851409025,6.0,419.1927509189824,4.557128517769078,0.8500000000000001,0.022926073258460366,0.85,0.0,0.022917651,6.0
3.7119376278552876,-0.38670145555270513,6.0,419.6915806486402,4.556414572094178,0.851,0.022926072199137452,0.851,0.0,0.022917651,6.0
3.7123318158230387,-0.38389427682780725,6.0,420.1967019220159,4.555695676390101,0.8520000000000001,0.02292607161316213,0.852,0.0,0.022917651,6.0
3.712726221676649,-0.38108290196641587,6.0,420.70786374594934,4.5549734562675335,0.853,0.02292607102766839,0.853,0.0,0.022917651,6.0
3.7131208490754597,-0.3782672373181767,6.0,421.2251624653284,4.554247832528988,0.854,0.022926070436299534,0.854,0.0,0.022917651,6.0
3.7135157287182072,-0.3754448579516635,6.0,421.74915499415454,4.5535164885743935,0.855,0.0229260693498403,0.855,0.0,0.022917651,6.0
3.7139108298135577,-0.3726180831991129,6.0,422.27947704029356,4.55278163484516,0.856,0.022926068256505047,0.856,0.0,0.022917651,6.0
3.714306171396784,-0.36978669665142094,6.0,422.81624512126336,4.5520431316556875,0.857,0.022926067162653406,0.857,0.0,0.022917651,6.0
3.714702049740154,-0.36694783885086263,6.0,423.35994874243755,4.551299315578383,0.858,0.02292606618589285,0.858,0.0,0.022917651,6.0
3.715098161753357,-0.3641043772943701,6.0,423.9102865745771,4.550551830314579,0.859,0.022926065197009664,0.859,0.0,0.022917651,6.0
3.7154944867210236,-0.36125576146388244,6.0,424.4674192740989,4.5498000421013245,0.86,0.0229260641943493,0.86,0.0,0.022917651,6.0
3.7158909488544682,-0.35840027526059315,6.0,425.0316595652452,4.5490419305832726,0.861,0.02292606317265551,0.861,0.0,0.022917651,6.0
3.7162876619885457,-0.35553996655379116,6.0,425.6028580789543,4.548280000801747,0.862,0.022926062138201517,0.862,0.0,0.022917651,6.0
3.7166847081687515,-0.35267378435410157,6.0,426.181264930218,4.547513530397573,0.863,0.022926061094129858,0.863,0.0,0.022917651,6.0
3.7170821255750397,-0.3498011945883794,6.0,426.76706292704745,4.546742138100976,0.864,0.022926060041705457,0.864,0.0,0.022917651,6.0
3.717479805165188,-0.34692351834853674,6.0,427.3601646461006,4.545966708145057,0.865,0.0229260589758852,0.865,0.0,0.022917651,6.0
3.7178779418009174,-0.3440383681377966,6.0,427.96097744544295,4.545185629611517,0.866,0.022926057795687006,0.866,0.0,0.022917651,6.0
3.7182764261687935,-0.34114706444175197,6.0,428.56945192223816,4.544399787374464,0.867,0.02292605656802475,0.867,0.0,0.022917651,6.0
3.7186751832945384,-0.33825015848181283,6.0,429.18567115306377,4.543609434417536,0.8680000000000001,0.022926055386304958,0.868,0.0,0.022917651,6.0
3.7190741739012103,-0.33534590330968334,6.0,429.81024063887395,4.5428126703880025,0.8690000000000001,0.02292605459924908,0.869,0.0,0.022917651,6.0
3.719473443052533,-0.3324361366969723,6.0,430.4427432402769,4.542011509103315,0.8700000000000001,0.022926053807366432,0.87,0.0,0.022917651,6.0
3.7198731377116827,-0.32951888629498743,6.0,431.0836260876034,4.541204563836237,0.871,0.022926052861747266,0.871,0.0,0.022917651,6.0
3.7202732163396393,-0.3265946424896264,6.0,431.7329319174456,4.540392159550192,0.872,0.022926051812443334,0.872,0.0,0.022917651,6.0
3.7206736166831664,-0.323664119385402,6.0,432.3906313506695,4.539574761486972,0.8730000000000001,0.022926050749542647,0.873,0.0,0.022917651,6.0
3.721074508404915,-0.3207247046221423,6.0,433.0571457257087,4.538750428674151,0.874,0.02292604959396978,0.874,0.0,0.022917651,6.0
3.721475704091949,-0.31777928070181527,6.0,433.7322938376719,4.537921302336712,0.875,0.022926048422524516,0.875,0.0,0.022917651,6.0
3.721877324671807,-0.3148256965403249,6.0,434.41664740887575,4.537085729144169,0.876,0.022926047228500102,0.876,0.0,0.022917651,6.0
3.722279293853914,-0.31186526349935284,6.0,435.1100696438103,4.536244705854129,0.877,0.022926046015770175,0.877,0.0,0.022917651,6.0
3.722681718283154,-0.30889674442165427,6.0,435.81282399377784,4.535397413218498,0.878,0.02292604478523258,0.878,0.0,0.022917651,6.0
3.723084629413861,-0.3059197007949706,6.0,436.52511989368605,4.534543537584409,0.879,0.022926043536567627,0.879,0.0,0.022917651,6.0
3.723487884299909,-0.3029354463101483,6.0,437.2469879459607,4.533683826492988,0.88,0.02292604224652909,0.88,0.0,0.022917651,6.0
3.723891516679492,-0.2999422273800176,6.0,437.9789905971243,4.532816662512598,0.8809999999999999,0.022926040860566935,0.881,0.0,0.022917651,6.0
3.7242954847232204,-0.2969420929040005,6.0,438.7207767270969,4.53194392549493,0.882,0.02292603947000974,0.882,0.0,0.022917651,6.0
3.7246997781660496,-0.2939321358373534,6.0,439.47316577133535,4.531062666133686,0.883,0.022926038123388098,0.883,0.0,0.022917651,6.0
3.7251044107168627,-0.2909151576923757,6.0,440.23565827561265,4.530175742293027,0.8840000000000001,0.022926036762241475,0.884,0.0,0.022917651,6.0
3.72550962586921,-0.28788771518414275,6.0,441.0088492021303,4.529280689626669,0.885,0.022926035986564147,0.885,0.0,0.022917651,6.0
3.725915221291451,-0.28485268521911694,6.0,441.7925579907891,4.528379570976612,0.8860000000000001,0.02292603526187166,0.886,0.0,0.022917651,6.0
3.7263201568676974,-0.28180642399703887,6.0,442.5877275570732,4.527464570038031,0.8870000000000001,0.02292603406503438,0.887,0.0,0.022917651,6.0
3.7267252645141418,-0.27875198326414274,6.0,443.39387728871793,4.526542075829818,0.888,0.022926032786744335,0.888,0.0,0.022917651,6.0
3.727130249976877,-0.27568877680420867,6.0,444.2119043983206,4.5256103387064694,0.889,0.022926031409337157,0.889,0.0,0.022917651,6.0
3.727535485249698,-0.2726175878541828,6.0,445.0413181282697,4.524671620550818,0.89,0.0229260299950763,0.89,0.0,0.022917651,6.0
3.727940807166817,-0.26953525488246005,6.0,445.88295729589595,4.5237221029653885,0.8910000000000001,0.02292602850175126,0.891,0.0,0.022917651,6.0
3.7283464126405286,-0.26644448250092356,6.0,446.73633275944786,4.522765279837586,0.892,0.02292602699126632,0.892,0.0,0.022917651,6.0
3.7287525684132112,-0.263341085599653,6.0,447.60210745735617,4.521798022350506,0.893,0.022926025521671067,0.893,0.0,0.022917651,6.0
3.7291591221271876,-0.26022872528001234,6.0,448.48009860951913,4.520823395130112,0.894,0.02292602403013317,0.894,0.0,0.022917651,6.0
3.72956631782276,-0.2571042853413138,6.0,449.3710965462155,4.5198392726383805,0.895,0.022926022511055816,0.895,0.0,0.022917651,6.0
3.7299739410728914,-0.25396986602813154,6.0,450.2749535863674,4.518846878674732,0.896,0.02292602096157499,0.896,0.0,0.022917651,6.0
3.7303820675137978,-0.25082377056036126,6.0,451.19224004569475,4.517844815491508,0.897,0.022926019378891313,0.897,0.0,0.022917651,6.0
3.7307905780958865,-0.24766655111072788,6.0,452.1230807265941,4.5168331615724115,0.898,0.022926017800088638,0.898,0.0,0.022917651,6.0
3.7311994751847513,-0.24449828802108703,6.0,453.0676710290531,4.51581200698526,0.899,0.02292601620963216,0.899,0.0,0.022917651,6.0
3.731608717488222,-0.24131746982001154,6.0,454.0265937289118,4.514779685646908,0.9000000000000001,0.022926015317909824,0.9,0.0,0.022917651,6.0
3.7319175323039806,-0.23878709703811124,6.0,454.48449313853985,4.513942149591361,0.901,0.022926015456558032,0.901,0.0,0.022917651,6.0
3.732226310128528,-0.23625262757557267,6.0,454.9471485275158,4.513100367611226,0.902,0.022926015396411453,0.902,0.0,0.022917651,6.0
3.7325350461036195,-0.23371381512032913,6.0,455.4146540490256,4.5122540738425405,0.903,0.022926015110352055,0.903,0.0,0.022917651,6.0
3.7328437976094566,-0.23117218453239605,6.0,455.8868025352592,4.511405024114263,0.904,0.02292601482246723,0.904,0.0,0.022917651,6.0
3.733152504847921,-0.22862692879059687,6.0,456.36398589264013,4.510552174260719,0.905,0.02292601447656999,0.905,0.0,0.022917651,6.0
3.7334611836563503,-0.22607822644249365,6.0,456.84616181160624,4.509695765573859,0.906,0.02292601408985333,0.906,0.0,0.022917651,6.0
3.7337698765015412,-0.2235265962319702,6.0,457.33313892732184,4.5088364852017735,0.907,0.022926013702611422,0.907,0.0,0.022917651,6.0
3.7340784610680653,-0.22097047593025362,6.0,457.825382117846,4.507972274009322,0.908,0.02292601331547108,0.908,0.0,0.022917651,6.0
3.7343870261509973,-0.21841089560934848,6.0,458.322666212101,4.507104522473642,0.9090000000000003,0.022926012928142735,0.909,0.0,0.022917651,6.0
3.734695610474972,-0.21584825223014975,6.0,458.8249281827162,4.506233784882427,0.91,0.022926012540443463,0.91,0.0,0.022917651,6.0
3.7350042873313543,-0.21327981809788307,6.0,459.33281789607975,4.505357636461438,0.911,0.022926012151687623,0.911,0.0,0.022917651,6.0
3.735312981396875,-0.2107082869251972,6.0,459.8458076605182,4.504478459892707,0.912,0.02292601176239911,0.912,0.0,0.022917651,6.0
3.7356216688980024,-0.2081328808780921,6.0,460.36416399075557,4.503595380249576,0.9130000000000003,0.022926011369609117,0.913,0.0,0.022917651,6.0
3.7359303228367975,-0.2055527383643657,6.0,460.8881864552396,4.502707425718677,0.9140000000000001,0.022926010970113743,0.914,0.0,0.022917651,6.0
3.7362389934763507,-0.20296938742700862,6.0,461.41749493690185,4.50181632959327,0.915,0.022926010570184136,0.915,0.0,0.022917651,6.0
3.7365478168359436,-0.20038059292645757,6.0,461.9526671390154,4.500920401818943,0.9160000000000003,0.022926010174824648,0.916,0.0,0.022917651,6.0
3.7368567136051345,-0.19778754052908595,6.0,462.4934990858116,4.500020510104662,0.9170000000000001,0.022926009781312085,0.917,0.0,0.022917651,6.0
3.737165658610826,-0.19519081895917478,6.0,463.0399154046793,4.49911714188181,0.918,0.022926009386949386,0.918,0.0,0.022917651,6.0
3.737474871655723,-0.19258816464308248,6.0,463.5925623964627,4.498208912156006,0.9189999999999999,0.022926008988841153,0.919,0.0,0.022917651,6.0
3.737784088681688,-0.18998212274618395,6.0,464.1508528498047,4.497297310803493,0.9200000000000002,0.02292600859028571,0.92,0.0,0.022917651,6.0
3.7380931701931,-0.18737160060820401,6.0,464.7152174056715,4.496380692876106,0.921,0.022926008190491048,0.921,0.0,0.022917651,6.0
3.73840217269418,-0.18475692494402693,6.0,465.2855879004521,4.495459609128915,0.922,0.022926007789696962,0.922,0.0,0.022917651,6.0
3.7387111880282924,-0.18213825326084665,6.0,465.86191685929595,4.494534579873356,0.9230000000000002,0.022926007432901324,0.923,0.0,0.022917651,6.0
3.739020226811203,-0.1795134349432329,6.0,466.4448222133383,4.4936034923044295,0.9240000000000002,0.022926007319198943,0.924,0.0,0.022917651,6.0
3.7393292770251647,-0.1768850043763286,6.0,467.0337218542848,4.492668838172762,0.9250000000000002,0.022926007199536802,0.925,0.0,0.022917651,6.0
3.7396383237708513,-0.17425114458940494,6.0,467.6292962809421,4.491728738455516,0.926,0.022926007075076606,0.926,0.0,0.022917651,6.0
3.739947374456712,-0.17161298478783932,6.0,468.23122922416877,4.490784353515944,0.9270000000000003,0.022926006944904116,0.927,0.0,0.022917651,6.0
3.7402564754492245,-0.16896987858110915,6.0,468.8397821124226,4.489835224003518,0.9280000000000002,0.022926006697123,0.928,0.0,0.022917651,6.0
3.7405656443316495,-0.16632112197618457,6.0,469.4552681579412,4.488880716871943,0.929,0.022926006273706622,0.929,0.0,0.022917651,6.0
3.7408747053331988,-0.16366839038397926,6.0,470.0772049375012,4.487921803700895,0.9300000000000003,0.022926005850075423,0.93,0.0,0.022917651,6.0
3.7411826243313535,-0.161010097351068,6.0,470.7061455951045,4.486952764755546,0.9310000000000002,0.02292600542897849,0.931,0.0,0.022917651,6.0
3.741490562258197,-0.15834788638029712,6.0,471.34163683869497,4.485979883461006,0.932,0.022926005007347774,0.932,0.0,0.022917651,6.0
3.7417976649866294,-0.15567979787095396,6.0,471.9847256891779,4.484997780602193,0.933,0.022926004585244675,0.933,0.0,0.022917651,6.0
3.742104549994648,-0.1530072446908466,6.0,472.634765257652,4.484010341326542,0.9340000000000003,0.022926004162606366,0.934,0.0,0.022917651,6.0
3.7424114099038985,-0.15032875491145473,6.0,473.2922731104481,4.483016868142275,0.935,0.022926003737609803,0.935,0.0,0.022917651,6.0
3.74271824568233,-0.1476448832664821,6.0,473.9571502595476,4.482017919086123,0.9360000000000002,0.022926003310867284,0.936,0.0,0.022917651,6.0
3.7430249537006337,-0.1449556372922939,6.0,474.62943951367436,4.481013078508362,0.937,0.022926002885540333,0.937,0.0,0.022917651,6.0
3.743331485739024,-0.1422604366954683,6.0,475.309411615057,4.480001570046367,0.9380000000000001,0.022926002462282623,0.9380000000000001,0.0,0.022917651,6.0
3.7436379584892263,-0.13956017103633442,6.0,475.9968529129236,4.478984764550874,0.9390000000000001,0.022926002036388667,0.9390000000000001,0.0,0.022917651,6.0
3.7439443343299312,-0.1368534770355948,6.0,476.6923024896673,4.477961157337829,0.9400000000000002,0.022926001604835197,0.9400000000000001,0.0,0.022917651,6.0
3.744250646289694,-0.13414184028480913,6.0,477.39533554064394,4.476932349334018,0.9410000000000001,0.02292600117288924,0.9410000000000001,0.0,0.022917651,6.0
3.7445568281119996,-0.13142323261996333,6.0,478.1067223230642,4.47589603722104,0.9420000000000001,0.022926000741211216,0.9420000000000001,0.0,0.022917651,6.0
3.7448629860617735,-0.12869969984616036,6.0,478.8258578748553,4.474854705773173,0.9430000000000001,0.022926000308786377,0.9430000000000001,0.0,0.022917651,6.0
3.7451692655762594,-0.12596860274793595,6.0,479.5537258364875,4.473806306214727,0.9440000000000001,0.02292599987492624,0.9440000000000001,0.0,0.022917651,6.0
3.745475476559269,-0.12323258616844127,6.0,480.2895315788352,4.472752712803842,0.9450000000000002,0.022925999480965027,0.9450000000000001,0.0,0.022917651,6.0
3.7457815183565426,-0.12048937350946054,6.0,481.0342188607616,4.471691245505256,0.9460000000000001,0.022925999404342028,0.9460000000000001,0.0,0.022917651,6.0
3.746087505045274,-0.11774103587660703,6.0,481.78710408229847,4.470624431942106,0.9470000000000001,0.022925999287128122,0.9470000000000001,0.0,0.022917651,6.0
3.74639343650587,-0.11498533830588063,6.0,482.5491726668349,4.469550032408432,0.9480000000000002,0.02292599897352575,0.9480000000000001,0.0,0.022917651,6.0
3.7466992982455687,-0.11222415722877217,6.0,483.31970620934555,4.468469870785552,0.9490000000000001,0.02292599862952366,0.9490000000000001,0.0,0.022917651,6.0
3.7470050743367973,-0.10945546678234384,6.0,484.0994482005216,4.467381857814465,0.9500000000000001,0.02292599817862501,0.9500000000000001,0.0,0.022917651,6.0
3.7473107606808154,-0.10668079564568178,6.0,484.8879954151518,4.46628750489425,0.9510000000000002,0.022925997724781266,0.9510000000000001,0.0,0.022917651,6.0
3.747616323893707,-0.10389869003793069,6.0,485.685904026855,4.4651852243839025,0.9520000000000001,0.022925997264871104,0.9520000000000001,0.0,0.022917651,6.0
3.747921714967435,-0.10111022084110943,6.0,486.49303875241776,4.464075895911285,0.9530000000000001,0.022925996806276508,0.9530000000000001,0.0,0.022917651,6.0
3.7482268981478186,-0.09831490918464642,6.0,487.309689838075,4.462958899304278,0.9540000000000002,0.022925996349500107,0.9540000000000001,0.0,0.022917651,6.0
3.7485318967656607,-0.09551225795059792,6.0,488.1361312424388,4.461833820072519,0.9550000000000001,0.022925995892758393,0.9550000000000001,0.0,0.022917651,6.0
3.748836743400555,-0.09270288626096372,6.0,488.9722366911329,4.460701408929143,0.9560000000000001,0.02292599543575339,0.9560000000000001,0.0,0.022917651,6.0
3.7491412711643712,-0.089885945730108,6.0,489.81864391082246,4.459560152644822,0.9570000000000001,0.022925994979226625,0.9570000000000001,0.0,0.022917651,6.0
3.749445654843565,-0.08706291620469328,6.0,490.6747351538935,4.458412230526602,0.9580000000000002,0.02292599452200051,0.9580000000000001,0.0,0.022917651,6.0
3.7497499043028353,-0.08423113748760828,6.0,491.5414244660485,4.457255020289041,0.9590000000000002,0.02292599405447206,0.9590000000000001,0.0,0.022917651,6.0
3.7500540214160045,-0.08139251547165294,6.0,492.4181014584736,4.456090439930569,0.96,0.022925993588673095,0.96,0.0,0.022917651,6.0
3.7503579266431637,-0.07854516005467514,6.0,493.3053927996853,4.454916284327136,0.961,0.02292599312793737,0.961,0.0,0.022917651,6.0
3.7506616968050084,-0.07569033230928825,6.0,494.2034705810784,4.453734111763037,0.962,0.022925992663393673,0.962,0.0,0.022917651,6.0
3.750965342991609,-0.0728284618328367,6.0,495.11224419887776,4.452544397184277,0.9630000000000001,0.022925992196096177,0.963,0.0,0.022917651,6.0
3.7512688100813882,-0.06995800022472001,6.0,496.0326452348447,4.451345379352667,0.964,0.022925991735104814,0.964,0.0,0.022917651,6.0
3.7515721867507215,-0.06708020933478097,6.0,496.9638538086032,4.450138671190808,0.965,0.02292599127083123,0.965,0.0,0.022917651,6.0
3.7518755107975865,-0.06419319088036954,6.0,497.906401619161,4.448922525528568,0.9660000000000001,0.02292599079640621,0.966,0.0,0.022917651,6.0
3.752178506725136,-0.06129756817163182,6.0,498.86054737401173,4.4476964644436405,0.967,0.02292599036353031,0.967,0.0,0.022917651,6.0
3.75248121544832,-0.05839418645230231,6.0,499.82610494536556,4.446461496307246,0.9680000000000001,0.022925989962899938,0.968,0.0,0.022917651,6.0
3.7527827557638376,-0.05548184427907319,6.0,500.80347426775825,4.445212891114287,0.969,0.022925989792377532,0.969,0.0,0.022917651,6.0
3.7530841906966823,-0.05256159303143845,6.0,501.792680650412,4.443955951216523,0.9700000000000002,0.022925989463753623,0.97,0.0,0.022917651,6.0
3.7533855061767065,-0.04963318250188591,6.0,502.7939632552308,4.4426903702391,0.9709999999999999,0.02292598897555962,0.971,0.0,0.022917651,6.0
3.7536863426737934,-0.04669469587916298,6.0,503.8080160902202,4.441412813514328,0.972,0.022925988476724,0.972,0.0,0.022917651,6.0
3.7539871106429437,-0.04374736892324546,6.0,504.834388353229,4.440126133530564,0.9730000000000001,0.02292598798202029,0.973,0.0,0.022917651,6.0
3.7542878574755822,-0.04079056640343629,6.0,505.8733856607125,4.438829878921525,0.974,0.022925987494540476,0.974,0.0,0.022917651,6.0
3.754588477121905,-0.037823593359927125,6.0,506.92590475001833,4.437522968339463,0.975,0.02292598700393697,0.975,0.0,0.022917651,6.0
3.7548888380056273,-0.03484762646997331,6.0,507.9914397726724,4.436206026352196,0.976,0.022925986507950937,0.976,0.0,0.022917651,6.0
3.7551888966541185,-0.031862450562570616,6.0,509.07020092915735,4.434878660896435,0.9770000000000001,0.022925986005653893,0.977,0.0,0.022917651,6.0
3.755488494802342,-0.02886608507219808,6.0,510.16297140960955,4.4335382546259146,0.978,0.02292598550878398,0.978,0.0,0.022917651,6.0
3.755787648239218,-0.025860164838956184,6.0,511.2695164671744,4.432186523348413,0.979,0.022925985015668303,0.979,0.0,0.022917651,6.0
3.756085957776617,-0.022844510969812777,6.0,512.3900868768252,4.430821685464737,0.9800000000000001,0.02292598452270788,0.98,0.0,0.022917651,6.0
3.756382004648241,-0.019818051323117366,6.0,513.5253084928613,4.429436976378154,0.981,0.02292598401965351,0.981,0.0,0.022917651,6.0
3.756677012179379,-0.016781767427047605,6.0,514.6751673920127,4.42803830513458,0.982,0.022925983516900245,0.982,0.0,0.022917651,6.0
3.7569715265326398,-0.013735176884515319,6.0,515.8396098015799,4.4266273501154405,0.983,0.022925983015780187,0.983,0.0,0.022917651,6.0
3.7572656548989425,-0.010677691610777853,6.0,517.0188475035819,4.425203946733503,0.9840000000000001,0.02292598251534339,0.984,0.0,0.022917651,6.0
3.7575590652909376,-0.0076080197206746195,6.0,518.2132583768462,4.423765496120244,0.985,0.022925982002908567,0.985,0.0,0.022917651,6.0
3.757851869905754,-0.004527356970287297,6.0,519.422877193063,4.422313633482902,0.986,0.022925981501501817,0.986,0.0,0.022917651,6.0
3.7581441485487743,-0.0014356266726439984,6.0,520.6479897768952,4.420848593132411,0.9870000000000001,0.022925981002684524,0.987,0.0,0.022917651,6.0
3.758435913301412,0.0016674301573891654,6.0,521.8888387624751,4.419370162890768,0.988,0.02292598053408423,0.988,0.0,0.022917651,6.0
3.7587271918231164,0.004782212855842516,6.0,523.1455814705738,4.417878061635338,0.989,0.02292598016949427,0.989,0.0,0.022917651,6.0
3.759017834748172,0.007909663663864511,6.0,524.4186218021881,4.416370758278635,0.99,0.022925979658708226,0.99,0.0,0.022917651,6.0
3.759307947600487,0.011049021728144103,6.0,525.7079021547786,4.41484942716407,0.9910000000000001,0.022925979126782414,0.991,0.0,0.022917651,6.0
3.7595976130114583,0.014200935641270654,6.0,527.0136864425472,4.413313755544872,0.992,0.022925978595528574,0.992,0.0,0.022917651,6.0
3.759886782968914,0.017365716860411863,6.0,528.3362666543144,4.411763239566772,0.993,0.022925978069286288,0.993,0.0,0.022917651,6.0
3.7601752322120015,0.020543084132649964,6.0,529.6759355825798,4.410197249525751,0.9940000000000001,0.022925977536416925,0.994,0.0,0.022917651,6.0
3.760462739842175,0.02373338907183695,6.0,531.0330530866912,4.408614536129113,0.995,0.022925977001369734,0.995,0.0,0.022917651,6.0
3.760749677574883,0.02693740755750601,6.0,532.4077499123307,4.407015837800196,0.996,0.022925976476737407,0.996,0.0,0.022917651,6.0
3.7610359916584373,0.030154718786665168,6.0,533.8001515257514,4.405401353774679,0.997,0.022925975935441316,0.997,0.0,0.022917651,6.0
3.7613216216857417,0.03338545217351242,6.0,535.2105890666277,4.4037707145988,0.9980000000000001,0.02292597540098963,0.998,0.0,0.022917651,6.0
3.761606517119389,0.03663007160535922,6.0,536.6393426294511,4.402123261804752,0.999,0.02292597486534708,0.999,0.0,0.022917651,6.0
3.7618907614113364,0.039889342986525765,6.0,538.0866494851153,4.400458546874073,1.0,0.022925974324287075,1.0,0.0,0.022917651,6.0
3.762116907904899,0.04240990947809445,6.0,539.0131132240227,4.399256478658475,1.0010000000000001,0.02292597430329426,1.0010000000000001,0.0,0.022917651,6.0
3.762342697172686,0.04493620108101714,6.0,539.9488750407268,4.398047276290954,1.0020000000000002,0.022925974279146694,1.002,0.0,0.022917651,6.0
3.762568225850094,0.047466314026600266,6.0,540.8939215493589,4.396833213048428,1.0030000000000001,0.0229259742540453,1.0030000000000001,0.0,0.022917651,6.0
3.7627932534071,0.05000198732960648,6.0,541.8485963469669,4.395611567042823,1.004,0.022925974225904755,1.004,0.0,0.022917651,6.0
3.7630179978448273,0.0525417508806387,6.0,542.8128540461474,4.394384704482194,1.0050000000000001,0.022925974195851982,1.0050000000000001,0.0,0.022917651,6.0
3.763242385677463,0.05508656042787155,6.0,543.7869410472954,4.39315138030918,1.0060000000000002,0.022925974162267684,1.006,0.0,0.022917651,6.0
3.7634663441701113,0.057636686108385224,6.0,544.771034110834,4.3919110159894945,1.0070000000000001,0.022925974137329084,1.0070000000000001,0.0,0.022917651,6.0
3.763689951414066,0.060191199971047465,6.0,545.765191423655,4.39066485505498,1.008,0.022925974117161036,1.008,0.0,0.022917651,6.0
3.763912841349636,0.06275139894660074,6.0,546.7697272836426,4.389410144911838,1.0090000000000001,0.022925974090406358,1.0090000000000001,0.0,0.022917651,6.0
3.7641353861967635,0.06531600611421017,6.0,547.7845755603247,4.388149648054634,1.0100000000000002,0.022925974063189792,1.01,0.0,0.022917651,6.0
3.7643574828799804,0.06788655142907235,6.0,548.8100331036854,4.3868814244972105,1.0110000000000003,0.022925974035826583,1.0110000000000001,0.0,0.022917651,6.0
3.764579189493111,0.07046223371316952,6.0,549.8463016975785,4.385606491628781,1.012,0.02292597400360076,1.012,0.0,0.022917651,6.0
3.7648005499427746,0.07304228064431749,6.0,550.8934309129324,4.384325803029374,1.0130000000000001,0.022925973969002474,1.0130000000000001,0.0,0.022917651,6.0
3.7650212248652593,0.07562869914863664,6.0,551.9519594332065,4.383036007482249,1.014,0.02292597394881855,1.014,0.0,0.022917651,6.0
3.765241209464561,0.0782201814508511,6.0,553.0217860688455,4.3817383887398496,1.0150000000000003,0.022925973925086537,1.0150000000000001,0.0,0.022917651,6.0
3.7654603302996494,0.08081746007470411,6.0,554.1032243253428,4.38043152093556,1.016,0.022925973896558538,1.016,0.0,0.022917651,6.0
3.7656790113761147,0.0834195057740349,6.0,555.1965717157655,4.3791181325686495,1.0170000000000001,0.02292597386895336,1.0170000000000001,0.0,0.022917651,6.0
3.76589727145149,0.08602608941467813,6.0,556.3017868017487,4.3777985226621,1.0180000000000002,0.022925973839350106,1.018,0.0,0.022917651,6.0
3.766114963538907,0.08863856793054853,6.0,557.41934777052,4.376470744061129,1.0190000000000003,0.02292597380391811,1.0190000000000001,0.0,0.022917651,6.0
3.766331882126079,0.09125707213155031,6.0,558.5496091386494,4.375133839499628,1.0200000000000002,0.02292597377872821,1.02,0.0,0.022917651,6.0
3.766548217410626,0.0938805949860059,6.0,559.6925410733131,4.37378958148098,1.0210000000000001,0.022925973754752776,1.0210000000000001,0.0,0.022917651,6.0
3.766763890035662,0.09651009908770752,6.0,560.8488495194213,4.372436694969029,1.022,0.022925973719046117,1.022,0.0,0.022917651,6.0
3.766978792323614,0.0991447104836346,6.0,562.0184147850256,4.371075622526523,1.0230000000000004,0.022925973692810846,1.0230000000000001,0.0,0.022917651,6.0
3.7671928296736987,0.10178436793463495,6.0,563.2013288678454,4.369706044040616,1.024,0.022925973668507453,1.024,0.0,0.022917651,6.0
3.7674050722456616,0.10443120039373952,6.0,564.3984163402195,4.368322105729756,1.0250000000000001,0.022925973632526127,1.025,0.0,0.022917651,6.0
3.76761615423288,0.10708237545721785,6.0,565.6096488781576,4.366929184912749,1.0260000000000002,0.022925973608715587,1.026,0.0,0.022917651,6.0
3.7678263216118313,0.10973802317789355,6.0,566.8350875513346,4.365528132647504,1.027,0.022925973586508334,1.027,0.0,0.022917651,6.0
3.7680354124402826,0.11239925574566864,6.0,568.0754769824574,4.364117185835864,1.028,0.022925973551760313,1.028,0.0,0.022917651,6.0
3.7682438694851452,0.11506713458182122,6.0,569.3315237569592,4.362697063452637,1.0290000000000001,0.022925973517966675,1.029,0.0,0.022917651,6.0
3.7684517242794033,0.11774043583411367,6.0,570.6030439228849,4.361269111944495,1.03,0.02292597348734378,1.03,0.0,0.022917651,6.0
3.7686588971275117,0.1204192150825061,6.0,571.8905658946072,4.359832956179369,1.031,0.02292597346221649,1.031,0.0,0.022917651,6.0
3.7688650706529683,0.12310382906688895,6.0,573.1953402980026,4.358386947907252,1.032,0.022925973426800805,1.032,0.0,0.022917651,6.0
3.769070398307295,0.1257935762306294,6.0,574.516656383358,4.356932431925996,1.033,0.022925973397390286,1.033,0.0,0.022917651,6.0
3.7692749004003807,0.12848854099050577,6.0,575.8549074270037,4.355469406431008,1.0340000000000003,0.022925973372416815,1.034,0.0,0.022917651,6.0
3.7694786455668674,0.13118952384577875,6.0,577.2116203098612,4.353997338132257,1.035,0.02292597333588615,1.035,0.0,0.022917651,6.0
3.7696813874217274,0.1338956531167127,6.0,578.5868793022973,4.352516096962234,1.036,0.022925973308826217,1.036,0.0,0.022917651,6.0
3.7698831628460185,0.13660690283146237,6.0,579.980688052734,4.351025872924519,1.037,0.022925973279876288,1.037,0.0,0.022917651,6.0
3.7700839261480854,0.13932344398188454,6.0,581.3935192526865,4.349526320670129,1.0380000000000003,0.022925973243567207,1.038,0.0,0.022917651,6.0
3.7702834975750648,0.1420458044612138,6.0,582.8275044103718,4.348016160579026,1.039,0.02292597321320333,1.039,0.0,0.022917651,6.0
3.7704820065885785,0.14477307305675585,6.0,584.2818796289406,4.346496861925992,1.04,0.022925973182410297,1.04,0.0,0.022917651,6.0
3.7706793322116248,0.14750494272706893,6.0,585.757227881047,4.344968232298427,1.041,0.022925973149112835,1.041,0.0,0.022917651,6.0
3.770875358912049,0.15024123400473882,6.0,587.254266625517,4.343429976760649,1.0420000000000003,0.022925973112645732,1.042,0.0,0.022917651,6.0
3.7710700327732547,0.1529829714686999,6.0,588.7748953604772,4.341880856459913,1.043,0.02292597308581347,1.043,0.0,0.022917651,6.0
3.7712634960978937,0.155729793570605,6.0,590.3188933336162,4.340321810990362,1.044,0.02292597305232269,1.044,0.0,0.022917651,6.0
3.7714557015670667,0.1584810720529671,6.0,591.886758187591,4.338753277648355,1.0450000000000002,0.022925973018263754,1.045,0.0,0.022917651,6.0
3.7716465702404234,0.16123658455078874,6.0,593.4791483902993,4.337175163381081,1.046,0.022925972986173698,1.046,0.0,0.022917651,6.0
3.771835939473402,0.16399668858082483,6.0,595.097068154697,4.335586461776485,1.047,0.022925972955167108,1.047,0.0,0.022917651,6.0
3.7720235644489057,0.16676051032172773,6.0,596.7428442608928,4.333987067514382,1.048,0.022925972918118192,1.048,0.0,0.022917651,6.0
3.772209581061573,0.169528168851713,6.0,598.4154942224649,4.332377408161291,1.049,0.022925972886508935,1.049,0.0,0.022917651,6.0
3.7723938545843216,0.1722997680818766,6.0,600.1155983214444,4.330756835510471,1.0500000000000003,0.022925972855016217,1.05,0.0,0.022917651,6.0
3.7725762609376696,0.1750751517432487,6.0,601.8438872994782,4.329125005349459,1.051,0.02292597281868887,1.051,0.0,0.022917651,6.0
3.7727565809583243,0.1778534208046579,6.0,603.6024888945359,4.327481947086629,1.052,0.02292597278078487,1.052,0.0,0.022917651,6.0
3.7729347513848603,0.1806340902170066,6.0,605.392082211267,4.3258278768588125,1.0530000000000002,0.022925972760964176,1.053,0.0,0.022917651,6.0
3.7731110157521925,0.1834177477900804,6.0,607.2126195546444,4.324163207322601,1.054,0.02292597273102985,1.054,0.0,0.022917651,6.0
3.7732852503235503,0.18620434963503918,6.0,609.064768510288,4.322487471171413,1.055,0.022925973005810764,1.055,0.0,0.022917651,6.0
3.7734573099348774,0.1889933761350265,6.0,610.9492031017537,4.3208006034612225,1.056,0.02292597345472596,1.056,0.0,0.022917651,6.0
3.7736270371606464,0.19178393549543465,6.0,612.8666943164806,4.3191028849369175,1.057,0.022925973408037377,1.057,0.0,0.022917651,6.0
3.773793440704215,0.1945773002048176,6.0,614.8184106660661,4.317389057871496,1.0580000000000003,0.022925973351777436,1.058,0.0,0.022917651,6.0
3.773956803851971,0.19737239693357564,6.0,616.8045712825644,4.315661341790326,1.059,0.02292597329989715,1.059,0.0,0.022917651,6.0
3.7741178647831872,0.20016918545905257,6.0,618.8240976672413,4.3139227187878895,1.06,0.022925973248015506,1.06,0.0,0.022917651,6.0
3.7742765701338556,0.20296774508965995,6.0,620.8771166516855,4.312172908983078,1.061,0.022925973193709596,1.061,0.0,0.022917651,6.0
3.774432678278194,0.2057681055493976,6.0,622.9636294174004,4.310410917059675,1.062,0.02292597313773208,1.062,0.0,0.022917651,6.0
3.774586045900578,0.20857021113070628,6.0,625.0830584813897,4.308636207160484,1.063,0.02292597308364138,1.063,0.0,0.022917651,6.0
3.7747365830908994,0.21137397167286356,6.0,627.2343776567408,4.3068485247006025,1.064,0.02292597303367135,1.064,0.0,0.022917651,6.0
3.7748844472948373,0.21417977988964118,6.0,629.4166789497848,4.305048094453913,1.065,0.022925972977184485,1.065,0.0,0.022917651,6.0
3.7750296638612584,0.2169887422108414,6.0,631.627171558095,4.303233925002262,1.0660000000000003,0.02292597292037521,1.066,0.0,0.022917651,6.0
3.7751723610275705,0.21980141663712366,6.0,633.8634093702316,4.30140597099028,1.067,0.02292597286866781,1.067,0.0,0.022917651,6.0
3.7753125099231304,0.2226180007256772,6.0,636.1225106308636,4.299563910561284,1.068,0.02292597281554598,1.068,0.0,0.022917651,6.0
3.775450079871293,0.22543923629722745,6.0,638.401112089107,4.29770687548685,1.069,0.022925972758462036,1.069,0.0,0.022917651,6.0
3.7755851409882166,0.22826657181224191,6.0,640.6951539091642,4.295833706168399,1.07,0.022925972706967557,1.07,0.0,0.022917651,6.0
3.7757178095577153,0.2311012427225349,6.0,642.9997572585271,4.293943643013161,1.071,0.022925972669726985,1.071,0.0,0.022917651,6.0
3.775848194072547,0.23394391970377945,6.0,645.3102161172528,4.292036436986575,1.072,0.022925972614676868,1.072,0.0,0.022917651,6.0
3.7759762338499137,0.23679732526753733,6.0,647.6173319824842,4.290109114147932,1.073,0.02292597255759292,1.073,0.0,0.022917651,6.0
3.7761026930124033,0.23966305633968918,6.0,649.9164209368461,4.28816313784113,1.074,0.022925972506848136,1.074,0.0,0.022917651,6.0
3.776226535718896,0.24254253172849577,6.0,652.2010250013284,4.286192951591369,1.075,0.02292597245600981,1.075,0.0,0.022917651,6.0
3.7763487458897176,0.24543724133046696,6.0,654.4630273758734,4.284201011130167,1.076,0.022925972399525082,1.076,0.0,0.022917651,6.0
3.776469699585309,0.2483501172401661,6.0,656.694746900347,4.282185893032295,1.077,0.022925972346726907,1.077,0.0,0.022917651,6.0
3.776589332914467,0.25128097199956684,6.0,658.8896095313103,4.280147490188217,1.078,0.022925972290301196,1.078,0.0,0.022917651,6.0
3.7767077337539425,0.2542336899672239,6.0,661.0391868334489,4.278082311670324,1.079,0.022925972232393253,1.079,0.0,0.022917651,6.0
3.7768250237490677,0.25721045023646133,6.0,663.1345113080716,4.2759886317249745,1.08,0.02292597217837685,1.08,0.0,0.022917651,6.0
3.7769415595715947,0.26021161363462236,6.0,665.1777533848799,4.273867527398174,1.081,0.02292597212170839,1.081,0.0,0.022917651,6.0
3.7770587026425897,0.26324406591848326,6.0,667.2267552599586,4.271717579558687,1.082,0.022925972063613416,1.082,0.0,0.022917651,6.0
3.7771771084905175,0.2663099483098951,6.0,669.3232258015936,4.269539256774206,1.083,0.02292597200812976,1.083,0.0,0.022917651,6.0
3.7772954814766964,0.2694047053334608,6.0,671.4772040095545,4.267331924275469,1.0839999999999999,0.022925971951642858,1.084,0.0,0.022917651,6.0
3.7774132295875296,0.2725295770145068,6.0,673.6889674513126,4.265091970113719,1.0850000000000002,0.022925971895666954,1.085,0.0,0.022917651,6.0
3.7775304514179378,0.27568772523873525,6.0,675.9609668133003,4.262816636593406,1.086,0.022925971844644812,1.086,0.0,0.022917651,6.0
3.7776471838816286,0.278880144962753,6.0,678.3000514525306,4.260505076038313,1.087,0.022925971786983024,1.087,0.0,0.022917651,6.0
3.777763780038158,0.28210575383309444,6.0,680.7204287492597,4.258159773047551,1.0880000000000003,0.022925971727701746,1.088,0.0,0.022917651,6.0
3.7778790759606857,0.28536926597895723,6.0,683.228549747926,4.255771361698108,1.0890000000000002,0.02292597167292644,1.089,0.0,0.022917651,6.0
3.77799330491525,0.2886648699139465,6.0,685.8226618343755,4.2533466172488446,1.09,0.022925971636605858,1.09,0.0,0.022917651,6.0
3.7781061662409137,0.29199316053396807,6.0,688.4959941321138,4.250883690468495,1.0910000000000002,0.02292597157732458,1.091,0.0,0.022917651,6.0
3.7782176502228375,0.295354051403685,6.0,691.2484930764826,4.248382651628139,1.092,0.022925971518140787,1.092,0.0,0.022917651,6.0
3.778327425456445,0.29875209511801737,6.0,694.0868304060554,4.245837626372594,1.093,0.02292597146068469,1.093,0.0,0.022917651,6.0
3.7784353144449985,0.3021789866383021,6.0,697.0010376172934,4.243256236994607,1.0940000000000003,0.022925971401128748,1.094,0.0,0.022917651,6.0
3.778541076637234,0.3056397262557382,6.0,699.9953212569213,4.240632460809524,1.095,0.022925971346843314,1.095,0.0,0.022917651,6.0
3.7786441915544877,0.30913160268422535,6.0,703.069075826412,4.237966989884577,1.0960000000000003,0.022925971286411526,1.096,0.0,0.022917651,6.0
3.778744686159368,0.31265335334245514,6.0,706.2199945973149,4.235261138825343,1.097,0.022925971225756916,1.097,0.0,0.022917651,6.0
3.778842207341378,0.31620820353243057,6.0,709.4534747800385,4.23251029720563,1.098,0.02292597116546178,1.098,0.0,0.022917651,6.0
3.7789365937397226,0.31979200335006663,6.0,712.7665287213401,4.229717964504282,1.0990000000000002,0.02292597110472236,1.099,0.0,0.022917651,6.0
3.7790282482497988,0.3234072179512478,6.0,716.1649331003877,4.226883294577496,1.1000000000000003,0.022925971043793084,1.1,0.0,0.022917651,6.0
3.7790442679091676,0.32602619941323774,6.0,718.3773617105384,4.224706271234195,1.101,0.0229259710380718,1.101,0.0,0.022917651,6.0
3.7790611583656726,0.32865621410067253,6.0,720.6039136251479,4.222521707483457,1.102,0.022925971032350514,1.102,0.0,0.022917651,6.0
3.7790793552926654,0.3312955902396502,6.0,722.838082040797,4.220333008185491,1.103,0.022925971026629237,1.103,0.0,0.022917651,6.0
3.779098898438305,0.3339446126436876,6.0,725.0800986824946,4.218140047520092,1.1040000000000005,0.022925971020907952,1.104,0.0,0.022917651,6.0
3.77911954111967,0.33660511866318454,6.0,727.3348150413067,4.21594000177835,1.1050000000000002,0.022925971015186664,1.105,0.0,0.022917651,6.0
3.7791413263588742,0.33927740956173824,6.0,729.6021595122155,4.2137327417135815,1.106,0.022925971009465376,1.106,0.0,0.022917651,6.0
3.7791645312321305,0.34196056272629677,6.0,731.8785702102865,4.2115202979201145,1.107,0.022925971003744088,1.107,0.0,0.022917651,6.0
3.7791891336464607,0.3446556799427894,6.0,734.166588261048,4.209301477724507,1.1080000000000003,0.022925970998022807,1.108,0.0,0.022917651,6.0
3.779215064507043,0.3473644230553965,6.0,736.4701439127892,4.207074338871789,1.1090000000000002,0.022925970992301523,1.109,0.0,0.022917651,6.0
3.7792425414452233,0.35008526232938725,6.0,738.7837319213804,4.204841288130276,1.1100000000000003,0.022925970986580238,1.11,0.0,0.022917651,6.0
3.7792715288926892,0.3528192632392713,6.0,741.1098468540035,4.202601118135706,1.111,0.022925970982219088,1.111,0.0,0.022917651,6.0
3.77930189987763,0.35556831098183583,6.0,743.4534399356612,4.2003514366545245,1.112,0.022925970982065943,1.112,0.0,0.022917651,6.0
3.779333977431594,0.3583308143723595,6.0,745.8082133067313,4.198095125834968,1.113,0.022925970981909436,1.113,0.0,0.022917651,6.0
3.77936766819492,0.36110850441020054,6.0,748.1786864590423,4.195830083983934,1.114,0.02292597098058308,1.114,0.0,0.022917651,6.0
3.779402971409299,0.3639024763185299,6.0,750.5671049397929,4.193555213895271,1.115,0.022925970977608064,1.115,0.0,0.022917651,6.0
3.7794401645016293,0.36671147399525406,6.0,752.9681063702058,4.191272877470641,1.1160000000000003,0.022925970974631216,1.116,0.0,0.022917651,6.0
3.779479182753812,0.3695394378131417,6.0,755.3985329834452,4.188978875667277,1.117,0.02292597096932858,1.117,0.0,0.022917651,6.0
3.7795201864916517,0.3723846922454209,6.0,757.8475859290029,4.186675525417224,1.1180000000000003,0.02292597096333263,1.118,0.0,0.022917651,6.0
3.7795648721422825,0.3752498550595648,6.0,760.4870450996814,4.184366992539238,1.1190000000000002,0.02292597095733668,1.119,0.0,0.022917651,6.0
3.7796154849982404,0.37813985177727477,6.0,763.5579611818406,4.182057329610733,1.1200000000000003,0.022925970951340732,1.12,0.0,0.022917651,6.0
3.779668355815127,0.38104826402910846,6.0,766.6437055461191,4.17973828288059,1.1210000000000002,0.02292597094534478,1.121,0.0,0.022917651,6.0
3.779715817451556,0.38396564995015425,6.0,769.7472800367066,4.17738862569491,1.122,0.022925970939348828,1.122,0.0,0.022917651,6.0
3.779765583109102,0.38690262131574704,6.0,772.8665747278585,4.175028599298762,1.123,0.022925970933352878,1.123,0.0,0.022917651,6.0
3.7798183871817335,0.3898700550543535,6.0,775.9729201264331,4.1726502665803435,1.124,0.022925970927356928,1.124,0.0,0.022917651,6.0
3.7798739621048028,0.3928618836763364,6.0,779.0840220148187,4.170258622791639,1.125,0.022925970921360974,1.125,0.0,0.022917651,6.0
3.7799318970919513,0.39587694978159954,6.0,782.1893245691481,4.1678531780301205,1.1260000000000003,0.02292597091536502,1.1260000000000001,0.0,0.022917651,6.0
3.7799925270882473,0.39891578321232185,6.0,785.2983977916975,4.1654347446537905,1.127,0.02292597090936907,1.127,0.0,0.022917651,6.0
3.780055420544017,0.4019853610357858,6.0,788.3991801397558,4.16299463487704,1.1280000000000003,0.022925970903373116,1.1280000000000001,0.0,0.022917651,6.0
3.7801211513813975,0.4050825152937323,6.0,791.5032862238442,4.160538302145856,1.129,0.022925970897377166,1.129,0.0,0.022917651,6.0
3.7801891129762817,0.4082110188773089,6.0,794.6111121262526,4.158059523074458,1.1300000000000001,0.02292597089138122,1.1300000000000001,0.0,0.022917651,6.0
3.780259941324796,0.41137008162101224,6.0,797.72337829705,4.1555616538957825,1.131,0.02292597088538527,1.131,0.0,0.022917651,6.0
3.780332850731103,0.414566374676788,6.0,800.8304781534024,4.153034889946333,1.1320000000000001,0.022925970879389315,1.1320000000000001,0.0,0.022917651,6.0
3.780408795729575,0.4177967581888109,6.0,803.9466767544295,4.150486175092195,1.133,0.022925970873393365,1.133,0.0,0.022917651,6.0
3.780488025968852,0.4210622039121852,6.0,807.0716391514079,4.147915536799689,1.1340000000000001,0.022925970867397415,1.1340000000000001,0.0,0.022917651,6.0
3.780567773503771,0.4243764394727198,6.0,810.1830202121059,4.145298176468523,1.135,0.022925970861401464,1.135,0.0,0.022917651,6.0
3.780651058655719,0.4277307023844298,6.0,813.302440033178,4.142654938154817,1.1360000000000003,0.022925970855405514,1.1360000000000001,0.0,0.022917651,6.0
3.7807379988275227,0.4311273217137161,6.0,816.4304844856127,4.139983962112474,1.1370000000000002,0.022925970850702145,1.137,0.0,0.022917651,6.0
3.780828338843959,0.43457039625557903,6.0,819.5687189528926,4.137280127074112,1.1380000000000001,0.02292597085730044,1.1380000000000001,0.0,0.022917651,6.0
3.780914826235705,0.43807855690269604,6.0,822.7016638466928,4.134495806473847,1.139,0.022925970854172327,1.139,0.0,0.022917651,6.0
3.781001311718835,0.4416454160497329,6.0,825.8369198554328,4.131652775988636,1.1400000000000003,0.02292597084790171,1.1400000000000001,0.0,0.022917651,6.0
3.7810901797806986,0.44526933910799993,6.0,828.9795853608905,4.1287622054461695,1.141,0.02292597084163109,1.141,0.0,0.022917651,6.0
3.781182569493489,0.4489527555854278,6.0,832.1320301374068,4.12582623310673,1.1420000000000001,0.022925970835360472,1.1420000000000001,0.0,0.022917651,6.0
3.7812781919181244,0.4526992757182474,6.0,835.2950450097727,4.122840082976972,1.143,0.022925970829089856,1.143,0.0,0.022917651,6.0
3.78135818027533,0.45653238408181496,6.0,838.4616415216243,4.119704819744546,1.1440000000000003,0.022925970822819237,1.1440000000000001,0.0,0.022917651,6.0
3.7814203577135244,0.4604579683726223,6.0,841.6313193600013,4.1164058298582455,1.145,0.02292597081654862,1.145,0.0,0.022917651,6.0
3.78148068519764,0.46446404221334264,6.0,844.8108033151345,4.11301895406923,1.1460000000000001,0.022925970810278,1.1460000000000001,0.0,0.022917651,6.0
3.7815414875282625,0.46855341586498295,6.0,848.001751195002,4.109550693501911,1.1469999999999998,0.022925970804007385,1.147,0.0,0.022917651,6.0
3.7816028727745863,0.47273200568088936,6.0,851.2049860588745,4.105995519538432,1.1480000000000001,0.02292597079773677,1.1480000000000001,0.0,0.022917651,6.0
3.7815703567979178,0.47670375218390754,6.0,854.4214549444887,4.102271604871941,1.149,0.02292597080547415,1.149,0.0,0.022917651,6.0
3.7813889980073445,0.48030344564503014,6.0,857.651173094501,4.098324363724605,1.1500000000000001,0.022925970798928868,1.1500000000000001,0.0,0.022917651,6.0
3.7811875301539857,0.4839427195264302,6.0,860.8953490348447,4.094257100595859,1.151,0.022925970792383586,1.151,0.0,0.022917651,6.0
3.780964610950351,0.4876250890894317,6.0,864.1546458016943,4.09006093800416,1.1520000000000001,0.022925970785838298,1.1520000000000001,0.0,0.022917651,6.0
3.7808105576743545,0.49135273372501326,6.0,867.3933222511794,4.086094963805566,1.1530000000000002,0.02292597078197627,1.153,0.0,0.022917651,6.0
3.78065655572301,0.49512129889415823,6.0,870.6310637530528,4.082088275329873,1.154,0.02292597077850824,1.154,0.0,0.022917651,6.0
3.7804889696618575,0.4989324865948217,6.0,873.8723062901693,4.077984627643927,1.155,0.022925970775033666,1.155,0.0,0.022917651,6.0
3.780306918719254,0.5027890604027982,6.0,877.1172768639726,4.073777734069833,1.156,0.022925970771552135,1.156,0.0,0.022917651,6.0
3.7800860863404426,0.5065987022644904,6.0,880.4326378081221,4.069462646302131,1.157,0.0229259707681298,1.157,0.0,0.022917651,6.0
3.779846273120057,0.5104438378229293,6.0,883.7580528417965,4.065036141372304,1.158,0.022925970764699887,1.158,0.0,0.022917651,6.0
3.779587671790754,0.5143327177058322,6.0,887.0899628664009,4.060490739590489,1.159,0.022925970761257474,1.159,0.0,0.022917651,6.0
3.7792903730940095,0.518051939100251,6.0,890.505296146646,4.055960208802695,1.1600000000000001,0.022925970762485117,1.16,0.0,0.022917651,6.0
3.7789608961728125,0.5216783342146064,6.0,893.9739239205624,4.051393792674323,1.161,0.0229259707662039,1.161,0.0,0.022917651,6.0
3.778607787536649,0.5253263538951806,6.0,897.4557844358127,4.046711225329835,1.1620000000000001,0.022925970769841635,1.162,0.0,0.022917651,6.0
3.7782347547702315,0.5288071372845352,6.0,901.1023590529009,4.042116196317519,1.163,0.02292597076742605,1.163,0.0,0.022917651,6.0
3.7778395290206803,0.5322338147727431,6.0,904.819007803485,4.037486500820772,1.164,0.02292597076309604,1.164,0.0,0.022917651,6.0
3.7774209927693465,0.5356486270000506,6.0,908.5781774196561,4.032775428864145,1.1650000000000003,0.022925970759477433,1.165,0.0,0.022917651,6.0
3.776998736910994,0.5388753559683391,6.0,912.5783617666227,4.028237564786049,1.166,0.022925970765241364,1.166,0.0,0.022917651,6.0
3.776553723082306,0.5420895167576516,6.0,916.6160989528793,4.023621237013922,1.167,0.022925970770663672,1.167,0.0,0.022917651,6.0
3.7760859217434435,0.5452509059200498,6.0,920.7584511146363,4.0189665276480415,1.168,0.022925970780529072,1.168,0.0,0.022917651,6.0
3.7755960701317703,0.5483494676450261,6.0,925.0173086273031,4.0142864408228744,1.1690000000000003,0.022925970795134316,1.169,0.0,0.022917651,6.0
3.7750820401616263,0.5514249093828345,6.0,929.3259993572461,4.009532760479037,1.1700000000000002,0.022925970809123904,1.17,0.0,0.022917651,6.0
3.774535934758189,0.5544192322147949,6.0,933.7781539439425,4.004731904277689,1.171,0.0229259708271472,1.171,0.0,0.022917651,6.0
3.773965049146253,0.5573858862578127,6.0,938.2817687962703,3.9998595961657526,1.172,0.022925970844897225,1.172,0.0,0.022917651,6.0
3.773354832640077,0.5602735623559097,6.0,942.898058978789,3.9949089422383106,1.173,0.02292597090320003,1.173,0.0,0.022917651,6.0
3.7727143802001812,0.5631125915273131,6.0,947.5869388718247,3.989885991843432,1.174,0.02292597097427106,1.174,0.0,0.022917651,6.0
3.7720256256625984,0.5658701752618028,6.0,952.3706055697893,3.9847512750310474,1.175,0.022925971153281544,1.175,0.0,0.022917651,6.0
3.7712991282480655,0.5685664723773123,6.0,957.2296382720461,3.9795268712574727,1.176,0.022925971385489234,1.176,0.0,0.022917651,6.0
3.770526560421161,0.5711526610525476,6.0,962.2060230103,3.9742283026309058,1.177,0.02292597177335595,1.177,0.0,0.022917651,6.0
3.7697181400989312,0.5736678190737533,6.0,967.2625889129183,3.968857356011346,1.178,0.022925972225794893,1.178,0.0,0.022917651,6.0
3.7688499988366693,0.5760382836662907,6.0,972.4488434430782,3.9633921974533997,1.179,0.022925972964253204,1.179,0.0,0.022917651,6.0
3.7679280382224962,0.5783171552076873,6.0,977.7147477260586,3.9578033640900174,1.1800000000000002,0.02292597382950123,1.18,0.0,0.022917651,6.0
3.766941769546802,0.5804866802079393,6.0,983.0663726030599,3.9520666593906526,1.181,0.022925974865461395,1.181,0.0,0.022917651,6.0
3.7658889671859854,0.5824881747711208,6.0,988.538290772188,3.946231834889502,1.182,0.02292597645040824,1.182,0.0,0.022917651,6.0
3.7647778601247928,0.5843387826201425,6.0,994.1131294530841,3.940314685186612,1.183,0.022925978552927998,1.183,0.0,0.022917651,6.0
3.7635950353964795,0.5860203797493564,6.0,999.7889829264542,3.934279678145987,1.184,0.022925981615774815,1.184,0.0,0.022917651,6.0
3.762313725027396,0.5875093065691548,6.0,1005.5574289152364,3.9280433879532017,1.1850000000000003,0.02292598647312475,1.185,0.0,0.022917651,6.0
3.7609322476547176,0.5887525620582283,6.0,1011.4305099835,3.9216521241255036,1.186,0.022925992566045855,1.186,0.0,0.022917651,6.0
3.7594389927700567,0.5896887261927938,6.0,1017.422318038566,3.915120828962406,1.187,0.02292600189569206,1.187,0.0,0.022917651,6.0
3.757803603956662,0.5902918992758617,6.0,1023.4988215974738,3.9083539721142766,1.188,0.0229260140424456,1.188,0.0,0.022917651,6.0
3.755996304325984,0.5904625970940837,6.0,1029.6568882729014,3.901331963818666,1.1890000000000003,0.02292603452899595,1.189,0.0,0.022917651,6.0
3.7540103661091133,0.5900951778966778,6.0,1035.8999797793817,3.8941335184018326,1.19,0.02292606648241263,1.19,0.0,0.022917651,6.0
3.7517722425936717,0.5890639909102826,6.0,1042.2028259111682,3.8865900863227845,1.1910000000000003,0.022926119829891366,1.191,0.0,0.022917651,6.0
3.7492303285232222,0.5870432621310259,6.0,1048.550185125158,3.8788210519292745,1.192,0.02292620947627509,1.192,0.0,0.022917651,6.0
3.7462781679932435,0.5837818210011841,6.0,1054.9145814727865,3.870651726771632,1.1930000000000003,0.02292638706065664,1.193,0.0,0.022917651,6.0
3.742851154062938,0.5788815222045463,6.0,1061.2662707159332,3.8622218652041647,1.1940000000000002,0.022926759126650324,1.194,0.0,0.022917651,6.0
3.7388675663084348,0.5720037003664017,6.0,1067.5621002533064,3.8535432218773376,1.195,0.022927616012054182,1.195,0.0,0.022917651,6.0
3.7342932629962693,0.5631289945661933,6.0,1073.7500195382213,3.8444986101249263,1.1960000000000002,0.022929839072833667,1.196,0.0,0.022917651,6.0
3.729224779503327,0.5528904741006321,6.0,1079.782295574078,3.834841066061882,1.197,0.02293611272779641,1.197,0.0,0.022917651,6.0
3.7238917633427215,0.5426660387849509,6.0,1085.6405083704003,3.8241113362802115,1.198,0.022953071562572584,1.198,0.0,0.022917651,6.0
3.718534846381364,0.5338469186375895,6.0,1091.374330035801,3.8118806527039655,1.199,0.022983710835721483,1.199,0.0,0.022917651,6.0
3.71335181692232,0.5276016762142707,6.0,1097.0337474675744,3.7977716758475064,1.2,0.023031920041299555,1.2,0.0,0.022917651,6.0
3.710129991099716,0.526089686245843,6.0,1100.7327769415083,3.7867439795503075,1.201,0.023078502852894804,1.201,0.0,0.022917651,6.0
3.7071313086033366,0.526552144738165,6.0,1104.4270825088652,3.7746344195281973,1.202,0.023139142477381205,1.202,0.0,0.022917651,6.0
3.7044427006620366,0.5292680716202206,6.0,1108.1361241796408,3.7615116808543827,1.203,0.023222340260823322,1.203,0.0,0.022917651,6.0
3.702019940030628,0.534083304631324,6.0,1111.8843915802706,3.747353008295015,1.2040000000000002,0.023331893750758028,1.204,0.0,0.022917651,6.0
3.699910749100084,0.5409272513819408,6.0,1115.6982861839929,3.7324199388239907,1.205,0.023469279327241827,1.205,0.0,0.022917651,6.0
3.698036700577368,0.5494906215216182,6.0,1119.6040299396695,3.7167079847891618,1.2060000000000002,0.023633422750641297,1.206,0.0,0.022917651,6.0
3.6963799605624006,0.5595941594271098,6.0,1123.632534637098,3.7003251118830556,1.207,0.023825661540762665,1.207,0.0,0.022917651,6.0
3.6949107459829507,0.5710393994162467,6.0,1127.809893186604,3.6833506249694183,1.2080000000000002,0.024027316594023372,1.208,0.0,0.022917651,6.0
3.693599602334781,0.5836418272403605,6.0,1132.154479638666,3.6658512669251424,1.2089999999999999,0.024270857441806255,1.209,0.0,0.022917651,6.0
3.6923858476188602,0.5972806988398013,6.0,1136.6861930168675,3.647704976980749,1.2100000000000002,0.024561043609480162,1.21,0.0,0.022917651,6.0
3.6912907369884835,0.6119755166059359,6.0,1141.422987184971,3.628977355211857,1.211,0.024858750213716498,1.211,0.0,0.022917651,6.0
3.6902932684729013,0.6277081979902486,6.0,1146.388830942138,3.6096024138723135,1.2120000000000002,0.025242282254100478,1.212,0.0,0.022917651,6.0
3.6893781277658304,0.6444788541380898,6.0,1151.6076662724756,3.5895188056953593,1.213,0.025645344433146717,1.213,0.0,0.022917651,6.0
3.6885448012375908,0.662231608053542,6.0,1157.097317099346,3.568780367446395,1.2140000000000002,0.026124565666096247,1.214,0.0,0.022917651,6.0
3.6877543367562566,0.6810179267786416,6.0,1162.8985016521171,3.547179818949435,1.215,0.02661864820655152,1.215,0.0,0.022917651,6.0
3.6870127140233326,0.7008147428337005,6.0,1169.0305756803987,3.5247641271500605,1.2160000000000002,0.02717446529626815,1.216,0.0,0.022917651,6.0
3.686288100985792,0.7216832385733273,6.0,1175.5385325676748,3.501344801895698,1.217,0.027753841582048418,1.217,0.0,0.022917651,6.0
3.6855854255196023,0.7436699501093937,6.0,1182.4617243315686,3.4768950136765224,1.2180000000000002,0.028380623075825222,1.218,0.0,0.022917651,6.0
3.6848704625538864,0.7668689766663547,6.0,1189.840905931632,3.451183755026365,1.2190000000000003,0.029068867268509012,1.219,0.0,0.022917651,6.0
3.6841520989096375,0.7914059827363227,6.0,1197.739162788992,3.424120921288677,1.2200000000000002,0.029731993990484994,1.22,0.0,0.022917651,6.0
3.6833758518458626,0.8172876661851858,6.0,1206.2020120626855,3.3954818740674777,1.221,0.030436729616392225,1.221,0.0,0.022917651,6.0
3.6825586021392023,0.844876141283148,6.0,1215.3152646407125,3.3649720134444747,1.2220000000000002,0.03117867871176105,1.222,0.0,0.022917651,6.0
3.681683916391623,0.8741921882184112,6.0,1225.1546146684827,3.3325048574297242,1.223,0.03186008373791748,1.223,0.0,0.022917651,6.0
3.680734387238051,0.9056038006534707,6.0,1235.8264620618993,3.2976427266011314,1.2240000000000002,0.03251626181409381,1.224,0.0,0.022917651,6.0
3.679679436720211,0.9393067538507779,6.0,1247.4596092630104,3.2600676098570256,1.225,0.033107787157535484,1.225,0.0,0.022917651,6.0
3.6784326550227653,0.9757026377389474,6.0,1260.2048782559912,3.2190322128700513,1.2260000000000002,0.033667423021356564,1.226,0.0,0.022917651,6.0
3.6770428148110033,1.0151606833420044,6.0,1274.2594382615005,3.1743624276697426,1.227,0.03414339966108379,1.227,0.0,0.022917651,6.0
3.675450853442835,1.0584355193884425,6.0,1289.8748981500728,3.1250673701466463,1.2280000000000002,0.03455670317415001,1.228,0.0,0.022917651,6.0
3.67361294711849,1.1061598983284744,6.0,1307.3906654071666,3.0703389825299343,1.229,0.034903655648585205,1.229,0.0,0.022917651,6.0
3.6714420451751453,1.159218853088693,6.0,1327.3288114958739,3.0089440436782406,1.23,0.03514872279803552,1.23,0.0,0.022917651,6.0
3.668817886475264,1.2191165131604849,6.0,1350.3553734816974,2.9388973754540277,1.231,0.03530797706355526,1.231,0.0,0.022917651,6.0
3.6656504943022554,1.2876913679863002,6.0,1377.484476253306,2.8580005673763855,1.2320000000000002,0.03538894565575924,1.232,0.0,0.022917651,6.0
3.661981709800016,1.364339481724772,6.0,1411.7987709463764,2.7670249329877312,1.233,0.03540727843068212,1.233,0.0,0.022917651,6.0
3.6573052528182584,1.4558650917473797,6.0,1458.4483880338835,2.6571411150976965,1.234,0.035402428315623305,1.234,0.0,0.022917651,6.0
3.651270410282472,1.5662645087153364,6.0,1526.1643658174025,2.5229499613247115,1.235,0.03539757820056448,1.235,0.0,0.022917651,6.0
3.6494866878875363,1.6053367735293484,6.0,1623.9272981372662,2.47709041829459,1.236,0.035392728085505656,1.236,0.0,0.022917651,6.0
3.6435484148495516,1.7087248719444263,6.0,1761.7686778375535,2.350296852608977,1.237,0.03538787797044683,1.237,0.0,0.022917651,6.0
3.6312986246858103,1.9033083003574969,6.0,1994.7645266562085,2.1070618791142515,1.2380000000000002,0.03538302785538801,1.238,0.0,0.022917651,6.0
3.6105839036598644,2.2067753353191124,6.0,2505.074538266953,1.721083592926756,1.239,0.035378177740329184,1.239,0.0,0.022917651,6.0
3.5525838347533707,2.908226640816596,6.0,4992.484684440006,0.7879796284574334,1.24,0.03537332762527036,1.24,0.0,0.022917651,6.0
