log_Teff,LogL_lsun,Age_gyr,Step,Log_g,Mass_msun,feh,Mass_input,Metallicity_input,Z_used,Age_input
3.5410664026224556,-1.9146110800061833,9.0,315.68450890225165,4.948782789845781,0.3,0.027037342609052464,0.3,0.0,0.022917651,9.0
3.541217356647442,-1.912094451350823,9.0,315.7090614287213,4.94811936425643,0.301,0.02701482639828333,0.301,0.0,0.022917651,9.0
3.54136833184802,-1.9095793319224486,9.0,315.73004523170835,4.947457532610642,0.302,0.026991905806874706,0.302,0.0,0.022917651,9.0
3.541519328039886,-1.9070657085853875,9.0,315.7474913718703,4.946797281035406,0.30299999999999994,0.02696858435438437,0.303,0.0,0.022917651,9.0
3.5416703450408686,-1.9045535683559631,9.0,315.7614305504556,4.946138595818239,0.30400000000000005,0.026944865519644638,0.304,0.0,0.022917651,9.0
3.5418213826709,-1.9020428984003024,9.0,315.7718931144872,4.945481463404874,0.305,0.026920752741349634,0.305,0.0,0.022917651,9.0
3.5419724407519824,-1.8995336860321799,9.0,315.7789090618566,4.944825870396976,0.30600000000000005,0.02689624941863258,0.306,0.0,0.022917651,9.0
3.5421235191081606,-1.8970259187109033,9.0,315.78250804633007,4.944171803549912,0.307,0.026871358911633066,0.307,0.0,0.022917651,9.0
3.542274617565491,-1.8945195840392306,9.0,315.7827193824696,4.943519249770554,0.308,0.026846084542054567,0.308,0.0,0.022917651,9.0
3.5424257359520173,-1.892014669761327,9.0,315.7795720504685,4.942868196115117,0.309,0.026820429593712506,0.309,0.0,0.022917651,9.0
3.5425767690558825,-1.8895245744896638,9.0,315.7811507002484,4.94223162040875,0.30999999999999994,0.02679408176049997,0.31,0.0,0.022917651,9.0
3.542727779768241,-1.8870439609281875,9.0,315.78490886772823,4.941604436883019,0.311,0.026767218795827663,0.311,0.0,0.022917651,9.0
3.5428788419586428,-1.8845640519586238,9.0,315.78573342899875,4.940978163855288,0.312,0.026740059826855594,0.312,0.0,0.022917651,9.0
3.543029955579461,-1.8820848469290816,9.0,315.7836270982461,4.940352800483161,0.313,0.026712605127448323,0.313,0.0,0.022917651,9.0
3.5431811205831267,-1.8796063451884721,9.0,315.7785925863092,4.939728345925281,0.314,0.026684854971132686,0.314,0.0,0.022917651,9.0
3.5433323369221292,-1.8771285460865108,9.0,315.7706326006849,4.939104799341323,0.31499999999999995,0.026656809631098278,0.315,0.0,0.022917651,9.0
3.543483604549017,-1.8746514489737145,9.0,315.75974984553363,4.938482159892007,0.316,0.02662846938019802,0.316,0.0,0.022917651,9.0
3.5436349234163953,-1.8721750532013985,9.0,315.74594702168326,4.937860426739078,0.317,0.026599834490948646,0.317,0.0,0.022917651,9.0
3.543786293476931,-1.8696993581216794,9.0,315.7292268266355,4.937239599045318,0.318,0.026570905235531222,0.318,0.0,0.022917651,9.0
3.543937714683347,-1.8672243630874699,9.0,315.70959195457067,4.936619675974541,0.319,0.026541681885791694,0.319,0.0,0.022917651,9.0
3.544089186988425,-1.8647500674524804,9.0,315.6870450963524,4.936000656691586,0.32,0.02651216471324134,0.32,0.0,0.022917651,9.0
3.544240710345003,-1.8622764705712158,9.0,315.66158893953315,4.935382540362325,0.32099999999999995,0.026482353989057367,0.321,0.0,0.022917651,9.0
3.544392284705981,-1.8598035717989752,9.0,315.6332261683593,4.934765326153652,0.322,0.026452249984083357,0.322,0.0,0.022917651,9.0
3.544543910024313,-1.8573313704918504,9.0,315.60195946377564,4.934149013233487,0.323,0.0264218529688298,0.323,0.0,0.022917651,9.0
3.5446955862530127,-1.8548598660067261,9.0,315.5677915034316,4.933533600770772,0.32400000000000007,0.02639116321347463,0.324,0.0,0.022917651,9.0
3.5448473133451515,-1.8523890577012752,9.0,315.53072496168494,4.932919087935473,0.325,0.026360180987863704,0.325,0.0,0.022917651,9.0
3.5449990912538585,-1.8499189449339621,9.0,315.4907625096081,4.932305473898574,0.32600000000000007,0.026328906561511337,0.326,0.0,0.022917651,9.0
3.5451509199323197,-1.847449527064038,9.0,315.44790681499217,4.931692757832077,0.327,0.02629734020360078,0.327,0.0,0.022917651,9.0
3.5453027993337787,-1.8449808034515403,9.0,315.4021605423527,4.931080938909,0.328,0.026265482182984762,0.328,0.0,0.022917651,9.0
3.5454547294115373,-1.842512773457294,9.0,315.3535263529341,4.930470016303379,0.329,0.026233332768185978,0.329,0.0,0.022917651,9.0
3.5456067101189537,-1.8400454364429055,9.0,315.3020069047154,4.929859989190263,0.33,0.026200892227397594,0.33,0.0,0.022917651,9.0
3.5457587414094442,-1.8375787917707682,9.0,315.24760485241444,4.929250856745709,0.33100000000000007,0.026168160828483767,0.331,0.0,0.022917651,9.0
3.5459108232364813,-1.8351128388040538,9.0,315.1903228474934,4.92864261814679,0.33199999999999996,0.02613513883898013,0.332,0.0,0.022917651,9.0
3.5460629555535945,-1.832647576906717,9.0,315.1301635381637,4.9280352725715835,0.333,0.026101826526094322,0.333,0.0,0.022917651,9.0
3.546215138314373,-1.8301830054434913,9.0,315.067129569391,4.927428819199179,0.3340000000000001,0.02606822415670645,0.334,0.0,0.022917651,9.0
3.5463673714724577,-1.8277191237798884,9.0,315.0012235828998,4.926823257209667,0.3350000000000001,0.026034331997369636,0.335,0.0,0.022917651,9.0
3.5465196549815508,-1.8252559312821983,9.0,314.932448217179,4.926218585784144,0.336,0.02600015031431048,0.336,0.0,0.022917651,9.0
3.54667198879541,-1.8227934273174857,9.0,314.86080610748655,4.925614804104712,0.3370000000000001,0.025965679373429595,0.337,0.0,0.022917651,9.0
3.5468243728678472,-1.8203316112535908,9.0,314.7862998858542,4.925011911354474,0.338,0.025930919440302073,0.338,0.0,0.022917651,9.0
3.5469768071527343,-1.817870482459127,9.0,314.7089321810928,4.924409906717525,0.339,0.025895870780177997,0.339,0.0,0.022917651,9.0
3.547129291603998,-1.8154100403034807,9.0,314.62870561879686,4.923808789378967,0.34,0.025860533657982937,0.34,0.0,0.022917651,9.0
3.5472818261756216,-1.8129502841568097,9.0,314.54562282135015,4.923208558524897,0.341,0.025824908338318464,0.341,0.0,0.022917651,9.0
3.5474344108216442,-1.8104912133900404,9.0,314.4596864079295,4.922609213342403,0.342,0.025788995085462604,0.342,0.0,0.022917651,9.0
3.5475870454961616,-1.80803282737487,9.0,314.3708989945107,4.922010753019571,0.3430000000000001,0.02575279416337038,0.343,0.0,0.022917651,9.0
3.5477397301533253,-1.8055751254837629,9.0,314.2792631938731,4.921413176745478,0.344,0.025716305835674257,0.34400000000000003,0.0,0.022917651,9.0
3.547892464747344,-1.8031181070899491,9.0,314.18478161560404,4.9208164837101895,0.3450000000000001,0.02567953036568468,0.34500000000000003,0.0,0.022917651,9.0
3.54804524923248,-1.8006617715674247,9.0,314.08745686610433,4.920220673104763,0.3460000000000001,0.025642468016390536,0.34600000000000003,0.0,0.022917651,9.0
3.548197912095907,-1.7982118034117691,9.0,313.9956928254282,4.919630743541547,0.34700000000000003,0.025605295498014442,0.34700000000000003,0.0,0.022917651,9.0
3.5483504617460064,-1.795767674901453,9.0,313.90919566907394,4.919046200942937,0.3480000000000001,0.025568025539022966,0.34800000000000003,0.0,0.022917651,9.0
3.5485030659437555,-1.7933237539934175,9.0,313.81978290120793,4.918462084151817,0.3490000000000001,0.025530491302163817,0.34900000000000003,0.0,0.022917651,9.0
3.5486557250534356,-1.7908800420740736,9.0,313.7274350507826,4.917878396011817,0.35000000000000003,0.025492691022535572,0.35000000000000003,0.0,0.022917651,9.0
3.548808439442577,-1.7884365405422038,9.0,313.6321324729884,4.917295139391943,0.35100000000000003,0.02545462291948659,0.35100000000000003,0.0,0.022917651,9.0
3.548961209481998,-1.7859932508091017,9.0,313.53385534731046,4.916712317186859,0.35200000000000004,0.02541628519643892,0.352,0.0,0.022917651,9.0
3.5491140355458413,-1.783550174298712,9.0,313.43258367556035,4.916129932317185,0.35300000000000004,0.025377676040709837,0.353,0.0,0.022917651,9.0
3.5492669180116114,-1.7811073124477734,9.0,313.32829727988053,4.915547987729772,0.35400000000000004,0.02533879362333099,0.354,0.0,0.022917651,9.0
3.5494198572602107,-1.7786646667059594,9.0,313.22097580072193,4.9149664863980105,0.355,0.025299636098865097,0.355,0.0,0.022917651,9.0
3.5495728536759805,-1.7762222385360287,9.0,313.1105986947944,4.914385431322123,0.356,0.02526020160522014,0.356,0.0,0.022917651,9.0
3.5497259076467373,-1.7737800294139703,9.0,312.9971452329895,4.913804825529473,0.357,0.025220488263461082,0.357,0.0,0.022917651,9.0
3.549879019563814,-1.7713380408291532,9.0,312.8805944982741,4.913224672074866,0.358,0.02518049417761899,0.358,0.0,0.022917651,9.0
3.5500321898221006,-1.7688962742844812,9.0,312.76092538355675,4.912644974040864,0.35900000000000004,0.02514021743449756,0.359,0.0,0.022917651,9.0
3.5501854188200808,-1.7664547312965428,9.0,312.6381165895234,4.912065734538106,0.36,0.025099656103477013,0.36,0.0,0.022917651,9.0
3.5503387069598777,-1.7640134133957721,9.0,312.5121466224449,4.91148695670562,0.361,0.0250588082363153,0.361,0.0,0.022917651,9.0
3.5504920546472922,-1.7615723221266018,9.0,312.3829937919531,4.910908643711155,0.36200000000000004,0.02501767186694656,0.362,0.0,0.022917651,9.0
3.550645462291846,-1.7591314590476284,9.0,312.25063620878706,4.910330798751502,0.363,0.024976245011276845,0.363,0.0,0.022917651,9.0
3.550798930306826,-1.756690825731773,9.0,312.1150517825086,4.909753425052842,0.36400000000000005,0.024934525666976994,0.364,0.0,0.022917651,9.0
3.5509524591093253,-1.7542504237664454,9.0,311.976218219185,4.909176525871065,0.365,0.02489251181327266,0.365,0.0,0.022917651,9.0
3.5511060491202877,-1.7518102547537122,9.0,311.8341130190411,4.90860010449213,0.366,0.02485020141073142,0.366,0.0,0.022917651,9.0
3.5512597007645526,-1.7493703203104667,9.0,311.6887134740776,4.908024164232402,0.36699999999999994,0.024807592401046956,0.367,0.0,0.022917651,9.0
3.551413414470902,-1.746930622068601,9.0,311.539996665657,4.907448708439011,0.368,0.024764682706820182,0.368,0.0,0.022917651,9.0
3.551567190672103,-1.7444911616751781,9.0,311.38793946205533,4.906873740490205,0.369,0.024721470231337386,0.369,0.0,0.022917651,9.0
3.551721029804954,-1.7420519407926116,9.0,311.2325185159803,4.906299263795716,0.37,0.024677952858345203,0.37,0.0,0.022917651,9.0
3.5518749323103376,-1.7396129610988433,9.0,311.0737102620539,4.905725281797125,0.371,0.024634128451822498,0.371,0.0,0.022917651,9.0
3.552028898633261,-1.7371742242875254,9.0,310.9114909142602,4.905151797968236,0.37199999999999994,0.024589994855748972,0.372,0.0,0.022917651,9.0
3.5521829292229095,-1.7347357320682042,9.0,310.74583646335697,4.904578815815456,0.37300000000000005,0.024545549893870592,0.373,0.0,0.022917651,9.0
3.5523370245326915,-1.732297486166507,9.0,310.5767226742511,4.904006338878171,0.37399999999999994,0.02450079136946165,0.374,0.0,0.022917651,9.0
3.5524911850202936,-1.729859488324334,9.0,310.40412508333634,4.903434370729146,0.37500000000000006,0.024455717065083496,0.375,0.0,0.022917651,9.0
3.5526454111477266,-1.7274217403000462,9.0,310.2280189957939,4.90286291497491,0.37600000000000006,0.02441032474233981,0.376,0.0,0.022917651,9.0
3.552799703381378,-1.724984243868664,9.0,310.0483794828543,4.9022919752561585,0.377,0.024364612141628432,0.377,0.0,0.022917651,9.0
3.5529540621920646,-1.7225470008220636,9.0,309.86518137902,4.901721555248161,0.378,0.024318576981889654,0.378,0.0,0.022917651,9.0
3.553108488055085,-1.7201100129691782,9.0,309.6783992792495,4.901151658661172,0.379,0.024272216960350878,0.379,0.0,0.022917651,9.0
3.553262981450273,-1.7176732821361995,9.0,309.4880075360995,4.9005822892408455,0.38,0.02422552975226769,0.38,0.0,0.022917651,9.0
3.5534175428620496,-1.715236810166786,9.0,309.2939802568273,4.900013450768658,0.381,0.02417851301066115,0.381,0.0,0.022917651,9.0
3.5535721727794836,-1.7128005989222725,9.0,309.0962913004512,4.899445147062346,0.382,0.02413116436605134,0.382,0.0,0.022917651,9.0
3.5537268716963406,-1.7103646502818812,9.0,308.8949142747682,4.898877381976331,0.38300000000000006,0.024083481426187072,0.383,0.0,0.022917651,9.0
3.5538816401111455,-1.7079289661429364,9.0,308.6898225333292,4.898310159402165,0.384,0.024035461775771663,0.384,0.0,0.022917651,9.0
3.5540364785272343,-1.7054935484210862,9.0,308.48098917236956,4.897743483268981,0.385,0.023987102976184782,0.385,0.0,0.022917651,9.0
3.554191338609584,-1.7030589286443314,9.0,308.271038413373,4.897177691686252,0.386,0.023938495142180972,0.386,0.0,0.022917651,9.0
3.554346081958387,-1.7006263781993018,9.0,308.06761687978405,4.896613502178284,0.38700000000000007,0.023889894755719874,0.387,0.0,0.022917651,9.0
3.5545009207785196,-1.698193448094256,9.0,307.8592993287729,4.896049314884847,0.388,0.023840893155472772,0.388,0.0,0.022917651,9.0
3.5546558569626785,-1.695760130802533,9.0,307.645988698062,4.895485129849848,0.38900000000000007,0.02379148238748025,0.389,0.0,0.022917651,9.0
3.5548108924539177,-1.693326418597196,9.0,307.42758534266056,4.8949209471183535,0.39,0.02374165428613738,0.39,0.0,0.022917651,9.0
3.5549660292473453,-1.6908923035443253,9.0,307.20398694838565,4.894356766736644,0.391,0.02369140046710702,0.391,0.0,0.022917651,9.0
3.555121269391868,-1.688457777496044,9.0,306.9750884418848,4.8937925887522455,0.392,0.023640712319946463,0.392,0.0,0.022917651,9.0
3.555276614992025,-1.6860228320832544,9.0,306.74078189699475,4.893228413213973,0.393,0.02358958100043379,0.393,0.0,0.022917651,9.0
3.555432068209884,-1.6835874587080792,9.0,306.5009564372598,4.892664240171978,0.3940000000000001,0.023537997422579563,0.394,0.0,0.022917651,9.0
3.555587631267021,-1.6811516485359899,9.0,306.255498134426,4.892100069677793,0.395,0.023485952250308747,0.395,0.0,0.022917651,9.0
3.555743306446587,-1.67871539248761,9.0,306.0042899027155,4.891535901784375,0.396,0.02343343588879676,0.396,0.0,0.022917651,9.0
3.5558990960954477,-1.6762786812301713,9.0,305.7472113886745,4.890971736546164,0.397,0.023380438475442907,0.397,0.0,0.022917651,9.0
3.5560550026264295,-1.6738415051686133,9.0,305.4841388563778,4.890407574019126,0.3980000000000001,0.02332694987046322,0.398,0.0,0.022917651,9.0
3.5562110285206465,-1.6714038544363035,9.0,305.21494506776,4.889843414260812,0.399,0.023272959647083945,0.399,0.0,0.022917651,9.0
3.556367176329941,-1.66896571888536,9.0,304.9394991578298,4.889279257330416,0.4000000000000001,0.023218457081315737,0.4,0.0,0.022917651,9.0
3.556592986324924,-1.6662984446474438,9.0,305.06970635259427,4.888484323180002,0.401,0.02321573555347815,0.401,0.0,0.022917651,9.0
3.556818796727847,-1.6636311668460249,9.0,305.1999208027663,4.887689387097887,0.4020000000000001,0.023213013925891125,0.402,0.0,0.022917651,9.0
3.5570446075430433,-1.6609638854432414,9.0,305.3301425854334,4.886894449063547,0.403,0.02321029219749483,0.403,0.0,0.022917651,9.0
3.557270418774909,-1.6582966004006936,9.0,305.4603717787791,4.886099509056166,0.404,0.023207570367214388,0.404,0.0,0.022917651,9.0
3.5574962304279016,-1.6556293116794332,9.0,305.5906084621024,4.885304567054632,0.405,0.023204848433959566,0.405,0.0,0.022917651,9.0
3.5577220425065463,-1.6529620192399554,9.0,305.72085271583774,4.88450962303753,0.4060000000000001,0.023202126396624532,0.406,0.0,0.022917651,9.0
3.557947855015428,-1.6502947230421865,9.0,305.85110462157525,4.883714676983136,0.40700000000000003,0.023199404254087556,0.40700000000000003,0.0,0.022917651,9.0
3.5581736679592018,-1.6476274230454757,9.0,305.98136426208197,4.882919728869415,0.40800000000000003,0.023196682005210734,0.40800000000000003,0.0,0.022917651,9.0
3.5583994813425877,-1.6449601192085839,9.0,306.11163172132285,4.882124778674011,0.4090000000000001,0.023193959648839697,0.40900000000000003,0.0,0.022917651,9.0
3.558625295170376,-1.642292811489672,9.0,306.2419070844824,4.881329826374244,0.41000000000000003,0.023191237183803295,0.41000000000000003,0.0,0.022917651,9.0
3.558851109447426,-1.6396254998462914,9.0,306.3721904379874,4.880534871947105,0.4110000000000001,0.02318851460891332,0.41100000000000003,0.0,0.022917651,9.0
3.5590769241786675,-1.6369581842353726,9.0,306.50248186952894,4.879739915369245,0.41200000000000003,0.023185791922964154,0.41200000000000003,0.0,0.022917651,9.0
3.5593027393691044,-1.6342908646132135,9.0,306.63278146808625,4.8789449566169765,0.41300000000000014,0.02318306912473249,0.41300000000000003,0.0,0.022917651,9.0
3.559528555023812,-1.6316235409354676,9.0,306.7630893239501,4.8781499956662575,0.41400000000000003,0.023180346212976998,0.41400000000000003,0.0,0.022917651,9.0
3.5597543711479434,-1.6289562131571322,9.0,306.89340552874717,4.877355032492694,0.41500000000000004,0.02317762318643795,0.41500000000000004,0.0,0.022917651,9.0
3.559980187746727,-1.626288881232537,9.0,307.0237301754648,4.87656006707153,0.4160000000000001,0.02317490004383694,0.41600000000000004,0.0,0.022917651,9.0
3.5602060048254676,-1.6236215451153297,9.0,307.1540633584761,4.875765099377639,0.4170000000000001,0.02317217678387649,0.417,0.0,0.022917651,9.0
3.5604318223895515,-1.6209542047584655,9.0,307.2844051735665,4.874970129385517,0.418,0.02316945340523972,0.418,0.0,0.022917651,9.0
3.560657640444445,-1.6182868601141926,9.0,307.4147557179598,4.874175157069279,0.41899999999999993,0.02316672990658997,0.419,0.0,0.022917651,9.0
3.5608834589956975,-1.6156195111340401,9.0,307.5451150903452,4.873380182402652,0.42,0.02316400628657043,0.42,0.0,0.022917651,9.0
3.561109278048942,-1.6129521577688033,9.0,307.67548339090524,4.872585205358962,0.421,0.023161282543803768,0.421,0.0,0.022917651,9.0
3.5613350976098954,-1.6102847999685295,9.0,307.8058607213441,4.871790225911129,0.42200000000000004,0.023158558676891716,0.422,0.0,0.022917651,9.0
3.5615609176843646,-1.6076174376825056,9.0,307.9362471849166,4.870995244031665,0.42299999999999993,0.02315583468441469,0.423,0.0,0.022917651,9.0
3.561786738278244,-1.6049500708592412,9.0,308.0666428864579,4.870200259692659,0.42400000000000004,0.023153110564931415,0.424,0.0,0.022917651,9.0
3.5620125593975183,-1.6022826994464556,9.0,308.19704793241357,4.869405272865766,0.425,0.02315038631697842,0.425,0.0,0.022917651,9.0
3.562238381048264,-1.599615323391061,9.0,308.32746243087104,4.868610283522212,0.42599999999999993,0.023147661939069697,0.426,0.0,0.022917651,9.0
3.5624642032366527,-1.596947942639149,9.0,308.4578864915912,4.867815291632774,0.42699999999999994,0.02314493742969622,0.427,0.0,0.022917651,9.0
3.562690025968953,-1.5942805571359724,9.0,308.58832022604093,4.867020297167774,0.42800000000000005,0.023142212787325506,0.428,0.0,0.022917651,9.0
3.562915849251529,-1.5916131668259295,9.0,308.71876374742624,4.8662253000970725,0.42899999999999994,0.023139488010401176,0.429,0.0,0.022917651,9.0
3.5631416730908447,-1.588945771652548,9.0,308.8492171707265,4.865430300390055,0.42999999999999994,0.023136763097342455,0.43,0.0,0.022917651,9.0
3.5633674974934686,-1.586278371558468,9.0,308.9796806127293,4.86463529801563,0.431,0.023134038046543712,0.431,0.0,0.022917651,9.0
3.563593322466069,-1.5836109664854232,9.0,309.11015419206586,4.863840292942211,0.432,0.023131312856373973,0.432,0.0,0.022917651,9.0
3.5638191480154218,-1.5809435563742242,9.0,309.24063802924803,4.863045285137713,0.433,0.023128587525176405,0.433,0.0,0.022917651,9.0
3.5640449741484117,-1.5782761411647392,9.0,309.3711322467053,4.862250274569541,0.434,0.02312586205126781,0.434,0.0,0.022917651,9.0
3.5642708008720323,-1.5756087207958773,9.0,309.50163696882345,4.861455261204577,0.435,0.0231231364329381,0.435,0.0,0.022917651,9.0
3.5644966281933885,-1.572941295205565,9.0,309.63215232198297,4.860660245009174,0.43599999999999994,0.02312041066844976,0.436,0.0,0.022917651,9.0
3.5647224561197004,-1.570273864330731,9.0,309.7626784346005,4.859865225949141,0.43699999999999994,0.023117684756037274,0.437,0.0,0.022917651,9.0
3.5649482846583074,-1.5676064281072837,9.0,309.8932154371691,4.859070203989736,0.43800000000000006,0.023114958693906597,0.438,0.0,0.022917651,9.0
3.5651741138166626,-1.5649389864700902,9.0,310.02376346230017,4.858275179095653,0.439,0.02311223248023454,0.439,0.0,0.022917651,9.0
3.5653999436023454,-1.5622715393529563,9.0,310.1543226447676,4.857480151231007,0.44,0.023109506113168192,0.44,0.0,0.022917651,9.0
3.565625774023057,-1.5596040866886047,9.0,310.28489312155125,4.856685120359329,0.44100000000000006,0.023106779590824317,0.441,0.0,0.022917651,9.0
3.5658516050866274,-1.5569366284086514,9.0,310.4154750318826,4.855890086443551,0.44200000000000006,0.02310405291128873,0.442,0.0,0.022917651,9.0
3.5660774368010113,-1.5542691644435838,9.0,310.5460685172906,4.855095049445991,0.443,0.02310132607261563,0.443,0.0,0.022917651,9.0
3.5663032691742997,-1.5516016947227378,9.0,310.67667372165033,4.854300009328341,0.44399999999999995,0.023098599072826995,0.444,0.0,0.022917651,9.0
3.566529102214717,-1.5489342191742734,9.0,310.8072907912311,4.853504966051663,0.44500000000000006,0.023095871909911872,0.445,0.0,0.022917651,9.0
3.5667549359306245,-1.5462667377251493,9.0,310.93791987474634,4.852709919576358,0.446,0.0230931445818257,0.446,0.0,0.022917651,9.0
3.5669807703305234,-1.5435992503010991,9.0,311.0685611234053,4.851914869862171,0.447,0.023090417086489613,0.447,0.0,0.022917651,9.0
3.5672066054230593,-1.5409317568266045,9.0,311.19921469096533,4.851119816868163,0.44800000000000006,0.023087689421789712,0.448,0.0,0.022917651,9.0
3.5674324412170235,-1.5382642572248697,9.0,311.3298807337863,4.850324760552705,0.44900000000000007,0.023084961585576314,0.449,0.0,0.022917651,9.0
3.567658277721357,-1.5355967514177928,9.0,311.46055941088485,4.84952970087346,0.45000000000000007,0.023082233575663212,0.45,0.0,0.022917651,9.0
3.567884114945153,-1.5329292393259397,9.0,311.59125088399213,4.848734637787369,0.451,0.023079505389826883,0.451,0.0,0.022917651,9.0
3.568109952897661,-1.5302617208685139,9.0,311.7219553176115,4.847939571250633,0.452,0.023076777025805684,0.452,0.0,0.022917651,9.0
3.568335791588289,-1.5275941959633292,9.0,311.8526728790781,4.8471445012187,0.453,0.023074048481299042,0.453,0.0,0.022917651,9.0
3.568561631026608,-1.5249266645267774,9.0,311.9834037386203,4.846349427646251,0.454,0.02307131975396661,0.454,0.0,0.022917651,9.0
3.5687874712223566,-1.5222591264737988,9.0,312.11414806942236,4.845554350487173,0.45500000000000007,0.023068590841427403,0.455,0.0,0.022917651,9.0
3.569013312185441,-1.5195915817178502,9.0,312.2449060476886,4.8447592696945545,0.456,0.02306586174125891,0.456,0.0,0.022917651,9.0
3.5692391539259427,-1.5169240301708729,9.0,312.37567785271034,4.84396418522066,0.457,0.02306313245099618,0.457,0.0,0.022917651,9.0
3.569464996454119,-1.5142564717432585,9.0,312.5064636669329,4.843169097016916,0.458,0.023060402968130906,0.458,0.0,0.022917651,9.0
3.5696908397804092,-1.5115889063438148,9.0,312.6372636760255,4.8423740050338875,0.459,0.023057673290110454,0.459,0.0,0.022917651,9.0
3.569916683915439,-1.5089213338797323,9.0,312.7680780689533,4.8415789092212655,0.46,0.023054943414336875,0.46,0.0,0.022917651,9.0
3.5701425288700217,-1.5062537542565453,9.0,312.8989070380502,4.840783809527841,0.461,0.023052213338165903,0.461,0.0,0.022917651,9.0
3.570368374655165,-1.503586167378097,9.0,313.0297507790946,4.839988705901492,0.4620000000000001,0.023049483058905928,0.462,0.0,0.022917651,9.0
3.5705942212820747,-1.500918573146501,9.0,313.16060949138665,4.839193598289152,0.463,0.023046752573816907,0.463,0.0,0.022917651,9.0
3.5708200687621594,-1.4982509714621015,9.0,313.2914833778283,4.8383984866368035,0.464,0.02304402188010929,0.464,0.0,0.022917651,9.0
3.571045917107034,-1.495583362223435,9.0,313.4223726450041,4.837603370889443,0.4650000000000001,0.023041290974942886,0.465,0.0,0.022917651,9.0
3.5712717663285263,-1.4929157453271857,9.0,313.5532775032661,4.836808250991066,0.466,0.023038559855425723,0.466,0.0,0.022917651,9.0
3.571497616438679,-1.490248120668147,9.0,313.68419816681956,4.836013126884643,0.467,0.02303582851861284,0.467,0.0,0.022917651,9.0
3.5717234674497593,-1.4875804881391759,9.0,313.8151348538117,4.835217998512093,0.468,0.023033096961505083,0.468,0.0,0.022917651,9.0
3.5719493193742577,-1.484912847631148,9.0,313.946087786423,4.834422865814261,0.4690000000000001,0.023030365181047865,0.46900000000000003,0.0,0.022917651,9.0
3.5721751722248984,-1.4822451990329115,9.0,314.07705719096043,4.833627728730896,0.47000000000000003,0.023027633174129834,0.47000000000000003,0.0,0.022917651,9.0
3.572401026014645,-1.4795775422312425,9.0,314.2080432979542,4.832832587200621,0.47100000000000003,0.0230249009375816,0.47100000000000003,0.0,0.022917651,9.0
3.5726268807567005,-1.4769098771107925,9.0,314.33904634225627,4.8320374411609075,0.47200000000000003,0.023022168468174353,0.47200000000000003,0.0,0.022917651,9.0
3.5728527364645184,-1.4742422035540406,9.0,314.4700665631424,4.831242290548048,0.47300000000000003,0.023019435762618463,0.47300000000000003,0.0,0.022917651,9.0
3.5730785931518074,-1.4715745214412426,9.0,314.6011042044168,4.8304471352971365,0.47400000000000003,0.023016702817562035,0.47400000000000003,0.0,0.022917651,9.0
3.573304450832536,-1.4689068306503765,9.0,314.7321595145195,4.829651975342023,0.47500000000000003,0.023013969629589442,0.47500000000000003,0.0,0.022917651,9.0
3.57353030952094,-1.4662391310570893,9.0,314.8632327466375,4.828856810615301,0.4760000000000001,0.0230112361952198,0.47600000000000003,0.0,0.022917651,9.0
3.573756169231527,-1.4635714225346408,9.0,314.99432415881813,4.828061641048265,0.47700000000000004,0.023008502510905398,0.47700000000000004,0.0,0.022917651,9.0
3.573982029979087,-1.4609037049538458,9.0,315.1254340140868,4.827266466570888,0.47800000000000004,0.023005768573030088,0.47800000000000004,0.0,0.022917651,9.0
3.5742078917786952,-1.4582359781830148,9.0,315.2565625805673,4.826471287111785,0.4790000000000001,0.023003034377907624,0.47900000000000004,0.0,0.022917651,9.0
3.57443375464572,-1.4555682420878933,9.0,315.38771013160596,4.825676102598177,0.48000000000000004,0.02300029992177996,0.48,0.0,0.022917651,9.0
3.574659618595832,-1.452900496531599,9.0,315.5188769458994,4.824880912955862,0.481,0.0229975652008155,0.481,0.0,0.022917651,9.0
3.574885483645009,-1.4502327413745575,9.0,315.6500633076265,4.824085718109183,0.482,0.022994830211107268,0.482,0.0,0.022917651,9.0
3.575111349809546,-1.447564976474435,9.0,315.78126950658304,4.823290517980983,0.483,0.022992094948671063,0.483,0.0,0.022917651,9.0
3.5753372171060587,-1.4448972016860704,9.0,315.912495838322,4.8224953124925705,0.48400000000000004,0.022989359409443546,0.484,0.0,0.022917651,9.0
3.575563085551497,-1.442229416861404,9.0,316.0437426042967,4.821700101563688,0.485,0.02298662358928024,0.485,0.0,0.022917651,9.0
3.5757889551631514,-1.4395616218494065,9.0,316.17501011200903,4.820904885112466,0.486,0.02298388748395353,0.486,0.0,0.022917651,9.0
3.576014825958659,-1.436893816496002,9.0,316.30629867516194,4.820109663055381,0.48700000000000004,0.02298115108915053,0.487,0.0,0.022917651,9.0
3.576240697956016,-1.4342260006439922,9.0,316.4376086138162,4.81931443530722,0.488,0.022978414400470954,0.488,0.0,0.022917651,9.0
3.576466571173584,-1.4315581741329764,9.0,316.5689402545529,4.818519201781035,0.489,0.022975677413424874,0.489,0.0,0.022917651,9.0
3.576692445630102,-1.42889033679927,9.0,316.7002939306397,4.817723962388093,0.49,0.022972940123430423,0.49,0.0,0.022917651,9.0
3.5769183213446936,-1.426222488475819,9.0,316.83166998220327,4.81692871703784,0.49100000000000005,0.02297020252581145,0.491,0.0,0.022917651,9.0
3.5771441983368772,-1.4235546289921137,9.0,316.96306875640636,4.816133465637843,0.492,0.022967464615795047,0.492,0.0,0.022917651,9.0
3.5773700766265795,-1.4208867581740996,9.0,317.09449060763103,4.8153382080937535,0.493,0.02296472638850908,0.493,0.0,0.022917651,9.0
3.5775959562341413,-1.418218875844083,9.0,317.2259358976671,4.814542944309247,0.49400000000000005,0.022961987838979552,0.494,0.0,0.022917651,9.0
3.577821837180332,-1.415550981820636,9.0,317.3574049959066,4.813747674185975,0.495,0.02295924896212796,0.495,0.0,0.022917651,9.0
3.5780477194863605,-1.4128830759184992,9.0,317.48889827954474,4.812952397623512,0.496,0.02295650975276851,0.496,0.0,0.022917651,9.0
3.578273603173884,-1.4102151579484785,9.0,317.6204161337869,4.8121571145193,0.497,0.022953770205605288,0.497,0.0,0.022917651,9.0
3.5784994882650243,-1.4075472277173404,9.0,317.75195895206235,4.811361824768591,0.49800000000000005,0.022951030315229316,0.498,0.0,0.022917651,9.0
3.5787253747823757,-1.4048792850277037,9.0,317.88352713624505,4.8105665282643875,0.499,0.02294829007611551,0.499,0.0,0.022917651,9.0
3.5789512627490234,-1.4022113296779286,9.0,318.01512109688156,4.809771224897387,0.5,0.02294554948261956,0.5,0.0,0.022917651,9.0
3.5792653726380195,-1.3992927638221624,9.0,318.25409507246604,4.808900911210722,0.501,0.022945431092598098,0.501,0.0,0.022917651,9.0
3.579579569331681,-1.3963735478881965,9.0,318.49382737954227,4.808030294665194,0.5020000000000001,0.02294531219967842,0.502,0.0,0.022917651,9.0
3.5798938541989664,-1.3934536716239232,9.0,318.73432997743413,4.807159370484543,0.503,0.02294519279592952,0.503,0.0,0.022917651,9.0
3.580208228637774,-1.3905331245605206,9.0,318.97561507826873,4.806288133791548,0.504,0.02294507287325277,0.504,0.0,0.022917651,9.0
3.5805226940757064,-1.3876118960066952,9.0,319.2176951536911,4.8054165796053425,0.505,0.022944952423377407,0.505,0.0,0.022917651,9.0
3.5808372519708693,-1.3846899750427406,9.0,319.4605829417953,4.804544702838645,0.506,0.022944831437856,0.506,0.0,0.022917651,9.0
3.581151903812683,-1.3817673505144052,9.0,319.70429145427755,4.803672498294907,0.507,0.022944709908059656,0.507,0.0,0.022917651,9.0
3.5814666511227355,-1.378844011026561,9.0,319.94883398382274,4.802799960665358,0.508,0.022944587825173134,0.508,0.0,0.022917651,9.0
3.5817814954556506,-1.375919944936666,9.0,320.19422411172957,4.801927084525965,0.509,0.022944465180189815,0.509,0.0,0.022917651,9.0
3.582096438399989,-1.3729951403480118,9.0,320.4404757157871,4.801053864334278,0.51,0.022944341963906437,0.51,0.0,0.022917651,9.0
3.5824114815791845,-1.370069585102752,9.0,320.6876029784097,4.800180294426193,0.511,0.022944218166917742,0.511,0.0,0.022917651,9.0
3.582726626652501,-1.3671432667746952,9.0,320.9356203950413,4.799306369012586,0.512,0.022944093779610868,0.512,0.0,0.022917651,9.0
3.583041875316028,-1.3642161726618613,9.0,321.18454278284025,4.7984320821758555,0.5130000000000001,0.022943968792159604,0.513,0.0,0.022917651,9.0
3.583357229303708,-1.3612882897787875,9.0,321.4343852896535,4.797557427866319,0.514,0.022943843194518452,0.514,0.0,0.022917651,9.0
3.5836726903884,-1.358359604848576,9.0,321.6851634032944,4.79668239989853,0.5150000000000001,0.022943716976416437,0.515,0.0,0.022917651,9.0
3.5839882603829776,-1.3554301042946715,9.0,321.9368929611338,4.795806991947433,0.5160000000000001,0.022943590127350793,0.516,0.0,0.022917651,9.0
3.5843039411414583,-1.3524997742323592,9.0,322.18959016001776,4.7949311975444076,0.517,0.02294346263658035,0.517,0.0,0.022917651,9.0
3.584619734560185,-1.3495686004599714,9.0,322.44327156652486,4.794055010073174,0.5180000000000001,0.022943334493118743,0.518,0.0,0.022917651,9.0
3.584935709474196,-1.3466369173685722,9.0,322.69770237694354,4.79317903902101,0.519,0.022943205055815548,0.519,0.0,0.022917651,9.0
3.5852519453552967,-1.3437051114640075,9.0,322.95260461532826,4.792303988502032,0.52,0.022943073598472308,0.52,0.0,0.022917651,9.0
3.585568299527009,-1.3407724110501598,9.0,323.20853880389865,4.791428516643924,0.521,0.022942941480076133,0.521,0.0,0.022917651,9.0
3.5858847740825146,-1.3378388002984778,9.0,323.46552320325486,4.7905526159909915,0.522,0.02294280868892954,0.522,0.0,0.022917651,9.0
3.586201371164672,-1.3349042630047412,9.0,323.72357650738724,4.78967627891059,0.5230000000000001,0.022942675213057415,0.523,0.0,0.022917651,9.0
3.586518092967501,-1.3319687825778495,9.0,323.9827178566109,4.788799497587839,0.5240000000000001,0.022942541040198737,0.524,0.0,0.022917651,9.0
3.586834941737719,-1.3290323420282055,9.0,324.24296685096556,4.787922264020163,0.525,0.022942406157798002,0.525,0.0,0.022917651,9.0
3.587151919776334,-1.3260949239556807,9.0,324.50434356410165,4.7870445700116075,0.526,0.022942270552996302,0.526,0.0,0.022917651,9.0
3.5874690294402916,-1.3231565105371377,9.0,324.7668685576724,4.786166407166974,0.5270000000000001,0.022942134212622128,0.527,0.0,0.022917651,9.0
3.5877862731441854,-1.3202170835134979,9.0,325.0305628962539,4.785287766885719,0.528,0.022941997123181807,0.528,0.0,0.022917651,9.0
3.5881036533620336,-1.3172766241763325,9.0,325.2954481628165,4.784408640355642,0.5290000000000001,0.022941859270849584,0.529,0.0,0.022917651,9.0
3.5884211726291153,-1.3143351133539518,9.0,325.56154647477024,4.783529018546341,0.5300000000000001,0.02294172064145736,0.53,0.0,0.022917651,9.0
3.5887388335438803,-1.3113925313969779,9.0,325.82888050060996,4.782648892202401,0.5310000000000001,0.02294158122048402,0.531,0.0,0.022917651,9.0
3.5890566387699265,-1.308448858163373,9.0,326.09747347718735,4.781768251836353,0.532,0.022941440993044335,0.532,0.0,0.022917651,9.0
3.589374591038059,-1.3055040730029028,9.0,326.3673492276351,4.780887087721355,0.533,0.02294129994387756,0.533,0.0,0.022917651,9.0
3.5896926931484168,-1.3025581547410057,9.0,326.63853217997547,4.780005389883591,0.5340000000000001,0.022941158057335438,0.534,0.0,0.022917651,9.0
3.5900109479726927,-1.2996110816620459,9.0,326.9110473864406,4.779123148094381,0.535,0.02294101531736985,0.535,0.0,0.022917651,9.0
3.590329358456432,-1.2966628314919197,9.0,327.18492054353914,4.778240351861997,0.536,0.02294087170751998,0.536,0.0,0.022917651,9.0
3.5906479276214225,-1.2937133813799866,9.0,327.4601780129014,4.777356990423137,0.537,0.02294072721089893,0.537,0.0,0.022917651,9.0
3.5909666585681745,-1.2907627078802932,9.0,327.73684684293926,4.7764730527341,0.538,0.022940581810179862,0.538,0.0,0.022917651,9.0
3.5912855544785045,-1.2878107869320607,9.0,328.01495479135855,4.775588527461576,0.5390000000000001,0.022940435487581585,0.539,0.0,0.022917651,9.0
3.591604618618217,-1.2848575938393973,9.0,328.29453034856164,4.774703402973105,0.54,0.02294028822485353,0.54,0.0,0.022917651,9.0
3.5919238543398935,-1.2819031032502057,9.0,328.5756027619843,4.773817667327133,0.5410000000000001,0.022940140003260202,0.541,0.0,0.022917651,9.0
3.592243265085793,-1.278947289134238,9.0,328.8582020614076,4.7729313082626765,0.542,0.022939990803564948,0.542,0.0,0.022917651,9.0
3.5925628543908754,-1.2759901247602723,9.0,329.14235908529315,4.772044313188577,0.543,0.02293984060601307,0.543,0.0,0.022917651,9.0
3.592882625885937,-1.2730315826723535,9.0,329.42810550818916,4.771156669172304,0.544,0.02293968939031429,0.544,0.0,0.022917651,9.0
3.5932026712334495,-1.2700718669501305,9.0,329.7151212799033,4.77026894713377,0.545,0.022939537160272677,0.545,0.0,0.022917651,9.0
3.5935230468018955,-1.2671110705170676,9.0,330.0032382377579,4.76938146555886,0.546,0.02293938391163268,0.546,0.0,0.022917651,9.0
3.593843619987989,-1.264148794676883,9.0,330.29304294004805,4.768493295031334,0.547,0.02293922958500933,0.547,0.0,0.022917651,9.0
3.5941643949737982,-1.2611850081217377,9.0,330.58457110353527,4.767604420971283,0.548,0.0229390741575899,0.548,0.0,0.022917651,9.0
3.5944853760602338,-1.2582196786541164,9.0,330.8778594599447,4.766714828384485,0.549,0.02293891760591338,0.549,0.0,0.022917651,9.0
3.5948065676712986,-1.255252773155001,9.0,331.1729457922766,4.765824501847573,0.5500000000000002,0.022938759905847296,0.55,0.0,0.022917651,9.0
3.595127974358527,-1.2522842575506634,9.0,331.46986897268675,4.764933425492583,0.551,0.022938601032563514,0.551,0.0,0.022917651,9.0
3.595449600805607,-1.2493140967780167,9.0,331.76866900201713,4.764041582990806,0.552,0.022938440960513003,0.552,0.0,0.022917651,9.0
3.5957714518332202,-1.2463422547484428,9.0,332.0693870510612,4.76314895753595,0.553,0.022938279663399473,0.553,0.0,0.022917651,9.0
3.59609353240408,-1.2433686943100222,9.0,332.37206550365227,4.76225553182655,0.554,0.02293811711415183,0.554,0.0,0.022917651,9.0
3.5964158476282044,-1.2403933772080826,9.0,332.676748001671,4.761361288047592,0.555,0.022937953284895472,0.555,0.0,0.022917651,9.0
3.596738402768425,-1.23741626404398,9.0,332.9834794920714,4.760466207851323,0.556,0.022937788146922218,0.556,0.0,0.022917651,9.0
3.597061203246136,-1.2344373142320115,9.0,333.292306276032,4.7595702723371796,0.557,0.02293762167065893,0.557,0.0,0.022917651,9.0
3.597384254647316,-1.231456485954372,9.0,333.6032760603455,4.758673462030816,0.5580000000000002,0.022937453825634686,0.558,0.0,0.022917651,9.0
3.5977075627288198,-1.2284737361140383,9.0,333.91643801116624,4.75777575686216,0.559,0.022937284580446447,0.559,0.0,0.022917651,9.0
3.598031133424963,-1.2254890202854822,9.0,334.2318428102434,4.756877136142464,0.56,0.022937113902723162,0.56,0.0,0.022917651,9.0
3.598354972854414,-1.2225022926630777,9.0,334.5495427137735,4.75597757854027,0.5610000000000002,0.022936941759088142,0.561,0.0,0.022917651,9.0
3.598679087327404,-1.2195135060070919,9.0,334.869591614018,4.7550770620562695,0.562,0.02293676811511973,0.562,0.0,0.022917651,9.0
3.5990034833532913,-1.216522611587119,9.0,335.1920451038368,4.754175563996951,0.563,0.02293659293531007,0.5630000000000001,0.0,0.022917651,9.0
3.599328197746416,-1.2135297435131192,9.0,335.5167613058936,4.753273365943173,0.5640000000000001,0.022936415730666078,0.5640000000000001,0.0,0.022917651,9.0
3.599653296938313,-1.2105352022888607,9.0,335.84341583874874,4.752371034569241,0.5650000000000001,0.022936235629378736,0.5650000000000001,0.0,0.022917651,9.0
3.599978700132618,-1.207538387460892,9.0,336.17265899943186,4.751467645623388,0.5660000000000002,0.022936053952270653,0.5660000000000001,0.0,0.022917651,9.0
3.6003044148080874,-1.2045392430963557,9.0,336.5045544707003,4.7505631730883175,0.5670000000000001,0.022935870660575106,0.5670000000000001,0.0,0.022917651,9.0
3.600630448690815,-1.2015377114125536,9.0,336.83916804145935,4.749657590086278,0.5680000000000001,0.022935685714243263,0.5680000000000001,0.0,0.022917651,9.0
3.600956809764549,-1.1985337326998375,9.0,337.17656769455755,4.748750868843187,0.5690000000000001,0.022935499071890728,0.5690000000000001,0.0,0.022917651,9.0
3.6012835062815185,-1.1955272452406085,9.0,337.51682369901084,4.74784298065097,0.5700000000000001,0.022935310690741423,0.5700000000000001,0.0,0.022917651,9.0
3.601610546773815,-1.1925181852241944,9.0,337.860008706918,4.746933895827942,0.5710000000000001,0.022935120526568563,0.5710000000000001,0.0,0.022917651,9.0
3.601937940065362,-1.189506486657362,9.0,338.20619785534853,4.746023583677204,0.5720000000000002,0.022934928533632635,0.5720000000000001,0.0,0.022917651,9.0
3.6022656952844945,-1.1864920812701967,9.0,338.55546887350283,4.74511201244285,0.5730000000000001,0.022934734664616187,0.5730000000000001,0.0,0.022917651,9.0
3.6025938218772047,-1.183474898417073,9.0,338.9079021954664,4.744199149263907,0.5740000000000001,0.02293453887055517,0.5740000000000001,0.0,0.022917651,9.0
3.602922329621077,-1.1804548649724043,9.0,339.26358107890053,4.743284960125843,0.5750000000000001,0.022934341100766694,0.5750000000000001,0.0,0.022917651,9.0
3.6032512286399703,-1.1774319052208595,9.0,339.62259173003895,4.742369409809498,0.5760000000000001,0.022934141302772916,0.5760000000000001,0.0,0.022917651,9.0
3.603580529419484,-1.174405940741695,9.0,339.98502343538314,4.741452461837288,0.577,0.02293393942222092,0.577,0.0,0.022917651,9.0
3.6039102428232566,-1.171376890286827,9.0,340.3509687005206,4.740534078416481,0.578,0.022933735402798142,0.578,0.0,0.022917651,9.0
3.6042404490380546,-1.1683446933386283,9.0,340.72016271185987,4.7396145197143715,0.579,0.022933528826228636,0.579,0.0,0.022917651,9.0
3.6045711465172054,-1.1653092467523813,9.0,341.09279305749084,4.738693676413636,0.5800000000000001,0.02293331974757957,0.58,0.0,0.022917651,9.0
3.6049022937463135,-1.16227043777548,9.0,341.4692497969157,4.737771269754337,0.581,0.022933108398630473,0.581,0.0,0.022917651,9.0
3.6052339033828416,-1.1592281717790527,9.0,341.8496406175995,4.736847255738361,0.582,0.022932894715487546,0.582,0.0,0.022917651,9.0
3.605565988563712,-1.1561823505497062,9.0,342.23407728618616,4.735921588700952,0.583,0.022932678631836702,0.583,0.0,0.022917651,9.0
3.605898562928231,-1.1531328721181755,9.0,342.62267584349354,4.734994221231043,0.584,0.022932460078827873,0.584,0.0,0.022917651,9.0
3.6062316406423314,-1.150079630578052,9.0,343.0155568108013,4.734065104086975,0.585,0.022932238984952617,0.585,0.0,0.022917651,9.0
3.606565236424241,-1.14702251589391,9.0,343.4128454082032,4.7331341861072875,0.5860000000000001,0.02293201527591455,0.586,0.0,0.022917651,9.0
3.606899365571659,-1.1439614136980993,9.0,343.8146717858541,4.73220141411623,0.587,0.022931788874492178,0.587,0.0,0.022917651,9.0
3.6072340439905624,-1.1408962050754219,9.0,344.22117126900974,4.731266732823648,0.588,0.02293155970039346,0.588,0.0,0.022917651,9.0
3.6075692882257395,-1.137826766334835,9.0,344.63248461782825,4.730330084718839,0.589,0.0229313276701017,0.589,0.0,0.022917651,9.0
3.607905115493186,-1.1347529687672597,9.0,345.048758302982,4.729391409957944,0.59,0.02293109269671199,0.59,0.0,0.022917651,9.0
3.608241677726116,-1.1316746228062642,9.0,345.4695283560291,4.728451123426665,0.5910000000000001,0.02293085399893208,0.591,0.0,0.022917651,9.0
3.6085788679043675,-1.1285916188097718,9.0,345.8955706243318,4.727508690456231,0.592,0.022930612206270552,0.592,0.0,0.022917651,9.0
3.6089167014090777,-1.125503811463626,9.0,346.3270721426424,4.726564027358728,0.593,0.022930367245137247,0.593,0.0,0.022917651,9.0
3.6092551987288592,-1.1224110477911138,9.0,346.76420677673775,4.725617063109237,0.5940000000000001,0.022930119014622913,0.594,0.0,0.022917651,9.0
3.6095943812316853,-1.1193131682498347,9.0,347.2071558546322,4.724667723634484,0.595,0.02292986740948733,0.595,0.0,0.022917651,9.0
3.6099342712125795,-1.1162100063756328,9.0,347.6561085712648,4.723715931647528,0.5960000000000001,0.02292961231992442,0.596,0.0,0.022917651,9.0
3.610274891944444,-1.1131013884031054,9.0,348.11126241981026,4.722761606471557,0.597,0.022929353631311915,0.597,0.0,0.022917651,9.0
3.6106162677322637,-1.1099871328608681,9.0,348.5728236516828,4.721804663851982,0.598,0.02292909122394442,0.598,0.0,0.022917651,9.0
3.6109584239709607,-1.1068670501395927,9.0,349.041007767481,4.720845015755884,0.599,0.022928824972748407,0.599,0.0,0.022917651,9.0
3.611301627443714,-1.103739848968671,9.0,349.51569266700875,4.719882440985176,0.6,0.022928554516605578,0.6,0.0,0.022917651,9.0
3.61168386653826,-1.1007778843968823,9.0,349.7394846651038,4.71911890197836,0.601,0.022928541987182326,0.601,0.0,0.022917651,9.0
3.612066291584113,-1.0978145719127212,9.0,349.96498783923874,4.718354758880789,0.602,0.02292852938060058,0.602,0.0,0.022917651,9.0
3.612448905336767,-1.0948498915423137,9.0,350.1922275462657,4.717590002740818,0.603,0.02292851669571695,0.603,0.0,0.022917651,9.0
3.6128317106064323,-1.0918838229151868,9.0,350.4212296465201,4.7168246244290595,0.6040000000000001,0.02292850393136539,0.604,0.0,0.022917651,9.0
3.6132147102593972,-1.0889163452543742,9.0,350.6520205163796,4.716058614633948,0.605,0.022928491086356553,0.605,0.0,0.022917651,9.0
3.613597907219431,-1.0859474373662286,9.0,350.8846270612009,4.715291963857178,0.6060000000000001,0.022928478159477256,0.606,0.0,0.022917651,9.0
3.6139813044692364,-1.0829770776299201,9.0,351.1190767286466,4.71452466240899,0.607,0.022928465149489867,0.607,0.0,0.022917651,9.0
3.6143649050519393,-1.080005243986622,9.0,351.35539752241897,4.713756700403331,0.608,0.02292845205513166,0.608,0.0,0.022917651,9.0
3.6147487120726294,-1.0770319139283615,9.0,351.59361801641097,4.712988067752859,0.6090000000000001,0.022928438875114223,0.609,0.0,0.022917651,9.0
3.615132728699941,-1.0740570644865295,9.0,351.83376736929364,4.71221875416378,0.61,0.022928425608122752,0.61,0.0,0.022917651,9.0
3.6155169581676905,-1.071080672220037,9.0,352.07587533955206,4.711448749130558,0.6110000000000001,0.022928412252815424,0.611,0.0,0.022917651,9.0
3.61590140377656,-1.0681027132031016,9.0,352.31997230098875,4.710678041930434,0.612,0.02292839880782264,0.612,0.0,0.022917651,9.0
3.616286174999768,-1.0651228249518063,9.0,352.56578439509366,4.709906705939263,0.613,0.022928385201685483,0.613,0.0,0.022917651,9.0
3.6166711764536483,-1.0621412950043152,9.0,352.813628897585,4.709134649083968,0.614,0.022928371503388847,0.614,0.0,0.022917651,9.0
3.617056405565979,-1.0591581171629059,9.0,353.0635557414814,4.7083618549962285,0.615,0.02292835771572129,0.615,0.0,0.022917651,9.0
3.6174418659470082,-1.0561732652949778,9.0,353.315597948931,4.70758831198488,0.6160000000000002,0.022928343837265552,0.616,0.0,0.022917651,9.0
3.6178275612837267,-1.0531867127124386,9.0,353.56978924402074,4.706814008110238,0.617,0.022928329866574247,0.617,0.0,0.022917651,9.0
3.6182134953419167,-1.0501984321568685,9.0,353.8261640715268,4.706038931177471,0.6180000000000001,0.022928315802169058,0.618,0.0,0.022917651,9.0
3.618599671968269,-1.047208395784201,9.0,354.0847576162702,4.7052630687297405,0.619,0.022928301642539912,0.619,0.0,0.022917651,9.0
3.6189860950925654,-1.044216575148911,9.0,354.34560582309825,4.7044864080411255,0.6200000000000001,0.0229282873861441,0.62,0.0,0.022917651,9.0
3.619372768729936,-1.0412229411876852,9.0,354.6087454175179,4.703708936109326,0.6210000000000001,0.022928273031405433,0.621,0.0,0.022917651,9.0
3.6197596969831882,-1.0382274642025602,9.0,354.87421392700486,4.702930639648106,0.622,0.022928258576713274,0.622,0.0,0.022917651,9.0
3.620146884045215,-1.0352301138435043,9.0,355.14204970301375,4.702151505079512,0.6230000000000001,0.022928244020421647,0.623,0.0,0.022917651,9.0
3.620534398887826,-1.0322305689133662,9.0,355.41211815343024,4.701371487182155,0.6240000000000001,0.022928229342170665,0.624,0.0,0.022917651,9.0
3.6209222544196766,-1.0292287642282998,9.0,355.6844413161607,4.700590572362746,0.625,0.022928214535566926,0.625,0.0,0.022917651,9.0
3.6213103845562586,-1.0262249856857855,9.0,355.9592516135023,4.699808782064252,0.6260000000000001,0.02292819961839915,0.626,0.0,0.022917651,9.0
3.6216987939269836,-1.023219200009632,9.0,356.23659097470807,4.6990261015274495,0.6270000000000001,0.022928184588803406,0.627,0.0,0.022917651,9.0
3.6220874872659117,-1.0202113731714404,9.0,356.5165022768407,4.698242515659479,0.628,0.02292816944487362,0.628,0.0,0.022917651,9.0
3.6224764694147242,-1.0172014703692278,9.0,356.79902937170607,4.697458009024367,0.629,0.022928154184660383,0.629,0.0,0.022917651,9.0
3.6228657453258,-1.0141894560053217,9.0,357.084217113711,4.696672565833226,0.6300000000000001,0.02292813880616972,0.63,0.0,0.022917651,9.0
3.623255320065396,-1.0111752936634872,9.0,357.37211138868093,4.695886169934101,0.6310000000000001,0.022928123307361804,0.631,0.0,0.022917651,9.0
3.623645198816942,-1.0081589460852622,9.0,357.6627591436787,4.695098804801482,0.632,0.02292810768614964,0.632,0.0,0.022917651,9.0
3.624035386884444,-1.005140375145469,9.0,357.95620841786246,4.694310453525437,0.633,0.022928091940397674,0.633,0.0,0.022917651,9.0
3.6244259312923237,-1.002119248925717,9.0,358.2523980505539,4.6935209720828714,0.6340000000000001,0.022928076023452367,0.634,0.0,0.022917651,9.0
3.6248168831009284,-0.9990952042269906,9.0,358.5512604690425,4.692730201310703,0.6350000000000001,0.02292805988663549,0.635,0.0,0.022917651,9.0
3.6252081616743226,-0.9960688065067331,9.0,358.8530776169226,4.691938384548542,0.6360000000000001,0.022928043621110075,0.636,0.0,0.022917651,9.0
3.6255997728488487,-0.9930400137376368,9.0,359.15790226860247,4.691145503113964,0.637,0.02292802722457726,0.637,0.0,0.022917651,9.0
3.6259917226006757,-0.9900087828855346,9.0,359.46578846282307,4.6903515378769685,0.638,0.02292801069468311,0.638,0.0,0.022917651,9.0
3.6263840170500057,-0.9869750698790637,9.0,359.77679154074787,4.689556469246486,0.639,0.022927994029016945,0.639,0.0,0.022917651,9.0
3.6267766624654425,-0.9839388295782309,9.0,360.0909681854388,4.68876027715641,0.64,0.022927977225109652,0.64,0.0,0.022917651,9.0
3.6271696652685184,-0.980900015741824,9.0,360.4083764627773,4.687962941051109,0.6410000000000001,0.022927960280431866,0.641,0.0,0.022917651,9.0
3.6275630320383807,-0.9778585809936243,9.0,360.729075863891,4.687164439870405,0.642,0.022927943192392133,0.642,0.0,0.022917651,9.0
3.6279568991145745,-0.9748140167042821,9.0,361.0530007844423,4.686364811125393,0.643,0.02292792590526233,0.643,0.0,0.022917651,9.0
3.628351481989984,-0.9717655502986156,9.0,361.3800152329233,4.685564145505996,0.644,0.02292790834156311,0.644,0.0,0.022917651,9.0
3.628746460297898,-0.9687143035052507,9.0,361.7105062275845,4.6847622813153045,0.645,0.0229278906388216,0.645,0.0,0.022917651,9.0
3.6291418415206165,-0.9656602237142258,9.0,362.044539550965,4.683959195874183,0.6460000000000001,0.02292787279440686,0.646,0.0,0.022917651,9.0
3.6295376333304055,-0.962603256979853,9.0,362.3821826557707,4.683154865927691,0.647,0.02292785480562117,0.647,0.0,0.022917651,9.0
3.6299338435955706,-0.9595433479780575,9.0,362.7235047182186,4.682349267626691,0.648,0.022927836669697867,0.648,0.0,0.022917651,9.0
3.6303304803867555,-0.9564804399620683,9.0,363.06857669343793,4.681542376508747,0.6489999999999999,0.02292781838379914,0.649,0.0,0.022917651,9.0
3.630727551983488,-0.9534144747163918,9.0,363.4174713730227,4.68073416747829,0.65,0.02292779994501374,0.65,0.0,0.022917651,9.0
3.631125116868104,-0.9503451347411248,9.0,363.7701447022097,4.6799245566078405,0.6510000000000001,0.02292778129708434,0.651,0.0,0.022917651,9.0
3.6315233307969903,-0.9472716115564643,9.0,364.1263354266318,4.679113357292558,0.652,0.02292776228533314,0.652,0.0,0.022917651,9.0
3.6319220155238368,-0.9441948149840131,9.0,364.4865751708448,4.678300767648498,0.653,0.022927743109598435,0.653,0.0,0.022917651,9.0
3.632321180498072,-0.9411146793232993,9.0,364.8509452031032,4.67748675977024,0.6540000000000001,0.022927723766588904,0.654,0.0,0.022917651,9.0
3.63272083542371,-0.9380311371037674,9.0,365.2195289811673,4.6766713050005455,0.655,0.02292770425292454,0.655,0.0,0.022917651,9.0
3.633120990267981,-0.9349441190247639,9.0,365.59241222653895,4.675854373904867,0.6560000000000001,0.022927684565133655,0.656,0.0,0.022917651,9.0
3.633521655270313,-0.9318535538930627,9.0,365.9696830017394,4.675035936244812,0.657,0.02292766469964976,0.657,0.0,0.022917651,9.0
3.6339228409516955,-0.9287593685578143,9.0,366.3514317907738,4.674215960950506,0.658,0.02292764465280829,0.658,0.0,0.022917651,9.0
3.6343248927187832,-0.9256599406653921,9.0,366.73759564290486,4.673394207188192,0.659,0.02292762450517268,0.659,0.0,0.022917651,9.0
3.634727512785215,-0.922556639705171,9.0,367.12842187161135,4.672570853626814,0.66,0.02292760416976343,0.66,0.0,0.022917651,9.0
3.635130689679947,-0.9194494932287414,9.0,367.52401938254036,4.671745881950303,0.6610000000000001,0.02292758363657414,0.661,0.0,0.022917651,9.0
3.6355344351579424,-0.9163384200550474,9.0,367.92448890019915,4.670919257999316,0.662,0.02292756290142956,0.662,0.0,0.022917651,9.0
3.6359387613073846,-0.9132233367018027,9.0,368.3299340043235,4.670090946646205,0.663,0.02292754196003609,0.663,0.0,0.022917651,9.0
3.636343680561563,-0.9101041573033654,9.0,368.7404612317699,4.669260911760451,0.664,0.022927520807977535,0.664,0.0,0.022917651,9.0
3.636749416439643,-0.9069797880332152,9.0,369.15619445477813,4.668428954202186,0.6650000000000001,0.02292749946315554,0.665,0.0,0.022917651,9.0
3.6371561389687113,-0.903849363961811,9.0,369.57726154786184,4.66759488957783,0.666,0.022927477945999787,0.666,0.0,0.022917651,9.0
3.637563486607878,-0.9007145688726176,9.0,370.0037544681319,4.6667589544141705,0.667,0.022927456215948168,0.667,0.0,0.022917651,9.0
3.637971472995633,-0.8975753073999032,9.0,370.4357915948776,4.665921107900266,0.6680000000000001,0.022927434268355786,0.668,0.0,0.022917651,9.0
3.6383801121701196,-0.8944314813833929,9.0,370.87349477630767,4.665081308029274,0.6689999999999999,0.022927412098441614,0.669,0.0,0.022917651,9.0
3.6387894185838863,-0.8912829897651513,9.0,371.3169894575522,4.6642395115543245,0.67,0.02292738970128351,0.67,0.0,0.022917651,9.0
3.6391994968890375,-0.8881290293324325,9.0,371.76639412803485,4.663395333079539,0.6710000000000002,0.022927366880156723,0.671,0.0,0.022917651,9.0
3.639610401804377,-0.8849691637355527,9.0,372.2218380505376,4.6625485547103045,0.672,0.022927343539171974,0.672,0.0,0.022917651,9.0
3.640022013503474,-0.8818043285770311,9.0,372.6834739448911,4.661699633907529,0.673,0.022927319959336973,0.673,0.0,0.022917651,9.0
3.640434347980007,-0.8786344114015756,9.0,373.1514419280823,4.660848522190476,0.674,0.02292729613524682,0.674,0.0,0.022917651,9.0
3.6408474217138815,-0.8754592963351334,9.0,373.62588637680375,4.659995169604551,0.675,0.02292727206133231,0.675,0.0,0.022917651,9.0
3.641261251689843,-0.8722788639539779,9.0,374.1069560905684,4.659139524664849,0.676,0.02292724773185361,0.676,0.0,0.022917651,9.0
3.6416761577422143,-0.8690907903927327,9.0,374.5945411896319,4.658280541703169,0.677,0.022927223068685686,0.677,0.0,0.022917651,9.0
3.642091874510045,-0.8658969988933912,9.0,375.08905150305446,4.6574190835127975,0.6780000000000002,0.022927198139318972,0.678,0.0,0.022917651,9.0
3.642508403984446,-0.8626974789258526,9.0,375.5906647473251,4.656555147586837,0.679,0.022927172941732833,0.679,0.0,0.022917651,9.0
3.642925765412961,-0.8594920948213146,9.0,376.09954914300295,4.6556886752444315,0.68,0.02292714746957494,0.68,0.0,0.022917651,9.0
3.643343978655758,-0.8562807065927788,9.0,376.6158782649312,4.654819605936972,0.6810000000000002,0.022927121716290792,0.681,0.0,0.022917651,9.0
3.6437635235605317,-0.853060379558749,9.0,377.13950337424603,4.653946926756499,0.682,0.022927095668772598,0.682,0.0,0.022917651,9.0
3.6441840025132777,-0.8498335357112814,9.0,377.67092345212984,4.653071467094082,0.683,0.022927069326818487,0.683,0.0,0.022917651,9.0
3.6446054087132036,-0.8466001965624587,9.0,378.2103510747591,4.652193221108952,0.6840000000000002,0.02292704268365788,0.684,0.0,0.022917651,9.0
3.645027765058824,-0.8433602017098012,9.0,378.7579839896997,4.65131211999243,0.685,0.02292701573185242,0.685,0.0,0.022917651,9.0
3.645451140967259,-0.8401126459064252,9.0,379.31393786601575,4.6504275362312235,0.6860000000000002,0.02292698848359781,0.686,0.0,0.022917651,9.0
3.645875606954574,-0.8368565956779096,9.0,379.8783393298227,4.649538818507132,0.687,0.022926960946255903,0.687,0.0,0.022917651,9.0
3.646301096621783,-0.8335933460364209,9.0,380.4515865968348,4.6486469961191785,0.6880000000000001,0.02292693306929989,0.6880000000000001,0.0,0.022917651,9.0
3.646727636089643,-0.8303227132779258,9.0,381.0339053812498,4.647751989847114,0.6890000000000002,0.022926904844064,0.6890000000000001,0.0,0.022917651,9.0
3.6471552385118597,-0.8270443971241032,9.0,381.6255310236529,4.646853551979691,0.6900000000000001,0.022926876252597272,0.6900000000000001,0.0,0.022917651,9.0
3.647583742273134,-0.8237568250272979,9.0,382.22671427920596,4.645949462887628,0.6910000000000001,0.02292684718301066,0.6910000000000001,0.0,0.022917651,9.0
3.6480133570826143,-0.8204613547406724,9.0,382.83766348819535,4.64504191983363,0.6920000000000001,0.022926817761545915,0.6920000000000001,0.0,0.022917651,9.0
3.648444111931998,-0.8171577801688225,9.0,383.45863348345836,4.644130832689996,0.6930000000000002,0.02292678797902112,0.6930000000000001,0.0,0.022917651,9.0
3.6488760772291386,-0.8138455542241649,9.0,384.089855525801,4.6432159361910745,0.6940000000000002,0.022926757818384873,0.6940000000000001,0.0,0.022917651,9.0
3.6493096320843277,-0.810521595125543,9.0,384.7313472169431,4.642295666687662,0.6950000000000001,0.022926727212756924,0.6950000000000001,0.0,0.022917651,9.0
3.6497444358781044,-0.8071887666121024,9.0,385.383713753504,4.641371523740961,0.6960000000000002,0.02292669622843223,0.6960000000000001,0.0,0.022917651,9.0
3.650180522550463,-0.8038468276568667,9.0,386.04725066017954,4.6404434020898755,0.6970000000000001,0.022926664855119686,0.6970000000000001,0.0,0.022917651,9.0
3.6506180541356916,-0.8004942007200068,9.0,386.7221581097641,4.639510368943086,0.6980000000000001,0.0229266330630522,0.6980000000000001,0.0,0.022917651,9.0
3.6510571269767684,-0.7971299883121064,9.0,387.40870241333783,4.638571910225365,0.6990000000000002,0.022926600831544772,0.6990000000000001,0.0,0.022917651,9.0
3.6514975926125532,-0.7937558659137716,9.0,388.1073675582152,4.637629112397795,0.7,0.022926568176909717,0.7000000000000001,0.0,0.022917651,9.0
3.651926955210568,-0.7908793432064849,9.0,388.4671143152207,4.637049956287047,0.7010000000000002,0.02292656572294058,0.7010000000000001,0.0,0.022917651,9.0
3.652356657700724,-0.7880002947601973,9.0,388.82982938996935,4.636469634649573,0.7020000000000001,0.022926563206934106,0.7020000000000001,0.0,0.022917651,9.0
3.6527867883663485,-0.7851175664711472,9.0,389.19545282421296,4.635887349250728,0.7030000000000001,0.02292656042070396,0.7030000000000001,0.0,0.022917651,9.0
3.6532172505192717,-0.7822324818055947,9.0,389.5641598519103,4.635304033359873,0.7039999999999998,0.02292655762030323,0.704,0.0,0.022917651,9.0
3.653648048893438,-0.7793450071122973,9.0,389.93599450963575,4.634719672260622,0.705,0.022926554805529558,0.705,0.0,0.022917651,9.0
3.654079188313367,-0.7764551080961873,9.0,390.3110016764853,4.634134250955037,0.706,0.0229265519761767,0.706,0.0,0.022917651,9.0
3.654510673696321,-0.7735627498028994,9.0,390.6892270943228,4.633547754156852,0.7070000000000001,0.022926549132034454,0.707,0.0,0.022917651,9.0
3.6549429197284997,-0.7706667951151007,9.0,391.07067576637724,4.632960703495669,0.7080000000000001,0.02292654639041534,0.708,0.0,0.022917651,9.0
3.655376176930101,-0.7677665238015964,9.0,391.4553938679519,4.63237338088786,0.709,0.022926543821016037,0.709,0.0,0.022917651,9.0
3.655809785982939,-0.7648636746050567,9.0,391.8435078352217,4.631784887827807,0.71,0.02292654123276502,0.71,0.0,0.022917651,9.0
3.6562437519981716,-0.7619582100779105,9.0,392.23506699816863,4.631195207312954,0.711,0.022926538625388446,0.711,0.0,0.022917651,9.0
3.6566780801864383,-0.7590500920437482,9.0,392.63012164687865,4.630604322009832,0.712,0.02292653599860713,0.712,0.0,0.022917651,9.0
3.6571127758602886,-0.7561392815795045,9.0,393.0287230550136,4.630012214245958,0.7130000000000001,0.022926533352136434,0.713,0.0,0.022917651,9.0
3.6575483268241555,-0.7532226779010969,9.0,393.4308404699259,4.629417734421632,0.7140000000000001,0.02292653068444905,0.714,0.0,0.022917651,9.0
3.6579842684660284,-0.7503032276001913,9.0,393.83662363484956,4.628821970704066,0.715,0.022926527996216736,0.715,0.0,0.022917651,9.0
3.6584205953923394,-0.7473809594971808,9.0,394.2461289945123,4.628224930340303,0.7159999999999999,0.022926525287160906,0.716,0.0,0.022917651,9.0
3.6588573133429527,-0.744455831613196,9.0,394.6594120011848,4.627626594311209,0.717,0.022926522556971335,0.717,0.0,0.022917651,9.0
3.659294428172319,-0.7415278011313532,9.0,395.0765292141193,4.627026943217974,0.7180000000000001,0.022926519805331613,0.718,0.0,0.022917651,9.0
3.659732506527968,-0.7385946296424619,9.0,395.49749550103934,4.626426004895229,0.719,0.022926516834370206,0.719,0.0,0.022917651,9.0
3.660171062479082,-0.7356581658444971,9.0,395.92242478134074,4.6258236846433585,0.7200000000000001,0.022926513818153475,0.72,0.0,0.022917651,9.0
3.6606100283155585,-0.7327186512506219,9.0,396.3513837715251,4.625219953182727,0.7209999999999999,0.022926510782462294,0.721,0.0,0.022917651,9.0
3.661049410264058,-0.7297760395155222,9.0,396.7844336878056,4.624614789075352,0.722,0.022926507727000837,0.722,0.0,0.022917651,9.0
3.661489226750119,-0.7268301164851465,9.0,397.22163424292495,4.624008051694722,0.723,0.02292650466192998,0.723,0.0,0.022917651,9.0
3.6619296294535086,-0.7238788316572632,9.0,397.66302227294875,4.623398295088048,0.724,0.02292650171116633,0.724,0.0,0.022917651,9.0
3.662370468454488,-0.7209243035880339,9.0,398.10870383141344,4.62278704035194,0.7250000000000001,0.022926498737306508,0.725,0.0,0.022917651,9.0
3.6628117505002997,-0.7179664821215029,9.0,398.5587453167152,4.622174264318183,0.726,0.022926495739993332,0.726,0.0,0.022917651,9.0
3.6632534824780283,-0.7150053160621551,9.0,399.01321450345847,4.621559943338362,0.727,0.022926492718862226,0.727,0.0,0.022917651,9.0
3.6636957799080743,-0.7120397010895364,9.0,399.4721342914389,4.620943437900172,0.728,0.022926489688525366,0.728,0.0,0.022917651,9.0
3.664138648706589,-0.7090695825347829,9.0,399.9355799556575,4.620324717010492,0.729,0.022926486648060882,0.729,0.0,0.022917651,9.0
3.664581989198686,-0.7060959388528614,9.0,400.4036706996505,4.61970435774833,0.73,0.022926483582173755,0.73,0.0,0.022917651,9.0
3.665025808872107,-0.703118714085341,9.0,400.8764802601556,4.619082334105901,0.7310000000000001,0.02292648049046042,0.731,0.0,0.022917651,9.0
3.6654701351222285,-0.7001374833165921,9.0,401.3540588165161,4.6184583303264075,0.7319999999999999,0.02292647732816495,0.732,0.0,0.022917651,9.0
3.6659150619478678,-0.6971506132208557,9.0,401.8363790349215,4.617831087270277,0.7329999999999999,0.022926473910017543,0.733,0.0,0.022917651,9.0
3.6663604950948656,-0.6941599704919996,9.0,402.32365365111247,4.617202096826722,0.734,0.02292647047162241,0.734,0.0,0.022917651,9.0
3.666806442782678,-0.6911654938863148,9.0,402.81596309318377,4.616571330629219,0.735,0.02292646701265084,0.735,0.0,0.022917651,9.0
3.6672529274834584,-0.6881670327465556,9.0,403.3133927039766,4.615938727855103,0.736,0.02292646353868837,0.736,0.0,0.022917651,9.0
3.667700520579282,-0.6851609889410794,9.0,403.8161646848404,4.615302973853649,0.737,0.02292646028271304,0.737,0.0,0.022917651,9.0
3.668148649934539,-0.6821509211427168,9.0,404.32424522254325,4.614665341042763,0.738,0.022926456996601608,0.738,0.0,0.022917651,9.0
3.6685973243816874,-0.679136763074315,9.0,404.8377217516423,4.614025798477524,0.739,0.022926453679857725,0.739,0.0,0.022917651,9.0
3.6690465665752527,-0.6761182329607448,9.0,405.3566732424603,4.613384155135996,0.7400000000000001,0.022926450306944082,0.74,0.0,0.022917651,9.0
3.6694965037096496,-0.6730934252881947,9.0,405.8811056439157,4.6127390153111225,0.741,0.022926446667818078,0.741,0.0,0.022917651,9.0
3.6699470165895938,-0.6700643036818819,9.0,406.41121438433726,4.612091864494435,0.7420000000000001,0.02292644300428748,0.742,0.0,0.022917651,9.0
3.670398114914796,-0.6670307954639986,9.0,406.947095094278,4.611442668806304,0.7430000000000001,0.022926439315941138,0.743,0.0,0.022917651,9.0
3.6708498478966054,-0.6639919987329417,9.0,407.48881659653324,4.61079072281832,0.744,0.02292643570475351,0.744,0.0,0.022917651,9.0
3.671302263334261,-0.6609470641243463,9.0,408.0364588253532,4.6101353679607495,0.7450000000000001,0.02292643226084744,0.745,0.0,0.022917651,9.0
3.671755296917097,-0.6578974970317395,9.0,408.59018307343035,4.609477853066635,0.7460000000000001,0.02292642878528686,0.746,0.0,0.022917651,9.0
3.6722089593005407,-0.6548432176015431,9.0,409.15009418106183,4.608818140901817,0.7470000000000001,0.022926425277526113,0.747,0.0,0.022917651,9.0
3.6726636423504737,-0.6517814385366982,9.0,409.71604601044754,4.608155014723461,0.748,0.022926421774901288,0.748,0.0,0.022917651,9.0
3.6731191116014736,-0.6487138692081912,9.0,410.2883218426338,4.607489244158709,0.7490000000000001,0.022926418253713755,0.749,0.0,0.022917651,9.0
3.6735752564587707,-0.6456412982527016,9.0,410.8671171772232,4.606821174489886,0.75,0.02292641470144306,0.75,0.0,0.022917651,9.0
3.674032022808676,-0.6425627509935187,9.0,411.45278331916364,4.606149613599306,0.751,0.022926410967942075,0.751,0.0,0.022917651,9.0
3.6744893351862165,-0.6394772483849354,9.0,412.0456994723491,4.6054732794784154,0.752,0.02292640689793595,0.752,0.0,0.022917651,9.0
3.674947329385546,-0.6363865040782655,9.0,412.64551762064946,4.60479443091005,0.753,0.02292640279318378,0.753,0.0,0.022917651,9.0
3.6754060478344357,-0.6332902651216917,9.0,413.25234969847594,4.604112984683777,0.7540000000000001,0.022926398657140586,0.754,0.0,0.022917651,9.0
3.6758661095453378,-0.6301852701591141,9.0,413.8661144471213,4.603428156187687,0.7550000000000001,0.02292639457294921,0.755,0.0,0.022917651,9.0
3.6763269058231636,-0.6270747277076353,9.0,414.4871669082655,4.602740718594445,0.756,0.022926390458610234,0.756,0.0,0.022917651,9.0
3.676788449981346,-0.6239585372234951,9.0,415.11563916581713,4.602050624616275,0.7569999999999999,0.022926386313577254,0.757,0.0,0.022917651,9.0
3.6772519444787655,-0.6208316846614492,9.0,415.75229636770734,4.60135766870118,0.758,0.02292638233844016,0.758,0.0,0.022917651,9.0
3.6777163076911106,-0.6176984323776128,9.0,416.39673460678904,4.60066178748836,0.759,0.022926378344799176,0.759,0.0,0.022917651,9.0
3.678181425171766,-0.6145591940353659,9.0,417.04902825464194,4.5999629369707264,0.76,0.022926374310157125,0.76,0.0,0.022917651,9.0
3.6786475503610117,-0.6114102498973395,9.0,417.7096791326717,4.599258414959005,0.761,0.022926370023802822,0.761,0.0,0.022917651,9.0
3.679114476569135,-0.6082547645912872,9.0,418.378526800082,4.598550556411865,0.762,0.022926365681895863,0.762,0.0,0.022917651,9.0
3.679582188451283,-0.6050929211344442,9.0,419.0556823401562,4.597839482563491,0.763,0.022926361305604822,0.763,0.0,0.022917651,9.0
3.6800505451071457,-0.6019221713716935,9.0,419.7412175796913,4.597122080124482,0.7640000000000001,0.022926356891132,0.764,0.0,0.022917651,9.0
3.6805197200587694,-0.5987448695192692,9.0,420.4353859372503,4.596401398695932,0.7650000000000001,0.02292635244151355,0.765,0.0,0.022917651,9.0
3.6809897646722938,-0.5955602283883233,9.0,421.13836884335234,4.595676855119346,0.7660000000000001,0.022926347979756605,0.766,0.0,0.022917651,9.0
3.681460761779335,-0.5923668353529141,9.0,421.8503781549157,4.594947365388922,0.767,0.022926343547967923,0.767,0.0,0.022917651,9.0
3.681932620477734,-0.5891665028262942,9.0,422.57152986588574,4.59421438253455,0.768,0.022926339074468297,0.768,0.0,0.022917651,9.0
3.6824055203686927,-0.5859564380572091,9.0,423.30198760407376,4.593475836298261,0.7690000000000001,0.02292633457145101,0.769,0.0,0.022917651,9.0
3.682879436230094,-0.5827372169226357,9.0,424.0419439461448,4.592732200601417,0.77,0.02292633003407741,0.77,0.0,0.022917651,9.0
3.68335427084011,-0.5795105877498732,9.0,424.7915937819829,4.591984831906553,0.7710000000000001,0.022926325451333954,0.771,0.0,0.022917651,9.0
3.683830408067045,-0.5762723776389379,9.0,425.55132803881503,4.591231086557452,0.772,0.022926320726924816,0.772,0.0,0.022917651,9.0
3.6843074895076713,-0.5730264989434762,9.0,426.3211439330624,4.590473449447733,0.7730000000000001,0.02292631596113566,0.773,0.0,0.022917651,9.0
3.684785727708442,-0.5697706017871746,9.0,427.1012549255844,4.589710423573267,0.7739999999999999,0.02292631109180716,0.774,0.0,0.022917651,9.0
3.685265122604979,-0.5665047439214833,9.0,427.8918699838124,4.588942066127578,0.775,0.02292630612299621,0.775,0.0,0.022917651,9.0
3.685745534626984,-0.5632302231779044,9.0,428.6932324545899,4.588169113723404,0.7760000000000001,0.02292630114799859,0.776,0.0,0.022917651,9.0
3.686227056643111,-0.559944116631269,9.0,429.50581793355855,4.5873890121215535,0.777,0.02292629637977328,0.777,0.0,0.022917651,9.0
3.686709606742739,-0.5566495629951865,9.0,430.3295364402689,4.586604575683183,0.778,0.022926291565784053,0.778,0.0,0.022917651,9.0
3.6871937394011014,-0.5533423770798074,9.0,431.1645548454858,4.585813841809882,0.7790000000000001,0.022926286223511727,0.779,0.0,0.022917651,9.0
3.687679061726315,-0.5500255148675517,9.0,432.01115726110464,4.585018191473201,0.7800000000000001,0.022926280713096724,0.78,0.0,0.022917651,9.0
3.688165811249071,-0.5466969292233961,9.0,432.8696492199413,4.584216526491892,0.7810000000000001,0.022926275442190624,0.781,0.0,0.022917651,9.0
3.6886539040109283,-0.5433573012606386,9.0,433.7402595976989,4.5834091921901035,0.782,0.02292627033786623,0.782,0.0,0.022917651,9.0
3.6891432944856675,-0.5400063754148471,9.0,434.62325936734527,4.582595747164319,0.7830000000000001,0.022926264958911077,0.783,0.0,0.022917651,9.0
3.689634046358176,-0.5366434332757942,9.0,435.5189283816687,4.581775726350591,0.7839999999999999,0.022926259228797406,0.784,0.0,0.022917651,9.0
3.69012615839972,-0.5332687232632823,9.0,436.42745934827417,4.580949382939486,0.785,0.02292625362418575,0.785,0.0,0.022917651,9.0
3.6906198000057824,-0.5298804236596069,9.0,437.34914136847755,4.580115577262839,0.786,0.022926248287895284,0.786,0.0,0.022917651,9.0
3.6911147822502017,-0.5264796593316216,9.0,438.28461708858913,4.579274664513455,0.787,0.02292624284688858,0.787,0.0,0.022917651,9.0
3.6916111403400578,-0.5230642703675314,9.0,439.23445204605366,4.578424620212115,0.788,0.022926237269968383,0.788,0.0,0.022917651,9.0
3.6921088258232033,-0.5196369374015144,9.0,440.1982362399425,4.57756794480363,0.789,0.02292623167946107,0.789,0.0,0.022917651,9.0
3.6926079501963547,-0.5161966943556482,9.0,441.17629635656266,4.576704120305898,0.79,0.022926226084898943,0.79,0.0,0.022917651,9.0
3.69310854060095,-0.5127425952066781,9.0,442.1689427783037,4.575832303578265,0.791,0.02292622015498375,0.791,0.0,0.022917651,9.0
3.6936106121678045,-0.5092743596370559,9.0,443.1764808253411,4.574952274670995,0.792,0.02292621387907077,0.792,0.0,0.022917651,9.0
3.6941142099067394,-0.505791626773638,9.0,444.19924037179175,4.574063855712959,0.793,0.022926207982363854,0.793,0.0,0.022917651,9.0
3.694619237861257,-0.5022956469907883,9.0,445.23748859651045,4.57316791242889,0.7940000000000002,0.022926202262504473,0.794,0.0,0.022917651,9.0
3.695126098267011,-0.4987825040543824,9.0,446.29142732525645,4.572262128051655,0.7949999999999999,0.022926195859259525,0.795,0.0,0.022917651,9.0
3.695634445583955,-0.49525550873424673,9.0,447.3615153306278,4.571348437138446,0.796,0.022926189382999788,0.796,0.0,0.022917651,9.0
3.6961444120088607,-0.49171118726688934,9.0,448.4481832553213,4.570423892672762,0.797,0.022926183355185186,0.797,0.0,0.022917651,9.0
3.6966559723374424,-0.48815185349565476,9.0,449.551752621788,4.569490718965322,0.7980000000000002,0.022926177263436844,0.798,0.0,0.022917651,9.0
3.697169181440729,-0.48457692411974684,9.0,450.67260016922387,4.568548553906565,0.799,0.022926171111456978,0.799,0.0,0.022917651,9.0
3.697684288794057,-0.48098314528653024,9.0,451.81107172572825,4.567595126707226,0.8000000000000002,0.022926164892952627,0.8,0.0,0.022917651,9.0
3.698078352729991,-0.47818148577134717,9.0,452.2718267868977,4.566881248824707,0.801,0.022926164111860034,0.801,0.0,0.022917651,9.0
3.6984726760243256,-0.47537533267559506,9.0,452.7371781675276,4.566163915635962,0.8020000000000002,0.022926163138791835,0.802,0.0,0.022917651,9.0
3.6988672779917566,-0.47256438785105026,9.0,453.2071990824322,4.565442906426611,0.803,0.02292616194157317,0.803,0.0,0.022917651,9.0
3.699262041459675,-0.4697501832243493,9.0,453.6819052960303,4.5647192833756725,0.804,0.022926160740979012,0.804,0.0,0.022917651,9.0
3.6996570346706346,-0.46693176968225214,9.0,454.16138313887205,4.563992367718658,0.805,0.022926159616425794,0.805,0.0,0.022917651,9.0
3.7000523318242657,-0.464108076738307,9.0,454.64573470627886,4.5632613828935495,0.8060000000000002,0.022926158655141245,0.806,0.0,0.022917651,9.0
3.7004477924878874,-0.4612809983935241,9.0,455.1349579273647,4.562527666788077,0.807,0.0229261576868531,0.807,0.0,0.022917651,9.0
3.7008434183909076,-0.45844981060903117,9.0,455.6291301046914,4.561790505143877,0.808,0.02292615676272942,0.808,0.0,0.022917651,9.0
3.701239213976729,-0.4556133205087091,9.0,456.12834293161467,4.561048727581254,0.8090000000000002,0.022926155973599698,0.809,0.0,0.022917651,9.0
3.7016351835552816,-0.45277330540123645,9.0,456.6326068866876,4.560304120972318,0.8100000000000002,0.02292615518561403,0.81,0.0,0.022917651,9.0
3.702031309437734,-0.44992861998710976,9.0,457.14204651444135,4.559555466828471,0.8110000000000003,0.022926154312663382,0.811,0.0,0.022917651,9.0
3.7024275555475437,-0.44707780912136186,9.0,457.6568214288367,4.558801162550582,0.8120000000000002,0.022926153242492267,0.812,0.0,0.022917651,9.0
3.7028239617795435,-0.4442233187966485,9.0,458.17686129625025,4.558043819190286,0.8130000000000002,0.022926152168560573,0.8130000000000001,0.0,0.022917651,9.0
3.703220471927622,-0.44136417288255236,9.0,458.7023352880045,4.55728223605488,0.8140000000000002,0.022926151204148253,0.8140000000000001,0.0,0.022917651,9.0
3.7036170610151355,-0.43849998137748764,9.0,459.23336617692775,4.556515923507948,0.8150000000000002,0.022926150387027267,0.8150000000000001,0.0,0.022917651,9.0
3.704013809083351,-0.43563198373158074,9.0,459.7698835447689,4.555746440873441,0.8160000000000002,0.022926149558926447,0.8160000000000001,0.0,0.022917651,9.0
3.70441094230634,-0.4327578504132059,9.0,460.3121137970753,4.554972367776722,0.8170000000000002,0.022926148470362784,0.8170000000000001,0.0,0.022917651,9.0
3.7048083742815208,-0.42987833169280076,9.0,460.86009129104,4.55419410715938,0.8180000000000001,0.022926147214272906,0.8180000000000001,0.0,0.022917651,9.0
3.705205959330539,-0.4269948565994483,9.0,461.4137882989699,4.553412502411186,0.8190000000000001,0.022926145953418704,0.8190000000000001,0.0,0.022917651,9.0
3.7056031741882505,-0.42410447451656574,9.0,461.97323643186985,4.552622497433579,0.8200000000000001,0.02292614500308267,0.8200000000000001,0.0,0.022917651,9.0
3.706000482849029,-0.42120959695109045,9.0,462.53853664843,4.55182837034793,0.8210000000000001,0.022926144089005167,0.8210000000000001,0.0,0.022917651,9.0
3.706398009686221,-0.4183102032161404,9.0,463.1097872611682,4.551030602578817,0.822,0.022926143151496197,0.8220000000000001,0.0,0.022917651,9.0
3.706795888208837,-0.41540502730310275,9.0,463.6871230527619,4.5502284705318115,0.8230000000000002,0.022926142153611894,0.8230000000000001,0.0,0.022917651,9.0
3.70719394755521,-0.4124955960064868,9.0,464.27054626675584,4.549422806491138,0.8240000000000001,0.0229261411456125,0.8240000000000001,0.0,0.022917651,9.0
3.7075923145568717,-0.40957965832145166,9.0,464.860266594027,4.548611866453872,0.8250000000000001,0.022926139883088115,0.8250000000000001,0.0,0.022917651,9.0
3.7079909514548337,-0.40665785377211433,9.0,465.45633473676963,4.5477961388906865,0.8260000000000002,0.022926138449758625,0.8260000000000001,0.0,0.022917651,9.0
3.708389784286278,-0.4037314055765486,9.0,466.0587591562363,4.546976551242548,0.8270000000000002,0.02292613704067016,0.8270000000000001,0.0,0.022917651,9.0
3.7087889462852104,-0.4007969318462982,9.0,466.66785021507116,4.546150252725416,0.8280000000000002,0.022926136070732326,0.8280000000000001,0.0,0.022917651,9.0
3.7091882976859822,-0.39785790960798406,9.0,467.2834686069678,4.545320163170024,0.8290000000000002,0.02292613508872193,0.8290000000000001,0.0,0.022917651,9.0
3.709587869553681,-0.39491263151914385,9.0,467.9057803815361,4.544484695163893,0.8300000000000003,0.022926134205432963,0.8300000000000001,0.0,0.022917651,9.0
3.709987654386279,-0.391961497769896,9.0,468.53486057393127,4.543644220407646,0.8310000000000001,0.02292613339985727,0.8310000000000001,0.0,0.022917651,9.0
3.710387670454105,-0.38900479693715084,9.0,469.1708017254538,4.542799106168641,0.8320000000000002,0.0229261324863108,0.8320000000000001,0.0,0.022917651,9.0
3.710788056935086,-0.3860392951782041,9.0,469.81393362629035,4.5419466845930945,0.8330000000000001,0.02292613103930906,0.833,0.0,0.022917651,9.0
3.7111886351284853,-0.38306890461711385,9.0,470.4640695385117,4.541090140869047,0.8340000000000001,0.02292612959219943,0.834,0.0,0.022917651,9.0
3.7115894527704496,-0.3800909538650091,9.0,471.12169010555203,4.540226982286318,0.8350000000000001,0.022926128459764387,0.835,0.0,0.022917651,9.0
3.7119904730232336,-0.3771074172410505,9.0,471.7866096652089,4.539359045783929,0.8360000000000001,0.022926127385700983,0.836,0.0,0.022917651,9.0
3.712391697871685,-0.374117234747868,9.0,472.4589997880046,4.538485283561329,0.8370000000000001,0.022926126315756693,0.837,0.0,0.022917651,9.0
3.7127931235378653,-0.3711204603234503,9.0,473.1389589919628,4.537605733980313,0.838,0.02292612524778818,0.838,0.0,0.022917651,9.0
3.7131947915945216,-0.3681172784730935,9.0,473.82652715261486,4.536720749408767,0.8390000000000001,0.022926124046556858,0.839,0.0,0.022917651,9.0
3.713596783879333,-0.3651057160905333,9.0,474.5219470877715,4.535828689055002,0.8400000000000001,0.02292612252692777,0.84,0.0,0.022917651,9.0
3.7139989701377454,-0.36208844191421313,9.0,475.2251499184109,4.534931691181031,0.8410000000000001,0.022926121034730594,0.841,0.0,0.022917651,9.0
3.7144013222232903,-0.3590622583505647,9.0,475.9365729483005,4.534026430833623,0.8420000000000001,0.02292611986002368,0.842,0.0,0.022917651,9.0
3.7148038748295407,-0.3560305363791403,9.0,476.655976218211,4.533116434292598,0.8430000000000001,0.022926118672129365,0.843,0.0,0.022917651,9.0
3.7152071655852037,-0.35298865584605205,9.0,477.3838261963049,4.532199249056674,0.844,0.022926117537428944,0.844,0.0,0.022917651,9.0
3.7156106892531864,-0.3499407975831326,9.0,478.1199167860798,4.531277018518299,0.8449999999999999,0.02292611639146758,0.845,0.0,0.022917651,9.0
3.7160147365768395,-0.34688338134405755,9.0,478.86456305813664,4.530347312236392,0.8460000000000001,0.02292611486724932,0.846,0.0,0.022917651,9.0
3.716419051683084,-0.34381944477051984,9.0,479.61771008671207,4.529412154751402,0.8469999999999999,0.022926113277861863,0.847,0.0,0.022917651,9.0
3.716823448439431,-0.3407469475513072,9.0,480.37993700406395,4.528468774206119,0.848,0.02292611198239256,0.848,0.0,0.022917651,9.0
3.717228027095015,-0.3376678207618448,9.0,481.15099979971706,4.527519494193973,0.849,0.02292611073975846,0.849,0.0,0.022917651,9.0
3.7176329649323234,-0.33457878969535215,9.0,481.93127344871357,4.526561741055267,0.8500000000000001,0.022926109716756408,0.85,0.0,0.022917651,9.0
3.7180381476137603,-0.33148268616864934,9.0,482.72061796685443,4.525597893642833,0.851,0.02292610873922383,0.851,0.0,0.022917651,9.0
3.718443400793333,-0.32837672053337463,9.0,483.51942686847326,4.5246244638806585,0.8520000000000001,0.02292610737290611,0.852,0.0,0.022917651,9.0
3.718848856326453,-0.32526379001556444,9.0,484.3275550512701,4.523644878325887,0.853,0.02292610595603524,0.853,0.0,0.022917651,9.0
3.7192544770778273,-0.3221409333971636,9.0,485.14512980891647,4.522656032193228,0.854,0.02292610470023538,0.854,0.0,0.022917651,9.0
3.7196602582201277,-0.31901089694445933,9.0,485.9723587620357,4.521660647649918,0.855,0.022926103433105922,0.855,0.0,0.022917651,9.0
3.720065344790104,-0.3158701682771961,9.0,486.81044574565226,4.520651791210984,0.856,0.022926102130577147,0.856,0.0,0.022917651,9.0
3.7204705967820932,-0.3127215519785754,9.0,487.65859727880746,4.5196357088814345,0.857,0.022926100722273864,0.857,0.0,0.022917651,9.0
3.720875946314469,-0.30956279964620226,9.0,488.5173973891967,4.518609880178757,0.858,0.02292609903232882,0.858,0.0,0.022917651,9.0
3.72128138081355,-0.30639476927532305,9.0,489.3865044710122,4.517575114863928,0.859,0.022926097472338005,0.859,0.0,0.022917651,9.0
3.72168688109092,-0.30321677855332524,9.0,490.2661134075629,4.516530653967437,0.86,0.02292609606602702,0.86,0.0,0.022917651,9.0
3.7220925108252016,-0.30002901262955234,9.0,491.15650010512763,4.515476925102113,0.861,0.022926094479424355,0.861,0.0,0.022917651,9.0
3.7224983073862266,-0.2968326810037616,9.0,492.0576823001343,4.514415292918549,0.862,0.022926092809068495,0.862,0.0,0.022917651,9.0
3.7229043965000725,-0.2936244660993741,9.0,492.970285501267,4.51334296276903,0.863,0.022926091418680773,0.863,0.0,0.022917651,9.0
3.723310691858946,-0.2904070993701043,9.0,493.8940711828857,4.512262305114473,0.864,0.02292608997931903,0.864,0.0,0.022917651,9.0
3.723717187601833,-0.2871782415286535,9.0,494.8294614999765,4.5111709533908,0.865,0.0229260884025905,0.865,0.0,0.022917651,9.0
3.7241240879097575,-0.28393833811484837,9.0,495.77645180533756,4.5100701797714375,0.866,0.022926086783424664,0.866,0.0,0.022917651,9.0
3.7245313343091047,-0.280688304067999,9.0,496.73514962628207,4.508960663775273,0.867,0.022926085133207305,0.867,0.0,0.022917651,9.0
3.7249388126752736,-0.27742518983299613,9.0,497.7063461508273,4.507838990681727,0.8680000000000001,0.022926083992138916,0.868,0.0,0.022917651,9.0
3.7253465892204423,-0.274151841376431,9.0,498.6897404031672,4.506708272745655,0.8690000000000001,0.02292608277608639,0.869,0.0,0.022917651,9.0
3.725754723788903,-0.2708671054479852,9.0,499.68567023532137,4.50556759374778,0.8700000000000001,0.02292608139646229,0.87,0.0,0.022917651,9.0
3.7261630772154315,-0.2675698670796669,9.0,500.6943390823383,4.504415291964568,0.871,0.022926079930649868,0.871,0.0,0.022917651,9.0
3.726571644408401,-0.26426158991198584,9.0,501.71579487156356,4.503252808242021,0.872,0.02292607832926142,0.872,0.0,0.022917651,9.0
3.726980418082307,-0.26094077564229884,9.0,502.7504044527811,4.502078615297633,0.8730000000000001,0.022926076475422316,0.873,0.0,0.022917651,9.0
3.7273892151275603,-0.2576073871057742,9.0,503.79850470094243,4.500891939020091,0.874,0.022926074864043328,0.874,0.0,0.022917651,9.0
3.7277982018836515,-0.2542619252199422,9.0,504.86017352648753,4.499693948755708,0.875,0.022926073208808677,0.875,0.0,0.022917651,9.0
3.7282074672085947,-0.25090272037595707,9.0,505.93580732751997,4.498483332573756,0.876,0.022926071333345188,0.876,0.0,0.022917651,9.0
3.7286164801820174,-0.2475297628200975,9.0,507.0255355074206,4.497257956955433,0.877,0.022926069703323417,0.877,0.0,0.022917651,9.0
3.729025452792075,-0.2441448891591993,9.0,508.12932520533417,4.496020495609941,0.878,0.022926068016541106,0.878,0.0,0.022917651,9.0
3.729434409432571,-0.240747926416208,9.0,509.24740489907543,4.4947708699193205,0.879,0.022926066214719116,0.879,0.0,0.022917651,9.0
3.729843405411162,-0.23733518561497288,9.0,510.3804055292211,4.493505639545854,0.88,0.022926064448620224,0.88,0.0,0.022917651,9.0
3.7302525760713667,-0.23390849101430525,9.0,511.52832748198045,4.492227154475916,0.8809999999999999,0.022926062580192565,0.881,0.0,0.022917651,9.0
3.7306620541263005,-0.23046763070696194,9.0,512.6914979960688,4.490935734941737,0.882,0.022926060721224214,0.882,0.0,0.022917651,9.0
3.731071989695533,-0.22701207862013076,9.0,513.8702901651532,4.489631456493992,0.883,0.022926058987087744,0.883,0.0,0.022917651,9.0
3.731482200635019,-0.2235404297553573,9.0,515.0651247641023,4.488312182420673,0.8840000000000001,0.022926057178657266,0.884,0.0,0.022917651,9.0
3.7318924669429636,-0.22005382400771187,9.0,516.2759342209098,4.486978166102755,0.885,0.022926055410288096,0.885,0.0,0.022917651,9.0
3.732301625257716,-0.21655231829338537,9.0,517.5032143407329,4.485624820825327,0.8860000000000001,0.02292605400290567,0.886,0.0,0.022917651,9.0
3.7327090752743373,-0.21303605636892659,9.0,518.7473358774165,4.484249890930245,0.8870000000000001,0.022926052992267288,0.887,0.0,0.022917651,9.0
3.733116981160974,-0.20950451903704176,9.0,520.0083270160484,4.482861477460421,0.888,0.02292605110640814,0.888,0.0,0.022917651,9.0
3.733524284542806,-0.20595560857298228,9.0,521.2865506957612,4.481453311524615,0.889,0.02292604910361102,0.889,0.0,0.022917651,9.0
3.733931372016026,-0.20239036450546546,9.0,522.5818924052924,4.480027940589966,0.89,0.0229260471973945,0.89,0.0,0.022917651,9.0
3.734338571676876,-0.19880808932224708,9.0,523.8946229898004,4.4785859890089705,0.8910000000000001,0.02292604524849704,0.891,0.0,0.022917651,9.0
3.7347460009280473,-0.19520825178619772,9.0,525.2251399686542,4.477127399851275,0.892,0.022926043238297878,0.892,0.0,0.022917651,9.0
3.7351534586451622,-0.19159081559312977,9.0,526.5738467986134,4.475651317456572,0.893,0.022926041282280516,0.893,0.0,0.022917651,9.0
3.7355607904685164,-0.1879548672132857,9.0,527.9407861741005,4.474156215052029,0.894,0.022926039212496644,0.894,0.0,0.022917651,9.0
3.735968123045442,-0.18429915813044448,9.0,529.326356098859,4.472641372499743,0.895,0.022926037209037048,0.895,0.0,0.022917651,9.0
3.7363753603030254,-0.18062474224647085,9.0,530.7306885584012,4.471107418821668,0.896,0.02292603515095243,0.896,0.0,0.022917651,9.0
3.7367821965098997,-0.17693198825432355,9.0,532.1539150766615,4.469553553075849,0.897,0.022926033062724893,0.897,0.0,0.022917651,9.0
3.7371896048456072,-0.1732191932757168,9.0,533.5963483840815,4.4679819150768205,0.898,0.022926030977118837,0.898,0.0,0.022917651,9.0
3.7375972417525007,-0.16948586709103278,9.0,535.0583883976141,4.466390662383328,0.899,0.022926028863481447,0.899,0.0,0.022917651,9.0
3.738004273227916,-0.16573279253699033,9.0,536.5403543525031,4.464777243013081,0.9000000000000001,0.022926026733059213,0.9,0.0,0.022917651,9.0
3.738305287279402,-0.1628953148891825,9.0,537.3120509717204,4.4636013921994,0.901,0.022926026254949616,0.901,0.0,0.022917651,9.0
3.7386065619969666,-0.16004856767274006,9.0,538.0909852756295,4.46241731985027,0.902,0.022926025776590142,0.902,0.0,0.022917651,9.0
3.7389075793475732,-0.1571965255349222,9.0,538.877459943806,4.461226919791683,0.903,0.02292602557775988,0.903,0.0,0.022917651,9.0
3.7392081842945424,-0.15433749985331122,9.0,539.671411939533,4.460027878481688,0.904,0.022926026079636765,0.904,0.0,0.022917651,9.0
3.739508358299899,-0.15147148376493197,9.0,540.4729592067854,4.45882013212186,0.905,0.022926026055788893,0.905,0.0,0.022917651,9.0
3.7398081237081504,-0.14859865195158603,9.0,541.2822219134647,4.45760394393997,0.906,0.022926025557716254,0.906,0.0,0.022917651,9.0
3.7401074410850654,-0.1457187750606432,9.0,542.0990379294716,4.456378908216542,0.907,0.022926025058543714,0.907,0.0,0.022917651,9.0
3.7404065139322773,-0.14283344218421487,9.0,542.9237905742059,4.45514743636211,0.908,0.022926024558627134,0.908,0.0,0.022917651,9.0
3.740705337738846,-0.1399401813648525,9.0,543.7561706213878,4.453907048913711,0.9090000000000003,0.02292602405911883,0.909,0.0,0.022917651,9.0
3.7410038983665888,-0.1370404604072584,9.0,544.5966185457884,4.452659149862438,0.91,0.02292602355322304,0.91,0.0,0.022917651,9.0
3.741302133179466,-0.13413315624907785,9.0,545.4451129386099,4.4514023661401945,0.911,0.022926023037607646,0.911,0.0,0.022917651,9.0
3.7416000904335327,-0.13121794629036934,9.0,546.3015735587328,4.450136555584787,0.912,0.022926022532247313,0.912,0.0,0.022917651,9.0
3.7418977882043767,-0.12829632280789938,9.0,547.1663732246014,4.4488632915680695,0.9130000000000003,0.02292602203040953,0.913,0.0,0.022917651,9.0
3.7421949051734233,-0.12536512496030486,9.0,548.0390841316506,4.447578150565541,0.9140000000000001,0.022926021529325342,0.914,0.0,0.022917651,9.0
3.742490713750223,-0.12242748855293972,9.0,548.920103143868,4.446281323028592,0.915,0.022926021026574647,0.915,0.0,0.022917651,9.0
3.7427851457576358,-0.11948322576456284,9.0,549.8094784882383,4.444972347669729,0.9160000000000003,0.022926020521784808,0.916,0.0,0.022917651,9.0
3.7430793428357134,-0.11653115513181242,9.0,550.7070299270284,4.443654639777704,0.9170000000000001,0.022926020012839308,0.917,0.0,0.022917651,9.0
3.743373348132534,-0.11357174970830781,9.0,551.6132607996807,4.442328831858303,0.918,0.022926019501979117,0.918,0.0,0.022917651,9.0
3.7436671361634457,-0.11060297437761682,9.0,552.5279819298763,4.440992785117485,0.9189999999999999,0.02292601898807195,0.919,0.0,0.022917651,9.0
3.7439605471588355,-0.10762500776803723,9.0,553.4511315556995,4.439646039443373,0.9200000000000002,0.022926018481464652,0.92,0.0,0.022917651,9.0
3.7442536597161795,-0.1046396283697196,9.0,554.3831759264182,4.438290686330169,0.921,0.022926017976586797,0.921,0.0,0.022917651,9.0
3.7445463927424503,-0.10164585692116598,9.0,555.3238207178734,4.436925421204662,0.922,0.02292601747049259,0.922,0.0,0.022917651,9.0
3.7448389616487203,-0.09864278882951855,9.0,556.273193983569,4.435550207986009,0.9230000000000002,0.022926016956749326,0.923,0.0,0.022917651,9.0
3.745131319702441,-0.09563168658408774,9.0,557.2317188637883,4.434166116810252,0.9240000000000002,0.02292601644043108,0.924,0.0,0.022917651,9.0
3.745423397393547,-0.09261148605382376,9.0,558.1991599621799,4.432771800724858,0.9250000000000002,0.022926015924905212,0.925,0.0,0.022917651,9.0
3.7457150369793903,-0.08958152577906228,9.0,559.1755016183522,4.431365971445928,0.926,0.022926015416487627,0.926,0.0,0.022917651,9.0
3.7460063047889696,-0.08654307021871312,9.0,560.1611838101527,4.429950159314494,0.9270000000000003,0.02292601490783229,0.927,0.0,0.022917651,9.0
3.746297162848956,-0.08349563582914436,9.0,561.1561516121499,4.428523729280674,0.9280000000000002,0.02292601439529167,0.928,0.0,0.022917651,9.0
3.7465878989482104,-0.08043714523335282,9.0,562.1600344463748,4.427085758640093,0.929,0.022926013874648685,0.929,0.0,0.022917651,9.0
3.7468782277059485,-0.07736980840733212,9.0,563.1735071947567,4.42563731481619,0.9300000000000003,0.02292601335727008,0.93,0.0,0.022917651,9.0
3.7471681191437596,-0.07429344460830425,9.0,564.1966491546217,4.424178094573333,0.9310000000000002,0.02292601297936548,0.931,0.0,0.022917651,9.0
3.7474575273204027,-0.07120648101037916,9.0,565.2290585772158,4.42270633260562,0.932,0.02292601336057425,0.932,0.0,0.022917651,9.0
3.7477462523032568,-0.06810926533234965,9.0,566.2709619796028,4.421221594259216,0.933,0.02292601301472667,0.933,0.0,0.022917651,9.0
3.748034524234941,-0.0650024158090845,9.0,567.3228201085216,4.419725411837544,0.9340000000000003,0.022926012475480897,0.934,0.0,0.022917651,9.0
3.7483223796901184,-0.061885809499403754,9.0,568.3847564164848,4.418217805987771,0.935,0.022926011934730702,0.935,0.0,0.022917651,9.0
3.7486095189056456,-0.05875834815118071,9.0,569.4563558178617,4.416696476178011,0.9360000000000002,0.022926011394969456,0.936,0.0,0.022917651,9.0
3.7488963336651975,-0.05561939138863477,9.0,570.537932769373,4.415162344919944,0.937,0.022926010856145502,0.937,0.0,0.022917651,9.0
3.749182673407543,-0.052469624927296045,9.0,571.6298220924353,4.413615510818163,0.9380000000000001,0.02292601031118673,0.9380000000000001,0.0,0.022917651,9.0
3.749468307481126,-0.049309049140133086,9.0,572.7321744417062,4.412055051781286,0.9390000000000001,0.02292600976523907,0.9390000000000001,0.0,0.022917651,9.0
3.7497528823922854,-0.04613774260139984,9.0,573.8451946534421,4.410479622716641,0.9400000000000002,0.022926009235015005,0.9400000000000001,0.0,0.022917651,9.0
3.750036039745246,-0.04295517975015057,9.0,574.9678763488222,4.408887259437427,0.9410000000000001,0.022926008682396876,0.9410000000000001,0.0,0.022917651,9.0
3.7503181848369254,-0.039761955699929935,9.0,576.1018568652635,4.4072801938674555,0.9420000000000001,0.022926008138550162,0.9420000000000001,0.0,0.022917651,9.0
3.750599343372537,-0.036557267550740756,9.0,577.2470242085984,4.40565771306247,0.9430000000000001,0.02292600759560092,0.9430000000000001,0.0,0.022917651,9.0
3.7508796820406736,-0.03334061449073343,9.0,578.4033618977992,4.404019986542335,0.9440000000000001,0.022926007049009028,0.9440000000000001,0.0,0.022917651,9.0
3.751159367740396,-0.030111794572117996,9.0,579.5709417397559,4.402367492898101,0.9450000000000002,0.02292600650050205,0.9450000000000001,0.0,0.022917651,9.0
3.7514378234258285,-0.026870285606316376,9.0,580.7496079118476,4.400697378529564,0.9460000000000001,0.022926005959531155,0.9460000000000001,0.0,0.022917651,9.0
3.7517137083389507,-0.02361720020120682,9.0,581.9392341446064,4.399005404213816,0.9470000000000001,0.022926005404538673,0.9470000000000001,0.0,0.022917651,9.0
3.7519891949195405,-0.02035264587013801,9.0,583.1408085586565,4.3973003676949896,0.9480000000000002,0.022926004855474788,0.9480000000000001,0.0,0.022917651,9.0
3.752263979901589,-0.01707605521957802,9.0,584.3544655777989,4.395580493275381,0.9490000000000001,0.022926004305446498,0.9490000000000001,0.0,0.022917651,9.0
3.7525378028155827,-0.013786997729956734,9.0,585.5805866938821,4.39384430452567,0.9500000000000001,0.022926003757639923,0.9500000000000001,0.0,0.022917651,9.0
3.752810569252171,-0.010485149131297023,9.0,586.8194820637743,4.3920910955662364,0.9510000000000002,0.022926003208906413,0.9510000000000001,0.0,0.022917651,9.0
3.753082307788711,-0.007170270523167175,9.0,588.0713429352534,4.390320744295055,0.9520000000000001,0.02292600265040675,0.9520000000000001,0.0,0.022917651,9.0
3.7533531739097206,-0.0038422691419398173,9.0,589.3367133807446,4.388533781236945,0.9530000000000001,0.02292600209913407,0.9530000000000001,0.0,0.022917651,9.0
3.7536231566922833,-0.0005006909401681922,9.0,590.6159318514777,4.386729710967568,0.9540000000000002,0.022926001549505845,0.9540000000000001,0.0,0.022917651,9.0
3.753891954228619,0.002853745236720765,9.0,591.9094657165471,4.3849080468888495,0.9550000000000001,0.02292600098785374,0.9550000000000001,0.0,0.022917651,9.0
3.7541596954544048,0.006221517662679746,9.0,593.2176534217979,4.383068798935398,0.9560000000000001,0.02292600043610849,0.9560000000000001,0.0,0.022917651,9.0
3.7544263915353757,0.009603409710505655,9.0,594.5410161527425,4.38121127599626,0.9570000000000001,0.0229259998805473,0.9570000000000001,0.0,0.022917651,9.0
3.754692026506957,0.012998926430520264,9.0,595.8803668637589,4.379335870715999,0.9580000000000002,0.022925999325206132,0.9580000000000001,0.0,0.022917651,9.0
3.7549564928915466,0.016407990743212593,9.0,597.2362711358775,4.3774422394302706,0.9590000000000002,0.022925998767770503,0.9590000000000001,0.0,0.022917651,9.0
3.7552195712958163,0.019830709873114964,9.0,598.6094906057566,4.3755294150900825,0.96,0.022925998206229658,0.96,0.0,0.022917651,9.0
3.755481258733168,0.023266564828094513,9.0,600.000609633316,4.373597889359573,0.961,0.0229259976542866,0.961,0.0,0.022917651,9.0
3.7557411994450933,0.026716076003474275,9.0,601.4103968076671,4.371645713710545,0.962,0.022925997630877794,0.962,0.0,0.022917651,9.0
3.7559991777718817,0.03017943807773792,9.0,602.8402215276941,4.369671851328585,0.9630000000000001,0.022925997194206398,0.963,0.0,0.022917651,9.0
3.756255187843107,0.03365564484350447,9.0,604.290986091441,4.367677253064888,0.964,0.022925996617485653,0.964,0.0,0.022917651,9.0
3.7565092081182283,0.03714386735056829,9.0,605.7630904575076,4.365662691481462,0.965,0.022925996035527516,0.965,0.0,0.022917651,9.0
3.756761117281916,0.040645126769470456,9.0,607.2576678942745,4.363626634830603,0.9660000000000001,0.022925996524917232,0.966,0.0,0.022917651,9.0
3.757011111859127,0.04415938783456011,9.0,608.7762354358615,4.361569935140869,0.967,0.022925996085830395,0.967,0.0,0.022917651,9.0
3.757259062772687,0.04768678038390675,9.0,610.320392648005,4.359491919656023,0.9680000000000001,0.022925995513197475,0.968,0.0,0.022917651,9.0
3.757504711230504,0.05122753169843051,9.0,611.8916942600669,4.357391333785306,0.969,0.022925994950872837,0.969,0.0,0.022917651,9.0
3.757748118670261,0.05477982418013132,9.0,613.4912015781524,4.35527023187759,0.9700000000000002,0.022925994381675755,0.97,0.0,0.022917651,9.0
3.757989023457338,0.05834412759367061,9.0,615.120474465219,4.353127131005647,0.9709999999999999,0.022925993810755826,0.971,0.0,0.022917651,9.0
3.7582264796655154,0.06191954205801739,9.0,616.7811356736817,4.350959123533265,0.972,0.022925993243967623,0.972,0.0,0.022917651,9.0
3.7584605163392935,0.06550406227461274,9.0,618.4740238244148,4.3487683254838,0.9730000000000001,0.022925992673380618,0.973,0.0,0.022917651,9.0
3.7586916205485257,0.0690983167478113,9.0,620.2013428236951,4.346556065098037,0.974,0.022925992094410964,0.974,0.0,0.022917651,9.0
3.758919475311169,0.07270257746884377,9.0,621.9649422528896,4.344320792807982,0.975,0.02292599153011536,0.975,0.0,0.022917651,9.0
3.759143930562326,0.07631618428691896,9.0,623.7660791699075,4.342062583460799,0.976,0.022925990954469438,0.976,0.0,0.022917651,9.0
3.7593648227965346,0.07993802311319087,9.0,625.6066457868386,4.339781883713629,0.9770000000000001,0.02292599037490863,0.977,0.0,0.022917651,9.0
3.7595816267427544,0.08356765043283321,9.0,627.4895216010685,4.33747705291738,0.978,0.022925989810735098,0.978,0.0,0.022917651,9.0
3.759794293389926,0.08720342584875145,9.0,629.4135819523448,4.335149518764785,0.979,0.022925989227816544,0.979,0.0,0.022917651,9.0
3.7600029372075507,0.09084666417008931,9.0,631.3789426568912,4.332798419283382,0.9800000000000001,0.022925988654608657,0.98,0.0,0.022917651,9.0
3.760205278553478,0.094496472422648,9.0,633.3854945067211,4.330415547280547,0.981,0.022925988093233655,0.981,0.0,0.022917651,9.0
3.760401923345624,0.09815145766197435,9.0,635.4327261770733,4.328004715329954,0.982,0.022925987515249366,0.982,0.0,0.022917651,9.0
3.760593688901411,0.10181281182732799,9.0,637.51877762865,4.3255680144603375,0.983,0.02292598695086731,0.983,0.0,0.022917651,9.0
3.7607801086218857,0.10548193192579379,9.0,639.639375572319,4.323102136071061,0.9840000000000001,0.02292598636132824,0.984,0.0,0.022917651,9.0
3.760961347899149,0.10916054772905572,9.0,641.7884146837519,4.320606049835901,0.985,0.022925985781014815,0.985,0.0,0.022917651,9.0
3.761137682959888,0.11284937786724354,9.0,643.9597094518537,4.31808013245955,0.986,0.022925985202677874,0.986,0.0,0.022917651,9.0
3.7613088138954627,0.11655155515792001,9.0,646.1453486801527,4.315520048624313,0.9870000000000001,0.022925984611653287,0.987,0.0,0.022917651,9.0
3.7614751520438974,0.12027112680684698,9.0,648.3288985341566,4.312923424370363,0.988,0.02292598403524335,0.988,0.0,0.022917651,9.0
3.7616372373539813,0.12401064983798235,9.0,650.5006794520219,4.3102898149603455,0.989,0.02292598345240517,0.989,0.0,0.022917651,9.0
3.7617954833862375,0.12777679059521826,9.0,652.6473748354421,4.307614237468715,0.99,0.022925982899766734,0.99,0.0,0.022917651,9.0
3.7619503441538766,0.13157597411622463,9.0,654.7645206765286,4.304892067781325,0.9910000000000001,0.022925982352335353,0.991,0.0,0.022917651,9.0
3.762105764786015,0.13542912796519121,9.0,656.9568983726564,4.302118160328883,0.992,0.022925981760598322,0.992,0.0,0.022917651,9.0
3.7622620252997456,0.13933237845005852,9.0,659.2923798896705,4.299297536361207,0.993,0.022925981171890444,0.993,0.0,0.022917651,9.0
3.762416124454397,0.14327995520053113,9.0,661.7840749149129,4.296423943113332,0.9940000000000001,0.022925980633206722,0.994,0.0,0.022917651,9.0
3.7625676310721925,0.14727509657518156,9.0,664.445030091574,4.293492389707488,0.995,0.02292598007843748,0.995,0.0,0.022917651,9.0
3.762716068421172,0.15132682463049532,9.0,667.2705813924122,4.290491986743574,0.996,0.02292597946299095,0.996,0.0,0.022917651,9.0
3.762862969872542,0.1554388842105869,9.0,670.2754498036556,4.287425112765546,0.997,0.02292597886600034,0.997,0.0,0.022917651,9.0
3.763007029982343,0.1596102846550272,9.0,673.4575303186599,4.284287533233002,0.9980000000000001,0.022925978272512606,0.998,0.0,0.022917651,9.0
3.7631483603737133,0.16384265410175453,9.0,676.8259822183353,4.281078056070074,0.999,0.022925977734622953,0.999,0.0,0.022917651,9.0
3.763286623911999,0.1681389769245342,9.0,680.395166750155,4.277792351197912,1.0,0.022925977109254123,1.0,0.0,0.022917651,9.0
3.763417953880123,0.17127924564972521,9.0,682.8499144467173,4.2755913330721755,1.0010000000000001,0.022925977048599513,1.0010000000000001,0.0,0.022917651,9.0
3.7635476886849664,0.17444085406728038,9.0,685.363221106305,4.2733625994176885,1.0020000000000002,0.022925977005795115,1.002,0.0,0.022917651,9.0
3.7636760918594856,0.17762495114772822,9.0,687.9347902780277,4.271106024378153,1.0030000000000001,0.02292597695393295,1.0030000000000001,0.0,0.022917651,9.0
3.7638016882014167,0.18082770700410938,9.0,690.5658290652788,4.268819584103444,1.004,0.022925976893003675,1.004,0.0,0.022917651,9.0
3.763925401386887,0.18404952678207226,9.0,693.2557340186905,4.266506534757558,1.0050000000000001,0.022925976832074396,1.0050000000000001,0.0,0.022917651,9.0
3.7640472002892396,0.18729433783621469,9.0,696.0075963374683,4.264162870394784,1.0060000000000002,0.022925976771337862,1.006,0.0,0.022917651,9.0
3.7641668018637144,0.190558523688727,9.0,698.8211348745504,4.261791003190699,1.0070000000000001,0.022925976717873067,1.0070000000000001,0.0,0.022917651,9.0
3.764284202028986,0.19384360754305552,9.0,701.6964208857673,4.259389461728644,1.008,0.022925976715394068,1.008,0.0,0.022917651,9.0
3.7643992615538067,0.19714846222108784,9.0,704.6342990277609,4.256958768897811,1.0090000000000001,0.022925976715451983,1.0090000000000001,0.0,0.022917651,9.0
3.764511908987688,0.20047293017586273,9.0,707.6378020683931,4.2544988153957215,1.0100000000000002,0.022925976653774646,1.01,0.0,0.022917651,9.0
3.7646237751668723,0.20381838763723556,9.0,710.8950637113262,4.252014738845228,1.0110000000000003,0.02292597660281916,1.0110000000000001,0.0,0.022917651,9.0
3.7647307986890817,0.20718357474404517,9.0,714.3121974231311,4.24949157986375,1.012,0.02292597655388942,1.012,0.0,0.022917651,9.0
3.764841485571508,0.2105918300584378,9.0,718.2556895678541,4.246939990649352,1.0130000000000001,0.02292597649158681,1.0130000000000001,0.0,0.022917651,9.0
3.764950238645214,0.21399740377735565,9.0,723.2597975254777,4.244383363305706,1.014,0.022925976429284196,1.014,0.0,0.022917651,9.0
3.7650473905351425,0.21742172889323458,9.0,728.5106268127893,4.241761569119823,1.0150000000000003,0.022925976366981595,1.0150000000000001,0.0,0.022917651,9.0
3.7651406362189723,0.22086897081177712,9.0,733.8160551465545,4.239101240886483,1.016,0.022925976350050246,1.016,0.0,0.022917651,9.0
3.7652304602612623,0.224338862849613,9.0,739.1735833478933,4.236404567051619,1.0170000000000001,0.022925976379160336,1.0170000000000001,0.0,0.022917651,9.0
3.7653166105500384,0.22782864150759155,9.0,744.5836785039322,4.233673318898437,1.0180000000000002,0.02292597631520973,1.018,0.0,0.022917651,9.0
3.765398661698237,0.23134222368805346,9.0,750.0517353628896,4.230901869676586,1.0190000000000003,0.022925976256477784,1.0190000000000001,0.0,0.022917651,9.0
3.765476552782449,0.2348766801279411,9.0,755.5741112859538,4.228092906444656,1.0200000000000002,0.022925976208835446,1.02,0.0,0.022917651,9.0
3.7655501207143196,0.2384337739871428,9.0,761.1530669736245,4.22524402078506,1.0210000000000001,0.022925976150824562,1.0210000000000001,0.0,0.022917651,9.0
3.765619525195304,0.24201478148272354,9.0,766.7913987978721,4.222354545236265,1.022,0.022925976157809166,1.022,0.0,0.022917651,9.0
3.7656843064071106,0.24561646860398187,9.0,772.4862075873835,4.219425920424551,1.0230000000000004,0.022925976149819307,1.0230000000000001,0.0,0.022917651,9.0
3.765742710507608,0.24924400974153416,9.0,778.2444840324423,4.216445915347924,1.024,0.022925976105095357,1.024,0.0,0.022917651,9.0
3.7657959637617964,0.25289325941547947,9.0,784.060799609081,4.2134236016378965,1.0250000000000001,0.02292597603922208,1.025,0.0,0.022917651,9.0
3.7658436111315314,0.2565681714623191,9.0,789.9417064341127,4.2103532198826015,1.0260000000000002,0.022925976031487213,1.026,0.0,0.022917651,9.0
3.765885826221382,0.26026597678329505,9.0,795.8834757733762,4.207238183046509,1.027,0.022925976074942126,1.027,0.0,0.022917651,9.0
3.765922026349007,0.2639907524111747,9.0,801.8924483314506,4.204072137768823,1.028,0.022925976007500883,1.028,0.0,0.022917651,9.0
3.7659475855042337,0.2677512036899521,9.0,807.9949638494733,4.200827847262934,1.0290000000000001,0.022925975982942885,1.029,0.0,0.022917651,9.0
3.765969372959192,0.2715283668862363,9.0,814.1521938158079,4.197551767442841,1.03,0.02292597597451618,1.03,0.0,0.022917651,9.0
3.765990391900863,0.27531398351752673,9.0,820.3463352057641,4.194264160103929,1.031,0.022925975964881443,1.031,0.0,0.022917651,9.0
3.766002712172904,0.27913083985214787,9.0,826.6192427488643,4.19091051528292,1.032,0.022925975981104352,1.032,0.0,0.022917651,9.0
3.7660010354468394,0.28299425841253245,9.0,832.9992496627027,4.187454315112322,1.033,0.022925976039953996,1.033,0.0,0.022917651,9.0
3.7659985428097835,0.2868665181785815,9.0,839.417523878366,4.183986010076501,1.0340000000000003,0.02292597609576982,1.034,0.0,0.022917651,9.0
3.7659903554034986,0.29075944238063395,9.0,845.8966265964249,4.180474261222433,1.035,0.022925976158773186,1.035,0.0,0.022917651,9.0
3.765961385719882,0.294709538970777,9.0,852.506061435669,4.176822209667375,1.036,0.022925976260095623,1.036,0.0,0.022917651,9.0
3.7659315326320337,0.2986688554049918,9.0,859.1551712008862,4.173157404629417,1.037,0.02292597635751191,1.037,0.0,0.022917651,9.0
3.7658959538338204,0.3026477770282155,9.0,865.8644935708307,4.169450092557829,1.0380000000000003,0.022925976457062056,1.038,0.0,0.022917651,9.0
3.765836535891517,0.30668514534971564,9.0,872.7105300662831,4.165588981937839,1.039,0.022925976580512545,1.039,0.0,0.022917651,9.0
3.765776205573491,0.3107321719792942,9.0,879.5977123235101,4.161714563340724,1.04,0.022925976698412127,1.04,0.0,0.022917651,9.0
3.765705415215968,0.3148060596496387,9.0,886.5622551540625,4.15777144189531,1.041,0.022925976946902807,1.041,0.0,0.022917651,9.0
3.765611661940061,0.31892948628175466,9.0,893.6519528539183,4.153686926491934,1.0420000000000003,0.022925977496360703,1.042,0.0,0.022917651,9.0
3.765516981563016,0.3230630214052378,9.0,900.7843227613719,4.149588594439612,1.043,0.02292597802783009,1.043,0.0,0.022917651,9.0
3.765401565598697,0.3272384110388978,9.0,908.029088873379,4.14536546996353,1.044,0.022925978364071353,1.044,0.0,0.022917651,9.0
3.7652705440286147,0.33144768399818714,9.0,915.3690165316962,4.141046042814043,1.0450000000000002,0.022925978559535886,1.045,0.0,0.022917651,9.0
3.7651385581958636,0.33566752655332505,9.0,922.7531712612974,4.136712188921444,1.046,0.02292597874750926,1.046,0.0,0.022917651,9.0
3.764967301436922,0.3399480113677465,9.0,930.3032844975658,4.132160599334986,1.047,0.022925979535306642,1.047,0.0,0.022917651,9.0
3.7647945413748554,0.3442402105325893,9.0,937.9006374120642,4.127591282248717,1.048,0.022925980303358733,1.048,0.0,0.022917651,9.0
3.764597059034627,0.34856730977578537,9.0,945.6095106019641,4.122888178187092,1.049,0.022925981249264763,1.049,0.0,0.022917651,9.0
3.7643776368216484,0.3529268278842419,9.0,953.4230264875608,4.11806489730478,1.0500000000000003,0.02292598233957121,1.05,0.0,0.022917651,9.0
3.7641469926956206,0.35730581867285205,9.0,961.3095645966667,4.113177257090631,1.051,0.02292598338895629,1.051,0.0,0.022917651,9.0
3.7638764164811445,0.3617267531331313,9.0,969.3424065638103,4.108087950146339,1.052,0.0229259843979006,1.052,0.0,0.022917651,9.0
3.7636041658058903,0.3661600360522832,9.0,977.4252233430549,4.102979597128653,1.0530000000000002,0.022925985379697148,1.053,0.0,0.022917651,9.0
3.763275880430353,0.37063327989657585,9.0,985.6814442783935,4.097607135774672,1.054,0.02292598734871568,1.054,0.0,0.022917651,9.0
3.762946639832216,0.3751190978939401,9.0,993.9874882599886,4.092218279426319,1.055,0.022925989240615893,1.055,0.0,0.022917651,9.0
3.762550250817854,0.37962999345940257,9.0,1002.4545593341693,4.086535757608522,1.056,0.022925991692975083,1.056,0.0,0.022917651,9.0
3.762148397336367,0.3841547504809016,9.0,1010.9798769506968,4.080817516530469,1.057,0.022925994085365938,1.057,0.0,0.022917651,9.0
3.7616676422965463,0.38869297193817,9.0,1019.6858240260451,4.07477020021065,1.0580000000000003,0.022925998324740515,1.058,0.0,0.022917651,9.0
3.7611707138991717,0.3932417341232573,9.0,1028.467643109203,4.068647648550626,1.059,0.022926002671997247,1.059,0.0,0.022917651,9.0
3.76060824814422,0.397790839974337,9.0,1037.4017949119627,4.062262598849894,1.06,0.022926008036174585,1.06,0.0,0.022917651,9.0
3.7600010837469986,0.4023347526568387,9.0,1046.44916161283,4.05570395234255,1.061,0.02292601441500064,1.061,0.0,0.022917651,9.0
3.7593491646075137,0.4068738676320424,9.0,1055.6107303840415,4.048971089405141,1.062,0.022926021729662308,1.062,0.0,0.022917651,9.0
3.758608044842605,0.4113682273829929,9.0,1064.9310370134679,4.041926181452431,1.063,0.02292603247825784,1.063,0.0,0.022917651,9.0
3.75780898705653,0.41582954696833646,9.0,1074.3643592180604,4.034682561796435,1.064,0.02292604583916575,1.064,0.0,0.022917651,9.0
3.7569351274800797,0.4202412818569534,9.0,1083.9218089599285,4.027189319567932,1.065,0.022926062556627175,1.065,0.0,0.022917651,9.0
3.755919218575315,0.4245392874680969,9.0,1093.6259497663032,4.019241604281258,1.0660000000000003,0.022926084722210634,1.066,0.0,0.022917651,9.0
3.754794586969442,0.42871178474989796,9.0,1103.4640091209355,4.010984497855741,1.067,0.02292611624166793,1.067,0.0,0.022917651,9.0
3.7535528209075024,0.4327273647725543,9.0,1113.4303023543205,4.002415781041184,1.068,0.022926157740994175,1.068,0.0,0.022917651,9.0
3.752160647871911,0.43652631586415164,9.0,1123.5330071183062,3.993462067173483,1.069,0.022926218199307416,1.069,0.0,0.022917651,9.0
3.7505641360543764,0.440029142693617,9.0,1133.7509920336145,3.9839871112216523,1.07,0.02292630375828743,1.07,0.0,0.022917651,9.0
3.748755027359259,0.4431453848488224,9.0,1144.077120353161,3.974048364628481,1.071,0.022926439689576562,1.071,0.0,0.022917651,9.0
3.746655503180868,0.4456843479764462,9.0,1154.519191041824,3.9635252405284844,1.072,0.02292665902927367,1.072,0.0,0.022917651,9.0
3.7442310047206235,0.4475733866310388,9.0,1165.0297604091256,3.9523521322250676,1.073,0.022927033553491648,1.073,0.0,0.022917651,9.0
3.7413926908546395,0.44850426189637255,9.0,1175.6089394360304,3.9404819293776465,1.074,0.022927697661863016,1.074,0.0,0.022917651,9.0
3.738041372272413,0.4482613823305925,9.0,1186.2028600988442,3.9277334576152123,1.075,0.02292911426531982,1.075,0.0,0.022917651,9.0
3.7340759828879464,0.446596266263662,9.0,1196.7836733433826,3.9139509374058328,1.076,0.022932272629428537,1.076,0.0,0.022917651,9.0
3.7294293833868686,0.4434653534962407,9.0,1207.3083955895397,3.8989093935617185,1.077,0.02293950266328267,1.077,0.0,0.022917651,9.0
3.7240738132451763,0.4392276504672777,9.0,1217.7372110630326,3.8821387293541005,1.078,0.022954621232840325,1.078,0.0,0.022917651,9.0
3.718139737996605,0.43514472952419814,9.0,1228.053834343389,3.8628992822639696,1.079,0.02298908562187553,1.079,0.0,0.022917651,9.0
3.7119227816005447,0.43317996942531295,9.0,1238.3104379987221,3.8404101379608626,1.08,0.023058487907210528,1.08,0.0,0.022917651,9.0
3.7057951163304623,0.43537764784279614,9.0,1248.63004474631,3.814115736699468,1.081,0.023188850963225097,1.081,0.0,0.022917651,9.0
3.7000481648308217,0.4434913565217721,9.0,1259.1558530325208,3.7834281514106314,1.082,0.02339390283774993,1.082,0.0,0.022917651,9.0
3.6950996271953516,0.45944999117926455,9.0,1270.0057377547575,3.7480892835058994,1.083,0.023724812486877286,1.083,0.0,0.022917651,9.0
3.6911952940170427,0.4838521266152626,9.0,1281.336477980282,3.708483747775664,1.0839999999999999,0.02421708323685842,1.084,0.0,0.022917651,9.0
3.688229682701988,0.5155802786681565,9.0,1293.3760408562464,3.6653070730786337,1.0850000000000002,0.024894404167712016,1.085,0.0,0.022917651,9.0
3.685955569260738,0.5531854779724014,9.0,1306.3616600679893,3.619019352290126,1.086,0.0258099973499078,1.086,0.0,0.022917651,9.0
3.6841317860002056,0.5958559985657651,9.0,1320.5646154766014,3.5694676130622867,1.087,0.02695506091880531,1.087,0.0,0.022917651,9.0
3.682572906808417,0.6433629337357499,9.0,1336.2789166944092,3.516139095809634,1.0880000000000003,0.028450351352003817,1.088,0.0,0.022917651,9.0
3.6810762332678504,0.69604797585301,9.0,1353.8785478114414,3.457881287881561,1.0890000000000002,0.030096289590529634,1.089,0.0,0.022917651,9.0
3.679527580198342,0.7548409090206797,9.0,1373.8658350319106,3.393307664349185,1.09,0.03185888451435669,1.09,0.0,0.022917651,9.0
3.6777223935380112,0.8211941126861905,9.0,1396.9133092450224,3.320147645809568,1.0910000000000002,0.033611913189975626,1.091,0.0,0.022917651,9.0
3.6754877034636215,0.8974677620743595,9.0,1424.0317774374503,3.2353491713545153,1.092,0.03511773404567771,1.092,0.0,0.022917651,9.0
3.6724871140152944,0.987425596354238,9.0,1456.7975550447707,3.133802902900521,1.093,0.036219197432694854,1.093,0.0,0.022917651,9.0
3.6683518485469615,1.097128468550424,9.0,1497.9210426350278,3.0079729075013977,1.0940000000000003,0.036968209940530405,1.094,0.0,0.022917651,9.0
3.6624191930693897,1.2352770482467694,9.0,1553.6184689284964,2.8465076021671485,1.095,0.037184169151987696,1.095,0.0,0.022917651,9.0
3.6533877828053547,1.4213144874258108,9.0,1636.198430416265,2.624758450933123,1.0960000000000003,0.03718760937628616,1.096,0.0,0.022917651,9.0
3.649135886459233,1.5165047142252952,9.0,1802.064785873552,2.512974577164538,1.097,0.037191049600584614,1.097,0.0,0.022917651,9.0
3.625959799825949,1.897702752889232,9.0,2204.5087394613415,2.0394861282154193,1.098,0.037194489824883076,1.098,0.0,0.022917651,9.0
