log_Teff,LogL_lsun,Age_gyr,Step,Log_g,Mass_msun,feh,Mass_input,Metallicity_input,Z_used,Age_input
3.5431185151669378,-1.5155781699767203,0.03,236.17576846084108,4.557958316384781,0.3,0.02292602202443816,0.3,0.0,0.022917651,0.03
3.544589782676166,-1.496834242033938,0.03,235.7672899442353,4.557593326738454,0.30999999999999994,0.022926026173163506,0.31,0.0,0.022917651,0.03
3.546051918199517,-1.4782809057700255,0.03,235.36904293251052,4.557382404263905,0.32,0.022926030556144523,0.32,0.0,0.022917651,0.03
3.547501563644556,-1.460076034882587,0.03,234.98643100300578,4.557469992495775,0.33,0.022926034835459432,0.33,0.0,0.022917651,0.03
3.54893649864016,-1.442188995499648,0.03,234.6120283953674,4.557816581507399,0.34,0.022926039567782875,0.34,0.0,0.022917651,0.03
3.5503709312041356,-1.4245916209604605,0.03,234.2561595776689,4.558450817180805,0.35000000000000003,0.022926044039997335,0.35000000000000003,0.0,0.022917651,0.03
3.551802959547495,-1.4071043028385384,0.03,233.9216436157455,4.5591854809176,0.36,0.022926048071365186,0.36,0.0,0.022917651,0.03
3.5532322452135023,-1.3897976545490405,0.03,233.6069562016638,4.56008984080401,0.37,0.022926050994232866,0.37,0.0,0.022917651,0.03
3.5546552692225593,-1.3727656935588974,0.03,233.29042008303665,4.561243854362514,0.38,0.022926052863183045,0.38,0.0,0.022917651,0.03
3.5560692884470617,-1.3562156357865094,0.03,232.98556178675793,4.562843759759741,0.39,0.022926052741522297,0.39,0.0,0.022917651,0.03
3.5574832319369425,-1.3396723438904445,0.03,232.70323259325923,4.564450112712967,0.4000000000000001,0.022926050346947967,0.4,0.0,0.022917651,0.03
3.558839036600908,-1.3237495550371614,0.03,231.5014309024991,4.563641535062287,0.41000000000000003,0.022926051331066434,0.41000000000000003,0.0,0.022917651,0.03
3.560201212566193,-1.3080011057439502,0.03,230.2975592914295,4.5630327858489155,0.42,0.022926052460224864,0.42,0.0,0.022917651,0.03
3.561565869646,-1.292496553031309,0.03,229.11593688189552,4.562677858345417,0.42999999999999994,0.022926053024135848,0.43,0.0,0.022917651,0.03
3.5629382963776166,-1.276958416279167,0.03,227.95627681338334,4.562320432480508,0.44,0.022926052450234366,0.44,0.0,0.022917651,0.03
3.5643163917201703,-1.2616514878240905,0.03,226.82290189094905,4.562216893387528,0.45000000000000007,0.022926050664999295,0.45,0.0,0.022917651,0.03
3.5656978375674755,-1.246481788258181,0.03,225.7025729981544,4.562263975835728,0.46,0.022926048507486054,0.46,0.0,0.022917651,0.03
3.5670891659721082,-1.2315652115607778,0.03,224.61406126233246,4.562603708530216,0.47000000000000003,0.02292604498941249,0.47000000000000003,0.0,0.022917651,0.03
3.5684968890281508,-1.2167370751003157,0.03,223.55283433139908,4.563097461782802,0.48000000000000004,0.022926039363502453,0.48,0.0,0.022917651,0.03
3.5699243252392874,-1.2018899974001753,0.03,222.51711148503534,4.563651127769943,0.49,0.022926032286964115,0.49,0.0,0.022917651,0.03
3.571370528227481,-1.187168454383775,0.03,221.51111969689688,4.564405401062589,0.5,0.02292602379461917,0.5,0.0,0.022917651,0.03
3.573001390780725,-1.1715877287756584,0.03,221.52574321495018,4.563266248599447,0.51,0.022926020977893594,0.51,0.0,0.022917651,0.03
3.5746148416623176,-1.156151185709014,0.03,221.53659209010357,4.562201633290411,0.52,0.022926018364066065,0.52,0.0,0.022917651,0.03
3.5762152622568957,-1.1408038771484914,0.03,221.54316462796882,4.56117413285803,0.5300000000000001,0.02292601592314122,0.53,0.0,0.022917651,0.03
3.5778024980906795,-1.125589026190998,0.03,221.5482285548447,4.560226351140851,0.54,0.02292601357813269,0.54,0.0,0.022917651,0.03
3.579378241896249,-1.1104896271962152,0.03,221.55197755456138,4.55934805340892,0.5500000000000002,0.022926011316726207,0.55,0.0,0.022917651,0.03
3.5809439085345716,-1.0954914660956652,0.03,221.5545735166548,4.558530685020969,0.56,0.022926009128628962,0.56,0.0,0.022917651,0.03
3.5825006897650513,-1.0805825701583847,0.03,221.55615280319938,4.557767040269605,0.5700000000000001,0.022926007005171164,0.5700000000000001,0.0,0.022917651,0.03
3.5840497513353746,-1.0657497257103168,0.03,221.55673011849822,4.557048568473653,0.5800000000000001,0.022926004938943475,0.58,0.0,0.022917651,0.03
3.58559571841471,-1.0509099050648432,0.03,221.55388874786007,4.5563107429782645,0.59,0.022926002920298467,0.59,0.0,0.022917651,0.03
3.587135587580048,-1.0361290796478777,0.03,221.5500671247941,4.555607521193258,0.6,0.02292600094389818,0.6,0.0,0.022917651,0.03
3.590541027064988,-1.0088612133321486,0.03,221.41580525797022,4.548656095311551,0.61,0.022925998141113988,0.61,0.0,0.022917651,0.03
3.593670831093726,-0.9833756417704239,0.03,221.26611739797858,4.542384418458456,0.6200000000000001,0.02292599557399738,0.62,0.0,0.022917651,0.03
3.596472474652006,-0.9602480574206279,0.03,221.10717832332904,4.537158080345761,0.6300000000000001,0.022925993322480524,0.63,0.0,0.022917651,0.03
3.5989220491005023,-0.9398759963607173,0.03,220.9447803485133,4.533278993821624,0.64,0.0229259912533823,0.64,0.0,0.022917651,0.03
3.6010303552954595,-0.9223360356632082,0.03,220.7824290632371,4.53086694387767,0.65,0.02292598918474676,0.65,0.0,0.022917651,0.03
3.6028486970961455,-0.9074577909724626,0.03,220.6292430628058,4.529956731550101,0.66,0.022925987907655293,0.66,0.0,0.022917651,0.03
3.6044452699333425,-0.8946369008779561,0.03,220.47627223863677,4.5302168143059465,0.67,0.022925987034796733,0.67,0.0,0.022917651,0.03
3.605885964435871,-0.8833177977612923,0.03,220.32831051024877,4.531355184714377,0.68,0.022925986195276273,0.68,0.0,0.022917651,0.03
3.607248299127267,-0.8728770873020915,0.03,220.17780940987214,4.533058480154246,0.6900000000000001,0.022925984754748132,0.6900000000000001,0.0,0.022917651,0.03
3.608557273474873,-0.8629806708871813,0.03,220.02290388212919,4.535092635866241,0.7,0.02292598424609766,0.7000000000000001,0.0,0.022917651,0.03
3.6121646483477243,-0.8384695115542924,0.03,220.59812763142992,4.530810170276555,0.71,0.022925983119467207,0.71,0.0,0.022917651,0.03
3.6157273727112447,-0.8142094101691728,0.03,221.17041806421588,4.5266001601986705,0.7200000000000001,0.02292598199136056,0.72,0.0,0.022917651,0.03
3.619256633123534,-0.7900014959993709,0.03,221.73219730873825,4.522308483950126,0.73,0.02292598067381506,0.73,0.0,0.022917651,0.03
3.622718495087332,-0.7661702799765988,0.03,222.2886820779538,4.5181239118055165,0.7400000000000001,0.022925979355759397,0.74,0.0,0.022917651,0.03
3.6260899756365386,-0.7428695842485983,0.03,222.83960895468647,4.514108333459941,0.75,0.02292597807221494,0.75,0.0,0.022917651,0.03
3.6293609136716016,-0.7200469947979893,0.03,223.3771019139387,4.510168690801563,0.76,0.02292597689991964,0.76,0.0,0.022917651,0.03
3.6324709266017927,-0.6981694538511733,0.03,223.90456405258675,4.506530394772408,0.77,0.022925975785597366,0.77,0.0,0.022917651,0.03
3.635368417310206,-0.6775016157782058,0.03,224.41074410572583,4.503251706854866,0.7800000000000001,0.02292597476794613,0.78,0.0,0.022917651,0.03
3.637951284524921,-0.6587993702680621,0.03,224.89903715273059,4.500680120079229,0.79,0.022925973707623934,0.79,0.0,0.022917651,0.03
3.640133035594191,-0.6427631123577613,0.03,225.36730268302966,4.499170067491015,0.8000000000000002,0.02292597280583044,0.8,0.0,0.022917651,0.03
3.6441068343082637,-0.6177383933725024,0.03,225.5365381174357,4.495155788856217,0.8100000000000002,0.022925973034270866,0.81,0.0,0.022917651,0.03
3.648235499988979,-0.5919991695124629,0.03,225.71763266369072,4.4910464821678255,0.8200000000000001,0.022925973265247732,0.8200000000000001,0.0,0.022917651,0.03
3.652500736163444,-0.565683252335278,0.03,225.915989560561,4.486906764797696,0.8300000000000003,0.022925973507047663,0.8300000000000001,0.0,0.022917651,0.03
3.656973274191563,-0.5384514343870676,0.03,226.13193869804357,4.482680358140776,0.8400000000000001,0.022925973731990533,0.84,0.0,0.022917651,0.03
3.6616449512561644,-0.5103766391614902,0.03,226.3735814401563,4.478407532002486,0.8500000000000001,0.022925973947540042,0.85,0.0,0.022917651,0.03
3.666595114211074,-0.4810638999366259,0.03,226.6438920480212,4.4740107015921895,0.86,0.022925974148678797,0.86,0.0,0.022917651,0.03
3.671825075809604,-0.45060702080101883,0.03,226.95280092173212,4.469588919221415,0.8700000000000001,0.022925974345156138,0.87,0.0,0.022917651,0.03
3.677390324091719,-0.4187821458476627,0.03,227.30455508016783,4.465140278737714,0.88,0.022925974521909268,0.88,0.0,0.022917651,0.03
3.6833033890327247,-0.3855854226436795,0.03,227.7086177148881,4.460711062973748,0.89,0.022925974679654897,0.89,0.0,0.022917651,0.03
3.6895761002633334,-0.35098007362248296,0.03,228.1789042264776,4.456311809216876,0.9000000000000001,0.022925974829223622,0.9,0.0,0.022917651,0.03
3.6947787050678462,-0.3206236211659042,0.03,228.6648299375778,4.451341535951446,0.91,0.022925974255293906,0.91,0.0,0.022917651,0.03
3.7001233604733232,-0.2894616153783601,0.03,229.28966637133763,4.446133892923973,0.9200000000000002,0.022925973668787226,0.92,0.0,0.022917651,0.03
3.7056225295111878,-0.257468216095268,0.03,230.11325667347006,4.440712920878058,0.9300000000000003,0.022925973082763923,0.93,0.0,0.022917651,0.03
3.711261669847737,-0.22468358692417678,0.03,231.25199494167677,4.435060619843182,0.9400000000000002,0.022925972495789093,0.9400000000000001,0.0,0.022917651,0.03
3.717043962139934,-0.19110428656737805,0.03,232.90722050362277,4.429186227917309,0.9500000000000001,0.022925971906657253,0.9500000000000001,0.0,0.022917651,0.03
3.722953627881403,-0.15686326149396812,0.03,235.34838889827927,4.423159609489347,0.96,0.022925971326185193,0.96,0.0,0.022917651,0.03
3.7289553135215243,-0.12223311199237458,0.03,238.92200256291255,4.417111962497414,0.9700000000000002,0.022925970736633574,0.97,0.0,0.022917651,0.03
3.734993015529691,-0.08773319235282952,0.03,243.6990057936345,4.411338591799121,0.9800000000000001,0.022925970144755066,0.98,0.0,0.022917651,0.03
3.740996490668115,-0.054077238582701866,0.03,251.3333781999085,4.406272293860715,0.99,0.022925969552876558,0.99,0.0,0.022917651,0.03
3.746812024391295,-0.022733837810957006,0.03,261.46993466412664,4.402766785107464,1.0,0.022925968960998053,1.0,0.0,0.022917651,0.03
3.751030223878335,0.001228309147197256,0.03,269.3261498359337,4.399816702165214,1.0100000000000002,0.02292596911709089,1.01,0.0,0.022917651,0.03
3.7548794077779717,0.021089829551963712,0.03,275.87083410313056,4.399491181094289,1.0200000000000002,0.02292596927318373,1.02,0.0,0.022917651,0.03
3.758340048944781,0.03693235935082472,0.03,281.3708818052293,4.401630482463445,1.03,0.022925969429276563,1.03,0.0,0.022917651,0.03
3.761393624391021,0.04884535265953714,0.03,286.0016020699902,4.406071060927918,1.04,0.0229259695853694,1.04,0.0,0.022917651,0.03
3.763991730285147,0.056687978073850974,0.03,289.73643451365854,4.412760129608805,1.0500000000000003,0.022925969741462236,1.05,0.0,0.022917651,0.03
3.7661948890545554,0.0611955337357957,0.03,292.89381312328663,4.421204474220839,1.06,0.022925969897555076,1.06,0.0,0.022917651,0.03
3.7680354872981976,0.06342998491238483,0.03,295.6305653518038,4.430471673683476,1.07,0.022925970053647913,1.07,0.0,0.022917651,0.03
3.7696744819120696,0.06544277263376089,0.03,298.1081898843288,4.439154143803375,1.08,0.02292597020974075,1.08,0.0,0.022917651,0.03
3.7712108436790595,0.06815719262436823,0.03,300.4402438237789,4.446724422431228,1.09,0.02292597036583359,1.09,0.0,0.022917651,0.03
3.77270348324097,0.07267228213879857,0.03,302.68996513918086,4.452319173989841,1.1000000000000003,0.022925970521926423,1.1,0.0,0.022917651,0.03
3.773836478350429,0.07879893781160871,0.03,303.3453342614156,4.454503355049717,1.1100000000000003,0.022925970324633588,1.11,0.0,0.022917651,0.03
3.7749662191661066,0.08635927770234678,0.03,303.9530510500026,4.455240826830151,1.1200000000000003,0.02292597012734075,1.12,0.0,0.022917651,0.03
3.7761217402811953,0.09502319113613998,0.03,304.53474041798324,4.454977851854412,1.1300000000000001,0.02292596993004791,1.1300000000000001,0.0,0.022917651,0.03
3.777433121407143,0.10679024368618553,0.03,305.0372247354541,4.452235182959086,1.1400000000000003,0.022925969732755076,1.1400000000000001,0.0,0.022917651,0.03
3.778769807115065,0.11906020178518292,0.03,305.5435539471456,4.449090826800008,1.1500000000000001,0.022925969535462238,1.1500000000000001,0.0,0.022917651,0.03
3.780185007894731,0.13240516091227217,0.03,306.0172322718095,4.445185529139133,1.1600000000000001,0.0229259693381694,1.16,0.0,0.022917651,0.03
3.7817927122159336,0.14801592487873222,0.03,306.38333164896136,4.439784438651923,1.1700000000000002,0.022925969140876565,1.17,0.0,0.022917651,0.03
3.7834207235522075,0.1638527379627152,0.03,306.7446018645629,4.434238527091592,1.1800000000000002,0.022925968943583726,1.18,0.0,0.022917651,0.03
3.785064453294505,0.17986452170573777,0.03,307.1021341245012,4.428580518484015,1.19,0.022925968746290888,1.19,0.0,0.022917651,0.03
3.786720598466145,0.19601450876601859,0.03,307.4567139015759,4.422833968266838,1.2,0.022925968548998053,1.2,0.0,0.022917651,0.03
3.788513253262497,0.21316657219818327,0.03,307.13588185838046,4.416328735601502,1.2100000000000002,0.02292596835719855,1.21,0.0,0.022917651,0.03
3.7903025033960858,0.2303093090768828,0.03,306.81642780206175,4.409819210806962,1.2200000000000002,0.022925968165399047,1.22,0.0,0.022917651,0.03
3.7920877502668984,0.2474410796288412,0.03,306.4985940071173,4.403304639250887,1.23,0.022925967973599543,1.23,0.0,0.022917651,0.03
3.793868246213041,0.26455983574852454,0.03,306.1826830786369,4.396784078384286,1.24,0.022925967781800036,1.24,0.0,0.022917651,0.03
3.795643045031669,0.2816629854578087,0.03,305.86907797822073,4.390256335365124,1.25,0.022925967590000533,1.25,0.0,0.022917651,0.03
3.797410931389807,0.29874719953768714,0.03,305.5582705939085,4.3837198780692175,1.26,0.022925967398201026,1.26,0.0,0.022917651,0.03
3.799170317812974,0.31580812934435765,0.03,305.2509034325075,4.377172705227699,1.27,0.022925967206401526,1.27,0.0,0.022917651,0.03
3.800919090437659,0.33283998427170114,0.03,304.9478320489955,4.370612151973026,1.2800000000000002,0.02292596701460202,1.28,0.0,0.022917651,0.03
3.8026543711088774,0.34983488005386376,0.03,304.6502213340169,4.364034589924376,1.29,0.022925966822802516,1.29,0.0,0.022917651,0.03
3.8043721376316784,0.366781798502305,0.03,304.35969921146375,4.35743494845314,1.3,0.022925966631003013,1.3,0.0,0.022917651,0.03
3.8063907387159124,0.38333627768713036,0.03,304.81094422966135,4.352173343048184,1.3100000000000003,0.022925966814562514,1.31,0.0,0.022917651,0.03
3.8084239558922173,0.39991308459497166,0.03,305.2621208967515,4.346947874119236,1.3200000000000003,0.02292596699812202,1.32,0.0,0.022917651,0.03
3.810473354125244,0.4165146098851838,0.03,305.7132218942891,4.341762410847421,1.33,0.02292596718168152,1.33,0.0,0.022917651,0.03
3.812540730065787,0.43314359814374165,0.03,306.16423882036565,4.3366213952291375,1.3400000000000003,0.02292596736524103,1.34,0.0,0.022917651,0.03
3.81462815657379,0.449803215897131,0.03,306.6151619813998,4.3315299521536685,1.35,0.02292596754880053,1.35,0.0,0.022917651,0.03
3.816738037918883,0.46649713593737424,0.03,307.0659801339971,4.3264940258796685,1.3600000000000003,0.022925967732360036,1.36,0.0,0.022917651,0.03
3.81887317877031,0.4832296427118968,0.03,307.51668016232264,4.3215205506042125,1.37,0.02292596791591954,1.37,0.0,0.022917651,0.03
3.8210288151976535,0.499966025190045,0.03,307.96368561497627,4.316625180985776,1.3800000000000003,0.02292596809947904,1.3800000000000001,0.0,0.022917651,0.03
3.823190499056443,0.516622592407317,0.03,308.40119625988115,4.311833814448582,1.3900000000000001,0.02292596828303855,1.3900000000000001,0.0,0.022917651,0.03
3.8253871996339393,0.5333262204345837,0.03,308.84167337407393,4.307135454222016,1.4000000000000001,0.022925968466598053,1.4000000000000001,0.0,0.022917651,0.03
3.827884726664946,0.5486852869368001,0.03,309.40234669386666,4.304762815449221,1.41,0.02292596846385139,1.41,0.0,0.022917651,0.03
3.830437771537328,0.564088068745911,0.03,309.9684537781089,4.302568532884763,1.4200000000000002,0.022925968461104722,1.42,0.0,0.022917651,0.03
3.8329581060764837,0.5792010372469353,0.03,310.5248592596868,4.300533223906977,1.4299999999999997,0.022925968458358054,1.43,0.0,0.022917651,0.03
3.8353965090276616,0.5938608071336802,0.03,311.0663058928741,4.298623389361685,1.44,0.022925968455611387,1.44,0.0,0.022917651,0.03
3.8378798462255994,0.6085058248802301,0.03,311.61497460123934,4.296908044216371,1.45,0.022925968452864723,1.45,0.0,0.022917651,0.03
3.840413960472061,0.6231341722652514,0.03,312.1718044714843,4.295412477934887,1.4600000000000002,0.022925968450118052,1.46,0.0,0.022917651,0.03
3.8430057534505924,0.637743583431172,0.03,312.73790477951843,4.29416656315089,1.47,0.022925968447371388,1.47,0.0,0.022917651,0.03
3.845663436984659,0.6523313623948669,0.03,313.3145953740247,4.293205843191204,1.4800000000000002,0.02292596844462472,1.48,0.0,0.022917651,0.03
3.84827446276121,0.6667014002450932,0.03,313.88400776486696,4.292276233016522,1.49,0.022925968441878053,1.49,0.0,0.022917651,0.03
3.8507710213449746,0.6807236339773648,0.03,314.4498747477515,4.291236560155304,1.5,0.02292596843913139,1.5,0.0,0.022917651,0.03
3.8532271012090673,0.6928908536018309,0.03,315.5891270826986,4.291696529198903,1.51,0.022925968441878056,1.51,0.0,0.022917651,0.03
3.855977978237252,0.705196938729442,0.03,316.792908522836,4.293196821630077,1.5200000000000002,0.022925968444624724,1.52,0.0,0.022917651,0.03
3.8588430752169693,0.7176219990382081,0.03,318.0162475487576,4.29503501874095,1.53,0.022925968447371384,1.53,0.0,0.022917651,0.03
3.8616872969740386,0.7300739823133922,0.03,319.22567483943584,4.296762793023062,1.54,0.022925968450118052,1.54,0.0,0.022917651,0.03
3.8645532497788264,0.7425685874059555,0.03,320.43492067486903,4.298534870057234,1.55,0.022925968452864723,1.55,0.0,0.022917651,0.03
3.8674417695543077,0.755093438801543,0.03,321.64683791035515,4.300366968785177,1.56,0.022925968455611387,1.56,0.0,0.022917651,0.03
3.87034512899539,0.7676381796642923,0.03,322.8605118142045,4.3022385367833405,1.5699999999999998,0.022925968458358054,1.57,0.0,0.022917651,0.03
3.8732587673172163,0.7801966972162546,0.03,324.075402496457,4.304137443667201,1.5800000000000003,0.022925968461104722,1.58,0.0,0.022917651,0.03
3.8761798189958134,0.7927651508220344,0.03,325.291170746281,4.306056067961782,1.59,0.02292596846385139,1.59,0.0,0.022917651,0.03
3.87910639307099,0.8053410060450998,0.03,326.5075927183399,4.307989380253297,1.6000000000000003,0.022925968466598053,1.6,0.0,0.022917651,0.03
3.8816442689162107,0.8166888936184483,0.03,327.4265861004587,4.3094258910805685,1.61,0.02292596789119954,1.61,0.0,0.022917651,0.03
3.8841825353186716,0.8280366649154759,0.03,328.34567319531465,4.310864080409892,1.6200000000000003,0.022925967315801026,1.62,0.0,0.022917651,0.03
3.886720981014831,0.8393843828333581,0.03,329.2648033110175,4.31230304029167,1.6300000000000001,0.02292596674040251,1.6300000000000001,0.0,0.022917651,0.03
3.8892595238355034,0.8507320718354254,0.03,330.18395673138093,4.313742417586512,1.6400000000000003,0.022925966165003992,1.6400000000000001,0.0,0.022917651,0.03
3.8917981251678078,0.8620797434174661,0.03,331.1031241913901,4.315182046347427,1.65,0.022925965589605475,1.6500000000000001,0.0,0.022917651,0.03
3.894336764471787,0.8734274036946176,0.03,332.0223007625591,4.316621838299612,1.6600000000000004,0.02292596501420696,1.6600000000000001,0.0,0.022917651,0.03
3.8968754298141897,0.884775056219634,0.03,332.9414835815499,4.3180617421574174,1.6700000000000002,0.02292596443880844,1.67,0.0,0.022917651,0.03
3.899414113787932,0.8961227031977468,0.03,333.8606708710604,4.319501726087327,1.6800000000000002,0.02292596386340993,1.68,0.0,0.022917651,0.03
3.9019528115520363,0.9074703460702064,0.03,334.77986146951605,4.3209417692842225,1.6900000000000002,0.022925963288011414,1.69,0.0,0.022917651,0.03
3.904491519808955,0.9188179858187554,0.03,335.69905458568314,4.322381857576202,1.7,0.022925962712612897,1.7,0.0,0.022917651,0.03
3.906626574121532,0.929257472416633,0.03,336.3293456360411,4.322964944978478,1.7100000000000004,0.02292596346882425,1.71,0.0,0.022917651,0.03
3.9087046119702586,0.9398584728388936,0.03,336.8587847589462,4.323158450568343,1.7200000000000002,0.02292596422503561,1.72,0.0,0.022917651,0.03
3.910888371002864,0.9503258898203023,0.03,337.42025857729993,4.323908426646686,1.73,0.022925964981246952,1.73,0.0,0.022917651,0.03
3.913127015080691,0.9607174218134046,0.03,338.00383041274335,4.324953829123507,1.7399999999999998,0.022925965737458306,1.74,0.0,0.022917651,0.03
3.9153932449306605,0.9710708132531366,0.03,338.59850893238035,4.326147715860117,1.7500000000000002,0.02292596649366966,1.75,0.0,0.022917651,0.03
3.9176752910154367,0.9814023369001292,0.03,339.1995554421621,4.327426735682938,1.76,0.02292596724988101,1.76,0.0,0.022917651,0.03
3.9199672454974466,0.9917201610301534,0.03,339.8045913069775,4.32875908883359,1.77,0.022925968006092364,1.77,0.0,0.022917651,0.03
3.9222658170913545,1.0020288362297747,0.03,340.41229137751935,4.330127059510438,1.78,0.022925968762303718,1.78,0.0,0.022917651,0.03
3.9245690268940168,1.0123310985638185,0.03,341.0218589005874,4.33151999599177,1.79,0.02292596951851507,1.79,0.0,0.022917651,0.03
3.9268756135496696,1.02262869200402,0.03,341.63278602452283,4.332931108854538,1.8000000000000003,0.02292597027472642,1.8,0.0,0.022917651,0.03
3.9287944915358874,1.0323128894537257,0.03,341.54357105612047,4.333270535185942,1.8100000000000003,0.02292596989936741,1.81,0.0,0.022917651,0.03
3.9305178052880616,1.0427144860687285,0.03,341.18734579002086,4.332110301426995,1.8200000000000003,0.022925969524008407,1.82,0.0,0.022917651,0.03
3.93235499527582,1.0528497147477713,0.03,340.85761421700624,4.331671937796292,1.83,0.022925969148649396,1.83,0.0,0.022917651,0.03
3.934324101155735,1.0626067417461427,0.03,340.64867245551517,4.332139443282166,1.84,0.022925968773290388,1.84,0.0,0.022917651,0.03
3.9363877958888787,1.0721003138820757,0.03,340.4944375830873,4.333248760256835,1.85,0.02292596839793138,1.85,0.0,0.022917651,0.03
3.9385065282083667,1.0814425690173968,0.03,340.36271416593485,4.3347295443053016,1.86,0.022925968022572372,1.86,0.0,0.022917651,0.03
3.9406585935051517,1.0906931804873374,0.03,340.24462459207916,4.336435303763491,1.8699999999999999,0.022925967647213368,1.87,0.0,0.022917651,0.03
3.9428323738138173,1.0998840900211246,0.03,340.13541688516597,4.338287625097961,1.8800000000000001,0.02292596727185436,1.8800000000000001,0.0,0.022917651,0.03
3.945021088326174,1.1090339403613796,0.03,340.0323175612838,4.340240742366875,1.8900000000000001,0.022925966896495353,1.8900000000000001,0.0,0.022917651,0.03
3.947201019338879,1.1182606650217042,0.03,339.9068432999388,4.342081850475843,1.9000000000000001,0.022925966521136345,1.9000000000000001,0.0,0.022917651,0.03
3.949002639868062,1.127607885234266,0.03,339.507049289469,4.342168750773791,1.9100000000000001,0.022925965762178317,1.9100000000000001,0.0,0.022917651,0.03
3.9507906806403414,1.1369810644828284,0.03,339.10279028677763,4.342175372730451,1.9200000000000004,0.0229259650032203,1.92,0.0,0.022917651,0.03
3.952586185922116,1.1462528159453882,0.03,338.7266652448027,4.342313281155582,1.9299999999999997,0.022925964244262267,1.93,0.0,0.022917651,0.03
3.95439129978907,1.1553940059126937,0.03,338.38675524925026,4.342620186246282,1.94,0.022925963485304242,1.94,0.0,0.022917651,0.03
3.956209074402759,1.1643631616008299,0.03,338.09456398879803,4.3431497696962165,1.95,0.022925962726346213,1.95,0.0,0.022917651,0.03
3.9580440076975263,1.1730991650592992,0.03,337.86704431321397,4.3439811415816045,1.9600000000000002,0.022925961967388192,1.96,0.0,0.022917651,0.03
3.959903014431096,1.1815080585314497,0.03,337.73025815225964,4.345235919287014,1.97,0.022925961208430164,1.97,0.0,0.022917651,0.03
3.9616905562454217,1.1903502130150116,0.03,337.52222314596975,4.34577157497939,1.9800000000000002,0.022925960449472142,1.98,0.0,0.022917651,0.03
3.963457769378559,1.199268777942569,0.03,337.3108206553577,4.346149503904201,1.9900000000000002,0.022925959690514114,1.99,0.0,0.022917651,0.03
3.9652184539721342,1.2081511830609062,0.03,337.1204191936482,4.346537477221529,2.0,0.022925958931556085,2.0,0.0,0.022917651,0.03
3.9668505630925748,1.2165754368390207,0.03,336.5232028652025,4.346760590243704,2.0100000000000007,0.022925958931556085,2.0100000000000002,0.0,0.022917651,0.03
3.9684860172824727,1.2249934444527026,0.03,335.9230478115733,4.347003329747439,2.0200000000000005,0.022925958931556092,2.02,0.0,0.022917651,0.03
3.970125200420381,1.2334044890951432,0.03,335.31961678607973,4.347267948058259,2.0300000000000002,0.022925958931556085,2.0300000000000002,0.0,0.022917651,0.03
3.9717685574594426,1.241807739916487,0.03,334.7125188865262,4.34755705584381,2.04,0.02292595893155609,2.04,0.0,0.022917651,0.03
3.973416607076609,1.250202228404244,0.03,334.10129844254465,4.347873696330489,2.05,0.022925958931556085,2.05,0.0,0.022917651,0.03
3.9750699576014865,1.2585868186397768,0.03,333.48542102172553,4.348221438762506,2.06,0.02292595893155609,2.06,0.0,0.022917651,0.03
3.9767293272616056,1.2669601694948018,0.03,332.86425564364856,4.348604497186701,2.07,0.022925958931556085,2.07,0.0,0.022917651,0.03
3.9783955701733165,1.2753206860992525,0.03,332.23705194625046,4.349027882948567,2.0800000000000005,0.02292595893155609,2.08,0.0,0.022917651,0.03
3.980064350589763,1.2837343512848811,0.03,331.59571301074993,4.349408268742671,2.0900000000000003,0.02292595893155609,2.09,0.0,0.022917651,0.03
3.981739603838321,1.292130382816183,0.03,330.96033865491705,4.349832178779134,2.1,0.022925958931556085,2.1,0.0,0.022917651,0.03
3.9832821075328084,1.300126810618065,0.03,331.72464624410736,4.350026103995652,2.1100000000000003,0.022925959304168436,2.11,0.0,0.022917651,0.03
3.9848104901871433,1.308185002252624,0.03,332.5013447742159,4.350101778570162,2.1200000000000006,0.022925959676780787,2.12,0.0,0.022917651,0.03
3.986331728351736,1.3162343290467808,0.03,333.28655385003964,4.350157739827268,2.13,0.022925960049393127,2.13,0.0,0.022917651,0.03
3.987847555177383,1.3242508268026725,0.03,334.0824988541926,4.350224885054139,2.14,0.02292596042200548,2.14,0.0,0.022917651,0.03
3.9893576386670686,1.3322324813898214,0.03,334.88983845843535,4.35030390041082,2.15,0.022925960794617825,2.15,0.0,0.022917651,0.03
3.990861619098492,1.3401771104764015,0.03,335.7092863406373,4.350395529359026,2.16,0.022925961167230176,2.16,0.0,0.022917651,0.03
3.9923591060681543,1.3480823455965871,0.03,336.54161704920716,4.35050057877132,2.17,0.02292596153984252,2.17,0.0,0.022917651,0.03
3.993847695752709,1.3560044136441554,0.03,337.3817561253881,4.350553205617877,2.1800000000000006,0.02292596191245487,2.18,0.0,0.022917651,0.03
3.9953237766755394,1.3639856559268808,0.03,338.22712457020197,4.350496622534995,2.1900000000000004,0.022925962285067217,2.19,0.0,0.022917651,0.03
3.996788088152777,1.3719556302388356,0.03,339.0862574326169,4.350404230255442,2.2000000000000006,0.02292596265767956,2.2,0.0,0.022917651,0.03
3.9981883478199856,1.3795412507736966,0.03,338.4103540925626,4.35035016531898,2.21,0.022925962657679565,2.21,0.0,0.022917651,0.03
3.99958809051183,1.387127206803689,0.03,337.7352133344728,4.350293697057456,2.22,0.022925962657679565,2.22,0.0,0.022917651,0.03
4.000987283282899,1.3947135197089888,0.03,337.0608837555868,4.350234672313614,2.23,0.022925962657679568,2.23,0.0,0.022917651,0.03
4.002385890327669,1.4023002127258677,0.03,336.38741817205386,4.350172924634037,2.2400000000000007,0.022925962657679565,2.24,0.0,0.022917651,0.03
4.003783872663239,1.4098873111525758,0.03,335.7148740869144,4.350108272794269,2.25,0.02292596265767956,2.25,0.0,0.022917651,0.03
4.005181187768893,1.4174748425832597,0.03,335.0433142217873,4.350040519123185,2.2600000000000002,0.022925962657679565,2.2600000000000002,0.0,0.022917651,0.03
4.006577789175445,1.4250628371744543,0.03,334.37280712261605,4.349969447593927,2.2700000000000005,0.022925962657679565,2.27,0.0,0.022917651,0.03
4.0079736259960255,1.4326513279495843,0.03,333.70342785179423,4.349894821642637,2.2800000000000002,0.02292596265767956,2.2800000000000002,0.0,0.022917651,0.03
4.009368642388334,1.440240351147938,0.03,333.0352587813911,4.349816381668556,2.29,0.022925962657679565,2.29,0.0,0.022917651,0.03
4.010762776936382,1.4478299466258946,0.03,332.36839050513674,4.349733842159841,2.3000000000000003,0.02292596265767956,2.3000000000000003,0.0,0.022917651,0.03
4.012067095632185,1.4550573876358392,0.03,332.0842453112242,4.3495720168857455,2.31,0.022925963044025242,2.31,0.0,0.022917651,0.03
4.013369939219887,1.4622855906529213,0.03,331.80219242233176,4.349403529042732,2.32,0.022925963430370924,2.32,0.0,0.022917651,0.03
4.014671225969767,1.4695145978968454,0.03,331.5223477645394,4.349228009485054,2.33,0.022925963816716598,2.33,0.0,0.022917651,0.03
4.015970868000758,1.4767444547649653,0.03,331.24483598905624,4.349045061283365,2.3400000000000003,0.022925964203062275,2.34,0.0,0.022917651,0.03
4.017268770690608,1.4839752101369723,0.03,330.969791308829,4.3488542570606805,2.35,0.022925964589407953,2.35,0.0,0.022917651,0.03
4.018564832016879,1.4912069167153266,0.03,330.6973584332935,4.348655136015834,2.36,0.02292596497575363,2.36,0.0,0.022917651,0.03
4.019860606010458,1.498445598728125,0.03,330.42809346128496,4.348447889665204,2.37,0.02292596536209931,2.37,0.0,0.022917651,0.03
4.021157308974351,1.5056958053271745,0.03,330.16243655907505,4.348232834040524,2.3800000000000003,0.022925965748444993,2.38,0.0,0.022917651,0.03
4.022452004623562,1.512947368379904,0.03,329.8998664706424,4.348008392895492,2.39,0.022925966134790667,2.39,0.0,0.022917651,0.03
4.0237445677120505,1.5202003725219997,0.03,329.6405757971852,4.3477739806222315,2.4,0.022925966521136345,2.4,0.0,0.022917651,0.03
4.02497852611927,1.52712201578217,0.03,329.2287529398769,4.347561047272329,2.41,0.022925966521136345,2.41,0.0,0.022917651,0.03
4.02620895466083,1.53404249327606,0.03,328.8205842494375,4.347335160588891,2.4200000000000004,0.02292596652113635,2.42,0.0,0.022917651,0.03
4.027435644709377,1.5409617361028232,0.03,328.41628569985386,4.347095554984798,2.43,0.02292596652113634,2.43,0.0,0.022917651,0.03
4.028658370866342,1.5478796698227846,0.03,328.0160906269139,4.346841403328617,2.44,0.022925966521136345,2.44,0.0,0.022917651,0.03
4.029876889242112,1.5547962138894555,0.03,327.6202515085957,4.346571810633451,2.4499999999999997,0.022925966521136345,2.45,0.0,0.022917651,0.03
4.031090935520137,1.5617112810101867,0.03,327.2290419691312,4.346285806952916,2.46,0.022925966521136345,2.46,0.0,0.022917651,0.03
4.032300222772623,1.5686247764247876,0.03,326.84275904023065,4.345982339365527,2.4700000000000006,0.022925966521136345,2.47,0.0,0.022917651,0.03
4.033512467165445,1.5755560055930142,0.03,326.46346030372695,4.345672963569715,2.48,0.02292596652113635,2.48,0.0,0.022917651,0.03
4.034721033105328,1.5824898165295778,0.03,326.0898956437068,4.345346290929381,2.49,0.02292596652113635,2.49,0.0,0.022917651,0.03
4.035925163593302,1.5894250511620898,0.03,325.722272286446,4.3450004516515985,2.5,0.022925966521136345,2.5,0.0,0.022917651,0.03
4.03709145093335,1.5960534371287594,0.03,326.1957716902394,4.344740546135056,2.5100000000000002,0.02292596671018918,2.5100000000000002,0.0,0.022917651,0.03
4.038253857874343,1.602681106896719,0.03,326.67341437874813,4.344465835852849,2.5200000000000005,0.02292596689924202,2.52,0.0,0.022917651,0.03
4.039412136633291,1.60930801473308,0.03,327.15546492153277,4.344175375446252,2.5300000000000002,0.022925967088294853,2.5300000000000002,0.0,0.022917651,0.03
4.040566017872152,1.615934110926575,0.03,327.6422109034984,4.3438681373182275,2.5399999999999996,0.022925967277347692,2.54,0.0,0.022917651,0.03
4.041715208301837,1.622559341345331,0.03,328.13396548321003,4.343543002492042,2.5500000000000007,0.022925967466400528,2.5500000000000003,0.0,0.022917651,0.03
4.042866664636749,1.6291975726150574,0.03,328.6323756720759,4.3432139330969575,2.56,0.022925967655453367,2.56,0.0,0.022917651,0.03
4.0440148487489385,1.6358392375687862,0.03,329.13684878223853,4.342868341378955,2.57,0.022925967844506203,2.57,0.0,0.022917651,0.03
4.045157624457867,1.6424809931986988,0.03,329.6474755852275,4.342501025029819,2.5800000000000005,0.022925968033559042,2.58,0.0,0.022917651,0.03
4.046294593323836,1.649122846184952,0.03,330.1647094265839,4.342110383585419,2.59,0.02292596822261188,2.59,0.0,0.022917651,0.03
4.047425316784197,1.655764803880399,0.03,330.68904930383235,4.341694655414574,2.6,0.022925968411664714,2.6,0.0,0.022917651,0.03
4.048510153705233,1.6621140701262775,0.03,329.56984965902154,4.34132377761767,2.61,0.02292596841166472,2.61,0.0,0.022917651,0.03
4.049593469512056,1.6684649688546023,0.03,328.4538504411247,4.340945182387187,2.6200000000000006,0.02292596841166472,2.62,0.0,0.022917651,0.03
4.050675206735367,1.6748175617422802,0.03,327.3411725656448,4.340558578150348,2.63,0.022925968411664714,2.63,0.0,0.022917651,0.03
4.051755304973943,1.6811719136128063,0.03,326.2319431168599,4.34016365845914,2.6400000000000006,0.022925968411664714,2.64,0.0,0.022917651,0.03
4.052838402008048,1.6875358505031814,0.03,325.1270340746181,4.339771149721057,2.65,0.022925968411664714,2.65,0.0,0.022917651,0.03
4.053921389725891,1.6939044438910345,0.03,324.0261022269458,4.3393735480349696,2.66,0.022925968411664714,2.66,0.0,0.022917651,0.03
4.055002729225296,1.7002753467294025,0.03,322.92906178916417,4.33896704455971,2.67,0.022925968411664714,2.67,0.0,0.022917651,0.03
4.056082355038952,1.7066486507497682,0.03,321.8360673282543,4.3385512857158,2.68,0.022925968411664718,2.68,0.0,0.022917651,0.03
4.057160198185869,1.7130244526069016,0.03,320.74728170690963,4.338125898946918,2.69,0.022925968411664718,2.69,0.0,0.022917651,0.03
4.058236185932456,1.7194028542136506,0.03,319.66287664765036,4.337690491429454,2.7,0.022925968411664714,2.7,0.0,0.022917651,0.03
4.059284071104902,1.7255245974013311,0.03,319.62261921810665,4.337339717777576,2.71,0.022925967652706707,2.71,0.0,0.022917651,0.03
4.060330408487952,1.7316484594422725,0.03,319.58538249655066,4.336980633507894,2.72,0.022925966893748696,2.72,0.0,0.022917651,0.03
4.061375139109347,1.7377745210668127,0.03,319.5512815748501,4.336612921977907,2.73,0.022925966134790678,2.73,0.0,0.022917651,0.03
4.062418200962427,1.743902867159252,0.03,319.5204374668979,4.336236250252353,2.74,0.022925965375832663,2.74,0.0,0.022917651,0.03
4.06345952880841,1.750033587028508,0.03,319.4929774944717,4.335850268041616,2.75,0.022925964616874656,2.75,0.0,0.022917651,0.03
4.064499615160639,1.7561676610815995,0.03,319.4691322925482,4.335455964951801,2.7600000000000002,0.02292596385791664,2.7600000000000002,0.0,0.022917651,0.03
4.065543360052967,1.7623132457598725,0.03,319.44989035781356,4.335064785183176,2.77,0.022925963098958627,2.77,0.0,0.022917651,0.03
4.066585226596068,1.7684620075929676,0.03,319.4344579526882,4.334662915324425,2.7800000000000002,0.022925962340000616,2.7800000000000002,0.0,0.022917651,0.03
4.067625134046129,1.7746140831559114,0.03,319.42299883583013,4.334249895845106,2.79,0.022925961581042605,2.79,0.0,0.022917651,0.03
4.068662996964193,1.7807696169653846,0.03,319.4156862882415,4.333825240493712,2.8000000000000007,0.022925960822084594,2.8000000000000003,0.0,0.022917651,0.03
4.069655378037992,1.7866659710682433,0.03,319.17921267853865,4.33342240824932,2.8100000000000005,0.022925960822084594,2.81,0.0,0.022917651,0.03
4.070646398577629,1.792563832518825,0.03,318.9448920820039,4.333012626922736,2.8200000000000003,0.022925960822084594,2.82,0.0,0.022917651,0.03
4.071636014258392,1.798463250424864,0.03,318.71279464144334,4.332595670120486,2.8299999999999996,0.022925960822084587,2.83,0.0,0.022917651,0.03
4.072624178809034,1.8043642760506837,0.03,318.4829935800158,4.332171301506932,2.84,0.02292596082208459,2.84,0.0,0.022917651,0.03
4.073610843903723,1.8102669629368924,0.03,318.25556537220285,4.331739274252434,2.85,0.022925960822084594,2.85,0.0,0.022917651,0.03
4.074595959046739,1.8161713670281459,0.03,318.03058992629576,4.3312993304443665,2.86,0.02292596082208459,2.86,0.0,0.022917651,0.03
4.075579471449287,1.82207754680961,0.03,317.8081507793113,4.330851200457997,2.8700000000000006,0.022925960822084587,2.87,0.0,0.022917651,0.03
4.076566197248235,1.8279914125671115,0.03,317.5900901197364,4.330408236026094,2.8800000000000003,0.02292596082208459,2.88,0.0,0.022917651,0.03
4.077552405895607,1.8339105743924637,0.03,317.3754474163194,4.329957906179416,2.89,0.022925960822084594,2.89,0.0,0.022917651,0.03
4.078536965844372,1.8398340985010637,0.03,317.1639804964034,4.329496619003924,2.9000000000000004,0.022925960822084594,2.9,0.0,0.022917651,0.03
4.079463531585631,1.8455328612634792,0.03,322.0330250109932,4.328976444770692,2.9100000000000006,0.022925960301619402,2.91,0.0,0.022917651,0.03
4.080389677456172,1.8512328495087405,0.03,326.9100617040333,4.328453365455562,2.9200000000000004,0.022925959781154213,2.92,0.0,0.022917651,0.03
4.081315396354155,1.8569340839650972,0.03,331.7952257580573,4.327927331920953,2.9299999999999997,0.022925959260689015,2.93,0.0,0.022917651,0.03
4.082240681016667,1.8626365858309246,0.03,336.68865542158454,4.327398293914824,2.9400000000000004,0.02292595874022383,2.94,0.0,0.022917651,0.03
4.083165524015127,1.8683403767881246,0.03,341.5904920965397,4.326866200038902,2.95,0.022925958219758638,2.95,0.0,0.022917651,0.03
4.084089917750541,1.8740454790159926,0.03,346.50088042867657,4.326330997715812,2.9600000000000004,0.022925957699293446,2.96,0.0,0.022917651,0.03
4.085013854448586,1.8797519152055644,0.03,351.4199684011354,4.3257926331550705,2.9700000000000006,0.022925957178828255,2.97,0.0,0.022917651,0.03
4.085937326154521,1.8854597085744575,0.03,356.34790743125336,4.3252510513178954,2.98,0.022925956658363066,2.98,0.0,0.022917651,0.03
4.086860324727924,1.8911688828822388,0.03,361.2848524707677,4.324706195880785,2.99,0.022925956137897878,2.99,0.0,0.022917651,0.03
4.087782841837246,1.896879462446328,0.03,366.2309621095449,4.324158009197809,3.0,0.022925955617432686,3.0,0.0,0.022917651,0.03
4.08870259195708,1.9023894723428865,0.03,366.0487296611041,4.323751041286446,3.0100000000000002,0.022925951458737125,3.0100000000000002,0.0,0.022917651,0.03
4.089621440755745,1.9079016723605433,0.03,365.8698137015521,4.323338278191504,3.0200000000000005,0.022925947300041567,3.02,0.0,0.022917651,0.03
4.090539364100173,1.9134161211402485,0.03,365.6943030305722,4.322919564745732,3.03,0.022925943141346,3.0300000000000002,0.0,0.022917651,0.03
4.0914563369879895,1.9189328794353036,0.03,365.52228964657024,4.3224947401924805,3.04,0.022925938982650444,3.04,0.0,0.022917651,0.03
4.092372333508003,1.92445201020734,0.03,365.35386889201226,4.322063637931733,3.0500000000000007,0.022925934823954885,3.0500000000000003,0.0,0.022917651,0.03
4.093291913518734,1.9299795579413233,0.03,365.1905087080027,4.321638453392452,3.06,0.022925930665259324,3.06,0.0,0.022917651,0.03
4.094210668602455,1.9355098151413757,0.03,365.03098434389045,4.32120725948602,3.0700000000000007,0.022925926506563762,3.0700000000000003,0.0,0.022917651,0.03
4.095128526078696,1.9410427868211455,0.03,364.87538197435236,4.320769760463978,3.0800000000000005,0.0229259223478682,3.08,0.0,0.022917651,0.03
4.096045461998011,1.9465785454068174,0.03,364.7238062437898,4.3203257880968655,3.09,0.02292591818917264,3.09,0.0,0.022917651,0.03
4.0969614515513,1.9521171659242764,0.03,364.5763655527592,4.319875168116706,3.1,0.02292591403047708,3.1,0.0,0.022917651,0.03
4.097839665076652,1.9574295426179116,0.03,360.04231753518434,4.319454473413127,3.1100000000000003,0.022925906074710487,3.11,0.0,0.022917651,0.03
4.098716493736497,1.9627444165266927,0.03,355.51332904879473,4.319025742419406,3.1200000000000006,0.022925898118943886,3.12,0.0,0.022917651,0.03
4.099591892997397,1.9680618679541366,0.03,350.9895627940912,4.318588716710724,3.13,0.022925890163177278,3.13,0.0,0.022917651,0.03
4.100465816395799,1.9733819806841884,0.03,346.47118852315674,4.318143126661904,3.14,0.022925882207410684,3.14,0.0,0.022917651,0.03
4.1013382154323175,1.9787048421718358,0.03,341.95838342586944,4.317688690833973,3.15,0.022925874251644086,3.15,0.0,0.022917651,0.03
4.102209039459001,1.984030543746404,0.03,337.4513325417776,4.317225115319955,3.16,0.022925866295877485,3.16,0.0,0.022917651,0.03
4.103079408356613,1.9893606644054538,0.03,332.9506270010296,4.316755300460849,3.1699999999999995,0.022925858340110888,3.17,0.0,0.022917651,0.03
4.103952876786418,1.9946997474124897,0.03,328.45764221123613,4.316288920698661,3.1800000000000006,0.02292585038434429,3.18,0.0,0.022917651,0.03
4.104824906709328,2.0000421319901736,0.03,323.97101914888447,4.315813485191992,3.1900000000000004,0.02292584242857769,3.19,0.0,0.022917651,0.03
4.105695452510334,2.005387922831204,0.03,319.49095954414656,4.315328706783476,3.2000000000000006,0.02292583447281109,3.2,0.0,0.022917651,0.03
4.106538425197083,2.0105473598574046,0.03,318.61681085572087,4.314877556364175,3.2100000000000004,0.02292582199122617,3.21,0.0,0.022917651,0.03
4.107380095226143,2.0157092554499942,0.03,317.7453857737635,4.314418737016222,3.2200000000000006,0.022925809509641244,3.22,0.0,0.022917651,0.03
4.108220421291714,2.020873687567326,0.03,316.8767706607479,4.3139520055665805,3.23,0.02292579702805632,3.23,0.0,0.022917651,0.03
4.109059360322995,2.026040737498925,0.03,316.01105556942775,4.313477108451404,3.24,0.022925784546471397,3.24,0.0,0.022917651,0.03
4.109896867388894,2.0312104900453316,0.03,315.14833444207204,4.312993781155032,3.2500000000000004,0.022925772064886475,3.25,0.0,0.022917651,0.03
4.110732895596488,2.0363830337097353,0.03,314.28870532275045,4.31250174761226,3.2600000000000002,0.02292575958330155,3.2600000000000002,0.0,0.022917651,0.03
4.111567395982775,2.0415584609022837,0.03,313.4322705836752,4.3120007195710235,3.27,0.02292574710171663,3.27,0.0,0.022917651,0.03
4.112401855812286,2.046738826053742,0.03,312.57972935379064,4.311494591360836,3.2800000000000002,0.022925734620131703,3.2800000000000002,0.0,0.022917651,0.03
4.11323827461844,2.0519266448024407,0.03,311.7318985706801,4.310988844648013,3.29,0.022925722138546784,3.29,0.0,0.022917651,0.03
4.1140732521454595,2.0571176439749346,0.03,310.8875514164524,4.3104741520227545,3.3000000000000007,0.02292570965696186,3.3000000000000003,0.0,0.022917651,0.03
4.114878352542488,2.0621378377830113,0.03,315.3511765208349,4.309970856927942,3.31,0.022925693142553587,3.31,0.0,0.022917651,0.03
4.115682257838905,2.067161369893502,0.03,319.81990796398554,4.309459443245645,3.32,0.022925676628145313,3.3200000000000003,0.0,0.022917651,0.03
4.116484936395067,2.0721883286861678,0.03,324.29388093347853,4.308939696040623,3.33,0.022925660113737034,3.33,0.0,0.022917651,0.03
4.117286355444524,2.0772188056882905,0.03,328.7732354314005,4.308411392723028,3.34,0.022925643599328763,3.34,0.0,0.022917651,0.03
4.118086481043417,2.082252895716046,0.03,333.25811649060245,4.3078743027045725,3.3500000000000005,0.02292562708492049,3.35,0.0,0.022917651,0.03
4.118885278017108,2.0872906970235725,0.03,337.74867440271356,4.307328187036024,3.36,0.022925610570512216,3.36,0.0,0.022917651,0.03
4.119682709903886,2.092332311460215,0.03,342.24506495867297,4.306772798024775,3.3700000000000006,0.02292559405610394,3.37,0.0,0.022917651,0.03
4.120482885516603,2.097383544586214,0.03,346.7492504532099,4.306218765328134,3.3800000000000003,0.02292557754169567,3.38,0.0,0.022917651,0.03
4.121283065678935,2.10244064211635,0.03,351.26015644532634,4.305658886337995,3.39,0.0229255610272874,3.39,0.0,0.022917651,0.03
4.122081951191623,2.1075019557160086,0.03,355.77739074329463,4.305089612572043,3.4,0.02292554451287912,3.4,0.0,0.022917651,0.03
4.122864151049921,2.1123763683023418,0.03,356.020798884383,4.304605094330862,3.41,0.02292495247100804,3.41,0.0,0.022917651,0.03
4.1236453815530805,2.117253752733132,0.03,356.26914654647646,4.304113727195608,3.4200000000000004,0.0229243604613652,3.42,0.0,0.022917651,0.03
4.124425617919587,2.1221341849834214,0.03,356.5225600081602,4.303615336074674,3.4299999999999997,0.022923768484774502,3.43,0.0,0.022917651,0.03
4.125204834515955,2.1270177436402404,0.03,356.7811698894224,4.303109739856887,3.44,0.022923176542088204,3.44,0.0,0.022917651,0.03
4.125983004819786,2.13190451001583,0.03,357.0451113398405,4.3025967511505625,3.4500000000000006,0.02292258463418809,3.45,0.0,0.022917651,0.03
4.126760101380907,2.1367945682668052,0.03,357.31452423664297,4.302076176008898,3.4600000000000004,0.022921992761986795,3.46,0.0,0.022917651,0.03
4.127536095780441,2.1416880055196255,0.03,357.58955339325496,4.301547813640803,3.47,0.022921400926429168,3.47,0.0,0.022917651,0.03
4.128313207904094,2.1465887548287585,0.03,357.8730397607516,4.301016609779571,3.4800000000000004,0.022920809125915587,3.48,0.0,0.022917651,0.03
4.129091150827767,2.15149533372901,0.03,358.1625011331927,4.30048289940158,3.49,0.022920217360581356,3.49,0.0,0.022917651,0.03
4.129868354619177,2.15640484533868,0.03,358.4555359074229,4.299943300226656,3.5000000000000004,0.022919625632655538,3.5,0.0,0.022917651,0.03
4.13063669088491,2.1611538554874645,0.03,358.3647710528737,4.299491080057649,3.5100000000000002,0.022919552649785926,3.5100000000000002,0.0,0.022917651,0.03
4.131404192322879,2.165905227795659,0.03,358.2771586684823,4.299033158288741,3.520000000000001,0.022919479662525874,3.52,0.0,0.022917651,0.03
4.132170835678293,2.1706590280630933,0.03,358.1927865688129,4.298569376097324,3.5300000000000002,0.022919406670753078,3.5300000000000002,0.0,0.022917651,0.03
4.132936596824558,2.1754153245563783,0.03,358.1117458605246,4.298099568706675,3.54,0.022919333674340656,3.54,0.0,0.022917651,0.03
4.133701450722036,2.1801741881255947,0.03,358.03413109810185,4.29762356510428,3.5500000000000007,0.022919260673156926,3.5500000000000003,0.0,0.022917651,0.03
4.134465371374442,2.184935692327671,0.03,357.9600404485116,4.297141187744043,3.56,0.022919187667065168,3.56,0.0,0.022917651,0.03
4.135228331782722,2.1896999135569035,0.03,357.8895758653871,4.2966522522312545,3.5700000000000007,0.022919114655923386,3.5700000000000003,0.0,0.022917651,0.03
4.135990303896219,2.1944669311830918,0.03,357.82284327338766,4.296156566989149,3.58,0.02291904163958407,3.58,0.0,0.022917651,0.03
4.136751258560984,2.1992368276978382,0.03,357.75995276343605,4.295653932905804,3.59,0.02291896861789389,3.59,0.0,0.022917651,0.03
4.1375123818182775,2.2040115457714533,0.03,357.7034494832952,4.29514715169179,3.6000000000000005,0.02291889565145557,3.6,0.0,0.022917651,0.03
4.138229291793526,2.208603932605029,0.03,357.8914096676559,4.294612328501829,3.6100000000000003,0.0229188562122783,3.61,0.0,0.022917651,0.03
4.138945296019569,2.213200128466748,0.03,358.0855368914468,4.294070073219124,3.6200000000000006,0.02291881676569784,3.62,0.0,0.022917651,0.03
4.139660371779563,2.2178002288897813,0.03,358.2859858284638,4.293520199441423,3.6300000000000003,0.022918777311528506,3.63,0.0,0.022917651,0.03
4.140374495590586,2.2224043326289578,0.03,358.4929163685511,4.292962514480464,3.6399999999999997,0.022918737849578374,3.64,0.0,0.022917651,0.03
4.141087643171072,2.2270125417977185,0.03,358.70649383934506,4.29239681909472,3.65,0.022918698379648966,3.65,0.0,0.022917651,0.03
4.141799789406567,2.231624962012125,0.03,358.9268892394288,4.2918229072084335,3.66,0.02291865890153501,3.66,0.0,0.022917651,0.03
4.1425109083137075,2.236241702542338,0.03,359.154279483586,4.2912405656160475,3.6699999999999995,0.022918619415024134,3.67,0.0,0.022917651,0.03
4.143220973002316,2.240862876472026,0.03,359.38884766089353,4.290649573671169,3.68,0.022918579919896546,3.68,0.0,0.022917651,0.03
4.143932575176341,2.245492838905605,0.03,359.63277789361905,4.290055942798306,3.6900000000000004,0.022918540392171394,3.69,0.0,0.022917651,0.03
4.144644635538981,2.250129649208127,0.03,359.88524116551264,4.289457296733241,3.7,0.02291850087063142,3.7,0.0,0.022917651,0.03
4.145375481821913,2.2546487006534544,0.03,360.08038857451413,4.289019815941944,3.71,0.022918480426382618,3.71,0.0,0.022917651,0.03
4.146105479622572,2.259170494960612,0.03,360.2804588591055,4.2885761986068,3.7200000000000006,0.022918459981675104,3.72,0.0,0.022917651,0.03
4.146834605189294,2.263695108910865,0.03,360.4855898259396,4.288126272946797,3.7300000000000004,0.022918439536496058,3.73,0.0,0.022917651,0.03
4.147562833875551,2.268222622178265,0.03,360.69592447363317,4.287669860708944,3.74,0.02291841909083215,3.74,0.0,0.022917651,0.03
4.148290140097407,2.2727531174671833,0.03,360.9116112396059,4.2872067768605895,3.7499999999999996,0.022918398644669546,3.75,0.0,0.022917651,0.03
4.149016497288533,2.2772866806577645,0.03,361.13280426113647,4.286736829263997,3.7600000000000002,0.022918378197993885,3.7600000000000002,0.0,0.022917651,0.03
4.149741877852584,2.281823400959831,0.03,361.35966365160107,4.286259818332009,3.77,0.02291835775079025,3.77,0.0,0.022917651,0.03
4.150466253112802,2.28636337107584,0.03,361.59235579293454,4.285775536663477,3.7800000000000007,0.022918337303043133,3.7800000000000002,0.0,0.022917651,0.03
4.1511895932586125,2.290906687373492,0.03,361.8310536454353,4.285283768657088,3.7900000000000005,0.022918316854736425,3.79,0.0,0.022917651,0.03
4.1519140350241655,2.2954570346390537,0.03,362.0777388337838,4.284789375402746,3.8000000000000003,0.022918296365678666,3.8000000000000003,0.0,0.022917651,0.03
4.152592221748585,2.2998441684175823,0.03,361.9523563661148,4.284243089488049,3.8100000000000005,0.02291828555517379,3.81,0.0,0.022917651,0.03
4.153270134583176,2.304233223005627,0.03,361.8298052863072,4.283693787264379,3.8200000000000003,0.02291827474810715,3.8200000000000003,0.0,0.022917651,0.03
4.153947770626041,2.308624218754435,0.03,361.7101155933123,4.283141436773523,3.8299999999999996,0.02291826394451517,3.83,0.0,0.022917651,0.03
4.154625126934138,2.31301717630377,0.03,361.59331771137477,4.282586005604193,3.8400000000000003,0.022918253144434797,3.84,0.0,0.022917651,0.03
4.155302200522552,2.3174121165870467,0.03,361.4794424975951,4.2820274608839775,3.85,0.0229182423479035,3.85,0.0,0.022917651,0.03
4.155978988363753,2.321809060836567,0.03,361.3685212496556,4.281465769271107,3.86,0.02291823155495928,3.86,0.0,0.022917651,0.03
4.156655487386827,2.326208030588879,0.03,361.2605857137122,4.28090089694605,3.8700000000000006,0.0229182207656407,3.87,0.0,0.022917651,0.03
4.157331694476697,2.3306090476902415,0.03,361.1556680924556,4.280332809602919,3.8800000000000003,0.02291820997998685,3.88,0.0,0.022917651,0.03
4.158007606473327,2.3350121343022154,0.03,361.05380105334774,4.279761472440708,3.8900000000000006,0.02291819919803741,3.89,0.0,0.022917651,0.03
4.158683220170911,2.3394173129073694,0.03,360.9550177370375,4.279186850154311,3.9000000000000004,0.022918188419832612,3.9,0.0,0.022917651,0.03
4.159343179578089,2.3436881925194037,0.03,360.23469892758,4.278655346559865,3.910000000000001,0.02291814661273981,3.91,0.0,0.022917651,0.03
4.160002416499391,2.347962243792272,0.03,359.5184293005031,4.2781177811622,3.920000000000001,0.02291810480181321,3.92,0.0,0.022917651,0.03
4.16066091575882,2.352239533347494,0.03,358.80629390988383,4.277574026631639,3.9299999999999993,0.022918062986972278,3.93,0.0,0.022917651,0.03
4.161318661752353,2.356520129685616,0.03,358.0983802087056,4.2770239520472435,3.94,0.02291802116813422,3.94,0.0,0.022917651,0.03
4.161977011265821,2.3608067602072857,0.03,357.39819739253863,4.276470257052294,3.9500000000000006,0.022917979342470845,3.95,0.0,0.022917651,0.03
4.16263605457623,2.3650996388589345,0.03,356.7064286898502,4.275913088959918,3.9600000000000004,0.02291793750970581,3.96,0.0,0.022917651,0.03
4.163294445469458,2.369396239309163,0.03,356.01996744137,4.2753495893907125,3.9700000000000006,0.02291789567241961,3.97,0.0,0.022917651,0.03
4.163952170563076,2.3736966378997977,0.03,355.33892251402096,4.274779628472919,3.9800000000000004,0.022917853830519513,3.98,0.0,0.022917651,0.03
4.164609216106128,2.378000913074949,0.03,354.663405772673,4.274203072758408,3.99,0.022917811983910217,3.99,0.0,0.022917651,0.03
4.1652655679663635,2.382309145453872,0.03,353.99353218405497,4.273619785098719,4.0,0.02291777013249379,4.0,0.0,0.022917651,0.03
4.165900529911577,2.3864832957986373,0.03,354.1624438842759,4.273057868948102,4.01,0.022917765856307115,4.01,0.0,0.022917651,0.03
4.1665347001890725,2.3906617050497,0.03,354.3367956236421,4.272488527117989,4.0200000000000005,0.02291776159329231,4.0200000000000005,0.0,0.022917651,0.03
4.167168062398789,2.3948444614338467,0.03,354.51670009709164,4.271911605779251,4.03,0.022917757343722228,4.03,0.0,0.022917651,0.03
4.1678020616673646,2.399035050058127,0.03,354.7044211359279,4.271329401834248,4.04,0.022917753112466382,4.04,0.0,0.022917651,0.03
4.1684364499054665,2.403232883709737,0.03,354.899697758424,4.270741510105455,4.05,0.02291774890191623,4.05,0.0,0.022917651,0.03
4.169070072732759,2.4074353712813377,0.03,355.1009658558081,4.2701459030694116,4.0600000000000005,0.022917744709656983,4.0600000000000005,0.0,0.022917651,0.03
4.169702914371869,2.411642608703943,0.03,355.30834893004584,4.269542421690885,4.07,0.022917740536065663,4.07,0.0,0.022917651,0.03
4.170334958608796,2.4158546945633703,0.03,355.5219739009061,4.268930902533485,4.08,0.022917736381529746,4.08,0.0,0.022917651,0.03
4.17096618877771,2.420071730192716,0.03,355.7419712250156,4.268311177606363,4.09,0.02291773224644749,4.09,0.0,0.022917651,0.03
4.171596587745095,2.4242938197687254,0.03,355.9684750199244,4.267683074204446,4.1,0.02291772813122832,4.1,0.0,0.022917651,0.03
4.172216017217618,2.4283810686041334,0.03,356.35754379288085,4.267120085622605,4.110000000000001,0.02291772606453465,4.11,0.0,0.022917651,0.03
4.172834720282339,2.432474467439527,0.03,356.7509473144892,4.26654803999249,4.120000000000001,0.022917723902650795,4.12,0.0,0.022917651,0.03
4.1734529837359355,2.436572474213396,0.03,357.1477934651365,4.265969627556276,4.13,0.02291772171092057,4.13,0.0,0.022917651,0.03
4.174070842493238,2.440673258083757,0.03,357.54693138979894,4.265386819532405,4.14,0.022917719544995097,4.14,0.0,0.022917651,0.03
4.174688289795876,2.4447768654277335,0.03,357.9483993607833,4.264799542515177,4.15,0.0229177174053053,4.15,0.0,0.022917651,0.03
4.175305318734148,2.4488833436608872,0.03,358.3522365073564,4.264207721455253,4.16,0.02291771529229176,4.16,0.0,0.022917651,0.03
4.175921922242769,2.4529927412664416,0.03,358.75848283986545,4.263611279613396,4.17,0.02291771320640499,4.17,0.0,0.022917651,0.03
4.176538093096462,2.4571051078255075,0.03,359.16717927467766,4.263010138512636,4.18,0.022917711148105695,4.18,0.0,0.022917651,0.03
4.177153823905404,2.4612204940483347,0.03,359.57836765997206,4.2624042178888075,4.19,0.02291770911786507,4.19,0.0,0.022917651,0.03
4.1777691071105165,2.465338951806636,0.03,359.99209080241667,4.261793435639368,4.2,0.022917707116165115,4.2,0.0,0.022917651,0.03
4.178366995148794,2.469334443257917,0.03,360.33010627891605,4.261211414585438,4.21,0.02291770603250279,4.21,0.0,0.022917651,0.03
4.178965767647822,2.4733382597092755,0.03,360.67696653066054,4.260624606067866,4.22,0.022917704938657028,4.22,0.0,0.022917651,0.03
4.179564328122623,2.4773474943639022,0.03,361.03025557494084,4.260031531301519,4.2299999999999995,0.02291770383178598,4.23,0.0,0.022917651,0.03
4.180162266747934,2.4813611438597736,0.03,361.3891963081755,4.259431554348648,4.24,0.02291770271449683,4.24,0.0,0.022917651,0.03
4.180759570472979,2.485379300851302,0.03,361.75390734253966,4.258824530352847,4.250000000000001,0.02291770158657091,4.25,0.0,0.022917651,0.03
4.181356225879215,2.489402060603889,0.03,362.1245106326815,4.258210310375678,4.26,0.022917700447783424,4.26,0.0,0.022917651,0.03
4.181952219167281,2.4934295210865454,0.03,362.50113159429526,4.257588741251861,4.2700000000000005,0.02291769929790318,4.2700000000000005,0.0,0.022917651,0.03
4.182547536143398,2.4974617830684895,0.03,362.88389922777833,4.256959665438259,4.28,0.022917698136692387,4.28,0.0,0.022917651,0.03
4.183141664304844,2.5015019621248076,0.03,363.2837300066694,4.256317916631471,4.29,0.02291769699080974,4.29,0.0,0.022917651,0.03
4.183733713465947,2.5055525937372534,0.03,363.7085423589325,4.255657398356794,4.3,0.022917695892869638,4.3,0.0,0.022917651,0.03
4.184318993173032,2.5094710942105847,0.03,363.4550484194511,4.255078438395442,4.310000000000001,0.022917695474673528,4.3100000000000005,0.0,0.022917651,0.03
4.1849033820098684,2.5133937117635465,0.03,363.2076896932933,4.2544917972557075,4.32,0.022917695011952597,4.32,0.0,0.022917651,0.03
4.185486861390084,2.5173205322914356,0.03,362.96659418040366,4.253897314683923,4.33,0.022917694503777918,4.33,0.0,0.022917651,0.03
4.186069412206665,2.5212516440956776,0.03,362.73189346630727,4.253294825937346,4.34,0.022917693949194545,4.34,0.0,0.022917651,0.03
4.186651014813584,2.5251871379686737,0.03,362.5037228485453,4.2526841616258535,4.3500000000000005,0.022917693347220585,4.3500000000000005,0.0,0.022917651,0.03
4.187231872517846,2.5291272689803277,0.03,362.2836752338835,4.252065880197358,4.36,0.02291769273248536,4.36,0.0,0.022917651,0.03
4.1878125837839235,2.5330724449977327,0.03,362.0743638357135,4.251441968911085,4.37,0.022917692208228046,4.37,0.0,0.022917651,0.03
4.188392557297935,2.5370222576660715,0.03,361.8712310569975,4.250810470351283,4.380000000000001,0.022917691685765053,4.38,0.0,0.022917651,0.03
4.188971778828776,2.5409767964254915,0.03,361.6743960821746,4.2501712381608305,4.39,0.022917691165130986,4.39,0.0,0.022917651,0.03
4.189550233776957,2.544936153031408,0.03,361.4839811809165,4.2495241221939795,4.400000000000001,0.02291769064636135,4.4,0.0,0.022917651,0.03
4.190129898971874,2.548787425212644,0.03,363.91471430551707,4.248967494524091,4.41,0.022917690369381273,4.41,0.0,0.022917651,0.03
4.190709428090098,2.552641622155113,0.03,366.34781027867933,4.248407397321074,4.42,0.022917690094464614,4.42,0.0,0.022917651,0.03
4.1912888192577356,2.5564987841352322,0.03,368.7833016388109,4.247843782806546,4.430000000000001,0.02291768982163977,4.43,0.0,0.022917651,0.03
4.1918680705663345,2.560358952172348,0.03,371.22122152451556,4.247276602320814,4.44,0.0229176895509357,4.44,0.0,0.022917651,0.03
4.19244742451455,2.564223353250119,0.03,373.6624926584323,4.2467055995274,4.45,0.02291768925636431,4.45,0.0,0.022917651,0.03
4.193027019222521,2.5680927749646365,0.03,376.1077789193281,4.246130540279793,4.46,0.02291768889862365,4.46,0.0,0.022917651,0.03
4.193606427358614,2.571965230814184,0.03,378.55562638412067,4.245551700882742,4.47,0.022917688511432985,4.47,0.0,0.022917651,0.03
4.194185646220612,2.5758407647437536,0.03,381.00607214808895,4.244969026586332,4.48,0.02291768809436576,4.48,0.0,0.022917651,0.03
4.194764673053854,2.579719421551093,0.03,383.4591540263474,4.244382461578222,4.49,0.02291768764698717,4.49,0.0,0.022917651,0.03
4.195343505049972,2.58360124690749,0.03,385.91491057139274,4.243791948957749,4.5,0.02291768716885391,4.5,0.0,0.022917651,0.03
4.195928165545806,2.587400875592741,0.03,385.94094771516194,4.243285495356108,4.51,0.02291768717317386,4.51,0.0,0.022917651,0.03
4.196512737641922,2.591201741828438,0.03,385.96879859453617,4.242777450427538,4.520000000000001,0.022917687185919026,4.5200000000000005,0.0,0.022917651,0.03
4.197097220429504,2.5950038583375163,0.03,385.99848185606356,4.242267797812016,4.53,0.02291768720717602,4.53,0.0,0.022917651,0.03
4.197681612987238,2.5988072380179164,0.03,386.03001640277216,4.241756520924492,4.54,0.022917687237032653,4.54,0.0,0.022917651,0.03
4.198265914381093,2.6026118939455958,0.03,386.0634213985938,4.241243602951002,4.55,0.02291768727557795,4.55,0.0,0.022917651,0.03
4.198850123664099,2.6064178393776176,0.03,386.0987162728821,4.240729026844712,4.56,0.022917687322902152,4.5600000000000005,0.0,0.022917651,0.03
4.199434239876128,2.6102250877552913,0.03,386.1359207250229,4.240212775321866,4.57,0.022917687379096777,4.57,0.0,0.022917651,0.03
4.200018262043661,2.61403365270739,0.03,386.17505472914206,4.239694830857658,4.58,0.022917687444254604,4.58,0.0,0.022917651,0.03
4.200602189179553,2.617843548053424,0.03,386.2161385389118,4.239175175682015,4.59,0.022917687518469728,4.59,0.0,0.022917651,0.03
4.201186020282796,2.6216547878069956,0.03,386.2591926924582,4.238653791775292,4.6000000000000005,0.02291768760183754,4.6000000000000005,0.0,0.022917651,0.03
4.201703455200533,2.625340256578126,0.03,386.88142429839075,4.2379720640079475,4.61,0.022917687630974785,4.61,0.0,0.022917651,0.03
4.202218904965145,2.629032790555668,0.03,387.51692145680045,4.237275331349281,4.62,0.022917687595943967,4.62,0.0,0.022917651,0.03
4.202733023668621,2.6327324333968436,0.03,388.16349600366055,4.236566166963077,4.63,0.022917687478622936,4.63,0.0,0.022917651,0.03
4.203247132464774,2.636436800761162,0.03,388.81330559307247,4.2358522392614,4.639999999999999,0.02291768734744074,4.64,0.0,0.022917651,0.03
4.2037612312339405,2.6401459497141118,0.03,389.46638929972727,4.235133490710206,4.65,0.022917687202229947,4.65,0.0,0.022917651,0.03
4.204275319854516,2.643859938243921,0.03,390.12278683014836,4.2344098628451325,4.66,0.022917687042820434,4.66,0.0,0.022917651,0.03
4.204789398202927,2.6475788252802874,0.03,390.78253853551445,4.2336812962526205,4.67,0.022917686869039305,4.67,0.0,0.022917651,0.03
4.205303569312203,2.6513034448325756,0.03,391.4465069953716,4.232947368381692,4.68,0.022917686725198977,4.68,0.0,0.022917651,0.03
4.2058182545903655,2.6550372429119267,0.03,392.1181655479489,4.232206314792371,4.690000000000001,0.022917686805854796,4.69,0.0,0.022917651,0.03
4.206332917596034,2.658776422697326,0.03,392.7933418623192,4.231459789170186,4.700000000000001,0.02291768688906241,4.7,0.0,0.022917651,0.03
4.20687958843651,2.6624227974904873,0.03,392.87824284658683,4.230914432778512,4.71,0.022917687090936653,4.71,0.0,0.022917651,0.03
4.2074256017346645,2.6660723934187427,0.03,392.9684935359709,4.230363225446349,4.720000000000001,0.022917687280146128,4.72,0.0,0.022917651,0.03
4.207970944527115,2.6697252739864537,0.03,393.0641993993808,4.229806051822981,4.73,0.02291768745644115,4.73,0.0,0.022917651,0.03
4.208515603507463,2.6733815043783338,0.03,393.16546869647834,4.229242793505467,4.74,0.022917687619565433,4.74,0.0,0.022917651,0.03
4.209059565014872,2.6770411515153976,0.03,393.27241257059717,4.228673328937005,4.75,0.02291768776925585,4.75,0.0,0.022917651,0.03
4.209602815022188,2.6807042841131588,0.03,393.3851451454012,4.228097533301227,4.76,0.022917687905242227,4.76,0.0,0.022917651,0.03
4.21014568507355,2.6843738077031722,0.03,393.5062804485032,4.227513828141517,4.7700000000000005,0.02291768805722372,4.7700000000000005,0.0,0.022917651,0.03
4.210687988073864,2.688047989949617,0.03,393.6343324678198,4.226923196262717,4.78,0.02291768823129668,4.78,0.0,0.022917651,0.03
4.211229598991778,2.6917259337707002,0.03,393.76856477283576,4.226326034225444,4.790000000000001,0.022917688421203838,4.79,0.0,0.022917651,0.03
4.211770503961108,2.695407714531272,0.03,393.9091011883731,4.225722211195019,4.8,0.02291768862726244,4.8,0.0,0.022917651,0.03
4.212263205145307,2.6989658234910356,0.03,394.21171647741846,4.22503039163514,4.8100000000000005,0.02291768872492398,4.8100000000000005,0.0,0.022917651,0.03
4.212755565360123,2.702528502392979,0.03,394.5194349622894,4.224332637575104,4.82,0.022917688824782022,4.82,0.0,0.022917651,0.03
4.213247579158249,2.706095824246205,0.03,394.8323381713154,4.223628854205719,4.829999999999999,0.022917688926871658,4.83,0.0,0.022917651,0.03
4.213739282913285,2.709669582438446,0.03,395.1521524649703,4.222917393918862,4.84,0.022917688934326646,4.84,0.0,0.022917651,0.03
4.214230752232231,2.7132517251303994,0.03,395.48072676951847,4.2221966117785,4.8500000000000005,0.022917688742523493,4.8500000000000005,0.0,0.022917651,0.03
4.214721914133505,2.7168388033731365,0.03,395.8147628995151,4.221469664443521,4.86,0.022917688550720336,4.86,0.0,0.022917651,0.03
4.21521276370303,2.720430896061503,0.03,396.1543481623123,4.220736453363208,4.87,0.02291768835891718,4.87,0.0,0.022917651,0.03
4.2157032959214344,2.724028083780865,0.03,396.49957173604304,4.219996877875146,4.88,0.022917688167114023,4.88,0.0,0.022917651,0.03
4.216193505661216,2.727630448852632,0.03,396.85052471999774,4.2192508351483555,4.89,0.022917687975310873,4.89,0.0,0.022917651,0.03
4.216683421251216,2.731240220145415,0.03,397.2094108896111,4.218496210850695,4.9,0.022917687911414904,4.9,0.0,0.022917651,0.03
4.217184888645614,2.7347587215595364,0.03,396.8853060427473,4.217860974285492,4.91,0.022917688080057435,4.91,0.0,0.022917651,0.03
4.217686019592894,2.7382804441593813,0.03,396.5654086925368,4.217221170039503,4.920000000000001,0.022917688249807847,4.92,0.0,0.022917651,0.03
4.218186809490192,2.7418054320133356,0.03,396.2497764008865,4.216576735623215,4.93,0.022917688420681304,4.93,0.0,0.022917651,0.03
4.218687253650296,2.7453337299973253,0.03,395.9384677845041,4.21592760740202,4.940000000000001,0.022917688592693244,4.94,0.0,0.022917651,0.03
4.21918734729971,2.7488653838133925,0.03,395.6315425391701,4.215273720569858,4.95,0.02291768876585937,4.95,0.0,0.022917651,0.03
4.219687085576653,2.7524004400087994,0.03,395.32906146468304,4.214615009122145,4.96,0.022917688940195705,4.96,0.0,0.022917651,0.03
4.220186463529017,2.7559389459956525,0.03,395.0310864905008,4.213951405827931,4.97,0.022917689115718554,4.97,0.0,0.022917651,0.03
4.220685476112252,2.759480950071087,0.03,394.73768070209894,4.213282842201289,4.98,0.02291768929244452,4.98,0.0,0.022917651,0.03
4.221184118187201,2.7630265014380133,0.03,394.4489083680714,4.212609248471888,4.99,0.022917689470390537,4.99,0.0,0.022917651,0.03
4.221682278007988,2.766579023951565,0.03,394.16817193478323,4.211926758022761,5.0,0.02291768945682848,5.0,0.0,0.022917651,0.03
4.222176616693302,2.7700341009469964,0.03,388.2129426376182,4.211309054304701,5.01,0.02291768965496423,5.01,0.0,0.022917651,0.03
4.222670669739809,2.7734916969426595,0.03,382.208585994357,4.210687688921876,5.020000000000001,0.022917689865796165,5.0200000000000005,0.0,0.022917651,0.03
4.223164434059798,2.776951839168539,0.03,376.15457094633064,4.210062622292281,5.03,0.022917690089461547,5.03,0.0,0.022917651,0.03
4.223657906520894,2.7804145552485093,0.03,370.0503587529778,4.20943381426135,5.040000000000001,0.022917690326099593,5.04,0.0,0.022917651,0.03
4.2241510839452525,2.7838798732074794,0.03,363.89540285244124,4.208801224091561,5.05,0.02291769057585155,5.05,0.0,0.022917651,0.03
4.224643963108717,2.7873478214787006,0.03,357.68914871911636,4.208164810451822,5.0600000000000005,0.02291769083886074,5.0600000000000005,0.0,0.022917651,0.03
4.225136540739989,2.7908184289112272,0.03,351.4310337180767,4.20752453140662,5.07,0.022917691115272556,5.07,0.0,0.022917651,0.03
4.225628813519749,2.7942917247775476,0.03,345.1204869562891,4.20688034440493,5.08,0.02291769140523453,5.08,0.0,0.022917651,0.03
4.2261207780797845,2.7977677387813817,0.03,338.7569291305474,4.206232206268884,5.090000000000001,0.022917691708896397,5.09,0.0,0.022917651,0.03
4.226612431002076,2.8012465010656507,0.03,332.33977237202987,4.205580073182179,5.100000000000001,0.022917692026410058,5.1000000000000005,0.0,0.022917651,0.03
4.227098343925815,2.8046614123652778,0.03,332.4169041633179,4.204952129061566,5.110000000000001,0.022917692212249936,5.11,0.0,0.022917651,0.03
4.227583535625227,2.8080819257770027,0.03,332.4967134047347,4.204315697358006,5.120000000000001,0.022917692393780605,5.12,0.0,0.022917651,0.03
4.228068221262145,2.8115058875125816,0.03,332.5780403460841,4.203673793979177,5.13,0.022917692556116805,5.13,0.0,0.022917651,0.03
4.228552391921812,2.8149333583174365,0.03,332.6609117230579,4.203026322536442,5.14,0.022917692698920404,5.14,0.0,0.022917651,0.03
4.229036038478841,2.8183644003721997,0.03,332.745354903022,4.2023731843638314,5.15,0.022917692821845286,5.15,0.0,0.022917651,0.03
4.229519151590963,2.821799077335352,0.03,332.8313979037832,4.201714278450376,5.16,0.022917692924537107,5.16,0.0,0.022917651,0.03
4.230001721692543,2.8252374543873886,0.03,332.9190694130286,4.201049501370026,5.170000000000001,0.022917693006633055,5.17,0.0,0.022917651,0.03
4.230483738987867,2.8286795982765844,0.03,333.0083988084657,4.200378747209041,5.180000000000001,0.022917693067761577,5.18,0.0,0.022917651,0.03
4.23096496919515,2.832126774143964,0.03,333.10010837951455,4.199699812776733,5.19,0.0229176931043299,5.19,0.0,0.022917651,0.03
4.231445044083226,2.835580743802725,0.03,333.1952464707296,4.199009461124023,5.2,0.022917693128524347,5.2,0.0,0.022917651,0.03
4.231900080977023,2.838916617362468,0.03,332.8012935374664,4.198320986124012,5.21,0.022917693147595376,5.21,0.0,0.022917651,0.03
4.232354350434517,2.8422563478083087,0.03,332.4092333005012,4.197625584890241,5.22,0.022917693161991094,5.22,0.0,0.022917651,0.03
4.232807838418793,2.8456000056852178,0.03,332.0191003784875,4.196923130737364,5.23,0.022917693171625998,5.23,0.0,0.022917651,0.03
4.233260530548518,2.8489476632691355,0.03,331.6309302395214,4.1962134938715385,5.24,0.022917693176412467,5.24,0.0,0.022917651,0.03
4.233712412087295,2.8522993946203954,0.03,331.24475922735616,4.195496541294497,5.25,0.022917693176260728,5.25,0.0,0.022917651,0.03
4.234163370425346,2.8556557272524095,0.03,330.8610126344741,4.194771294555054,5.260000000000001,0.022917693197988958,5.26,0.0,0.022917651,0.03
4.234612988997279,2.859019480506743,0.03,330.4815003695572,4.19403326572306,5.270000000000001,0.022917693356316507,5.2700000000000005,0.0,0.022917651,0.03
4.235061819036974,2.8623887797443097,0.03,330.10413629064277,4.193286537142474,5.28,0.022917693497431325,5.28,0.0,0.022917651,0.03
4.235509843997477,2.8657637413447956,0.03,329.7289654763403,4.192530926253421,5.29,0.02291769362097223,5.29,0.0,0.022917651,0.03
4.2359570468655985,2.86914448496705,0.03,329.35603427541344,4.191766245352142,5.3,0.022917693726567837,5.3,0.0,0.022917651,0.03
4.236409110023289,2.872465205181036,0.03,329.30614283020805,4.191065565688916,5.3100000000000005,0.02291769385506702,5.3100000000000005,0.0,0.022917651,0.03
4.2368612487013015,2.8757902304835,0.03,329.256640081645,4.190360882928,5.320000000000001,0.022917693985426747,5.32,0.0,0.022917651,0.03
4.237313422093609,2.8791197567868765,0.03,329.20768167897256,4.189651838101397,5.33,0.022917694116084936,5.33,0.0,0.022917651,0.03
4.237765065934431,2.8824553301090488,0.03,329.16116226147807,4.188934630148305,5.339999999999999,0.022917694226006497,5.34,0.0,0.022917651,0.03
4.238216700194582,2.885794670339306,0.03,329.1150511657913,4.188213616699766,5.3500000000000005,0.022917694335321252,5.3500000000000005,0.0,0.022917651,0.03
4.238668324778951,2.8891378148732536,0.03,329.0693524454863,4.187488759977103,5.36,0.02291769444402319,5.36,0.0,0.022917651,0.03
4.239119939591162,2.8924848016031284,0.03,329.02407020797057,4.18676002169992,5.37,0.0229176945521062,5.37,0.0,0.022917651,0.03
4.239571544533558,2.8958356689260687,0.03,328.97920861538176,4.186027363077748,5.379999999999999,0.022917694659564104,5.38,0.0,0.022917651,0.03
4.240023139507173,2.8991904557525574,0.03,328.9347718855019,4.185290744801511,5.390000000000001,0.02291769476639063,5.39,0.0,0.022917651,0.03
4.240474724411717,2.902549201515023,0.03,328.890764292691,4.1845501270348455,5.4,0.022917694872579424,5.4,0.0,0.022917651,0.03
4.240904961816343,2.905792386344521,0.03,330.02476506631655,4.183824785235785,5.41,0.022917694928263118,5.41,0.0,0.022917651,0.03
4.241333990369226,2.9090415810167767,0.03,331.1622983160847,4.183088597438696,5.420000000000001,0.02291769492276967,5.42,0.0,0.022917651,0.03
4.241762164399218,2.912294480126659,0.03,332.30204630348504,4.182345286973501,5.43,0.022917694917276212,5.43,0.0,0.022917651,0.03
4.2421894712607395,2.9155511384939423,0.03,333.4440418031039,4.181594748436067,5.44,0.02291769491178277,5.44,0.0,0.022917651,0.03
4.242615898057465,2.9188116120254177,0.03,334.5883182394155,4.180836874332199,5.45,0.022917694906289324,5.45,0.0,0.022917651,0.03
4.243041431636072,2.92207595774198,0.03,335.73490970297064,4.180071555025581,5.46,0.02291769490079587,5.46,0.0,0.022917651,0.03
4.243466058579811,2.925344233806514,0.03,336.88385096707145,4.179298678684141,5.470000000000001,0.02291769489530242,5.47,0.0,0.022917651,0.03
4.2438897652018746,2.9286164995526276,0.03,338.03517750495,4.178518131224817,5.48,0.022917694889808975,5.48,0.0,0.022917651,0.03
4.244310986701567,2.93189488436445,0.03,339.1920462754014,4.1777215270875665,5.49,0.0229176949072875,5.49,0.0,0.022917651,0.03
4.244731872017949,2.9351800996658763,0.03,340.3502103255681,4.176916747347203,5.5,0.02291769487882208,5.5,0.0,0.022917651,0.03
4.2451678758543,2.938429209713765,0.03,340.5887301939961,4.176194188206476,5.51,0.02291769493244915,5.51,0.0,0.022917651,0.03
4.245604078049637,2.941682196068759,0.03,340.8275568591156,4.175468546050745,5.520000000000001,0.022917695020915865,5.5200000000000005,0.0,0.022917651,0.03
4.24604048068344,2.9449390993678315,0.03,341.0666935372065,4.174739788559452,5.53,0.02291769514458745,5.53,0.0,0.022917651,0.03
4.246477085864361,2.9481999608179708,0.03,341.3061434896634,4.174007882958686,5.539999999999999,0.022917695303834303,5.54,0.0,0.022917651,0.03
4.246913895730731,2.9514648222062014,0.03,341.54591002378913,4.173272796013195,5.55,0.022917695499031967,5.55,0.0,0.022917651,0.03
4.247348977338225,2.9547370219197773,0.03,341.7910093349316,4.172523457453764,5.5600000000000005,0.022917695760747495,5.5600000000000005,0.0,0.022917651,0.03
4.247783189814434,2.9580140216347415,0.03,342.038616942418,4.171765842265554,5.569999999999999,0.022917696004468475,5.57,0.0,0.022917651,0.03
4.248216867082735,2.961295199062333,0.03,342.28781376709435,4.171001908457961,5.58,0.02291769621762302,5.58,0.0,0.022917651,0.03
4.248650000222963,2.964580623831374,0.03,342.5386262960199,4.1702315507202385,5.59,0.022917696399701693,5.59,0.0,0.022917651,0.03
4.249082580115614,2.9678703671266455,0.03,342.7910816081458,4.169454661388321,5.6000000000000005,0.022917696550183664,5.6000000000000005,0.0,0.022917651,0.03
4.24947158920445,2.971007545673789,0.03,342.807237974196,4.168642203022438,5.61,0.022917696483085205,5.61,0.0,0.022917651,0.03
4.249858868348111,2.974152083628964,0.03,342.8278543831535,4.1678154647520245,5.62,0.022917696385886088,5.62,0.0,0.022917651,0.03
4.250244504539016,2.9773041138233856,0.03,342.852687211278,4.166974661272603,5.629999999999999,0.02291769632469251,5.63,0.0,0.022917651,0.03
4.250629891968318,2.9804606206937723,0.03,342.87840825626813,4.166128385227915,5.640000000000001,0.02291769633322507,5.64,0.0,0.022917651,0.03
4.251015027911701,2.983621653266443,0.03,342.9050272454316,4.165276576685159,5.65,0.022917696412247373,5.65,0.0,0.022917651,0.03
4.25139990960493,2.986787261286222,0.03,342.93255404863436,4.164419174833186,5.66,0.022917696562534205,5.66,0.0,0.022917651,0.03
4.251783987799529,2.9899598001227106,0.03,342.9629336043304,4.16355163020912,5.670000000000001,0.022917696675707845,5.67,0.0,0.022917651,0.03
4.252167384576483,2.9931395049810505,0.03,342.9962664050582,4.16267419701419,5.68,0.022917696688327355,5.68,0.0,0.022917651,0.03
4.252550723939914,2.9963240326931704,0.03,343.03053210401106,4.161791711710712,5.690000000000001,0.022917696694651706,5.69,0.0,0.022917651,0.03
4.252934005314307,2.9995134316033973,0.03,343.0657400525689,4.160904123656306,5.7,0.022917696694617795,5.7,0.0,0.022917651,0.03
4.253340771583275,3.0026677475087014,0.03,342.84866757585,4.160132188672051,5.710000000000001,0.02291769670667579,5.71,0.0,0.022917651,0.03
4.25374707463531,3.0058273647361555,0.03,342.6331738258669,4.1593530990018355,5.72,0.02291769671504398,5.72,0.0,0.022917651,0.03
4.25415200927288,3.0089946375925964,0.03,342.4210337461924,4.158560878019633,5.7299999999999995,0.022917696716522957,5.73,0.0,0.022917651,0.03
4.254556577227628,3.0121657355313847,0.03,342.20997196359394,4.157763365348024,5.740000000000001,0.022917696718802266,5.74,0.0,0.022917651,0.03
4.25496077441239,3.0153407011881224,0.03,342.0000004971195,4.156960502004124,5.75,0.022917696721890816,5.75,0.0,0.022917651,0.03
4.255364596679032,3.0185195778344203,0.03,341.7911315451074,4.156152228125196,5.76,0.022917696725797666,5.76,0.0,0.022917651,0.03
4.255768039817308,3.021702409389793,0.03,341.5833774885421,4.155338482952171,5.770000000000001,0.022917696730532008,5.7700000000000005,0.0,0.022917651,0.03
4.256171099553699,3.0248892404338346,0.03,341.3767508944853,4.154519204812819,5.78,0.02291769673610317,5.78,0.0,0.022917651,0.03
4.256572850156833,3.0280842072464527,0.03,341.17420895250024,4.153686552017878,5.79,0.02291769681455282,5.79,0.0,0.022917651,0.03
4.2569741488783315,3.0312839579376356,0.03,340.97322996927585,4.1528473071660015,5.800000000000001,0.022917696918450945,5.8,0.0,0.022917651,0.03
4.257364839658996,3.034393913604127,0.03,341.21186196168935,4.152042514393918,5.810000000000001,0.022917696982279332,5.8100000000000005,0.0,0.022917651,0.03
4.257755179679279,3.0375078665194164,0.03,341.4516842174809,4.151232322453348,5.82,0.02291769702856833,5.82,0.0,0.022917651,0.03
4.258145164799516,3.0406258638589487,0.03,341.6927107841135,4.150416667623419,5.830000000000001,0.022917697057110935,5.83,0.0,0.022917651,0.03
4.258534790814641,3.043747953543454,0.03,341.9349559309744,4.149595485176587,5.84,0.022917697067696908,5.84,0.0,0.022917651,0.03
4.258923045516501,3.046878194395207,0.03,342.18095658172706,4.1487606662811345,5.8500000000000005,0.02291769723133425,5.8500000000000005,0.0,0.022917651,0.03
4.259310652653915,3.0500136167341867,0.03,342.4288550292278,4.147918074173154,5.86,0.022917697452338445,5.86,0.0,0.022917651,0.03
4.259697837768365,3.053153342508814,0.03,342.6780849748942,4.147069489085047,5.87,0.022917697694708795,5.87,0.0,0.022917651,0.03
4.260084595624004,3.056297425109821,0.03,342.92866293800694,4.1462148366646865,5.880000000000001,0.022917697958710386,5.88,0.0,0.022917651,0.03
4.260470920898022,3.059445918814799,0.03,343.1806057122444,4.1453540413249,5.89,0.0229176982446127,5.89,0.0,0.022917651,0.03
4.26085678724712,3.062598915065191,0.03,343.4339774453327,4.144486906287159,5.9,0.022917698550081758,5.9,0.0,0.022917651,0.03
4.261224916731939,3.065668383694371,0.03,343.50236918976793,4.143619881856182,5.910000000000001,0.02291769854909166,5.91,0.0,0.022917651,0.03
4.261592765588139,3.068741941017771,0.03,343.57192586176996,4.14274764553646,5.920000000000001,0.022917698548501612,5.92,0.0,0.022917651,0.03
4.261960330828598,3.0718196305570804,0.03,343.6426598612917,4.141870141850571,5.930000000000001,0.02291769854831586,5.93,0.0,0.022917651,0.03
4.2623276094236475,3.0749014964538723,0.03,343.71458376489994,4.140987314530928,5.94,0.022917698548538742,5.94,0.0,0.022917651,0.03
4.262694598300312,3.077987583480677,0.03,343.78771032892996,4.140099106505654,5.95,0.022917698549174626,5.95,0.0,0.022917651,0.03
4.263060873544741,3.081078517473536,0.03,343.86299862604864,4.139203196473759,5.96,0.022917698550081758,5.96,0.0,0.022917651,0.03
4.263424031018682,3.0841782183957362,0.03,343.9459845716171,4.138286049674118,5.970000000000001,0.022917698550081755,5.97,0.0,0.022917651,0.03
4.263787470068219,3.087282477528838,0.03,344.02912873797845,4.137365471107848,5.98,0.022917698550081758,5.98,0.0,0.022917651,0.03
4.2641511926700435,3.0903913268720107,0.03,344.11243223586115,4.1364414366835485,5.99,0.022917698550081758,5.99,0.0,0.022917651,0.03
4.264515200819395,3.093504798724645,0.03,344.19589618641453,4.135513922083792,6.0,0.022917698550081758,6.0,0.0,0.022917651,0.03
4.264866341844366,3.096558347281901,0.03,344.51282822807707,4.134582799163973,6.010000000000001,0.02291769855008176,6.01,0.0,0.022917651,0.03
4.265212455238462,3.099618681321984,0.03,344.8394080915442,4.1336247794420755,6.0200000000000005,0.02291769855043213,6.0200000000000005,0.0,0.022917651,0.03
4.26555637596509,3.102684433016803,0.03,345.16976739712896,4.13265257046577,6.03,0.022917698551359954,6.03,0.0,0.022917651,0.03
4.265899788605135,3.105754469856809,0.03,345.5003862019008,4.13167404311066,6.04,0.0229176985527975,6.04,0.0,0.022917651,0.03
4.266242687090093,3.108828843023063,0.03,345.83126760527483,4.130689121911082,6.050000000000001,0.022917698554750853,6.05,0.0,0.022917651,0.03
4.266585036136237,3.1119076860163863,0.03,346.16248091997727,4.12969753222126,6.0600000000000005,0.022917698557234183,6.0600000000000005,0.0,0.022917651,0.03
4.266924996990222,3.1149960896240487,0.03,346.49817846148,4.128686828700657,6.070000000000001,0.022917698560838976,6.07,0.0,0.022917651,0.03
4.2672643772698216,3.1180889406026586,0.03,346.8342270582547,4.127669355425928,6.08,0.02291769856515553,6.08,0.0,0.022917651,0.03
4.267603169866057,3.1211862934090915,0.03,347.17063100888,4.126645029503234,6.09,0.022917698570192574,6.09,0.0,0.022917651,0.03
4.2679413675534095,3.124288203392949,0.03,347.50739468240187,4.125613766679836,6.100000000000001,0.02291769857595895,6.1000000000000005,0.0,0.022917651,0.03
4.268268331187158,3.127275000395972,0.03,347.34453486130496,4.124641009721777,6.109999999999999,0.022917698694369545,6.11,0.0,0.022917651,0.03
4.26859350903094,3.1302687643063507,0.03,347.18622555497484,4.123654144157504,6.120000000000001,0.02291769888423026,6.12,0.0,0.022917651,0.03
4.268917746466887,3.133267054803989,0.03,347.0306388258046,4.1226589911538385,6.13,0.022917699024915913,6.13,0.0,0.022917651,0.03
4.269241031241196,3.136269930871702,0.03,346.8778101498055,4.121655442722917,6.140000000000001,0.022917699115785724,6.140000000000001,0.0,0.022917651,0.03
4.269563350886246,3.139277452521524,0.03,346.7277756220284,4.120643388992538,6.15,0.02291769915618776,6.15,0.0,0.022917651,0.03
4.269882832421521,3.1422945011917585,0.03,346.58454869214563,4.1196104522691535,6.16,0.022917699101166405,6.16,0.0,0.022917651,0.03
4.270201126343643,3.1453166716401797,0.03,346.44465137108176,4.118567641881056,6.17,0.02291769901326205,6.17,0.0,0.022917651,0.03
4.27051838102678,3.1483435998005334,0.03,346.3077786507596,4.1175159156795065,6.18,0.022917698896943763,6.18,0.0,0.022917651,0.03
4.270834582666812,3.151375348869085,0.03,346.17397070668187,4.116455155236546,6.190000000000001,0.022917698751834123,6.19,0.0,0.022917651,0.03
4.271148547906564,3.154414821309678,0.03,346.04568671133165,4.115377727175138,6.2,0.02291769878091965,6.2,0.0,0.022917651,0.03
4.271512396657107,3.1574086679702367,0.03,346.06632322723004,4.114534160521222,6.21,0.022917698987324372,6.21,0.0,0.022917651,0.03
4.271875368957206,3.160405252506365,0.03,346.08892793906483,4.113684350380462,6.220000000000001,0.022917699165935904,6.22,0.0,0.022917651,0.03
4.272237452894633,3.163404612129743,0.03,346.11352759745876,4.1128282118948585,6.2299999999999995,0.022917699316376498,6.23,0.0,0.022917651,0.03
4.272598636340308,3.166406784729466,0.03,346.14014944001326,4.1119656586616316,6.24,0.02291769943826153,6.24,0.0,0.022917651,0.03
4.272958906943337,3.1694118088875314,0.03,346.1688212024411,4.111096602697897,6.25,0.022917699531199338,6.25,0.0,0.022917651,0.03
4.273317670983952,3.1724218228494423,0.03,346.20080921643523,4.110216530934914,6.260000000000001,0.022917699588930415,6.26,0.0,0.022917651,0.03
4.273674528298821,3.175438579835221,0.03,346.23693602458104,4.109322089890946,6.2700000000000005,0.02291769965125369,6.2700000000000005,0.0,0.022917651,0.03
4.274030368147731,3.1784590058267805,0.03,346.2752942700762,4.1084199107066475,6.28,0.022917699747155792,6.28,0.0,0.022917651,0.03
4.274385174544525,3.181483158470565,0.03,346.3159190126717,4.107509871802413,6.29,0.02291769987716431,6.29,0.0,0.022917651,0.03
4.274738931166393,3.184511096627012,0.03,346.35884605045186,4.106591849038259,6.3,0.02291770004181792,6.3,0.0,0.022917651,0.03
4.275044541970526,3.187461227101416,0.03,346.3712210775048,4.105548105151165,6.3100000000000005,0.022917700305384217,6.3100000000000005,0.0,0.022917651,0.03
4.275348956458126,3.190419201784245,0.03,346.3869067689986,4.1044917302469575,6.320000000000001,0.022917700385711722,6.32,0.0,0.022917651,0.03
4.275652758145829,3.193383332465212,0.03,346.4047589271311,4.1034267490756315,6.329999999999999,0.022917700385711726,6.33,0.0,0.022917651,0.03
4.275956652068777,3.196351800753136,0.03,346.4233579565839,4.102357800656313,6.34,0.022917700385711726,6.34,0.0,0.022917651,0.03
4.276260638781397,3.1993246327215203,0.03,346.4427083468264,4.101284861141737,6.3500000000000005,0.022917700385711722,6.3500000000000005,0.0,0.022917651,0.03
4.276564718842574,3.2023018546532636,0.03,346.4628146233821,4.100207906493124,6.359999999999999,0.022917700385711726,6.36,0.0,0.022917651,0.03
4.276866972499914,3.205287805270687,0.03,346.48731905391355,4.0991149125703,6.370000000000001,0.022917700385711726,6.37,0.0,0.022917651,0.03
4.277169064882149,3.208278712100454,0.03,346.5129770142519,4.098016316083845,6.38,0.02291770038571172,6.38,0.0,0.022917651,0.03
4.277471192717493,3.211274159715794,0.03,346.5394165121246,4.096913319934802,6.390000000000001,0.022917700385711722,6.390000000000001,0.0,0.022917651,0.03
4.27777335623348,3.214274177259305,0.03,346.56664256341156,4.095805895886296,6.400000000000001,0.022917700385711722,6.4,0.0,0.022917651,0.03
4.278060755408695,3.217200741419976,0.03,348.0127441709524,4.09470226306577,6.410000000000001,0.022917700388458452,6.41,0.0,0.022917651,0.03
4.278344341203954,3.220133407839174,0.03,349.46801092675815,4.093577275092884,6.42,0.02291770039120517,6.42,0.0,0.022917651,0.03
4.278627572344604,3.223070995587159,0.03,350.9245109335385,4.092445948159604,6.43,0.022917700393951898,6.43,0.0,0.022917651,0.03
4.27891044566893,3.2260135485371446,0.03,352.3822551856175,4.091308225754657,6.440000000000001,0.02291770039669862,6.44,0.0,0.022917651,0.03
4.279192957977523,3.2289611110853977,0.03,353.8412548083929,4.09016405069304,6.450000000000001,0.022917700399445344,6.45,0.0,0.022917651,0.03
4.2794723036370055,3.2319188994321193,0.03,355.3076675716222,4.088996984805765,6.46,0.02291770040219207,6.46,0.0,0.022917651,0.03
4.279751361893379,3.2348820394851465,0.03,356.7749356031966,4.0878234184721975,6.47,0.02291770040493879,6.47,0.0,0.022917651,0.03
4.280030482075285,3.2378499375272463,0.03,358.24228046174676,4.086645342652344,6.480000000000001,0.022917700407685516,6.48,0.0,0.022917651,0.03
4.280309664547835,3.240822621611895,0.03,359.70970260025035,4.085462730757918,6.49,0.022917700410432243,6.49,0.0,0.022917651,0.03
4.280587530023137,3.2438034358296197,0.03,361.1801661728226,4.084266720929278,6.5,0.022917700413178966,6.5,0.0,0.022917651,0.03
4.280865945410631,3.246704540364786,0.03,361.539089907802,4.0831423342892075,6.51,0.022917700415925692,6.51,0.0,0.022917651,0.03
4.2811434856190616,3.249609936828686,0.03,361.9005442809677,4.082010154722175,6.520000000000001,0.022917700418672412,6.5200000000000005,0.0,0.022917651,0.03
4.281420140243423,3.252519676248058,0.03,362.264559379076,4.080870089578073,6.529999999999999,0.022917700421419135,6.53,0.0,0.022917651,0.03
4.28169531313308,3.2554350003906642,0.03,362.6323457365071,4.079718512034707,6.54,0.022917700424189287,6.54,0.0,0.022917651,0.03
4.28196714126229,3.2583597863778415,0.03,363.0076736688374,4.078544092049566,6.550000000000001,0.022917700427037516,6.55,0.0,0.022917651,0.03
4.28223826684631,3.2612887350026503,0.03,363.38523219994096,4.07736270014058,6.5600000000000005,0.02291770042984415,6.5600000000000005,0.0,0.022917651,0.03
4.282508682779065,3.264221888369174,0.03,363.76504389179024,4.076174265788406,6.57,0.022917700432608757,6.57,0.0,0.022917651,0.03
4.282778381858318,3.2671592891512464,0.03,364.1471316116659,4.07497871751944,6.58,0.022917700435330927,6.58,0.0,0.022917651,0.03
4.283044761298297,3.2701045144770213,0.03,364.53705520543446,4.073762067576435,6.59,0.02291770043854616,6.59,0.0,0.022917651,0.03
4.283310910867207,3.273055343603919,0.03,364.9279922986013,4.072538894424834,6.6000000000000005,0.02291770044064621,6.6000000000000005,0.0,0.022917651,0.03
4.283598330854001,3.2759574930109787,0.03,365.1428300661521,4.071439514117235,6.610000000000001,0.022917700440646213,6.61,0.0,0.022917651,0.03
4.283885171296298,3.2788636043758848,0.03,365.3591222488,4.070333853287702,6.62,0.02291770044064621,6.62,0.0,0.022917651,0.03
4.284169952790846,3.2817753272019194,0.03,365.5800796527777,4.069214345482132,6.629999999999999,0.02291770044064621,6.63,0.0,0.022917651,0.03
4.284451153999629,3.284693064018533,0.03,365.80911295295186,4.0680745025481055,6.640000000000001,0.02291770044064621,6.640000000000001,0.0,0.022917651,0.03
4.284730601605764,3.287614291500373,0.03,366.04231122977905,4.066924153285688,6.65,0.02291770044064621,6.65,0.0,0.022917651,0.03
4.28500826775281,3.290539065097584,0.03,366.27974064502007,4.065763130799063,6.66,0.02291770044064621,6.66,0.0,0.022917651,0.03
4.285284123991171,3.293467441441017,0.03,366.52146876922546,4.064591264638682,6.67,0.02291770044064621,6.67,0.0,0.022917651,0.03
4.285555455073983,3.296405508845476,0.03,366.7737831471693,4.063391609324659,6.680000000000001,0.022917700440646206,6.68,0.0,0.022917651,0.03
4.285825638973841,3.299349385986313,0.03,367.0290323355505,4.0621815560619465,6.69,0.022917700440646206,6.69,0.0,0.022917651,0.03
4.2860949523975505,3.3022986526290667,0.03,367.28658639679895,4.060962631629065,6.700000000000001,0.02291770044064621,6.7,0.0,0.022917651,0.03
4.286346227367256,3.3051640324697926,0.03,367.47612518811997,4.059745765689074,6.710000000000001,0.02291770044330914,6.71,0.0,0.022917651,0.03
4.28659590760606,3.3080363677566136,0.03,367.66904689804414,4.058515562431526,6.720000000000001,0.02291770044613966,6.72,0.0,0.022917651,0.03
4.286844620689735,3.3109142313729607,0.03,367.8639515724257,4.057275960720669,6.729999999999999,0.02291770044888638,6.73,0.0,0.022917651,0.03
4.287093118935399,3.3137961216250944,0.03,368.0592294242287,4.056031472799966,6.74,0.022917700451633105,6.74,0.0,0.022917651,0.03
4.287341401114927,3.316682061531373,0.03,368.2548825867305,4.054782070737281,6.75,0.02291770045437983,6.75,0.0,0.022917651,0.03
4.287588290459707,3.31957466516391,0.03,368.4533650644442,4.053520434200176,6.76,0.022917700457126555,6.76,0.0,0.022917651,0.03
4.287833551438322,3.3224746734856296,0.03,368.6552193885738,4.052244879698079,6.770000000000001,0.022917700459873278,6.7700000000000005,0.0,0.022917651,0.03
4.288078592863427,3.3253790797112,0.03,368.8575264196096,4.050964048072586,6.780000000000001,0.02291770046262,6.78,0.0,0.022917651,0.03
4.288323413420224,3.328287910177533,0.03,369.0602888685934,4.049677907721569,6.79,0.022917700465366727,6.79,0.0,0.022917651,0.03
4.288564595760601,3.3312014304999633,0.03,369.2714687629387,4.048372525218106,6.8,0.022917700530188965,6.8,0.0,0.022917651,0.03
4.288838200700458,3.334106312250941,0.03,374.63208166278645,4.047196083728558,6.810000000000001,0.022917700618224335,6.8100000000000005,0.0,0.022917651,0.03
4.289111625978507,3.337015406141283,0.03,380.0350719495349,4.046014710541243,6.820000000000001,0.022917700685676255,6.82,0.0,0.022917651,0.03
4.289384870435995,3.339928739337715,0.03,385.48071294151225,4.044828373848555,6.830000000000001,0.022917700732411974,6.83,0.0,0.022917651,0.03
4.289657932904186,3.3428463392410888,0.03,390.96928031251167,4.04363704156876,6.839999999999999,0.022917700758297594,6.84,0.0,0.022917651,0.03
4.289930812204247,3.3457682334889056,0.03,396.50105211722155,4.042440681343056,6.8500000000000005,0.022917700763198046,6.8500000000000005,0.0,0.022917651,0.03
4.2902024116475825,3.348697681274381,0.03,402.0798875658611,4.0412316497157486,6.86,0.022917700771576285,6.86,0.0,0.022917651,0.03
4.290473102051817,3.3516331467603355,0.03,407.7051951897637,4.0400129664147935,6.870000000000001,0.02291770075708202,6.87,0.0,0.022917651,0.03
4.290743487511855,3.354572767063427,0.03,413.37537922568686,4.038788909655622,6.879999999999999,0.022917700701864097,6.88,0.0,0.022917651,0.03
4.291013565891426,3.3575165712900277,0.03,419.0907540531829,4.037559441794733,6.8900000000000015,0.022917700605637227,6.890000000000001,0.0,0.022917651,0.03
4.291283335034257,3.3604645888190166,0.03,424.85163699517017,4.036324524836186,6.9,0.02291770046811345,6.9,0.0,0.022917651,0.03
4.291504592157869,3.363300383534538,0.03,425.2323863353467,4.034998657040221,6.910000000000001,0.02291770046536673,6.91,0.0,0.022917651,0.03
4.291722903022068,3.3661417181349407,0.03,425.62499981640826,4.033655456738383,6.920000000000001,0.022917700462620004,6.92,0.0,0.022917651,0.03
4.291940666089603,3.3689878965903133,0.03,426.0215492464224,4.03230522236335,6.93,0.022917700459873278,6.93,0.0,0.022917651,0.03
4.292157877374451,3.3718389541468428,0.03,426.4220632652208,4.030947902731872,6.940000000000001,0.022917700457126555,6.94,0.0,0.022917651,0.03
4.292372143667227,3.3746994359357796,0.03,426.8361936420869,4.0295693829719355,6.95,0.02291770045437983,6.95,0.0,0.022917651,0.03
4.29258515413164,3.3775655144590786,0.03,427.25694053605594,4.028180243760547,6.960000000000001,0.022917700451633105,6.96,0.0,0.022917651,0.03
4.292797501048706,3.3804360195328393,0.03,427.68190597041496,4.026784023486246,6.970000000000001,0.02291770044888638,6.97,0.0,0.022917651,0.03
4.293007913498725,3.3833135316961265,0.03,428.1159868878579,4.025373055463504,6.98,0.022917700446139656,6.98,0.0,0.022917651,0.03
4.29321569136331,3.38619998168354,0.03,428.56203537134775,4.023942606331802,6.990000000000001,0.022917700443392936,6.99,0.0,0.022917651,0.03
4.293422847203142,3.389091565727504,0.03,429.01239530267276,4.022504533669251,7.000000000000001,0.02291770044064621,7.0,0.0,0.022917651,0.03
4.293664327996553,3.391905035566571,0.03,450.5413431514632,4.021273012991959,7.010000000000001,0.022917700440646213,7.01,0.0,0.022917651,0.03
4.293902887122633,3.3947249973945772,0.03,472.2005003558186,4.02002331640607,7.020000000000001,0.022917700440646206,7.0200000000000005,0.0,0.022917651,0.03
4.2941392523257225,3.3975505105342796,0.03,493.9891891821208,4.018759294197048,7.030000000000001,0.022917700440646206,7.03,0.0,0.022917651,0.03
4.294374439636389,3.400380049964782,0.03,515.9055756296873,4.0174865342300405,7.04,0.02291770044064621,7.04,0.0,0.022917651,0.03
4.294608436191888,3.4032136596537317,0.03,537.951054174039,4.016204941087532,7.050000000000001,0.02291770044064621,7.05,0.0,0.022917651,0.03
4.294841228941506,3.4060513842112923,0.03,560.127039668694,4.014914417957634,7.0600000000000005,0.02291770044064621,7.0600000000000005,0.0,0.022917651,0.03
4.2950693874618375,3.408896115206571,0.03,582.4520677477128,4.013598353487972,7.07,0.02291770044064621,7.07,0.0,0.022917651,0.03
4.2952968950690495,3.4117458738870434,0.03,604.9058522584055,4.012274657435509,7.079999999999999,0.022917700440646206,7.08,0.0,0.022917651,0.03
4.295524277240489,3.4146003233644078,0.03,627.4861765256861,4.010945768300015,7.09,0.02291770044064621,7.09,0.0,0.022917651,0.03
4.295751533488574,3.4174594818720516,0.03,650.1935324166046,4.009611665895688,7.100000000000001,0.02291770044064621,7.1000000000000005,0.0,0.022917651,0.03
4.295954069340088,3.4202584724774447,0.03,629.6639352995722,4.008230236927477,7.11,0.022917700624209197,7.11,0.0,0.022917651,0.03
4.296153770825795,3.423064259271667,0.03,609.0006969368225,4.006830674216842,7.12,0.02291770080777218,7.12,0.0,0.022917651,0.03
4.296352610169585,3.425874492035106,0.03,588.1933658340495,4.005423215361732,7.13,0.02291770099133517,7.13,0.0,0.022917651,0.03
4.2965505794566425,3.4286892115835874,0.03,567.2406191606319,4.004007787872296,7.1400000000000015,0.022917701174898157,7.140000000000001,0.0,0.022917651,0.03
4.296744300682157,3.4315122997603824,0.03,546.158572548437,4.002566997004577,7.15,0.02291770135846114,7.15,0.0,0.022917651,0.03
4.296936057758466,3.434341050329325,0.03,524.9329508666126,4.001112686524209,7.16,0.02291770154202413,7.16,0.0,0.022917651,0.03
4.297126936225152,3.437174237564625,0.03,503.5566206094054,3.999650424775861,7.17,0.022917701725587113,7.17,0.0,0.022917651,0.03
4.297316138548601,3.4400130290805695,0.03,482.03165642470526,3.9981758555462745,7.18,0.0229177019091501,7.18,0.0,0.022917651,0.03
4.297501335419196,3.4428607583083974,0.03,460.3671598963012,3.996676334497225,7.190000000000001,0.022917702092713085,7.19,0.0,0.022917651,0.03
4.297685451789082,3.4457132623815245,0.03,438.549268593909,3.995167719804858,7.200000000000001,0.022917702276276073,7.2,0.0,0.022917651,0.03
4.297874150964553,3.4485303411597648,0.03,439.18017164850255,3.99370447948089,7.210000000000001,0.022917702276276077,7.21,0.0,0.022917651,0.03
4.298059646629853,3.4513541356920356,0.03,439.8247278570229,3.9922217006304455,7.220000000000001,0.022917702276276077,7.22,0.0,0.022917651,0.03
4.298242897240821,3.454182854436206,0.03,440.47823960926684,3.9907250159499115,7.23,0.02291770227627607,7.23,0.0,0.022917651,0.03
4.298424762609203,3.457015514201152,0.03,441.1371604264602,3.989218851107937,7.240000000000001,0.022917702276276077,7.24,0.0,0.022917651,0.03
4.298604276891547,3.4598537569469383,0.03,441.8045521880931,3.987697700604296,7.25,0.022917702276276073,7.25,0.0,0.022917651,0.03
4.298779375982136,3.4627019987692154,0.03,442.48754369030837,3.986148889874128,7.260000000000001,0.022917702276276077,7.26,0.0,0.022917651,0.03
4.2989533233648345,3.465555359140737,0.03,443.17621951059095,3.98459035298074,7.2700000000000005,0.022917702276276073,7.2700000000000005,0.0,0.022917651,0.03
4.299126107153657,3.4684138908865387,0.03,443.8706383128892,3.9830219895470704,7.280000000000001,0.022917702276276073,7.28,0.0,0.022917651,0.03
4.299294585610611,3.471281184061135,0.03,444.58377271083987,3.9814276466571035,7.290000000000001,0.022917702276276077,7.29,0.0,0.022917651,0.03
4.299461789828111,3.4741539854394614,0.03,445.3020543798359,3.9798227000307453,7.3,0.022917702276276073,7.3,0.0,0.022917651,0.03
4.29961524770699,3.4769791271702495,0.03,469.82420843290794,3.9782022789278546,7.310000000000001,0.022917702095459815,7.3100000000000005,0.0,0.022917651,0.03
4.299763690563228,3.4798125153341104,0.03,494.5461949613215,3.976553548264265,7.320000000000001,0.022917701914643547,7.32,0.0,0.022917651,0.03
4.299910128562646,3.4826517913724238,0.03,519.454622219858,3.974890909367855,7.33,0.022917701733827286,7.33,0.0,0.022917651,0.03
4.300055883381254,3.485495988530671,0.03,544.5443944032688,3.973220616263462,7.34,0.022917701553011025,7.34,0.0,0.022917651,0.03
4.300196638150971,3.488352826467293,0.03,569.8400508252034,3.971517685735443,7.3500000000000005,0.02291770137219476,7.3500000000000005,0.0,0.022917651,0.03
4.300336025841516,3.491215615739468,0.03,595.3252820539471,3.969803334531814,7.359999999999999,0.022917701191378502,7.36,0.0,0.022917651,0.03
4.300474117623628,3.4940838446219824,0.03,620.999870200095,3.9680783582935715,7.37,0.022917701010562237,7.37,0.0,0.022917651,0.03
4.300607194729789,3.496961163307392,0.03,646.8742651756282,3.9663242321829704,7.380000000000001,0.022917700829745973,7.38,0.0,0.022917651,0.03
4.300739321935915,3.4998439827849155,0.03,672.9387457907999,3.964560807587811,7.3900000000000015,0.02291770064892971,7.390000000000001,0.0,0.022917651,0.03
4.3008686997887,3.5027335702255264,0.03,699.1990154122944,3.962779618395431,7.4,0.02291770046811345,7.4,0.0,0.022917651,0.03
4.300999091785489,3.505542393518897,0.03,700.9118180905803,3.96107531939892,7.41,0.02291770047086018,7.41,0.0,0.022917651,0.03
4.30112802824177,3.508356421786919,0.03,702.6372784887759,3.959359994036406,7.42,0.022917700473606903,7.42,0.0,0.022917651,0.03
4.30125289270836,3.5111790930734754,0.03,704.3870970593521,3.9576197368357797,7.429999999999999,0.022917700476353622,7.43,0.0,0.022917651,0.03
4.301374174719335,3.5140099153406386,0.03,706.1575435807576,3.9558569965260264,7.44,0.02291770047910035,7.44,0.0,0.022917651,0.03
4.301494199980479,3.5168459240636976,0.03,707.9378167164925,3.954084041378633,7.45,0.022917700481847075,7.45,0.0,0.022917651,0.03
4.301609926458084,3.5196909404358725,0.03,709.7389956353819,3.9522848821795313,7.46,0.0229177004845938,7.46,0.0,0.022917651,0.03
4.30172358075016,3.522542184605109,0.03,711.5514870725486,3.9504712068955152,7.47,0.02291770048734052,7.47,0.0,0.022917651,0.03
4.301836329124996,3.5253982170666123,0.03,713.3708488863012,3.948649120357389,7.480000000000001,0.022917700490087248,7.48,0.0,0.022917651,0.03
4.30194231467977,3.528264830502551,0.03,715.2261821949929,3.946789408397115,7.490000000000001,0.022917700492833974,7.49,0.0,0.022917651,0.03
4.30204722530167,3.5311369894205273,0.03,717.0926632013574,3.9449198500503213,7.500000000000001,0.022917700495580697,7.5,0.0,0.022917651,0.03
4.302160415769338,3.5339373973789683,0.03,718.8848100190481,3.9431474374315076,7.510000000000001,0.0229177004955807,7.51,0.0,0.022917651,0.03
4.302268889473133,3.536745736302144,0.03,720.7018401200052,3.941348223717219,7.520000000000001,0.022917700495580697,7.5200000000000005,0.0,0.022917651,0.03
4.302376134827233,3.539558628448086,0.03,722.5273021718359,3.939539543058301,7.53,0.022917700495580694,7.53,0.0,0.022917651,0.03
4.302478918146608,3.5423780478925995,0.03,724.3682060654291,3.937706490687594,7.54,0.022917700495580697,7.54,0.0,0.022917651,0.03
4.3025785048038445,3.5452034793427827,0.03,726.2220239162169,3.9358546431899724,7.55,0.022917700495580697,7.55,0.0,0.022917651,0.03
4.302676451958139,3.5480342018816646,0.03,728.0856413543243,3.9339909477533332,7.5600000000000005,0.022917700495580697,7.5600000000000005,0.0,0.022917651,0.03
4.302768236570832,3.5508757999423954,0.03,729.9731450590956,3.932091714649908,7.570000000000001,0.022917700495580697,7.57,0.0,0.022917651,0.03
4.302858604076754,3.5537220525695568,0.03,731.8714056028915,3.9301821560930454,7.580000000000001,0.022917700495580697,7.58,0.0,0.022917651,0.03
4.302944240499556,3.556576055629651,0.03,733.7999458306132,3.9282459291610317,7.590000000000001,0.022917700495580697,7.59,0.0,0.022917651,0.03
4.3030252841254715,3.559437935543984,0.03,735.7583941761632,3.926283463551665,7.6000000000000005,0.022917700495580697,7.6000000000000005,0.0,0.022917651,0.03
4.303106532885749,3.562241709259437,0.03,737.4453679403155,3.924372404744156,7.61,0.0229177004955807,7.61,0.0,0.022917651,0.03
4.303182335857754,3.565056101697782,0.03,739.1533341904517,3.9224289339114584,7.620000000000001,0.0229177004955807,7.62,0.0,0.022917651,0.03
4.3032568255928245,3.567875574636853,0.03,740.872772907914,3.920475130885671,7.629999999999999,0.022917700495580697,7.63,0.0,0.022917651,0.03
4.303327409421467,3.5707031848245747,0.03,742.6096452767175,3.9184975685502152,7.640000000000001,0.022917700495580697,7.640000000000001,0.0,0.022917651,0.03
4.303394771952341,3.573538474406954,0.03,744.362762414535,3.9164994428077575,7.65,0.022917700495580697,7.65,0.0,0.022917651,0.03
4.303460099151619,3.5763801757505416,0.03,746.1301149369718,3.9144867650104467,7.66,0.022917700495580697,7.66,0.0,0.022917651,0.03
4.303520351736311,3.57923193612522,0.03,747.9203856651466,3.9124437290122467,7.67,0.022917700495580697,7.67,0.0,0.022917651,0.03
4.303579524200666,3.582089193399039,0.03,749.721632356902,3.9103908723764533,7.68,0.022917700495580697,7.68,0.0,0.022917651,0.03
4.303633258755075,3.5849564831869194,0.03,751.5481042426486,3.9083062290992947,7.690000000000001,0.022917700495580694,7.69,0.0,0.022917651,0.03
4.303685210737857,3.5878300824914913,0.03,753.3842673816538,3.9062081477694277,7.7,0.022917700495580697,7.7,0.0,0.022917651,0.03
4.303738022587956,3.59063749307668,0.03,755.6700147415847,3.9041723745377954,7.71,0.0229177004955807,7.71,0.0,0.022917651,0.03
4.303785584237473,3.5934525050863035,0.03,757.9856826000567,3.9021080002914177,7.72,0.0229177004955807,7.72,0.0,0.022917651,0.03
4.303831562937808,3.5962722985244144,0.03,760.3111645371827,3.9000325119107937,7.73,0.022917700495580694,7.73,0.0,0.022917651,0.03
4.303871836703199,3.599102095752053,0.03,762.6570741177503,3.8979242002371413,7.740000000000001,0.022917700495580697,7.74,0.0,0.022917651,0.03
4.303910381903124,3.6019369048594845,0.03,765.0136008725369,3.8958039599689056,7.75,0.022917700495580697,7.75,0.0,0.022917651,0.03
4.303943913785063,3.6047777026106367,0.03,767.3867711641877,3.893657677968851,7.76,0.022917700495580697,7.76,0.0,0.022917651,0.03
4.3039733177799375,3.6076239270128543,0.03,769.7756500566189,3.891489460690091,7.7700000000000005,0.022917700495580697,7.7700000000000005,0.0,0.022917651,0.03
4.304000152369501,3.6104761086945056,0.03,772.1780887952724,3.8893050085792162,7.780000000000001,0.022917700495580697,7.78,0.0,0.022917651,0.03
4.304021462189345,3.613338554758754,0.03,774.6005782114823,3.8870881871014276,7.790000000000001,0.022917700495580697,7.79,0.0,0.022917651,0.03
4.304041252928018,3.61620624729681,0.03,777.0339201522551,3.884860043079588,7.800000000000001,0.022917700495580697,7.8,0.0,0.022917651,0.03
4.304069205431572,3.6190143865725517,0.03,779.0167533907072,3.8827169632454255,7.81,0.022917700679143685,7.8100000000000005,0.0,0.022917651,0.03
4.30409517838038,3.6218284398069147,0.03,781.0106787597176,3.880560052854217,7.820000000000001,0.022917700862706673,7.82,0.0,0.022917651,0.03
4.304116271234125,3.6246524102394027,0.03,783.019555907282,3.8783737060807884,7.83,0.022917701046269657,7.83,0.0,0.022917651,0.03
4.304134822488145,3.627482996668513,0.03,785.0379389161847,3.876170576074374,7.839999999999999,0.02291770122983264,7.84,0.0,0.022917651,0.03
4.304148322152452,3.630322031508452,0.03,787.076384619658,3.8739387849021605,7.8500000000000005,0.02291770141339563,7.8500000000000005,0.0,0.022917651,0.03
4.304158144162623,3.6331679893559063,0.03,789.132285863539,3.8716853577007373,7.860000000000001,0.022917701596958617,7.86,0.0,0.022917651,0.03
4.304162681262746,3.63602285459637,0.03,791.2132887388854,3.8694018852462397,7.87,0.0229177017805216,7.87,0.0,0.022917651,0.03
4.304162749734612,3.6388857174212377,0.03,793.3179402803617,3.8670925399907117,7.88,0.022917701964084585,7.88,0.0,0.022917651,0.03
4.304157435463571,3.6417572981786543,0.03,795.4458991737782,3.864752954859161,7.890000000000001,0.02291770214764757,7.890000000000001,0.0,0.022917651,0.03
4.304148232837357,3.6446369263607306,0.03,797.5900315365521,3.862389778811018,7.9,0.02291770233121056,7.9,0.0,0.022917651,0.03
4.304137556736246,3.64744616280873,0.03,800.5954385773246,3.860084124057325,7.91,0.02291770232571711,7.91,0.0,0.022917651,0.03
4.3041233055814585,3.6502606358024408,0.03,803.6155535838006,3.8577589247122037,7.92,0.022917702320223665,7.92,0.0,0.022917651,0.03
4.304102724633444,3.653088426685049,0.03,806.6612579674575,3.8553950965820647,7.93,0.022917702314730212,7.930000000000001,0.0,0.022917651,0.03
4.304078057083634,3.6559249842470845,0.03,809.7252799437,3.8530061603947443,7.94,0.022917702309236766,7.94,0.0,0.022917651,0.03
4.304045835959666,3.6587692907824882,0.03,812.8252173668994,3.8505792636018628,7.95,0.022917702303743317,7.95,0.0,0.022917651,0.03
4.304009170284751,3.661620932548401,0.03,815.9483748819238,3.848127251274163,7.96,0.022917702298249867,7.96,0.0,0.022917651,0.03
4.303966292752389,3.6644843907799185,0.03,819.091747104032,3.845638575799566,7.97,0.022917702292756418,7.97,0.0,0.022917651,0.03
4.303920366968106,3.6673546261773695,0.03,822.2491308449521,3.8431309324427496,7.98,0.02291770228726297,7.98,0.0,0.022917651,0.03
4.3038671975273655,3.670234914986312,0.03,825.4288059180767,3.8405842436469837,7.99,0.022917702281769526,7.99,0.0,0.022917651,0.03
4.303811014509689,3.673122537437038,0.03,828.6228199648912,3.8380181669852926,8.0,0.022917702276276073,8.0,0.0,0.022917651,0.03
