log_Teff,LogL_lsun,Age_gyr,Step,Log_g,Mass_msun,feh,Mass_input,Metallicity_input,Z_used,Age_input
3.5436393774314614,-1.2979057680665749,0.015,223.8227663684748,4.342369374080686,0.3,0.022925967288985875,0.3,0.0,0.022917651,0.015
3.5452212152281644,-1.2796116085615137,0.015,223.4899570378278,4.342896434542176,0.30999999999999994,0.02292596807682909,0.31,0.0,0.022917651,0.015
3.546787898604374,-1.2616202877307043,0.015,223.1402889719417,4.343665719016295,0.32,0.022925968190978172,0.32,0.0,0.022917651,0.015
3.5483401709233493,-1.2440865752517705,0.015,222.80429994842214,4.344834968525284,0.33,0.022925968126307476,0.33,0.0,0.022917651,0.015
3.549877287154546,-1.2266513704955184,0.015,222.5011036101177,4.346042092343257,0.34,0.02292596905084135,0.34,0.0,0.022917651,0.015
3.5514092114004194,-1.209575395654569,0.015,222.21882636735876,4.347587683498412,0.35000000000000003,0.022925969697681077,0.35000000000000003,0.0,0.022917651,0.015
3.552935489528435,-1.1928398293033138,0.015,221.95221984855232,4.349451106681445,0.36,0.02292596995319936,0.36,0.0,0.022917651,0.015
3.5544465655673134,-1.176463220463485,0.015,221.69562126262136,4.351612690035709,0.37,0.022925969784417643,0.37,0.0,0.022917651,0.015
3.555941146750725,-1.1604835805386402,0.015,221.4777832207137,4.354105258008813,0.38,0.022925970109704843,0.38,0.0,0.022917651,0.015
3.557416261239158,-1.1447889633634487,0.015,221.28860288047392,4.356804972010182,0.39,0.022925971240049275,0.39,0.0,0.022917651,0.015
3.558875356528603,-1.1294156356256684,0.015,221.09572029098572,4.359761887072514,0.4000000000000001,0.022925972134011173,0.4,0.0,0.022917651,0.015
3.5603130624865784,-1.1140972497006363,0.015,219.94059318786498,4.35988532970632,0.41000000000000003,0.022925972975933222,0.41000000000000003,0.0,0.022917651,0.015
3.5617405008530056,-1.0990499973623629,0.015,218.8039958621617,4.360238841043513,0.42,0.022925973854320485,0.42,0.0,0.022917651,0.015
3.563144253517686,-1.084291826617107,0.015,217.67810205256728,4.360786683661298,0.42999999999999994,0.022925974610631176,0.43,0.0,0.022917651,0.015
3.5645269069075467,-1.0700093958172692,0.015,216.56389151855888,4.361725866662832,0.44,0.022925975200734895,0.44,0.0,0.022917651,0.015
3.5658892010955077,-1.05619733420232,0.015,215.45072701460052,4.363053984103029,0.45000000000000007,0.022925976323860137,0.45,0.0,0.022917651,0.015
3.5672335417503667,-1.0428000896018648,0.015,214.36487678571405,4.364725100232932,0.46,0.02292597742795304,0.46,0.0,0.022917651,0.015
3.5685651564796714,-1.0293544568525552,0.015,213.30495681259856,4.366296928419203,0.47000000000000003,0.022925977622936775,0.47000000000000003,0.0,0.022917651,0.015
3.569884504061221,-1.0164551066474952,0.015,212.25320974156406,4.368365968664372,0.48000000000000004,0.022925977913208224,0.48,0.0,0.022917651,0.015
3.5711888131281206,-1.004126223583885,0.015,211.21620614575428,4.370945317375595,0.49,0.02292597823593411,0.49,0.0,0.022917651,0.015
3.572487360573756,-0.9921991340436601,0.015,210.21395350027163,4.373903420234892,0.5,0.022925978105176416,0.5,0.0,0.022917651,0.015
3.5737925238609267,-0.9801003871530475,0.015,210.14516502381804,4.374943452654085,0.51,0.022925978202517287,0.51,0.0,0.022917651,0.015
3.5750971266675706,-0.9680095961314402,0.015,210.07780357217413,4.375989199003226,0.52,0.022925978264447998,0.52,0.0,0.022917651,0.015
3.576401766629833,-0.955838926655824,0.015,210.0045624083551,4.376955214270273,0.5300000000000001,0.022925978325760796,0.53,0.0,0.022917651,0.015
3.5777068673707406,-0.943660994072318,0.015,209.9326803731035,4.377915809381088,0.54,0.02292597839051116,0.54,0.0,0.022917651,0.015
3.5790124084586443,-0.9314851022109224,0.015,209.86297158160053,4.37888020657392,0.5500000000000002,0.02292597845670396,0.55,0.0,0.022917651,0.015
3.5803187544308965,-0.9192993330689107,0.015,209.79495721923544,4.379837946162123,0.56,0.02292597852341293,0.56,0.0,0.022917651,0.015
3.5816260121816286,-0.9071001873163652,0.015,209.72847630491404,4.380785956446856,0.5700000000000001,0.02292597859037017,0.5700000000000001,0.0,0.022917651,0.015
3.5829339088363352,-0.8948962519636524,0.015,209.66382573928817,4.381731732821953,0.5800000000000001,0.022925978658218174,0.58,0.0,0.022917651,0.015
3.584242630025267,-0.8826811008297762,0.015,209.60074132048288,4.382669591702604,0.59,0.02292597872707143,0.59,0.0,0.022917651,0.015
3.585556217049646,-0.8703253947648204,0.015,209.53426321602024,4.383486360769238,0.6,0.022925978785963523,0.6,0.0,0.022917651,0.015
3.5870618991760566,-0.8569417213342183,0.015,209.23647865487288,4.382820092997018,0.61,0.02292597791558877,0.61,0.0,0.022917651,0.015
3.5885181736202094,-0.8441673443307065,0.015,208.94135325354853,4.382565493866665,0.6200000000000001,0.02292597721910856,0.62,0.0,0.022917651,0.015
3.5899366583347234,-0.8318981432097391,0.015,208.64969069986364,4.382664912983765,0.6300000000000001,0.022925976704050523,0.63,0.0,0.022917651,0.015
3.5913288196544215,-0.8199341111801246,0.015,208.35586447169618,4.3829642068893575,0.64,0.022925976452826954,0.64,0.0,0.022917651,0.015
3.5926947559649487,-0.8083356532549933,0.015,208.0649817354513,4.38352417542968,0.65,0.022925976289425738,0.65,0.0,0.022917651,0.015
3.594047742833987,-0.7968437411851587,0.015,207.76987449890424,4.384138884060215,0.66,0.022925975877970413,0.66,0.0,0.022917651,0.015
3.59538070266664,-0.7856403363138251,0.015,207.47800688500084,4.384961990240075,0.67,0.022925975365270735,0.67,0.0,0.022917651,0.015
3.596704531420967,-0.7745041240603804,0.015,207.1825948988428,4.385815771922565,0.68,0.02292597498468606,0.68,0.0,0.022917651,0.015
3.598013465248559,-0.7635919846745972,0.015,206.88956946188193,4.386834047572672,0.6900000000000001,0.022925974632182478,0.6900000000000001,0.0,0.022917651,0.015
3.5993131278069126,-0.7527988481787635,0.015,206.59586540930488,4.387934244209706,0.7,0.022925974404038586,0.7000000000000001,0.0,0.022917651,0.015
3.601503380885518,-0.7344698144430327,0.015,206.8922317888092,4.384165426168104,0.71,0.022925973973047235,0.71,0.0,0.022917651,0.015
3.60339006455373,-0.7189548502736538,0.015,207.19776040213583,4.38199638517007,0.7200000000000001,0.022925973306609917,0.72,0.0,0.022917651,0.015
3.605075469478008,-0.7054369986790333,0.015,207.51253005935018,4.381019342604715,0.73,0.022925972355330605,0.73,0.0,0.022917651,0.015
3.606631806328552,-0.6931856137220757,0.015,207.83050925078734,4.380792498119561,0.7400000000000001,0.02292597144332688,0.74,0.0,0.022917651,0.015
3.608101992320501,-0.681724456741512,0.015,208.14749202795403,4.381011278020355,0.75,0.022925970611998067,0.75,0.0,0.022917651,0.015
3.6095249356524928,-0.6707209785334983,0.015,208.46272966782286,4.381498766141573,0.76,0.02292597012740278,0.76,0.0,0.022917651,0.015
3.610890554910492,-0.6603346491684725,0.015,208.78226637815624,4.38237410765929,0.77,0.0229259697350866,0.77,0.0,0.022917651,0.015
3.612246447533104,-0.6499473829166301,0.015,209.09129971655358,4.383209602786865,0.7800000000000001,0.02292596934274129,0.78,0.0,0.022917651,0.015
3.613557755416108,-0.6400864847654395,0.015,209.40654913996838,4.384393126046977,0.79,0.022925968952102648,0.79,0.0,0.022917651,0.015
3.6148640267449057,-0.6301669285143723,0.015,209.71273399885928,4.385497847204144,0.8000000000000002,0.022925968558061838,0.8,0.0,0.022917651,0.015
3.617176590935972,-0.613234316240201,0.015,209.69560468700567,4.3829307447217625,0.8100000000000002,0.022925969119162476,0.81,0.0,0.022917651,0.015
3.619382638016604,-0.5969121486505012,0.015,209.66464235053814,4.380548018506443,0.8200000000000001,0.022925969675196757,0.8200000000000001,0.0,0.022917651,0.015
3.6214566926403946,-0.581562174229782,0.015,209.62875117712366,4.378609512512756,0.8300000000000003,0.022925970224275293,0.8300000000000001,0.0,0.022917651,0.015
3.6234040519305712,-0.5670328145459652,0.015,209.5802367653029,4.376984846422576,0.8400000000000001,0.022925970182572954,0.84,0.0,0.022917651,0.015
3.62521570149977,-0.553557384313405,0.015,209.52942136105716,4.37587127229151,0.8500000000000001,0.02292596998444187,0.85,0.0,0.022917651,0.015
3.626930609646942,-0.5407668218835728,0.015,209.46738364441518,4.375055600122848,0.86,0.022925970290262956,0.86,0.0,0.022917651,0.015
3.628538498328062,-0.5288628450923664,0.015,209.4053142901784,4.374698436363876,0.8700000000000001,0.02292597070600944,0.87,0.0,0.022917651,0.015
3.6300838520099856,-0.517387139628132,0.015,209.33470012706425,4.374519392568801,0.88,0.022925971250575976,0.88,0.0,0.022917651,0.015
3.6315597936531794,-0.5064827283037384,0.015,209.26275585572438,4.3746339912381975,0.89,0.022925971815660195,0.89,0.0,0.022917651,0.015
3.632978206148085,-0.4960471331013129,0.015,209.18930305263598,4.374987291856529,0.9000000000000001,0.022925972381910797,0.9,0.0,0.022917651,0.015
3.6355292926812193,-0.4790605461792787,0.015,209.3431320020283,4.372780801526948,0.91,0.0229259718245834,0.91,0.0,0.022917651,0.015
3.6380659027439695,-0.4621522862088984,0.015,209.4956586124111,4.3705947321536,0.9200000000000002,0.02292597126704842,0.92,0.0,0.022917651,0.015
3.6405849827032224,-0.44533887529581856,0.015,209.64660817141194,4.368433391285665,0.9300000000000003,0.022925970709262063,0.93,0.0,0.022917651,0.015
3.6430825551368407,-0.42864183383439414,0.015,209.79562286031734,4.3663023895976565,0.9400000000000002,0.022925970151167294,0.9400000000000001,0.0,0.022917651,0.015
3.6455533409195855,-0.4120897252642171,0.015,209.94222775599002,4.3642091739866835,0.9500000000000001,0.022925969592688413,0.9500000000000001,0.0,0.022917651,0.015
3.647990179255754,-0.3957212940640063,0.015,210.08577865557274,4.362163845692326,0.96,0.022925969033722737,0.96,0.0,0.022917651,0.015
3.6503831072957844,-0.37959044561369043,0.015,210.2253792765264,4.360180458617882,0.9700000000000002,0.022925968474127402,0.97,0.0,0.022917651,0.015
3.652717840948394,-0.36377446597108304,0.015,210.35974458674067,4.358279162343682,0.9800000000000001,0.02292596791369757,0.98,0.0,0.022917651,0.015
3.6549922373360504,-0.34824581505951635,0.015,210.48455115142164,4.356423846891757,0.99,0.022925967352567918,0.99,0.0,0.022917651,0.015
3.657167790794034,-0.33327780428708365,0.015,210.6009060655886,4.354733802357552,1.0,0.022925966790273016,1.0,0.0,0.022917651,0.015
3.6600217112143762,-0.31555161079723876,0.015,212.18664510154238,4.352562555597202,1.0100000000000002,0.022925967162079702,1.01,0.0,0.022917651,0.015
3.662904659925708,-0.29767471831882153,0.015,213.77706035127656,4.350356723791519,1.0200000000000002,0.022925967533257496,1.02,0.0,0.022917651,0.015
3.665845969192714,-0.27946107780152457,0.015,215.3716336862937,4.348047590405398,1.03,0.02292596790489635,1.03,0.0,0.022917651,0.015
3.6688234621878486,-0.2610581409102624,0.015,216.9724269273657,4.345693896449944,1.04,0.022925968276137985,1.04,0.0,0.022917651,0.015
3.6718415120892023,-0.24244302921877792,0.015,218.58019181452326,4.343290256319097,1.0500000000000003,0.022925968646934376,1.05,0.0,0.022917651,0.015
3.674912511007191,-0.22353382883148937,0.015,220.19551675076113,4.340804323518457,1.06,0.022925969017153325,1.06,0.0,0.022917651,0.015
3.6780369066030163,-0.20434037061740112,0.015,221.81981647924712,4.338247719966249,1.07,0.022925969388878,1.07,0.0,0.022917651,0.015
3.681226599819661,-0.18478760044788978,0.015,223.45428415238018,4.335592993674399,1.08,0.022925969760678056,1.08,0.0,0.022917651,0.015
3.6844974750156103,-0.16477034954750047,0.015,225.10044475752395,4.332798509720577,1.09,0.02292597012834519,1.09,0.0,0.022917651,0.015
3.6878485803407854,-0.14431808345786462,0.015,226.76040183931212,4.329889930168467,1.1000000000000003,0.022925970494459758,1.1,0.0,0.022917651,0.015
3.6911453500197022,-0.1231347371749119,0.015,226.8136304410786,4.325672514002863,1.1100000000000003,0.02292597029716692,1.11,0.0,0.022917651,0.015
3.69450871888582,-0.10148682334986905,0.015,226.87881955685444,4.32125693419358,1.1200000000000003,0.022925970099874085,1.12,0.0,0.022917651,0.015
3.6979342406085736,-0.07941662286936325,0.015,226.95736604450423,4.316667681209795,1.1300000000000001,0.022925969902581243,1.1300000000000001,0.0,0.022917651,0.015
3.701426416109565,-0.05687739684135878,0.015,227.05051531790866,4.311876016860953,1.1400000000000003,0.022925969705288412,1.1400000000000001,0.0,0.022917651,0.015
3.705005588051981,-0.03371304119373108,0.015,227.16029765309074,4.306807203832974,1.1500000000000001,0.022925969507995574,1.1500000000000001,0.0,0.022917651,0.015
3.708660129987457,-0.010006338154165649,0.015,227.28822053243417,4.3014975242602755,1.1600000000000001,0.02292596931070274,1.16,0.0,0.022917651,0.015
3.712405518521031,0.014381593263868186,0.015,227.4365827598769,4.295870004876026,1.1700000000000002,0.022925969113409897,1.17,0.0,0.022917651,0.015
3.7162429298957433,0.03944388847122551,0.015,227.60733878061072,4.289936215050407,1.1800000000000002,0.022925968917752837,1.18,0.0,0.022917651,0.015
3.7201960927736537,0.0654050927604564,0.015,227.80319677692026,4.283566520320968,1.19,0.022925968721073078,1.19,0.0,0.022917651,0.015
3.7242641447522593,0.09223644365570019,0.015,228.026810797174,4.276786234559292,1.2,0.022925968521531392,1.2,0.0,0.022917651,0.015
3.7278687938319304,0.11872869141596687,0.015,227.15456198745596,4.2681887901946,1.2100000000000002,0.022925968332478557,1.21,0.0,0.022917651,0.015
3.7315420309563363,0.14596939411478943,0.015,226.30739268889403,4.2591172423831765,1.2200000000000002,0.02292596814342572,1.22,0.0,0.022917651,0.015
3.735300806451916,0.17407478451425548,0.015,225.48872111324502,4.249523160388551,1.23,0.022925967954372878,1.23,0.0,0.022917651,0.015
3.739151956199067,0.2031334008169739,0.015,224.7041039073479,4.239345353622376,1.24,0.02292596776532004,1.24,0.0,0.022917651,0.015
3.7430915745255238,0.23316380055620106,0.015,223.95994443639398,4.22854963964712,1.25,0.022925967576267203,1.25,0.0,0.022917651,0.015
3.7471340727379414,0.2642879459247991,0.015,223.26852094102526,4.217071691798544,1.26,0.022925967387214363,1.26,0.0,0.022917651,0.015
3.7513022743652518,0.29665496333522384,0.015,222.6455508020996,4.204853687422253,1.27,0.022925967198161527,1.27,0.0,0.022917651,0.015
3.7556030382272336,0.33029044870985086,0.015,222.10958107478695,4.191897468354564,1.2800000000000002,0.02292596700910869,1.28,0.0,0.022917651,0.015
3.76005874356822,0.3653185552520148,0.015,221.69243223518538,4.178168403635289,1.29,0.022925966820055852,1.29,0.0,0.022917651,0.015
3.7646842146459853,0.40170236130137604,0.015,221.43607544001134,4.163762683671022,1.3,0.022925966631003013,1.3,0.0,0.022917651,0.015
3.7688253003243353,0.4354496074789597,0.015,222.80151034467892,4.149798253067067,1.3100000000000003,0.022925966814562514,1.31,0.0,0.022917651,0.015
3.773131408625508,0.4693630310898579,0.015,224.58164495774895,4.136327730163989,1.3200000000000003,0.02292596699812202,1.32,0.0,0.022917651,0.015
3.7775947630583775,0.5030356807541485,0.015,226.92322227966804,4.123726975656312,1.33,0.02292596718168152,1.33,0.0,0.022917651,0.015
3.7822100518828865,0.5360174559502895,0.015,229.82792670810124,4.112424812011388,1.3400000000000003,0.02292596736524103,1.34,0.0,0.022917651,0.015
3.7869672710891797,0.5677916856222438,0.015,233.1586614682247,4.102897934402799,1.35,0.02292596754880053,1.35,0.0,0.022917651,0.015
3.7918573998189564,0.5977937643303922,0.015,236.7867381839465,4.095674836340625,1.3600000000000003,0.022925967732360036,1.36,0.0,0.022917651,0.015
3.796843402211268,0.6254618445955046,0.015,240.6059999186655,4.0911692345015105,1.37,0.02292596791591954,1.37,0.0,0.022917651,0.015
3.801871644117085,0.6499544651871132,0.015,244.9532795499654,4.09000804273311,1.3800000000000003,0.02292596809947904,1.3800000000000001,0.0,0.022917651,0.015
3.8069094459457107,0.67103785294098,0.015,252.80308649476228,4.092294332557387,1.3900000000000001,0.02292596828303855,1.3900000000000001,0.0,0.022917651,0.015
3.811854028415989,0.6878576884559265,0.015,263.86814403112874,4.098471291680162,1.4000000000000001,0.022925968466598053,1.4000000000000001,0.0,0.022917651,0.015
3.81620195601927,0.6959385178617075,0.015,274.12653846747463,4.110778504009033,1.41,0.02292596846385139,1.41,0.0,0.022917651,0.015
3.8200566543298446,0.6987611660357205,0.015,282.6998699387621,4.126370984785127,1.4200000000000002,0.022925968461104722,1.42,0.0,0.022917651,0.015
3.823173690118701,0.6957778651276796,0.015,288.7791728253764,4.144818732775693,1.4299999999999997,0.022925968458358054,1.43,0.0,0.022917651,0.015
3.8255634280121567,0.6880240844559835,0.015,293.27081206909327,4.165127790156504,1.44,0.022925968455611387,1.44,0.0,0.022917651,0.015
3.827098084876985,0.6759983149614367,0.015,296.39995736032745,4.186288514433533,1.45,0.022925968452864723,1.45,0.0,0.022917651,0.015
3.8278441746225425,0.6614807877919012,0.015,298.80811190146454,4.206786723470389,1.4600000000000002,0.022925968450118052,1.46,0.0,0.022917651,0.015
3.8280692869641673,0.6470330598891328,0.015,300.75761399307385,4.225131220118719,1.47,0.022925968447371388,1.47,0.0,0.022917651,0.015
3.828034881490607,0.6353090663325247,0.015,302.37259840603497,4.239713915010896,1.4800000000000002,0.02292596844462472,1.48,0.0,0.022917651,0.015
3.8281415898942233,0.6293113971848381,0.015,303.7279711300922,4.249134742654516,1.49,0.022925968441878053,1.49,0.0,0.022917651,0.015
3.8285463131262407,0.6294483466365411,0.015,304.87172134018334,4.253613010329822,1.5,0.02292596843913139,1.5,0.0,0.022917651,0.015
3.8305950633606045,0.64278409454992,0.015,306.3584532443494,4.2512751360014365,1.51,0.022925968441878056,1.51,0.0,0.022917651,0.015
3.8326103800116904,0.6558996200428723,0.015,307.85132459065045,4.24902374990018,1.5200000000000002,0.022925968444624724,1.52,0.0,0.022917651,0.015
3.8345976110579585,0.6688301495148996,0.015,309.34935332448464,4.2468450175180354,1.53,0.022925968447371384,1.53,0.0,0.022917651,0.015
3.8365610216111294,0.6816037766710039,0.015,310.85175623914745,4.244727905579036,1.54,0.022925968450118052,1.54,0.0,0.022917651,0.015
3.8385040547864366,0.6942431808382763,0.015,312.35790107196516,4.242663507202632,1.55,0.022925968452864723,1.55,0.0,0.022917651,0.015
3.8404299884722395,0.706764676325768,0.015,313.86641727211077,4.240648619595235,1.56,0.022925968455611387,1.56,0.0,0.022917651,0.015
3.8423414757894263,0.7191715504785072,0.015,315.37629178366217,4.238690567837302,1.5699999999999998,0.022925968458358054,1.57,0.0,0.022917651,0.015
3.844239976105978,0.7314795562534562,0.015,316.8885875953913,4.236779436471114,1.5800000000000003,0.022925968461104722,1.58,0.0,0.022917651,0.015
3.84612740681647,0.7437032905307321,0.015,318.40294722769534,4.234908298192423,1.59,0.02292596846385139,1.59,0.0,0.022917651,0.015
3.8480053255751483,0.7558546115332473,0.015,319.9190802710634,4.233071525393323,1.6000000000000003,0.022925968466598053,1.6,0.0,0.022917651,0.015
3.8511527181371825,0.770458143946273,0.015,320.9778482774965,4.23369045531754,1.61,0.02292596789119954,1.61,0.0,0.022917651,0.015
3.8543796980689877,0.7850570317311265,0.015,322.0293772523023,4.234632378962205,1.6200000000000003,0.022925967315801026,1.62,0.0,0.022917651,0.015
3.857685623562387,0.7997302640230041,0.015,323.0801346476518,4.235815740515962,1.6300000000000001,0.02292596674040251,1.6300000000000001,0.0,0.022917651,0.015
3.861084332255274,0.814416509731974,0.015,324.1247089192786,4.237357221436517,1.6400000000000003,0.022925966165003992,1.6400000000000001,0.0,0.022917651,0.015
3.8645861622742346,0.829063432857216,0.015,325.1597747109875,4.23935051160662,1.65,0.022925965589605475,1.6500000000000001,0.0,0.022917651,0.015
3.868202029576023,0.8436799035249943,0.015,326.18523028299455,4.241830404741029,1.6600000000000004,0.02292596501420696,1.6600000000000001,0.0,0.022917651,0.015
3.871955173364804,0.8585110935379311,0.015,327.2161835878844,4.244644683701162,1.6700000000000002,0.02292596443880844,1.67,0.0,0.022917651,0.015
3.875849918826056,0.8735570719816651,0.015,328.2534194583589,4.2478105799425245,1.6800000000000002,0.02292596386340993,1.68,0.0,0.022917651,0.015
3.8797972479749716,0.8883741672914656,0.015,329.27871648683754,4.2514156950594595,1.6900000000000002,0.022925963288011414,1.69,0.0,0.022917651,0.015
3.8838154791210138,0.9030447095760544,0.015,330.2960230095799,4.25545097174173,1.7,0.022925962712612897,1.7,0.0,0.022917651,0.015
3.8875832365772176,0.9166339978651398,0.015,330.9504077083032,4.259415073285332,1.7100000000000004,0.02292596346882425,1.71,0.0,0.022917651,0.015
3.8914427484525973,0.9303268841326809,0.015,331.61107824500243,4.263642593879127,1.7200000000000002,0.02292596422503561,1.72,0.0,0.022917651,0.015
3.895401327610145,0.9441316251779637,0.015,332.2785356034159,4.268154528124145,1.73,0.022925964981246952,1.73,0.0,0.022917651,0.015
3.8993146027320376,0.9576674307924908,0.015,332.94420859228944,4.272754180176724,1.7399999999999998,0.022925965737458306,1.74,0.0,0.022917651,0.015
3.903061827470134,0.9706286507259435,0.015,333.60114165129096,4.277264214744201,1.7500000000000002,0.02292596649366966,1.75,0.0,0.022917651,0.015
3.906658198951059,0.9829739594126571,0.015,334.255020506541,4.281786747692267,1.76,0.02292596724988101,1.76,0.0,0.022917651,0.015
3.910202289672706,0.9949731005618409,0.015,334.9114261538162,4.286446325705396,1.77,0.022925968006092364,1.77,0.0,0.022917651,0.015
3.913799844329255,1.0069138026483104,0.015,335.57543462621913,4.291378199125928,1.78,0.022925968762303718,1.78,0.0,0.022917651,0.015
3.9174535764143186,1.0187930996722034,0.015,336.2474317954122,4.296596187958893,1.79,0.02292596951851507,1.79,0.0,0.022917651,0.015
3.920718568694555,1.0298912388845514,0.015,336.90793388696676,4.301040377636819,1.8000000000000003,0.02292597027472642,1.8,0.0,0.022917651,0.015
3.9235372418017245,1.039903575250982,0.015,336.76033225470115,4.304650844262643,1.8100000000000003,0.02292596989936741,1.81,0.0,0.022917651,0.015
3.9263168220627445,1.0497669490899793,0.015,336.61486112349144,4.30825390144046,1.8200000000000003,0.022925969524008407,1.82,0.0,0.022917651,0.015
3.929060997058938,1.0594954118582214,0.015,336.4713195257265,4.311850248094618,1.83,0.022925969148649396,1.83,0.0,0.022917651,0.015
3.9315590855387446,1.068946000318991,0.015,336.3175123999281,4.314740122690475,1.84,0.022925968773290388,1.84,0.0,0.022917651,0.015
3.9339839326349044,1.0783288155272213,0.015,336.1614214651673,4.317404804512611,1.85,0.02292596839793138,1.85,0.0,0.022917651,0.015
3.9363794044437217,1.0876837111533848,0.015,336.00508269869846,4.3199799043309435,1.86,0.022925968022572372,1.86,0.0,0.022917651,0.015
3.9387506074187217,1.0970155405984592,0.015,335.84853918235046,4.322480994634481,1.8699999999999999,0.022925967647213368,1.87,0.0,0.022917651,0.015
3.9411015292653913,1.1063280939554316,0.015,335.6918245593639,4.324920236211431,1.8800000000000001,0.02292596727185436,1.8800000000000001,0.0,0.022917651,0.015
3.9434353294082447,1.1156243740821468,0.015,335.5349654849869,4.327307263948959,1.8900000000000001,0.022925966896495353,1.8900000000000001,0.0,0.022917651,0.015
3.945754543426481,1.1249067909060608,0.015,335.3779833512459,4.329649810274075,1.9000000000000001,0.022925966521136345,1.9000000000000001,0.0,0.022917651,0.015
3.947838387281866,1.1335073793596757,0.015,335.1145872244719,4.331612237431138,1.9100000000000001,0.022925965762178317,1.9100000000000001,0.0,0.022917651,0.015
3.949948424614593,1.1419992818260702,0.015,334.8583353373584,4.333788124948262,1.9200000000000004,0.0229259650032203,1.92,0.0,0.022917651,0.015
3.9520889540394135,1.1503646618346675,0.015,334.6104001319448,4.336212503831089,1.9299999999999997,0.022925964244262267,1.93,0.0,0.022917651,0.015
3.9541978628214647,1.1588058248687034,0.015,334.3501179820094,4.338434617912042,1.94,0.022925963485304242,1.94,0.0,0.022917651,0.015
3.956041576138635,1.168093884778533,0.015,334.0045157061732,4.338749054021885,1.95,0.022925962726346213,1.95,0.0,0.022917651,0.015
3.957891465958272,1.1773074931235745,0.015,333.6670653811418,4.339162647229355,1.9600000000000002,0.022925961967388192,1.96,0.0,0.022917651,0.015
3.959752168673172,1.1863907628220238,0.015,333.34388627039596,4.339749829829361,1.97,0.022925961208430164,1.97,0.0,0.022917651,0.015
3.9616345096809056,1.195213204524455,0.015,333.04926608917873,4.34068439192554,1.9800000000000002,0.022925960449472142,1.98,0.0,0.022917651,0.015
3.9635710027461992,1.203382897289514,0.015,332.82611757199595,4.342488307007029,1.9900000000000002,0.022925959690514114,1.99,0.0,0.022917651,0.015
3.965517156194389,1.2110741555774196,0.015,332.713350562433,4.344809298694175,2.0,0.022925958931556085,2.0,0.0,0.022917651,0.015
3.967201294935728,1.2194079142290357,0.015,332.09089151052643,4.345331023790482,2.0100000000000007,0.022925958931556085,2.0100000000000002,0.0,0.022917651,0.015
3.9688876627569423,1.227788660725755,0.015,331.4712936123795,4.345814678608079,2.0200000000000005,0.022925958931556092,2.02,0.0,0.022917651,0.015
3.9705614297100316,1.2364384661432806,0.015,330.81213715078945,4.345978872755643,2.0300000000000002,0.022925958931556085,2.0300000000000002,0.0,0.022917651,0.015
3.9722585198791087,1.2448918348467228,0.015,330.1656185809946,4.346432794879136,2.04,0.02292595893155609,2.04,0.0,0.022917651,0.015
3.973969532346913,1.2532279448232264,0.015,329.526643932457,4.347059663968141,2.05,0.022925958931556085,2.05,0.0,0.022917651,0.015
3.97568952010149,1.2614884616292878,0.015,328.8925326227965,4.3477980267581495,2.06,0.02292595893155609,2.06,0.0,0.022917651,0.015
3.977415631688994,1.2696974012592588,0.015,328.2617395664144,4.348612461635305,2.07,0.022925958931556085,2.07,0.0,0.022917651,0.015
3.9791461078681283,1.2778695806912164,0.015,327.63331150278356,4.349481114777183,2.0800000000000005,0.02292595893155609,2.08,0.0,0.022917651,0.015
3.9808798043635476,1.2860146374335,0.015,327.0066283961424,4.350389771652668,2.0900000000000003,0.02292595893155609,2.09,0.0,0.022917651,0.015
3.9826159447497305,1.2941391108277802,0.015,326.38126953342413,4.3513287872713375,2.1,0.022925958931556085,2.1,0.0,0.022917651,0.015
3.984188509748881,1.3021992068733306,0.015,327.13820783346523,4.351579291729069,2.1100000000000003,0.022925959304168436,2.11,0.0,0.022917651,0.015
3.985760583455713,1.3101946989138298,0.015,327.90169546707085,4.351892434953773,2.1200000000000006,0.022925959676780787,2.12,0.0,0.022917651,0.015
3.9873320039630795,1.31810429646765,0.015,328.6738907906124,4.35228885977581,2.13,0.022925960049393127,2.13,0.0,0.022917651,0.015
3.9889025294414964,1.3258961994176734,0.015,329.4580175914424,4.352799398960495,2.14,0.02292596042200548,2.14,0.0,0.022917651,0.015
3.9904717818813458,1.3335207002183607,0.015,330.25911505089556,4.3534722479619505,2.15,0.022925960794617825,2.15,0.0,0.022917651,0.015
3.9920186889509406,1.3415888427748923,0.015,330.9839212860226,4.353612072374539,2.16,0.022925961167230176,2.16,0.0,0.022917651,0.015
3.9935616287776154,1.3496358326951379,0.015,331.7309825766234,4.353757180092025,2.17,0.02292596153984252,2.17,0.0,0.022917651,0.015
3.9951033301658505,1.357539246716414,0.015,332.5270163569859,4.354040909697519,2.1800000000000006,0.02292596191245487,2.18,0.0,0.022917651,0.015
3.9966433437575026,1.3652469893956325,0.015,333.3897919294199,4.35451355910821,2.1900000000000004,0.022925962285067217,2.19,0.0,0.022917651,0.015
3.9981809728883824,1.372678294354645,0.015,334.3468580026946,4.355253107900804,2.2000000000000006,0.02292596265767956,2.2,0.0,0.022917651,0.015
3.9996190247975156,1.3802298162726543,0.015,333.62141619821637,4.355384309441754,2.21,0.022925962657679565,2.21,0.0,0.022917651,0.015
4.001058547805211,1.3877667355590872,0.015,332.89824140894456,4.355535998058972,2.22,0.022925962657679565,2.22,0.0,0.022917651,0.015
4.00249943191806,1.3952901440464645,0.015,332.17716413112123,4.35570664194252,2.23,0.022925962657679568,2.23,0.0,0.022917651,0.015
4.003941577841546,1.4028010273663734,0.015,331.4580313483683,4.355894858279353,2.2400000000000007,0.022925962657679565,2.24,0.0,0.022917651,0.015
4.005384895710101,1.4103002775554336,0.015,330.7407045746484,4.356099395567491,2.25,0.02292596265767956,2.25,0.0,0.022917651,0.015
4.0068293039938485,1.4177887039073243,0.015,330.02505816952004,4.356319118390951,2.2600000000000002,0.022925962657679565,2.2600000000000002,0.0,0.022917651,0.015
4.008274728554008,1.4252670423491203,0.015,329.31097788248934,4.356552994265006,2.2700000000000005,0.022925962657679565,2.27,0.0,0.022917651,0.015
4.0097211018239145,1.4327359635708676,0.015,328.59835959091754,4.356800082230615,2.2800000000000002,0.02292596265767956,2.2800000000000002,0.0,0.022917651,0.015
4.011168362096556,1.4401960800976126,0.015,327.8871082021094,4.357059522932585,2.29,0.022925962657679565,2.29,0.0,0.022917651,0.015
4.012616452902847,1.4476479524609804,0.015,327.177136695194,4.357330529961006,2.3000000000000003,0.02292596265767956,2.3000000000000003,0.0,0.022917651,0.015
4.013960111084234,1.4548019314236154,0.015,326.8704393198808,4.357399524972262,2.31,0.022925963044025242,2.31,0.0,0.022917651,0.015
4.015303476913966,1.461956519095825,0.015,326.5636869870853,4.357466741885946,2.32,0.022925963430370924,2.32,0.0,0.022917651,0.015
4.016646532245884,1.469111753259987,0.015,326.2568762856171,4.357532070336201,2.33,0.022925963816716598,2.33,0.0,0.022917651,0.015
4.017989257400339,1.47626767489139,0.015,325.95000351601317,4.35759539063038,2.3400000000000003,0.022925964203062275,2.34,0.0,0.022917651,0.015
4.019331630998693,1.483424328502797,0.015,325.64306465942826,4.357656572742541,2.35,0.022925964589407953,2.35,0.0,0.022917651,0.015
4.020673629775938,1.4905817625346123,0.015,325.3360553424097,4.357715475173732,2.36,0.02292596497575363,2.36,0.0,0.022917651,0.015
4.022015228367945,1.4977400297978547,0.015,325.0289707969026,4.357771943658035,2.37,0.02292596536209931,2.37,0.0,0.022917651,0.015
4.023356399069254,1.5048991879784628,0.015,324.7218058147189,4.357825809689426,2.3800000000000003,0.022925965748444993,2.38,0.0,0.022917651,0.015
4.02469711155653,1.5120593002130827,0.015,324.41455469555217,4.3578768888398605,2.39,0.022925966134790667,2.39,0.0,0.022917651,0.015
4.026037332571891,1.5192204357484345,0.015,324.1072111874466,4.357924978833198,2.4,0.022925966521136345,2.4,0.0,0.022917651,0.015
4.027304241688903,1.5260842719170695,0.015,323.64950880657454,4.3579016553160645,2.41,0.022925966521136345,2.41,0.0,0.022917651,0.015
4.028569070434025,1.532938153380143,0.015,323.198706497564,4.357879964868156,2.4200000000000004,0.02292596652113635,2.42,0.0,0.022917651,0.015
4.029831652402622,1.539781283881404,0.015,322.75535618285136,4.357860038115292,2.43,0.02292596652113634,2.43,0.0,0.022917651,0.015
4.0310918029567695,1.5466127799171738,0.015,322.3200702601451,4.357842019996233,2.44,0.022925966521136345,2.44,0.0,0.022917651,0.015
4.032349316657578,1.5534316584499355,0.015,321.893530118711,4.357826071778259,2.4499999999999997,0.022925966521136345,2.45,0.0,0.022917651,0.015
4.033603964251069,1.5602368224855028,0.015,321.476496136509,4.357812373423244,2.46,0.022925966521136345,2.46,0.0,0.022917651,0.015
4.034855670885108,1.5670921718080395,0.015,321.042757528268,4.357736726589841,2.4700000000000006,0.022925966521136345,2.47,0.0,0.022917651,0.015
4.036104460081601,1.5739740484412665,0.015,320.60034598893776,4.357622883490101,2.48,0.02292596652113635,2.48,0.0,0.022917651,0.015
4.03735011760188,1.580851612212711,0.015,320.16179755910406,4.35750082705361,2.49,0.02292596652113635,2.49,0.0,0.022917651,0.015
4.0385924358623155,1.5877245772436819,0.015,319.7273683055596,4.357370012858111,2.5,0.022925966521136345,2.5,0.0,0.022917651,0.015
4.0397868645398205,1.5943105510609865,0.015,320.13963295221834,4.3572650900985295,2.5100000000000002,0.02292596671018918,2.5100000000000002,0.0,0.022917651,0.015
4.040978734251437,1.6008909839116183,0.015,320.55611420453897,4.35715547206662,2.5200000000000005,0.02292596689924202,2.52,0.0,0.022917651,0.015
4.042167873428012,1.6074655042943555,0.015,320.9770947702602,4.3570408439618245,2.5300000000000002,0.022925967088294853,2.5300000000000002,0.0,0.022917651,0.015
4.0433540948123525,1.6140337067384303,0.015,321.40288320751597,4.356920862198668,2.5399999999999996,0.022925967277347692,2.54,0.0,0.022917651,0.015
4.044537193624163,1.620595147830037,0.015,321.83381694861237,4.356795151039717,2.5500000000000007,0.022925967466400528,2.5500000000000003,0.0,0.022917651,0.015
4.045716945461223,1.6271493416677356,0.015,322.27026575840904,4.35666329874462,2.56,0.022925967655453367,2.56,0.0,0.022917651,0.015
4.046893103891513,1.6336957546486304,0.015,322.7126357019703,4.356524853152038,2.57,0.022925967844506203,2.57,0.0,0.022917651,0.015
4.048065397681838,1.6402337994674672,0.015,323.1613737111789,4.356379316594637,2.5800000000000005,0.022925968033559042,2.58,0.0,0.022917651,0.015
4.049241919932035,1.6468156455833605,0.015,323.60474582397217,4.356206891449781,2.59,0.02292596822261188,2.59,0.0,0.022917651,0.015
4.050417352149376,1.6534042227822214,0.015,324.0498852161653,4.356023374979458,2.6,0.022925968411664714,2.6,0.0,0.022917651,0.015
4.051539195805385,1.659710370551352,0.015,322.86415382623613,4.355843643359169,2.61,0.02292596841166472,2.61,0.0,0.022917651,0.015
4.0526599573278075,1.6660164176277983,0.015,321.67939250686766,4.355659683859449,2.6200000000000006,0.02292596841166472,2.62,0.0,0.022917651,0.015
4.053779565008394,1.6723223573390964,0.015,320.49566554038415,4.3554712163172615,2.63,0.022925968411664714,2.63,0.0,0.022917651,0.015
4.054897940660064,1.6786281824099285,0.015,319.313043017008,4.355277935256877,2.6400000000000006,0.022925968411664714,2.64,0.0,0.022917651,0.015
4.0560149988682985,1.6849338848924604,0.015,318.13160150594695,4.35507950696507,2.65,0.022925968411664714,2.65,0.0,0.022917651,0.015
4.0571306461362715,1.6912394560868003,0.015,316.951424821732,4.354875566151162,2.66,0.022925968411664714,2.66,0.0,0.022917651,0.015
4.058244779905705,1.6975448864498843,0.015,315.77260490196346,4.354665712121529,2.67,0.022925968411664714,2.67,0.0,0.022917651,0.015
4.059357287431851,1.703850165490799,0.015,314.5952428158276,4.354449504384159,2.68,0.022925968411664718,2.68,0.0,0.022917651,0.015
4.06046804448659,1.7101552816500987,0.015,313.419449926694,4.354226457581677,2.69,0.022925968411664718,2.69,0.0,0.022917651,0.015
4.061576913858209,1.716460222160215,0.015,312.2453492369749,4.35399603563002,2.7,0.022925968411664714,2.7,0.0,0.022917651,0.015
4.062640378138479,1.7225066345137774,0.015,312.1426795489654,4.353782906036909,2.71,0.022925967652706707,2.71,0.0,0.022917651,0.015
4.06370265032722,1.7285526527855644,0.015,312.04145497996456,4.353565402147753,2.72,0.022925966893748696,2.72,0.0,0.022917651,0.015
4.064763681568891,1.734598260824906,0.015,311.9417347553445,4.353343344690596,2.73,0.022925966134790678,2.73,0.0,0.022917651,0.015
4.06582342030132,1.7406434415863719,0.015,311.8435813816157,4.353116544461657,2.74,0.022925965375832663,2.74,0.0,0.022917651,0.015
4.066881812065617,1.746688177066935,0.015,311.74706087684035,4.35288480162788,2.75,0.022925964616874656,2.75,0.0,0.022917651,0.015
4.067938799299871,1.7527324482377713,0.015,311.6522430207396,4.352647904969871,2.7600000000000002,0.02292596385791664,2.7600000000000002,0.0,0.022917651,0.015
4.068994321114937,1.7587762349701397,0.015,311.55920162648556,4.352405631059205,2.77,0.022925963098958627,2.77,0.0,0.022917651,0.015
4.070051492355074,1.7648317942239802,0.015,311.4685138855527,4.352158182824793,2.7800000000000002,0.022925962340000616,2.7800000000000002,0.0,0.022917651,0.015
4.0711091364933445,1.7708951245797226,0.015,311.3800832125638,4.351904855508182,2.79,0.022925961581042605,2.79,0.0,0.022917651,0.015
4.072165320363145,1.7769590907829453,0.015,311.29370038534177,4.351645051426656,2.8000000000000007,0.022925960822084594,2.8000000000000003,0.0,0.022917651,0.015
4.073177404789071,1.7827865156326688,0.015,311.0043173618362,4.351389961002572,2.8100000000000005,0.022925960822084594,2.81,0.0,0.022917651,0.015
4.074188497750928,1.7886144223718499,0.015,310.71628034345895,4.351130422737971,2.8200000000000003,0.022925960822084594,2.82,0.0,0.022917651,0.015
4.0751985632110275,1.7944428285161818,0.015,310.42963825473777,4.350866274962967,2.8299999999999996,0.022925960822084587,2.83,0.0,0.022917651,0.015
4.076207563363736,1.80027175244065,0.015,310.1444424203564,4.350597348076418,2.84,0.02292596082208459,2.84,0.0,0.022917651,0.015
4.077215458525707,1.8061012134328784,0.015,309.8607467141654,4.350323464053522,2.85,0.022925960822084594,2.85,0.0,0.022917651,0.015
4.07822220701784,1.8119312317505025,0.015,309.5786077194363,4.3500444359162636,2.86,0.02292596082208459,2.86,0.0,0.022917651,0.015
4.079227765038225,1.8177618286829273,0.015,309.29808490135775,4.3497600671634045,2.8700000000000006,0.022925960822084587,2.87,0.0,0.022917651,0.015
4.0802320865252435,1.8235930266178602,0.015,309.0192407928797,4.349470151156364,2.8800000000000003,0.02292596082208459,2.88,0.0,0.022917651,0.015
4.081235123009948,1.8294248491130636,0.015,308.7421411951283,4.349174470456954,2.89,0.022925960822084594,2.89,0.0,0.022917651,0.015
4.082236823456712,1.8352573209738046,0.015,308.4668553937386,4.348872796112516,2.9000000000000004,0.022925960822084594,2.9,0.0,0.022917651,0.015
4.083179525576939,1.8408696920701824,0.015,312.92719167617537,4.348503560801111,2.9100000000000006,0.022925960301619402,2.91,0.0,0.022917651,0.015
4.084121890526256,1.846482605305854,0.015,317.39063138352475,4.34813243468101,2.9200000000000004,0.022925959781154213,2.92,0.0,0.022917651,0.015
4.085063911185039,1.8520960721285045,0.015,321.85724004697147,4.3477593778263435,2.9299999999999997,0.022925959260689015,2.93,0.0,0.022917651,0.015
4.086005580231803,1.8577101043104054,0.015,326.3270850557663,4.347384349179189,2.9400000000000004,0.02292595874022383,2.94,0.0,0.022917651,0.015
4.08694689013598,1.8633247139600013,0.015,330.80023572355066,4.34700730650916,2.95,0.022925958219758638,2.95,0.0,0.022917651,0.015
4.087887833150413,1.8689399135339955,0.015,335.2767633575421,4.34662820637125,2.9600000000000004,0.022925957699293446,2.96,0.0,0.022917651,0.015
4.08882840130351,1.8745557158499628,0.015,339.7567413307274,4.346247004061857,2.9700000000000006,0.022925957178828255,2.97,0.0,0.022917651,0.015
4.089768586391058,1.8801721340995108,0.015,344.24024515721396,4.345863653572864,2.98,0.022925956658363066,2.98,0.0,0.022917651,0.015
4.090708379967674,1.8857891818620254,0.015,348.7273525709059,4.345478107543711,2.99,0.022925956137897878,2.99,0.0,0.022917651,0.015
4.091647773337879,1.891406873119024,0.015,353.2181436076721,4.345090317211333,3.0,0.022925955617432686,3.0,0.0,0.022917651,0.015
4.092579673583487,1.8968341008596863,0.015,352.94011990587734,4.3448147327292075,3.0100000000000002,0.022925951458737125,3.0100000000000002,0.0,0.022917651,0.015
4.0935122243188875,1.902264512799262,0.015,352.6638547871897,4.344538566243274,3.0200000000000005,0.022925947300041567,3.02,0.0,0.022917651,0.015
4.094444072243474,1.9076956913033416,0.015,352.389220810301,4.344258821998579,3.03,0.022925943141346,3.0300000000000002,0.0,0.022917651,0.015
4.095375197527652,1.9131276580003145,0.015,352.1162639973882,4.343975399049739,3.04,0.022925938982650444,3.04,0.0,0.022917651,0.015
4.09630557958876,1.9185604353399432,0.015,351.84503211840115,4.3436881926177815,3.0500000000000007,0.022925934823954885,3.0500000000000003,0.0,0.022917651,0.015
4.097235197054983,1.9239940466327339,0.015,351.57557477482726,4.343397093906431,3.06,0.022925930665259324,3.06,0.0,0.022917651,0.015
4.098164027727165,1.9294285160915838,0.015,351.3079434883188,4.343101989907701,3.0700000000000007,0.022925926506563762,3.0700000000000003,0.0,0.022917651,0.015
4.099092048538377,1.9348638688758775,0.015,351.04219179451763,4.342802763196114,3.0800000000000005,0.0229259223478682,3.08,0.0,0.022917651,0.015
4.1000192355111045,1.9403001311381884,0.015,350.7783753424349,4.342499291710706,3.09,0.02292591818917264,3.09,0.0,0.022917651,0.015
4.100945563711863,1.9457373300737788,0.015,350.5165519997751,4.3421914485240185,3.1,0.02292591403047708,3.1,0.0,0.022917651,0.015
4.101838010853987,1.9509666313625362,0.015,345.8678819264618,4.341910765807538,3.1100000000000003,0.022925906074710487,3.11,0.0,0.022917651,0.015
4.1027292836978,1.956196433002005,0.015,341.22075212264497,4.341624885283521,3.1200000000000006,0.022925898118943886,3.12,0.0,0.022917651,0.015
4.103619339850329,1.961426753055189,0.015,336.57521819311216,4.341333619307541,3.13,0.022925890163177278,3.13,0.0,0.022917651,0.015
4.10450813485319,1.9666576104651325,0.015,331.9313384517449,4.341036771093039,3.14,0.022925882207410684,3.14,0.0,0.022917651,0.015
4.105395622055255,1.9718890251091739,0.015,327.2891740885404,4.340734134147693,3.15,0.022925874251644086,3.15,0.0,0.022917651,0.015
4.106281752475777,1.9771210178572667,0.015,322.6487893491401,4.340425491667572,3.16,0.022925866295877485,3.16,0.0,0.022917651,0.015
4.107166474657135,1.9823536106347224,0.015,318.01025172798074,4.340110615885333,3.1699999999999995,0.022925858340110888,3.17,0.0,0.022917651,0.015
4.108052275240759,1.9875909190532612,0.015,313.37441894710076,4.339795338391089,3.1800000000000006,0.02292585038434429,3.18,0.0,0.022917651,0.015
4.108940075925482,1.9928343303703107,0.015,308.7418405480763,4.339481959237872,3.1900000000000004,0.02292584242857769,3.19,0.0,0.022917651,0.015
4.1098264932200665,1.9980784180480946,0.015,304.1116387519673,4.339162370260108,3.2000000000000006,0.02292583447281109,3.2,0.0,0.022917651,0.015
4.110688078005658,2.0031565303382877,0.015,303.15524606757157,4.33886699506051,3.2100000000000004,0.022925821810413218,3.21,0.0,0.022917651,0.015
4.1115487321771855,2.0082353328432747,0.015,302.2005614298866,4.338567206930346,3.2200000000000006,0.02292580914801534,3.22,0.0,0.022917651,0.015
4.112408423938892,2.0133148491452286,0.015,301.24764319676456,4.338262855095545,3.23,0.022925796485617468,3.23,0.0,0.022917651,0.015
4.113267120029871,2.01839510391299,0.015,300.29655241518924,4.3379537818343685,3.24,0.022925783823219595,3.24,0.0,0.022917651,0.015
4.11412478563869,2.0234761229653877,0.015,299.3473529779757,4.337639822072551,3.2500000000000004,0.02292577116082172,3.25,0.0,0.022917651,0.015
4.114981384311977,2.0285579333390413,0.015,298.4001117915553,4.337320802949809,3.2600000000000002,0.02292575849842385,3.2600000000000002,0.0,0.022917651,0.015
4.115836877856451,2.0336405633610157,0.015,297.45489895577475,4.336996543355314,3.27,0.02292574583602598,3.27,0.0,0.022917651,0.015
4.116691226233871,2.038724042726744,0.015,296.51178795672183,4.336666853429501,3.2800000000000002,0.0229257331736281,3.2800000000000002,0.0,0.022917651,0.015
4.117544387448268,2.043808402583659,0.015,295.57085587369477,4.3363315340293465,3.29,0.022925720511230232,3.29,0.0,0.022917651,0.015
4.118396317424803,2.0488936756210427,0.015,294.6321836015392,4.335990376153927,3.3000000000000007,0.022925707848832355,3.3000000000000003,0.0,0.022917651,0.015
4.119197761082963,2.0538018327586354,0.015,298.9769582925449,4.33558448979275,3.31,0.02292569133442401,3.31,0.0,0.022917651,0.015
4.11999787077571,2.058711362097364,0.015,303.32457482202153,4.335171895316668,3.32,0.022925674820015663,3.3200000000000003,0.0,0.022917651,0.015
4.120798937453545,2.063625379758898,0.015,307.67541741427874,4.334758640264321,3.33,0.02292565830560732,3.33,0.0,0.022917651,0.015
4.121603964669499,2.068547870556879,0.015,312.02996011363484,4.334352753898535,3.34,0.02292564179119897,3.34,0.0,0.022917651,0.015
4.1224077241306745,2.0734719823721157,0.015,316.38761334574343,4.333940175505109,3.3500000000000005,0.02292562527679063,3.35,0.0,0.022917651,0.015
4.12321017931698,2.078397761901101,0.015,320.7484667154323,4.333520712307428,3.36,0.022925608762382282,3.36,0.0,0.022917651,0.015
4.124011292292013,2.0833252576512944,0.015,325.11261330254877,4.333094164052685,3.3700000000000006,0.022925592247973935,3.37,0.0,0.022917651,0.015
4.1248110236337325,2.0882545200297673,0.015,329.48014983206605,4.332660322645919,3.3800000000000003,0.022925575733565594,3.38,0.0,0.022917651,0.015
4.125609332361017,2.093185601437116,0.015,333.8511768542837,4.332218971762325,3.39,0.02292555921915725,3.39,0.0,0.022917651,0.015
4.126406175855819,2.0981185563669955,0.015,338.22579893582173,4.331769886436356,3.4,0.022925542704748902,3.4,0.0,0.022917651,0.015
4.127195125073784,2.1028849689883398,0.015,338.3283994226445,4.331420368450285,3.41,0.022924949642248196,3.41,0.0,0.022917651,0.015
4.127983093946934,2.107652726009899,0.015,338.4335278354181,4.331065584868667,3.4200000000000004,0.022924356604029486,3.42,0.0,0.022917651,0.015
4.128770053012809,2.1124218678351494,0.015,338.5412601463062,4.33070537744371,3.4299999999999997,0.022923763590822505,3.43,0.0,0.022917651,0.015
4.129555971616418,2.117192436502953,0.015,338.6516754025497,4.330339581522337,3.44,0.02292317060338656,3.44,0.0,0.022917651,0.015
4.130343320586006,2.1219673887869157,0.015,338.7652247521476,4.329975124124269,3.4500000000000006,0.022922577648095292,3.45,0.0,0.022917651,0.015
4.131132709453169,2.1267472916434174,0.015,338.8820786730521,4.329613875936545,3.4600000000000004,0.022921984730710714,3.46,0.0,0.022917651,0.015
4.131921110462413,2.131528611927633,0.015,339.0018773675568,4.329247258269375,3.47,0.022921391846816443,3.47,0.0,0.022917651,0.015
4.132708493915169,2.1363113922525434,0.015,339.1247093661597,4.3288751096968765,3.4800000000000004,0.02292079899741932,3.48,0.0,0.022917651,0.015
4.133494828910361,2.1410956769565543,0.015,339.25066678400884,4.328497262256934,3.49,0.022920206183566952,3.49,0.0,0.022917651,0.015
4.134280083282913,2.145881512191715,0.015,339.3798455041879,4.32811354111701,3.5000000000000004,0.022919613406349796,3.5,0.0,0.022917651,0.015
4.135056437386277,2.1505169635669548,0.015,339.1731720268492,4.327806949381425,3.5100000000000002,0.022919540309682747,3.5100000000000002,0.0,0.022917651,0.015
4.1358324265194035,2.155153420152951,0.015,338.9676612872589,4.32749789272337,3.520000000000001,0.022919467214868528,3.52,0.0,0.022917651,0.015
4.1366080432517975,2.159790902414974,0.015,338.76333695780687,4.327186320959036,3.5300000000000002,0.02291939412194486,3.5300000000000002,0.0,0.022917651,0.015
4.137383279949883,2.1644294313776307,0.015,338.5602233578745,4.326872182533045,3.54,0.022919321030950505,3.54,0.0,0.022917651,0.015
4.13815812877001,2.1690690286441052,0.015,338.35834547609005,4.326555424471254,3.5500000000000007,0.022919247941925274,3.5500000000000003,0.0,0.022917651,0.015
4.1389325816511855,2.1737097164162,0.015,338.15772899351003,4.326235992331626,3.56,0.02291917485491009,3.56,0.0,0.022917651,0.015
4.13970663030749,2.178351517515216,0.015,337.95840030777,4.325913830153027,3.5700000000000007,0.02291910176994702,3.5700000000000003,0.0,0.022917651,0.015
4.140480266220179,2.182994455403709,0.015,337.7603865582532,4.325588880401865,3.58,0.022919028687079315,3.58,0.0,0.022917651,0.015
4.141253480629444,2.187638554208174,0.015,337.56371565232854,4.325261083916477,3.59,0.022918955606351436,3.59,0.0,0.022917651,0.015
4.142026264525827,2.1922838387427,0.015,337.36841629270907,4.324930379849124,3.6000000000000005,0.022918882527809128,3.6,0.0,0.022917651,0.015
4.1427478909945075,2.1967598721414507,0.015,337.36422822606187,4.324530775534267,3.6100000000000003,0.02291884292205725,3.61,0.0,0.022917651,0.015
4.14346889266401,2.201237941718778,0.015,337.36397942434917,4.324126635648484,3.6200000000000006,0.022918803313413397,3.62,0.0,0.022917651,0.015
4.144193734584774,2.2057231793046492,0.015,337.3686743578425,4.323730689114223,3.6300000000000003,0.02291876365931729,3.63,0.0,0.022917651,0.015
4.144917260290053,2.2102097869461588,0.015,337.37758270660487,4.323328107596305,3.6399999999999997,0.022918724007753223,3.64,0.0,0.022917651,0.015
4.145639421058112,2.214697815358019,0.015,337.3908604366689,4.3229186454906285,3.65,0.02291868435881491,3.65,0.0,0.022917651,0.015
4.146360165732491,2.219187317789257,0.015,337.4086713079983,4.322502044919766,3.66,0.02291864471260076,3.66,0.0,0.022917651,0.015
4.147079440568004,2.2236783501835213,0.015,337.4311873674944,4.322078034956619,3.6699999999999995,0.02291860506921417,3.67,0.0,0.022917651,0.015
4.147797189064884,2.228170971351718,0.015,337.4585894799048,4.321646330788378,3.68,0.022918565428763832,3.68,0.0,0.022917651,0.015
4.14851335179002,2.232665243158085,0.015,337.4910679000772,4.321206632815374,3.6900000000000004,0.02291852579136407,3.69,0.0,0.022917651,0.015
4.149227866184086,2.2371612307209534,0.015,337.5288228903652,4.320758625678845,3.7,0.022918486157135234,3.7,0.0,0.022917651,0.015
4.149960395330924,2.241550568406738,0.015,337.6017480800599,4.320457593087504,3.71,0.022918465550394434,3.71,0.0,0.022917651,0.015
4.150692600280757,2.2459412025654073,0.015,337.67563594613097,4.320153967476507,3.7200000000000006,0.02291844494961999,3.72,0.0,0.022917651,0.015
4.151424475104969,2.250333156905655,0.015,337.75050409310916,4.319847701427119,3.7300000000000004,0.02291842435492102,3.73,0.0,0.022917651,0.015
4.152156013729509,2.2547264557177993,0.015,337.82637055740497,4.31953874635732,3.74,0.02291840376640929,3.74,0.0,0.022917651,0.015
4.152887209930388,2.2591211238917355,0.015,337.903253820634,4.319227052485897,3.7499999999999996,0.02291838318419936,3.75,0.0,0.022917651,0.015
4.153618983710628,2.2635181511670486,0.015,337.98136357001823,4.318915309794221,3.7600000000000002,0.022918362613620305,3.7600000000000002,0.0,0.022917651,0.015
4.154353208690782,2.2679194996080048,0.015,338.0610876264541,4.318609049938653,3.77,0.022918342071202205,3.77,0.0,0.022917651,0.015
4.155087119941009,2.272322311730603,0.015,338.141866142571,4.318300071466509,3.7800000000000007,0.022918321545178547,3.7800000000000002,0.0,0.022917651,0.015
4.155820711567929,2.2767266150299093,0.015,338.223718926254,4.3179883233089384,3.7900000000000005,0.02291830103585731,3.79,0.0,0.022917651,0.015
4.156553977529634,2.2811324376939806,0.015,338.3066662846319,4.3176737531099345,3.8000000000000003,0.022918280543554208,3.8000000000000003,0.0,0.022917651,0.015
4.157239879513008,2.285387630360743,0.015,338.04225677101294,4.3172902680179766,3.8100000000000005,0.02291826967293784,3.81,0.0,0.022917651,0.015
4.157925497061518,2.289643898458045,0.015,337.7795668969586,4.316904569907319,3.8200000000000003,0.022918258805020353,3.8200000000000003,0.0,0.022917651,0.015
4.158610827487867,2.2939012521463904,0.015,337.51861290936216,4.316516637869697,3.8299999999999996,0.02291824793982724,3.83,0.0,0.022917651,0.015
4.159295868070799,2.2981597017146815,0.015,337.2594112604275,4.316126450732631,3.8400000000000003,0.022918237077384336,3.84,0.0,0.022917651,0.015
4.159980616054559,2.3024192575822515,0.015,337.00197861092283,4.31573398705524,3.85,0.02291822621771777,3.85,0.0,0.022917651,0.015
4.160665068648349,2.306679930300941,0.015,336.74633183349596,4.3153392251239655,3.86,0.022918215360854033,3.86,0.0,0.022917651,0.015
4.161349223025764,2.310941730557207,0.015,336.49248801605336,4.31494214294824,3.8700000000000006,0.022918204506819945,3.87,0.0,0.022917651,0.015
4.162033076324224,2.315204669174281,0.015,336.24046446520384,4.314542718256042,3.8800000000000003,0.02291819365564267,3.88,0.0,0.022917651,0.015
4.162716625644398,2.31946875711436,0.015,335.9902787097686,4.314140928489381,3.8900000000000006,0.022918182807349707,3.89,0.0,0.022917651,0.015
4.163399868049606,2.32373400548085,0.015,335.7419485043594,4.313736750799698,3.9000000000000004,0.022918171961968926,3.9,0.0,0.022917651,0.015
4.1640751092439965,2.327880091556365,0.015,334.84874181566204,4.313391168114597,3.910000000000001,0.022918130127832566,3.91,0.0,0.022917651,0.015
4.164749949903007,2.3320271821068634,0.015,333.9576146617453,4.313042978775563,3.920000000000001,0.022918088285059146,3.92,0.0,0.022917651,0.015
4.165424383188117,2.336175294282201,0.015,333.0686025474504,4.312692138278012,3.9299999999999993,0.022918046433501187,3.93,0.0,0.022917651,0.015
4.166098402104236,2.3403244456248817,0.015,332.1817417904988,4.312338601098432,3.94,0.022918004573007873,3.94,0.0,0.022917651,0.015
4.1667719994952,2.3444746540813513,0.015,331.29706954488853,4.31198232066505,3.9500000000000006,0.022917962703424874,3.95,0.0,0.022917651,0.015
4.1674451680391105,2.348625938013698,0.015,330.414623825106,4.311623249327493,3.9600000000000004,0.022917920824594307,3.96,0.0,0.022917651,0.015
4.168120011348115,2.3527817849380788,0.015,329.53505000691763,4.3112663128470645,3.9700000000000006,0.02291787893692197,3.97,0.0,0.022917651,0.015
4.168795223921972,2.356940624097802,0.015,328.658095478447,4.310907860661584,3.9800000000000004,0.022917837062873755,3.98,0.0,0.022917651,0.015
4.169469771583196,2.3611009179601674,0.015,327.7835393816618,4.310545294152279,3.99,0.02291779520690366,3.99,0.0,0.022917651,0.015
4.1701436375938,2.3652627031447113,0.015,326.9114420927867,4.31017850974841,4.0,0.02291775336946678,4.0,0.0,0.022917651,0.015
4.170786188923309,2.369297080708669,0.015,326.8945843981824,4.309786723604964,4.01,0.022917749169290517,4.01,0.0,0.022917651,0.015
4.171427228236878,2.373333101577931,0.015,326.88058510315665,4.309387246452566,4.0200000000000005,0.02291774495763419,4.0200000000000005,0.0,0.022917651,0.015
4.1720667019800715,2.3773708239571,0.015,326.869545450013,4.308979805881622,4.03,0.0229177407340912,4.03,0.0,0.022917651,0.015
4.172704554039097,2.3814103088323715,0.015,326.8615715194112,4.308564116464125,4.04,0.022917736498235492,4.04,0.0,0.022917651,0.015
4.173340725586059,2.3854516201397016,0.015,326.8567745228919,4.308139878966557,4.05,0.02291773224962041,4.05,0.0,0.022917651,0.015
4.17397515491287,2.389494824945338,0.015,326.8552711168855,4.307706779505003,4.0600000000000005,0.02291772798777744,4.0600000000000005,0.0,0.022917651,0.015
4.174607777252783,2.3935399936397617,0.015,326.8571837400666,4.307264488637442,4.07,0.022917723712214826,4.07,0.0,0.022917651,0.015
4.175238524588525,2.397587200146237,0.015,326.86264097610564,4.306812660387693,4.08,0.022917719422416147,4.08,0.0,0.022917651,0.015
4.1758726343845325,2.4016424442689064,0.015,326.87310827925086,4.306366242980592,4.09,0.022917715063693275,4.09,0.0,0.022917651,0.015
4.176505916487336,2.4057009739632704,0.015,326.88765292931276,4.3059132283266095,4.1,0.022917710690614806,4.1,0.0,0.022917651,0.015
4.1771417163540185,2.409648735281191,0.015,327.0915452286687,4.305555208538916,4.110000000000001,0.02291770857609335,4.11,0.0,0.022917651,0.015
4.1777773783355245,2.4135979134311127,0.015,327.29774517961357,4.305195220609217,4.120000000000001,0.02291770647112516,4.12,0.0,0.022917651,0.015
4.178412900550321,2.417548527746627,0.015,327.5062842715473,4.30483323768094,4.13,0.022917704375840606,4.13,0.0,0.022917651,0.015
4.179048281082489,2.4215005979146893,0.015,327.717194569412,4.304469232406648,4.14,0.022917702290372433,4.14,0.0,0.022917651,0.015
4.1796835179809255,2.4254541439837345,0.015,327.93050872690134,4.304103176936769,4.15,0.02291770021485582,4.15,0.0,0.022917651,0.015
4.180318609258539,2.4294091863720046,0.015,328.14626000003597,4.303735042908021,4.16,0.02291769814942844,4.16,0.0,0.022917651,0.015
4.18095355289142,2.433365745876124,0.015,328.3644822611159,4.303364801431515,4.17,0.022917696094230517,4.17,0.0,0.022917651,0.015
4.18158834681797,2.4373238436798976,0.015,328.5852100130623,4.302992423080514,4.18,0.022917694049404885,4.18,0.0,0.022917651,0.015
4.182222988938036,2.4412835013633676,0.015,328.80847840416243,4.302617877877871,4.19,0.02291769201509706,4.19,0.0,0.022917651,0.015
4.182857477111993,2.4452447409121194,0.015,329.0343232432291,4.302241135283085,4.2,0.02291768999145528,4.2,0.0,0.022917651,0.015
4.183457467603291,2.4490871912644487,0.015,329.19501313011085,4.30182056341128,4.21,0.02291768893948878,4.21,0.0,0.022917651,0.015
4.184056195980392,2.452931212915218,0.015,329.3585364890581,4.3013933720300415,4.22,0.022917687888162896,4.22,0.0,0.022917651,0.015
4.184653620640833,2.4567768576583804,0.015,329.5249867184423,4.300959342943677,4.2299999999999995,0.02291768683749875,4.23,0.0,0.022917651,0.015
4.185250547668319,2.46062551096415,0.015,329.6949389866746,4.3005203147121,4.24,0.02291768576827327,4.24,0.0,0.022917651,0.015
4.185848594198825,2.464479338494209,0.015,329.86922994343314,4.300080589301343,4.250000000000001,0.02291768465946237,4.25,0.0,0.022917651,0.015
4.1864458772410345,2.468335202511489,0.015,330.0467856812688,4.299635772990228,4.26,0.02291768356255306,4.26,0.0,0.022917651,0.015
4.187042378934481,2.4721931506560355,0.015,330.2276825740027,4.299185746686077,4.2700000000000005,0.02291768247782375,4.2700000000000005,0.0,0.022917651,0.015
4.18763808085723,2.4760532320655075,0.015,330.41199939635305,4.2987303875524026,4.28,0.02291768140556161,4.28,0.0,0.022917651,0.015
4.18823296400365,2.479915497434501,0.015,330.59981741902584,4.298269568860626,4.29,0.022917680346062914,4.29,0.0,0.022917651,0.015
4.188827008761102,2.483779999076701,0.015,330.79122050836133,4.297803159834694,4.3,0.022917679299633377,4.3,0.0,0.022917651,0.015
4.189417778184589,2.4875325637220302,0.015,330.33179185460796,4.297412093445342,4.310000000000001,0.022917678774818578,4.3100000000000005,0.0,0.022917651,0.015
4.190007722724471,2.4912870550688044,0.015,329.87522198559225,4.2970158010213675,4.32,0.022917678262697593,4.32,0.0,0.022917651,0.015
4.190596823799726,2.495043516517178,0.015,329.4215752972285,4.2966141648430725,4.33,0.022917677763556358,4.33,0.0,0.022917651,0.015
4.191185062267049,2.4988019927806553,0.015,328.97091813414085,4.296207063628398,4.34,0.022917677277689466,4.34,0.0,0.022917651,0.015
4.191775971001355,2.5025664825838914,0.015,328.5245767127582,4.295804630992474,4.3500000000000005,0.022917676769354457,4.3500000000000005,0.0,0.022917651,0.015
4.192367189060597,2.5063344795025007,0.015,328.0817852013893,4.295399929074904,4.36,0.022917676242883996,4.36,0.0,0.022917651,0.015
4.192957533542968,2.5101047485967958,0.015,327.6422041977538,4.294989460944884,4.37,0.022917675707120104,4.37,0.0,0.022917651,0.015
4.193546983833889,2.513877343485334,0.015,327.20590946306964,4.294573090531949,4.380000000000001,0.02291767516184347,4.38,0.0,0.022917651,0.015
4.194135518665033,2.5176523194870963,0.015,326.77297916119363,4.29415067745039,4.39,0.022917674606827844,4.39,0.0,0.022917651,0.015
4.1947231160881895,2.521429733689433,0.015,326.34349395462783,4.293722076826821,4.400000000000001,0.02291767404183973,4.4,0.0,0.022917651,0.015
4.195318590347925,2.5251179710673735,0.015,328.53867262180927,4.293391719589903,4.41,0.02291767366393258,4.41,0.0,0.022917651,0.015
4.195914001123702,2.5288071910800234,0.015,330.7346970415476,4.293060125687822,4.42,0.022917673290391172,4.42,0.0,0.022917651,0.015
4.196509347761567,2.5324974038495656,0.015,332.93157592599437,4.292727282381609,4.430000000000001,0.02291767292126049,4.43,0.0,0.022917651,0.015
4.197104629598556,2.5361886196376884,0.015,335.12931810737297,4.29239317675673,4.44,0.022917672556586124,4.44,0.0,0.022917651,0.015
4.197699845962535,2.539880848847997,0.015,337.3279325400529,4.292057795720042,4.45,0.02291767219641429,4.45,0.0,0.022917651,0.015
4.198294996172042,2.5435741020284723,0.015,339.5274283026711,4.291721125996702,4.46,0.022917671840791857,4.46,0.0,0.022917651,0.015
4.198890079536126,2.5472683898739894,0.015,341.727814600293,4.291383154126999,4.47,0.022917671489766336,4.47,0.0,0.022917651,0.015
4.19948509535418,2.55096372322888,0.015,343.9291007666223,4.291043866463128,4.48,0.022917671143385915,4.48,0.0,0.022917651,0.015
4.200080042915769,2.554660113089552,0.015,346.131296266255,4.290703249165893,4.49,0.022917670801699444,4.49,0.0,0.022917651,0.015
4.200674921500466,2.5583575706071664,0.015,348.3344106969827,4.290361288201338,4.5,0.022917670464756467,4.5,0.0,0.022917651,0.015
4.201255790364205,2.561974738009971,0.015,348.18794272393967,4.29002212901807,4.51,0.022917670442330493,4.51,0.0,0.022917651,0.015
4.201836763471146,2.5655924738404803,0.015,348.0420488294431,4.289682818349117,4.520000000000001,0.022917670421385036,4.5200000000000005,0.0,0.022917651,0.015
4.20241784023784,2.5692107749172117,0.015,347.8967258003827,4.289343357042348,4.53,0.02291767040191181,4.53,0.0,0.022917651,0.015
4.202999020085187,2.5728296380823807,0.015,347.7519704475813,4.289003745939307,4.54,0.022917670383902602,4.54,0.0,0.022917651,0.015
4.203580302438387,2.57644906020168,0.015,347.6077796055733,4.288663985875286,4.55,0.02291767036734923,4.55,0.0,0.022917651,0.015
4.204161938257867,2.5800697054377695,0.015,347.4647532329079,4.288324416763062,4.56,0.022917670342197067,4.5600000000000005,0.0,0.022917651,0.015
4.204743725962914,2.58369134554772,0.015,347.32280803458025,4.287984460420514,4.57,0.022917670311708188,4.57,0.0,0.022917651,0.015
4.205325500885819,2.5873136148694558,0.015,347.18164180286703,4.287643823704684,4.58,0.022917670281396612,4.58,0.0,0.022917651,0.015
4.205907262963175,2.5909365165242026,0.015,347.04125840185606,4.28730250324056,4.59,0.02291767025126323,4.59,0.0,0.022917651,0.015
4.206489012131156,2.594560053653861,0.015,346.90166172123423,4.28696049563077,4.6000000000000005,0.022917670221308917,4.6000000000000005,0.0,0.022917651,0.015
4.2070276348069,2.59806939723542,0.015,347.24814839738696,4.286539646535996,4.61,0.022917670171294174,4.61,0.0,0.022917651,0.015
4.207565430136103,2.6015805938557715,0.015,347.5974045315803,4.286113634437623,4.62,0.02291767012326936,4.62,0.0,0.022917651,0.015
4.208102379747247,2.60509368466229,0.015,347.94949162060124,4.285682344689345,4.63,0.022917670077278678,4.63,0.0,0.022917651,0.015
4.208638464720825,2.608608712029694,0.015,348.3044729955577,4.285245659225197,4.639999999999999,0.022917670033367633,4.64,0.0,0.022917651,0.015
4.209173665568768,2.6121257196061456,0.015,348.6624138907847,4.284803456431095,4.65,0.02291766999158308,4.65,0.0,0.022917651,0.015
4.209707962212908,2.6156447523614497,0.015,349.0233815158801,4.284355611010538,4.66,0.022917669951973328,4.66,0.0,0.022917651,0.015
4.210241333962494,2.6191658566374643,0.015,349.387445131038,4.283901993844174,4.67,0.022917669914588136,4.67,0.0,0.022917651,0.015
4.210773759490629,2.622689080200823,0.015,349.754676125855,4.283442471842878,4.68,0.0229176698794788,4.68,0.0,0.022917651,0.015
4.211305216809648,2.6262144722981215,0.015,350.12514810180016,4.282976907794011,4.690000000000001,0.022917669846698203,4.69,0.0,0.022917651,0.015
4.211836479034185,2.629743033265838,0.015,350.4995627542241,4.282507395034962,4.700000000000001,0.022917669815082344,4.7,0.0,0.022917651,0.015
4.212400605884123,2.6332087547651577,0.015,350.36135731005675,4.282212521794299,4.71,0.02291766988221785,4.71,0.0,0.022917651,0.015
4.212964356081095,2.6366756814043875,0.015,350.22445280360074,4.281914936543112,4.720000000000001,0.02291766995800188,4.72,0.0,0.022917651,0.015
4.213527721507405,2.6401438391569196,0.015,350.0888772728993,4.281614580831662,4.73,0.02291767004262083,4.73,0.0,0.022917651,0.015
4.2140906938104035,2.643613254747924,0.015,349.9546595675339,4.281311394518434,4.74,0.022917670136266496,4.74,0.0,0.022917651,0.015
4.214653264393915,2.6470839556817465,0.015,349.82182937819954,4.281005315708473,4.75,0.022917670239136254,4.75,0.0,0.022917651,0.015
4.215215424409301,2.6505559702705157,0.015,349.69041726758365,4.280696280689024,4.76,0.022917670351433283,4.76,0.0,0.022917651,0.015
4.215777164746124,2.654029327664014,0.015,349.5604547026147,4.28038422386229,4.7700000000000005,0.02291767047336677,4.7700000000000005,0.0,0.022917651,0.015
4.216338476022391,2.6575040578808884,0.015,349.4319740881533,4.280069077675217,4.78,0.02291767060515214,4.78,0.0,0.022917651,0.015
4.216899348574364,2.6609801918412677,0.015,349.3050088022005,4.279750772546076,4.790000000000001,0.022917670747011298,4.79,0.0,0.022917651,0.015
4.217459772445898,2.664457761400857,0.015,349.179593232704,4.27942923678775,4.8,0.022917670899172835,4.8,0.0,0.022917651,0.015
4.217955872794387,2.667812003869309,0.015,349.2189183277572,4.278954879499901,4.8100000000000005,0.022917671081501705,4.8100000000000005,0.0,0.022917651,0.015
4.21845164701775,2.671168693881055,0.015,349.26233743499506,4.278476770366042,4.82,0.02291767126006728,4.82,0.0,0.022917651,0.015
4.218947090064853,2.6745278693444714,0.015,349.3099139638579,4.277994851276316,4.829999999999999,0.022917671434811267,4.83,0.0,0.022917651,0.015
4.219442196779707,2.677889568954846,0.015,349.36171264005765,4.277509062914608,4.84,0.022917671605674185,4.84,0.0,0.022917651,0.015
4.219936961898735,2.6812538322149058,0.015,349.4177995399099,4.277019344727077,4.8500000000000005,0.02291767177259529,4.8500000000000005,0.0,0.022917651,0.015
4.220434767260868,2.684624947120305,0.015,349.4824312536569,4.27653493600127,4.86,0.022917671848083816,4.86,0.0,0.022917651,0.015
4.220932195865125,2.687998938444661,0.015,349.5506109520967,4.276046144504079,4.87,0.022917671933494182,4.87,0.0,0.022917651,0.015
4.221429202483798,2.691375810132436,0.015,349.6223489656591,4.27555278539566,4.88,0.022917672030071466,4.88,0.0,0.022917651,0.015
4.221925779609237,2.6947556134289004,0.015,349.6977086012241,4.275054777412491,4.89,0.022917672138014333,4.89,0.0,0.022917651,0.015
4.222421919554633,2.698138400802201,0.015,349.7767546763759,4.274552037351844,4.9,0.022917672257526205,4.9,0.0,0.022917651,0.015
4.222935231118922,2.701449239257435,0.015,349.1913732561443,4.27417183758469,4.91,0.022917672301728066,4.91,0.0,0.022917651,0.015
4.22344836454309,2.704761497890106,0.015,348.60780640286265,4.273789504862193,4.920000000000001,0.022917672354753105,4.92,0.0,0.022917651,0.015
4.223961317663509,2.7080751939491834,0.015,348.02607615561556,4.273405013278233,4.93,0.022917672416708477,4.93,0.0,0.022917651,0.015
4.224474088281372,2.7113903449641072,0.015,347.4462049118439,4.273018336505462,4.940000000000001,0.02291767248770309,4.94,0.0,0.022917651,0.015
4.224986674161974,2.714706968750507,0.015,346.8682154346575,4.272629447786697,4.95,0.02291767256784763,4.95,0.0,0.022917651,0.015
4.225499073033974,2.7180250834160717,0.015,346.29213086032894,4.272238319926118,4.96,0.02291767265725459,4.96,0.0,0.022917651,0.015
4.226011282588644,2.7213447073665553,0.015,345.7179747059713,4.271844925280242,4.97,0.022917672756038326,4.97,0.0,0.022917651,0.015
4.226523300479098,2.7246658593119366,0.015,345.14577087740685,4.271449235748672,4.98,0.022917672864315074,4.98,0.0,0.022917651,0.015
4.227035124319492,2.727988558272732,0.015,344.57554367723174,4.271051222764617,4.99,0.022917672982203006,4.99,0.0,0.022917651,0.015
4.227548038894465,2.731314778899303,0.015,344.00841531076435,4.270654051170509,5.0,0.02291767307120821,5.0,0.0,0.022917651,0.015
4.228054722809693,2.7345619486328285,0.015,341.704159040619,4.270293634264216,5.01,0.022917673232326997,5.01,0.0,0.022917651,0.015
4.228561266647372,2.737810247078483,0.015,339.3763815899446,4.269931528269645,5.020000000000001,0.022917673392046607,5.0200000000000005,0.0,0.022917651,0.015
4.229067669142063,2.7410596844328463,0.015,337.0248704727207,4.269567717927879,5.03,0.0229176735503544,5.03,0.0,0.022917651,0.015
4.229573929013048,2.744310271015684,0.015,334.6494106357836,4.26920218779566,5.040000000000001,0.022917673707237594,5.04,0.0,0.022917651,0.015
4.230080044964081,2.747562017271821,0.015,332.24978441994006,4.26883492224258,5.05,0.02291767386268323,5.05,0.0,0.022917651,0.015
4.230586015683165,2.750814933773036,0.015,329.8257715203726,4.268465905448248,5.0600000000000005,0.022917674016678206,5.0600000000000005,0.0,0.022917651,0.015
4.231091839842303,2.754069031219997,0.015,327.377148946321,4.268095121399392,5.07,0.022917674169209257,5.07,0.0,0.022917651,0.015
4.2315975160972625,2.757324320444236,0.015,324.90369098002225,4.267722553886907,5.08,0.022917674320262954,5.08,0.0,0.022917651,0.015
4.232103043087318,2.7605808124101494,0.015,322.4051691348972,4.267348186502861,5.090000000000001,0.022917674469825712,5.09,0.0,0.022917651,0.015
4.232608419435001,2.763838518217046,0.015,319.8813521129645,4.266972002637426,5.100000000000001,0.022917674617883764,5.1000000000000005,0.0,0.022917651,0.015
4.23311151160996,2.7670350107034576,0.015,319.8877619576612,4.266631195396866,5.110000000000001,0.022917674735638605,5.11,0.0,0.022917651,0.015
4.233614332274147,2.770232696428855,0.015,319.89463608912445,4.26628810890936,5.120000000000001,0.02291767486792412,5.12,0.0,0.022917651,0.015
4.234116876144263,2.7734315986123383,0.015,319.9019835418579,4.265942698823299,5.13,0.022917675015023044,5.13,0.0,0.022917651,0.015
4.234619137799043,2.7766317410793677,0.015,319.9098135862971,4.265594919628853,5.14,0.022917675177225535,5.14,0.0,0.022917651,0.015
4.235121111674712,2.7798331482816825,0.015,319.91813573656225,4.2652447246199126,5.15,0.022917675354829328,5.15,0.0,0.022917651,0.015
4.235622792060279,2.7830358453180155,0.015,319.9269597585177,4.264892065854518,5.16,0.02291767554814008,5.16,0.0,0.022917651,0.015
4.236124173092635,2.786239857955638,0.015,319.93629567815367,4.264536894113718,5.170000000000001,0.02291767575747157,5.17,0.0,0.022917651,0.015
4.236625248751451,2.7894452126527645,0.015,319.946153790306,4.264179158858763,5.180000000000001,0.022917675983145987,5.18,0.0,0.022917651,0.015
4.237126012853876,2.7926519365818723,0.015,319.95654466772766,4.26381880818657,5.19,0.022917676225494225,5.19,0.0,0.022917651,0.015
4.237626459049013,2.795860057653963,0.015,319.96747917053085,4.263455788783366,5.2,0.022917676484856174,5.2,0.0,0.022917651,0.015
4.238099387943894,2.7989784621227565,0.015,319.49173157357274,4.263056351910971,5.21,0.02291767658926863,5.21,0.0,0.022917651,0.015
4.238573952046485,2.802101587385028,0.015,319.0170063677284,4.262658735512443,5.22,0.02291767659585152,5.22,0.0,0.022917651,0.015
4.23904849121337,2.8052265482855905,0.015,318.5424612436318,4.262259183628007,5.23,0.022917676602855486,5.23,0.0,0.022917651,0.015
4.2395230051564665,2.8083533660316764,0.015,318.06809828177774,4.261857673896888,5.24,0.0229176766102854,5.24,0.0,0.022917651,0.015
4.2399974935832345,2.811482062158461,0.015,317.59391959483287,4.261454183612525,5.25,0.02291767661814619,5.25,0.0,0.022917651,0.015
4.240471956196594,2.814612658535423,0.015,317.1199273282602,4.261048689715871,5.260000000000001,0.022917676626442885,5.26,0.0,0.022917651,0.015
4.240946392694836,2.817745177372859,0.015,316.64612366095776,4.260641168788527,5.270000000000001,0.022917676635180573,5.2700000000000005,0.0,0.022917651,0.015
4.241420802771532,2.820879641228545,0.015,316.1725108059128,4.260231597045708,5.28,0.022917676644364424,5.28,0.0,0.022917651,0.015
4.241895186115437,2.824016073014563,0.015,315.69909101087075,4.259819950329053,5.29,0.022917676653999706,5.29,0.0,0.022917651,0.015
4.242369542410403,2.827154496004281,0.015,315.2258665590204,4.259406204099267,5.3,0.022917676664091745,5.3,0.0,0.022917651,0.015
4.242839400405995,2.8302262433746757,0.015,315.0949570877413,4.259025678829122,5.3100000000000005,0.02291767677505027,5.3100000000000005,0.0,0.022917651,0.015
4.243308906059435,2.8332994251015884,0.015,314.96467889392557,4.25864230977969,5.320000000000001,0.022917676887010678,5.32,0.0,0.022917651,0.015
4.243778053652473,2.8363740644635618,0.015,314.83504222273814,4.258256050798539,5.33,0.022917676999989253,5.33,0.0,0.022917651,0.015
4.2442468373424465,2.8394501852456036,0.015,314.70605754224533,4.257866854729115,5.339999999999999,0.022917677114002593,5.34,0.0,0.022917651,0.015
4.244715251158878,2.8425278117530346,0.015,314.5777355495095,4.2574746733832844,5.3500000000000005,0.02291767722906768,5.3500000000000005,0.0,0.022917651,0.015
4.24518328899997,2.845606968825794,0.015,314.45008717688546,4.257079457512963,5.36,0.022917677345201868,5.36,0.0,0.022917651,0.015
4.245651252706917,2.848688460198674,0.015,314.3234390784997,4.256681610857771,5.37,0.022917677463002026,5.37,0.0,0.022917651,0.015
4.246119544666727,2.851773133453394,0.015,314.1980429084554,4.256281895553752,5.379999999999999,0.022917677582919467,5.38,0.0,0.022917651,0.015
4.246587566012723,2.8548594026235175,0.015,314.0732079976378,4.255879501899392,5.390000000000001,0.022917677703679647,5.39,0.0,0.022917651,0.015
4.2470553129032345,2.8579472903648697,0.015,313.9489423137562,4.25547439187248,5.4,0.022917677825294514,5.4,0.0,0.022917651,0.015
4.247508746159577,2.8609528689161707,0.015,314.988926402367,4.2550794389598785,5.41,0.02291767787446372,5.41,0.0,0.022917651,0.015
4.247962151218332,2.8639602759530574,0.015,316.029180857757,4.254682544845296,5.420000000000001,0.022917677924345736,5.42,0.0,0.022917651,0.015
4.24841552789289,2.8669695235764823,0.015,317.0697074692189,4.254283696681817,5.43,0.022917677974945296,5.43,0.0,0.022917651,0.015
4.2488688759949875,2.8699806239944166,0.015,318.1105080418692,4.253882881508921,5.44,0.022917678026267155,5.44,0.0,0.022917651,0.015
4.2493221953346945,2.872993589523027,0.015,319.15158439682295,4.2534800862512085,5.45,0.022917678078316104,5.45,0.0,0.022917651,0.015
4.249775485720391,2.8760084325878865,0.015,320.1929383713723,4.25307529771714,5.46,0.022917678131097005,5.46,0.0,0.022917651,0.015
4.250228746958754,2.8790251657251864,0.015,321.2345718191656,4.252668502597732,5.470000000000001,0.022917678184614734,5.47,0.0,0.022917651,0.015
4.250681978854734,2.8820438015829724,0.015,322.27648661039075,4.252259687465257,5.48,0.022917678238874223,5.48,0.0,0.022917651,0.015
4.251135181211538,2.885064352922392,0.015,323.3186846319591,4.2518488387719096,5.49,0.02291767829388045,5.49,0.0,0.022917651,0.015
4.251588353830609,2.888086832618964,0.015,324.36116778769366,4.251435942848463,5.5,0.02291767834963843,5.5,0.0,0.022917651,0.015
4.252042958000385,2.8910593635735613,0.015,324.51332121331797,4.251064362006842,5.51,0.0229176784631921,5.51,0.0,0.022917651,0.015
4.252497436368289,2.8940334442407716,0.015,324.6661780124063,4.250690728073454,5.520000000000001,0.02291767857785238,5.5200000000000005,0.0,0.022917651,0.015
4.25295224010351,2.8970101701793354,0.015,324.8201626480507,4.250315750337251,5.53,0.02291767869466305,5.53,0.0,0.022917651,0.015
4.253406725648339,2.8999877516670214,0.015,324.9747028113919,4.249938644227445,5.539999999999999,0.022917678812509595,5.54,0.0,0.022917651,0.015
4.253860887703966,2.9029662029512346,0.015,325.1298077535971,4.249559374300368,5.55,0.022917678931409263,5.55,0.0,0.022917651,0.015
4.254314720853279,2.9059455385974933,0.015,325.285486932392,4.2491779043209705,5.5600000000000005,0.022917679051379692,5.5600000000000005,0.0,0.022917651,0.015
4.2547682195575325,2.9089257734983587,0.015,325.4417500178588,4.248794197240607,5.569999999999999,0.022917679172438903,5.57,0.0,0.022917651,0.015
4.255221378152912,2.911906922882664,0.015,325.5986068984291,4.248408215174081,5.58,0.022917679294605343,5.58,0.0,0.022917651,0.015
4.255674190846995,2.914889002325063,0.015,325.7560676870827,4.24801991937589,5.59,0.022917679417897876,5.59,0.0,0.022917651,0.015
4.2561266517150695,2.917872027755898,0.015,325.91414272775694,4.247629270215675,5.6000000000000005,0.022917679542335773,5.6000000000000005,0.0,0.022917651,0.015
4.2565475956363565,2.9207642506025886,0.015,325.8179585596425,4.247189508098538,5.61,0.022917679734260253,5.61,0.0,0.022917651,0.015
4.256968386300111,2.9236595633121074,0.015,325.7222081657528,4.24674604284513,5.62,0.022917679926910912,5.62,0.0,0.022917651,0.015
4.2573890216374055,2.9265580075965354,0.015,325.62689740189035,4.246298824464388,5.629999999999999,0.022917680120297542,5.63,0.0,0.022917651,0.015
4.257809499541911,2.929459625922149,0.015,325.53203222973565,4.245847802061366,5.640000000000001,0.022917680314430144,5.64,0.0,0.022917651,0.015
4.2582298178690365,2.932364461526539,0.015,325.4376187192516,4.245392923816713,5.65,0.02291768050931886,5.65,0.0,0.022917651,0.015
4.258650661102481,2.935276224270122,0.015,325.34419157516965,4.244933217896457,5.66,0.022917680698297044,5.66,0.0,0.022917651,0.015
4.259072328520338,2.938195484714192,0.015,325.2521250046291,4.244469310806774,5.670000000000001,0.0229176808719996,5.67,0.0,0.022917651,0.015
4.259493576494204,2.941115135389994,0.015,325.1605306738113,4.244003335289495,5.68,0.02291768103950061,5.68,0.0,0.022917651,0.015
4.259914401691418,2.9440351793980852,0.015,325.06941233486094,4.243535274910089,5.690000000000001,0.022917681200750797,5.69,0.0,0.022917651,0.015
4.26033480074392,2.9469556198719555,0.015,324.97877377977755,4.243065113059454,5.7,0.022917681355700378,5.7,0.0,0.022917651,0.015
4.260771485260977,2.9498251417535517,0.015,324.6535415423853,4.242697642116385,5.710000000000001,0.022917681445129682,5.71,0.0,0.022917651,0.015
4.2612080137536275,2.9526963870974265,0.015,324.32877028008687,4.242327823665592,5.72,0.022917681535240764,5.72,0.0,0.022917651,0.015
4.2616443843448515,2.955569376637343,0.015,324.0044655385498,4.24195562946586,5.7299999999999995,0.02291768162604181,5.73,0.0,0.022917651,0.015
4.262080595127399,2.9584441314409826,0.015,323.68063295275454,4.241581030821149,5.740000000000001,0.022917681717541185,5.74,0.0,0.022917651,0.015
4.262516644163181,2.9613206729166914,0.015,323.3572782487995,4.241203998571401,5.75,0.02291768180974733,5.75,0.0,0.022917651,0.015
4.26295252948264,2.9641990228203974,0.015,323.0344072457506,4.240824503083122,5.76,0.022917681902668866,5.76,0.0,0.022917651,0.015
4.263388249084116,2.96707920326269,0.015,322.7120258575352,4.240442514239739,5.770000000000001,0.022917681996314533,5.7700000000000005,0.0,0.022917651,0.015
4.263823774682973,2.9699613037584838,0.015,322.39024334851615,4.240057829424858,5.78,0.022917682088221262,5.78,0.0,0.022917651,0.015
4.26425816842868,2.972847255168555,0.015,322.0722655792888,4.239664767325994,5.79,0.02291768210787067,5.79,0.0,0.022917651,0.015
4.264692020818174,2.975735110209404,0.015,321.7553048838741,4.239267636060501,5.800000000000001,0.022917682128051,5.8,0.0,0.022917651,0.015
4.26511112925196,2.978555972800139,0.015,321.8863334695109,4.238865610194686,5.810000000000001,0.02291768216389241,5.8100000000000005,0.0,0.022917651,0.015
4.2655301094239695,2.981378523144589,0.015,322.017798262389,4.238461383302773,5.82,0.02291768222045633,5.82,0.0,0.022917651,0.015
4.2659489598712845,2.9842027804928226,0.015,322.1497042377727,4.238054930280436,5.830000000000001,0.02291768229797911,5.83,0.0,0.022917651,0.015
4.266367679108653,2.9870287643887794,0.015,322.28205644687705,4.237646225640126,5.84,0.022917682396700726,5.84,0.0,0.022917651,0.015
4.2667862656280615,2.98985649467589,0.015,322.4148600183227,4.23723524350371,5.8500000000000005,0.022917682516864813,5.8500000000000005,0.0,0.022917651,0.015
4.2672047178982995,2.9926859915028396,0.015,322.5481201596244,4.236821957594972,5.86,0.02291768265871876,5.86,0.0,0.022917651,0.015
4.267623034364511,2.995517275329459,0.015,322.6818421587139,4.236406341231926,5.87,0.02291768282251377,5.87,0.0,0.022917651,0.015
4.268041213447736,2.9983503669327556,0.015,322.8160313854982,4.23598836731895,5.880000000000001,0.022917683008504955,5.88,0.0,0.022917651,0.015
4.2684592535444414,3.00118528741308,0.015,322.9506932934545,4.235568008338747,5.89,0.022917683216951385,5.89,0.0,0.022917651,0.015
4.268877153026042,3.004022058200445,0.015,323.08583342126195,4.2351452363441,5.9,0.022917683448116177,5.9,0.0,0.022917651,0.015
4.269280929651985,3.0067906758310174,0.015,323.02997352367987,4.234721648092744,5.910000000000001,0.022917683553845814,5.91,0.0,0.022917651,0.015
4.269684533762576,3.00956092026774,0.015,322.9745866392745,4.234295742811885,5.920000000000001,0.022917683660269434,5.92,0.0,0.022917651,0.015
4.270088258247821,3.012335215225295,0.015,322.9208294789687,4.233866268648827,5.930000000000001,0.022917683676000555,5.93,0.0,0.022917651,0.015
4.27049182338183,3.0151115602006238,0.015,322.8677742925411,4.23343410713561,5.94,0.022917683680962857,5.94,0.0,0.022917651,0.015
4.2708951842520175,3.0178896454875046,0.015,322.8152716199074,4.232999388299094,5.95,0.022917683687946076,5.95,0.0,0.022917651,0.015
4.271298338367095,3.0206694923115194,0.015,322.76332819976136,4.232562080949074,5.96,0.02291768369697486,5.96,0.0,0.022917651,0.015
4.271701283195096,3.0234511222448273,0.015,322.71195088082817,4.23212215338606,5.970000000000001,0.022917683708074264,5.97,0.0,0.022917651,0.015
4.27210401616254,3.0262345572132685,0.015,322.6611466241194,4.231679573390845,5.98,0.02291768372126975,5.98,0.0,0.022917651,0.015
4.272506534653584,3.02901981950364,0.015,322.61092250524337,4.231234308213807,5.99,0.0229176837365872,5.99,0.0,0.022917651,0.015
4.272908836009138,3.031806931771156,0.015,322.5612857167735,4.230786324563948,6.0,0.02291768375405291,6.0,0.0,0.022917651,0.015
4.273318472150955,3.0345553199087774,0.015,322.7532627629934,4.23039434092771,6.010000000000001,0.022917683803727745,6.01,0.0,0.022917651,0.015
4.273728178002351,3.0373052632584194,0.015,322.9453380410363,4.230001080727566,6.0200000000000005,0.022917683850923267,6.0200000000000005,0.0,0.022917651,0.015
4.274137954151503,3.0400567749423306,0.015,323.1375123797424,4.229606533192387,6.03,0.022917683895618556,6.03,0.0,0.022917651,0.015
4.274547801193234,3.0428098682308056,0.015,323.32978661730317,4.229210687429528,6.04,0.022917683937792473,6.04,0.0,0.022917651,0.015
4.274957719729085,3.0455645565442726,0.015,323.52216160139267,4.228813532423101,6.050000000000001,0.02291768397742361,6.05,0.0,0.022917651,0.015
4.275367785572925,3.048321238939898,0.015,323.7147904290587,4.228414972466866,6.0600000000000005,0.02291768402921449,6.0600000000000005,0.0,0.022917651,0.015
4.27577838001944,3.0510819402680465,0.015,323.9084346387446,4.228014508211654,6.070000000000001,0.022917684171460916,6.07,0.0,0.022917651,0.015
4.276189056888629,3.0538444303418326,0.015,324.1021830475029,4.227612584417964,6.08,0.022917684319538043,6.08,0.0,0.022917651,0.015
4.276599816939651,3.056608725636533,0.015,324.29603661506115,4.227209187642692,6.09,0.02291768447349958,6.09,0.0,0.022917651,0.015
4.277010660941012,3.059374842830374,0.015,324.4899963129695,4.226804304277128,6.100000000000001,0.02291768463339989,6.1000000000000005,0.0,0.022917651,0.015
4.277398344262121,3.062058229400155,0.015,324.18003624138066,4.226377836808777,6.109999999999999,0.022917684780281763,6.11,0.0,0.022917651,0.015
4.277785153314054,3.06474347677086,0.015,323.8710593992969,4.225946011584347,6.120000000000001,0.02291768492900972,6.12,0.0,0.022917651,0.015
4.278171071865743,3.067430619488816,0.015,323.5630840406681,4.225508729135491,6.13,0.022917685079618045,6.13,0.0,0.022917651,0.015
4.2785560832818375,3.0701196929608248,0.015,323.2561288741118,4.22506588751632,6.140000000000001,0.022917685232141854,6.140000000000001,0.0,0.022917651,0.015
4.278940170510039,3.072810733481122,0.015,322.9502130771569,4.224617382225776,6.15,0.02291768538661716,6.15,0.0,0.022917651,0.015
4.279323316067957,3.0755037782593555,0.015,322.64535631102774,4.224163106127077,6.16,0.022917685543080876,6.16,0.0,0.022917651,0.015
4.279705502029462,3.0781988654496324,0.015,322.34157873599065,4.2237029493640925,6.17,0.022917685701570864,6.17,0.0,0.022917651,0.015
4.280087042232443,3.0808981227737235,0.015,322.0401305744613,4.223236040530495,6.18,0.022917685749181686,6.18,0.0,0.022917651,0.015
4.280467672507458,3.083599675091949,0.015,321.7400206597851,4.222763196297281,6.190000000000001,0.022917685746983687,6.19,0.0,0.022917651,0.015
4.28084732207013,3.0863031950314683,0.015,321.4410649674391,4.222284460646347,6.2,0.0229176857107383,6.2,0.0,0.022917651,0.015
4.281224270683742,3.088940075088532,0.015,321.32008463303987,4.2218502611843896,6.21,0.02291768573203635,6.21,0.0,0.022917651,0.015
4.281601245465172,3.091578556517239,0.015,321.1996780624629,4.221414564987914,6.220000000000001,0.022917685756409564,6.22,0.0,0.022917651,0.015
4.281978246654658,3.094218654019305,0.015,321.07985052326256,4.220977358315844,6.2299999999999995,0.022917685783886168,6.23,0.0,0.022917651,0.015
4.282355274495389,3.096860382476961,0.015,320.96060734767104,4.220538627258389,6.24,0.022917685814494746,6.24,0.0,0.022917651,0.015
4.282732329233547,3.0995037569557304,0.015,320.84195393359397,4.220098357734438,6.25,0.022917685848264226,6.25,0.0,0.022917651,0.015
4.283109411118361,3.1021487927072635,0.015,320.7238957456244,4.219656535488917,6.260000000000001,0.022917685885223894,6.26,0.0,0.022917651,0.015
4.283486520402143,3.104795505172217,0.015,320.60643831607644,4.219213146090096,6.2700000000000005,0.022917685925403407,6.2700000000000005,0.0,0.022917651,0.015
4.283863657340342,3.107443909983194,0.015,320.48958724603693,4.218768174926842,6.28,0.022917685968832778,6.28,0.0,0.022917651,0.015
4.284240822191596,3.1100940229677345,0.015,320.3733482064379,4.2183216072058185,6.29,0.02291768601554241,6.29,0.0,0.022917651,0.015
4.2846180152177755,3.112745860151362,0.015,320.25772693914837,4.217873427948644,6.3,0.02291768606556307,6.3,0.0,0.022917651,0.015
4.28500351769757,3.115361528242995,0.015,320.11150202576033,4.217483712276336,6.3100000000000005,0.022917686230030234,6.3100000000000005,0.0,0.022917651,0.015
4.285389140894372,3.117979370136653,0.015,319.96574197043725,4.217092305952884,6.320000000000001,0.02291768642535228,6.32,0.0,0.022917651,0.015
4.285774966803575,3.1206002311937127,0.015,319.82083293645746,4.216698691305058,6.329999999999999,0.022917686640315432,6.33,0.0,0.022917651,0.015
4.286160855540527,3.123222650039875,0.015,319.6760907331573,4.216303770351045,6.34,0.022917686835647363,6.34,0.0,0.022917651,0.015
4.28654680754949,3.1258466376905045,0.015,319.53151654022196,4.215907533853758,6.3500000000000005,0.022917687011209265,6.3500000000000005,0.0,0.022917651,0.015
4.286932823278928,3.1284722052650613,0.015,319.3871115484849,4.215509972488811,6.359999999999999,0.022917687166861003,6.36,0.0,0.022917651,0.015
4.287318903181553,3.1310993639883433,0.015,319.24287696006047,4.215111076843494,6.370000000000001,0.022917687302461128,6.37,0.0,0.022917651,0.015
4.287705047714374,3.13372812519173,0.015,319.0988139884771,4.214710837415716,6.38,0.022917687417866844,6.38,0.0,0.022917651,0.015
4.288091257338752,3.136358500314453,0.015,318.95492385881397,4.214309244612946,6.390000000000001,0.022917687512933986,6.390000000000001,0.0,0.022917651,0.015
4.288477532520447,3.1389905009048795,0.015,318.811207807838,4.213906288751138,6.400000000000001,0.022917687587517038,6.4,0.0,0.022917651,0.015
4.288834679748547,3.1415670805716402,0.015,320.06784652288,4.213431634326831,6.410000000000001,0.02291768757624516,6.41,0.0,0.022917651,0.015
4.289191085482937,3.1441453191879805,0.015,321.32533323110914,4.21295235508503,6.42,0.022917687572490342,6.42,0.0,0.022917651,0.015
4.289546737724327,3.1467252435999984,0.015,322.5836816552499,4.21246837618422,6.43,0.022917687576374236,6.43,0.0,0.022917651,0.015
4.289901624213122,3.1493068812361877,0.015,323.84290581572526,4.211979621159285,6.440000000000001,0.022917687588021124,6.44,0.0,0.022917651,0.015
4.290255751364729,3.151890624873489,0.015,325.10319378214814,4.211485722823967,6.450000000000001,0.022917687623337995,6.45,0.0,0.022917651,0.015
4.290609235089497,3.1544786504798563,0.015,326.3655813716323,4.2109849686746825,6.46,0.022917687766135734,6.46,0.0,0.022917651,0.015
4.290961947577249,3.157068510165589,0.015,327.6289022424668,4.210479296054233,6.47,0.022917687902082266,6.47,0.0,0.022917651,0.015
4.291313876334071,3.1596602336424744,0.015,328.8931715136579,4.2099686252841835,6.480000000000001,0.022917688031066617,6.48,0.0,0.022917651,0.015
4.291665008594716,3.162253851267552,0.015,330.15840463255154,4.209452874955719,6.49,0.022917688152975377,6.49,0.0,0.022917651,0.015
4.292015331315205,3.1648493940607265,0.015,331.42461738379643,4.208931961882418,6.5,0.022917688267692676,6.5,0.0,0.022917651,0.015
4.292364766555322,3.16737886287112,0.015,331.58716973231196,4.208463292783423,6.51,0.022917688366268472,6.51,0.0,0.022917651,0.015
4.292714389134324,3.169910079378745,0.015,331.7497645869076,4.207993625005175,6.520000000000001,0.02291768846419269,6.5200000000000005,0.0,0.022917651,0.015
4.2930642001216315,3.1724430535603045,0.015,331.91240219022876,4.207522952846729,6.529999999999999,0.022917688561461605,6.53,0.0,0.022917651,0.015
4.293414200594821,3.1749777954685867,0.015,332.0750827867712,4.207051270563661,6.54,0.02291768865807148,6.54,0.0,0.022917651,0.015
4.293764391639702,3.177514315233184,0.015,332.2378066228987,4.206578572367661,6.550000000000001,0.022917688754018523,6.55,0.0,0.022917651,0.015
4.294114774350397,3.180052623061232,0.015,332.4005739468609,4.206104852426111,6.5600000000000005,0.02291768884929894,6.5600000000000005,0.0,0.022917651,0.015
4.29446519622015,3.1825928415432805,0.015,332.563837633908,4.205629378251191,6.57,0.022917688935313964,6.57,0.0,0.022917651,0.015
4.294814743825299,3.18513533076019,0.015,332.73006997340485,4.205148136949127,6.58,0.022917688972346195,6.58,0.0,0.022917651,0.015
4.295164163790922,3.187679320270217,0.015,332.8969081346301,4.204664884895042,6.59,0.022917689010708675,6.59,0.0,0.022917651,0.015
4.29551345498029,3.1902248234346655,0.015,333.0643575129076,4.204179604181591,6.6000000000000005,0.022917689050413245,6.6000000000000005,0.0,0.022917651,0.015
4.295871116859838,3.1927363521143137,0.015,333.0920707962701,4.203751809157024,6.610000000000001,0.022917689041527998,6.61,0.0,0.022917651,0.015
4.296228565897088,3.1952496419805816,0.015,333.12035298863617,4.203321401588742,6.62,0.022917689042213717,6.62,0.0,0.022917651,0.015
4.296585799465035,3.1977647147708534,0.015,333.1492111117453,4.202888349231514,6.629999999999999,0.022917689052588525,6.63,0.0,0.022917651,0.015
4.296942814893276,3.2002815925817165,0.015,333.1786523033684,4.202452619307271,6.640000000000001,0.02291768907277252,6.640000000000001,0.0,0.022917651,0.015
4.297299609467088,3.2028002978764074,0.015,333.2086838197145,4.202014178494055,6.65,0.02291768910288776,6.65,0.0,0.022917651,0.015
4.29765618042652,3.205320853492453,0.015,333.2393130378975,4.2015729929146834,6.66,0.02291768914305836,6.66,0.0,0.022917651,0.015
4.29801252496544,3.2078432826494967,0.015,333.27054745846505,4.201129028125146,6.67,0.022917689193410497,6.67,0.0,0.022917651,0.015
4.298368640230566,3.2103676089573234,0.015,333.302394707991,4.200682249102693,6.680000000000001,0.022917689254072483,6.68,0.0,0.022917651,0.015
4.298724523320474,3.212893856424091,0.015,333.3348625417332,4.200232620233631,6.69,0.022917689325174788,6.69,0.0,0.022917651,0.015
4.299080171284573,3.2154220494647636,0.015,333.3679588463593,4.199780105300808,6.700000000000001,0.022917689406850093,6.7,0.0,0.022917651,0.015
4.299415957926162,3.217886940597619,0.015,333.33286516131363,4.199301772711,6.710000000000001,0.022917689520179547,6.71,0.0,0.022917651,0.015
4.299751837085431,3.2203550112632997,0.015,333.29861164464137,4.198820630723383,6.720000000000001,0.022917689619814222,6.72,0.0,0.022917651,0.015
4.300087833270845,3.2228247604092277,0.015,333.2643651704401,4.198338278124473,6.729999999999999,0.02291768973373888,6.73,0.0,0.022917651,0.015
4.300423947070485,3.225296196470076,0.015,333.23012577409986,4.197854708830728,6.74,0.02291768986202533,6.74,0.0,0.022917651,0.015
4.300760179076373,3.2277693279371262,0.015,333.1958934912476,4.197369916717772,6.75,0.02291769000474586,6.75,0.0,0.022917651,0.015
4.301096529884517,3.2302441633587446,0.015,333.1616683577502,4.196883895620059,6.76,0.022917690161973255,6.76,0.0,0.022917651,0.015
4.301433000094932,3.2327207113408645,0.015,333.127450409716,4.196396639330523,6.770000000000001,0.022917690333780782,6.7700000000000005,0.0,0.022917651,0.015
4.301769590311687,3.2351989805474672,0.015,333.0932396834968,4.195908141600224,6.780000000000001,0.022917690520242187,6.78,0.0,0.022917651,0.015
4.302106301142927,3.237678979701078,0.015,333.05903621569,4.195418396138009,6.79,0.02291769072143176,6.79,0.0,0.022917651,0.015
4.302443133200917,3.2401607175832567,0.015,333.0248400431408,4.194927396610133,6.8,0.022917690937424236,6.8,0.0,0.022917651,0.015
4.302784694420378,3.2426203160127764,0.015,334.6119023963642,4.194468061803481,6.810000000000001,0.022917690931275766,6.8100000000000005,0.0,0.022917651,0.015
4.303126130181352,3.245080836471995,0.015,336.20661592883914,4.194007303165684,6.820000000000001,0.022917690922596386,6.82,0.0,0.022917651,0.015
4.303467439183416,3.2475422885180727,0.015,337.8090599477138,4.193545105938229,6.830000000000001,0.022917690911359857,6.83,0.0,0.022917651,0.015
4.303808620108117,3.2500046818407116,0.015,339.41931485999834,4.193081455157938,6.839999999999999,0.022917690897539582,6.84,0.0,0.022917651,0.015
4.30414967161865,3.252468026264463,0.015,341.0374621916977,4.192616335653386,6.8500000000000005,0.022917690881108607,6.8500000000000005,0.0,0.022917651,0.015
4.304490592359539,3.2549323317510788,0.015,342.6635846073452,4.19214973204128,6.86,0.02291769086203957,6.86,0.0,0.022917651,0.015
4.304831333496702,3.2573983803297315,0.015,344.29852183798903,4.191680666733374,6.870000000000001,0.02291769082471518,6.87,0.0,0.022917651,0.015
4.305171957087363,3.2598658073920666,0.015,345.94204525009974,4.191209752505661,6.879999999999999,0.022917690780989423,6.88,0.0,0.022917651,0.015
4.305512496583699,3.2623342034053637,0.015,347.59383046813326,4.190737532783204,6.8900000000000015,0.022917690740241095,6.890000000000001,0.0,0.022917651,0.015
4.30585295124145,3.2648035769450825,0.015,349.253950611136,4.190263996012046,6.9,0.02291769070249654,6.9,0.0,0.022917651,0.015
4.306176295969973,3.2672101584997493,0.015,349.1226059616193,4.189775686951497,6.910000000000001,0.02291769071030922,6.91,0.0,0.022917651,0.015
4.306499396515134,3.2696185003764104,0.015,348.9915357351951,4.189284640897476,6.920000000000001,0.022917690736079258,6.92,0.0,0.022917651,0.015
4.30682225095556,3.272028616426287,0.015,348.86074209118163,4.188790836313755,6.93,0.02291769077994796,6.93,0.0,0.022917651,0.015
4.3071448573496625,3.274440520646303,0.015,348.73022721161095,4.188294251437558,6.940000000000001,0.02291769084205811,6.94,0.0,0.022917651,0.015
4.307467213735381,3.276854227181004,0.015,348.5999933015283,4.187794864276588,6.95,0.022917690922554003,6.95,0.0,0.022917651,0.015
4.3077893181299025,3.2792697503245076,0.015,348.4700425892966,4.187292652605985,6.960000000000001,0.02291769102158145,6.96,0.0,0.022917651,0.015
4.308111168529393,3.2816871045224874,0.015,348.3403773269055,4.186787593965243,6.970000000000001,0.02291769113928781,6.97,0.0,0.022917651,0.015
4.308432762908718,3.28410630437419,0.015,348.210999790285,4.18627966565509,6.98,0.022917691275822025,6.98,0.0,0.022917651,0.015
4.308754328754922,3.2865312445707113,0.015,348.0889166058435,4.18576588558461,6.990000000000001,0.02291769127875244,6.99,0.0,0.022917651,0.015
4.3090757855865816,3.288958509163667,0.015,347.9682401635097,4.185249345454842,7.000000000000001,0.02291769127682032,7.0,0.0,0.022917651,0.015
4.309405162729119,3.291297534310572,0.015,356.7960628941962,4.184843860392776,7.010000000000001,0.022917691276586976,7.01,0.0,0.022917651,0.015
4.3097344581963,3.2936379180937405,0.015,365.6712289346833,4.184436689618579,7.020000000000001,0.022917691276296885,7.0200000000000005,0.0,0.022917651,0.015
4.310063671437641,3.2959796696702623,0.015,374.59405737485906,4.184027821770692,7.030000000000001,0.022917691275949673,7.03,0.0,0.022917651,0.015
4.3103928018977,3.298322798279709,0.015,383.56487017858933,4.183617245385233,7.04,0.022917691275544955,7.04,0.0,0.022917651,0.015
4.3107218490160175,3.300667313245056,0.015,392.5839922161435,4.183204948894823,7.050000000000001,0.022917691275082336,7.05,0.0,0.022917651,0.015
4.311050812227067,3.303013223973628,0.015,401.65175129706677,4.1827909206274345,7.0600000000000005,0.02291769127456143,7.0600000000000005,0.0,0.022917651,0.015
4.311379690960193,3.3053605399580577,0.015,410.76847820349286,4.182375148805194,7.07,0.022917691273981838,7.07,0.0,0.022917651,0.015
4.311708484639551,3.3077092707772513,0.015,419.93450672392055,4.1819576215431855,7.079999999999999,0.022917691273343154,7.08,0.0,0.022917651,0.015
4.3120371926840555,3.3100594260973737,0.015,429.1501736874427,4.181538326848227,7.09,0.022917691272644987,7.09,0.0,0.022917651,0.015
4.31236581450731,3.3124110156728435,0.015,438.4158189984475,4.18111725261764,7.100000000000001,0.02291769127188692,7.1000000000000005,0.0,0.022917651,0.015
4.31268532062849,3.314751818779952,0.015,429.6155817260784,4.180661889493179,7.11,0.022917691436117358,7.11,0.0,0.022917651,0.015
4.31300467974364,3.3170940078186444,0.015,420.761601291076,4.180204552660396,7.12,0.022917691625891832,7.12,0.0,0.022917651,0.015
4.313323682557948,3.319438305354656,0.015,411.8557819454347,4.179743682819053,7.13,0.022917691829768473,7.13,0.0,0.022917651,0.015
4.313642108269859,3.3217856548886635,0.015,402.89980108098854,4.179277453364091,7.1400000000000015,0.022917692015571298,7.140000000000001,0.0,0.022917651,0.015
4.313960465134287,3.324134427304263,0.015,393.8871743155619,4.178809525149313,7.15,0.022917692201148778,7.15,0.0,0.022917651,0.015
4.314278752614305,3.326484633698232,0.015,384.8174598787388,4.178339884926418,7.16,0.022917692386499162,7.16,0.0,0.022917651,0.015
4.314596970167386,3.3288362852830398,0.015,375.6902113944225,4.177868519308988,7.17,0.02291769257162067,7.17,0.0,0.022917651,0.015
4.314915117245335,3.3311893933883536,0.015,366.5049778206559,4.17739541477068,7.18,0.022917692756511513,7.18,0.0,0.022917651,0.015
4.31523319329421,3.33354396946258,0.015,357.2613033884979,4.17692055764339,7.190000000000001,0.022917692941169864,7.19,0.0,0.022917651,0.015
4.315551197754248,3.3359000250744204,0.015,347.95872753993956,4.1764439341153965,7.200000000000001,0.022917693125593906,7.2,0.0,0.022917651,0.015
4.315866638723666,3.3382291324102855,0.015,347.99450725782134,4.175975626485787,7.210000000000001,0.022917693125593913,7.21,0.0,0.022917651,0.015
4.316181935686403,3.3405596418793313,0.015,348.0311379578776,4.175505341033918,7.220000000000001,0.02291769312559391,7.22,0.0,0.022917651,0.015
4.31649708732077,3.3428915663503056,0.015,348.06862745040416,4.1750330596073795,7.23,0.022917693125593906,7.23,0.0,0.022917651,0.015
4.316812092288853,3.345224918849917,0.015,348.1069836415671,4.174558763830945,7.240000000000001,0.022917693125593906,7.24,0.0,0.022917651,0.015
4.317126949236264,3.3475597125652685,0.015,348.14621453487814,4.17408243510314,7.25,0.022917693125593906,7.25,0.0,0.022917651,0.015
4.317441656791889,3.349895960846333,0.015,348.1863282326978,4.173604054592746,7.260000000000001,0.022917693125593906,7.26,0.0,0.022917651,0.015
4.317756080659435,3.3522342451734435,0.015,348.22820560932826,4.173122503641526,7.2700000000000005,0.022917693140294022,7.2700000000000005,0.0,0.022917651,0.015
4.318069985924922,3.354575771377948,0.015,348.27349783278675,4.172635636404747,7.280000000000001,0.022917693210293577,7.28,0.0,0.022917651,0.015
4.31838379619285,3.356918855685093,0.015,348.3194898410567,4.172146830840075,7.290000000000001,0.022917693297644363,7.29,0.0,0.022917651,0.015
4.318697510633033,3.3592635117111493,0.015,348.36618774956315,4.171656070008442,7.3,0.022917693402498,7.3,0.0,0.022917651,0.015
4.3190013603742345,3.3615695776658043,0.015,358.52624385845814,4.171156289272971,7.310000000000001,0.02291769347800229,7.3100000000000005,0.0,0.022917651,0.015
4.3193050320492175,3.363877210994355,0.015,368.764447261073,4.170654229013075,7.320000000000001,0.02291769353174864,7.32,0.0,0.022917651,0.015
4.319608524281374,3.366186423813929,0.015,379.08140210234126,4.170149871606097,7.33,0.02291769356356886,7.33,0.0,0.022917651,0.015
4.319911835679879,3.368497228366885,0.015,389.4777187706893,4.169643199247256,7.34,0.022917693573292992,7.34,0.0,0.022917651,0.015
4.320214964839491,3.3708096370224205,0.015,399.9540139789007,4.169134193947295,7.3500000000000005,0.02291769356074934,7.3500000000000005,0.0,0.022917651,0.015
4.32051791034037,3.3731236622782292,0.015,410.5109108462348,4.168622837530083,7.359999999999999,0.0229176935257644,7.36,0.0,0.022917651,0.015
4.320820670747892,3.3754393167621703,0.015,421.14903898183815,4.1681091116301765,7.37,0.022917693468162886,7.37,0.0,0.022917651,0.015
4.321123079876342,3.377757247682593,0.015,431.8712030410273,4.167591704184518,7.380000000000001,0.022917693385712208,7.38,0.0,0.022917651,0.015
4.321424527090901,3.3800800348036497,0.015,442.6874146255874,4.167065592281484,7.3900000000000015,0.022917693276055272,7.390000000000001,0.0,0.022917651,0.015
4.321725825327675,3.3824047131886723,0.015,453.5885853101879,4.1665369930228735,7.4,0.022917693153061146,7.4,0.0,0.022917651,0.015
4.322019351206054,3.384673250374184,0.015,454.08835282470363,4.166025511017863,7.41,0.022917693153945408,7.41,0.0,0.022917651,0.015
4.3223127364387075,3.3869434431070617,0.015,454.59027955347256,4.165511810609416,7.42,0.022917693155385745,7.42,0.0,0.022917651,0.015
4.322605980171226,3.389215301444605,0.015,455.0943786135229,4.164995878320937,7.429999999999999,0.022917693157385552,7.43,0.0,0.022917651,0.015
4.322899081542268,3.39148883552574,0.015,455.6006632283445,4.164477700566448,7.44,0.022917693159948224,7.44,0.0,0.022917651,0.015
4.323192039683481,3.39376405557185,0.015,456.1091467289713,4.16395726364948,7.45,0.022917693163077197,7.45,0.0,0.022917651,0.015
4.32348485371944,3.3960409718876168,0.015,456.6198425550773,4.163434553761944,7.46,0.02291769316677594,7.46,0.0,0.022917651,0.015
4.323777522767569,3.398319594861872,0.015,457.1327642560848,4.162909556982999,7.47,0.02291769317104793,7.47,0.0,0.022917651,0.015
4.324069768283426,3.4006025247825766,0.015,457.6504561878911,4.162378560053392,7.480000000000001,0.02291769324737907,7.48,0.0,0.022917651,0.015
4.324361491860753,3.40289225371956,0.015,458.1749459578766,4.16183867866906,7.490000000000001,0.022917693442473613,7.49,0.0,0.022917651,0.015
4.324653188028481,3.40518489785566,0.015,458.70225321264616,4.1612957730505205,7.500000000000001,0.022917693638683963,7.5,0.0,0.022917651,0.015
4.324946262003856,3.4074339627779877,0.015,459.2201391836286,4.160794239474148,7.510000000000001,0.022917693797565253,7.51,0.0,0.022917651,0.015
4.3252391285394,3.4096842678511337,0.015,459.74197449683925,4.160290635822367,7.520000000000001,0.022917693957280178,7.5200000000000005,0.0,0.022917651,0.015
4.32553178611183,3.411935822181846,0.015,460.2677881533266,4.159784946894075,7.53,0.022917694117834876,7.53,0.0,0.022917651,0.015
4.325824233182911,3.4141886349662594,0.015,460.7976094387855,4.15927715733897,7.54,0.022917694279235533,7.54,0.0,0.022917651,0.015
4.326116468199272,3.41644271549099,0.015,461.3314679270583,4.158767251655715,7.55,0.02291769444148838,7.55,0.0,0.022917651,0.015
4.326408489592219,3.4186980731342507,0.015,461.86939348368713,4.158255214190076,7.5600000000000005,0.022917694604599723,7.5600000000000005,0.0,0.022917651,0.015
4.32670029577755,3.4209547173669863,0.015,462.41141626951946,4.1577410291330335,7.570000000000001,0.022917694768575927,7.57,0.0,0.022917651,0.015
4.326991885155358,3.423212657754021,0.015,462.9575667443667,4.1572246805188655,7.580000000000001,0.022917694933423428,7.58,0.0,0.022917651,0.015
4.327282850197602,3.4254730389735424,0.015,463.5115392649864,4.156703392080305,7.590000000000001,0.022917694988691048,7.59,0.0,0.022917651,0.015
4.327573484747908,3.4277356538001604,0.015,464.0703028629322,4.156178547004663,7.6000000000000005,0.022917694988691048,7.6000000000000005,0.0,0.022917651,0.015
4.327856348843923,3.42995591461556,0.015,464.4152675440284,4.155657455083632,7.61,0.022917694987872595,7.61,0.0,0.022917651,0.015
4.328138977236977,3.432177400342224,0.015,464.7633287700885,4.155134195344387,7.620000000000001,0.022917694987233322,7.62,0.0,0.022917651,0.015
4.328421367909997,3.434400121462556,0.015,465.1145130403703,4.154608749235419,7.629999999999999,0.022917694986774748,7.63,0.0,0.022917651,0.015
4.3287035188228336,3.4366240885789128,0.015,465.46884715735996,4.154081097992942,7.640000000000001,0.022917694986498448,7.640000000000001,0.0,0.022917651,0.015
4.328985427911918,3.438849312415316,0.015,465.8263582311211,4.153551222637839,7.65,0.022917694986405973,7.65,0.0,0.022917651,0.015
4.329267093089938,3.4410758038192113,0.015,466.18707368372014,4.153019103972563,7.66,0.022917694986498916,7.66,0.0,0.022917651,0.015
4.329548512245487,3.4433035737632425,0.015,466.5510212537274,4.152484722577997,7.67,0.022917694986778876,7.67,0.0,0.022917651,0.015
4.3298296832427186,3.445532633347066,0.015,466.9182290007965,4.151948058810238,7.68,0.02291769498724748,7.68,0.0,0.022917651,0.015
4.330110603920993,3.4477629937991945,0.015,467.28872531032425,4.151409092797337,7.690000000000001,0.022917694987906377,7.69,0.0,0.022917651,0.015
4.3303912174587005,3.4499949211863643,0.015,467.6628184109061,4.150867331308708,7.7,0.022917694988691048,7.7,0.0,0.022917651,0.015
4.330669511407511,3.4521942035427102,0.015,468.52481002935855,4.150341613700692,7.71,0.022917694988691048,7.71,0.0,0.022917651,0.015
4.330947680949116,3.4543950734427753,0.015,469.38952023772856,4.1498138109957114,7.72,0.022917694988691048,7.72,0.0,0.022917651,0.015
4.331225725154409,3.4565975427427817,0.015,470.2569693392104,4.149283907621676,7.73,0.02291769498869104,7.73,0.0,0.022917651,0.015
4.331503643085007,3.4588016234173105,0.015,471.1271778396758,4.148751887851047,7.740000000000001,0.022917694988691048,7.74,0.0,0.022917651,0.015
4.331781433793137,3.461007327560774,0.015,472.00016645021043,4.148217735798889,7.75,0.022917694988691048,7.75,0.0,0.022917651,0.015
4.332059096321514,3.4632146673889266,0.015,472.8759560896859,4.147681435420903,7.76,0.022917694988691048,7.76,0.0,0.022917651,0.015
4.332336629703231,3.465423655240385,0.015,473.75456788737347,4.147142970511412,7.7700000000000005,0.022917694988691045,7.7700000000000005,0.0,0.022917651,0.015
4.332614032961624,3.467634303578181,0.015,474.63602318559526,4.146602324701342,7.780000000000001,0.022917694988691045,7.78,0.0,0.022917651,0.015
4.332891305110163,3.4698466249913293,0.015,475.52034354241636,4.146059481456142,7.790000000000001,0.022917694988691048,7.79,0.0,0.022917651,0.015
4.333168445152315,3.4720606321964267,0.015,476.4075507343781,4.145514424073698,7.800000000000001,0.022917694988691048,7.8,0.0,0.022917651,0.015
4.333444849922582,3.4742344044255518,0.015,476.8687175535826,4.144999519745484,7.81,0.022917694991399385,7.8100000000000005,0.0,0.022917651,0.015
4.333720980544634,3.476410111987785,0.015,477.33288045647436,4.144481583152302,7.820000000000001,0.0229176950114907,7.82,0.0,0.022917651,0.015
4.333996003647465,3.4785902265937088,0.015,477.8059303664316,4.143954808333134,7.83,0.022917695197466822,7.83,0.0,0.022917651,0.015
4.334270765750813,3.4807720945829206,0.015,478.2830680144014,4.143425236098764,7.839999999999999,0.022917695384441716,7.84,0.0,0.022917651,0.015
4.334545264608475,3.482955731045315,0.015,478.7643285801036,4.142892842374193,7.8500000000000005,0.022917695572423964,7.8500000000000005,0.0,0.022917651,0.015
4.3348194979483985,3.4851411512444375,0.015,479.2497476481019,4.1423576028073725,7.860000000000001,0.022917695761422257,7.86,0.0,0.022917651,0.015
4.335093463472311,3.4873283706199936,0.015,479.7393612136453,4.141819492765201,7.87,0.022917695951445393,7.87,0.0,0.022917651,0.015
4.335367158855334,3.489517404790394,0.015,480.2332056886091,4.141278487329465,7.88,0.02291769614250227,7.88,0.0,0.022917651,0.015
4.335640581745608,3.49170826955535,0.015,480.7313179075407,4.140734561292696,7.890000000000001,0.022917696334601896,7.890000000000001,0.0,0.022917651,0.015
4.335913729763891,3.4939009808985118,0.015,481.23373513381,4.140187689153966,7.9,0.022917696527753367,7.9,0.0,0.022917651,0.015
4.336179967226063,3.4960496134218983,0.015,482.65838712730255,4.139650297390925,7.91,0.022917696693384535,7.91,0.0,0.022917651,0.015
4.3364459523408145,3.4981999458452115,0.015,484.08601609322835,4.139110196759166,7.92,0.02291769681882749,7.92,0.0,0.022917651,0.015
4.336711154155747,3.50035408642636,0.015,485.51998828388145,4.138563156216592,7.93,0.02291769681608076,7.930000000000001,0.0,0.022917651,0.015
4.336976151051022,3.5025097682956643,0.015,486.95666831513364,4.1380137544950975,7.94,0.02291769681333404,7.94,0.0,0.022917651,0.015
4.3372409411751365,3.5046670053790545,0.015,488.39608065301366,4.137461970260831,7.95,0.022917696810587317,7.95,0.0,0.022917651,0.015
4.337505522654217,3.5068258117707347,0.015,489.83825005918266,4.136907781922155,7.96,0.02291769680784059,7.96,0.0,0.022917651,0.015
4.3377698935916795,3.508986201735729,0.015,491.28320159541346,4.136351167625741,7.97,0.022917696805093864,7.97,0.0,0.022917651,0.015
4.338034052067881,3.5111481897124808,0.015,492.73096062815125,4.1357921052525946,7.98,0.02291769680234714,7.98,0.0,0.022917651,0.015
4.338297996139773,3.513311790315493,0.015,494.1815528331566,4.135230572414001,7.99,0.02291769679960042,7.99,0.0,0.022917651,0.015
4.338561723840542,3.5154770183380224,0.015,495.63500420023604,4.134666546447407,8.0,0.022917696796853695,8.0,0.0,0.022917651,0.015
