log_Teff,LogL_lsun,Age_gyr,Step,Log_g,Mass_msun,feh,Mass_input,Metallicity_input,Z_used,Age_input
3.5409230035232384,-1.9205899301570153,7.0,306.37085216523053,4.954188038161564,0.3,0.02631671604641495,0.3,0.0,0.022917651,7.0
3.5410741775373458,-1.918027392472081,7.0,306.43926155373885,4.953479584455004,0.301,0.02630208337718517,0.301,0.0,0.022917651,7.0
3.541225344998506,-1.9154648250940447,7.0,306.50566827943203,4.9527710748417935,0.302,0.02628718082786787,0.302,0.0,0.022917651,7.0
3.5413765058668734,-1.9129022278423609,7.0,306.57006016536513,4.952062508982,0.30299999999999994,0.02627200675749036,0.303,0.0,0.022917651,7.0
3.5415276601022816,-1.9103396005350173,7.0,306.632424935672,4.951353886532927,0.30400000000000005,0.02625655951174929,0.304,0.0,0.022917651,7.0
3.5416788076642343,-1.9077769429885207,7.0,306.6927502145593,4.9506452071490905,0.305,0.026240837422875016,0.305,0.0,0.022917651,7.0
3.5418299485119062,-1.905214255017881,7.0,306.75102352528677,4.9499364704821875,0.30600000000000005,0.026224838809494274,0.306,0.0,0.022917651,7.0
3.541981082604139,-1.902651536436596,7.0,306.8072322891365,4.949227676181071,0.307,0.026208561976491223,0.307,0.0,0.022917651,7.0
3.5421322098994357,-1.900088787056635,7.0,306.86136382436905,4.948518823891711,0.308,0.02619200521486673,0.308,0.0,0.022917651,7.0
3.5422833303559607,-1.8975260066884265,7.0,306.91340534516587,4.94780991325718,0.309,0.02617516680159595,0.309,0.0,0.022917651,7.0
3.542434443931532,-1.8949631951408377,7.0,306.9633439605599,4.94710094391761,0.30999999999999994,0.02615804499948415,0.31,0.0,0.022917651,7.0
3.5425855505836217,-1.8924003522211614,7.0,307.01116667335276,4.94639191551017,0.311,0.026140638057020753,0.311,0.0,0.022917651,7.0
3.5427366502693505,-1.8898374777350997,7.0,307.0568603790174,4.945682827669033,0.312,0.026122944208231542,0.312,0.0,0.022917651,7.0
3.542887742945484,-1.8872745714867467,7.0,307.10041186458824,4.944973680025343,0.313,0.026104961672529077,0.313,0.0,0.022917651,7.0
3.5430388285684296,-1.8847116332785712,7.0,307.14180780753753,4.944264472207185,0.314,0.026086688654561214,0.314,0.0,0.022917651,7.0
3.543189907094231,-1.8821486629114017,7.0,307.1810347746371,4.943555203839556,0.31499999999999995,0.026068123344057764,0.315,0.0,0.022917651,7.0
3.543340978478569,-1.8795856601844074,7.0,307.21807922080626,4.9428458745443296,0.316,0.026049263915675202,0.316,0.0,0.022917651,7.0
3.543492042676751,-1.877022624895083,7.0,307.2529274879448,4.942136483940223,0.317,0.026030108528839475,0.317,0.0,0.022917651,7.0
3.5436430996437127,-1.8744595568392286,7.0,307.28556580375243,4.9414270316427675,0.318,0.0260106553275868,0.318,0.0,0.022917651,7.0
3.543794149334013,-1.871896455810934,7.0,307.31598028053224,4.940717517264271,0.319,0.025990902440402502,0.319,0.0,0.022917651,7.0
3.5439451552233256,-1.8693516950079851,7.0,307.343348165826,4.9400261675373045,0.32,0.02596994511803031,0.32,0.0,0.022917651,7.0
3.544096117850478,-1.8668356794462604,7.0,307.36645096891164,4.939363389456025,0.32099999999999995,0.025947264635618392,0.321,0.0,0.022917651,7.0
3.5442471004414164,-1.8643210867437854,7.0,307.38618927396845,4.938702114102539,0.322,0.025924202913844254,0.322,0.0,0.022917651,7.0
3.5443981028319156,-1.8618079051957548,7.0,307.4025907582232,4.938042329115024,0.323,0.025900763088881007,0.323,0.0,0.022917651,7.0
3.5445491248595435,-1.8592961232253928,7.0,307.4156827961594,4.937384022266873,0.32400000000000007,0.025876948262597198,0.324,0.0,0.022917651,7.0
3.54470016636364,-1.8567857293822103,7.0,307.4254924636452,4.93672718146485,0.325,0.025852761503024582,0.325,0.0,0.022917651,7.0
3.544851227185296,-1.8542767123402855,7.0,307.4320465419948,4.936071794747283,0.32600000000000007,0.025828205844818253,0.326,0.0,0.022917651,7.0
3.545002307167324,-1.8517690608965764,7.0,307.4353715219626,4.935417850282276,0.327,0.025803284289709294,0.327,0.0,0.022917651,7.0
3.545153406154236,-1.8492627639692558,7.0,307.4354936076731,4.934765336365952,0.328,0.025777999806950065,0.328,0.0,0.022917651,7.0
3.545304523992226,-1.8467578105960814,7.0,307.432438720487,4.934114241420732,0.329,0.02575235533375229,0.329,0.0,0.022917651,7.0
3.5454556605291385,-1.8442541899327813,7.0,307.4262325028054,4.933464553993628,0.33,0.025726353775718094,0.33,0.0,0.022917651,7.0
3.5456068156144545,-1.8417518912514763,7.0,307.416900321812,4.932816262754579,0.33100000000000007,0.025699998007264052,0.331,0.0,0.022917651,7.0
3.545757989099264,-1.839250903939118,7.0,307.40446727315566,4.932169356494801,0.33199999999999996,0.0256732908720385,0.332,0.0,0.022917651,7.0
3.5459091808362477,-1.836751217495961,7.0,307.3889581845738,4.931523824125171,0.333,0.025646235183332065,0.333,0.0,0.022917651,7.0
3.5460603906796564,-1.8342528215340517,7.0,307.37039761945846,4.930879654674636,0.3340000000000001,0.025618833724481746,0.334,0.0,0.022917651,7.0
3.5462116184852857,-1.8317557057757448,7.0,307.3488098803644,4.930236837288641,0.3350000000000001,0.025591089249268492,0.335,0.0,0.022917651,7.0
3.5463628641104594,-1.8292598600522447,7.0,307.32421901246295,4.929595361227591,0.336,0.025563004482308468,0.336,0.0,0.022917651,7.0
3.5465141274140093,-1.8267652743021667,7.0,307.2966488069398,4.928955215865331,0.3370000000000001,0.025534582119438147,0.337,0.0,0.022917651,7.0
3.546665408256254,-1.8242719385701234,7.0,307.2661228043401,4.928316390687654,0.338,0.025505824828093302,0.338,0.0,0.022917651,7.0
3.546816706498979,-1.8217798430053311,7.0,307.23266429786025,4.927678875290828,0.339,0.025476735247682025,0.339,0.0,0.022917651,7.0
3.5469680220054185,-1.8192889778602417,7.0,307.19629633658786,4.927042659380151,0.34,0.02544731598995188,0.34,0.0,0.022917651,7.0
3.547119354640239,-1.816799333489193,7.0,307.15704172869187,4.926407732768526,0.341,0.025417569639351302,0.341,0.0,0.022917651,7.0
3.5472707042695126,-1.8143109003470788,7.0,307.1149230445612,4.925774085375057,0.342,0.025387498753385355,0.342,0.0,0.022917651,7.0
3.5474220707607085,-1.8118236689880456,7.0,307.0699626198958,4.925141707223673,0.3430000000000001,0.025357105862965922,0.343,0.0,0.022917651,7.0
3.5475734539826673,-1.8093376300642037,7.0,307.02218255874936,4.9245105884417635,0.344,0.02532639347275646,0.34400000000000003,0.0,0.022917651,7.0
3.54772485380559,-1.8068527743243603,7.0,306.97160473652406,4.923880719258844,0.3450000000000001,0.025295364061511404,0.34500000000000003,0.0,0.022917651,7.0
3.5478762701010127,-1.8043690926127736,7.0,306.91825080291994,4.923252090005239,0.3460000000000001,0.025264020082410316,0.34600000000000003,0.0,0.022917651,7.0
3.5480277027417957,-1.8018865758679241,7.0,306.8621421848378,4.922624691110783,0.34700000000000003,0.025232363963386868,0.34700000000000003,0.0,0.022917651,7.0
3.5481791516021057,-1.7994052151213067,7.0,306.8033000892387,4.921998513103546,0.3480000000000001,0.02520039810745279,0.34800000000000003,0.0,0.022917651,7.0
3.548330616557394,-1.7969250014962375,7.0,306.74174550595785,4.921373546608577,0.3490000000000001,0.0251681248930168,0.34900000000000003,0.0,0.022917651,7.0
3.548482097484387,-1.7944459262066854,7.0,306.67749921047675,4.920749782346663,0.35000000000000003,0.025135546674198674,0.35000000000000003,0.0,0.022917651,7.0
3.5486337468921048,-1.7919711664124207,7.0,306.61492360433533,4.920131007433949,0.35100000000000003,0.02510277431010504,0.35100000000000003,0.0,0.022917651,7.0
3.5487857920841575,-1.7895047120141856,7.0,306.55972933644006,4.919522120867902,0.35200000000000004,0.02506996297571061,0.352,0.0,0.022917651,7.0
3.5489378874809785,-1.7870389447802477,7.0,306.50167402314463,4.918914122279292,0.35300000000000004,0.025036862958486984,0.353,0.0,0.022917651,7.0
3.5490900330366992,-1.7845738640827788,7.0,306.440760278449,4.918307010856812,0.35400000000000004,0.025003474522189817,0.354,0.0,0.022917651,7.0
3.549242228705504,-1.7821094692947144,7.0,306.37699071316956,4.91770078579015,0.355,0.024969797930253557,0.355,0.0,0.022917651,7.0
3.5493944744416357,-1.7796457597897528,7.0,306.3103679349445,4.91709544626998,0.356,0.02493583344579192,0.356,0.0,0.022917651,7.0
3.5495467701993917,-1.777182734942356,7.0,306.240894548238,4.916490991487956,0.357,0.0249015813315984,0.357,0.0,0.022917651,7.0
3.549699115933126,-1.7747203941277456,7.0,306.1685731543453,4.915887420636722,0.358,0.024867041850146748,0.358,0.0,0.022917651,7.0
3.549851511597247,-1.7722587367219047,7.0,306.0934063513979,4.915284732909897,0.35900000000000004,0.024832215263591435,0.359,0.0,0.022917651,7.0
3.5500039571462185,-1.7697977621015737,7.0,306.01539673436747,4.914682927502087,0.36,0.024797101833768185,0.36,0.0,0.022917651,7.0
3.5501564525345612,-1.767337469644252,7.0,305.9345468950717,4.914082003608874,0.361,0.024761701822194407,0.361,0.0,0.022917651,7.0
3.5503089977168485,-1.7648778587281941,7.0,305.8508594221784,4.913481960426816,0.36200000000000004,0.024726015490069718,0.362,0.0,0.022917651,7.0
3.5504615926477103,-1.7624189287324106,7.0,305.76433690121036,4.912882797153451,0.363,0.024690043098276403,0.363,0.0,0.022917651,7.0
3.5506142372818332,-1.7599606790366669,7.0,305.6749819145506,4.91228451298729,0.36400000000000005,0.024653784907379905,0.364,0.0,0.022917651,7.0
3.550766931573957,-1.7575031090214799,7.0,305.5827970414462,4.911687107127816,0.365,0.024617241177629312,0.365,0.0,0.022917651,7.0
3.550919675478876,-1.75504621806812,7.0,305.4877848580143,4.911090578775482,0.366,0.024580412168957826,0.366,0.0,0.022917651,7.0
3.5510724689514395,-1.752590005558607,7.0,305.3899479372456,4.910494927131716,0.36699999999999994,0.024543298140983247,0.367,0.0,0.022917651,7.0
3.5512253119465544,-1.7501344708757118,7.0,305.2892888490102,4.909900151398913,0.368,0.024505899353008443,0.368,0.0,0.022917651,7.0
3.5513782044191786,-1.7476796134029524,7.0,305.18581016006135,4.909306250780433,0.369,0.024468216064021844,0.369,0.0,0.022917651,7.0
3.5515311463243253,-1.7452254325245946,7.0,305.07951443404096,4.908713224480603,0.37,0.02443024853269791,0.37,0.0,0.022917651,7.0
3.5516841376170656,-1.7427719276256513,7.0,304.9704042314839,4.908121071704714,0.371,0.024391997017397613,0.371,0.0,0.022917651,7.0
3.5518371782525198,-1.740319098091879,7.0,304.8584821098226,4.907529791659021,0.37199999999999994,0.024353461776168872,0.372,0.0,0.022917651,7.0
3.551990268185867,-1.7378669433097793,7.0,304.7437506233923,4.906939383550741,0.37300000000000005,0.024314643066747105,0.373,0.0,0.022917651,7.0
3.5521434073723372,-1.735415462666596,7.0,304.626212323435,4.906349846588047,0.37399999999999994,0.02427554114655562,0.374,0.0,0.022917651,7.0
3.5522965957672175,-1.7329646555503153,7.0,304.505869758105,4.905761179980075,0.37500000000000006,0.02423615627270615,0.375,0.0,0.022917651,7.0
3.552449833325847,-1.7305145213496633,7.0,304.38272547247254,4.905173382936916,0.37600000000000006,0.024196488701999284,0.376,0.0,0.022917651,7.0
3.5526031200036203,-1.7280650594541056,7.0,304.25678200852934,4.904586454669616,0.377,0.02415653869092495,0.377,0.0,0.022917651,7.0
3.552756455755984,-1.725616269253847,7.0,304.128041905193,4.904000394390176,0.378,0.024116306495662904,0.378,0.0,0.022917651,7.0
3.552909840538441,-1.7231681501398288,7.0,303.99650769831135,4.903415201311551,0.379,0.024075792372083155,0.379,0.0,0.022917651,7.0
3.5530632743065462,-1.7207207015037282,7.0,303.8621819206673,4.902830874647643,0.38,0.02403499657574648,0.38,0.0,0.022917651,7.0
3.5532167570159094,-1.718273922737958,7.0,303.72506710198377,4.902247413613308,0.381,0.023993919361904873,0.381,0.0,0.022917651,7.0
3.553370288622193,-1.7158278132356646,7.0,303.58516576892777,4.90166481742435,0.382,0.02395256098550198,0.382,0.0,0.022917651,7.0
3.553523869081113,-1.7133823723907278,7.0,303.44248044511534,4.9010830852975165,0.38300000000000006,0.023910921701173628,0.383,0.0,0.022917651,7.0
3.553677498348439,-1.710937599597758,7.0,303.297013651116,4.900502216450505,0.384,0.023869001763248236,0.384,0.0,0.022917651,7.0
3.553831176379995,-1.7084934942520968,7.0,303.1487679044576,4.899922210101954,0.385,0.023826801425747286,0.385,0.0,0.022917651,7.0
3.553984903131657,-1.706050055749816,7.0,302.99774571963053,4.899343065471445,0.386,0.023784320942385834,0.386,0.0,0.022917651,7.0
3.5541386785593554,-1.7036072834877143,7.0,302.84394960809266,4.898764781779505,0.38700000000000007,0.023741560566572888,0.387,0.0,0.022917651,7.0
3.554292502619072,-1.7011651768633185,7.0,302.68738207827363,4.898187358247592,0.388,0.02369852055141196,0.388,0.0,0.022917651,7.0
3.554446290008173,-1.6987250662064122,7.0,302.53416052484556,4.8976117845671405,0.38900000000000007,0.02365535723385048,0.389,0.0,0.022917651,7.0
3.5546001086601864,-1.6962857673760554,7.0,302.37983429446507,4.897037147996021,0.39,0.023611939088457125,0.39,0.0,0.022917651,7.0
3.554753993689192,-1.6938467211691417,7.0,302.2219601656001,4.896463029574095,0.391,0.02356819935322152,0.391,0.0,0.022917651,7.0
3.5549079455841888,-1.691407929446742,7.0,302.0605120009601,4.895889433118553,0.392,0.023524135658998305,0.392,0.0,0.022917651,7.0
3.55506196483899,-1.6889693940882535,7.0,301.8954634058853,4.895316362484181,0.393,0.023479745613313594,0.393,0.0,0.022917651,7.0
3.5552160519522817,-1.686531116991625,7.0,301.72678772517105,4.8947438215638055,0.3940000000000001,0.023435026800077106,0.394,0.0,0.022917651,7.0
3.5553702074276856,-1.6840931000735866,7.0,301.5544580398451,4.894171814288784,0.395,0.02338997677929005,0.395,0.0,0.022917651,7.0
3.5555244317738226,-1.6816553452698828,7.0,301.378447163897,4.893600344629468,0.396,0.023344593086748647,0.396,0.0,0.022917651,7.0
3.5556787255043663,-1.6792178545355074,7.0,301.1987276409584,4.893029416595695,0.397,0.023298873233743248,0.397,0.0,0.022917651,7.0
3.555833089138116,-1.676780629844946,7.0,301.0152717409337,4.892459034237278,0.3980000000000001,0.023252814706752955,0.398,0.0,0.022917651,7.0
3.5559875231990525,-1.6743436731924166,7.0,300.82805145658085,4.891889201644506,0.399,0.023206414967135623,0.399,0.0,0.022917651,7.0
3.5561420282164096,-1.6719069865921197,7.0,300.63703850003986,4.891319922948651,0.4000000000000001,0.023159671450813272,0.4,0.0,0.022917651,7.0
3.5563664810070503,-1.6692524709528342,7.0,300.7417582841475,4.890532318511025,0.401,0.023157297351994642,0.401,0.0,0.022917651,7.0
3.5565909245426077,-1.6665980475166142,7.0,300.8462958851952,4.8897447692563265,0.4020000000000001,0.02315492572520598,0.402,0.0,0.022917651,7.0
3.55681535871862,-1.663943717324149,7.0,300.9506492468958,4.888957275807401,0.403,0.0231525565983489,0.403,0.0,0.022917651,7.0
3.557039783429048,-1.6612894814318488,7.0,301.05481628189995,4.888169838796505,0.404,0.023150189999746523,0.404,0.0,0.022917651,7.0
3.557264198566243,-1.6586353409121422,7.0,301.15879487120685,4.887382458865477,0.405,0.023147825958151423,0.405,0.0,0.022917651,7.0
3.5574886040209215,-1.655981296853782,7.0,301.26258286356267,4.88659513666593,0.4060000000000001,0.023145464502753826,0.406,0.0,0.022917651,7.0
3.557712999682126,-1.653327350362155,7.0,301.3661780748438,4.885807872859431,0.40700000000000003,0.023143105663189965,0.40700000000000003,0.0,0.022917651,7.0
3.557937385437199,-1.650673502559603,7.0,301.4695782874273,4.885020668117692,0.40800000000000003,0.023140749469550605,0.40800000000000003,0.0,0.022917651,7.0
3.5581617611717498,-1.648019754585749,7.0,301.57278124954587,4.884233523122774,0.4090000000000001,0.023138395952389847,0.40900000000000003,0.0,0.022917651,7.0
3.558386126769617,-1.6453661075978279,7.0,301.6757846746282,4.88344643856727,0.41000000000000003,0.023136045142734016,0.41000000000000003,0.0,0.022917651,7.0
3.5586104821128384,-1.6427125627710335,7.0,301.7785862406239,4.882659415154528,0.4110000000000001,0.02313369707209086,0.41100000000000003,0.0,0.022917651,7.0
3.5588348270816144,-1.6400591212988633,7.0,301.8811835893131,4.881872453598849,0.41200000000000003,0.023131351772458914,0.41200000000000003,0.0,0.022917651,7.0
3.559059161554271,-1.637405784393479,7.0,301.9835743255986,4.881085554625702,0.41300000000000014,0.023129009276337095,0.41300000000000003,0.0,0.022917651,7.0
3.5592834854072244,-1.6347525532860712,7.0,302.085756016783,4.880298718971948,0.41400000000000003,0.023126669616734513,0.41400000000000003,0.0,0.022917651,7.0
3.5595077985149453,-1.6320994292272362,7.0,302.1877261918276,4.879511947386059,0.41500000000000004,0.023124332827180523,0.41500000000000004,0.0,0.022917651,7.0
3.559732100749915,-1.6294464134873579,7.0,302.2894823405942,4.878725240628354,0.4160000000000001,0.023121998941735042,0.41600000000000004,0.0,0.022917651,7.0
3.559956391982589,-1.626793507357001,7.0,302.3910219130682,4.877938599471226,0.4170000000000001,0.02311966799499903,0.417,0.0,0.022917651,7.0
3.56018067208136,-1.624140712147315,7.0,302.4923423185643,4.877152024699388,0.418,0.02311734002212534,0.418,0.0,0.022917651,7.0
3.5604049409125085,-1.6214880291904443,7.0,302.59344092491204,4.876365517110122,0.41899999999999993,0.023115015058829708,0.419,0.0,0.022917651,7.0
3.56062919834017,-1.6188354598399515,7.0,302.6943150576221,4.875579077513524,0.42,0.02311269314140212,0.42,0.0,0.022917651,7.0
3.560853444226284,-1.616183005471249,7.0,302.7949619990323,4.874792706732771,0.421,0.023110374306718345,0.421,0.0,0.022917651,7.0
3.5610776784305522,-1.6135306674820402,7.0,302.8953789874332,4.87400640560438,0.42200000000000004,0.02310805859225183,0.422,0.0,0.022917651,7.0
3.5613019008103945,-1.6108784472927766,7.0,302.9955632161718,4.873220174978479,0.42299999999999993,0.023105746036085877,0.423,0.0,0.022917651,7.0
3.5615261112209007,-1.6082263463471185,7.0,303.09551183273373,4.872434015719092,0.42400000000000004,0.02310343667692607,0.424,0.0,0.022917651,7.0
3.5617503095147813,-1.6055743661124138,7.0,303.1952219378026,4.871647928704415,0.425,0.023101130554113027,0.425,0.0,0.022917651,7.0
3.561974495542322,-1.6029225080801837,7.0,303.2946905842962,4.870861914827114,0.42599999999999993,0.02309882770763553,0.426,0.0,0.022917651,7.0
3.5621986691513317,-1.600270773766625,7.0,303.3939147763787,4.870075974994624,0.42699999999999994,0.02309652817814386,0.427,0.0,0.022917651,7.0
3.56242283018709,-1.5976191647131206,7.0,303.49289146844853,4.869290110129453,0.42800000000000005,0.023094232006963596,0.428,0.0,0.022917651,7.0
3.5626469784922974,-1.5949676824867638,7.0,303.5916175641003,4.868504321169493,0.42899999999999994,0.023091939236109662,0.429,0.0,0.022917651,7.0
3.5628711139070175,-1.5923163286809,7.0,303.6900899150613,4.867718609068353,0.42999999999999994,0.023089649908300754,0.43,0.0,0.022917651,7.0
3.5630952362686257,-1.5896651049156758,7.0,303.78830532010124,4.866932974795681,0.431,0.02308736406697416,0.431,0.0,0.022917651,7.0
3.5633193454117476,-1.5870140128386054,7.0,303.88626052391317,4.8661474193375005,0.432,0.023085081756300932,0.432,0.0,0.022917651,7.0
3.5635434411682065,-1.5843630541251523,7.0,303.9839522159675,4.865361943696567,0.433,0.023082803021201415,0.433,0.0,0.022917651,7.0
3.5637675233669577,-1.5817122304793227,7.0,304.08137702933595,4.8645765488927175,0.434,0.023080527907361245,0.434,0.0,0.022917651,7.0
3.5639915918340326,-1.5790615436342776,7.0,304.1785315394851,4.863791235963237,0.435,0.023078256461247695,0.435,0.0,0.022917651,7.0
3.564215646392471,-1.5764109953529568,7.0,304.27541226303913,4.863006005963233,0.43599999999999994,0.023075988730126454,0.436,0.0,0.022917651,7.0
3.564439686862261,-1.5737605874287237,7.0,304.37201565651117,4.862220859966022,0.43699999999999994,0.02307372476207887,0.437,0.0,0.022917651,7.0
3.564663713060271,-1.5711103216860236,7.0,304.4683381150001,4.861435799063524,0.43800000000000006,0.02307146460601961,0.438,0.0,0.022917651,7.0
3.5648877248001782,-1.5684601999810581,7.0,304.5643759708548,4.860650824366659,0.439,0.023069208311714776,0.439,0.0,0.022917651,7.0
3.5651117218924058,-1.5658102242024823,7.0,304.66012549230294,4.859865937005779,0.44,0.023066955929800563,0.44,0.0,0.022917651,7.0
3.565335704144047,-1.563160396272115,7.0,304.7555828820432,4.859081138131078,0.44100000000000006,0.02306470751180228,0.441,0.0,0.022917651,7.0
3.5655596713587947,-1.5605107181456703,7.0,304.8507442758008,4.8582964289130395,0.44200000000000006,0.023062463110154044,0.442,0.0,0.022917651,7.0
3.565783623336859,-1.557861191813508,7.0,304.94560574084437,4.857511810542879,0.443,0.023060222778218804,0.443,0.0,0.022917651,7.0
3.5660075598748997,-1.5552118193014046,7.0,305.0401632744632,4.85672728423301,0.44399999999999995,0.023057986570309094,0.444,0.0,0.022917651,7.0
3.5662314807659414,-1.5525626026713453,7.0,305.1344128024043,4.8559428512175185,0.44500000000000006,0.023055754541708176,0.445,0.0,0.022917651,7.0
3.5664553857992902,-1.5499135440223344,7.0,305.22835017726567,4.855158512752645,0.446,0.02305352674869188,0.446,0.0,0.022917651,7.0
3.566679274760456,-1.547264645491232,7.0,305.3219711768487,4.854374270117286,0.447,0.023051303248550946,0.447,0.0,0.022917651,7.0
3.5669031474310584,-1.5446159092536105,7.0,305.41527150246327,4.853590124613506,0.44800000000000006,0.023049084099614012,0.448,0.0,0.022917651,7.0
3.5671270035887486,-1.5419673375246346,7.0,305.5082467771881,4.852806077567067,0.44900000000000007,0.023046869361271226,0.449,0.0,0.022917651,7.0
3.5673508430071066,-1.5393189325599674,7.0,305.6008925440833,4.85202213032797,0.45000000000000007,0.023044659093998533,0.45,0.0,0.022917651,7.0
3.5675746654555587,-1.536670696656699,7.0,305.6932042643525,4.851238284271005,0.451,0.023042453359382542,0.451,0.0,0.022917651,7.0
3.5677984706992745,-1.5340226321543022,7.0,305.7851773154558,4.850454540796336,0.452,0.023040252220146207,0.452,0.0,0.022917651,7.0
3.5680222584990724,-1.5313747414356154,7.0,305.876806989169,4.849670901330071,0.453,0.023038055740175107,0.453,0.0,0.022917651,7.0
3.568246028611314,-1.5287270269278501,7.0,305.968088489589,4.848887367324884,0.454,0.02303586398454454,0.454,0.0,0.022917651,7.0
3.5684697807878063,-1.5260794911036317,7.0,306.0590169310834,4.848103940260623,0.45500000000000007,0.023033677019547324,0.455,0.0,0.022917651,7.0
3.5686935147756866,-1.523432136482063,7.0,306.1495873361822,4.847320621644955,0.456,0.02303149491272243,0.456,0.0,0.022917651,7.0
3.56891723031732,-1.520784965629825,7.0,306.23979463340964,4.846537413014021,0.457,0.023029317732884375,0.457,0.0,0.022917651,7.0
3.569140927150183,-1.5181379811623013,7.0,306.32963365505424,4.845754315933111,0.458,0.02302714555015349,0.458,0.0,0.022917651,7.0
3.569364605006742,-1.5154911857447433,7.0,306.4190991348752,4.844971331997361,0.459,0.023024978435987067,0.459,0.0,0.022917651,7.0
3.569588263614343,-1.5128445820934617,7.0,306.50818570574353,4.8441884628324665,0.46,0.023022816463211308,0.46,0.0,0.022917651,7.0
3.5698119026950828,-1.510198172977055,7.0,306.5968878972137,4.843405710095412,0.461,0.023020659706054342,0.461,0.0,0.022917651,7.0
3.5700355271942676,-1.5075520234205988,7.0,306.685276536486,4.842623158630434,0.4620000000000001,0.02301850667739305,0.462,0.0,0.022917651,7.0
3.570259151147076,-1.5049063122953568,7.0,306.7735349630788,4.841841043549885,0.463,0.023016353457575408,0.463,0.0,0.022917651,7.0
3.5704827555106946,-1.5022608235361965,7.0,306.86136985474104,4.841059072479165,0.464,0.023014205917674984,0.464,0.0,0.022917651,7.0
3.570706339976583,-1.4996155606454926,7.0,306.9487745405919,4.8402772476864975,0.4650000000000001,0.02301206414715323,0.465,0.0,0.022917651,7.0
3.570929904229687,-1.4969705271995577,7.0,307.03574220891824,4.839495571487992,0.466,0.02300992823736025,0.466,0.0,0.022917651,7.0
3.5711534479482694,-1.4943257268506096,7.0,307.122265903439,4.838714046248917,0.467,0.02300779828158495,0.467,0.0,0.022917651,7.0
3.5713769708037235,-1.4916811633287888,7.0,307.20833851944826,4.837932674385004,0.468,0.023005674375106682,0.468,0.0,0.022917651,7.0
3.571600472460398,-1.4890368404442542,7.0,307.29395279983663,4.837151458363807,0.4690000000000001,0.02300355661524867,0.46900000000000003,0.0,0.022917651,7.0
3.571823952575399,-1.4863927620893365,7.0,307.379101330982,4.836370400706096,0.47000000000000003,0.023001445101433073,0.47000000000000003,0.0,0.022917651,7.0
3.5720474107984006,-1.483748932240767,7.0,307.4637765385074,4.835589503987303,0.47100000000000003,0.0229993399352379,0.47100000000000003,0.0,0.022917651,7.0
3.5722708467714366,-1.4811053549619768,7.0,307.5479706829001,4.834808770839007,0.47200000000000003,0.022997241220455752,0.47200000000000003,0.0,0.022917651,7.0
3.5724942601286944,-1.4784620344054733,7.0,307.6316758549867,4.834028203950473,0.47300000000000003,0.02299514906315451,0.47300000000000003,0.0,0.022917651,7.0
3.572717650496299,-1.4758189748152943,7.0,307.71488397125853,4.833247806070249,0.47400000000000003,0.022993063571740004,0.47400000000000003,0.0,0.022917651,7.0
3.572941017492088,-1.4731761805295431,7.0,307.7975867690413,4.8324675800077985,0.47500000000000003,0.022990984857020818,0.47500000000000003,0.0,0.022917651,7.0
3.5731643607253813,-1.470533655983011,7.0,307.8797758015039,4.831687528635203,0.4760000000000001,0.022988913032275227,0.47600000000000003,0.0,0.022917651,7.0
3.573387679796742,-1.4678914057098835,7.0,307.9614424324992,4.830907654888911,0.47700000000000004,0.022986848213320345,0.47700000000000004,0.0,0.022917651,7.0
3.5736109742977322,-1.4652494343465432,7.0,308.0425778312298,4.830127961771565,0.47800000000000004,0.022984790518583726,0.47800000000000004,0.0,0.022917651,7.0
3.5738342438106554,-1.4626077466344634,7.0,308.1231729667335,4.829348452353858,0.4790000000000001,0.02298274006917725,0.47900000000000004,0.0,0.022917651,7.0
3.5740574879082914,-1.4599663474232043,7.0,308.2032186021793,4.828569129776487,0.48000000000000004,0.022980696988973676,0.48,0.0,0.022917651,7.0
3.5742807061536275,-1.4573252416735085,7.0,308.2827052889676,4.827789997252153,0.481,0.02297866140468571,0.481,0.0,0.022917651,7.0
3.574503898099574,-1.454684434460508,7.0,308.3616233606266,4.827011058067639,0.482,0.022976633445947914,0.482,0.0,0.022917651,7.0
3.5747270632886705,-1.4520439309770385,7.0,308.4399629264956,4.826232315585955,0.483,0.02297461324540137,0.483,0.0,0.022917651,7.0
3.5749502012527867,-1.4494037365370733,7.0,308.5177138651881,4.825453773248562,0.48400000000000004,0.02297260093878138,0.484,0.0,0.022917651,7.0
3.575173311512807,-1.4467638565792738,7.0,308.5948658178244,4.824675434577672,0.485,0.022970596665008173,0.485,0.0,0.022917651,7.0
3.5753963935783086,-1.4441242966706718,7.0,308.67140818102473,4.823897303178635,0.486,0.02296860056628095,0.486,0.0,0.022917651,7.0
3.575619446947222,-1.4414850625104758,7.0,308.74733009965246,4.8231193827424,0.48700000000000004,0.022966612788175123,0.487,0.0,0.022917651,7.0
3.5758424711054877,-1.4388461599340203,7.0,308.8226204592981,4.822341677048077,0.488,0.022964633479743167,0.488,0.0,0.022917651,7.0
3.5760654655266952,-1.436207594916852,7.0,308.8972678784915,4.82156418996558,0.489,0.02296266279361902,0.489,0.0,0.022917651,7.0
3.5762884296717052,-1.433569373578968,7.0,308.9712607006326,4.820786925458368,0.49,0.022960700886126326,0.49,0.0,0.022917651,7.0
3.5765113629882705,-1.4309315021892066,7.0,309.0445869856268,4.8200098875863,0.49100000000000005,0.02295874791739061,0.491,0.0,0.022917651,7.0
3.576734264910628,-1.4282939871698002,7.0,309.11723450121406,4.819233080508574,0.492,0.022956804051455528,0.492,0.0,0.022917651,7.0
3.5769571348590867,-1.4256568351010954,7.0,309.18919071397767,4.818456508486786,0.493,0.022954869456403498,0.493,0.0,0.022917651,7.0
3.577179972239595,-1.4230200527264507,7.0,309.2604427800186,4.817680175888104,0.49400000000000005,0.022952944304480707,0.494,0.0,0.022917651,7.0
3.5774027764432934,-1.4203836469573126,7.0,309.3309775352814,4.8169040871885525,0.495,0.022951028772226906,0.495,0.0,0.022917651,7.0
3.577625546846051,-1.417747624878489,7.0,309.40078148551635,4.816128246976432,0.496,0.022949123040609972,0.496,0.0,0.022917651,7.0
3.577848282807982,-1.4151119937536178,7.0,309.4698407958607,4.815352659955854,0.497,0.022947227295165667,0.497,0.0,0.022917651,7.0
3.5780709836729474,-1.412476761030844,7.0,309.5381412800242,4.8145773309504225,0.49800000000000005,0.022945341726142654,0.498,0.0,0.022917651,7.0
3.578293648768033,-1.409841934348717,7.0,309.6056683890587,4.813802264907055,0.499,0.02294346652865311,0.499,0.0,0.022917651,7.0
3.578516277403015,-1.4072075215423148,7.0,309.6724071996953,4.813027466899943,0.5,0.022941601902829123,0.5,0.0,0.022917651,7.0
3.578827371249153,-1.4043065463348177,7.0,309.8884979053459,4.812162679454238,0.501,0.022941501800701706,0.501,0.0,0.022917651,7.0
3.57913852480272,-1.4014051362000914,7.0,310.10510641241507,4.811297695924118,0.5020000000000001,0.022941401339408005,0.502,0.0,0.022917651,7.0
3.5794497389775235,-1.3985032844816572,7.0,310.3222406457544,4.810432513308551,0.503,0.022941300513451043,0.503,0.0,0.022917651,7.0
3.579761014706118,-1.3956009843865054,7.0,310.539908692763,4.809567128544944,0.504,0.022941199317221106,0.504,0.0,0.022917651,7.0
3.580072352940286,-1.392698228981577,7.0,310.75811880757567,4.808701538507569,0.505,0.02294109774499281,0.505,0.0,0.022917651,7.0
3.5803837546515296,-1.3897950111901352,7.0,310.97687941538254,4.807835740005924,0.506,0.022940995790922136,0.506,0.0,0.022917651,7.0
3.580695220831593,-1.3868913237880223,7.0,311.19619911688335,4.8069697297830345,0.507,0.022940893449043324,0.507,0.0,0.022917651,7.0
3.581006752492985,-1.3839871593998048,7.0,311.416086692881,4.806103504513731,0.508,0.02294079071326567,0.508,0.0,0.022917651,7.0
3.581318350669531,-1.3810825104947897,7.0,311.6365511090212,4.805237060802845,0.509,0.022940687577370285,0.509,0.0,0.022917651,7.0
3.581630016416933,-1.378177369382918,7.0,311.8576015206821,4.804370395183358,0.51,0.022940584035006647,0.51,0.0,0.022917651,7.0
3.5819417508133506,-1.3752717282105285,7.0,312.07924727801935,4.80350350411449,0.511,0.022940480079689147,0.511,0.0,0.022917651,7.0
3.5822535549600083,-1.3723655789559812,7.0,312.30149793117425,4.802636383979734,0.512,0.022940375704793448,0.512,0.0,0.022917651,7.0
3.582565429981808,-1.3694589134251434,7.0,312.5243632356486,4.801769031084813,0.5130000000000001,0.022940270903552776,0.513,0.0,0.022917651,7.0
3.582877377027972,-1.3665517232467281,7.0,312.747853157855,4.800901441655578,0.514,0.022940165669054054,0.514,0.0,0.022917651,7.0
3.5831893972727014,-1.3636439998674807,7.0,312.9719778808475,4.800033611835849,0.5150000000000001,0.02294005999423394,0.515,0.0,0.022917651,7.0
3.583501539262686,-1.360736873269429,7.0,313.1962845698021,4.799166865903101,0.5160000000000001,0.022939953891418317,0.516,0.0,0.022917651,7.0
3.58381379098296,-1.357830029504182,7.0,313.42089981303485,4.7983008417932576,0.517,0.02293984735522426,0.517,0.0,0.022917651,7.0
3.584126118746039,-1.3549226220803912,7.0,313.64617294952643,4.79743455817783,0.5180000000000001,0.02293974036565253,0.518,0.0,0.022917651,7.0
3.584438523852062,-1.352014641360938,7.0,313.8721152275666,4.796568010619935,0.519,0.02293963291495153,0.519,0.0,0.022917651,7.0
3.584751007630974,-1.349106077487753,7.0,314.09873815333754,4.795701194580966,0.52,0.02293952499519194,0.52,0.0,0.022917651,7.0
3.585063571443387,-1.3461969203754445,7.0,314.3260534983471,4.794834105417659,0.521,0.022939416598261587,0.521,0.0,0.022917651,7.0
3.5853762166814733,-1.3432871597047096,7.0,314.5540733071216,4.7939667383790585,0.522,0.022939307715860172,0.522,0.0,0.022917651,7.0
3.58568894476988,-1.3403767849155115,7.0,314.7828099051666,4.793099088603375,0.5230000000000001,0.02293919833949374,0.523,0.0,0.022917651,7.0
3.586001757166684,-1.3374657852000207,7.0,315.0122759072085,4.79223115111474,0.5240000000000001,0.02293908846046904,0.524,0.0,0.022917651,7.0
3.5863146553643785,-1.3345541494953026,7.0,315.24248422572833,4.791362920819834,0.525,0.022938978069887615,0.525,0.0,0.022917651,7.0
3.586627640890895,-1.3316418664757457,7.0,315.47344807979863,4.790494392504397,0.526,0.022938867158639745,0.526,0.0,0.022917651,7.0
3.58694071531066,-1.3287289245452205,7.0,315.7051810042376,4.789625560829633,0.5270000000000001,0.022938755717398084,0.527,0.0,0.022917651,7.0
3.58725388022569,-1.3258153118289513,7.0,315.9376968590927,4.788756420328455,0.528,0.0229386437366112,0.528,0.0,0.022917651,7.0
3.5875671372767326,-1.3229010161650998,7.0,316.1710098394685,4.78788696540161,0.5290000000000001,0.02293853120649672,0.529,0.0,0.022917651,7.0
3.587880488144438,-1.3199860250960347,7.0,316.40513448571335,4.7870171903136685,0.5300000000000001,0.022938418117034395,0.53,0.0,0.022917651,7.0
3.5881939345505818,-1.3170703258592853,7.0,316.64008569397873,4.7861470891888525,0.5310000000000001,0.02293830445795874,0.531,0.0,0.022917651,7.0
3.588507478259333,-1.314153905378161,7.0,316.8758787271703,4.785276656006717,0.532,0.022938190218751545,0.532,0.0,0.022917651,7.0
3.588821121078563,-1.3112367502520184,7.0,317.1125292263043,4.784405884597676,0.533,0.022938075388634037,0.533,0.0,0.022917651,7.0
3.5891348648612107,-1.3083188467461695,7.0,317.35005322228966,4.7835347686383445,0.5340000000000001,0.022937959956558743,0.534,0.0,0.022917651,7.0
3.5894487115066913,-1.305400180781407,7.0,317.5884671481529,4.782663301646726,0.535,0.022937843911201076,0.535,0.0,0.022917651,7.0
3.589762662962367,-1.3024807379231325,7.0,317.82778785172616,4.7817914769772045,0.536,0.022937727240950594,0.536,0.0,0.022917651,7.0
3.5900767212250693,-1.2995605033700746,7.0,318.0680326088182,4.7809192878153475,0.537,0.022937609933901922,0.537,0.0,0.022917651,7.0
3.5903908883426756,-1.2966394619425676,7.0,318.30921913689156,4.780046727172514,0.538,0.022937491977845326,0.538,0.0,0.022917651,7.0
3.5907051664157548,-1.2937175980703857,7.0,318.55136560926604,4.7791737878802465,0.5390000000000001,0.022937373360256932,0.539,0.0,0.022917651,7.0
3.5910195575992727,-1.290794895780098,7.0,318.7944906698751,4.77830046258446,0.54,0.02293725406828853,0.54,0.0,0.022917651,7.0
3.5913340641043625,-1.287871338681933,7.0,319.03861344859905,4.777426743739385,0.5410000000000001,0.022937134088757048,0.541,0.0,0.022917651,7.0
3.5916486882001686,-1.2849469099561233,7.0,319.28375357720086,4.776552623601281,0.542,0.02293701340813353,0.542,0.0,0.022917651,7.0
3.591963432215758,-1.2820215923387137,7.0,319.52993120589423,4.775678094221914,0.543,0.02293689201253175,0.543,0.0,0.022917651,7.0
3.5922782985421184,-1.2790953681067991,7.0,319.77716702057177,4.774803147441744,0.544,0.022936769887696325,0.544,0.0,0.022917651,7.0
3.592593289634222,-1.2761682190631702,7.0,320.02548226072474,4.773927774882865,0.545,0.022936647018990362,0.545,0.0,0.022917651,7.0
3.5929084080131855,-1.2732401265203428,7.0,320.27489873808713,4.773051967941655,0.546,0.02293652339138262,0.546,0.0,0.022917651,7.0
3.5932236562685107,-1.2703110712839314,7.0,320.5254388560389,4.772175717781114,0.547,0.022936398989434136,0.547,0.0,0.022917651,7.0
3.5935390370604203,-1.2673810336353475,7.0,320.7771256298025,4.771299015322902,0.548,0.02293627379728429,0.548,0.0,0.022917651,7.0
3.5938545531222865,-1.2644499933137787,7.0,321.0299827074746,4.770421851239042,0.549,0.02293614779863635,0.549,0.0,0.022917651,7.0
3.594170207263165,-1.261517929497424,7.0,321.2840343919292,4.769544215943277,0.5500000000000002,0.02293602097674232,0.55,0.0,0.022917651,7.0
3.5944860023704317,-1.2585848207839412,7.0,321.5393056636385,4.768666099582082,0.551,0.022935893314387293,0.551,0.0,0.022917651,7.0
3.5948019414125323,-1.2556506451700729,7.0,321.79582220445354,4.767787492025262,0.552,0.022935764793872968,0.552,0.0,0.022917651,7.0
3.5951180810220853,-1.252716025615591,7.0,322.05322460517027,4.76690924319498,0.553,0.022935634845931967,0.553,0.0,0.022917651,7.0
3.5954344134299823,-1.2497808153653294,7.0,322.3116146579419,4.766031175206752,0.554,0.022935503579865218,0.554,0.0,0.022917651,7.0
3.595750898083019,-1.2468444649546087,7.0,322.571334734673,4.765152576039811,0.555,0.022935371431774335,0.555,0.0,0.022917651,7.0
3.5960675383094998,-1.2439069494578363,7.0,322.8324139116538,4.764273434081807,0.556,0.022935238382376957,0.556,0.0,0.022917651,7.0
3.596384337535455,-1.240968243217538,7.0,323.09488211893057,4.763393737379419,0.557,0.022935104411824562,0.557,0.0,0.022917651,7.0
3.5967012992882594,-1.238028319817298,7.0,323.35877017187255,4.762513473625748,0.5580000000000002,0.022934969499681497,0.558,0.0,0.022917651,7.0
3.5970184272004007,-1.2350871520534887,7.0,323.62410980415046,4.761632630147151,0.559,0.02293483362490314,0.559,0.0,0.022917651,7.0
3.5973357250134277,-1.2321447119057267,7.0,323.8909337022001,4.760751193889473,0.56,0.022934696765813008,0.56,0.0,0.022917651,7.0
3.597653196582077,-1.2292009705059874,7.0,324.1592755412498,4.7598691514036595,0.5610000000000002,0.022934558900078904,0.561,0.0,0.022917651,7.0
3.5979708458785806,-1.2262558981063099,7.0,324.4291700229952,4.75898648883071,0.562,0.02293442000468791,0.562,0.0,0.022917651,7.0
3.59828867699718,-1.2233094640450113,7.0,324.7006529150096,4.758103191885941,0.563,0.02293428005592026,0.5630000000000001,0.0,0.022917651,7.0
3.5986066941588457,-1.2203616367113344,7.0,324.9737610919842,4.757219245842512,0.5640000000000001,0.02293413902932197,0.5640000000000001,0.0,0.022917651,7.0
3.5989249017162206,-1.2174123835084385,7.0,325.2485325788985,4.756334635514183,0.5650000000000001,0.022933996899676252,0.5650000000000001,0.0,0.022917651,7.0
3.599243304158792,-1.2144616708146498,7.0,325.5250065962257,4.755449345237267,0.5660000000000002,0.022933853640973494,0.5660000000000001,0.0,0.022917651,7.0
3.5995619061183146,-1.211509463942864,7.0,325.8032236072877,4.754563358851714,0.5670000000000001,0.022933709226379866,0.5670000000000001,0.0,0.022917651,7.0
3.599880712374489,-1.2085557270980076,7.0,326.0832253678784,4.75367665968129,0.5680000000000001,0.022933563628204433,0.5680000000000001,0.0,0.022917651,7.0
3.600199727860917,-1.2056004233324438,7.0,326.3650549782842,4.752789230512805,0.5690000000000001,0.022933416817864625,0.5690000000000001,0.0,0.022917651,7.0
3.6005189576713468,-1.2026435144992063,7.0,326.64875693783733,4.751901053574328,0.5700000000000001,0.022933268765850088,0.5700000000000001,0.0,0.022917651,7.0
3.6008384070662247,-1.199684961202939,7.0,326.93437720214644,4.751012110512321,0.5710000000000001,0.02293311944168471,0.5710000000000001,0.0,0.022917651,7.0
3.6011580814795674,-1.196724722748405,7.0,327.2219632431608,4.750122382367663,0.5720000000000002,0.022932968813886803,0.5720000000000001,0.0,0.022917651,7.0
3.6014779865261826,-1.1937627570864298,7.0,327.51156411223127,4.749231849550454,0.5730000000000001,0.022932816849927266,0.5730000000000001,0.0,0.022917651,7.0
3.6017981280092526,-1.1907990207571182,7.0,327.8032305063452,4.748340491813571,0.5740000000000001,0.02293266351618568,0.5740000000000001,0.0,0.022917651,7.0
3.602118511928297,-1.1878334688301977,7.0,328.0970148377221,4.747448288224867,0.5750000000000001,0.022932508777904145,0.5750000000000001,0.0,0.022917651,7.0
3.60243914448755,-1.1848660548422996,7.0,328.39297130697247,4.746555217137959,0.5760000000000001,0.022932352599138752,0.5760000000000001,0.0,0.022917651,7.0
3.60276005072228,-1.1818967860862644,7.0,328.69109119296525,4.7456613859464,0.577,0.022932194857813164,0.577,0.0,0.022917651,7.0
3.6030814225160017,-1.1789261425984479,7.0,328.99079838978116,4.744768041829073,0.578,0.02293203469903682,0.578,0.0,0.022917651,7.0
3.603403064840525,-1.1759534533666212,7.0,329.29286565814834,4.743873734108553,0.579,0.02293187302843147,0.579,0.0,0.022917651,7.0
3.6037249849722777,-1.1729786633666899,7.0,329.59735647658505,4.742978436866939,0.5800000000000001,0.022931709805333655,0.58,0.0,0.022917651,7.0
3.6040471904510016,-1.1700017155834077,7.0,329.90433662070154,4.742082123248438,0.581,0.02293154498760844,0.581,0.0,0.022917651,7.0
3.6043696890917687,-1.1670225509194867,7.0,330.2138742680549,4.741184765416558,0.582,0.022931378531582225,0.582,0.0,0.022917651,7.0
3.604692488997666,-1.1640411080996829,7.0,330.52604010879946,4.740286334508931,0.583,0.022931210391971886,0.583,0.0,0.022917651,7.0
3.605015598573185,-1.1610573235695318,7.0,330.8409074625114,4.739386800589609,0.584,0.022931040521809925,0.584,0.0,0.022917651,7.0
3.60533902653837,-1.158071131388379,7.0,331.1585524015931,4.7384861325986805,0.585,0.022930868872365402,0.585,0.0,0.022917651,7.0
3.605662781943767,-1.1550824631163317,7.0,331.4790538816926,4.7375842982990255,0.5860000000000001,0.02293069539306045,0.586,0.0,0.022917651,7.0
3.60598687418623,-1.1520912476947203,7.0,331.8024938796091,4.736681264220003,0.587,0.02293052003138185,0.587,0.0,0.022917651,7.0
3.606311313025647,-1.1490974113196315,7.0,332.1289575391893,4.735776995597886,0.588,0.02293034273278766,0.588,0.0,0.022917651,7.0
3.60663610860264,-1.1461008773080446,7.0,332.4585333257623,4.734871456312806,0.589,0.022930163440608206,0.589,0.0,0.022917651,7.0
3.6069612714573185,-1.1431015659560535,7.0,332.79131318969894,4.7339646088219745,0.59,0.022929982095941364,0.59,0.0,0.022917651,7.0
3.60728681254914,-1.1400993943886306,7.0,333.1273927397331,4.733056414088913,0.5910000000000001,0.022929798637541507,0.591,0.0,0.022917651,7.0
3.607612743277979,-1.1370942764003338,7.0,333.4668714267305,4.7321468315084205,0.592,0.022929613001701796,0.592,0.0,0.022917651,7.0
3.607939075506479,-1.134086122286312,7.0,333.80985273864667,4.731235818826984,0.593,0.022929425122129286,0.593,0.0,0.022917651,7.0
3.6082658215837635,-1.1310748386629186,7.0,334.15644440747906,4.7303233320582665,0.5940000000000001,0.022929234929812355,0.594,0.0,0.022917651,7.0
3.6085933654032307,-1.1280600744634728,7.0,334.5062266423847,4.729410555193231,0.595,0.022929042338221517,0.595,0.0,0.022917651,7.0
3.608921408258997,-1.125041879110819,7.0,334.8598257151433,4.7284963432238944,0.5960000000000001,0.022928847265341005,0.596,0.0,0.022917651,7.0
3.6092499205658006,-1.1220201693493306,7.0,335.21743411289964,4.727580494611657,0.597,0.02292864963165479,0.597,0.0,0.022917651,7.0
3.6095789176717474,-1.1189948302798634,7.0,335.57918291545377,4.726662955848552,0.598,0.022928449353440586,0.598,0.0,0.022917651,7.0
3.6099084156013648,-1.1159657419394466,7.0,335.94520897954663,4.725743671068414,0.599,0.022928246343286277,0.599,0.0,0.022917651,7.0
3.6102384310932805,-1.1129327790192078,7.0,336.31565526065623,4.724822581915516,0.6,0.022928040509884437,0.6,0.0,0.022917651,7.0
3.6106154820032437,-1.1100055709173604,7.0,336.497895701053,4.724073044990511,0.601,0.022928030528069226,0.601,0.0,0.022917651,7.0
3.610992670638046,-1.107077358282968,7.0,336.68142424962235,4.723323054434365,0.602,0.022928020485744025,0.602,0.0,0.022917651,7.0
3.611369999037718,-1.1041481262365118,7.0,336.86625998631257,4.722572603527725,0.603,0.02292801038201253,0.603,0.0,0.022917651,7.0
3.611747469282785,-1.1012178596031479,7.0,337.05242236976756,4.721821685417868,0.6040000000000001,0.022928000215960656,0.604,0.0,0.022917651,7.0
3.6121250834952687,-1.098286542905342,7.0,337.23993124676946,4.72107029311538,0.605,0.02292798998665609,0.605,0.0,0.022917651,7.0
3.612502843839731,-1.0953541603552848,7.0,337.42880686196423,4.720318419490738,0.6060000000000001,0.02292797969314781,0.606,0.0,0.022917651,7.0
3.6128807525243465,-1.0924206958470783,7.0,337.61906986788205,4.719566057270768,0.607,0.022927969334465663,0.607,0.0,0.022917651,7.0
3.6132588118020026,-1.0894861329486847,7.0,337.8107413352618,4.71881319903502,0.608,0.022927958909619815,0.608,0.0,0.022917651,7.0
3.613637023971442,-1.0865504548936271,7.0,338.0038427636907,4.718059837212018,0.6090000000000001,0.022927948417600316,0.609,0.0,0.022917651,7.0
3.6140153913784294,-1.08361364457244,7.0,338.1983960925702,4.717305964075394,0.61,0.02292793785737654,0.61,0.0,0.022917651,7.0
3.6143940356643616,-1.0806758914027175,7.0,338.39409660548614,4.716552257003762,0.6110000000000001,0.022927927183288913,0.611,0.0,0.022917651,7.0
3.614772842383845,-1.0777369701742388,7.0,338.5912863422219,4.715798031647823,0.612,0.022927916438819283,0.612,0.0,0.022917651,7.0
3.6151518121191226,-1.074796859221698,7.0,338.7899939041288,4.7150432686490875,0.613,0.02292790562360634,0.613,0.0,0.022917651,7.0
3.6155309474288932,-1.071855539871157,7.0,338.99024311502745,4.714287959568699,0.614,0.022927894736539698,0.614,0.0,0.022917651,7.0
3.615910250925688,-1.0689129930558132,7.0,339.19205829994695,4.713532095790268,0.615,0.022927883776485608,0.615,0.0,0.022917651,7.0
3.6162897252772903,-1.0659691993056146,7.0,339.3954642983745,4.71277566851517,0.6160000000000002,0.022927872742286342,0.616,0.0,0.022917651,7.0
3.6166693732082047,-1.0630241387365411,7.0,339.60048647792854,4.712018668757708,0.617,0.022927861632759554,0.617,0.0,0.022917651,7.0
3.6170491975011734,-1.0600777910395442,7.0,339.8071507484697,4.711261087340113,0.6180000000000001,0.02292785044669763,0.618,0.0,0.022917651,7.0
3.6174292009987408,-1.0571301354691298,7.0,340.0154835766676,4.710502914887383,0.619,0.022927839182867008,0.619,0.0,0.022917651,7.0
3.617809386604869,-1.0541811508315704,7.0,340.2255120010381,4.7097441418219566,0.6200000000000001,0.022927827840007468,0.62,0.0,0.022917651,7.0
3.618189757286602,-1.0512308154727332,7.0,340.4372636474724,4.708984758358212,0.6210000000000001,0.0229278164168314,0.621,0.0,0.022917651,7.0
3.6185703160757936,-1.0482791072655104,7.0,340.65076674527353,4.708224754496788,0.622,0.022927804912023092,0.622,0.0,0.022917651,7.0
3.6189510660708812,-1.0453260035968348,7.0,340.8660501437221,4.707464120018719,0.6230000000000001,0.02292779332423793,0.623,0.0,0.022917651,7.0
3.61933201043873,-1.0423714813542642,7.0,341.0831433291896,4.706702844479365,0.6240000000000001,0.022927781652101596,0.624,0.0,0.022917651,7.0
3.6197131524165242,-1.0394155169121215,7.0,341.3020764428234,4.705940917202152,0.625,0.02292776989420927,0.625,0.0,0.022917651,7.0
3.6200945591099414,-1.0364580013422604,7.0,341.52270853319806,4.705178497223438,0.6260000000000001,0.022927758041248667,0.626,0.0,0.022917651,7.0
3.62047622550906,-1.0334989191772548,7.0,341.7450950936033,4.704415549054003,0.6270000000000001,0.02292774609329079,0.627,0.0,0.022917651,7.0
3.620858101488841,-1.0305383157214068,7.0,341.9694131339614,4.703651917870055,0.628,0.02292773405560651,0.628,0.0,0.022917651,7.0
3.6212401906271694,-1.0275761650038011,7.0,342.1956956277847,4.702887592011425,0.629,0.022927721926664046,0.629,0.0,0.022917651,7.0
3.6216224965838335,-1.024612440458984,7.0,342.4239763034303,4.702122559551012,0.6300000000000001,0.022927709704896552,0.63,0.0,0.022917651,7.0
3.6220050231028877,-1.021647114909854,7.0,342.65428966582374,4.7013568082871,0.6310000000000001,0.022927697388701113,0.631,0.0,0.022917651,7.0
3.6223877740150896,-1.0186801605499551,7.0,342.8866710189391,4.700590325735416,0.632,0.02292768497643769,0.632,0.0,0.022917651,7.0
3.622770753240423,-1.015711548925153,7.0,343.12115648906314,4.699823099120894,0.633,0.022927672466428056,0.633,0.0,0.022917651,7.0
3.6231539647907134,-1.012741250914668,7.0,343.3577830488779,4.699055115369171,0.6340000000000001,0.022927659856954642,0.634,0.0,0.022917651,7.0
3.62353741277233,-1.0097692367114364,7.0,343.59658854239365,4.698286361097756,0.6350000000000001,0.022927647146259417,0.635,0.0,0.022917651,7.0
3.6239211013889925,-1.006795475801773,7.0,343.8376117107699,4.697516822606909,0.6360000000000001,0.022927634332542673,0.636,0.0,0.022917651,7.0
3.624305034944669,-1.0038199369443073,7.0,344.08089221905857,4.696746485870181,0.637,0.022927621413961777,0.637,0.0,0.022917651,7.0
3.6246892178465826,-1.0008425881481617,7.0,344.3264706839105,4.695975336524615,0.638,0.022927608388629898,0.638,0.0,0.022917651,7.0
3.625073700415096,-0.9978633198899924,7.0,344.5742535336688,4.6952034657384925,0.639,0.02292759517197153,0.639,0.0,0.022917651,7.0
3.625458513177776,-0.9948820526959024,7.0,344.82420895242694,4.694430915868553,0.64,0.02292758171962836,0.64,0.0,0.022917651,7.0
3.625843590374799,-0.9918988691481804,7.0,345.0765895904945,4.693657507387878,0.6410000000000001,0.02292756815875786,0.641,0.0,0.022917651,7.0
3.626228936887259,-0.9889137338735706,7.0,345.33144021408924,4.692883224447692,0.642,0.022927554487356765,0.642,0.0,0.022917651,7.0
3.6266145577171267,-0.9859266106228377,7.0,345.58880669801357,4.692108050806744,0.643,0.02292754070337221,0.643,0.0,0.022917651,7.0
3.6270004579910116,-0.9829374622434838,7.0,345.84873606018476,4.691331969819078,0.644,0.022927526804700157,0.644,0.0,0.022917651,7.0
3.627386642964068,-0.9799462506514357,7.0,346.1112764974633,4.690554964421356,0.645,0.022927512789183827,0.645,0.0,0.022917651,7.0
3.627773118024054,-0.9769529368016644,7.0,346.3764774228374,4.689777017119686,0.6460000000000001,0.022927498654612015,0.646,0.0,0.022917651,7.0
3.628159888695535,-0.9739574806576812,7.0,346.6443895040243,4.688998109975961,0.647,0.02292748439871736,0.647,0.0,0.022917651,7.0
3.6285469606442575,-0.9709598411598698,7.0,346.9150647035504,4.6882182245936646,0.648,0.02292747001917457,0.648,0.0,0.022917651,7.0
3.6289343396816856,-0.9679599761925904,7.0,347.1885563203788,4.687437342103139,0.6489999999999999,0.02292745551359854,0.649,0.0,0.022917651,7.0
3.6293220469671836,-0.9649577728038676,7.0,347.4649085477359,4.686655434402014,0.65,0.022927440863237634,0.65,0.0,0.022917651,7.0
3.629710299171615,-0.9619522207714474,7.0,347.74403486860234,4.685872360904267,0.6510000000000001,0.022927425838738722,0.651,0.0,0.022917651,7.0
3.6300988762885873,-0.9589443135329956,7.0,348.02615112576865,4.685088231879306,0.652,0.022927410679420817,0.652,0.0,0.022917651,7.0
3.6304877847118666,-0.9559340047417949,7.0,348.3113161564361,4.684303026556031,0.653,0.022927395382630902,0.653,0.0,0.022917651,7.0
3.6308770310040823,-0.9529212468270595,7.0,348.5995903517628,4.683516723614753,0.6540000000000001,0.02292737994564589,0.654,0.0,0.022917651,7.0
3.631266621902341,-0.9499059909532543,7.0,348.8910357085068,4.682729301168964,0.655,0.022927364365670277,0.655,0.0,0.022917651,7.0
3.6316565643240675,-0.9468881869777827,7.0,349.1857158827427,4.681940736746374,0.6560000000000001,0.022927348639833763,0.656,0.0,0.022917651,7.0
3.6320468653730753,-0.943867783406962,7.0,349.483696245749,4.681151007269177,0.657,0.022927332765188692,0.657,0.0,0.022917651,7.0
3.632437532345886,-0.9408447273502104,7.0,349.7850439421701,4.680360089033526,0.658,0.022927316738707453,0.658,0.0,0.022917651,7.0
3.6328285727383114,-0.9378189644723544,7.0,350.08982795056045,4.679567957688151,0.659,0.02292730055727973,0.659,0.0,0.022917651,7.0
3.6332200296266643,-0.9347903055158222,7.0,350.39803878468786,4.678774595834607,0.66,0.022927284232807415,0.66,0.0,0.022917651,7.0
3.633611993357711,-0.9317583794850377,7.0,350.7095656939978,4.677979992851009,0.6610000000000001,0.022927267801358946,0.661,0.0,0.022917651,7.0
3.6340043567338824,-0.9287235606436702,7.0,351.0247480687396,4.677184095685913,0.662,0.02292725121302347,0.662,0.0,0.022917651,7.0
3.634397128187889,-0.925685787952001,7.0,351.3436630410231,4.676386877031456,0.663,0.02292723446449059,0.663,0.0,0.022917651,7.0
3.634790316391363,-0.9226449986408559,7.0,351.6663899283625,4.675588308806055,0.664,0.022927217552356133,0.664,0.0,0.022917651,7.0
3.6351839302633873,-0.9196011281499187,7.0,351.9930103116285,4.674788362126806,0.6650000000000001,0.02292720047311876,0.665,0.0,0.022917651,7.0
3.635577978979382,-0.9165541100633811,7.0,352.3236081163605,4.673987007280699,0.666,0.022927183223176526,0.666,0.0,0.022917651,7.0
3.6359724719803825,-0.9135038760428036,7.0,352.65826969760985,4.673184213694579,0.667,0.022927165798823198,0.667,0.0,0.022917651,7.0
3.6363674189827186,-0.910450355757034,7.0,352.99708392849374,4.672379949903798,0.6680000000000001,0.022927148196244473,0.668,0.0,0.022917651,7.0
3.6367629595636637,-0.9073930055047242,7.0,353.3399346135964,4.671574229336405,0.6689999999999999,0.022927130320591575,0.669,0.0,0.022917651,7.0
3.6371590658325608,-0.904331894562592,7.0,353.6869858904511,4.670767009989474,0.67,0.02292711219199571,0.67,0.0,0.022917651,7.0
3.637555662146337,-0.9012672611802921,7.0,354.03847557437865,4.669958228309513,0.6710000000000002,0.022927093866093203,0.671,0.0,0.022917651,7.0
3.6379527595626087,-0.898199025875736,7.0,354.3945038158003,4.669147849043265,0.672,0.02292707533843193,0.672,0.0,0.022917651,7.0
3.6383503694741925,-0.895127106757414,7.0,354.75517380109716,4.668335835868801,0.673,0.022927056604424803,0.673,0.0,0.022917651,7.0
3.638748503621903,-0.8920514194324005,7.0,355.1205918685292,4.667522151354725,0.674,0.022927037659344618,0.674,0.0,0.022917651,7.0
3.6391471741079457,-0.88897187691011,7.0,355.49086762950583,4.666706756917485,0.675,0.02292701849831867,0.675,0.0,0.022917651,7.0
3.639546393409926,-0.8858883895015746,7.0,355.86611409549874,4.665889612776689,0.676,0.0229269991163231,0.676,0.0,0.022917651,7.0
3.639946317852844,-0.8827997372628067,7.0,356.24618043614424,4.665070124245494,0.677,0.022926979445673783,0.677,0.0,0.022917651,7.0
3.6403468250050413,-0.8797068848773067,7.0,356.6314458440469,4.664248766353376,0.6780000000000002,0.0229269595451273,0.678,0.0,0.022917651,7.0
3.640747922184831,-0.8766097837242511,7.0,357.0220465020554,4.6634255197542105,0.679,0.022926939412176377,0.679,0.0,0.022917651,7.0
3.641149623556983,-0.8735083318036476,7.0,357.418110493305,4.662600339105885,0.68,0.022926919041241688,0.68,0.0,0.022917651,7.0
3.6415519437433277,-0.8704024238242195,7.0,357.8197700338528,4.661773177603208,0.6810000000000002,0.02292689842656387,0.681,0.0,0.022917651,7.0
3.641954897841342,-0.8672919510695749,7.0,358.22716164073233,4.66094398691842,0.682,0.022926877562196225,0.682,0.0,0.022917651,7.0
3.642358614115555,-0.8641765063700335,7.0,358.6403613105524,4.660112873823858,0.683,0.02292685646205908,0.683,0.0,0.022917651,7.0
3.642763643243782,-0.861054589672823,7.0,359.0592166669288,4.659280545206155,0.6840000000000002,0.022926835225240094,0.684,0.0,0.022917651,7.0
3.6431693748782106,-0.8579277334737475,7.0,359.4842482865479,4.658446087264852,0.685,0.02292681374140532,0.685,0.0,0.022917651,7.0
3.6435758267967233,-0.8547958127719351,7.0,359.9156124682254,4.657609446114493,0.6860000000000002,0.022926792004303673,0.686,0.0,0.022917651,7.0
3.6439830173821655,-0.8516586983128736,7.0,360.3534708294506,4.656770566035963,0.687,0.022926770007471377,0.687,0.0,0.022917651,7.0
3.6443909656482956,-0.8485162564059263,7.0,360.79799053456316,4.655929389397815,0.6880000000000001,0.02292674774422279,0.6880000000000001,0.0,0.022917651,7.0
3.64479973144929,-0.8453681739599965,7.0,361.2493093972172,4.655085841937702,0.6890000000000002,0.022926725182978697,0.6890000000000001,0.0,0.022917651,7.0
3.645209775726504,-0.8422123961329853,7.0,361.7072450709316,4.654239706035703,0.6900000000000001,0.022926702050602238,0.6900000000000001,0.0,0.022917651,7.0
3.6456206602468977,-0.8390507762208296,7.0,362.1724071167974,4.653391088784223,0.6910000000000001,0.022926678625560925,0.6910000000000001,0.0,0.022917651,7.0
3.6460324076242614,-0.8358831569932277,7.0,362.6449900209689,4.652539923401738,0.6920000000000001,0.022926654899978145,0.6920000000000001,0.0,0.022917651,7.0
3.6464450412912157,-0.8327093755266695,7.0,363.1251953118193,4.651686140688615,0.6930000000000002,0.022926630865692084,0.6930000000000001,0.0,0.022917651,7.0
3.646858585536613,-0.8295292629443992,7.0,363.6132318815942,4.650829668916652,0.6940000000000002,0.022926606514242713,0.6940000000000001,0.0,0.022917651,7.0
3.647273318223362,-0.8263417842185686,7.0,364.10921293029145,4.649970587981875,0.6950000000000001,0.022926581827015482,0.6950000000000001,0.0,0.022917651,7.0
3.647689167247695,-0.8231471226502292,7.0,364.61339383537825,4.649108791731752,0.6960000000000002,0.022926556792808025,0.6960000000000001,0.0,0.022917651,7.0
3.6481060072728786,-0.8199456171232751,7.0,365.1260663073434,4.648244115682815,0.6970000000000001,0.022926531406606627,0.6970000000000001,0.0,0.022917651,7.0
3.648523866317328,-0.8167370741395155,7.0,365.6474704269539,4.647376478414956,0.6980000000000001,0.02292650565845941,0.6980000000000001,0.0,0.022917651,7.0
3.6489427734657207,-0.8135212928370349,7.0,366.1778554114367,4.64650579540956,0.6990000000000002,0.022926479538035796,0.6990000000000001,0.0,0.022917651,7.0
3.649363010654206,-0.8102963383025912,7.0,366.71732826171603,4.645631259687976,0.7,0.022926453271346247,0.7000000000000001,0.0,0.022917651,7.0
3.6497840904480907,-0.8074821024674844,7.0,367.0098002709262,4.645081263864815,0.7010000000000002,0.022926451467121422,0.7010000000000001,0.0,0.022917651,7.0
3.650205420466131,-0.8046661149807804,7.0,367.30457506762673,4.6445305172150935,0.7020000000000001,0.02292644964909659,0.7020000000000001,0.0,0.022917651,7.0
3.6506270042833044,-0.8018483508164674,7.0,367.6016855519604,4.643979009011686,0.7030000000000001,0.022926447817074598,0.7030000000000001,0.0,0.022917651,7.0
3.651048845543015,-0.7990287844695204,7.0,367.9011652537988,4.6434267283221375,0.7039999999999998,0.022926445970854498,0.704,0.0,0.022917651,7.0
3.651470947958737,-0.7962073899443841,7.0,368.20304834788186,4.642873664003734,0.705,0.022926444110231495,0.705,0.0,0.022917651,7.0
3.6518933153157125,-0.793384140743126,7.0,368.5073696693953,4.642319804698421,0.706,0.022926442234996826,0.706,0.0,0.022917651,7.0
3.6523159767618427,-0.7905586945292203,7.0,368.8141015310396,4.641764924185697,0.7070000000000001,0.02292644025311151,0.707,0.0,0.022917651,7.0
3.652738949361391,-0.7877308873333558,7.0,369.1232501424391,4.641208926669669,0.7080000000000001,0.022926438128686128,0.708,0.0,0.022917651,7.0
3.653162202817065,-0.7849011306650003,7.0,369.4349395447038,4.6406521031838714,0.709,0.02292643599128629,0.709,0.0,0.022917651,7.0
3.6535857412993527,-0.7820693955760399,7.0,369.74920746655437,4.6400944414633125,0.71,0.02292643384071934,0.71,0.0,0.022917651,7.0
3.654009569061726,-0.7792356525423683,7.0,370.06609238741555,4.639535928998957,0.711,0.022926431676788775,0.711,0.0,0.022917651,7.0
3.6544336904427146,-0.7763998714494882,7.0,370.38563355618135,4.638976553031627,0.712,0.022926429499294177,0.712,0.0,0.022917651,7.0
3.6548581098680386,-0.7735620215776807,7.0,370.70787101054503,4.638416300545723,0.7130000000000001,0.022926427308031096,0.713,0.0,0.022917651,7.0
3.655282867049193,-0.770721726636499,7.0,371.03284302584,4.637854953638712,0.7140000000000001,0.022926425099716135,0.714,0.0,0.022917651,7.0
3.6557080548357876,-0.7678780521873613,7.0,371.36059607280515,4.637291948001498,0.715,0.022926422864732537,0.715,0.0,0.022917651,7.0
3.6561335483674533,-0.7650322104181353,7.0,371.6911893516253,4.636727997993666,0.7159999999999999,0.022926420613058725,0.716,0.0,0.022917651,7.0
3.6565593523126947,-0.7621841682354283,7.0,372.02466623056466,4.6361630891953665,0.717,0.022926418344439845,0.717,0.0,0.022917651,7.0
3.656985471435547,-0.7593338918686504,7.0,372.36107096533976,4.635597206891677,0.7180000000000001,0.02292641605861583,0.718,0.0,0.022917651,7.0
3.6574119105980354,-0.7564813468526052,7.0,372.70044872193654,4.635030336065009,0.719,0.022926413755321267,0.719,0.0,0.022917651,7.0
3.657838674762705,-0.7536264980095386,7.0,373.04284560013497,4.634462461387289,0.7200000000000001,0.022926411434285265,0.72,0.0,0.022917651,7.0
3.6582659538626063,-0.7507682831063629,7.0,373.3883289677065,4.633893281711931,0.7209999999999999,0.022926409095371168,0.721,0.0,0.022917651,7.0
3.6586937283339975,-0.7479068043326516,7.0,373.7369575219949,4.633322820838515,0.722,0.02292640673823559,0.722,0.0,0.022917651,7.0
3.659121842548754,-0.7450429181026479,7.0,374.0887666572215,4.632751311504224,0.723,0.022926404362456524,0.723,0.0,0.022917651,7.0
3.6595503018519207,-0.7421765865408236,7.0,374.44380641217015,4.632178737214049,0.724,0.022926401967740668,0.724,0.0,0.022917651,7.0
3.659979111701253,-0.7393077709729544,7.0,374.80212788081076,4.631605081125146,0.7250000000000001,0.02292639955378852,0.725,0.0,0.022917651,7.0
3.660408277670209,-0.736436431904956,7.0,375.1637832402616,4.631030326037617,0.726,0.022926397120294238,0.726,0.0,0.022917651,7.0
3.6608378358037745,-0.7335620338175372,7.0,375.5287995263767,4.6304540805390415,0.727,0.02292639467697081,0.727,0.0,0.022917651,7.0
3.661267825859568,-0.730683988088698,7.0,375.8972051355792,4.6298759149290625,0.728,0.022926392236009757,0.728,0.0,0.022917651,7.0
3.6616981908063497,-0.7278032833272832,7.0,376.2691119147459,4.629296589829982,0.729,0.022926389776974167,0.729,0.0,0.022917651,7.0
3.662128936735815,-0.7249198763260105,7.0,376.64457675525864,4.628716086400975,0.73,0.02292638729957035,0.73,0.0,0.022917651,7.0
3.6625600698723626,-0.7220337229363856,7.0,377.02365778780177,4.628134385390793,0.7310000000000001,0.0229263848034982,0.731,0.0,0.022917651,7.0
3.6629915965767204,-0.7191447780429322,7.0,377.4064144162919,4.627551467126529,0.7319999999999999,0.02292638228845106,0.732,0.0,0.022917651,7.0
3.6634234362445013,-0.7162525137636906,7.0,377.79282947128956,4.626966480971088,0.7329999999999999,0.02292637975741027,0.733,0.0,0.022917651,7.0
3.663855602848377,-0.7133569017491288,7.0,378.1829693678882,4.626379454475122,0.734,0.022926377210247973,0.734,0.0,0.022917651,7.0
3.664288184646442,-0.7104583368246462,7.0,378.57696982502097,4.625791135805138,0.735,0.02292637464371282,0.735,0.0,0.022917651,7.0
3.664721188637812,-0.7075567692117162,7.0,378.97489592188816,4.62520150317838,0.736,0.022926372057478234,0.736,0.0,0.022917651,7.0
3.6651546219798066,-0.7046521480066372,7.0,379.3768142087151,4.624610534319723,0.737,0.02292636945121025,0.737,0.0,0.022917651,7.0
3.6655885078440917,-0.7017442891816045,7.0,379.78280419288325,4.624018138067765,0.738,0.02292636682183173,0.738,0.0,0.022917651,7.0
3.6660230656025248,-0.6988313729908419,7.0,380.19309709358254,4.623423374633238,0.739,0.022926364131640342,0.739,0.0,0.022917651,7.0
3.666458073291159,-0.6959152542854158,7.0,380.60760583121913,4.622827208448847,0.7400000000000001,0.022926361419193134,0.74,0.0,0.022917651,7.0
3.666893538664343,-0.6929958778713973,7.0,381.02640306388514,4.622229615338813,0.741,0.02292635868410655,0.741,0.0,0.022917651,7.0
3.6673294696556447,-0.6900731872792042,7.0,381.44956312896034,4.621630570568607,0.7420000000000001,0.022926355925988143,0.742,0.0,0.022917651,7.0
3.6677658743830617,-0.6871471247265346,7.0,381.8771620919087,4.621030048828704,0.7430000000000001,0.02292635314443636,0.743,0.0,0.022917651,7.0
3.668203000825927,-0.6842155140366459,7.0,382.30916298710855,4.620426861335627,0.744,0.022926350285619346,0.744,0.0,0.022917651,7.0
3.668640633694406,-0.6812802884655877,7.0,382.7457577365562,4.619822084509435,0.7450000000000001,0.02292634739833348,0.745,0.0,0.022917651,7.0
3.6690787703449477,-0.67834148701997,7.0,383.18703366786553,4.619215747001892,0.7460000000000001,0.022926344484652212,0.746,0.0,0.022917651,7.0
3.6695174197831233,-0.6753990457777092,7.0,383.6330744615163,4.618607820914372,0.7470000000000001,0.022926341544103678,0.747,0.0,0.022917651,7.0
3.669956610865525,-0.6724526286221381,7.0,384.0839688053854,4.617998085695937,0.748,0.022926338544129996,0.748,0.0,0.022917651,7.0
3.670396441313599,-0.6695009494574651,7.0,384.5398225014144,4.6173856466580165,0.7490000000000001,0.022926335343248987,0.749,0.0,0.022917651,7.0
3.670836813147189,-0.6665454218554105,7.0,385.00071232656114,4.616771524619106,0.75,0.022926332119224575,0.75,0.0,0.022917651,7.0
3.6712777362654396,-0.6635859754479316,7.0,385.4667303656156,4.616155688805815,0.751,0.022926328871633588,0.751,0.0,0.022917651,7.0
3.6717192208103153,-0.660622538140908,7.0,385.9379709621418,4.6155381076898925,0.752,0.022926325600042468,0.752,0.0,0.022917651,7.0
3.672161764979923,-0.6576531888499898,7.0,386.41490190471035,4.61491885469905,0.753,0.022926322438003882,0.753,0.0,0.022917651,7.0
3.672605162282432,-0.6546786247914497,7.0,386.8974864264596,4.6142978004948,0.7540000000000001,0.022926319325311733,0.754,0.0,0.022917651,7.0
3.67304913364665,-0.6516998547964431,7.0,387.385611461556,4.613674836643095,0.7550000000000001,0.022926316181862142,0.755,0.0,0.022917651,7.0
3.673493689734982,-0.6487168007454909,7.0,387.87937991740637,4.613049927674861,0.756,0.02292631300708382,0.756,0.0,0.022917651,7.0
3.6739390362642603,-0.6457281891102965,7.0,388.37898247311284,4.612422622815118,0.7569999999999999,0.02292630979764514,0.757,0.0,0.022917651,7.0
3.674385310762335,-0.6427331688119544,7.0,388.88459033699957,4.611792621011948,0.758,0.022926306550951635,0.758,0.0,0.022917651,7.0
3.674832204166402,-0.6397336221054877,7.0,389.39617739029677,4.611160568453793,0.759,0.022926303270808045,0.759,0.0,0.022917651,7.0
3.6752797282001723,-0.636729463248797,7.0,389.91385689461026,4.610526426293952,0.76,0.022926299956580732,0.76,0.0,0.022917651,7.0
3.675728071187013,-0.6337195976394226,7.0,390.43785509942484,4.609889853329345,0.761,0.022926296554423513,0.761,0.0,0.022917651,7.0
3.676177367866286,-0.6307031900999919,7.0,390.9683798028767,4.609250553446065,0.762,0.022926293027894142,0.762,0.0,0.022917651,7.0
3.676627321721489,-0.6276818911694093,7.0,391.505365406319,4.608608990948618,0.763,0.02292628947014108,0.763,0.0,0.022917651,7.0
3.677077945432687,-0.6246556064693675,7.0,392.0489365713844,4.607965122180368,0.7640000000000001,0.022926285880561875,0.764,0.0,0.022917651,7.0
3.677529354850247,-0.6216229220796993,7.0,392.59932682061253,4.607317993326463,0.7650000000000001,0.022926282306178394,0.765,0.0,0.022917651,7.0
3.677981538437995,-0.6185840634217645,7.0,393.1566484768814,4.606667784308587,0.7660000000000001,0.02292627873177306,0.766,0.0,0.022917651,7.0
3.678434432108751,-0.615539926324045,7.0,393.72095793606815,4.606015137055264,0.767,0.022926275119778246,0.767,0.0,0.022917651,7.0
3.6788880498782897,-0.6124904065995453,7.0,394.2923931249505,4.6053600034400715,0.768,0.022926271469452,0.768,0.0,0.022917651,7.0
3.6793426193440393,-0.6094328796672441,7.0,394.8711414412182,4.604700676095649,0.7690000000000001,0.02292626779725415,0.769,0.0,0.022917651,7.0
3.679797950555394,-0.6063696252470986,7.0,395.4573127558864,4.604038668472859,0.77,0.02292626408510894,0.77,0.0,0.022917651,7.0
3.680254050563072,-0.6033006253495932,7.0,396.0510549181889,4.60337399052598,0.7710000000000001,0.022926260331528274,0.771,0.0,0.022917651,7.0
3.680711052152414,-0.6002243018436644,7.0,396.6525178504021,4.6027055936008265,0.772,0.022926256478647707,0.772,0.0,0.022917651,7.0
3.6811689610472547,-0.5971407015122364,7.0,397.26186872624567,4.602033547567026,0.7730000000000001,0.022926252541348797,0.773,0.0,0.022917651,7.0
3.681627693250227,-0.5940509666587653,7.0,397.8792757425775,4.601358660179101,0.7739999999999999,0.02292624857112588,0.774,0.0,0.022917651,7.0
3.682087393159576,-0.5909540266856023,7.0,398.50502112557587,4.60068043905974,0.775,0.022926244578966717,0.775,0.0,0.022917651,7.0
3.682548288348286,-0.5878481664035242,7.0,399.1394736174433,4.599998080567915,0.7760000000000001,0.022926240575455555,0.776,0.0,0.022917651,7.0
3.683010049455236,-0.5847358084290555,7.0,399.7824980353438,4.599312688291961,0.777,0.022926236523282507,0.777,0.0,0.022917651,7.0
3.683472729858295,-0.5816163838327032,7.0,400.4342824560706,4.59862390628932,0.778,0.022926232408340456,0.778,0.0,0.022917651,7.0
3.6839364956411305,-0.5784879611624619,7.0,401.09505303081124,4.5979304650941275,0.7790000000000001,0.02292622818304831,0.779,0.0,0.022917651,7.0
3.684401188309498,-0.575352593544361,7.0,401.764961872462,4.5972337864284345,0.7800000000000001,0.02292622391846752,0.78,0.0,0.022917651,7.0
3.6848668606802684,-0.5722095745554638,7.0,402.44423432126854,4.596533374513695,0.7810000000000001,0.02292621964758034,0.781,0.0,0.022917651,7.0
3.685333636741453,-0.5690570190172206,7.0,403.1331727887777,4.595827838124912,0.782,0.022926215468283107,0.782,0.0,0.022917651,7.0
3.6858014047080143,-0.5658970299731454,7.0,403.83187075583584,4.595118835637979,0.7830000000000001,0.02292621123819153,0.783,0.0,0.022917651,7.0
3.6862704800635746,-0.5627278079645767,7.0,404.5404938356601,4.5944058329310185,0.7839999999999999,0.022926206996779847,0.784,0.0,0.022917651,7.0
3.686741127979205,-0.5595478684304719,7.0,405.25924157148665,4.593688409014604,0.785,0.022926202777255225,0.785,0.0,0.022917651,7.0
3.687212858342369,-0.5563599153553358,7.0,405.98843476839863,4.592967301503851,0.786,0.02292619850792956,0.786,0.0,0.022917651,7.0
3.687685079782725,-0.5531627530834207,7.0,406.7288265532997,4.592238945253414,0.787,0.022926193863516915,0.787,0.0,0.022917651,7.0
3.688158063424057,-0.5499567731963471,7.0,407.48038091377526,4.591504818069349,0.788,0.02292618899489384,0.788,0.0,0.022917651,7.0
3.6886321988057675,-0.5467421349196593,7.0,408.24306607276316,4.590766639617379,0.789,0.022926184082198712,0.789,0.0,0.022917651,7.0
3.6891084225634683,-0.5435150833106542,7.0,409.01717611701434,4.5900244053916115,0.79,0.022926179334695488,0.79,0.0,0.022917651,7.0
3.6895858221282203,-0.5402791519435799,7.0,409.80295146155174,4.589277994834557,0.791,0.022926174538935584,0.791,0.0,0.022917651,7.0
3.690064713613938,-0.537031086000868,7.0,410.6009466941547,4.5885254114344916,0.792,0.022926169719669418,0.792,0.0,0.022917651,7.0
3.690545010111425,-0.5337713832560772,7.0,411.4113238519641,4.5877668061490215,0.793,0.022926164859915298,0.793,0.0,0.022917651,7.0
3.6910265189572935,-0.5305016880240858,7.0,412.2341876066996,4.587003059927059,0.7940000000000002,0.022926159926742816,0.794,0.0,0.022917651,7.0
3.691509329318415,-0.5272199433047663,7.0,413.0700331390347,4.586232482529113,0.7949999999999999,0.022926154896005864,0.795,0.0,0.022917651,7.0
3.691993373486854,-0.5239283913399534,7.0,413.91885029079873,4.585457033421798,0.796,0.022926149811763795,0.796,0.0,0.022917651,7.0
3.692478505877346,-0.520623883016527,7.0,414.7811096269077,4.584672974513147,0.797,0.022926144677209413,0.797,0.0,0.022917651,7.0
3.6929649051178832,-0.5173086663771682,7.0,415.6569962899534,4.583883273708118,0.7980000000000002,0.022926139487811456,0.798,0.0,0.022917651,7.0
3.693452661190691,-0.5139810371866226,7.0,416.54696440792355,4.583086584992062,0.799,0.022926134242331156,0.799,0.0,0.022917651,7.0
3.6939417803418557,-0.5106416842772027,7.0,417.4512678553317,4.582283623602721,0.8000000000000002,0.02292612893322683,0.8,0.0,0.022917651,7.0
3.6943290050891453,-0.5079595888188857,7.0,417.79440765585207,4.581661950538812,0.801,0.022926128281305903,0.801,0.0,0.022917651,7.0
3.6947165486237115,-0.5052726697934413,7.0,418.1411257430693,4.581036733078057,0.8020000000000002,0.02292612762856977,0.802,0.0,0.022917651,7.0
3.6951042474014937,-0.5025833076509189,7.0,418.4913511399435,4.580409693497289,0.803,0.02292612696931825,0.803,0.0,0.022917651,7.0
3.695492103312905,-0.49989147264124517,7.0,418.8451265553244,4.579780809608376,0.804,0.022926126303472016,0.804,0.0,0.022917651,7.0
3.6958801182791747,-0.49719713452935216,7.0,419.20249539431387,4.579150058861469,0.805,0.022926125630950426,0.805,0.0,0.022917651,7.0
3.6962683345017893,-0.4944986437420041,7.0,419.56364543631815,4.578515956966797,0.8060000000000002,0.022926124947666302,0.806,0.0,0.022917651,7.0
3.696656703267772,-0.49179726515589356,7.0,419.9285343647895,4.5778795767513945,0.807,0.022926124256776172,0.807,0.0,0.022917651,7.0
3.6970452169169703,-0.4890932806752254,7.0,420.2971823103833,4.5772411701591444,0.808,0.022926123558974772,0.808,0.0,0.022917651,7.0
3.6974338772309268,-0.4863866582569061,7.0,420.6696354954367,4.576600712272931,0.8090000000000002,0.022926122854177132,0.809,0.0,0.022917651,7.0
3.697822845928955,-0.4836756883457666,7.0,421.04601528248423,4.575957142160693,0.8100000000000002,0.022926122091214668,0.81,0.0,0.022917651,7.0
3.69821201528234,-0.4809615247201162,7.0,421.4263218172944,4.575311181449145,0.8110000000000003,0.02292612130709197,0.811,0.0,0.022917651,7.0
3.6986013413459307,-0.4782446194780621,7.0,421.8105828355553,4.574663105949699,0.8120000000000002,0.022926120516647868,0.812,0.0,0.022917651,7.0
3.6989908260799784,-0.47552493832535186,7.0,422.1988478029961,4.574012889208957,0.8130000000000002,0.02292611971980329,0.8130000000000001,0.0,0.022917651,7.0
3.699380369704305,-0.47280094768982156,7.0,422.5913210449442,4.573358597413077,0.8140000000000002,0.022926119037763537,0.8140000000000001,0.0,0.022917651,7.0
3.6997700501826616,-0.47007384743460245,7.0,422.9879348675285,4.572701743309589,0.8150000000000002,0.02292611836683707,0.8150000000000001,0.0,0.022917651,7.0
3.700159885234655,-0.4673438424956448,7.0,423.38871713937556,4.572042602902186,0.8160000000000002,0.022926117687123423,0.8160000000000001,0.0,0.022917651,7.0
3.7005499043364094,-0.4646106956103581,7.0,423.7937337055665,4.57138105701408,0.8170000000000002,0.022926116971261873,0.8170000000000001,0.0,0.022917651,7.0
3.7009404090249975,-0.46187218704972033,7.0,424.20318740822165,4.5707160938861815,0.8180000000000001,0.022926115925808642,0.8180000000000001,0.0,0.022917651,7.0
3.701331073993577,-0.4591306621083051,7.0,424.6169865925173,4.5700487553189575,0.8190000000000001,0.02292611487774736,0.8190000000000001,0.0,0.022917651,7.0
3.701721901296172,-0.4563860821305063,7.0,425.03518694679025,4.569379010870613,0.8200000000000001,0.02292611382704459,0.8200000000000001,0.0,0.022917651,7.0
3.7021129909923443,-0.453637395711468,7.0,425.4579240407087,4.56870621054682,0.8210000000000001,0.02292611297265397,0.8210000000000001,0.0,0.022917651,7.0
3.7025043742761925,-0.45088423075545436,7.0,425.88528976388454,4.56803010762899,0.822,0.022926112380479584,0.8220000000000001,0.0,0.022917651,7.0
3.702895923002708,-0.44812787963577305,7.0,426.3172421306909,4.567351480450707,0.8230000000000002,0.022926111788670867,0.8230000000000001,0.0,0.022917651,7.0
3.703287639324204,-0.44536830090224194,7.0,426.7538408107596,4.566670296172774,0.8240000000000001,0.02292611119723258,0.8240000000000001,0.0,0.022917651,7.0
3.7036796255866418,-0.4426033555457782,7.0,427.1954005491858,4.5659848161770835,0.8250000000000001,0.02292611023668483,0.8250000000000001,0.0,0.022917651,7.0
3.7040717893072905,-0.4398348817370593,7.0,427.641767095125,4.565296516532619,0.8260000000000002,0.022926109234553835,0.8260000000000001,0.0,0.022917651,7.0
3.704464122544157,-0.43706304337445295,7.0,428.09297872222425,4.564605530246799,0.8270000000000002,0.02292610822715943,0.8270000000000001,0.0,0.022917651,7.0
3.704856778091428,-0.43428627334586745,7.0,428.54923166905803,4.563910906858256,0.8280000000000002,0.02292610731275313,0.8280000000000001,0.0,0.022917651,7.0
3.7052497563101983,-0.4315045537119057,7.0,429.01059672650393,4.563212629813094,0.8290000000000002,0.022926106486449088,0.8290000000000001,0.0,0.022917651,7.0
3.705642912456209,-0.4287193285608835,7.0,429.47701338530635,4.562511558876152,0.8300000000000003,0.022926105650914297,0.8300000000000001,0.0,0.022917651,7.0
3.7060362034108754,-0.42592999257349695,7.0,429.9485878688286,4.561806914856928,0.8310000000000001,0.022926104804479878,0.8310000000000001,0.0,0.022917651,7.0
3.706429515221319,-0.4231350338819,7.0,430.42549511886403,4.561096726577602,0.8320000000000002,0.022926103942940257,0.8320000000000001,0.0,0.022917651,7.0
3.7068230169718333,-0.4203364258502836,7.0,430.9076678746678,4.560383648898266,0.8330000000000001,0.02292610307174458,0.833,0.0,0.022917651,7.0
3.7072167170966024,-0.4175340614306467,7.0,431.39518333002206,4.559667608602674,0.8340000000000001,0.02292610219100794,0.834,0.0,0.022917651,7.0
3.7076108077646115,-0.41472601174831275,7.0,431.88830753550076,4.558947448429381,0.8350000000000001,0.022926101308557843,0.835,0.0,0.022917651,7.0
3.7080050955603,-0.4119141377083438,7.0,432.3869231767341,4.558224252468845,0.8360000000000001,0.022926100416035832,0.836,0.0,0.022917651,7.0
3.7083995831946206,-0.40909838671721405,7.0,432.89110577332417,4.5574979789721555,0.8370000000000001,0.02292609951330339,0.837,0.0,0.022917651,7.0
3.70879447948316,-0.40627582660051115,7.0,433.4011638068883,4.556766528824897,0.838,0.02292609839669984,0.838,0.0,0.022917651,7.0
3.7091895968612554,-0.4034490924080688,7.0,433.9169684836324,4.556031788784867,0.8390000000000001,0.022926097261500897,0.839,0.0,0.022917651,7.0
3.709584925420598,-0.4006183083463735,7.0,434.43858551068064,4.555293843559649,0.8400000000000001,0.02292609612050256,0.84,0.0,0.022917651,7.0
3.7099805201165523,-0.3977812986688177,7.0,434.9664971822739,4.554550741103152,0.8410000000000001,0.02292609537209961,0.841,0.0,0.022917651,7.0
3.710376328039366,-0.3949400178633668,7.0,435.50042195861903,4.553804220626894,0.8420000000000001,0.022926094640195065,0.842,0.0,0.022917651,7.0
3.710772363369909,-0.392094352318094,7.0,436.04044194199145,4.553054224817796,0.8430000000000001,0.02292609388836315,0.843,0.0,0.022917651,7.0
3.7111688722369616,-0.38924141137095536,7.0,436.5869586110414,4.552298843560143,0.844,0.02292609283598406,0.844,0.0,0.022917651,7.0
3.7115655987147442,-0.3863841238394161,7.0,437.1397412527886,4.551539986208938,0.8449999999999999,0.02292609178379243,0.845,0.0,0.022917651,7.0
3.711962587469097,-0.383521673314341,7.0,437.6989278473593,4.550777013452631,0.8460000000000001,0.022926090753223737,0.846,0.0,0.022917651,7.0
3.7123599331153585,-0.38065236170304206,7.0,438.26472057961644,4.550008602157721,0.8469999999999999,0.022926089782819147,0.847,0.0,0.022917651,7.0
3.712757509340273,-0.3777784917312777,7.0,438.8370625973426,4.549236554643477,0.848,0.022926088800374243,0.848,0.0,0.022917651,7.0
3.7131554034749175,-0.3748987048295359,7.0,439.4162330894,4.5484598689034215,0.849,0.022926087803670583,0.849,0.0,0.022917651,7.0
3.7135536135046654,-0.3720129998568299,7.0,440.0023284518722,4.5476785355264955,0.8500000000000001,0.022926086792429863,0.85,0.0,0.022917651,7.0
3.713952063559689,-0.36912252342941243,7.0,440.59527673217235,4.546893390894658,0.851,0.022926085768323883,0.851,0.0,0.022917651,7.0
3.714350996500158,-0.36622409313650817,7.0,441.19546273202565,4.546102217848311,0.8520000000000001,0.022926084728403035,0.852,0.0,0.022917651,7.0
3.7147502146617457,-0.36332025781194194,7.0,441.80276122048235,4.54530677964966,0.853,0.022926083674910714,0.853,0.0,0.022917651,7.0
3.7151497229824075,-0.36041053507221116,7.0,442.4173891441119,4.544506615216462,0.854,0.02292608253890368,0.854,0.0,0.022917651,7.0
3.7155495734047954,-0.35749365295301466,7.0,443.03967324691297,4.54370066118736,0.855,0.022926081231987725,0.855,0.0,0.022917651,7.0
3.7159496791037716,-0.3545716182105609,7.0,443.66936319149767,4.542890575575938,0.856,0.022926079919736272,0.856,0.0,0.022917651,7.0
3.716350107927238,-0.35164193378337466,7.0,444.30699589327173,4.542074129336379,0.857,0.0229260787105484,0.857,0.0,0.022917651,7.0
3.7167508098372886,-0.3487063377879938,7.0,444.952377996895,4.541252863146816,0.858,0.0229260775177625,0.858,0.0,0.022917651,7.0
3.717151826401094,-0.34576419835483274,7.0,445.6056003841048,4.54042631508225,0.859,0.022926076483353073,0.859,0.0,0.022917651,7.0
3.7175532033155485,-0.3428146332822042,7.0,446.2668430030928,4.539593787538127,0.86,0.022926075730922476,0.86,0.0,0.022917651,7.0
3.7179548479718783,-0.33985942875710856,7.0,446.93610588691166,4.538756691363105,0.861,0.022926074975220135,0.861,0.0,0.022917651,7.0
3.7183560639761337,-0.33689441434095024,7.0,447.6142951328885,4.537908059629941,0.862,0.02292607378832783,0.862,0.0,0.022917651,7.0
3.718757531676547,-0.3339236161812909,7.0,448.30076036130964,4.537054650761526,0.863,0.022926072595524274,0.863,0.0,0.022917651,7.0
3.7191589957712647,-0.33094570687300334,7.0,448.9962117604501,4.5361941220186095,0.864,0.022926071432670867,0.864,0.0,0.022917651,7.0
3.7195606038284907,-0.3279613567234406,7.0,449.7004490274804,4.535327730824564,0.865,0.02292607026891992,0.865,0.0,0.022917651,7.0
3.7199624650219953,-0.3249692198167935,7.0,450.41374632588366,4.5344545663901625,0.866,0.022926068990178048,0.866,0.0,0.022917651,7.0
3.7203645694411014,-0.3219689363000152,7.0,451.13630694144933,4.533574229126668,0.867,0.02292606758866126,0.867,0.0,0.022917651,7.0
3.720766878618453,-0.31896138043048006,7.0,451.8678606439286,4.5326874350086594,0.8680000000000001,0.022926066230762352,0.868,0.0,0.022917651,7.0
3.721169355371969,-0.3159447038974721,7.0,452.60859995291776,4.5317921814742546,0.8690000000000001,0.02292606499304881,0.869,0.0,0.022917651,7.0
3.721572144210339,-0.31292114953235434,7.0,453.35866669465645,4.530891300838462,0.8700000000000001,0.022926063733922263,0.87,0.0,0.022917651,7.0
3.7219754431176764,-0.30988841396358513,7.0,454.1184794572201,4.529983293518914,0.871,0.022926062432827226,0.871,0.0,0.022917651,7.0
3.722379039664987,-0.30684871869067715,7.0,454.8879284946174,4.529069516872413,0.872,0.022926061103153563,0.872,0.0,0.022917651,7.0
3.7227831043789537,-0.30379862452362266,7.0,455.66772665784566,4.528147209312013,0.8730000000000001,0.02292605958439666,0.873,0.0,0.022917651,7.0
3.723187464843758,-0.3007414460560141,7.0,456.45747722495435,4.5272190001894135,0.874,0.022926058069640654,0.874,0.0,0.022917651,7.0
3.723592181218817,-0.2976735833128729,7.0,457.2579880859963,4.526281526129891,0.875,0.0229260567456646,0.875,0.0,0.022917651,7.0
3.7239971945683754,-0.2945983434899076,7.0,458.0688034749812,4.5253378628266026,0.876,0.02292605544180223,0.876,0.0,0.022917651,7.0
3.724402495661941,-0.2915126505846874,7.0,458.89060448142084,4.524384899674129,0.877,0.022926054685731334,0.877,0.0,0.022917651,7.0
3.7248080979387628,-0.288418839257615,7.0,459.7231406964083,4.523425023559098,0.878,0.022926053836130788,0.878,0.0,0.022917651,7.0
3.7252139826325554,-0.28531312918638646,7.0,460.56714401455844,4.522454380900439,0.879,0.022926052386034932,0.879,0.0,0.022917651,7.0
3.7256201475167687,-0.2821990451198402,7.0,461.42238479744736,4.521476484207397,0.88,0.022926050946131083,0.88,0.0,0.022917651,7.0
3.726026553564801,-0.27907517325078,7.0,462.2895042414597,4.520489763095231,0.8809999999999999,0.022926049523775607,0.881,0.0,0.022917651,7.0
3.726433183776281,-0.275941999555807,7.0,463.1683078851501,4.519494633156642,0.882,0.022926048086641393,0.882,0.0,0.022917651,7.0
3.7268400049063835,-0.2727988481843578,7.0,464.05911419750817,4.518490283522267,0.883,0.02292604663542704,0.883,0.0,0.022917651,7.0
3.7272472253778006,-0.26964461638182746,7.0,464.96214747705926,4.517476459572904,0.8840000000000001,0.022926045074769988,0.884,0.0,0.022917651,7.0
3.7276548105234633,-0.2664802965809134,7.0,465.87744736459297,4.516454011657779,0.885,0.022926043452256097,0.885,0.0,0.022917651,7.0
3.7280626251573747,-0.2633040838229619,7.0,466.80567995514474,4.515420577572035,0.8860000000000001,0.022926041905785108,0.886,0.0,0.022917651,7.0
3.7284708104359985,-0.2601178930531727,7.0,467.7465790091142,4.514378647916533,0.8870000000000001,0.022926040356476808,0.887,0.0,0.022917651,7.0
3.7288796974165264,-0.25691830627504114,7.0,468.7008210485512,4.513326136412795,0.888,0.022926038809183254,0.888,0.0,0.022917651,7.0
3.7292891754380904,-0.2537074094237168,7.0,469.66828868858136,4.512264675298055,0.889,0.022926037184560436,0.889,0.0,0.022917651,7.0
3.7296992822321533,-0.25048482239920383,7.0,470.6492553531828,4.511194035412731,0.89,0.022926035491022064,0.89,0.0,0.022917651,7.0
3.7301093633800386,-0.24725061024358513,7.0,471.6444416413157,4.510111679495819,0.8910000000000001,0.02292603385696179,0.891,0.0,0.022917651,7.0
3.7305197198629347,-0.24400527825066173,7.0,472.65360368295666,4.509019305535598,0.892,0.02292603234541626,0.892,0.0,0.022917651,7.0
3.7309304429691768,-0.2407463983737163,7.0,473.67728994612787,4.507914844713671,0.893,0.02292603123310174,0.893,0.0,0.022917651,7.0
3.7313414978264547,-0.237474966822638,7.0,474.7156814440021,4.506799157070273,0.894,0.022926030068224624,0.894,0.0,0.022917651,7.0
3.7317529425928986,-0.23419148901268833,7.0,475.7688558011167,4.505672981537113,0.895,0.022926028819088555,0.895,0.0,0.022917651,7.0
3.732165018181623,-0.2308932260075918,7.0,476.837404828127,4.504534542443813,0.896,0.022926027113859732,0.896,0.0,0.022917651,7.0
3.7325758819298804,-0.22758246017564568,7.0,477.92173838496643,4.5033787603148685,0.897,0.022926025383893017,0.897,0.0,0.022917651,7.0
3.732986094104109,-0.2242594563826401,7.0,479.02190831326664,4.502208137602968,0.898,0.022926023625427124,0.898,0.0,0.022917651,7.0
3.7333962245839176,-0.22092307792323898,7.0,480.1384473710633,4.5010238095543595,0.899,0.02292602183506557,0.899,0.0,0.022917651,7.0
3.733806565259056,-0.21757137530900553,7.0,481.27143952592627,4.499824994214878,0.9000000000000001,0.022926020033435943,0.9,0.0,0.022917651,7.0
3.734113848489317,-0.21495029142859412,7.0,481.8304130618708,4.498890616848981,0.901,0.02292601961424507,0.901,0.0,0.022917651,7.0
3.7344210264146436,-0.21232392079611317,7.0,482.39527901412475,4.497950526388151,0.902,0.02292601920085969,0.902,0.0,0.022917651,7.0
3.7347281505711094,-0.20969366453608435,7.0,482.96578646910365,4.497006333505844,0.903,0.022926018788792253,0.903,0.0,0.022917651,7.0
3.735035249973007,-0.20705922990480402,7.0,483.5420639801958,4.496057867477108,0.904,0.022926018372975164,0.904,0.0,0.022917651,7.0
3.7353423265627965,-0.20441970269381718,7.0,484.12438824535104,4.495104226422863,0.905,0.02292601795033667,0.905,0.0,0.022917651,7.0
3.7356493678602622,-0.2017767927141164,7.0,484.71240992088156,4.494147061613295,0.906,0.02292601752724918,0.906,0.0,0.022917651,7.0
3.7359562987178236,-0.19912754606804717,7.0,485.3067717821595,4.493183109707755,0.907,0.022926017105123164,0.907,0.0,0.022917651,7.0
3.736263188288448,-0.19647468332225157,7.0,485.90700689201816,4.492215375946798,0.908,0.02292601668259482,0.908,0.0,0.022917651,7.0
3.7365702028489065,-0.19381621302779642,7.0,486.5135569864434,4.491242541039086,0.9090000000000003,0.02292601625816968,0.909,0.0,0.022917651,7.0
3.7368772811415947,-0.19115285198470544,7.0,487.12636114904075,4.490265074441026,0.91,0.02292601583240136,0.91,0.0,0.022917651,7.0
3.737184278415809,-0.18848504321887471,7.0,487.74544250710795,4.489282835209293,0.911,0.022926015570395003,0.911,0.0,0.022917651,7.0
3.7374911492938874,-0.18581173412803878,7.0,488.37113013797097,4.488294588419169,0.912,0.022926015655442285,0.912,0.0,0.022917651,7.0
3.737797984949388,-0.18313457767613592,7.0,489.00308121706655,4.487302352719477,0.9130000000000003,0.02292601571002458,0.913,0.0,0.022917651,7.0
3.738104880929182,-0.18045107225734677,7.0,489.6420370528063,4.486304001063888,0.9140000000000001,0.02292601546542708,0.914,0.0,0.022917651,7.0
3.738411727017001,-0.17776383253326858,7.0,490.28736117895784,4.485301715656699,0.915,0.02292601521726015,0.915,0.0,0.022917651,7.0
3.7387184967334206,-0.17507018674645286,7.0,490.93969946616306,4.484292722076456,0.9160000000000003,0.022926014801772792,0.916,0.0,0.022917651,7.0
3.739025211663446,-0.17237230565381176,7.0,491.5986529055877,4.483279274524057,0.9170000000000001,0.022926014360071634,0.917,0.0,0.022917651,7.0
3.7393318162068416,-0.16966832304841659,7.0,492.2646700563719,4.482259283670361,0.918,0.0229260139115445,0.918,0.0,0.022917651,7.0
3.739638343997462,-0.16695947281735626,7.0,492.93757268899856,4.481234118033714,0.9189999999999999,0.02292601345988139,0.919,0.0,0.022917651,7.0
3.739944686489172,-0.1642450671092296,7.0,493.61767893922746,4.480202657633983,0.9200000000000002,0.022926013011585554,0.92,0.0,0.022917651,7.0
3.7402508788448996,-0.16152549027003565,7.0,494.3049597388342,4.4791654272047685,0.921,0.02292601256551918,0.921,0.0,0.022917651,7.0
3.7405569549430284,-0.15880005041606762,7.0,494.9996115121799,4.4781218683604145,0.922,0.022926012119851628,0.922,0.0,0.022917651,7.0
3.7408629098955557,-0.15606866016960014,7.0,495.7017440615307,4.477071873864494,0.9230000000000002,0.022926011674575277,0.923,0.0,0.022917651,7.0
3.7411686936484534,-0.15333186117695197,7.0,496.41137830446604,4.47601578629691,0.9240000000000002,0.022926011228956957,0.924,0.0,0.022917651,7.0
3.74147427677115,-0.15058930862939351,7.0,497.1287045000684,4.474953143179562,0.9250000000000002,0.022926010783094603,0.925,0.0,0.022917651,7.0
3.741779740417036,-0.14784122312576978,7.0,497.85366296205814,4.473884484385281,0.926,0.022926010331643695,0.926,0.0,0.022917651,7.0
3.742085070104035,-0.14508716020715576,7.0,498.5864448193993,4.472809306499079,0.9270000000000003,0.022926009873181025,0.927,0.0,0.022917651,7.0
3.742390246308929,-0.14232692758930085,7.0,499.327067675979,4.471727350150575,0.9280000000000002,0.02292600941922473,0.928,0.0,0.022917651,7.0
3.7426952524778927,-0.13956014141818748,7.0,500.0756932439481,4.4706381660248375,0.929,0.022926008970547734,0.929,0.0,0.022917651,7.0
3.7430001842675074,-0.1367872345588048,7.0,500.8324933687013,4.469542562489457,0.9300000000000003,0.022926008516530164,0.93,0.0,0.022917651,7.0
3.7433050389873332,-0.1340082878744199,7.0,501.5975439123396,4.468440609523947,0.9310000000000002,0.0229260080576735,0.931,0.0,0.022917651,7.0
3.743609841450244,-0.13122281452106288,7.0,502.3711103736265,4.467331921715917,0.932,0.02292600760431431,0.932,0.0,0.022917651,7.0
3.7439145800871154,-0.1284314983688679,7.0,503.1530797019305,4.466217136413142,0.933,0.022926007154158823,0.933,0.0,0.022917651,7.0
3.744219256449179,-0.12563287462017528,7.0,503.9436669193311,4.4650947951894535,0.9340000000000003,0.022926006694215326,0.934,0.0,0.022917651,7.0
3.7445238635270663,-0.12282858442011278,7.0,504.7426483951779,4.463966510620199,0.935,0.022926006230428835,0.935,0.0,0.022917651,7.0
3.744828164528345,-0.12001613081876988,7.0,505.55079291261285,4.462828837292282,0.9360000000000002,0.022926005863430486,0.936,0.0,0.022917651,7.0
3.745132202483674,-0.1171982150063386,7.0,506.3675089114939,4.46168464989806,0.937,0.022926005543687462,0.937,0.0,0.022917651,7.0
3.745434609001376,-0.11437303171821421,7.0,507.1931798382363,4.4605266723016515,0.9380000000000001,0.02292600560931963,0.9380000000000001,0.0,0.022917651,7.0
3.7457369907241644,-0.1115420388404201,7.0,508.02775646357765,4.459362780496932,0.9390000000000001,0.022926005500148703,0.9390000000000001,0.0,0.022917651,7.0
3.746039372121838,-0.10870409185763522,7.0,508.87169204255684,4.458191921541245,0.9400000000000002,0.022926005019264523,0.9400000000000001,0.0,0.022917651,7.0
3.746341420674541,-0.10585902141234482,7.0,509.7249667597714,4.457012618934945,0.9410000000000001,0.022926004534995815,0.9410000000000001,0.0,0.022917651,7.0
3.74664318814061,-0.1030071326562596,7.0,510.58762416654423,4.455825382763559,0.9420000000000001,0.022926004047638726,0.9420000000000001,0.0,0.022917651,7.0
3.7469448884477305,-0.10014660961939095,7.0,511.4600200474387,4.454629229379932,0.9430000000000001,0.022926003570951273,0.9430000000000001,0.0,0.022917651,7.0
3.7472465397246784,-0.09727955055331007,7.0,512.3419341481417,4.4534263429068215,0.9440000000000001,0.022926003094986935,0.9440000000000001,0.0,0.022917651,7.0
3.7475481780753146,-0.09440369504083904,7.0,513.2341555200634,4.452214624921421,0.9450000000000002,0.022926002611527836,0.9450000000000001,0.0,0.022917651,7.0
3.7478496467303226,-0.09152075899134397,7.0,514.1362866607403,4.450995143303846,0.9460000000000001,0.022926002125162468,0.9460000000000001,0.0,0.022917651,7.0
3.7481509180763255,-0.08863035693861251,7.0,515.0485390827735,4.44976740128467,0.9470000000000001,0.022926001635216322,0.9470000000000001,0.0,0.022917651,7.0
3.74845189669764,-0.08573112034015105,7.0,515.9712453475415,4.4485296489936905,0.9480000000000002,0.022926001147461787,0.9480000000000001,0.0,0.022917651,7.0
3.7487526789515235,-0.08282469295311842,7.0,516.9042397217829,4.447283921840196,0.9490000000000001,0.022926000661655375,0.9490000000000001,0.0,0.022917651,7.0
3.749053098632185,-0.0799093084155503,7.0,517.8481335326471,4.446027797619204,0.9500000000000001,0.022926000182693647,0.9500000000000001,0.0,0.022917651,7.0
3.7493525089924513,-0.07698565638202964,7.0,518.8029816161097,4.444759357929252,0.9510000000000002,0.02292599969690083,0.9510000000000001,0.0,0.022917651,7.0
3.749651155551016,-0.07405443219248634,7.0,519.768712640495,4.443480285166246,0.9520000000000001,0.022925999206423037,0.9520000000000001,0.0,0.022917651,7.0
3.7499489396796295,-0.07111434761063698,7.0,520.7458184184732,4.442188926757283,0.9530000000000001,0.02292599871493929,0.9530000000000001,0.0,0.022917651,7.0
3.750246620698237,-0.06816592277847065,7.0,521.734033297913,4.440888803431401,0.9540000000000002,0.02292599822426,0.9540000000000001,0.0,0.022917651,7.0
3.750544182335616,-0.06520908549602158,7.0,522.733515948628,4.439579778114259,0.9550000000000001,0.022925997734465412,0.9550000000000001,0.0,0.022917651,7.0
3.7508411466069456,-0.062241759463630156,7.0,523.7445792603959,4.438257890624013,0.9560000000000001,0.02292599723695517,0.9560000000000001,0.0,0.022917651,7.0
3.7511376477170137,-0.05926645298509185,7.0,524.7670272740631,4.436926168045672,0.9570000000000001,0.022925996742829188,0.9570000000000001,0.0,0.022917651,7.0
3.7514336804759507,-0.05628299902153369,7.0,525.8010374126438,4.435584422409751,0.9580000000000002,0.02292599625273482,0.9580000000000001,0.0,0.022917651,7.0
3.7517294721555903,-0.05328825758935403,7.0,526.8474646473472,4.434230418840233,0.9590000000000002,0.022925995762113963,0.9590000000000001,0.0,0.022917651,7.0
3.7520248682228443,-0.05028479513993014,7.0,527.9057847864374,4.4328661089454195,0.96,0.022925995548514086,0.96,0.0,0.022917651,7.0
3.752319846628855,-0.04727238923367442,7.0,528.9761833510398,4.431491184570339,0.961,0.022925995467942318,0.961,0.0,0.022917651,7.0
3.7526142193033984,-0.044249225429033756,7.0,530.0590196829896,4.430103090091199,0.962,0.022925994957510253,0.962,0.0,0.022917651,7.0
3.752908118686136,-0.041216506455372996,7.0,531.1541691280012,4.428703542896075,0.9630000000000001,0.022925994438764273,0.963,0.0,0.022917651,7.0
3.753201654992352,-0.03817435820213838,7.0,532.2617753024964,4.427293116110024,0.964,0.02292599391934082,0.964,0.0,0.022917651,7.0
3.753494880721119,-0.03512226284460737,7.0,533.3820205353273,4.425871506870406,0.965,0.022925993405358884,0.965,0.0,0.022917651,7.0
3.7537874782357243,-0.032058619547814846,7.0,534.5153645717296,4.424435835212115,0.9660000000000001,0.022925992880104062,0.966,0.0,0.022917651,7.0
3.754079527648244,-0.028985055365748965,7.0,535.6618405177966,4.4229880387820915,0.967,0.022925992357239015,0.967,0.0,0.022917651,7.0
3.7543710411643447,-0.025901173524413294,7.0,536.8215843596449,4.421527778582272,0.9680000000000001,0.022925991837854993,0.968,0.0,0.022917651,7.0
3.754662052274537,-0.022806426053169855,7.0,537.9947181389604,4.420054653280003,0.969,0.02292599132343917,0.969,0.0,0.022917651,7.0
3.754951654323783,-0.01970048777916432,7.0,539.1808284540107,4.418564689687767,0.9700000000000002,0.02292599079383126,0.97,0.0,0.022917651,7.0
3.7552407849087497,-0.016584281665059517,7.0,540.3805932130124,4.417062579082762,0.9709999999999999,0.02292599027146657,0.971,0.0,0.022917651,7.0
3.755529440578154,-0.013456887979733205,7.0,541.594292776857,4.415547388830773,0.972,0.022925989746514875,0.972,0.0,0.022917651,7.0
3.7558176209811083,-0.01031759007055405,7.0,542.8221321510473,4.414018395868817,0.9730000000000001,0.02292598921528152,0.973,0.0,0.022917651,7.0
3.7561053506372466,-0.007165733595689231,7.0,544.064110023021,4.412475019853846,0.974,0.022925988695330902,0.974,0.0,0.022917651,7.0
3.756392549524394,-0.004001476868211287,7.0,545.3203157098998,4.41091714120069,0.975,0.022925988170845124,0.975,0.0,0.022917651,7.0
3.75667924498217,-0.0008253629021728882,7.0,546.5911988684452,4.409345381012351,0.976,0.022925987640357495,0.976,0.0,0.022917651,7.0
3.7569654456574946,0.0023627659979224497,7.0,547.8769033378728,4.407759629514577,0.9770000000000001,0.02292598710462578,0.977,0.0,0.022917651,7.0
3.757251103717172,0.005563317803048842,7.0,549.1775606570465,4.406159288923617,0.978,0.022925986571314488,0.978,0.0,0.022917651,7.0
3.7575360903694968,0.008776731724571368,7.0,550.4933386196835,4.40454339273229,0.979,0.02292598604834259,0.979,0.0,0.022917651,7.0
3.75782022256493,0.012002604380075622,7.0,551.824462357995,4.402911625934036,0.9800000000000001,0.022925985516586568,0.98,0.0,0.022917651,7.0
3.758103787936711,0.015243129590327321,7.0,553.1709045743303,4.401262946830913,0.981,0.0229259849812435,0.981,0.0,0.022917651,7.0
3.75838676143433,0.018496648946514326,7.0,554.5329729226329,4.399598888629597,0.982,0.022925984439694326,0.982,0.0,0.022917651,7.0
3.7586689498493664,0.021763655007148528,7.0,555.91091150875,4.397918202314741,0.983,0.02292598411011099,0.983,0.0,0.022917651,7.0
3.7589498025539227,0.025045264145505373,7.0,557.3048827891324,4.396217577449312,0.9840000000000001,0.022925983664377446,0.984,0.0,0.022917651,7.0
3.7592296746886187,0.028340453077371604,7.0,558.7152474974695,4.394499459081605,0.985,0.02292598310876389,0.985,0.0,0.022917651,7.0
3.7595088211196535,0.03164902840454544,7.0,560.142231181536,4.392765055171179,0.986,0.022925982548304653,0.986,0.0,0.022917651,7.0
3.7597870230385646,0.03497248493944788,7.0,561.585999160842,4.3910119844301025,0.9870000000000001,0.022925981988882762,0.987,0.0,0.022917651,7.0
3.760064281703883,0.038311368496948384,7.0,563.0468505291742,4.389239703704566,0.988,0.022925981434258697,0.988,0.0,0.022917651,7.0
3.7603405046523535,0.04166515277900794,7.0,564.5250398955118,4.3874483860471525,0.989,0.022925980870095813,0.989,0.0,0.022917651,7.0
3.760614865177999,0.04503370189831331,7.0,566.0208752202516,4.385634859072375,0.99,0.022925980317313466,0.99,0.0,0.022917651,7.0
3.7608862126330056,0.04841835615408213,7.0,567.5346170544044,4.383793165836545,0.9910000000000001,0.02292597974967388,0.991,0.0,0.022917651,7.0
3.7611552691017276,0.05181634532406102,7.0,569.0669752223549,4.38192897892971,0.992,0.02292597919503772,0.992,0.0,0.022917651,7.0
3.7614225618447255,0.05523007677092547,7.0,570.6180286235436,4.380041982606336,0.993,0.022925978621716612,0.993,0.0,0.022917651,7.0
3.7616888930875034,0.058661135705038295,7.0,572.1880621458575,4.3781338331162365,0.9940000000000001,0.022925978054687816,0.994,0.0,0.022917651,7.0
3.7619539796231396,0.062108464091031705,7.0,573.7775257727014,4.376204426386318,0.995,0.022925977492944817,0.995,0.0,0.022917651,7.0
3.7622175393771826,0.06557171125018743,7.0,575.3869596536518,4.374252977387044,0.996,0.022925976923349474,0.996,0.0,0.022917651,7.0
3.7624797803330234,0.06905122196750538,7.0,577.0170485057823,4.37228000986995,0.997,0.022925976360747852,0.997,0.0,0.022917651,7.0
3.762740856847754,0.07254718389376692,7.0,578.6683886305773,4.370285926931047,0.9980000000000001,0.022925975792970673,0.998,0.0,0.022917651,7.0
3.7630003235351897,0.07605963835874453,7.0,580.3416833603761,4.3682689144330675,0.999,0.022925975224831557,0.999,0.0,0.022917651,7.0
3.763258192324632,0.07958934777099753,7.0,582.0376077394304,4.366228247634786,1.0,0.022925974651533277,1.0,0.0,0.022917651,7.0
3.763465777505912,0.08225666391372893,7.0,583.189194046622,4.3648051990948336,1.0010000000000001,0.02292597462385018,1.0010000000000001,0.0,0.022917651,7.0
3.7636726323029905,0.08492829182370913,7.0,584.3551481591246,4.363374927659919,1.0020000000000002,0.022925974595232674,1.002,0.0,0.022917651,7.0
3.7638783080552556,0.08760560759569692,7.0,585.5363362877146,4.361934248500891,1.0030000000000001,0.02292597455815268,1.0030000000000001,0.0,0.022917651,7.0
3.7640832353108378,0.09028763325957237,7.0,586.7328893234272,4.360485856659634,1.004,0.02292597453059728,1.004,0.0,0.022917651,7.0
3.764287433752595,0.09297425204243001,7.0,587.9451212173792,4.359029953341657,1.0050000000000001,0.0229259745067428,1.0050000000000001,0.0,0.022917651,7.0
3.764490801694304,0.09566651771131844,7.0,589.1739986823302,4.357565092386911,1.0060000000000002,0.022925974472063883,1.006,0.0,0.022917651,7.0
3.7646932480804702,0.0983637295518441,7.0,590.4199960295804,4.356091589394087,1.0070000000000001,0.02292597444123929,1.0070000000000001,0.0,0.022917651,7.0
3.7648948107993516,0.10106524528209695,7.0,591.6831828756605,4.354610245966252,1.008,0.022925974412424284,1.008,0.0,0.022917651,7.0
3.765095398582142,0.10377115635311782,7.0,592.9641259269276,4.353120609829216,1.0090000000000001,0.022925974385050764,1.0090000000000001,0.0,0.022917651,7.0
3.7652946512977334,0.10648194644843549,7.0,594.2646300672574,4.351620761848186,1.0100000000000002,0.022925974348032695,1.01,0.0,0.022917651,7.0
3.7654928528699005,0.10919683136844158,7.0,595.584063631765,4.350112614075593,1.0110000000000003,0.02292597431857941,1.0110000000000001,0.0,0.022917651,7.0
3.765689891330298,0.11191585202847076,7.0,596.9228943755293,4.348595677288799,1.012,0.022925974293414187,1.012,0.0,0.022917651,7.0
3.765885297835155,0.11463961280226156,7.0,598.2824324969753,4.347067470687371,1.0130000000000001,0.02292597425849708,1.0130000000000001,0.0,0.022917651,7.0
3.766079114300297,0.11736696209599547,7.0,599.6637746941316,4.345529321898536,1.014,0.0229259742211367,1.014,0.0,0.022917651,7.0
3.7662716126150815,0.12009728339035473,7.0,601.0663673372621,4.343982919404404,1.0150000000000003,0.022925974192355023,1.0150000000000001,0.0,0.022917651,7.0
3.7664627776879227,0.1228305777800854,7.0,602.49069182922,4.342428201471627,1.016,0.02292597417192501,1.016,0.0,0.022917651,7.0
3.766652248074778,0.12556798761916518,7.0,603.9390112907882,4.340862608921824,1.0170000000000001,0.02292597413472636,1.0170000000000001,0.0,0.022917651,7.0
3.7668401268361946,0.1283093456895657,7.0,605.4115748653167,4.339286686075156,1.0180000000000002,0.022925974972935276,1.018,0.0,0.022917651,7.0
3.767026530943566,0.13105367643533725,7.0,606.908184639464,4.337701897432276,1.0190000000000003,0.022925975531412218,1.0190000000000001,0.0,0.022917651,7.0
3.7672113749769585,0.13380068448841242,7.0,608.4293316013617,4.336108200897502,1.0200000000000002,0.022925975489655342,1.02,0.0,0.022917651,7.0
3.767394160292434,0.13655088189494272,7.0,609.9765080323509,4.334503070009491,1.0210000000000001,0.022925975433395394,1.0210000000000001,0.0,0.022917651,7.0
3.767574801216679,0.13930414924103016,7.0,611.5507830276352,4.332886291354442,1.022,0.022925975384698438,1.022,0.0,0.022917651,7.0
3.7677537104828307,0.14205962173927064,7.0,613.1510915581096,4.331260375327226,1.0230000000000004,0.022925975336450667,1.0230000000000001,0.0,0.022917651,7.0
3.7679309066377544,0.1448172522718509,7.0,614.7778101868774,4.329625448891279,1.024,0.022925975285490213,1.024,0.0,0.022917651,7.0
3.7681062550203106,0.14757735935784425,7.0,616.4318059199887,4.327980669740608,1.0250000000000001,0.02292597522895561,1.025,0.0,0.022917651,7.0
3.7682791008382686,0.1503397450665227,7.0,618.1150654250197,4.326323602453682,1.0260000000000002,0.022925975175752324,1.026,0.0,0.022917651,7.0
3.768449869450151,0.1531037544453673,7.0,619.8250741773054,4.324656593348452,1.027,0.022925975128753603,1.027,0.0,0.022917651,7.0
3.7686185977298554,0.15586959699914854,7.0,621.5618387823765,4.3229795906138495,1.028,0.02292597507912777,1.028,0.0,0.022917651,7.0
3.768785282032255,0.15863753275083645,7.0,623.3252929437908,4.321292322799047,1.0290000000000001,0.022925975022318492,1.029,0.0,0.022917651,7.0
3.768949653004257,0.1614079457484081,7.0,625.1157035332789,4.319593313770323,1.03,0.022925974965509213,1.03,0.0,0.022917651,7.0
3.7691117043814297,0.16418086899791318,7.0,626.9317036825191,4.317882523927372,1.031,0.022925974922481867,1.031,0.0,0.022917651,7.0
3.769271600427152,0.16695614602323205,7.0,628.771387229957,4.316160758169209,1.032,0.022925974870567984,1.032,0.0,0.022917651,7.0
3.769429311640243,0.1697340031392706,7.0,630.6334546071827,4.314427668923031,1.033,0.022925974813484042,1.033,0.0,0.022917651,7.0
3.7695848207166294,0.1725148776214675,7.0,632.5163795662452,4.312682752903689,1.0340000000000003,0.02292597476057821,1.034,0.0,0.022917651,7.0
3.7697380797182296,0.1752994903781651,7.0,634.4182941214781,4.3109251120692536,1.035,0.022925974725068916,1.035,0.0,0.022917651,7.0
3.7698888199190344,0.17808771231143714,7.0,636.3355049377025,4.309153781710855,1.036,0.02292597466946714,1.036,0.0,0.022917651,7.0
3.7700374690954854,0.18088089117331027,7.0,638.2652936463378,4.307369122257636,1.037,0.022925974612614926,1.037,0.0,0.022917651,7.0
3.7701841922117385,0.18367985769208442,7.0,640.2053504166257,4.305570967474053,1.0380000000000003,0.02292597456354535,1.038,0.0,0.022917651,7.0
3.77032831825691,0.18648506431847606,7.0,642.1525664691028,4.303756184747406,1.039,0.022925974520466807,1.039,0.0,0.022917651,7.0
3.7704693948486434,0.18929686924517256,7.0,644.1031470715235,4.301922609164769,1.04,0.022925974474323086,1.04,0.0,0.022917651,7.0
3.7706088187336686,0.19211598730195126,7.0,646.0530676418367,4.300075115187358,1.041,0.022925974417062827,1.041,0.0,0.022917651,7.0
3.77074642978061,0.19494520547092023,7.0,647.9946227552379,4.298210287157163,1.0420000000000003,0.022925974373240336,1.042,0.0,0.022917651,7.0
3.7708822951042276,0.1977838813842101,7.0,649.9263355352858,4.296328989718563,1.043,0.022925974317079253,1.043,0.0,0.022917651,7.0
3.771016427373092,0.2006344803365801,7.0,651.8436347501348,4.294428848376536,1.044,0.022925974259171308,1.044,0.0,0.022917651,7.0
3.7711488567397145,0.20349811486318023,7.0,653.7411933967657,4.292508856102406,1.0450000000000002,0.022925974208739718,1.045,0.0,0.022917651,7.0
3.7712798859644385,0.20637528774423206,7.0,655.6170440788667,4.290569720208456,1.046,0.022925974157365494,1.046,0.0,0.022917651,7.0
3.7714098873642135,0.2092684543838441,7.0,657.4836427534129,4.288610483193135,1.047,0.022925974100004805,1.047,0.0,0.022917651,7.0
3.7715392886099255,0.21218081029439723,7.0,659.3607658790362,4.286629664849299,1.048,0.022925974044479352,1.048,0.0,0.022917651,7.0
3.771668298290628,0.2151122595046144,7.0,661.2558833101081,4.284628193032964,1.049,0.022925973993350845,1.049,0.0,0.022917651,7.0
3.7717964319840105,0.21806201836449401,7.0,663.1689720385103,4.282604897332269,1.0500000000000003,0.022925973939190297,1.05,0.0,0.022917651,7.0
3.7719236293357263,0.22103332556543182,7.0,665.0995273554264,4.280556302790801,1.051,0.02292597388770738,1.051,0.0,0.022917651,7.0
3.7720500285010163,0.22402890521768598,7.0,667.0470990483715,4.2784802513110405,1.052,0.022925973854268242,1.052,0.0,0.022917651,7.0
3.7721758527835294,0.2270510079137271,7.0,669.0222747969932,4.276375369706836,1.0530000000000002,0.02292597380254646,1.053,0.0,0.022917651,7.0
3.772302255233089,0.23010416466097905,7.0,671.0591587605982,4.274241745476324,1.054,0.02292597374326518,1.054,0.0,0.022917651,7.0
3.7724289797170547,0.2331879894545617,7.0,673.1758377302883,4.272078745209719,1.055,0.022925973686296005,1.055,0.0,0.022917651,7.0
3.7725549058730827,0.23629923078677514,7.0,675.3683422827523,4.2698851411687855,1.056,0.022925973640874356,1.056,0.0,0.022917651,7.0
3.7726799756524136,0.23943567766156426,7.0,677.6372708287507,4.267662899314213,1.057,0.02292597359288801,1.057,0.0,0.022917651,7.0
3.772803883920984,0.24260008621123835,7.0,679.9827327936464,4.265408047724864,1.0580000000000003,0.022925973533606734,1.058,0.0,0.022917651,7.0
3.7729265499392897,0.24579362580414874,7.0,682.4033664213503,4.263119094068002,1.059,0.022925973474325456,1.059,0.0,0.022917651,7.0
3.773048398103158,0.24901813285010688,7.0,684.8998610110029,4.2607958923514655,1.06,0.02292597342603084,1.06,0.0,0.022917651,7.0
3.7731686964244866,0.2522707362857208,7.0,687.4744699882206,4.2584384257937336,1.061,0.022925973366474894,1.061,0.0,0.022917651,7.0
3.773287597785624,0.25555182503137364,7.0,690.1206817233727,4.256046870748261,1.062,0.022925973326995086,1.062,0.0,0.022917651,7.0
3.773404728759521,0.25886101093642,7.0,692.8372075447533,4.253620134748505,1.063,0.02292597328750405,1.063,0.0,0.022917651,7.0
3.773520033027504,0.2621963818261187,7.0,695.6251487128267,4.2511599158340205,1.064,0.022925973227359057,1.064,0.0,0.022917651,7.0
3.773633094871106,0.26556145332343944,7.0,698.4903328448066,4.2486610110476075,1.065,0.022925973166704444,1.065,0.0,0.022917651,7.0
3.7737439822629097,0.26895305468973807,7.0,701.4245567119186,4.246126888175549,1.0660000000000003,0.022925973112194832,1.066,0.0,0.022917651,7.0
3.7738525429628207,0.27237070636423677,7.0,704.4283455353932,4.243557391846225,1.067,0.022925973054459224,1.067,0.0,0.022917651,7.0
3.773957973178765,0.2758160682083599,7.0,707.5132977477995,4.2409476890336855,1.068,0.02292597299352995,1.068,0.0,0.022917651,7.0
3.7740609970064436,0.2792868793837224,7.0,710.669062054532,4.238302900230242,1.069,0.022925972932600673,1.069,0.0,0.022917651,7.0
3.7741605747137457,0.2827843719670067,7.0,713.9018587179519,4.235617652182142,1.07,0.022925972873708705,1.07,0.0,0.022917651,7.0
3.774257201869329,0.2863093714846115,7.0,717.2162785616015,4.2328930804593385,1.071,0.02292597284629537,1.071,0.0,0.022917651,7.0
3.774350614445079,0.28986002853450155,7.0,720.6106596626145,4.230130003367902,1.072,0.02292597280804216,1.072,0.0,0.022917651,7.0
3.7744478718470025,0.29344789813078964,7.0,724.8352988772535,4.227345090723617,1.073,0.022925972747945573,1.073,0.0,0.022917651,7.0
3.774537285176929,0.2970488681438027,7.0,730.3502313232408,4.224515690991806,1.074,0.022925972691127606,1.074,0.0,0.022917651,7.0
3.774620989616775,0.3006927897799871,7.0,736.1584961924233,4.22162050792324,1.075,0.022925972628824995,1.075,0.0,0.022917651,7.0
3.774700243503056,0.30434800941376905,7.0,742.4206316162449,4.218696246667986,1.076,0.022925972566522387,1.076,0.0,0.022917651,7.0
3.7747723415466212,0.30803721733615524,7.0,748.8035904202223,4.215709351135523,1.077,0.02292597250421978,1.077,0.0,0.022917651,7.0
3.774839056383982,0.31175404800356465,7.0,755.2626927913457,4.212673313231812,1.078,0.022925972478173157,1.078,0.0,0.022917651,7.0
3.7749015333758336,0.31549970004192657,7.0,761.7983300318283,4.209591492023544,1.079,0.022925972414887,1.079,0.0,0.022917651,7.0
3.7749585198839526,0.3192759642208658,7.0,768.4162059128168,4.206457100924756,1.08,0.022925972372245272,1.08,0.0,0.022917651,7.0
3.7750101011051465,0.32308109401220514,7.0,775.1148568999917,4.203272219769495,1.081,0.022925972313788,1.081,0.0,0.022917651,7.0
3.7750562244793975,0.32691715212790523,7.0,781.8953000857078,4.200034573944853,1.082,0.022925972253946672,1.082,0.0,0.022917651,7.0
3.775096123068706,0.33078399485036347,7.0,788.7609495192279,4.196741255429241,1.083,0.022925972213902766,1.083,0.0,0.022917651,7.0
3.7751297619320905,0.334682943827905,7.0,795.7141719328124,4.193390805538146,1.0839999999999999,0.02292597215269882,1.084,0.0,0.022917651,7.0
3.775156600625707,0.338614488739287,7.0,802.7547750610906,4.189980533059982,1.0850000000000002,0.02292597209907435,1.085,0.0,0.022917651,7.0
3.775176451133184,0.3425785942069196,7.0,809.884686870577,4.186509765357022,1.086,0.02292597206936733,1.086,0.0,0.022917651,7.0
3.7751890830498573,0.34657563414793796,7.0,817.1063687603755,4.182977178692863,1.087,0.022925972007540325,1.087,0.0,0.022917651,7.0
3.775189910345273,0.3506171064183841,7.0,824.4447879365699,4.179352934575413,1.0880000000000003,0.02292597195202587,1.088,0.0,0.022917651,7.0
3.7751855822689944,0.3546815332828207,7.0,831.8563377075543,4.175685127920256,1.0890000000000002,0.02292597190254786,1.089,0.0,0.022917651,7.0
3.775180229635267,0.35875722999767967,7.0,839.3170966133741,4.172001953144006,1.09,0.022925971851459337,1.09,0.0,0.022917651,7.0
3.7751576329793317,0.3628937254051911,7.0,846.9226713626615,4.168188997952371,1.0910000000000002,0.02292597180701838,1.091,0.0,0.022917651,7.0
3.7751279996641314,0.36706008136520335,7.0,854.6138791857551,4.164318033491376,1.092,0.022925971761916485,1.092,0.0,0.022917651,7.0
3.775097276368205,0.37123824834855457,7.0,862.3562085427399,4.160430898063308,1.093,0.02292597171276169,1.093,0.0,0.022917651,7.0
3.7750396230914696,0.3754929274653639,7.0,870.2800946537859,4.156359528923163,1.0940000000000003,0.022925971683716025,1.094,0.0,0.022917651,7.0
3.7749801392034517,0.3797614923135414,7.0,878.2599653120558,4.152266951535874,1.095,0.022925971650113848,1.095,0.0,0.022917651,7.0
3.7749095635119243,0.3840660482829033,7.0,886.340905244832,4.148094016166867,1.0960000000000003,0.022925971605350086,1.096,0.0,0.022917651,7.0
3.7748196142838935,0.38842661740411566,7.0,894.5638229707193,4.14378757404424,1.097,0.022925971543047895,1.097,0.0,0.022917651,7.0
3.77472845329741,0.39280001406573395,7.0,902.8413878374321,4.1394634571267215,1.098,0.02292597147337335,1.098,0.0,0.022917651,7.0
3.774609164197366,0.3972414863864268,7.0,911.2926337181146,4.1349587595031405,1.0990000000000002,0.022925971433280286,1.099,0.0,0.022917651,7.0
3.7744841823476922,0.40170540852156067,7.0,919.819706616934,4.130408842620729,1.1000000000000003,0.02292597137681119,1.1,0.0,0.022917651,7.0
3.774392277698859,0.4051145752496943,7.0,923.2747797040915,4.1270099454999265,1.101,0.022925971387534057,1.101,0.0,0.022917651,7.0
3.774283184496708,0.40854098317384835,7.0,926.7875513914082,4.123525051608263,1.102,0.022925971411166587,1.102,0.0,0.022917651,7.0
3.7741657327377727,0.41196796537067715,7.0,930.3229412335681,4.120006148806533,1.103,0.02292597143792258,1.103,0.0,0.022917651,7.0
3.7740428415683613,0.41539015053619205,7.0,933.8688983130601,4.1164702853199495,1.1040000000000005,0.02292597146450109,1.104,0.0,0.022917651,7.0
3.773914380227157,0.4188074233516195,7.0,937.4256766621689,4.112917053420229,1.1050000000000002,0.022925971490897857,1.105,0.0,0.022917651,7.0
3.7737802137277145,0.4222196647720395,7.0,940.9935385214067,4.109346032204675,1.106,0.02292597151710847,1.106,0.0,0.022917651,7.0
3.773626946610889,0.42564297780779603,7.0,944.6230392459445,4.105687536843627,1.107,0.022925971540298525,1.107,0.0,0.022917651,7.0
3.7734635802410748,0.42906465481402556,7.0,948.2803719351971,4.101990280525659,1.1080000000000003,0.02292597156254247,1.108,0.0,0.022917651,7.0
3.773294010681549,0.4324794055368486,7.0,951.9505865899245,4.098275137765912,1.1090000000000002,0.022925971584718007,1.109,0.0,0.022917651,7.0
3.7731180881479953,0.43588706273188665,7.0,955.6339942624204,4.0945416766723115,1.1100000000000003,0.022925971606823487,1.11,0.0,0.022917651,7.0
3.7729299004926755,0.4392919828181034,7.0,959.3491604634783,4.090761890750384,1.111,0.022925971636422307,1.111,0.0,0.022917651,7.0
3.7727195440861885,0.4427006279691053,7.0,963.127397783178,4.086889700866628,1.112,0.022925971686488227,1.112,0.0,0.022917651,7.0
3.7725022537231223,0.44610008983971583,7.0,966.920316373042,4.082998958560162,1.113,0.02292597173689279,1.113,0.0,0.022917651,7.0
3.772277860881447,0.4494901452406169,7.0,970.7282730448592,4.079089212935181,1.114,0.022925971787644224,1.114,0.0,0.022917651,7.0
3.772040371031683,0.45287340128596054,7.0,974.5672340408208,4.0751338812541436,1.115,0.02292597184726136,1.115,0.0,0.022917651,7.0
3.77177663986887,0.4562550067845228,7.0,978.4720010662811,4.0710752428240475,1.1160000000000003,0.022925971935802262,1.116,0.0,0.022917651,7.0
3.7715050952950957,0.4596250414392483,7.0,982.3928800486312,4.066996921446721,1.117,0.02292597202676885,1.117,0.0,0.022917651,7.0
3.771225543395057,0.462983218081868,7.0,986.3302708586905,4.062898428625564,1.1180000000000003,0.02292597212022134,1.118,0.0,0.022917651,7.0
3.7709215509417686,0.4663306911148295,7.0,990.3272627812596,4.058712873731992,1.1190000000000002,0.022925972258755933,1.119,0.0,0.022917651,7.0
3.770598370518465,0.46966517925283885,7.0,994.3700749630846,4.054463549748481,1.1200000000000003,0.022925972429639983,1.12,0.0,0.022917651,7.0
3.770266485386994,0.4729850088002678,7.0,998.4310685448118,4.050194065666878,1.1210000000000002,0.02292597260533696,1.121,0.0,0.022917651,7.0
3.7699137963555867,0.47628687316370216,7.0,1002.5325700394058,4.0458593299269925,1.122,0.02292597281034994,1.122,0.0,0.022917651,7.0
3.769524917241764,0.4795652814950329,7.0,1006.7031582845017,4.041403286652445,1.123,0.022925973078427378,1.123,0.0,0.022917651,7.0
3.769126574994136,0.48282576228271007,7.0,1010.8938010780096,4.036927318180417,1.124,0.02292597335579259,1.124,0.0,0.022917651,7.0
3.7687057246860487,0.48606487402366244,7.0,1015.1253553360317,4.032382688062478,1.125,0.02292597367758382,1.125,0.0,0.022917651,7.0
3.768249162956397,0.4892782609242903,7.0,1019.4182152418621,4.027720940651722,1.1260000000000003,0.02292597408046734,1.1260000000000001,0.0,0.022917651,7.0
3.7677820998555984,0.4924709533988332,7.0,1023.7320650252111,4.023037882352865,1.127,0.022925974495901516,1.127,0.0,0.022917651,7.0
3.7672776658030642,0.495623814418624,7.0,1028.1125651656275,4.018245168318391,1.1280000000000003,0.02292597508529763,1.1280000000000001,0.0,0.022917651,7.0
3.7667470119133486,0.4987426297487826,7.0,1032.5408867399337,4.013381618588113,1.129,0.022925975784582834,1.129,0.0,0.022917651,7.0
3.7661967113639307,0.5018289520778758,7.0,1037.004348981852,4.008471976840037,1.1300000000000001,0.02292597655382225,1.1300000000000001,0.0,0.022917651,7.0
3.7655967135327084,0.5048518024861626,7.0,1041.548203814319,4.003427025628414,1.131,0.02292597758009481,1.131,0.0,0.022917651,7.0
3.7649846661794792,0.5078466591550579,7.0,1046.1161196589921,3.998361870125047,1.1320000000000001,0.022925978638645626,1.1320000000000001,0.0,0.022917651,7.0
3.764308042735926,0.5107644477833103,7.0,1050.7598667558166,3.9931154709002796,1.133,0.022925980445097607,1.133,0.0,0.022917651,7.0
3.7636143651604343,0.5136475351260934,7.0,1055.4321085776626,3.9878355557374405,1.1340000000000001,0.022925982368917963,1.1340000000000001,0.0,0.022917651,7.0
3.7628514236225037,0.5164257611712407,7.0,1060.18223628036,3.9823834539534992,1.135,0.02292598535939194,1.135,0.0,0.022917651,7.0
3.762065166234304,0.5191567392862504,7.0,1064.966389417337,3.9768853378399767,1.1360000000000003,0.022925988567005853,1.1360000000000001,0.0,0.022917651,7.0
3.7611779971367025,0.5217283866041833,7.0,1069.8419649767893,3.9711429007662633,1.1370000000000002,0.022925992655971672,1.137,0.0,0.022917651,7.0
3.7602481425086713,0.5242147897176175,7.0,1074.760147314218,3.9653149614972127,1.1380000000000001,0.022925997653940974,1.1380000000000001,0.0,0.022917651,7.0
3.7592520317980496,0.5265763353291827,7.0,1079.7336696617347,3.959346847489169,1.139,0.02292600420379582,1.139,0.0,0.022917651,7.0
3.7581662262362965,0.5287593412521728,7.0,1084.767006874421,3.9531985087894763,1.1400000000000003,0.02292601348904416,1.1400000000000001,0.0,0.022917651,7.0
3.7570054340098515,0.530771566333311,7.0,1089.8546581284122,3.94692100520981,1.141,0.022926025373406756,1.141,0.0,0.022917651,7.0
3.7557473058232147,0.5325629570836129,7.0,1095.0017737192331,3.940474987327064,1.1420000000000001,0.022926041206568454,1.1420000000000001,0.0,0.022917651,7.0
3.754348190893763,0.5340584890921669,7.0,1100.207270545801,3.933760871661059,1.143,0.022926064093473666,1.143,0.0,0.022917651,7.0
3.752808662736774,0.5352185340809176,7.0,1105.4560523590274,3.9268206034088506,1.1440000000000003,0.022926097877410175,1.1440000000000001,0.0,0.022917651,7.0
3.7511149248650457,0.5359437895220335,7.0,1110.7535926262215,3.9196982930965736,1.145,0.022926145482096146,1.145,0.0,0.022917651,7.0
3.749202098126892,0.5361080059576337,7.0,1116.0930294271313,3.912260648489889,1.1460000000000001,0.02292622141015707,1.1460000000000001,0.0,0.022917651,7.0
3.747067200393296,0.5356477098955985,7.0,1121.4581951977752,3.9045592282689334,1.1469999999999998,0.022926341726342003,1.147,0.0,0.022917651,7.0
3.74464926491022,0.5343267625303433,7.0,1126.8461669337546,3.8965863285613818,1.1480000000000001,0.022926552513794933,1.1480000000000001,0.0,0.022917651,7.0
3.741894975486761,0.5320123760159271,7.0,1132.236549334661,3.8882614465022067,1.149,0.022926942132008386,1.149,0.0,0.022917651,7.0
3.738745130301975,0.5284634725783687,7.0,1137.6159596963998,3.879588854031944,1.1500000000000001,0.022927680201094796,1.1500000000000001,0.0,0.022917651,7.0
3.735175839679729,0.5236201805234677,7.0,1142.9628014317639,3.8705328776823436,1.151,0.022929266709329685,1.151,0.0,0.022917651,7.0
3.7311625326802975,0.5175654806893001,7.0,1148.2503066609613,3.8609122259243183,1.1520000000000001,0.022932895377845926,1.1520000000000001,0.0,0.022917651,7.0
3.726761451094199,0.510739064982213,7.0,1153.4606146899384,3.850512191924276,1.1530000000000002,0.022941663799313446,1.153,0.0,0.022917651,7.0
3.7220826556355004,0.5039114043484851,7.0,1158.5977076543768,3.8390025718996985,1.154,0.022960845629367083,1.154,0.0,0.022917651,7.0
3.717256828538325,0.4978816489486928,7.0,1163.6880168239845,3.826106891337944,1.155,0.02299110411368392,1.155,0.0,0.022917651,7.0
3.7124638900446025,0.4937060076755736,7.0,1168.7522238358258,3.811488672162997,1.156,0.023037824181337832,1.156,0.0,0.022917651,7.0
3.707909362413417,0.49249782590395125,7.0,1173.8160918834333,3.794856625922718,1.157,0.0231083175610771,1.157,0.0,0.022917651,7.0
3.703773958888775,0.49511006146771375,7.0,1178.917180707605,3.776080671684711,1.158,0.023212006068935524,1.158,0.0,0.022917651,7.0
3.700179476865755,0.5019344066419575,7.0,1184.106030835723,3.755256268034619,1.159,0.02337038776964104,1.159,0.0,0.022917651,7.0
3.697153466616772,0.5127452103590006,7.0,1189.4439989348969,3.7327193125266667,1.1600000000000001,0.023591418307047723,1.16,0.0,0.022917651,7.0
3.694628317366667,0.5270921248904666,7.0,1194.9939030002033,3.708649690932775,1.161,0.023867574371510603,1.161,0.0,0.022917651,7.0
3.692516701337436,0.5443253294657291,7.0,1200.8101418214194,3.6833479024555493,1.1620000000000001,0.024189664948475943,1.162,0.0,0.022917651,7.0
3.690767555957252,0.5640958490002206,7.0,1206.9615803801796,3.656958686980814,1.163,0.02459368619987455,1.163,0.0,0.022917651,7.0
3.6892749214886105,0.586024951806526,7.0,1213.506660974551,3.62943694323433,1.164,0.025068811380399663,1.164,0.0,0.022917651,7.0
3.6879821878489354,0.6098683014159527,7.0,1220.5030002873568,3.600800537160967,1.1650000000000003,0.025669231166093497,1.165,0.0,0.022917651,7.0
3.6868442308374108,0.6355926069275588,7.0,1228.0245285745361,3.570902286371623,1.166,0.026354069438494235,1.166,0.0,0.022917651,7.0
3.6858033360785747,0.6631349935896844,7.0,1236.1406952456246,3.539574208607889,1.167,0.027160209359419003,1.167,0.0,0.022917651,7.0
3.684833374674819,0.692609735390076,7.0,1244.939378629197,3.506597506615638,1.168,0.028035378004275368,1.168,0.0,0.022917651,7.0
3.683880333309517,0.724121493873167,7.0,1254.5172689834735,3.471651473087842,1.1690000000000003,0.02899451657216154,1.169,0.0,0.022917651,7.0
3.6829151333734313,0.7579076663116752,7.0,1264.991087555645,3.4343823765916617,1.1700000000000002,0.02999008187748696,1.17,0.0,0.022917651,7.0
3.681893464756662,0.7942313761842051,7.0,1276.5212707734938,3.3943498835468633,1.171,0.030998038634756572,1.171,0.0,0.022917651,7.0
3.6807806909462957,0.8335721507942024,7.0,1289.2722806942081,3.350935897555097,1.172,0.0320508136656419,1.172,0.0,0.022917651,7.0
3.679525189788116,0.8764034151866892,7.0,1303.478990045785,3.3034605247816904,1.173,0.03300988474292963,1.173,0.0,0.022917651,7.0
3.678073673929749,0.9234799072293794,7.0,1319.444381727772,3.250955851852999,1.174,0.033858449353083735,1.174,0.0,0.022917651,7.0
3.676335719032124,0.9756890766543462,7.0,1337.5620255396936,3.1921727426021826,1.175,0.03457258145304889,1.175,0.0,0.022917651,7.0
3.6742389129213606,1.0342880948737205,7.0,1358.3908771155423,3.1255643895320127,1.176,0.03515963911960443,1.176,0.0,0.022917651,7.0
3.6716678512443672,1.1011532644487099,7.0,1382.726475558725,3.0487928516720433,1.177,0.03558403340795653,1.177,0.0,0.022917651,7.0
3.6684561844957946,1.178768306313433,7.0,1411.863813516423,2.9587090232855946,1.178,0.035848731183299266,1.178,0.0,0.022917651,7.0
3.664289475214299,1.2705964529465155,7.0,1448.1058519926041,2.850591939204647,1.179,0.03591048021725321,1.179,0.0,0.022917651,7.0
3.659073155955315,1.379068055582385,7.0,1496.7353474801423,2.721632940501032,1.1800000000000002,0.035894139836794646,1.18,0.0,0.022917651,7.0
3.651605171677926,1.5209220861835961,7.0,1572.4431409371725,2.5502848515760563,1.181,0.03587779945633608,1.181,0.0,0.022917651,7.0
3.6480751628693833,1.5924479078310858,7.0,1699.3675384405901,2.465016880562796,1.182,0.03586145907587751,1.182,0.0,0.022917651,7.0
3.637938954956906,1.7648309751498137,7.0,1904.591395302803,2.2524668760317286,1.183,0.03584511869541895,1.183,0.0,0.022917651,7.0
3.6152504893080257,2.109579031501868,7.0,2401.563271715472,1.8173428405851064,1.184,0.03582877831496038,1.184,0.0,0.022917651,7.0
3.522233262980937,3.1547819752727264,7.0,6853.019621730482,0.4004488704748636,1.1850000000000003,0.03581243793450181,1.185,0.0,0.022917651,7.0
