log_Teff,LogL_lsun,Age_gyr,Step,Log_g,Mass_msun,feh,Mass_input,Metallicity_input,Z_used,Age_input
3.5429687258449625,-0.5309034001060572,0.001,121.803283373041,3.5726844053996736,0.3,0.02291825838222841,0.3,0.0,0.022917651,0.001
3.5455397071217547,-0.5060834903909961,0.001,121.68851809493421,3.570642295122243,0.30999999999999994,0.02291837238024574,0.31,0.0,0.022917651,0.001
3.5480914271617308,-0.4814100178139297,0.001,121.58191410610145,3.568669571342188,0.32,0.02291849439365631,0.32,0.0,0.022917651,0.001
3.550627024583039,-0.45648357439512594,0.001,121.36421330868518,3.566379390188057,0.33,0.022918630196932004,0.33,0.0,0.022917651,0.001
3.5531522793544,-0.4317121967404814,0.001,121.16084759732512,3.5642029022477675,0.34,0.02291877534435368,0.34,0.0,0.022917651,0.001
3.5556718298682104,-0.4069543116618573,0.001,120.93251252699612,3.562017087359149,0.35000000000000003,0.022918933455902492,0.35000000000000003,0.0,0.022917651,0.001
3.5581805452988644,-0.3821208204853955,0.001,120.62957158444794,3.5597123342179655,0.36,0.022919108984252683,0.36,0.0,0.022917651,0.001
3.5606713162902754,-0.357570635813894,0.001,120.35852036645142,3.557619113326671,0.37,0.022919299876305897,0.37,0.0,0.022917651,0.001
3.563140980429003,-0.3329542042138445,0.001,119.98167508579093,3.5553752032882042,0.38,0.02291951503826501,0.38,0.0,0.022917651,0.001
3.5655877125336053,-0.30859092345077965,0.001,119.59165959240224,3.5532927247996273,0.39,0.02291975648077869,0.39,0.0,0.022917651,0.001
3.568007989743791,-0.2846228735142142,0.001,119.21736169978087,3.5514996660769573,0.4000000000000001,0.022920030275992473,0.4,0.0,0.022917651,0.001
3.570221733922915,-0.2633479180846449,0.001,118.31855931406842,3.5487706837881787,0.41000000000000003,0.022920188323837284,0.41000000000000003,0.0,0.022917651,0.001
3.572428563540947,-0.24230366810870235,0.001,117.46313710228367,3.5462447485048854,0.42,0.022920354357761446,0.42,0.0,0.022917651,0.001
3.574632221253366,-0.22126205669918841,0.001,116.57374567077886,3.543708769331564,0.42999999999999994,0.022920531244489326,0.43,0.0,0.022917651,0.001
3.5768308851559203,-0.2003546657458272,0.001,115.69054431069927,3.5412870380722175,0.44,0.022920720247378176,0.44,0.0,0.022917651,0.001
3.5790229623842253,-0.17964237419301993,0.001,114.82313629061713,3.5390340616503004,0.45000000000000007,0.022920922229940157,0.45,0.0,0.022917651,0.001
3.5812108402458316,-0.1590297130189367,0.001,113.93258997389223,3.5368639213622983,0.46,0.022921139389416933,0.46,0.0,0.022917651,0.001
3.5833921574338725,-0.13867867300086553,0.001,113.06885231896966,3.534929157185518,0.47000000000000003,0.022921372422909776,0.47000000000000003,0.0,0.022917651,0.001
3.5855642944227304,-0.11856174681734918,0.001,112.17832736410634,3.533191778905905,0.48000000000000004,0.022921619103211763,0.48,0.0,0.022917651,0.001
3.5877278910085844,-0.09875524224970668,0.001,111.31961589884504,3.5317306594264624,0.49,0.022921885526295323,0.49,0.0,0.022917651,0.001
3.5898784914259223,-0.07929845505363559,0.001,110.46932933215976,3.530567269676223,0.5,0.022922170358956176,0.5,0.0,0.022917651,0.001
3.5915967859234788,-0.06286833800103166,0.001,110.18976174551585,3.5289284515057884,0.51,0.022922344213938337,0.51,0.0,0.022917651,0.001
3.5933097010293147,-0.046611394265280805,0.001,109.90454631707769,3.5274412892286446,0.52,0.022922516566033876,0.52,0.0,0.022917651,0.001
3.5950216558265504,-0.03045464282040779,0.001,109.63293377785756,3.5260504786347444,0.5300000000000001,0.022922694310963054,0.53,0.0,0.022917651,0.001
3.596732588173494,-0.014404567122204427,0.001,109.37580437253409,3.5247622546536723,0.54,0.022922877797696816,0.54,0.0,0.022917651,0.001
3.5984416712048506,0.0014963655521744634,0.001,109.1435551654866,3.5236157772472962,0.5500000000000002,0.022923065677266423,0.55,0.0,0.022917651,0.001
3.6001473085621587,0.017173092476994528,0.001,108.95542579884629,3.5226797236474745,0.56,0.022923255167047886,0.56,0.0,0.022917651,0.001
3.6018508433085317,0.03268508377641154,0.001,108.79441481801898,3.5218999956525185,0.5700000000000001,0.02292345025027333,0.5700000000000001,0.0,0.022917651,0.001
3.6035501437178854,0.0479633956600221,0.001,108.67712067133859,3.521337010570415,0.5800000000000001,0.022923649490512468,0.58,0.0,0.022917651,0.001
3.605240215803973,0.06287583442845848,0.001,108.63801531958566,3.521102986469655,0.59,0.022923849530062625,0.59,0.0,0.022917651,0.001
3.6069258214290243,0.0775563771423251,0.001,108.64142733295927,3.521082992321199,0.6,0.022924056540089815,0.6,0.0,0.022917651,0.001
3.6082665287706437,0.08962084986468928,0.001,108.71985858965384,3.5210760296455828,0.61,0.02292420175290047,0.61,0.0,0.022917651,0.001
3.609606641085954,0.10153811939415104,0.001,108.85603700104664,3.5212138897020724,0.6200000000000001,0.02292434488207761,0.62,0.0,0.022917651,0.001
3.6109470372880614,0.11334013227035859,0.001,109.038543973067,3.5214681419760887,0.6300000000000001,0.02292448758928109,0.63,0.0,0.022917651,0.001
3.6122877390511205,0.1250180888922639,0.001,109.27091659306855,3.5218476727666035,0.64,0.02292462984229412,0.64,0.0,0.022917651,0.001
3.613628168742001,0.1365255567958632,0.001,109.59888964222309,3.5223966040771195,0.65,0.022924769896283847,0.65,0.0,0.022917651,0.001
3.6149665618483153,0.14777350955117416,0.001,110.13535134011786,3.5231969046794998,0.66,0.022924904133281455,0.66,0.0,0.022917651,0.001
3.616304245271363,0.15885037822898937,0.001,110.78397868899869,3.5241654510825806,0.67,0.022925037241404,0.67,0.0,0.022917651,0.001
3.6176411565729016,0.16974111077798532,0.001,111.55464007147654,3.5253170456248624,0.68,0.022925169121332557,0.68,0.0,0.022917651,0.001
3.6189651614905953,0.18021809557405805,0.001,112.61373258425878,3.5268307557624303,0.6900000000000001,0.022925290961535665,0.6900000000000001,0.0,0.022917651,0.001
3.6202835078151425,0.1904249886114447,0.001,113.84325045204123,3.5285919202084073,0.7,0.022925409533679973,0.7000000000000001,0.0,0.022917651,0.001
3.621358382402139,0.1989580240532803,0.001,115.7567807937152,3.5301575721057095,0.71,0.022925486555758153,0.71,0.0,0.022917651,0.001
3.622432569819629,0.20723812179364584,0.001,117.90019507884834,3.5319734250338413,0.7200000000000001,0.022925554419396303,0.72,0.0,0.022917651,0.001
3.623509432058396,0.21539298204289758,0.001,120.15622574002987,3.53392521524731,0.73,0.022925619644982204,0.73,0.0,0.022917651,0.001
3.624588755942824,0.22340764996349874,0.001,122.54073323013351,3.536027043913985,0.7400000000000001,0.02292568157624152,0.74,0.0,0.022917651,0.001
3.6256651653711707,0.23116477546239864,0.001,125.18813751732276,3.538374744555327,0.75,0.022925733560575198,0.75,0.0,0.022917651,0.001
3.626742132629498,0.2387749768027852,0.001,127.96618493765692,3.5408716012630896,0.76,0.022925782477791125,0.76,0.0,0.022917651,0.001
3.627819912459072,0.2461995531400459,0.001,130.9323200330523,3.5435573363337194,0.77,0.022925825426660554,0.77,0.0,0.022917651,0.001
3.6288987970978077,0.2534324312241185,0.001,134.0946053959341,3.546439190785802,0.7800000000000001,0.022925861815257964,0.78,0.0,0.022917651,0.001
3.6299787075336605,0.26050800696178994,0.001,137.39046255166457,3.5494824494196835,0.79,0.02292589468571676,0.79,0.0,0.022917651,0.001
3.6310627196866356,0.26741200838717016,0.001,140.7984863278627,3.5527136987096033,0.8000000000000002,0.02292591878164081,0.8,0.0,0.022917651,0.001
3.63196995523131,0.2737934392650063,0.001,143.09139195902196,3.555076468792102,0.8100000000000002,0.022925931819319928,0.81,0.0,0.022917651,0.001
3.6328806652969377,0.2801155617091412,0.001,145.20469965374528,3.557512436450354,0.8200000000000001,0.02292594108850578,0.8200000000000001,0.0,0.022917651,0.001
3.633793518932049,0.2863694488119834,0.001,147.21375810139358,3.5600252127346486,0.8300000000000003,0.022925948966003876,0.8300000000000001,0.0,0.022917651,0.001
3.6347022281841608,0.2925567697295836,0.001,148.9674848926741,3.5625879788757926,0.8400000000000001,0.0229259549162389,0.84,0.0,0.022917651,0.001
3.635610252681507,0.2986936369432202,0.001,150.47373897656695,3.5651984611738805,0.8500000000000001,0.022925959172336943,0.85,0.0,0.022917651,0.001
3.6365244198837496,0.304814064743905,0.001,151.77630686426156,3.5678499565633537,0.86,0.022925962587110122,0.86,0.0,0.022917651,0.001
3.63744625874281,0.3109660630908913,0.001,152.7482840741069,3.5705005689125113,0.8700000000000001,0.022925964879379385,0.87,0.0,0.022917651,0.001
3.638375374968005,0.31709429592154104,0.001,153.60699561229526,3.573204053664102,0.88,0.022925966752522835,0.88,0.0,0.022917651,0.001
3.6393147510605925,0.32332234252599484,0.001,154.1324236031773,3.575848769404175,0.89,0.022925967696336872,0.89,0.0,0.022917651,0.001
3.6402608403758947,0.3295194557473499,0.001,154.58929566428156,3.578551273127824,0.9000000000000001,0.022925968466598053,0.9,0.0,0.022917651,0.001
3.6410453915957914,0.3354964904572072,0.001,154.83996100762874,3.580288187808442,0.91,0.022925968034632954,0.91,0.0,0.022917651,0.001
3.641831714642482,0.3414677935153136,0.001,155.05753483672933,3.5820379196032217,0.9200000000000002,0.02292596763323033,0.92,0.0,0.022917651,0.001
3.64262092033893,0.3474059145928837,0.001,155.2712340651527,3.583832365311641,0.9300000000000003,0.022925967262631585,0.93,0.0,0.022917651,0.001
3.643409277224859,0.353375775416825,0.001,155.4288522640012,3.585591675541486,0.9400000000000002,0.022925966893151718,0.9400000000000001,0.0,0.022917651,0.001
3.6442012110683826,0.35932087779707145,0.001,155.57856066807958,3.5873900530124456,0.9500000000000001,0.022925966534869373,0.9500000000000001,0.0,0.022917651,0.001
3.644997308078595,0.3652354599637926,0.001,155.72633602377772,3.589235604738462,0.96,0.02292596619032911,0.96,0.0,0.022917651,0.001
3.6457975505419546,0.3712764027426307,0.001,155.82069436083304,3.5909713866061836,0.9700000000000002,0.022925965830693458,0.97,0.0,0.022917651,0.001
3.6466028894622506,0.37730552226003095,0.001,155.91220174109208,3.592739378054724,0.9800000000000001,0.02292596547667241,0.98,0.0,0.022917651,0.001
3.64741328120965,0.38332520849943214,0.001,156.00023644974982,3.59453701450322,0.99,0.022925965127715733,0.99,0.0,0.022917651,0.001
3.648227478123848,0.3893805604709529,0.001,156.07301984966944,3.5963142044475567,1.0,0.022925964769644386,1.0,0.0,0.022917651,0.001
3.6489292582558157,0.3948521989205143,0.001,157.52437086079053,3.5977889555497002,1.0100000000000002,0.022925965140919723,1.01,0.0,0.022917651,0.001
3.6496323889960465,0.40032262728978796,0.001,158.9741195234798,3.599270318398854,1.0200000000000002,0.022925965510609995,1.02,0.0,0.022917651,0.001
3.650336866091092,0.4057918493896603,0.001,160.42227088398752,3.6007582721727496,1.03,0.0229259658787202,1.03,0.0,0.022917651,0.001
3.651041650092228,0.41129742861097596,0.001,161.86469541460716,3.602211094264747,1.04,0.022925966241910664,1.04,0.0,0.022917651,0.001
3.6517476386168837,0.4168097973291612,0.001,163.30510286490895,3.6036619442905673,1.0500000000000003,0.022925966603536335,1.05,0.0,0.022917651,0.001
3.6524552979729683,0.4223127034436334,0.001,164.7453541587551,3.6051289402639752,1.06,0.022925966965162012,1.06,0.0,0.022917651,0.001
3.653164633787398,0.4278061150868502,0.001,166.18544877025198,3.6066121365602464,1.07,0.02292596732678769,1.07,0.0,0.022917651,0.001
3.653875651712385,0.4332900002480133,0.001,167.62538617114203,3.6081115877990895,1.08,0.022925967688413366,1.08,0.0,0.022917651,0.001
3.654588174228306,0.43881187785754794,0.001,169.06262830082966,3.609579066013687,1.09,0.02292596805003904,1.09,0.0,0.022917651,0.001
3.6553022438421356,0.4443640088881188,0.001,170.49781628100394,3.6110224800732,1.1000000000000003,0.022925968411664714,1.1,0.0,0.022917651,0.001
3.6559217646807123,0.4496139381792177,0.001,170.27139222293386,3.612029491822804,1.1100000000000003,0.022925968225358546,1.11,0.0,0.022917651,0.001
3.6565429311792537,0.4548623917749136,0.001,170.0450412845021,3.6130445616917832,1.1200000000000003,0.022925968039052377,1.12,0.0,0.022917651,0.001
3.6571657352955484,0.46010937688681447,0.001,169.8187631083787,3.6140676503007376,1.1300000000000001,0.022925967852746202,1.1300000000000001,0.0,0.022917651,0.001
3.6577901690397034,0.46535490067961466,0.001,169.5925573395583,3.615098718526446,1.1400000000000003,0.022925967666440034,1.1400000000000001,0.0,0.022917651,0.001
3.658416025242166,0.4706077410664356,0.001,169.36589459218587,3.616128159874694,1.1500000000000001,0.02292596748013386,1.1500000000000001,0.0,0.022917651,0.001
3.6590429282370542,0.4758794762410748,0.001,169.13805352180526,3.617142893596308,1.1600000000000001,0.02292596729382769,1.16,0.0,0.022917651,0.001
3.659671334150099,0.48114727136008856,0.001,168.91039876428692,3.618167578777221,1.1700000000000002,0.022925967107521518,1.17,0.0,0.022917651,0.001
3.660301239618666,0.48641113523896795,0.001,168.68292990277388,3.6192021931520113,1.1800000000000002,0.022925966921215353,1.18,0.0,0.022917651,0.001
3.660932641290146,0.491671076666925,0.001,168.455646521652,3.620246714521631,1.19,0.022925966734909178,1.19,0.0,0.022917651,0.001
3.6615655358219175,0.49692710440699084,0.001,168.22854820654496,3.621301120753157,1.2,0.022925966548603006,1.2,0.0,0.022917651,0.001
3.6621199003400924,0.5019097416295056,0.001,166.8969505816114,3.622012151860219,1.2100000000000002,0.022925966545856342,1.21,0.0,0.022917651,0.001
3.662674769653772,0.5068939348522465,0.001,165.56528807918636,3.622723646100685,1.2200000000000002,0.022925966543109678,1.22,0.0,0.022917651,0.001
3.663230137677587,0.511879665317454,0.001,164.23356148137526,3.623435597891428,1.23,0.022925966540363007,1.23,0.0,0.022917651,0.001
3.6637855890079676,0.516876214143327,0.001,162.90117716139576,3.6241370648887035,1.24,0.022925966537616343,1.24,0.0,0.022917651,0.001
3.6643411430549153,0.5218879321331554,0.001,161.5679028011245,3.6248237741640277,1.25,0.022925966534869675,1.25,0.0,0.022917651,0.001
3.6648975233709282,0.5269003378768452,0.001,160.2346831292246,3.6255131007560526,1.26,0.02292596653212301,1.26,0.0,0.022917651,0.001
3.6654547216055877,0.5319134244238345,0.001,158.90151759300588,3.626205018213716,1.27,0.022925966529376347,1.27,0.0,0.022917651,0.001
3.666012729520616,0.5369271849169063,0.001,157.56840564720045,3.6268995004411844,1.2800000000000002,0.02292596652662968,1.28,0.0,0.022917651,0.001
3.666571538988004,0.5419416125906241,0.001,156.23534675383868,3.6275965216919097,1.29,0.022925966523883012,1.29,0.0,0.022917651,0.001
3.6671311419881683,0.5469567007698043,0.001,154.90234038212756,3.628296056562804,1.3,0.022925966521136345,1.3,0.0,0.022917651,0.001
3.6676317051919063,0.5516352784966015,0.001,154.8834750739988,3.6288381996004087,1.3100000000000003,0.02292596671018918,1.31,0.0,0.022917651,0.001
3.668132484121746,0.5563150290423454,0.001,154.86431344548447,3.6293800326898182,1.3200000000000003,0.02292596689924202,1.32,0.0,0.022917651,0.001
3.668633476117509,0.5609959379446736,0.001,154.8448591505951,3.629921559653091,1.33,0.022925967088294853,1.33,0.0,0.022917651,0.001
3.6691346785625734,0.5656779909780372,0.001,154.8251157835089,3.6304627842497035,1.3400000000000003,0.022925967277347692,1.34,0.0,0.022917651,0.001
3.6696360888829904,0.5703611741488713,0.001,154.80508687979142,3.6310037101778216,1.35,0.022925967466400528,1.35,0.0,0.022917651,0.001
3.670137704546614,0.5750454736908879,0.001,154.78477591758568,3.631544341075548,1.3600000000000003,0.022925967655453367,1.36,0.0,0.022917651,0.001
3.670639523062259,0.5797308760604779,0.001,154.76418631877297,3.632084680522137,1.37,0.022925967844506203,1.37,0.0,0.022917651,0.001
3.6711415419788738,0.5844173679322286,0.001,154.74332145010624,3.63262473203918,1.3800000000000003,0.022925968033559042,1.3800000000000001,0.0,0.022917651,0.001
3.671643758884737,0.5891049361945465,0.001,154.72218462431536,3.633164499091758,1.3900000000000001,0.02292596822261188,1.3900000000000001,0.0,0.022917651,0.001
3.6721461714066708,0.5937935679453854,0.001,154.7007791011868,3.633703985089576,1.4000000000000001,0.022925968411664714,1.4000000000000001,0.0,0.022917651,0.001
3.6726009679571283,0.5981285594939802,0.001,154.6132246193667,3.634184502795917,1.41,0.022925968411664718,1.41,0.0,0.022917651,0.001
3.673055664405741,0.6024622197768915,0.001,154.52577885980492,3.63466595135265,1.4200000000000002,0.02292596841166472,1.42,0.0,0.022917651,0.001
3.673510262969232,0.6067945782746065,0.001,154.43843941487896,3.6351483101463664,1.4299999999999997,0.022925968411664714,1.43,0.0,0.022917651,0.001
3.673964765799357,0.6111256636035423,0.001,154.3512039475336,3.6356315591678365,1.44,0.022925968411664714,1.44,0.0,0.022917651,0.001
3.6744191749852604,0.6154555035474714,0.001,154.26407018871424,3.636115678990031,1.45,0.022925968411664714,1.45,0.0,0.022917651,0.001
3.6748734925557387,0.6197841250875887,0.001,154.1770359349115,3.6366006507471025,1.4600000000000002,0.022925968411664714,1.46,0.0,0.022917651,0.001
3.675327720481404,0.6241115544312821,0.001,154.09009904581148,3.6370864561142655,1.47,0.022925968411664714,1.47,0.0,0.022917651,0.001
3.6757818606767545,0.6284378170396762,0.001,154.00325744204648,3.63757307728854,1.4800000000000002,0.022925968411664718,1.48,0.0,0.022917651,0.001
3.676235915002157,0.6327629376540064,0.001,153.91650910304077,3.6380604969703065,1.49,0.022925968411664718,1.49,0.0,0.022917651,0.001
3.676689885265749,0.6370869403208839,0.001,153.82985206494757,3.638548698345643,1.5,0.022925968411664714,1.5,0.0,0.022917651,0.001
3.6771096266048353,0.6412332502867483,0.001,154.06603252628622,3.6388842245109014,1.51,0.022925968414411385,1.51,0.0,0.022917651,0.001
3.677528546514469,0.645353017102541,0.001,154.3029915698886,3.6392430084225755,1.5200000000000002,0.022925968417158053,1.52,0.0,0.022917651,0.001
3.6779466778800396,0.6494473034059586,0.001,154.54069802572167,3.6396241189719594,1.53,0.022925968419904717,1.53,0.0,0.022917651,0.001
3.6783640518546665,0.6535171158590058,0.001,154.77912236567082,3.640026674097599,1.54,0.022925968422651384,1.54,0.0,0.022917651,0.001
3.6787795144544333,0.6576195194011395,0.001,155.01519753405933,3.6403889937440654,1.55,0.02292596842539805,1.55,0.0,0.022917651,0.001
3.6791940619345955,0.6617105820992958,0.001,155.25138430227975,3.6407589938492366,1.56,0.02292596842814472,1.56,0.0,0.022917651,0.001
3.679608156726394,0.6657709731175504,0.001,155.48876060682002,3.641157854626495,1.5699999999999998,0.022925968430891383,1.57,0.0,0.022917651,0.001
3.680021818983545,0.6698020579610082,0.001,155.7272734894491,3.641584291196917,1.5800000000000003,0.022925968433638054,1.58,0.0,0.022917651,0.001
3.680435067680928,0.6738051222635674,0.001,155.9668730895716,3.6420370938367945,1.59,0.02292596843638472,1.59,0.0,0.022917651,0.001
3.6808479206995424,0.6777813775435445,0.001,156.20751242100863,3.642515122561848,1.6000000000000003,0.02292596843913139,1.6,0.0,0.022917651,0.001
3.681235643016089,0.6817135613855084,0.001,156.643081326517,3.6427667230851273,1.61,0.022925967863732872,1.61,0.0,0.022917651,0.001
3.6816221710129353,0.6856427285743502,0.001,157.07819371019178,3.6430165632775298,1.6200000000000003,0.022925967288334362,1.62,0.0,0.022917651,0.001
3.682007218073912,0.6895969880185476,0.001,157.51150558506143,3.6432353879338817,1.6300000000000001,0.02292596671293584,1.6300000000000001,0.0,0.022917651,0.001
3.6823916890191617,0.693531792161618,0.001,157.94528449162905,3.6434713630449753,1.6400000000000003,0.022925966137537328,1.6400000000000001,0.0,0.022917651,0.001
3.6827756030008985,0.6974477877696397,0.001,158.3795149040357,3.6437239184663377,1.65,0.022925965562138814,1.6500000000000001,0.0,0.022917651,0.001
3.683158978331721,0.7013455932550273,0.001,158.81418197706265,3.6439925090481395,1.6600000000000004,0.022925964986740294,1.6600000000000001,0.0,0.022917651,0.001
3.683541832530122,0.7052258002134357,0.001,159.24927150923747,3.6442766132803586,1.6700000000000002,0.02292596441134178,1.67,0.0,0.022917651,0.001
3.683924182363073,0.7090889748617704,0.001,159.68476990831394,3.644575732025133,1.6800000000000002,0.022925963835943267,1.68,0.0,0.022917651,0.001
3.684306043885894,0.7129356593846441,0.001,160.12066415894998,3.6448893873298163,1.6900000000000002,0.02292596326054475,1.69,0.0,0.022917651,0.001
3.6846874324796133,0.7167663731960121,0.001,160.5569417924215,3.645217121314807,1.7,0.022925962685146236,1.7,0.0,0.022917651,0.001
3.685046290880424,0.7205442906531554,0.001,160.7710618056255,3.64535699592208,1.7100000000000004,0.022925963444104254,1.71,0.0,0.022917651,0.001
3.6854047623247923,0.724316643446488,0.001,160.98522331129027,3.645500887543783,1.7200000000000002,0.02292596420306228,1.72,0.0,0.022917651,0.001
3.685762498518314,0.7280942491427919,0.001,161.1988671612152,3.6456365854220527,1.73,0.02292596496202029,1.73,0.0,0.022917651,0.001
3.686119635857668,0.7318741425918653,0.001,161.41216320200618,3.6457676001732935,1.7399999999999998,0.022925965720978308,1.74,0.0,0.022917651,0.001
3.686476437316352,0.7356490829808163,0.001,161.6254983988411,3.645902224478784,1.7500000000000002,0.022925966479936326,1.75,0.0,0.022917651,0.001
3.6868329115884544,0.7394191985169195,0.001,161.83887173818695,3.6460403649071713,1.76,0.022925967238894347,1.76,0.0,0.022917651,0.001
3.6871890670705754,0.7431846130205327,0.001,162.05228224119122,3.6461819312240773,1.77,0.022925967997852365,1.77,0.0,0.022917651,0.001
3.687544911874444,0.746945446111142,0.001,162.26572896221114,3.6463268362565198,1.78,0.022925968756810383,1.78,0.0,0.022917651,0.001
3.6879004538388918,0.7507018133840169,0.001,162.4792109874169,3.646474995764172,1.79,0.022925969515768405,1.79,0.0,0.022917651,0.001
3.688255700541241,0.754453826578027,0.001,162.6927274334654,3.646626328317071,1.8000000000000003,0.02292597027472642,1.8,0.0,0.022917651,0.001
3.688591063595101,0.7581483545191823,0.001,162.3561470652073,3.646621360588515,1.8100000000000003,0.022925969896620747,1.81,0.0,0.022917651,0.001
3.688925780195797,0.7618312742576413,0.001,162.0196404898055,3.646625415154063,1.8200000000000003,0.022925969518515076,1.82,0.0,0.022917651,0.001
3.689259867909459,0.7655029012241436,0.001,161.68320570208013,3.6466382468501015,1.83,0.022925969140409397,1.83,0.0,0.022917651,0.001
3.689593343671495,0.7691635395237101,0.001,161.34684076884835,3.6466596193157583,1.84,0.022925968762303725,1.84,0.0,0.022917651,0.001
3.689926223814649,0.77281348243944,0.001,161.01054382572175,3.646689304601327,1.85,0.022925968384198046,1.85,0.0,0.022917651,0.001
3.6902585240955688,0.7764530129096558,0.001,160.6743130740734,3.6467270827974203,1.86,0.022925968006092375,1.86,0.0,0.022917651,0.001
3.690590259719988,0.7800824039800195,0.001,160.3381467781635,3.6467727416835647,1.8699999999999999,0.022925967627986703,1.87,0.0,0.022917651,0.001
3.690921445366592,0.7837019192321472,0.001,160.0020432624148,3.646826076395068,1.8800000000000001,0.022925967249881028,1.8800000000000001,0.0,0.022917651,0.001
3.691252095209661,0.787311813190127,0.001,159.6660009088283,3.646886889107062,1.8900000000000001,0.022925966871775352,1.8900000000000001,0.0,0.022917651,0.001
3.691582222940548,0.7909123317062641,0.001,159.33001815453136,3.6469549887346853,1.9000000000000001,0.022925966493669677,1.9000000000000001,0.0,0.022917651,0.001
3.6919014265049905,0.7945005835031078,0.001,158.9100965859669,3.646871193255703,1.9100000000000001,0.022925965737458316,1.9100000000000001,0.0,0.022917651,0.001
3.692219383097224,0.7981035629626775,0.001,158.48888842205608,3.646767682442207,1.9200000000000004,0.022925964981246966,1.92,0.0,0.022917651,0.001
3.692536261821628,0.8017148368716134,0.001,158.06673784890273,3.6466515655411618,1.9299999999999997,0.0229259642250356,1.93,0.0,0.022917651,0.001
3.6928523449444977,0.8053121115738202,0.001,157.64470658091855,3.6465462653436065,1.94,0.022925963468824244,1.94,0.0,0.022917651,0.001
3.6931676558048796,0.8088957977373804,0.001,157.22279111827484,3.6464514645404957,1.95,0.02292596271261288,1.95,0.0,0.022917651,0.001
3.6934822168377908,0.8124662901232704,0.001,156.8009880967077,3.646366858113659,1.9600000000000002,0.022925961956401526,1.96,0.0,0.022917651,0.001
3.6937960496175686,0.8160239683481726,0.001,156.37929428101728,3.6462921527463985,1.97,0.022925961200190165,1.97,0.0,0.022917651,0.001
3.6941091748987547,0.8195691976038039,0.001,155.95770655893725,3.646227066267689,1.9800000000000002,0.022925960443978807,1.98,0.0,0.022917651,0.001
3.694421612654661,0.8231023293356313,0.001,155.53622193535065,3.646171327127757,1.9900000000000002,0.022925959687767446,1.99,0.0,0.022917651,0.001
3.694733382113792,0.8266237018836257,0.001,155.11483752682938,3.6461246739029947,2.0,0.022925958931556085,2.0,0.0,0.022917651,0.001
3.6950676486236547,0.8301607044752777,0.001,154.53068596583338,3.646043663286107,2.0100000000000007,0.022925958931556085,2.0100000000000002,0.0,0.022917651,0.001
3.695399272566214,0.8335875051435826,0.001,153.9483450704857,3.6460622842183246,2.0200000000000005,0.022925958931556092,2.02,0.0,0.022917651,0.001
3.6957289772200115,0.8369621998577474,0.001,153.36568749885936,3.646125332934417,2.0300000000000002,0.022925958931556085,2.0300000000000002,0.0,0.022917651,0.001
3.69605634798377,0.8401461598864397,0.001,152.78894086067024,3.646369781619363,2.04,0.02292595893155609,2.04,0.0,0.022917651,0.001
3.6963815557043604,0.8431533475090274,0.001,152.21767246008332,3.64678235131954,2.05,0.022925958931556085,2.05,0.0,0.022917651,0.001
3.696699680837615,0.8461557470740643,0.001,151.64370574574957,3.6471713835368806,2.06,0.02292595893155609,2.06,0.0,0.022917651,0.001
3.6970147826904687,0.8490555465363167,0.001,151.07215252085928,3.647650923889766,2.07,0.022925958931556085,2.07,0.0,0.022917651,0.001
3.697328626460891,0.8518120108859142,0.001,150.5051891450838,3.6482687667821225,2.0800000000000005,0.02292595893155609,2.08,0.0,0.022917651,0.001
3.6976412918540094,0.8544342210411399,0.001,149.94252483102306,3.649016150131607,2.0900000000000003,0.02292595893155609,2.09,0.0,0.022917651,0.001
3.697950237221742,0.8570555707018652,0.001,149.37804994206957,3.649749512839598,2.1,0.022925958931556085,2.1,0.0,0.022917651,0.001
3.6982126930910035,0.8609612536636074,0.001,150.00217283382858,3.648913992710253,2.1100000000000003,0.022925959304168436,2.11,0.0,0.022917651,0.001
3.6984758880256496,0.8649463647046677,0.001,150.6242946351273,3.648001999869232,2.1200000000000006,0.022925959676780787,2.12,0.0,0.022917651,0.001
3.6987425090593633,0.8688848563757632,0.001,151.2503410409138,3.647150330719537,2.13,0.022925960049393127,2.13,0.0,0.022917651,0.001
3.6990126305579505,0.8727757167718558,0.001,151.88039723738993,3.646360294627797,2.14,0.02292596042200548,2.14,0.0,0.022917651,0.001
3.6992863290551123,0.8766179044890289,0.001,152.51455089409052,3.6456332391310626,2.15,0.022925960794617825,2.15,0.0,0.022917651,0.001
3.6995636833320282,0.8804103475416644,0.001,153.15289225504026,3.6449705513379476,2.16,0.022925961167230176,2.16,0.0,0.022917651,0.001
3.6998430313567936,0.8842559086413669,0.001,153.79075795531932,3.644262721152193,2.17,0.02292596153984252,2.17,0.0,0.022917651,0.001
3.700125271305568,0.8881280050515501,0.001,154.42947034758606,3.6435399234479426,2.1800000000000006,0.02292596191245487,2.18,0.0,0.022917651,0.001
3.700411789684703,0.8919541857304983,0.001,155.07240375209074,3.6428801546712886,2.1900000000000004,0.022925962285067217,2.19,0.0,0.022917651,0.001
3.7007026764283926,0.8957334855124922,0.001,155.7196468960781,3.6422847397136935,2.2000000000000006,0.02292596265767956,2.2,0.0,0.022917651,0.001
3.7010274238125627,0.899465705848321,0.001,155.02518046862554,3.6417820265573337,2.21,0.022925962657679565,2.21,0.0,0.022917651,0.001
3.7013467523154993,0.9029082160145373,0.001,154.33827171659723,3.6415473486125998,2.22,0.022925962657679565,2.22,0.0,0.022917651,0.001
3.701659342786942,0.906326302542597,0.001,153.64804597798152,3.64131014168301,2.23,0.022925962657679568,2.23,0.0,0.022917651,0.001
3.701967491470399,0.9095983216794788,0.001,152.9604297565773,3.6412012339108912,2.2400000000000007,0.022925962657679565,2.24,0.0,0.022917651,0.001
3.702272250858129,0.912661897631527,0.001,152.27843957127834,3.641287211298134,2.25,0.02292596265767956,2.25,0.0,0.022917651,0.001
3.7025738932063086,0.9155337742739144,0.001,151.60162349247926,3.641552419061955,2.2600000000000002,0.022925962657679565,2.2600000000000002,0.0,0.022917651,0.001
3.7028699988487954,0.9184398342159202,0.001,150.92043928058976,3.641761296616557,2.2700000000000005,0.022925962657679565,2.27,0.0,0.022917651,0.001
3.7031634450339284,0.9212412824766988,0.001,150.24133911498927,3.642064147872972,2.2800000000000002,0.02292596265767956,2.2800000000000002,0.0,0.022917651,0.001
3.7034552053389826,0.9238902132800393,0.001,149.56659713261587,3.6425127728031774,2.29,0.022925962657679565,2.29,0.0,0.022917651,0.001
3.7037453949556296,0.9263970477353463,0.001,148.89591555048148,3.6430972110824436,2.3000000000000003,0.02292596265767956,2.3000000000000003,0.0,0.022917651,0.001
3.703994681475898,0.9300859958196509,0.001,148.54426190234503,3.6422537489002638,2.31,0.022925963044025242,2.31,0.0,0.022917651,0.001
3.7042478345422967,0.9337326519289979,0.001,148.19667689066458,3.6414680448617656,2.32,0.022925963430370924,2.32,0.0,0.022917651,0.001
3.704504941324265,0.9373360626109588,0.001,147.8532522409107,3.6407414010967822,2.33,0.022925963816716598,2.33,0.0,0.022917651,0.001
3.7047660916313436,0.9408952455359247,0.001,147.51408245664044,3.6400751591727127,2.3400000000000003,0.022925964203062275,2.34,0.0,0.022917651,0.001
3.7050313780138806,0.9444091883955097,0.001,147.1792649254741,3.6394707015989605,2.35,0.022925964589407953,2.35,0.0,0.022917651,0.001
3.705299849534994,0.9480615875759355,0.001,146.84123173252377,3.6387405280796563,2.36,0.02292596497575363,2.36,0.0,0.022917651,0.001
3.705572495788698,0.95171760754581,0.001,146.50565391459105,3.6380234322759883,2.37,0.02292596536209931,2.37,0.0,0.022917651,0.001
3.705849645317323,0.9553363858415924,0.001,146.17428112561504,3.6373615908116688,2.3800000000000003,0.022925965748444993,2.38,0.0,0.022917651,0.001
3.7061313875273307,0.9589171830799584,0.001,145.8471968507871,3.6367561006872533,2.39,0.022925966134790667,2.39,0.0,0.022917651,0.001
3.70641781420768,0.9624592401745764,0.001,145.524486800003,3.6362080881360472,2.4,0.022925966521136345,2.4,0.0,0.022917651,0.001
3.7067482936308536,0.9666048898462836,0.001,145.14788207381926,3.6351572348634056,2.41,0.022925966521136345,2.41,0.0,0.022917651,0.001
3.707068588534266,0.9703461194687887,0.001,144.7796664835651,3.634470064114142,2.4200000000000004,0.02292596652113635,2.42,0.0,0.022917651,0.001
3.707379964155398,0.9737701049806374,0.001,144.4173704286217,3.6340644605809556,2.43,0.02292596652113634,2.43,0.0,0.022917651,0.001
3.70768456461491,0.9772969504456266,0.001,144.04622396866404,3.6335288938371093,2.44,0.022925966521136345,2.44,0.0,0.022917651,0.001
3.7079831941907377,0.9805553937264578,0.001,143.68110539194527,3.6332378454862715,2.4499999999999997,0.022925966521136345,2.45,0.0,0.022917651,0.001
3.708276422654098,0.9835710470854369,0.001,143.32143948806927,3.633167982375472,2.46,0.022925966521136345,2.46,0.0,0.022917651,0.001
3.7085647495171843,0.9863663645127231,0.001,142.96672197637483,3.6332988485847735,2.4700000000000006,0.022925966521136345,2.47,0.0,0.022917651,0.001
3.7088512313865714,0.9891999464297732,0.001,142.6078770943033,3.633384072839603,2.48,0.02292596652113635,2.48,0.0,0.022917651,0.001
3.709135284894087,0.9919695186143883,0.001,142.24906357602984,3.6335235946892284,2.49,0.02292596652113635,2.49,0.0,0.022917651,0.001
3.7094159508111395,0.9945688181452224,0.001,141.89434840285935,3.633819838803073,2.5,0.022925966521136345,2.5,0.0,0.022917651,0.001
3.7096572377188894,0.9982726218859198,0.001,142.27098939612205,3.6327845155269927,2.5100000000000002,0.02292596671018918,2.5100000000000002,0.0,0.022917651,0.001
3.709901711028081,1.0019433110557592,0.001,142.6512773533301,3.631795052922582,2.5200000000000005,0.02292596689924202,2.52,0.0,0.022917651,0.001
3.7101494467210707,1.0055800960106163,0.001,143.0352992393324,3.6308525445752005,2.5300000000000002,0.022925967088294853,2.5300000000000002,0.0,0.022917651,0.001
3.710400523215391,1.0091821617989247,0.001,143.42314480612947,3.6299581191187196,2.5399999999999996,0.022925967277347692,2.54,0.0,0.022917651,0.001
3.710657593739454,1.0129363668014222,0.001,143.8083871235658,3.6289355312350913,2.5500000000000007,0.022925967466400528,2.5500000000000003,0.0,0.022917651,0.001
3.710919421371207,1.0167395298554736,0.001,144.19469673222912,3.62788301345411,2.56,0.022925967655453367,2.56,0.0,0.022917651,0.001
3.7111851324394287,1.0205216357259248,0.001,144.58455820047806,3.6268670861275796,2.57,0.022925967844506203,2.57,0.0,0.022917651,0.001
3.711454793799028,1.024282321904953,0.001,144.97803267499359,3.6258883791747842,2.5800000000000005,0.022925968033559042,2.58,0.0,0.022917651,0.001
3.7117284738483503,1.028021217515753,0.001,145.37518271410997,3.6249475370575395,2.59,0.02292596822261188,2.59,0.0,0.022917651,0.001
3.7120062425739744,1.031737943069627,0.001,145.77607232878904,3.624045219202302,2.6,0.022925968411664714,2.6,0.0,0.022917651,0.001
3.712371108134288,1.0367693451297213,0.001,144.70108739515987,3.622112322450921,2.61,0.02292596841166472,2.61,0.0,0.022917651,0.001
3.7127126966688477,1.0410778000545842,0.001,143.6362375546464,3.6208092633612114,2.6200000000000006,0.02292596841166472,2.62,0.0,0.022917651,0.001
3.7130404787160196,1.0451303697445633,0.001,142.56920310412175,3.619706861402755,2.63,0.022925968411664714,2.63,0.0,0.022917651,0.001
3.7133585022015363,1.0490421848314444,0.001,141.49929997191572,3.6187061792422583,2.6400000000000006,0.022925968411664714,2.64,0.0,0.022917651,0.001
3.713662803324887,1.0525105373219017,0.001,140.43687982112988,3.6180940710809515,2.65,0.022925968411664714,2.65,0.0,0.022917651,0.001
3.7139550600113553,1.055589652362763,0.001,139.38102765742303,3.6178230233690347,2.66,0.022925968411664714,2.66,0.0,0.022917651,0.001
3.7142369349095072,1.0583846141930047,0.001,138.3291597946241,3.617794602386398,2.67,0.022925968411664714,2.67,0.0,0.022917651,0.001
3.7145129878452225,1.061439189456108,0.001,137.26567926189767,3.6174832808621185,2.68,0.022925968411664718,2.68,0.0,0.022917651,0.001
3.7147827902435795,1.0642444030552802,0.001,136.2068735240027,3.617396319448542,2.69,0.022925968411664718,2.69,0.0,0.022917651,0.001
3.7150469242939748,1.066823481108271,0.001,135.1523071598183,3.617512820729976,2.7,0.022925968411664714,2.7,0.0,0.022917651,0.001
3.715312362405071,1.070649558873314,0.001,135.04530382549115,3.61632792186199,2.71,0.022925967652706707,2.71,0.0,0.022917651,0.001
3.7155808026419512,1.0744717571099636,0.001,134.94096390729456,3.615158911009146,2.72,0.022925966893748696,2.72,0.0,0.022917651,0.001
3.715852273598757,1.0782900388671408,0.001,134.83931277328526,3.6140059394989303,2.73,0.022925966134790678,2.73,0.0,0.022917651,0.001
3.7161268042339173,1.0821043667230146,0.001,134.74037611470794,3.612869160586736,2.74,0.022925965375832663,2.74,0.0,0.022917651,0.001
3.7164044238759706,1.085914702777475,0.001,134.6441799511584,3.6117487294866613,2.75,0.022925964616874656,2.75,0.0,0.022917651,0.001
3.7166851622294925,1.0897210086444733,0.001,134.5507506358461,3.6106448034029013,2.7600000000000002,0.02292596385791664,2.7600000000000002,0.0,0.022917651,0.001
3.7169690493811465,1.0935232454442039,0.001,134.46011486095813,3.609557541561747,2.77,0.022925963098958627,2.77,0.0,0.022917651,0.001
3.717259825186577,1.097593913478007,0.001,134.36480499763985,3.608229402843328,2.7800000000000002,0.022925962340000616,2.7800000000000002,0.0,0.022917651,0.001
3.7175548316308986,1.101712916141487,0.001,134.27098052713333,3.6068698519029225,2.79,0.022925961581042605,2.79,0.0,0.022917651,0.001
3.7178535423969876,1.105837375211884,0.001,134.17985376878238,3.605519661725447,2.8000000000000007,0.022925960822084594,2.8000000000000003,0.0,0.022917651,0.001
3.7182892411890354,1.1116638883659746,0.001,134.00732749959684,3.6029599441530937,2.8100000000000005,0.022925960822084594,2.81,0.0,0.022917651,0.001
3.7187055072549327,1.1176447687159186,0.001,133.8149600662427,3.6001681263095873,2.8200000000000003,0.022925960822084594,2.82,0.0,0.022917651,0.001
3.719089776328458,1.122872906046499,0.001,133.6279595020779,3.5980010624634353,2.8299999999999996,0.022925960822084587,2.83,0.0,0.022917651,0.001
3.71944307070054,1.127372350191873,0.001,133.4461543378088,3.5964387919778233,2.84,0.02292596082208459,2.84,0.0,0.022917651,0.001
3.7197663695719703,1.1311661372721846,0.001,133.26938033166843,3.5954621955679826,2.85,0.022925960822084594,2.85,0.0,0.022917651,0.001
3.720083101126531,1.1350844200551176,0.001,133.08148938878574,3.594334832523635,2.86,0.02292596082208459,2.86,0.0,0.022917651,0.001
3.7203820628230537,1.1385310319812219,0.001,132.8981062706535,3.5936080619690363,2.8700000000000006,0.022925960822084587,2.87,0.0,0.022917651,0.001
3.720663220335997,1.1414817035709206,0.001,132.72030318611536,3.593306016137243,2.8800000000000003,0.02292596082208459,2.88,0.0,0.022917651,0.001
3.7209281732692903,1.1439809922232265,0.001,132.54757880110932,3.5933905359442786,2.89,0.022925960822084594,2.89,0.0,0.022917651,0.001
3.7211790231344914,1.1460919865706543,0.001,132.37904611603025,3.593806938688487,2.9000000000000004,0.022925960813768402,2.9,0.0,0.022917651,0.001
3.7215473902478884,1.151281681378675,0.001,132.0458155225915,3.5915630372481835,2.9100000000000006,0.022925960269061095,2.91,0.0,0.022917651,0.001
3.7219143222714517,1.1564520402729872,0.001,131.7122535842293,3.5893327313901393,2.9200000000000004,0.022925959724227608,2.92,0.0,0.022917651,0.001
3.7222798079711428,1.1616029118899647,0.001,131.37835770713966,3.587116127542044,2.9299999999999997,0.022925959179266937,2.93,0.0,0.022917651,0.001
3.722643835995363,1.1667341432819949,0.001,131.0441252703752,3.5849133332453325,2.9400000000000004,0.02292595863417811,2.94,0.0,0.022917651,0.001
3.7230063948734062,1.171845579896701,0.001,130.70955362548864,3.582724457169784,2.95,0.0229259580889601,2.95,0.0,0.022917651,0.001
3.7233674730138993,1.1769370655558429,0.001,130.37464009617167,3.5805496091283704,2.9600000000000004,0.02292595754361189,2.96,0.0,0.022917651,0.001
3.7237270587032087,1.1820084424338795,0.001,130.03938197788744,3.578388900092322,2.9700000000000006,0.022925956998132452,2.97,0.0,0.022917651,0.001
3.724085140103821,1.1870595510361934,0.001,129.7037765374974,3.576242442206439,2.98,0.02292595645252075,2.98,0.0,0.022917651,0.001
3.7244417052527075,1.1920902301769682,0.001,129.36782101288208,3.574110348804648,2.99,0.02292595590677573,2.99,0.0,0.022917651,0.001
3.724796742059649,1.1971003169567116,0.001,129.03151261255618,3.571992734425806,3.0,0.02292595536089632,3.0,0.0,0.022917651,0.001
3.725303258415654,1.2039896344057683,0.001,129.07025418398322,3.5685535274824476,3.0100000000000002,0.0229259510699843,3.0100000000000002,0.0,0.022917651,0.001
3.7257972990084873,1.210666638727153,0.001,129.10800875448342,3.565276730782523,3.0200000000000005,0.022925946800052825,3.02,0.0,0.022917651,0.001
3.7262768838118596,1.2170976337398347,0.001,129.1446196773045,3.562188120428639,3.03,0.022925942554431707,3.0300000000000002,0.0,0.022917651,0.001
3.726739590395331,1.2232413944080014,0.001,129.17989530556622,3.559319231767553,3.04,0.02292593833719477,3.04,0.0,0.022917651,0.001
3.727182423054248,1.2290469396882173,0.001,129.21359863867582,3.556709063064542,3.0500000000000007,0.022925934153379894,3.0500000000000003,0.0,0.022917651,0.001
3.727601632562281,1.2344504650694634,0.001,129.24543306232485,3.5544064219759224,3.06,0.022925930009292172,3.06,0.0,0.022917651,0.001
3.728004388606099,1.2396848628156583,0.001,129.27126808821282,3.552207093844927,3.0700000000000007,0.022925925928804273,3.0700000000000003,0.0,0.022917651,0.001
3.7283877756340322,1.2446632499930153,0.001,129.29231025450773,3.5501862991062065,3.0800000000000005,0.022925921910811966,3.08,0.0,0.022917651,0.001
3.7287348130886877,1.2489576852655941,0.001,129.3130302850397,3.5487040580478713,3.09,0.022925917941992047,3.09,0.0,0.022917651,0.001
3.729039489160398,1.2524550506982242,0.001,129.33337490218483,3.5478494413777875,3.1,0.02292591403047708,3.1,0.0,0.022917651,0.001
3.729526600898564,1.25891744509929,0.001,129.24182846482606,3.544714321155278,3.1100000000000003,0.022925906073977195,3.11,0.0,0.022917651,0.001
3.7300160184715705,1.2654098571449635,0.001,129.1507668830937,3.541558406649711,3.1200000000000006,0.022925898117546202,3.12,0.0,0.022917651,0.001
3.730507991575446,1.2719355374091874,0.001,129.06024266140926,3.5383794460736597,3.13,0.022925890161191568,3.13,0.0,0.022917651,0.001
3.7310028073086787,1.2784982233757558,0.001,128.9703161689346,3.535174850340043,3.14,0.022925882204921883,3.14,0.0,0.022917651,0.001
3.7315007974479073,1.2851022341542038,0.001,128.8810571694566,3.531941627449073,3.15,0.022925874248747046,3.15,0.0,0.022917651,0.001
3.7320023474907287,1.2917525882001726,0.001,128.79254672284793,3.528676300939207,3.16,0.02292586629267858,3.16,0.0,0.022917651,0.001
3.732507907987463,1.2984551508337305,0.001,128.70487956783566,3.5253748076959885,3.1699999999999995,0.02292585833672995,3.17,0.0,0.022917651,0.001
3.7330180088676093,1.3052168207429704,0.001,128.61816713447297,3.5220323687544206,3.1800000000000006,0.022925850380916993,3.18,0.0,0.022917651,0.001
3.7335332777268566,1.312045768046618,0.001,128.53254138941094,3.5186433243845783,3.1900000000000004,0.022925842425258452,3.19,0.0,0.022917651,0.001
3.734054463413739,1.3189517413479623,0.001,128.44815979554238,3.5152009213845083,3.2000000000000006,0.022925834469776713,3.2,0.0,0.022917651,0.001
3.7346652634498296,1.3272491669124094,0.001,127.69488672839616,3.510683091751692,3.2100000000000004,0.022925821807283468,3.21,0.0,0.022917651,0.001
3.7352783293999003,1.3355776307866296,0.001,126.94234084334396,3.5061432873808918,3.2200000000000006,0.022925809144919675,3.22,0.0,0.022917651,0.001
3.735893883702083,1.3439401799105086,0.001,126.19059352572033,3.501579351076497,3.23,0.022925796482698053,3.23,0.0,0.022917651,0.001
3.7365121788942455,1.3523402735276937,0.001,125.43972582053243,3.4969888337369515,3.24,0.02292578382063303,3.24,0.0,0.022917651,0.001
3.737133502883521,1.3607818553672508,0.001,124.68983012357063,3.492368943251038,3.2500000000000004,0.022925771158741046,3.25,0.0,0.022917651,0.001
3.737758185363053,1.3692694415396853,0.001,123.94101224068308,3.4877164822685836,3.2600000000000002,0.022925758497040948,3.2600000000000002,0.0,0.022917651,0.001
3.738386605678295,1.377808228288873,0.001,123.19339391224594,3.483027771913436,3.27,0.0229257458355544,3.27,0.0,0.022917651,0.001
3.739021668339587,1.386451911466755,0.001,122.44844469883,3.4782607347742722,3.2800000000000002,0.0229257331736281,3.2800000000000002,0.0,0.022917651,0.001
3.739663658813607,1.3951995928729186,0.001,121.70674283470026,3.47341741097996,3.29,0.022925720511230232,3.29,0.0,0.022917651,0.001
3.7403113686595844,1.4040232230844867,0.001,120.96773326956033,3.46852101591807,3.3000000000000007,0.022925707848832355,3.3000000000000003,0.0,0.022917651,0.001
3.741144339835722,1.4150695355084757,0.001,120.96814985640319,3.462103087680772,3.31,0.022925691331677343,3.31,0.0,0.022917651,0.001
3.7419851314136654,1.4261911911784293,0.001,120.97459330816515,3.455641097852322,3.32,0.022925674814522328,3.3200000000000003,0.0,0.022917651,0.001
3.742834438144865,1.4373948834626276,0.001,120.98759904147137,3.44913113207447,3.33,0.022925658297367316,3.33,0.0,0.022917651,0.001
3.7436930395861747,1.448688122760818,0.001,121.00776782901471,3.4425687981796256,3.34,0.022925641780212305,3.34,0.0,0.022917651,0.001
3.7445618134469583,1.4600793650927995,0.001,121.03577608562735,3.435949150990787,3.3500000000000005,0.022925625263057293,3.35,0.0,0.022917651,0.001
3.7454417515388854,1.4715781657617977,0.001,121.0723881601381,3.429266602457444,3.36,0.022925608745902278,3.36,0.0,0.022917651,0.001
3.746333978940418,1.4831953639887867,0.001,121.11847110466017,3.422514813679317,3.3700000000000006,0.022925592228747266,3.37,0.0,0.022917651,0.001
3.7472397771581694,1.4949433060534523,0.001,121.17501252410727,3.41568656441097,3.3800000000000003,0.022925575711592254,3.38,0.0,0.022917651,0.001
3.7481692186350157,1.506893381656786,0.001,121.25065757307678,3.4087507527029453,3.39,0.022925559194437246,3.39,0.0,0.022917651,0.001
3.7491144353121197,1.5189758180147304,0.001,121.34034152357823,3.4017456799295998,3.4,0.02292554267728223,3.4,0.0,0.022917651,0.001
3.749867761405111,1.5317093143402642,0.001,121.59677646412314,3.3932865747971523,3.41,0.02292494821467908,3.41,0.0,0.022917651,0.001
3.7505183234611628,1.542440865305956,0.001,121.78673372906792,3.386418371786366,3.4200000000000004,0.02292435375311947,3.42,0.0,0.022917651,0.001
3.75113704150132,1.5522848357610783,0.001,121.93204651533803,3.380310372473569,3.4299999999999997,0.022923759291038084,3.43,0.0,0.022917651,0.001
3.7517300746166313,1.5618106353228285,0.001,122.0633571788829,3.374417803734066,3.44,0.022923164828956705,3.44,0.0,0.022917651,0.001
3.7523518324845777,1.5714695213104135,0.001,122.19500363188203,3.3685070471369785,3.4500000000000006,0.022922570366875325,3.45,0.0,0.022917651,0.001
3.7529891385770693,1.5813350772808084,0.001,122.33014148941805,3.362451813250141,3.4600000000000004,0.022921975904793942,3.46,0.0,0.022917651,0.001
3.7536477020379415,1.5914064552020124,0.001,122.47238313991079,3.35627578129874,3.47,0.02292138144271256,3.47,0.0,0.022917651,0.001
3.754337782396829,1.601645890758218,0.001,122.62554940498502,3.3500577605418718,3.4800000000000004,0.02292078698063118,3.48,0.0,0.022917651,0.001
3.7550200607752657,1.611833816018695,0.001,122.77633328081002,3.3438600401941634,3.49,0.0229201925185498,3.49,0.0,0.022917651,0.001
3.755699753020244,1.6219252815288454,0.001,122.92219435376387,3.3377484390889167,3.5000000000000004,0.022919598056468416,3.5,0.0,0.022917651,0.001
3.7568292633476084,1.6333092666790157,0.001,123.28203182171622,3.3321059413307528,3.5100000000000002,0.022919524550948353,3.5100000000000002,0.0,0.022917651,0.001
3.7579792552212696,1.6447130227393736,0.001,123.66264311164755,3.326525599283417,3.520000000000001,0.02291945104542829,3.52,0.0,0.022917651,0.001
3.75915820369562,1.656137857008944,0.001,124.07629051760775,3.321040005247578,3.5300000000000002,0.02291937753990822,3.5300000000000002,0.0,0.022917651,0.001
3.7603567189483,1.66759352141607,0.001,124.50878457530811,3.3156018481719096,3.54,0.02291930403438816,3.54,0.0,0.022917651,0.001
3.761575345101271,1.6790808732993896,0.001,124.96064938110352,3.3102124472052035,3.5500000000000007,0.022919230528868094,3.5500000000000003,0.0,0.022917651,0.001
3.762840752152173,1.6906227238066989,0.001,125.45389627211564,3.3049556750112328,3.56,0.022919157023348027,3.56,0.0,0.022917651,0.001
3.764135343548707,1.7022110413788736,0.001,125.97413855367537,3.299769173467476,3.5700000000000007,0.022919083517827964,3.5700000000000003,0.0,0.022917651,0.001
3.765454726971086,1.713843455508063,0.001,126.51786220425608,3.29463774295391,3.58,0.022919010012307905,3.58,0.0,0.022917651,0.001
3.766818686240614,1.7255537320650176,0.001,127.10796996265678,3.2896067461546785,3.59,0.022918936506787835,3.59,0.0,0.022917651,0.001
3.7682195828948983,1.737331878915553,0.001,127.7330986678506,3.2846556264324414,3.6000000000000005,0.022918863001267775,3.6,0.0,0.022917651,0.001
3.7696793905704236,1.7486805403960965,0.001,128.54636991259272,3.280336113446759,3.6100000000000003,0.02291882320387112,3.61,0.0,0.022917651,0.001
3.7712095582050327,1.7601540165400398,0.001,129.415835994141,3.276173229425026,3.6200000000000006,0.022918783406474463,3.62,0.0,0.022917651,0.001
3.7727866607724034,1.771706811269764,0.001,130.30985994971704,3.2721187658142012,3.6300000000000003,0.0229187436090778,3.63,0.0,0.022917651,0.001
3.7744342459257734,1.7833630740933195,0.001,131.2187245149389,3.2682427640664833,3.6399999999999997,0.02291870381168114,3.64,0.0,0.022917651,0.001
3.776171371436432,1.795143583782014,0.001,132.1156710786285,3.2646006784674726,3.65,0.022918664014284485,3.65,0.0,0.022917651,0.001
3.777968745797613,1.8070247384609721,0.001,132.9971939316319,3.261098943562556,3.66,0.022918624216887826,3.66,0.0,0.022917651,0.001
3.779862942973946,1.8190808652175328,0.001,133.81680387529605,3.2578095235977824,3.6699999999999995,0.02291858441949117,3.67,0.0,0.022917651,0.001
3.781835381616944,1.8312538362199358,0.001,134.57786036817126,3.254716226810532,3.68,0.022918544622094514,3.68,0.0,0.022917651,0.001
3.783984240335474,1.8436332948991774,0.001,135.1795334237983,3.252122133575908,3.6900000000000004,0.022918504824697854,3.69,0.0,0.022917651,0.001
3.786262389514931,1.856168067052894,0.001,135.66553848929718,3.2498898843903454,3.7,0.022918465027301195,3.7,0.0,0.022917651,0.001
3.788802852788204,1.868337167039047,0.001,136.0567291177569,3.249040828290917,3.71,0.02291844428880417,3.71,0.0,0.022917651,0.001
3.7915631416594233,1.880665451884173,0.001,136.41487062166337,3.248911882767369,3.7200000000000006,0.022918423550307133,3.72,0.0,0.022917651,0.001
3.7945701182633353,1.8931500986049896,0.001,136.7736337754137,3.249613330911316,3.7300000000000004,0.022918402811810103,3.73,0.0,0.022917651,0.001
3.7978482157211175,1.905810600960531,0.001,137.13953119433796,3.251223411230728,3.74,0.022918382073313072,3.74,0.0,0.022917651,0.001
3.80134924514304,1.9186436942119913,0.001,137.50765478890816,3.253552625819747,3.7499999999999996,0.02291836133481604,3.75,0.0,0.022917651,0.001
3.805102747375519,1.9316841537387797,0.001,137.87516498206418,3.256684356548577,3.7600000000000002,0.02291834059631901,3.7600000000000002,0.0,0.022917651,0.001
3.809094606773239,1.9449235839276684,0.001,138.2430809464513,3.2605705456835117,3.77,0.02291831985782198,3.77,0.0,0.022917651,0.001
3.8133321052749443,1.958382092480851,0.001,138.61852111364723,3.26522021572465,3.7800000000000007,0.022918299119324945,3.7800000000000002,0.0,0.022917651,0.001
3.817818168394002,1.9720769248147232,0.001,139.00508647673522,3.2706278221065777,3.7900000000000005,0.022918278380827918,3.79,0.0,0.022917651,0.001
3.8225065008409715,1.9860114345769544,0.001,139.40502685826857,3.2766048290973804,3.8000000000000003,0.022918257642330884,3.8000000000000003,0.0,0.022917651,0.001
3.827056859932859,1.999372402070731,0.001,139.72981717804623,3.2825733999579687,3.8100000000000005,0.022918246687592594,3.81,0.0,0.022917651,0.001
3.831729268727466,2.0129329718093993,0.001,140.06630360452326,3.2888305698649325,3.8200000000000003,0.022918235732854307,3.8200000000000003,0.0,0.022917651,0.001
3.836528340133804,2.0267073647600284,0.001,140.41521383395772,3.295380569628837,3.8299999999999996,0.022918224778116017,3.83,0.0,0.022917651,0.001
3.841447676841659,2.0406875866862197,0.001,140.77646840181953,3.3022057948088417,3.8400000000000003,0.022918213823377727,3.84,0.0,0.022917651,0.001
3.846500081994393,2.0548968318220675,0.001,141.15128812548426,3.3093342698813824,3.85,0.02291820286863944,3.85,0.0,0.022917651,0.001
3.851672760961377,2.069315581190561,0.001,141.53905028041638,3.316734337815969,3.86,0.022918191913901154,3.86,0.0,0.022917651,0.001
3.8569737262913946,2.0839619487246717,0.001,141.9408907002826,3.324419929098274,3.8700000000000006,0.022918180959162864,3.87,0.0,0.022917651,0.001
3.8624037609665383,2.098833543670204,0.001,142.35698306453784,3.3323965772014654,3.8800000000000003,0.022918170004424573,3.88,0.0,0.022917651,0.001
3.8679629009520404,2.113927742969561,0.001,142.78737079117232,3.3406670474394122,3.8900000000000006,0.02291815904968629,3.89,0.0,0.022917651,0.001
3.8736673278139775,2.1292621029933447,0.001,143.23381906741147,3.3492784976993204,3.9000000000000004,0.022918148094947997,3.9,0.0,0.022917651,0.001
3.878094020670465,2.1417771347671772,0.001,142.618828614945,3.355569775030396,3.910000000000001,0.022918105968707626,3.91,0.0,0.022917651,0.001
3.8826233172201663,2.1544666270115367,0.001,142.01634405410476,3.362097008041414,3.920000000000001,0.02291806384246725,3.92,0.0,0.022917651,0.001
3.8872634300315725,2.1673327164102525,0.001,141.426934460625,3.3688909069982835,3.9299999999999993,0.022918021716226877,3.93,0.0,0.022917651,0.001
3.892007153170254,2.180368237551499,0.001,140.85013468235533,3.37592981083004,3.94,0.02291797958998651,3.94,0.0,0.022917651,0.001
3.8968570689644952,2.1935754344715197,0.001,140.286507687906,3.383221811442007,3.9500000000000006,0.022917937463746135,3.95,0.0,0.022917651,0.001
3.9018232751616333,2.206957054286653,0.001,139.7367598762995,3.390804551068725,3.9600000000000004,0.02291789533750576,3.96,0.0,0.022917651,0.001
3.9069069077631617,2.220512310871163,0.001,139.2011311768714,3.398683360815216,3.9700000000000006,0.022917853211265386,3.97,0.0,0.022917651,0.001
3.9121024029841047,2.2342333334924778,0.001,138.6794539022759,3.406843861682678,3.9800000000000004,0.022917811085025018,3.98,0.0,0.022917651,0.001
3.917415590089493,2.2481192256069624,0.001,138.1728030436507,3.4153102703474705,3.99,0.022917768958784647,3.99,0.0,0.022917651,0.001
3.922854216304979,2.2621662187981566,0.001,137.68153602751067,3.424117314917955,4.0,0.022917726832544272,4.0,0.0,0.022917651,0.001
3.928897981072381,2.277248852256839,0.001,138.20059895031562,3.4342821207752645,4.01,0.02291772241733347,4.01,0.0,0.022917651,0.001
3.9350648066508267,2.2924603969458244,0.001,138.73580563589633,3.44481026783324,4.0200000000000005,0.022917718002122667,4.0200000000000005,0.0,0.022917651,0.001
3.9413596154727957,2.3077891791925786,0.001,139.28752710706814,3.4557331139308034,4.03,0.02291771358691186,4.03,0.0,0.022917651,0.001
3.9477768903185293,2.3232288260652743,0.001,139.85554750059725,3.4670349568350094,4.04,0.022917709171701058,4.04,0.0,0.022917651,0.001
3.9543260501787456,2.3387636669552125,0.001,140.4417057327737,3.4787691392824898,4.05,0.022917704756490253,4.05,0.0,0.022917651,0.001
3.9610077350928923,2.354382025736369,0.001,141.0460336816294,3.490949903428813,4.0600000000000005,0.02291770034127945,4.0600000000000005,0.0,0.022917651,0.001
3.9678204175859877,2.370073290351112,0.001,141.66869769744244,3.5035817614559623,4.07,0.022917695926068647,4.07,0.0,0.022917651,0.001
3.9747635265656123,2.3858173204681177,0.001,142.3107417624797,3.516682555795325,4.08,0.022917691510857843,4.08,0.0,0.022917651,0.001
3.9818421271734263,2.401593759319483,0.001,142.97299381977808,3.530292895665957,4.09,0.02291768709564704,4.09,0.0,0.022917651,0.001
3.9890563672958947,2.417382281651882,0.001,143.65585728505908,3.5444337234153123,4.1,0.022917682680436233,4.1,0.0,0.022917651,0.001
3.9958774255539815,2.4321879830386393,0.001,144.29815105686637,3.5579588028804268,4.110000000000001,0.02291768055499819,4.11,0.0,0.022917651,0.001
4.002810884044247,2.4469746182162155,0.001,144.95875867795675,3.5719525413633857,4.120000000000001,0.02291767842956014,4.12,0.0,0.022917651,0.001
4.00985617388689,2.461718857782922,0.001,145.63840431054274,3.5864359953272005,4.13,0.022917676304122087,4.13,0.0,0.022917651,0.001
4.0170140527782445,2.476370612718781,0.001,146.33845789870313,3.601462301636342,4.14,0.022917674178684032,4.14,0.0,0.022917651,0.001
4.024274608139817,2.490934960277643,0.001,147.05792968742142,3.616986717868188,4.15,0.022917672053245984,4.15,0.0,0.022917651,0.001
4.031634556805545,2.505387394757354,0.001,147.79728288662704,3.6330206225955584,4.16,0.022917669927807936,4.16,0.0,0.022917651,0.001
4.039088981247304,2.519694656563031,0.001,148.55711853841774,3.649577604510893,4.17,0.022917667802369885,4.17,0.0,0.022917651,0.001
4.0466318967545325,2.5338067747914024,0.001,149.3379784541615,3.6666836940270775,4.18,0.022917665676931834,4.18,0.0,0.022917651,0.001
4.054261990612597,2.547714089841937,0.001,150.1393472233474,3.6843432963339406,4.19,0.022917663551493783,4.19,0.0,0.022917651,0.001
4.061956567092761,2.561381950270722,0.001,150.96119746707316,3.7025002711701407,4.2,0.02291766142605573,4.2,0.0,0.022917651,0.001
4.069156555296423,2.5739595184953274,0.001,151.7972109162139,3.7197445717827873,4.21,0.022917660238594376,4.21,0.0,0.022917651,0.001
4.076398231650455,2.586240229242505,0.001,152.6515427811538,3.7374524920357093,4.22,0.022917659051133018,4.22,0.0,0.022917651,0.001
4.083666551874716,2.598190490973726,0.001,153.5291680606182,3.7555974187299523,4.2299999999999995,0.022917657863671656,4.23,0.0,0.022917651,0.001
4.090947506117881,2.6097706641590013,0.001,154.43155586016383,3.774162978713318,4.24,0.022917656676210305,4.24,0.0,0.022917651,0.001
4.098221631598707,2.620925557200512,0.001,155.363070413867,3.7931265160536682,4.250000000000001,0.022917655488748946,4.25,0.0,0.022917651,0.001
4.105474852806636,2.6316100944686216,0.001,156.39523244545873,3.8124767924848606,4.26,0.022917654301287588,4.26,0.0,0.022917651,0.001
4.112683031023017,2.6417488682834165,0.001,157.59504489540967,3.8321926289128694,4.2700000000000005,0.022917653113826233,4.2700000000000005,0.0,0.022917651,0.001
4.119827901866586,2.651295228493197,0.001,159.0105849941049,3.852247678015952,4.28,0.02291765192636487,4.28,0.0,0.022917651,0.001
4.126870877747423,2.6601262437994064,0.001,160.86057216574932,3.8726104838546633,4.29,0.02291765073890352,4.29,0.0,0.022917651,0.001
4.133781241757869,2.6681665494448192,0.001,163.55748023939768,3.89323354913869,4.3,0.02291764955144216,4.3,0.0,0.022917651,0.001
4.140043024737017,2.67498080713283,0.001,167.03378837345812,3.9124648339040293,4.310000000000001,0.022917648945351185,4.3100000000000005,0.0,0.022917651,0.001
4.146057935234223,2.6807066244485394,0.001,173.72211432575025,3.9317970845956016,4.32,0.022917648339260206,4.32,0.0,0.022917651,0.001
4.151766896908212,2.6851751401723956,0.001,183.45415083949277,3.951162841939621,4.33,0.02291764773316923,4.33,0.0,0.022917651,0.001
4.156940927776827,2.687631233096303,0.001,192.7814479678053,3.970401297498793,4.34,0.022917647127078257,4.34,0.0,0.022917651,0.001
4.161580470744485,2.6881176556804705,0.001,201.5982906486834,3.989471461890914,4.3500000000000005,0.022917646520987277,4.3500000000000005,0.0,0.022917651,0.001
4.165538477720688,2.6862038718944508,0.001,209.57664063141533,4.008215699695328,4.36,0.022917645914896298,4.36,0.0,0.022917651,0.001
4.168594131736135,2.681227231474482,0.001,216.46705563969567,4.026413383819913,4.37,0.022917645308805325,4.37,0.0,0.022917651,0.001
4.170678019743282,2.673054656882406,0.001,222.20420604072527,4.043919930953694,4.380000000000001,0.022917644702714346,4.38,0.0,0.022917651,0.001
4.171867986173012,2.6620807899444165,0.001,226.78727547217906,4.06065208856508,4.39,0.02291764409662337,4.39,0.0,0.022917651,0.001
4.1722065473125065,2.648633008587951,0.001,230.18964196810686,4.076452529711561,4.400000000000001,0.022917643490532394,4.4,0.0,0.022917651,0.001
4.172322536394097,2.6419153888667326,0.001,233.51778815702963,4.084610088298056,4.41,0.022917642892681542,4.41,0.0,0.022917651,0.001
4.172277198605148,2.6347642955493207,0.001,236.66726422009899,4.092555822240003,4.42,0.022917642294830683,4.42,0.0,0.022917651,0.001
4.1720580025861675,2.6272595690611746,0.001,239.62291087056147,4.100159742908253,4.430000000000001,0.022917641696979824,4.43,0.0,0.022917651,0.001
4.171702727052654,2.6196136155039222,0.001,242.37633144858685,4.107360583136929,4.44,0.02291764109912897,4.44,0.0,0.022917651,0.001
4.171257844096278,2.6119438396470747,0.001,245.02227916598616,4.114226806707223,4.45,0.022917640501278112,4.45,0.0,0.022917651,0.001
4.17074896816886,2.604369791520022,0.001,247.57418941479747,4.120741332413496,4.46,0.02291763990342726,4.46,0.0,0.022917651,0.001
4.170211084989021,2.5970802280750998,0.001,250.05531765798227,4.12685534944458,4.47,0.0229176393055764,4.47,0.0,0.022917651,0.001
4.16967381845438,2.59019564451726,0.001,252.48769874418502,4.132566861479716,4.48,0.022917638707725545,4.48,0.0,0.022917651,0.001
4.169180309146719,2.5840184812898186,0.001,254.91388815909428,4.137745968395242,4.49,0.022917638109874693,4.49,0.0,0.022917651,0.001
4.168733791142003,2.5783380933409252,0.001,257.36372727381297,4.142616258165688,4.5,0.022917637512023834,4.5,0.0,0.022917651,0.001
4.167874017161126,2.569205768421693,0.001,258.1204756469675,4.149264007872971,4.51,0.022917637451595904,4.51,0.0,0.022917651,0.001
4.1672248974898976,2.5617069692159316,0.001,258.9093170645936,4.1551208588806405,4.520000000000001,0.022917637391167964,4.5200000000000005,0.0,0.022917651,0.001
4.166927623229728,2.5567238776813754,0.001,259.6971429345656,4.159869397802691,4.53,0.02291763733074003,4.53,0.0,0.022917651,0.001
4.167113294644836,2.5545098689287333,0.001,260.4515358058911,4.163780630084316,4.54,0.022917637270312104,4.54,0.0,0.022917651,0.001
4.167741644054825,2.55485646242748,0.001,261.1793243984099,4.166901966793779,4.55,0.022917637209884167,4.55,0.0,0.022917651,0.001
4.168316277325215,2.55485146654976,0.001,261.92661767828696,4.170160028871362,4.56,0.022917637149456237,4.5600000000000005,0.0,0.022917651,0.001
4.168833194403166,2.554468699665695,0.001,262.69486809129984,4.173564997776524,4.57,0.0229176370890283,4.57,0.0,0.022917651,0.001
4.170238532791333,2.558520572123473,0.001,263.32962285734504,4.176089010243856,4.58,0.022917637028600366,4.58,0.0,0.022917651,0.001
4.171834434876891,2.5635067208125144,0.001,263.9506195294103,4.178440999632881,4.59,0.022917636968172436,4.59,0.0,0.022917651,0.001
4.173406330982694,2.568341362841972,0.001,264.59287083114907,4.180848470689447,4.6000000000000005,0.0229176369077445,4.6000000000000005,0.0,0.022917651,0.001
4.1751608106248845,2.574249423357249,0.001,265.06770668768604,4.182892327197171,4.61,0.02291763669396753,4.61,0.0,0.022917651,0.001
4.177051739041264,2.5807007480227777,0.001,265.5276899858315,4.184938716638581,4.62,0.022917636480190556,4.62,0.0,0.022917651,0.001
4.178998720303454,2.5874204953410525,0.001,265.9705442387553,4.186940901352181,4.63,0.02291763626641358,4.63,0.0,0.022917651,0.001
4.181001751503883,2.5943837906629597,0.001,266.400467210165,4.1889237409684315,4.639999999999999,0.02291763605263661,4.64,0.0,0.022917651,0.001
4.1830896550584615,2.6016551325571617,0.001,266.83680832030285,4.19093801623987,4.65,0.022917635838859633,4.65,0.0,0.022917651,0.001
4.1852492138709945,2.6092082826257146,0.001,267.27073674026894,4.192957095825735,4.66,0.02291763562508266,4.66,0.0,0.022917651,0.001
4.187546640254521,2.617043373621703,0.001,267.76530378325594,4.195245708628789,4.67,0.022917635411305686,4.67,0.0,0.022917651,0.001
4.1899771526365255,2.6251545489992782,0.001,268.3203475048296,4.197790588968015,4.68,0.022917635197528714,4.68,0.0,0.022917651,0.001
4.1924995627421815,2.633392297474567,0.001,269.01122459410067,4.200576476354646,4.690000000000001,0.02291763498375174,4.69,0.0,0.022917651,0.001
4.195087451404957,2.6417491871403196,0.001,269.78460954545506,4.203505134278564,4.700000000000001,0.022917634769974767,4.7,0.0,0.022917651,0.001
4.197766499296552,2.650184115469643,0.001,270.6767480830945,4.2067007396279035,4.71,0.022917634753494426,4.71,0.0,0.022917651,0.001
4.200582872584059,2.658878923521764,0.001,271.74149471471475,4.210185768355764,4.720000000000001,0.02291763473701408,4.72,0.0,0.022917651,0.001
4.203523960360042,2.667810338944743,0.001,272.9214059155522,4.213933040967923,4.73,0.02291763472053373,4.73,0.0,0.022917651,0.001
4.206602153577452,2.6769918690098065,0.001,274.1816477978858,4.2179786173225535,4.74,0.022917634704053384,4.74,0.0,0.022917651,0.001
4.209825685223891,2.68640913956239,0.001,275.4137230262914,4.222369821954908,4.75,0.02291763468757304,4.75,0.0,0.022917651,0.001
4.213120175839355,2.695791772452572,0.001,276.3625124570433,4.227079501788904,4.76,0.022917634671092695,4.76,0.0,0.022917651,0.001
4.216463916140129,2.7050161818529825,0.001,277.08885672991386,4.232144391392668,4.7700000000000005,0.02291763465461235,4.7700000000000005,0.0,0.022917651,0.001
4.219836493032648,2.713965740453508,0.001,277.6863708907461,4.237599473978395,4.78,0.022917634638132,4.78,0.0,0.022917651,0.001
4.223167076966483,2.7224464151963073,0.001,278.25045778230214,4.243355472755036,4.790000000000001,0.02291763462165166,4.79,0.0,0.022917651,0.001
4.22638909910044,2.730252853237321,0.001,278.9096288588138,4.249351461180855,4.8,0.02291763460517131,4.8,0.0,0.022917651,0.001
4.229382788814997,2.7371865104988067,0.001,279.80454822456926,4.255288041919483,4.8100000000000005,0.022917634594184416,4.8100000000000005,0.0,0.022917651,0.001
4.232157670088228,2.7430441937149452,0.001,281.33927527672427,4.2614253740080725,4.82,0.022917634583197517,4.82,0.0,0.022917651,0.001
4.2346602662681185,2.747692556817338,0.001,283.3559894517217,4.267682879609168,4.829999999999999,0.02291763457221062,4.83,0.0,0.022917651,0.001
4.236955655083142,2.7514023244754227,0.001,285.7223820498671,4.274050145923736,4.84,0.02291763456122372,4.84,0.0,0.022917651,0.001
4.2387034711104326,2.7529865536695604,0.001,287.980251408381,4.280352663943567,4.8500000000000005,0.02291763455023682,4.8500000000000005,0.0,0.022917651,0.001
4.24008821378292,2.7531345066969375,0.001,290.1828230228969,4.28663916814232,4.86,0.022917634539249925,4.86,0.0,0.022917651,0.001
4.24148420463753,2.7532530458828153,0.001,292.43088337376656,4.293000079551661,4.87,0.022917634528263026,4.87,0.0,0.022917651,0.001
4.242372980569165,2.7517601727044685,0.001,294.32413374975835,4.298943541774261,4.88,0.02291763451727613,4.88,0.0,0.022917651,0.001
4.2427466433468055,2.7486351067622206,0.001,295.7766195996176,4.304458741156653,4.89,0.022917634506289232,4.89,0.0,0.022917651,0.001
4.2431027162946355,2.745400910134147,0.001,297.14266561612783,4.310012710925676,4.9,0.022917634495315146,4.9,0.0,0.022917651,0.001
4.2433038398094,2.7435418187994296,0.001,297.089027752189,4.313553683223733,4.91,0.02291763448289142,4.91,0.0,0.022917651,0.001
4.243503467774698,2.741625528482786,0.001,297.06264247585653,4.317145872481408,4.920000000000001,0.022917634470184266,4.92,0.0,0.022917651,0.001
4.243679238370636,2.7396360288629595,0.001,297.0409919738569,4.320715842218372,4.93,0.022917634457253408,4.93,0.0,0.022917651,0.001
4.243520540349413,2.7373630881061497,0.001,296.70032485414634,4.323231385361924,4.940000000000001,0.02291763444481595,4.94,0.0,0.022917651,0.001
4.243361080490191,2.7350408551555097,0.001,296.37490775608427,4.3257931725000605,4.95,0.022917634431801073,4.95,0.0,0.022917651,0.001
4.2432330393283735,2.7332434206890963,0.001,295.97975698842384,4.327955838919804,4.96,0.02291763441810704,4.96,0.0,0.022917651,0.001
4.243050684011211,2.7315007496282457,0.001,295.54153641672906,4.32984648993324,4.97,0.022917634403889005,4.97,0.0,0.022917651,0.001
4.242790087363984,2.729497511154159,0.001,295.10629628106597,4.331684745606976,4.98,0.022917634389163048,4.98,0.0,0.022917651,0.001
4.242884638048905,2.7295300576236237,0.001,294.59955183711605,4.332907791963711,4.99,0.022917634373735712,4.99,0.0,0.022917651,0.001
4.242969921954079,2.7294624343530787,0.001,294.10411777487815,4.334193939319897,5.0,0.022917634357966118,5.0,0.0,0.022917651,0.001
4.243116285235177,2.7294486435458603,0.001,294.68643521404,4.335653195119135,5.01,0.022917634355219395,5.01,0.0,0.022917651,0.001
4.243270241597134,2.7294433958288264,0.001,295.2710573339719,4.337134280485802,5.020000000000001,0.02291763435247267,5.0200000000000005,0.0,0.022917651,0.001
4.243683524676904,2.7315472487847168,0.001,295.70647031703635,4.337543575140222,5.03,0.022917634385061482,5.03,0.0,0.022917651,0.001
4.244171407456366,2.7342750112024907,0.001,296.0985459163607,4.33762736005719,5.040000000000001,0.022917634430448915,5.04,0.0,0.022917651,0.001
4.244656234584081,2.736986800122196,0.001,296.49337175497203,4.337714895928063,5.05,0.022917634478373326,5.05,0.0,0.022917651,0.001
4.245137772599341,2.7396813951219903,0.001,296.8911579591731,4.337806469336662,5.0600000000000005,0.02291763452902856,5.0600000000000005,0.0,0.022917651,0.001
4.24561576363715,2.742357448205972,0.001,297.29213662034886,4.3379023968242,5.07,0.022917634582628698,5.07,0.0,0.022917651,0.001
4.246089922153839,2.745013466687273,0.001,297.69656474207176,4.338003028908744,5.08,0.022917634639410822,5.08,0.0,0.022917651,0.001
4.246559931110954,2.7476477932392225,0.001,298.1047276747952,4.3381087547696655,5.090000000000001,0.022917634699638163,5.09,0.0,0.022917651,0.001
4.247025437509877,2.7502585825524624,0.001,298.5169431349189,4.338220007729103,5.100000000000001,0.022917634763603787,5.1000000000000005,0.0,0.022917651,0.001
4.247501997035351,2.7529115332679597,0.001,298.55567867913237,4.338316612545379,5.110000000000001,0.0229176348023211,5.11,0.0,0.022917651,0.001
4.247979264130472,2.7555764600148795,0.001,298.59447605787966,4.338404071534877,5.120000000000001,0.02291763483977489,5.12,0.0,0.022917651,0.001
4.248457204714622,2.7582527859588235,0.001,298.6333322928546,4.3384828252131,5.13,0.022917634876026022,5.13,0.0,0.022917651,0.001
4.248935786861294,2.760939970724902,0.001,298.6722445939988,4.338553286252237,5.14,0.022917634911131513,5.14,0.0,0.022917651,0.001
4.249414980630541,2.7636375075619584,0.001,298.7112103448593,4.338615841646793,5.15,0.022917634945144812,5.15,0.0,0.022917651,0.001
4.249894757916834,2.7663449207674145,0.001,298.75022708929305,4.338670854680161,5.16,0.022917634978116122,5.16,0.0,0.022917651,0.001
4.250375092310685,2.7690617633452206,0.001,298.7892925193742,4.338718666713208,5.170000000000001,0.02291763501009259,5.17,0.0,0.022917651,0.001
4.25085595897262,2.771787614872646,0.001,298.82840446437996,4.338759598813349,5.180000000000001,0.02291763504111858,5.18,0.0,0.022917651,0.001
4.251337334518209,2.774522079554514,0.001,298.8675608807445,4.33879395324049,5.19,0.022917635071235846,5.19,0.0,0.022917651,0.001
4.251819196913066,2.7772647844459337,0.001,298.9067598428821,4.338822014804284,5.2,0.022917635100483745,5.2,0.0,0.022917651,0.001
4.2522745206074175,2.7799255588783574,0.001,298.52649953629486,4.338809787993227,5.21,0.022917635131993838,5.21,0.0,0.022917651,0.001
4.252729903625324,2.7825916615961415,0.001,298.1451199894524,4.338792470240706,5.22,0.0229176351631179,5.22,0.0,0.022917651,0.001
4.253185345047782,2.785263010056755,0.001,297.76263854093855,4.338770140412469,5.23,0.02291763519386191,5.23,0.0,0.022917651,0.001
4.2536408439746705,2.7879395234138404,0.001,297.3790721730457,4.338742875753641,5.24,0.02291763522423174,5.24,0.0,0.022917651,0.001
4.254096399524272,2.790621122473866,0.001,296.99443752087905,4.338710751930147,5.25,0.022917635254233105,5.25,0.0,0.022917651,0.001
4.254552010832805,2.7933077296541025,0.001,296.60875088118473,4.33867384306886,5.260000000000001,0.022917635283871647,5.26,0.0,0.022917651,0.001
4.255007677053966,2.795999268941878,0.001,296.2220282209083,4.338632221796531,5.270000000000001,0.022917635313152853,5.2700000000000005,0.0,0.022917651,0.001
4.255463397358492,2.7986956658550577,0.001,295.8342851854963,4.3385859592775535,5.28,0.022917635342082132,5.28,0.0,0.022917651,0.001
4.255919170933735,2.801396847403717,0.001,295.4455371069469,4.338535125250579,5.29,0.022917635370664772,5.29,0.0,0.022917651,0.001
4.256374996983248,2.8041027420529567,0.001,295.055799011621,4.338479788064044,5.3,0.022917635398905952,5.3,0.0,0.022917651,0.001
4.2568048799479685,2.8067294923135644,0.001,295.005170432195,4.338384358143834,5.3100000000000005,0.022917635445425504,5.3100000000000005,0.0,0.022917651,0.001
4.257234721317967,2.8093506814323574,0.001,294.9556989247937,4.33829432303866,5.320000000000001,0.02291763549241093,5.32,0.0,0.022917651,0.001
4.2576645204293015,2.8119662206418647,0.001,294.90740295871007,4.338209768861066,5.33,0.022917635539869665,5.33,0.0,0.022917651,0.001
4.25809427660383,2.8145760192752918,0.001,294.8603013984181,4.338130783566122,5.339999999999999,0.02291763558780931,5.34,0.0,0.022917651,0.001
4.258523989148821,2.817179984715443,0.001,294.81441351419835,4.338057457000955,5.3500000000000005,0.022917635636237617,5.3500000000000005,0.0,0.022917651,0.001
4.258953657356555,2.819778022341997,0.001,294.7697589931098,4.337989880955913,5.36,0.02291763568516252,5.36,0.0,0.022917651,0.001
4.259383280503929,2.822370035477059,0.001,294.7263579503183,4.337928149217376,5.37,0.02291763573459211,5.37,0.0,0.022917651,0.001
4.259812857852027,2.8249559253289203,0.001,294.6842309407967,4.337872357622317,5.379999999999999,0.02291763578453467,5.38,0.0,0.022917651,0.001
4.260242388645689,2.8275355909339766,0.001,294.64339897141167,4.337822604114644,5.390000000000001,0.022917635834998656,5.39,0.0,0.022917651,0.001
4.260671872113062,2.8301089290967045,0.001,294.60388351341055,4.337778988803433,5.4,0.02291763588599271,5.4,0.0,0.022917651,0.001
4.261066588914552,2.832411075585908,0.001,295.7648641185504,4.337852604317725,5.41,0.022917635959390725,5.41,0.0,0.022917651,0.001
4.2614532978636674,2.834676049363624,0.001,296.9286697428337,4.3379313614664206,5.420000000000001,0.02291763603845322,5.42,0.0,0.022917651,0.001
4.261832693893011,2.8369098254153577,0.001,298.0928969241893,4.3380120650127045,5.43,0.022917636122583823,5.43,0.0,0.022917651,0.001
4.262297820974545,2.8396972225446633,0.001,299.10731511275964,4.337882070791036,5.44,0.022917636137693504,5.44,0.0,0.022917651,0.001
4.262763046673828,2.8424862330446277,0.001,300.1259550873144,4.3377508576674755,5.45,0.022917636147909252,5.45,0.0,0.022917651,0.001
4.263228370286264,2.8452768453881605,0.001,301.1487866843532,4.337618434350744,5.46,0.022917636153266047,5.46,0.0,0.022917651,0.001
4.26369379111395,2.8480690481577216,0.001,302.17578002703914,4.337484809466796,5.470000000000001,0.022917636153798514,5.47,0.0,0.022917651,0.001
4.264159308465606,2.8508628300440213,0.001,303.20690552180196,4.337349991559801,5.48,0.022917636149540954,5.48,0.0,0.022917651,0.001
4.264624921656483,2.853658179844743,0.001,304.2421338549883,4.337213989093114,5.49,0.02291763614052736,5.49,0.0,0.022917651,0.001
4.265090630008301,2.856455086463277,0.001,305.281435989561,4.337076810450224,5.5,0.022917636126791374,5.5,0.0,0.022917651,0.001
4.265549728043375,2.8592378321100105,0.001,305.4454907472847,4.3369129898288294,5.51,0.022917636139453336,5.51,0.0,0.022917651,0.001
4.266008848500317,2.862020651082377,0.001,305.60963269147726,4.336749185571373,5.520000000000001,0.022917636151979042,5.5200000000000005,0.0,0.022917651,0.001
4.266467992236682,2.864803546184816,0.001,305.7738651567038,4.336585398303713,5.53,0.022917636164363292,5.53,0.0,0.022917651,0.001
4.26692716015432,2.867586520366625,0.001,305.938191649772,4.336421628684043,5.539999999999999,0.02291763617660061,5.54,0.0,0.022917651,0.001
4.267386353202276,2.8703695767314374,0.001,306.102615860999,4.336257877404992,5.55,0.02291763618868522,5.55,0.0,0.022917651,0.001
4.2678455723799145,2.873152718547451,0.001,306.2671416763735,4.336094145195918,5.5600000000000005,0.02291763620061105,5.5600000000000005,0.0,0.022917651,0.001
4.268304818740304,2.8759359492584813,0.001,306.4317731906997,4.3359304328253705,5.569999999999999,0.022917636212371705,5.57,0.0,0.022917651,0.001
4.268764093393865,2.878719272495918,0.001,306.5965147218137,4.335766741103759,5.58,0.022917636223960435,5.58,0.0,0.022917651,0.001
4.269223397512342,2.8815026920916726,0.001,306.76137082597825,4.335603070886245,5.59,0.022917636235370128,5.59,0.0,0.022917651,0.001
4.269682732333081,2.884286212092214,0.001,306.92634631457037,4.33543942307587,5.6000000000000005,0.022917636246593247,5.6000000000000005,0.0,0.022917651,0.001
4.270121146118903,2.8869950056248763,0.001,306.81497597653856,4.33525296507016,5.61,0.022917636250424592,5.61,0.0,0.022917651,0.001
4.2705598709522485,2.8897031785072005,0.001,306.7057136866445,4.33506837212806,5.62,0.022917636249912953,5.62,0.0,0.022917651,0.001
4.270998902782067,2.8924107388224636,0.001,306.5985319899112,4.334885619959191,5.629999999999999,0.022917636245114902,5.63,0.0,0.022917651,0.001
4.271438237627358,2.895117694514185,0.001,306.4934039060614,4.334704684693168,5.640000000000001,0.02291763623608603,5.64,0.0,0.022917651,0.001
4.271877871575651,2.8978240533891286,0.001,306.3903029193026,4.334525542870543,5.65,0.02291763622288096,5.65,0.0,0.022917651,0.001
4.272317800781544,2.9005298231202365,0.001,306.28920296837356,4.33434817143401,5.66,0.02291763620555338,5.66,0.0,0.022917651,0.001
4.2727580214652745,2.903235011249482,0.001,306.19007843684744,4.334172547719826,5.670000000000001,0.022917636184156064,5.67,0.0,0.022917651,0.001
4.273198529911318,2.9059396251906535,0.001,306.0929041436802,4.333998649449442,5.68,0.022917636158740894,5.68,0.0,0.022917651,0.001
4.2736393224670355,2.9086436722320674,0.001,305.9976553340005,4.333826454721362,5.690000000000001,0.02291763612935887,5.69,0.0,0.022917651,0.001
4.2740803955413424,2.911347159539208,0.001,305.9043076701318,4.333655942003196,5.7,0.022917636096060127,5.7,0.0,0.022917651,0.001
4.274523224829017,2.9139603922187587,0.001,305.57171232046016,4.333569341481207,5.710000000000001,0.022917636096976238,5.71,0.0,0.022917651,0.001
4.2749656825709055,2.916573687765484,0.001,305.2398591611958,4.333481191808646,5.72,0.02291763609793592,5.72,0.0,0.022917651,0.001
4.275407756810898,2.919187048202411,0.001,304.90877207556645,4.33339144313481,5.7299999999999995,0.02291763609894059,5.73,0.0,0.022917651,0.001
4.275849435074331,2.9218004756403064,0.001,304.57847598264124,4.333300043446915,5.740000000000001,0.022917636099991714,5.74,0.0,0.022917651,0.001
4.276290704339571,2.9244139722824873,0.001,304.24899689410216,4.3332069384516,5.75,0.022917636101090808,5.75,0.0,0.022917651,0.001
4.276731551007705,2.927027540429951,0.001,303.9203619747925,4.333112071448542,5.76,0.022917636102239475,5.76,0.0,0.022917651,0.001
4.277171960870191,2.9296411824868436,0.001,303.59259960733584,4.333015383195593,5.770000000000001,0.022917636103439377,5.7700000000000005,0.0,0.022917651,0.001
4.2776119190743085,2.932254900966311,0.001,303.26573946115,4.332916811764714,5.78,0.022917636104692257,5.78,0.0,0.022917651,0.001
4.2780514100862295,2.9348686984967443,0.001,302.9398125662077,4.3328162923880225,5.79,0.022917636105999943,5.79,0.0,0.022917651,0.001
4.278490417651536,2.9374825778284634,0.001,302.6148513919299,4.332713757293124,5.800000000000001,0.022917636107364334,5.8,0.0,0.022917651,0.001
4.278914736038658,2.9400676140498074,0.001,302.748638523833,4.3325683973410785,5.810000000000001,0.022917636184216265,5.8100000000000005,0.0,0.022917651,0.001
4.279338790348825,2.9426533432885114,0.001,302.8826394355949,4.332421288258787,5.82,0.022917636265103215,5.82,0.0,0.022917651,0.001
4.2797625739576866,2.945239782928853,0.001,303.01685948986426,4.332272386169476,5.830000000000001,0.022917636350126405,5.83,0.0,0.022917651,0.001
4.280186080017471,2.947826950941458,0.001,303.15130423016427,4.332121645716468,5.84,0.02291763643939047,5.84,0.0,0.022917651,0.001
4.280609301447469,2.9504148659082303,0.001,303.2859793885832,4.331969020000261,5.8500000000000005,0.022917636533003598,5.8500000000000005,0.0,0.022917651,0.001
4.281032230924056,2.953003547048566,0.001,303.42089089386087,4.331814460512364,5.86,0.022917636631077692,5.86,0.0,0.022917651,0.001
4.28145486087018,2.9555930142469244,0.001,303.5560448798947,4.331657917065705,5.87,0.022917636733728527,5.87,0.0,0.022917651,0.001
4.281877895281513,2.958186063757868,0.001,303.68290590613935,4.331499409018098,5.880000000000001,0.02291763684453546,5.88,0.0,0.022917651,0.001
4.282302110654672,2.9607848876262133,0.001,303.79316488154586,4.331339849678556,5.89,0.022917636962206167,5.89,0.0,0.022917651,0.001
4.282726126794149,2.96338368452728,0.001,303.9038812850244,4.331179520203366,5.9,0.02291763707743943,5.9,0.0,0.022917651,0.001
4.283141950555699,2.9659457840475523,0.001,303.81436446096353,4.331010637980136,5.910000000000001,0.02291763709058204,5.91,0.0,0.022917651,0.001
4.283557645519831,2.9685076244555177,0.001,303.72506595383715,4.330841499752736,5.920000000000001,0.022917637103791216,5.92,0.0,0.022917651,0.001
4.283973209437129,2.9710692012258404,0.001,303.63598957650095,4.330672101050111,5.930000000000001,0.02291763711706813,5.93,0.0,0.022917651,0.001
4.2843886400054885,2.973630509727185,0.001,303.54713923111797,4.330502437296484,5.94,0.022917637130413983,5.94,0.0,0.022917651,0.001
4.284803934868565,2.9761915452191023,0.001,303.45851891178904,4.330332503808267,5.95,0.02291763714382998,5.95,0.0,0.022917651,0.001
4.2852190916141675,2.978752302848791,0.001,303.3701327072762,4.3301622957908705,5.96,0.022917637157317372,5.96,0.0,0.022917651,0.001
4.285634107772595,2.981312777647753,0.001,303.2819848038236,4.329991808335394,5.970000000000001,0.02291763717087744,5.97,0.0,0.022917651,0.001
4.286048980814915,2.9838729645283215,0.001,303.194079488081,4.329821036415199,5.98,0.02291763718451148,5.98,0.0,0.022917651,0.001
4.2864637081511665,2.9864328582800694,0.001,303.106421150131,4.329649974882362,5.99,0.022917637198220847,5.99,0.0,0.022917651,0.001
4.286878287128524,2.9889924535660835,0.001,303.01901428662836,4.329478618463984,6.0,0.022917637212006892,6.0,0.0,0.022917651,0.001
4.28728673538708,2.991487267621369,0.001,303.16139966511497,4.329335456217695,6.010000000000001,0.022917637175327576,6.01,0.0,0.022917651,0.001
4.287695040191121,2.9939822250075694,0.001,303.3043011412999,4.329191576890633,6.0200000000000005,0.02291763714235739,6.0200000000000005,0.0,0.022917651,0.001
4.288103199735204,2.996477327528572,0.001,303.4477252105176,4.329046971457995,6.03,0.022917637113143024,6.03,0.0,0.022917651,0.001
4.288511212183464,2.998972577018664,0.001,303.5916784775579,4.3289016307429025,6.04,0.022917637087731944,6.04,0.0,0.022917651,0.001
4.2889190756689635,3.001467975343171,0.001,303.73616765898043,4.328755545413173,6.050000000000001,0.02291763706617242,6.05,0.0,0.022917651,0.001
4.2893267882930415,3.0039635243991194,0.001,303.8811995854901,4.328608705978034,6.0600000000000005,0.02291763704851354,6.0600000000000005,0.0,0.022917651,0.001
4.28973434812463,3.0064592261159135,0.001,304.0267812043712,4.328461102784732,6.070000000000001,0.022917637034805233,6.07,0.0,0.022917651,0.001
4.290141753199564,3.0089550824560263,0.001,304.1729195819859,4.328312726015061,6.08,0.02291763702509829,6.08,0.0,0.022917651,0.001
4.2905490015198655,3.011451095415713,0.001,304.3196219063359,4.328163565681809,6.09,0.02291763701944437,6.09,0.0,0.022917651,0.001
4.290956091053016,3.0139472670257423,0.001,304.46689548969164,4.3280136116251,6.100000000000001,0.02291763701789602,6.1000000000000005,0.0,0.022917651,0.001
4.291361601219223,3.0164088012855426,0.001,304.12911651747976,4.327880302266712,6.109999999999999,0.0229176370607771,6.11,0.0,0.022917651,0.001
4.2917670911287855,3.018870516844063,0.001,303.7915680058179,4.327746730552829,6.120000000000001,0.02291763710381288,6.12,0.0,0.022917651,0.001
4.292172560730317,3.0213324141611997,0.001,303.4542505393113,4.327612895817941,6.13,0.02291763714700375,6.13,0.0,0.022917651,0.001
4.29257800997226,3.0237944936984085,0.001,303.1171647045441,4.3274787973942805,6.140000000000001,0.02291763719035012,6.140000000000001,0.0,0.022917651,0.001
4.292983438802881,3.026256755918705,0.001,302.7803110900877,4.327344434611821,6.15,0.022917637233852362,6.15,0.0,0.022917651,0.001
4.293388847170269,3.0287192012866773,0.001,302.4436902865094,4.3272098067982645,6.16,0.022917637277510894,6.16,0.0,0.022917651,0.001
4.293794235022343,3.03118183026849,0.001,302.1073028863807,4.327074913279027,6.17,0.0229176373213261,6.17,0.0,0.022917651,0.001
4.294199602306839,3.0336446433318907,0.001,301.7711494842856,4.3269397533772365,6.18,0.02291763736529838,6.18,0.0,0.022917651,0.001
4.294604948971317,3.0361076409462164,0.001,301.4352306768297,4.32680432641372,6.190000000000001,0.022917637409428142,6.19,0.0,0.022917651,0.001
4.295010274963161,3.0385708235824014,0.001,301.0995470626482,4.326668631706993,6.2,0.02291763745371578,6.2,0.0,0.022917651,0.001
4.295398686484813,3.0409842667907463,0.001,300.94258685374956,4.326503720656631,6.21,0.02291763746733218,6.21,0.0,0.022917651,0.001
4.295787089226711,3.0433977096255496,0.001,300.78559562177907,4.326338774862745,6.220000000000001,0.022917637480811485,6.22,0.0,0.022917651,0.001
4.2961754831012335,3.0458111520830826,0.001,300.6285730571303,4.326173793978597,6.2299999999999995,0.02291763749415233,6.23,0.0,0.022917651,0.001
4.296563868019591,3.0482245941595685,0.001,300.47151884606353,4.326008777652822,6.24,0.022917637507353338,6.24,0.0,0.022917651,0.001
4.296952243891805,3.050638035851179,0.001,300.3144326706362,4.325843725529348,6.25,0.022917637520413092,6.25,0.0,0.022917651,0.001
4.297340610626682,3.0530514771540336,0.001,300.1573142086324,4.325678637247318,6.260000000000001,0.022917637533330176,6.26,0.0,0.022917651,0.001
4.297728968131806,3.055464918064201,0.001,300.00016313349073,4.325513512441008,6.2700000000000005,0.02291763754610314,6.2700000000000005,0.0,0.022917651,0.001
4.298117316313506,3.057878358577695,0.001,299.84297911423107,4.325348350739743,6.28,0.022917637558730528,6.28,0.0,0.022917651,0.001
4.29850565507684,3.060291798690478,0.001,299.68576181537935,4.325183151767819,6.29,0.022917637571210854,6.29,0.0,0.022917651,0.001
4.2988939843255745,3.0627052383984537,0.001,299.528510896891,4.32501791514441,6.3,0.022917637583542618,6.3,0.0,0.022917651,0.001
4.2992813470770965,3.0650626337559346,0.001,299.34514444674124,4.32489391407968,6.3100000000000005,0.022917637617370396,6.3100000000000005,0.0,0.022917651,0.001
4.299668635282928,3.0674205082591577,0.001,299.1624846308732,4.324769135596309,6.320000000000001,0.02291763765386967,6.32,0.0,0.022917651,0.001
4.3000558485619855,3.0697788643575468,0.001,298.98053506164746,4.324643575720079,6.329999999999999,0.02291763769305411,6.33,0.0,0.022917651,0.001
4.300442986530585,3.07213770451725,0.001,298.79929937608887,4.324517230449641,6.34,0.02291763773493746,6.34,0.0,0.022917651,0.001
4.300830048802417,3.074497031221284,0.001,298.61878123609705,4.324390095756282,6.3500000000000005,0.02291763777953356,6.3500000000000005,0.0,0.022917651,0.001
4.301217034988527,3.0768568469696733,0.001,298.4389843286602,4.32426216758368,6.359999999999999,0.022917637826856355,6.36,0.0,0.022917651,0.001
4.301603944697292,3.079217154279603,0.001,298.2599123660692,4.324133441847682,6.370000000000001,0.022917637876919885,6.37,0.0,0.022917651,0.001
4.301990777534393,3.0815779556855625,0.001,298.0815690861363,4.324003914436055,6.38,0.022917637929738267,6.38,0.0,0.022917651,0.001
4.30237771320883,3.083939730057647,0.001,297.9027256810559,4.323873825356659,6.390000000000001,0.022917637983931143,6.390000000000001,0.0,0.022917651,0.001
4.302766539593496,3.086307203191475,0.001,297.7108592954618,4.323745600753112,6.400000000000001,0.022917638022591703,6.4,0.0,0.022917651,0.001
4.3031425543422515,3.0886359961196144,0.001,298.9098538010715,4.323594204540665,6.410000000000001,0.022917638047194898,6.41,0.0,0.022917651,0.001
4.3035184382430005,3.0909647811229424,0.001,300.1090040493269,4.32344229283774,6.42,0.02291763807044493,6.42,0.0,0.022917651,0.001
4.303894189467933,3.0932935580907546,0.001,301.3083122157912,4.323289858443467,6.43,0.02291763809232291,6.43,0.0,0.022917651,0.001
4.304269806155033,3.0956223269102816,0.001,302.50778051673836,4.323136894022235,6.440000000000001,0.02291763811280957,6.44,0.0,0.022917651,0.001
4.30464528640728,3.097951087466629,0.001,303.7074112101083,4.3229833921005145,6.450000000000001,0.0229176381318853,6.45,0.0,0.022917651,0.001
4.305020628291823,3.1002798396427327,0.001,304.90720659649213,4.322829345063613,6.46,0.022917638149530108,6.46,0.0,0.022917651,0.001
4.305395829839122,3.102608583319308,0.001,306.1071690201432,4.322674745152317,6.47,0.022917638165723626,6.47,0.0,0.022917651,0.001
4.305770889042086,3.104937318374796,0.001,307.30730087001797,4.322519584459452,6.480000000000001,0.022917638180445097,6.48,0.0,0.022917651,0.001
4.306145803855161,3.107266044685307,0.001,308.5076045808464,4.322363854926337,6.49,0.022917638193673373,6.49,0.0,0.022917651,0.001
4.306520572193413,3.109594762124567,0.001,309.70808263423453,4.32220754833914,6.5,0.02291763820538688,6.5,0.0,0.022917651,0.001
4.306891232793255,3.1118858863706023,0.001,309.826509334025,4.322062124210125,6.51,0.0229176382325337,6.51,0.0,0.022917651,0.001
4.307262149022787,3.1141774374243516,0.001,309.94516222498794,4.321917295781271,6.520000000000001,0.02291763826050027,6.5200000000000005,0.0,0.022917651,0.001
4.30763331435911,3.116469404394976,0.001,310.06403553541037,4.321773047852116,6.529999999999999,0.022917638289265685,6.53,0.0,0.022917651,0.001
4.30800472249939,3.1187617767590483,0.001,310.1831236882923,4.3216293657349985,6.54,0.022917638318809736,6.54,0.0,0.022917651,0.001
4.3083763673516335,3.121054544345184,0.001,310.3024212932038,4.321486235233605,6.550000000000001,0.022917638349112875,6.55,0.0,0.022917651,0.001
4.308748243025964,3.1233476973194465,0.001,310.42192313854827,4.321343642622608,6.5600000000000005,0.02291763838015622,6.5600000000000005,0.0,0.022917651,0.001
4.309120343826296,3.125641226171469,0.001,310.5416241842073,4.32120157462828,6.57,0.022917638411921504,6.57,0.0,0.022917651,0.001
4.309492664242438,3.127935121701249,0.001,310.6615195545452,4.321060018410081,6.58,0.02291763844439106,6.58,0.0,0.022917651,0.001
4.30986519894256,3.1302293750065964,0.001,310.78160453175377,4.320918961543127,6.59,0.022917638477547787,6.59,0.0,0.022917651,0.001
4.310237942766049,3.1325239774711777,0.001,310.9018745495172,4.320778392001505,6.6000000000000005,0.022917638511375137,6.6000000000000005,0.0,0.022917651,0.001
4.310595148327374,3.1347749282719506,0.001,310.8741886557461,4.320609351091541,6.610000000000001,0.022917638559680962,6.61,0.0,0.022917651,0.001
4.310952123174705,3.137025677748585,0.001,310.8464691515964,4.320439588660981,6.62,0.02291763861033919,6.62,0.0,0.022917651,0.001
4.311308857541994,3.1392762173790962,0.001,310.81871461435173,4.320269074168094,6.629999999999999,0.02291763866344939,6.63,0.0,0.022917651,0.001
4.3116653411041135,3.1415265381536397,0.001,310.7909235398491,4.320097775322719,6.640000000000001,0.02291763871911684,6.640000000000001,0.0,0.022917651,0.001
4.312021562936268,3.1437766305390906,0.001,310.76309433656587,4.319925657959326,6.65,0.02291763877745294,6.65,0.0,0.022917651,0.001
4.3123775114698155,3.1460264844404966,0.001,310.73522531918417,4.319752685898866,6.66,0.02291763883857563,6.66,0.0,0.022917651,0.001
4.312733174444133,3.1482760891590713,0.001,310.70731470157835,4.319578820798227,6.67,0.022917638902609935,6.67,0.0,0.022917651,0.001
4.313088538854084,3.1505254333463606,0.001,310.6793605891623,4.319404021985959,6.680000000000001,0.022917638969688448,6.68,0.0,0.022917651,0.001
4.313443590892645,3.1527745049541673,0.001,310.65136097053073,4.31922824628283,6.69,0.02291763903995196,6.69,0.0,0.022917651,0.001
4.313798315888125,3.155023291179777,0.001,310.623313708314,4.319051447805507,6.700000000000001,0.02291763911355005,6.7,0.0,0.022917651,0.001
4.3141595923182665,3.157243236678652,0.001,310.53606549648305,4.318920019890225,6.710000000000001,0.022917639151693675,6.71,0.0,0.022917651,0.001
4.314520817384297,3.1594631826387842,0.001,310.4493720868075,4.318788385991575,6.720000000000001,0.022917639188628307,6.72,0.0,0.022917651,0.001
4.3148819908903375,3.161683129061932,0.001,310.36323559504984,4.318656545324032,6.729999999999999,0.02291763922434933,6.73,0.0,0.022917651,0.001
4.315243112639511,3.163903075949864,0.001,310.27765814774443,4.31852449709807,6.74,0.022917639258852127,6.74,0.0,0.022917651,0.001
4.315604182433938,3.1661230233043574,0.001,310.19264188226595,4.31839224052014,6.75,0.02291763929213203,6.75,0.0,0.022917651,0.001
4.315965200074725,3.168342971127198,0.001,310.1081889468986,4.318259774792638,6.76,0.02291763932418436,6.76,0.0,0.022917651,0.001
4.31632616536197,3.1705629194201803,0.001,310.024301500906,4.31812709911389,6.770000000000001,0.022917639355004408,6.7700000000000005,0.0,0.022917651,0.001
4.3166870780947395,3.17278286818511,0.001,309.9409817146011,4.317994212678112,6.780000000000001,0.022917639384587445,6.78,0.0,0.022917651,0.001
4.317047938071077,3.1750028174238,0.001,309.85823176941716,4.317861114675399,6.79,0.022917639412928726,6.79,0.0,0.022917651,0.001
4.317408745087987,3.1772227671380726,0.001,309.7760538579791,4.317727804291685,6.8,0.02291763944002346,6.8,0.0,0.022917651,0.001
4.317759590334106,3.179395655712602,0.001,309.53348841766746,4.317592314728108,6.810000000000001,0.022917639441279974,6.8100000000000005,0.0,0.022917651,0.001
4.318110443571366,3.181568354891601,0.001,309.29107079763367,4.317457046493452,6.820000000000001,0.022917639443394606,6.82,0.0,0.022917651,0.001
4.318461304800443,3.183740864659091,0.001,309.04880101034644,4.317321999606389,6.830000000000001,0.022917639446367426,6.83,0.0,0.022917651,0.001
4.31881217402201,3.185913184999097,0.001,308.8066790682759,4.317187174085588,6.839999999999999,0.02291763945019851,6.84,0.0,0.022917651,0.001
4.319163051236741,3.1880853158956395,0.001,308.5647049838933,4.317052569949725,6.8500000000000005,0.02291763945488793,6.8500000000000005,0.0,0.022917651,0.001
4.3195139364453095,3.1902572573327372,0.001,308.3228787696717,4.316918187217472,6.86,0.02291763946043576,6.86,0.0,0.022917651,0.001
4.3198648296483935,3.1924290092944076,0.001,308.0812004380854,4.31678402590751,6.870000000000001,0.02291763946684207,6.87,0.0,0.022917651,0.001
4.320215730846663,3.194600571764666,0.001,307.83967000160993,4.316650086038515,6.879999999999999,0.022917639474106924,6.88,0.0,0.022917651,0.001
4.320566640040797,3.196771944727527,0.001,307.5982874727223,4.316516367629173,6.8900000000000015,0.022917639482230412,6.890000000000001,0.0,0.022917651,0.001
4.320917557231466,3.198943128167001,0.001,307.3570528639013,4.316382870698164,6.9,0.022917639491212595,6.9,0.0,0.022917651,0.001
4.321256254372899,3.2010820764927805,0.001,307.09125135659815,4.316223607067367,6.910000000000001,0.022917639534710533,6.91,0.0,0.022917651,0.001
4.321594505532162,3.2032206122927964,0.001,306.8265750252044,4.316062971977976,6.920000000000001,0.022917639583417783,6.92,0.0,0.022917651,0.001
4.321932302576116,3.2053587280440365,0.001,306.56304438894915,4.315900940419435,6.93,0.02291763963742935,6.93,0.0,0.022917651,0.001
4.3222696371726546,3.2074964160394495,0.001,306.3006804690433,4.315737486769335,6.940000000000001,0.022917639696842556,6.94,0.0,0.022917651,0.001
4.32260650078458,3.2096336683822746,0.001,306.03950480412567,4.315572584774578,6.95,0.022917639761757123,6.95,0.0,0.022917651,0.001
4.32294390905673,3.2117720061498134,0.001,305.77592611268875,4.315408775735679,6.960000000000001,0.022917639822854642,6.96,0.0,0.022917651,0.001
4.323284300569341,3.213915205510554,0.001,305.5012220277502,4.315252037384633,6.970000000000001,0.022917639852769938,6.97,0.0,0.022917651,0.001
4.323624239019929,3.2160582273374176,0.001,305.2274313776058,4.315093664346694,6.98,0.022917639879900507,6.98,0.0,0.022917651,0.001
4.32396371561155,3.218201068183289,0.001,304.9545718980957,4.314933624881724,6.990000000000001,0.022917639904192284,6.99,0.0,0.022917651,0.001
4.324302721318031,3.2203437245112334,0.001,304.68266178721166,4.31477188642252,7.000000000000001,0.022917639925589785,7.0,0.0,0.022917651,0.001
4.324636676482843,3.2224065058458353,0.001,304.16038154295893,4.314660954657688,7.010000000000001,0.022917639964640683,7.01,0.0,0.022917651,0.001
4.324970456426705,3.2244692434585787,0.001,303.64041992451007,4.314549365865355,7.020000000000001,0.022917640008585347,7.0200000000000005,0.0,0.022917651,0.001
4.325304058679371,3.226531936733076,0.001,303.12280961956935,4.314437110782825,7.030000000000001,0.022917640057492777,7.03,0.0,0.022917651,0.001
4.325637480723946,3.228594585041304,0.001,302.6075839331786,4.314324179972472,7.04,0.02291764011143327,7.04,0.0,0.022917651,0.001
4.325970719995777,3.2306571877433177,0.001,302.09477680235955,4.314210563817584,7.050000000000001,0.022917640170478447,7.05,0.0,0.022917651,0.001
4.326303773881305,3.232719744186972,0.001,301.58442281117624,4.314096252518095,7.0600000000000005,0.022917640234701303,7.0600000000000005,0.0,0.022917651,0.001
4.326636639716912,3.234782253707629,0.001,301.076557206229,4.3139812360862,7.07,0.022917640304176232,7.07,0.0,0.022917651,0.001
4.326969314787702,3.2368447156278566,0.001,300.57121591259624,4.313865504341832,7.079999999999999,0.022917640378979063,7.08,0.0,0.022917651,0.001
4.327301796326266,3.2389071292571203,0.001,300.06843555023914,4.3137490469080175,7.09,0.022917640459187084,7.09,0.0,0.022917651,0.001
4.327634081511406,3.240969493891463,0.001,299.56825345088384,4.313631853206089,7.100000000000001,0.022917640544879086,7.1000000000000005,0.0,0.022917651,0.001
4.327965900449794,3.243043227282465,0.001,299.83994670307675,4.313492810044593,7.11,0.02291764053081324,7.11,0.0,0.022917651,0.001
4.3282976724718205,3.245117028278823,0.001,300.1104530401834,4.313353511553201,7.12,0.022917640514400647,7.12,0.0,0.022917651,0.001
4.328629397209893,3.2471908974102295,0.001,300.37976316263655,4.313213955731385,7.13,0.022917640495622917,7.13,0.0,0.022917651,0.001
4.328961074292568,3.2492648352119264,0.001,300.6478676734642,4.313074140557662,7.1400000000000015,0.02291764047446148,7.140000000000001,0.0,0.022917651,0.001
4.329292703344503,3.251338842224775,0.001,300.9147570770109,4.312934063989321,7.15,0.02291764045089756,7.15,0.0,0.022917651,0.001
4.329624283986399,3.2534129189953314,0.001,301.18042177763897,4.312793723962139,7.16,0.022917640424912174,7.16,0.0,0.022917651,0.001
4.329955815834959,3.255487066075924,0.001,301.44485207840927,4.312653118390111,7.17,0.02291764039648616,7.17,0.0,0.022917651,0.001
4.330287298502822,3.2575612840247254,0.001,301.7080381797404,4.3125122451651405,7.18,0.02291764036560014,7.18,0.0,0.022917651,0.001
4.330618731598521,3.259635573405833,0.001,301.96997017804745,4.312371102156764,7.190000000000001,0.022917640332234528,7.19,0.0,0.022917651,0.001
4.330950114726421,3.261709934789345,0.001,302.2306380643583,4.312229687211844,7.200000000000001,0.022917640296369543,7.2,0.0,0.022917651,0.001
4.3312750153563435,3.2637522056699977,0.001,302.11581569057796,4.312086055090462,7.210000000000001,0.0229176403833795,7.21,0.0,0.022917651,0.001
4.331599948492891,3.2657945628402314,0.001,302.00098039319664,4.311942466695907,7.220000000000001,0.02291764047167444,7.22,0.0,0.022917651,0.001
4.331924913796014,3.2678370053973707,0.001,301.8861323074079,4.311798921570753,7.23,0.022917640561240918,7.23,0.0,0.022917651,0.001
4.332249910930387,3.2698795324512906,0.001,301.771271566526,4.311655419263933,7.240000000000001,0.022917640652065686,7.24,0.0,0.022917651,0.001
4.332574939565331,3.271922143124193,0.001,301.6563983020189,4.311511959330629,7.25,0.02291764074413567,7.25,0.0,0.022917651,0.001
4.33289999937473,3.273964836550398,0.001,301.5415126435394,4.311368541332159,7.260000000000001,0.022917640837437976,7.26,0.0,0.022917651,0.001
4.333225090036955,3.2760076118761345,0.001,301.4266147189573,4.311225164835882,7.2700000000000005,0.022917640931959887,7.2700000000000005,0.0,0.022917651,0.001
4.333550211234787,3.2780504682593334,0.001,301.31170465438896,4.3110818294150794,7.280000000000001,0.022917641027688875,7.28,0.0,0.022917651,0.001
4.333875362655339,3.2800934048694326,0.001,301.19678257422805,4.310938534648871,7.290000000000001,0.022917641124612562,7.29,0.0,0.022917651,0.001
4.334200543989985,3.2821364208871766,0.001,301.08184860117433,4.310795280122103,7.3,0.02291764122271875,7.3,0.0,0.022917651,0.001
4.33452029816991,3.2841473950672855,0.001,300.9849553272931,4.310654208398581,7.310000000000001,0.022917641238731416,7.3100000000000005,0.0,0.022917651,0.001
4.334839911203127,3.286158410208877,0.001,300.89074310961655,4.310512531071539,7.320000000000001,0.022917641254480696,7.32,0.0,0.022917651,0.001
4.335159381296915,3.2881694668322066,0.001,300.79924600053573,4.310370240449138,7.33,0.022917641269963252,7.33,0.0,0.022917651,0.001
4.335478706628067,3.2901805654663803,0.001,300.7104986315645,4.310227328708731,7.34,0.022917641285175684,7.34,0.0,0.022917651,0.001
4.335797885342236,3.292191706649539,0.001,300.6245362257035,4.310083787894058,7.3500000000000005,0.022917641300114526,7.3500000000000005,0.0,0.022917651,0.001
4.336116915553266,3.2942028909290526,0.001,300.5413946101216,4.309939609912392,7.359999999999999,0.022917641314776263,7.36,0.0,0.022917651,0.001
4.336435795342509,3.296214118861723,0.001,300.4611102291662,4.309794786531595,7.37,0.02291764132915732,7.37,0.0,0.022917651,0.001
4.336754522758127,3.298225391013985,0.001,300.38372015771006,4.309649309377102,7.380000000000001,0.022917641343254042,7.38,0.0,0.022917651,0.001
4.337073095814359,3.3002367079621147,0.001,300.3092621148468,4.309503169928834,7.3900000000000015,0.02291764135706273,7.390000000000001,0.0,0.022917651,0.001
4.337391512490796,3.3022480702924453,0.001,300.2377744779443,4.309356359518018,7.4,0.022917641370579618,7.4,0.0,0.022917651,0.001
4.337704405224228,3.30422380317244,0.001,300.20316464188335,4.309215151579628,7.41,0.02291764132172822,7.41,0.0,0.022917651,0.001
4.338016811437609,3.3061992892563627,0.001,300.1688320833608,4.309072244450788,7.42,0.022917641267946643,7.42,0.0,0.022917651,0.001
4.338328718816416,3.308174522297449,0.001,300.13478382066927,4.308927595122549,7.429999999999999,0.02291764120911011,7.43,0.0,0.022917651,0.001
4.3386401146269975,3.310149495836326,0.001,300.10102711097403,4.30878115912212,7.44,0.022917641145089585,7.44,0.0,0.022917651,0.001
4.338953091638075,3.312126373521175,0.001,300.06754960427946,4.308639144307112,7.45,0.022917641075561122,7.45,0.0,0.022917651,0.001
4.339266752013125,3.3141043651791287,0.001,300.0344548769023,4.308498749198711,7.46,0.02291764100363467,7.46,0.0,0.022917651,0.001
4.339580070082149,3.316082447212534,0.001,300.0017775287,4.308356894481866,7.47,0.022917640929992975,7.47,0.0,0.022917651,0.001
4.339893039588139,3.318060621273362,0.001,299.96952518894335,4.3082135534764046,7.480000000000001,0.022917640854604692,7.48,0.0,0.022917651,0.001
4.340205654120655,3.320038889054094,0.001,299.9377056739833,4.30806869884792,7.490000000000001,0.022917640777437697,7.49,0.0,0.022917651,0.001
4.340517907111096,3.322017252288969,0.001,299.9063269930211,4.3079223025875955,7.500000000000001,0.02291764069845907,7.5,0.0,0.022917651,0.001
4.340828123978941,3.3239673967695467,0.001,299.92457239345424,4.307788259184042,7.510000000000001,0.022917640717300472,7.51,0.0,0.022917651,0.001
4.341138287951833,3.3259175997583483,0.001,299.9429356780104,4.307653945673091,7.520000000000001,0.022917640736270225,7.5200000000000005,0.0,0.022917651,0.001
4.341448398624433,3.3278678617037274,0.001,299.96141775004656,4.30751935998489,7.53,0.022917640755369294,7.53,0.0,0.022917651,0.001
4.34175845558725,3.3298181830586326,0.001,299.980019522174,4.3073845000283715,7.54,0.0229176407745987,7.54,0.0,0.022917651,0.001
4.342068458426586,3.3317685642806607,0.001,299.9987419163759,4.307249363691003,7.55,0.022917640793959436,7.55,0.0,0.022917651,0.001
4.342378406724485,3.333719005832123,0.001,300.0175858641286,4.307113948838495,7.5600000000000005,0.022917640813452513,7.5600000000000005,0.0,0.022917651,0.001
4.342688300058677,3.335669508180102,0.001,300.03655230652424,4.306978253314529,7.570000000000001,0.022917640833078953,7.57,0.0,0.022917651,0.001
4.342998138002521,3.3376200717965143,0.001,300.05564219439464,4.306842274940465,7.580000000000001,0.0229176408528398,7.58,0.0,0.022917651,0.001
4.343307920124949,3.339570697158173,0.001,300.07485648843823,4.30670601151506,7.590000000000001,0.022917640872736095,7.59,0.0,0.022917651,0.001
4.343617645990407,3.3415213847468532,0.001,300.09419615934775,4.3065694608141705,7.6000000000000005,0.02291764089276889,7.6000000000000005,0.0,0.022917651,0.001
4.343918065328868,3.3434385096377808,0.001,299.888437171959,4.3064217263396625,7.61,0.02291764103153224,7.61,0.0,0.022917651,0.001
4.344218480313561,3.3453556689959694,0.001,299.6827427178725,4.306273940012593,7.620000000000001,0.022917641170406518,7.62,0.0,0.022917651,0.001
4.344518890932801,3.3472728629139272,0.001,299.47711297029616,4.3061261016937875,7.629999999999999,0.022917641309392018,7.63,0.0,0.022917651,0.001
4.34481929717486,3.3491900914844988,0.001,299.27154810305865,4.305978211243573,7.640000000000001,0.02291764144848904,7.640000000000001,0.0,0.022917651,0.001
4.345119699027969,3.351107354800857,0.001,299.0660482906114,4.305830268521781,7.65,0.02291764158769789,7.65,0.0,0.022917651,0.001
4.345420096480316,3.3530246529565124,0.001,298.8606137080321,4.305682273387733,7.66,0.022917641727018857,7.66,0.0,0.022917651,0.001
4.345720489520048,3.3549419860453082,0.001,298.6552445310272,4.305534225700252,7.67,0.022917641866452253,7.67,0.0,0.022917651,0.001
4.346020878135266,3.3568593541614278,0.001,298.44994093593476,4.305386125317646,7.68,0.022917642005998377,7.68,0.0,0.022917651,0.001
4.346321262314032,3.3587767573993923,0.001,298.2447030997272,4.305237972097722,7.690000000000001,0.02291764214565753,7.69,0.0,0.022917651,0.001
4.346621642044363,3.3606941958540624,0.001,298.0395312000145,4.305089765897768,7.7,0.022917642285430032,7.7,0.0,0.022917651,0.001
4.346917135868946,3.362583111448156,0.001,298.36069852333054,4.30494321474085,7.71,0.02291764231257737,7.71,0.0,0.022917651,0.001
4.347212570717146,3.364472105770735,0.001,298.6820275892948,4.30479634878188,7.72,0.02291764233991656,7.72,0.0,0.022917651,0.001
4.347507946223938,3.3663611793090773,0.001,299.0035193989897,4.30464916607244,7.73,0.022917642367448796,7.73,0.0,0.022917651,0.001
4.347803262021277,3.3682503325544904,0.001,299.3251749617758,4.304501664647995,7.740000000000001,0.022917642395175273,7.74,0.0,0.022917651,0.001
4.348098517738071,3.370139566002354,0.001,299.6469952953781,4.304353842527732,7.75,0.022917642423097198,7.75,0.0,0.022917651,0.001
4.348393713000143,3.3720288801521607,0.001,299.9689814259726,4.30420569771439,7.76,0.02291764245121579,7.76,0.0,0.022917651,0.001
4.348688847430204,3.37391827550756,0.001,300.29113438827426,4.304057228194089,7.7700000000000005,0.022917642479532273,7.7700000000000005,0.0,0.022917651,0.001
4.348983920647818,3.3758077525764,0.001,300.61345522562596,4.303908431936154,7.780000000000001,0.022917642508047887,7.78,0.0,0.022917651,0.001
4.349278932269372,3.377697311870773,0.001,300.93594499008873,4.303759306892945,7.790000000000001,0.022917642536763885,7.79,0.0,0.022917651,0.001
4.34957388190804,3.3795869539070598,0.001,301.2586047425329,4.303609850999674,7.800000000000001,0.022917642565681514,7.8,0.0,0.022917651,0.001
4.3498722311417675,3.3814533899823416,0.001,301.21392822135914,4.303490059840202,7.81,0.022917642607253617,7.8100000000000005,0.0,0.022917651,0.001
4.350170497215305,3.383319790226061,0.001,301.1693340089546,4.303369972029986,7.820000000000001,0.02291764264953538,7.82,0.0,0.022917651,0.001
4.3504686794854655,3.3851861543610844,0.001,301.12482274192223,4.3032495852746315,7.83,0.022917642692532297,7.83,0.0,0.022917651,0.001
4.350766777302411,3.3870524821074137,0.001,301.08039506344716,4.303128897256023,7.839999999999999,0.022917642736249914,7.84,0.0,0.022917651,0.001
4.351064790009567,3.3889187731821484,0.001,301.0360516233814,4.303007905632014,7.8500000000000005,0.022917642780693828,7.8500000000000005,0.0,0.022917651,0.001
4.351362716943536,3.3907850272994464,0.001,300.99179307833106,4.302886608036116,7.860000000000001,0.022917642825869708,7.86,0.0,0.022917651,0.001
4.351660557434006,3.39265124417049,0.001,300.9476200917438,4.3027650020771855,7.87,0.02291764287178327,7.87,0.0,0.022917651,0.001
4.351958310803665,3.394517423503441,0.001,300.9035333339983,4.302643085339095,7.88,0.02291764291844029,7.88,0.0,0.022917651,0.001
4.352255976368105,3.396383565003407,0.001,300.8595334824955,4.302520855380411,7.890000000000001,0.02291764296584662,7.890000000000001,0.0,0.022917651,0.001
4.35255355343573,3.398249668372396,0.001,300.8156212217499,4.302398309734061,7.9,0.02291764301400815,7.9,0.0,0.022917651,0.001
4.35284220401662,3.4000838487243734,0.001,301.6859530298486,4.302265020255046,7.91,0.022917643010628548,7.91,0.0,0.022917651,0.001
4.3531308568898845,3.401918004169655,0.001,302.5562568358281,4.302131764860388,7.92,0.02291764300700583,7.92,0.0,0.022917651,0.001
4.3534195120620645,3.403752134637132,0.001,303.42653255974255,4.3019985436473975,7.93,0.0229176430031393,7.930000000000001,0.0,0.022917651,0.001
4.353708169539732,3.405586240055426,0.001,304.29678012134156,4.3018653567137575,7.94,0.022917642999028275,7.94,0.0,0.022917651,0.001
4.35399682932948,3.407420320352885,0.001,305.1669994400684,4.30173220415752,7.95,0.022917642994672045,7.95,0.0,0.022917651,0.001
4.35428549143793,3.409254375457583,0.001,306.03719043505913,4.301599086077113,7.96,0.022917642990069906,7.96,0.0,0.022917651,0.001
4.354574155871727,3.4110884052973205,0.001,306.9073530251406,4.301466002571343,7.97,0.022917642985221157,7.97,0.0,0.022917651,0.001
4.35486282263754,3.412922409799622,0.001,307.7774871288293,4.30133295373939,7.98,0.022917642980125098,7.98,0.0,0.022917651,0.001
4.355151491742068,3.4147563888917327,0.001,308.64759266432964,4.301199939680818,7.99,0.022917642974781008,7.99,0.0,0.022917651,0.001
4.355440163192029,3.416590342500622,0.001,309.5176695495326,4.30106696049557,8.0,0.022917642969188176,8.0,0.0,0.022917651,0.001
