log_Teff,LogL_lsun,Age_gyr,Step,Log_g,Mass_msun,feh,Mass_input,Metallicity_input,Z_used,Age_input
3.540881901875075,-1.922454883343676,6.5,304.1846407484496,4.955888581325393,0.3,0.026123691748668954,0.3,0.0,0.022917651,6.5
3.5410337343156963,-1.9198639621036515,6.5,304.2467512590582,4.9551543774429865,0.301,0.02611122061184042,0.301,0.0,0.022917651,6.5
3.541185518271487,-1.9172718738654073,6.5,304.3082646804333,4.954418812597381,0.302,0.02609857145086775,0.302,0.0,0.022917651,6.5
3.5413372530160903,-1.9146786011460224,6.5,304.3691720675194,4.953681866399847,0.30299999999999994,0.02608574159875287,0.303,0.0,0.022917651,6.5
3.5414889378085688,-1.9120841261116048,6.5,304.42946429568866,4.952943518052351,0.30400000000000005,0.02607272833495758,0.304,0.0,0.022917651,6.5
3.541640571893035,-1.9094884305684419,6.5,304.489132056212,4.952203746337229,0.305,0.02605952888405326,0.305,0.0,0.022917651,6.5
3.5417921544982724,-1.9068914959538772,6.5,304.54816585159205,4.9514625296065535,0.30600000000000005,0.02604614041432947,0.306,0.0,0.022917651,6.5
3.5419436848373476,-1.9042933033269112,6.5,304.60655599075426,4.9507198457711725,0.307,0.026032560036360064,0.307,0.0,0.022917651,6.5
3.5420948915918946,-1.901725719891812,6.5,304.66986427464656,4.9500064772040275,0.308,0.026017561278923445,0.308,0.0,0.022917651,6.5
3.542246045421901,-1.8991630907474883,6.5,304.7321051490994,4.949297851296257,0.309,0.026002097336899954,0.309,0.0,0.022917651,6.5
3.5423971925081825,-1.8966004310456055,6.5,304.79228505710415,4.948589167854225,0.30999999999999994,0.02598635565775508,0.31,0.0,0.022917651,6.5
3.54254833280906,-1.8940377405972995,6.5,304.8503912606699,4.947880426522333,0.311,0.025970334524909208,0.311,0.0,0.022917651,6.5
3.5426994662825098,-1.8914750192121468,6.5,304.9064109166176,4.947171626942048,0.312,0.025954032207607544,0.312,0.0,0.022917651,6.5
3.5428505928861584,-1.8889122666981493,6.5,304.96033107549226,4.946462768751873,0.313,0.02593744696077351,0.313,0.0,0.022917651,6.5
3.543001712577283,-1.8863494828617147,6.5,305.01213868046204,4.945753851587311,0.314,0.02592057702486028,0.314,0.0,0.022917651,6.5
3.543152825312805,-1.8837866675076438,6.5,305.061820566202,4.9450448750808365,0.31499999999999995,0.025903420625700484,0.315,0.0,0.022917651,6.5
3.5433039310492873,-1.8812238204391112,6.5,305.10936345776565,4.944335838861863,0.316,0.02588597597435406,0.316,0.0,0.022917651,6.5
3.54345502974293,-1.87866094145765,6.5,305.15475396944095,4.943626742556715,0.317,0.025868241266954133,0.317,0.0,0.022917651,6.5
3.5436061213495673,-1.8760980303631327,6.5,305.1979786035931,4.942917585788589,0.318,0.025850214684551037,0.318,0.0,0.022917651,6.5
3.5437572058246634,-1.873535086953756,6.5,305.23902374949233,4.942208368177524,0.319,0.02583189439295435,0.319,0.0,0.022917651,6.5
3.543908283123309,-1.8709721110260211,6.5,305.27787568212653,4.9414990893403745,0.32,0.025813278542572895,0.32,0.0,0.022917651,6.5
3.5440593532002156,-1.8684091023747187,6.5,305.31452056099954,4.940789748890765,0.32099999999999995,0.025794365268252805,0.321,0.0,0.022917651,6.5
3.544210416009713,-1.865846060792907,6.5,305.34894442891385,4.940080346439062,0.322,0.02577515268911345,0.322,0.0,0.022917651,6.5
3.5443614715057477,-1.8632829860718974,6.5,305.38113321073814,4.939370881592346,0.323,0.025755638908381364,0.323,0.0,0.022917651,6.5
3.5445125196418727,-1.860719878001233,6.5,305.41107271215884,4.938661353954363,0.32400000000000007,0.025735822013222026,0.324,0.0,0.022917651,6.5
3.544663560371248,-1.8581567363686722,6.5,305.438748618416,4.937951763125502,0.325,0.02571570007456947,0.325,0.0,0.022917651,6.5
3.544814593646637,-1.855593560960167,6.5,305.4641464930231,4.93724210870275,0.32600000000000007,0.025695271146953788,0.326,0.0,0.022917651,6.5
3.5449656194203993,-1.8530303515598476,6.5,305.48725177647043,4.936532390279663,0.327,0.02567453326832639,0.327,0.0,0.022917651,6.5
3.5451166376444867,-1.850467107949998,6.5,305.50804978491163,4.935822607446323,0.328,0.025653484459882994,0.328,0.0,0.022917651,6.5
3.5452676482704417,-1.8479038299110415,6.5,305.52652570883373,4.935112759789308,0.329,0.025632122725884426,0.329,0.0,0.022917651,6.5
3.545418690451795,-1.8453879180880834,6.5,305.5363817181312,4.934450403813706,0.33,0.025608141694206957,0.33,0.0,0.022917651,6.5
3.5455697550569316,-1.8428791707024097,6.5,305.54229816635404,4.933795301888851,0.33100000000000007,0.025583513784597642,0.331,0.0,0.022917651,6.5
3.545720838545819,-1.8403717691997203,6.5,305.5450321348994,4.93314162139466,0.33199999999999996,0.02555852526056321,0.332,0.0,0.022917651,6.5
3.5458719407672623,-1.837865702803925,6.5,305.5446091049482,4.9324893509501555,0.333,0.025533179009437534,0.333,0.0,0.022917651,6.5
3.546023061571675,-1.8353609608536694,6.5,305.5410542863787,4.9318384792955365,0.3340000000000001,0.02550747788781251,0.334,0.0,0.022917651,6.5
3.5461742008110573,-1.8328575328008099,6.5,305.53439262136675,4.931188995290564,0.3350000000000001,0.025481424721946103,0.335,0.0,0.022917651,6.5
3.5463253583389784,-1.830355408208917,6.5,305.52464878793063,4.930540887912989,0.336,0.025455022308163884,0.336,0.0,0.022917651,6.5
3.546476534010554,-1.8278545767518002,6.5,305.5118472034185,4.929894146256985,0.3370000000000001,0.02542827341325429,0.337,0.0,0.022917651,6.5
3.5466277276824276,-1.8253550282120548,6.5,305.4960120279411,4.929248759531622,0.338,0.025401180774857587,0.338,0.0,0.022917651,6.5
3.546778939212746,-1.8228567524796337,6.5,305.4771671677507,4.928604717059347,0.339,0.02537374710184867,0.339,0.0,0.022917651,6.5
3.5469301684611443,-1.8203597395504418,6.5,305.4553362785658,4.927962008274516,0.34,0.025345975074713926,0.34,0.0,0.022917651,6.5
3.5470814152887264,-1.8178639795249523,6.5,305.4305427688456,4.927320622721914,0.341,0.02531786734592213,0.341,0.0,0.022917651,6.5
3.547232679558041,-1.8153694626068408,6.5,305.40280980301117,4.926680550055325,0.342,0.025289426540289543,0.342,0.0,0.022917651,6.5
3.5473839611330678,-1.8128761791016468,6.5,305.37216030461775,4.926041780036118,0.3430000000000001,0.025260655255339343,0.343,0.0,0.022917651,6.5
3.5475352598791963,-1.8103841194154529,6.5,305.3386169594775,4.9254043025318435,0.344,0.02523155606165546,0.34400000000000003,0.0,0.022917651,6.5
3.5476865756632106,-1.8078932740535836,6.5,305.30220221873344,4.924768107514867,0.3450000000000001,0.02520213150323088,0.34500000000000003,0.0,0.022917651,6.5
3.547837908353266,-1.805403633619326,6.5,305.2629383018859,4.924133185061014,0.3460000000000001,0.025172384097810616,0.34600000000000003,0.0,0.022917651,6.5
3.547989257818877,-1.8029151888126698,6.5,305.22084719977227,4.923499525348245,0.34700000000000003,0.025142316337229353,0.34700000000000003,0.0,0.022917651,6.5
3.548140623930898,-1.800427930429067,6.5,305.1759506775014,4.922867118655335,0.3480000000000001,0.0251119306877439,0.34800000000000003,0.0,0.022917651,6.5
3.548292006561503,-1.7979418493582071,6.5,305.1282702773419,4.922235955360594,0.3490000000000001,0.025081229590360524,0.34900000000000003,0.0,0.022917651,6.5
3.548443405584173,-1.7954569365828192,6.5,305.07782732156716,4.921606025940586,0.35000000000000003,0.025050215461157294,0.35000000000000003,0.0,0.022917651,6.5
3.5485948208736784,-1.7929731831774836,6.5,305.02464291525644,4.920977320968887,0.35100000000000003,0.02501889069160148,0.35100000000000003,0.0,0.022917651,6.5
3.548746252306061,-1.7904905803074662,6.5,304.9687379490531,4.920349831114847,0.35200000000000004,0.024987257648862126,0.352,0.0,0.022917651,6.5
3.548897699758619,-1.788009119227569,6.5,304.91013310188134,4.919723547142382,0.35300000000000004,0.024955318676117874,0.353,0.0,0.022917651,6.5
3.5490491631098915,-1.7855287912810012,6.5,304.8488488436218,4.919098459908771,0.35400000000000004,0.024923076092860097,0.354,0.0,0.022917651,6.5
3.549200642239641,-1.783049587898262,6.5,304.78490543774575,4.918474560363486,0.355,0.024890532195191474,0.355,0.0,0.022917651,6.5
3.54935213702884,-1.780571500596044,6.5,304.718322943911,4.917851839547035,0.356,0.02485768925612005,0.356,0.0,0.022917651,6.5
3.5495036473596575,-1.7780945209761536,6.5,304.6491212205173,4.917230288589809,0.357,0.024824549525848873,0.357,0.0,0.022917651,6.5
3.549655173115438,-1.775618640724444,6.5,304.57731992722466,4.916609898710971,0.358,0.024791115232061275,0.358,0.0,0.022917651,6.5
3.549806714180693,-1.7731438516097684,6.5,304.5029385274327,4.9159906612173385,0.35900000000000004,0.024757388580201874,0.359,0.0,0.022917651,6.5
3.5499582704410835,-1.7706701454829452,6.5,304.42599629072413,4.915372567502296,0.36,0.024723371753753432,0.36,0.0,0.022917651,6.5
3.5501098417834065,-1.7681975142757427,6.5,304.3465122952709,4.9147556090447235,0.361,0.0246890669145095,0.361,0.0,0.022917651,6.5
3.550262109875742,-1.7657341319522646,6.5,304.2771482444944,4.914150686135704,0.36200000000000004,0.024654852311975634,0.362,0.0,0.022917651,6.5
3.5504144471167556,-1.7632716748958233,6.5,304.2053108296987,4.91354696507276,0.363,0.024620361664581272,0.363,0.0,0.022917651,6.5
3.5505668342175127,-1.7608099002812359,6.5,304.1306320316516,4.912944125884746,0.36400000000000005,0.024585584318291522,0.364,0.0,0.022917651,6.5
3.5507192711326105,-1.75834880748707,6.5,304.0531144377207,4.912342167768625,0.365,0.02455052053417483,0.365,0.0,0.022917651,6.5
3.5508717578167013,-1.7558883958926468,6.5,303.97276063213343,4.911741089922336,0.366,0.02451517057298275,0.366,0.0,0.022917651,6.5
3.551024294224493,-1.7534286648780417,6.5,303.8895731959812,4.911140891544789,0.36699999999999994,0.024479534695150452,0.367,0.0,0.022917651,6.5
3.5511768803107495,-1.7509696138240813,6.5,303.8035547072249,4.910541571835868,0.368,0.024443613160797167,0.368,0.0,0.022917651,6.5
3.551329516030287,-1.7485112421123434,6.5,303.71470774069894,4.909943129996425,0.369,0.024407406229726723,0.369,0.0,0.022917651,6.5
3.551482201337978,-1.746053549125155,6.5,303.6230348681163,4.909345565228284,0.37,0.024370914161427965,0.37,0.0,0.022917651,6.5
3.551634936188751,-1.7435965342455926,6.5,303.52853865807316,4.908748876734232,0.371,0.024334137215075265,0.371,0.0,0.022917651,6.5
3.551787720537585,-1.7411401968574793,6.5,303.43122167605395,4.908153063718027,0.37199999999999994,0.024297075649528984,0.372,0.0,0.022917651,6.5
3.5519405543395193,-1.7386845363453851,6.5,303.3310864844355,4.907558125384387,0.37300000000000005,0.024259729723335965,0.373,0.0,0.022917651,6.5
3.552093437549641,-1.7362295520946245,6.5,303.22813564249225,4.9069640609389955,0.37399999999999994,0.024222099694729972,0.374,0.0,0.022917651,6.5
3.5522463701230986,-1.7337752434912566,6.5,303.12237170640066,4.906370869588496,0.37500000000000006,0.024184185821632218,0.375,0.0,0.022917651,6.5
3.552399352015089,-1.7313216099220836,6.5,303.01379722924395,4.905778550540494,0.37600000000000006,0.02414598836165178,0.376,0.0,0.022917651,6.5
3.5525523831808665,-1.7288686507746482,6.5,302.9024147610168,4.90518710300355,0.377,0.02410750757208611,0.377,0.0,0.022917651,6.5
3.5527054635757387,-1.7264163654372364,6.5,302.7882268486302,4.904596526187187,0.378,0.0240687437099215,0.378,0.0,0.022917651,6.5
3.552858593155067,-1.7239647532988709,6.5,302.67123603591557,4.904006819301879,0.379,0.024029697031833528,0.379,0.0,0.022917651,6.5
3.553011771874267,-1.7215138137493144,6.5,302.5514448636301,4.903417981559054,0.38,0.02399036779418756,0.38,0.0,0.022917651,6.5
3.553164999688808,-1.7190635461790666,6.5,302.4288558694609,4.902830012171098,0.381,0.023950756253039204,0.381,0.0,0.022917651,6.5
3.553318276554214,-1.7166139499793633,6.5,302.30347158803,4.902242910351343,0.382,0.02391086266413477,0.382,0.0,0.022917651,6.5
3.553471602426061,-1.7141650245421758,6.5,302.17529455089846,4.901656675314074,0.38300000000000006,0.02387068728291175,0.383,0.0,0.022917651,6.5
3.5536249772599793,-1.711716769260209,6.5,302.0443272865715,4.901071306274523,0.384,0.023830230364499282,0.384,0.0,0.022917651,6.5
3.553778401011654,-1.7092691835269007,6.5,301.910572320503,4.900486802448869,0.385,0.023789492163718593,0.385,0.0,0.022917651,6.5
3.553931873636822,-1.7068222667364208,6.5,301.77403217509976,4.899903163054238,0.386,0.023748472935083514,0.386,0.0,0.022917651,6.5
3.5540853950912745,-1.7043760182836696,6.5,301.6347093697266,4.899320387308699,0.38700000000000007,0.02370717293280088,0.387,0.0,0.022917651,6.5
3.554238965330856,-1.7019304375642768,6.5,301.4926064207105,4.898738474431264,0.388,0.023665592410771052,0.388,0.0,0.022917651,6.5
3.554392584311463,-1.699485523974601,6.5,301.34772584134566,4.898157423641887,0.38900000000000007,0.023623731622588327,0.389,0.0,0.022917651,6.5
3.5545462519890476,-1.6970412769117282,6.5,301.2000701418975,4.897577234161461,0.39,0.02358159082154143,0.39,0.0,0.022917651,6.5
3.5546999683196123,-1.6945976957734707,6.5,301.04964182960754,4.896997905211819,0.391,0.023539170260613987,0.391,0.0,0.022917651,6.5
3.5548537332592134,-1.692154779958365,6.5,300.896443408698,4.896419436015728,0.392,0.023496470192484933,0.392,0.0,0.022917651,6.5
3.5550075467639624,-1.6897125288656734,6.5,300.7404773803763,4.895841825796896,0.393,0.02345349086952902,0.393,0.0,0.022917651,6.5
3.55516140879002,-1.6872709418953795,6.5,300.5817462428394,4.895265073779959,0.3940000000000001,0.023410232543817258,0.394,0.0,0.022917651,6.5
3.5553153192936007,-1.6848300184481901,6.5,300.4202524912787,4.8946891791904905,0.395,0.023366695467117365,0.395,0.0,0.022917651,6.5
3.5554692782309747,-1.6823897579255327,6.5,300.2559986178841,4.894114141254994,0.396,0.023322879890894224,0.396,0.0,0.022917651,6.5
3.55562328555846,-1.6799501597295536,6.5,300.08898711184884,4.893539959200903,0.397,0.023278786066310356,0.397,0.0,0.022917651,6.5
3.5557773412324316,-1.677511223263119,6.5,299.91922045937395,4.89296663225658,0.3980000000000001,0.02323441424422635,0.398,0.0,0.022917651,6.5
3.555931438916499,-1.6750728933806358,6.5,299.74787781880366,4.892394080184839,0.399,0.023189757337745816,0.399,0.0,0.022917651,6.5
3.5560855821143864,-1.6726348297357323,6.5,299.5762043757159,4.8918219770695925,0.4000000000000001,0.02314476680029482,0.4,0.0,0.022917651,6.5
3.5563097066398184,-1.6699835844135755,6.5,299.6744623748709,4.891036329895238,0.401,0.02314248038101148,0.401,0.0,0.022917651,6.5
3.556533819449354,-1.6673324558101374,6.5,299.772489750746,4.890250752576267,0.4020000000000001,0.023140197091040267,0.402,0.0,0.022917651,6.5
3.556757920410758,-1.6646814452428143,6.5,299.8702839003127,4.8894652459011345,0.403,0.0231379169657015,0.403,0.0,0.022917651,6.5
3.5569820093897953,-1.6620305540489022,6.5,299.9678421812213,4.888679810670203,0.404,0.023135640040849052,0.404,0.0,0.022917651,6.5
3.5572060862501966,-1.6593797835859758,6.5,300.06516191105493,4.887894447695969,0.405,0.02313336635288046,0.405,0.0,0.022917651,6.5
3.5574301508536195,-1.6567291352322733,6.5,300.162240366568,4.887109157803304,0.4060000000000001,0.023131095938747265,0.406,0.0,0.022917651,6.5
3.5576542032316576,-1.6540785978812145,6.5,300.2592514554632,4.886323930056826,0.40700000000000003,0.02312882617374521,0.40700000000000003,0.0,0.022917651,6.5
3.5578782441012295,-1.6514281541385234,6.5,300.3565239762245,4.885538750015029,0.40800000000000003,0.023126552068246313,0.40800000000000003,0.0,0.022917651,6.5
3.55810227313605,-1.648777844737647,6.5,300.45354061960404,4.884753656976348,0.4090000000000001,0.02312428139425269,0.40900000000000003,0.0,0.022917651,6.5
3.5583262901914803,-1.646127671320434,6.5,300.5502982584124,4.883968652004081,0.41000000000000003,0.02312201419370226,0.41000000000000003,0.0,0.022917651,6.5
3.5585502951205163,-1.6434776355555993,6.5,300.64679371429355,4.883183736178933,0.4110000000000001,0.023119750509219127,0.41100000000000003,0.0,0.022917651,6.5
3.5587742877737396,-1.6408277391392716,6.5,300.74302375667406,4.882398910599358,0.41200000000000003,0.023117490384127682,0.41200000000000003,0.0,0.022917651,6.5
3.5589982679992644,-1.638177983795561,6.5,300.83898510168586,4.881614176381933,0.41300000000000014,0.023115233862467027,0.41300000000000003,0.0,0.022917651,6.5
3.5592222356426912,-1.6355283712771373,6.5,300.9346744110632,4.88082953466173,0.41400000000000003,0.023112980989005782,0.41400000000000003,0.0,0.022917651,6.5
3.559446190547052,-1.6328789033658258,6.5,301.03008829101134,4.880044986592704,0.41500000000000004,0.023110731809257237,0.41500000000000004,0.0,0.022917651,6.5
3.559670132552756,-1.6302295818732133,6.5,301.1252232910473,4.879260533348085,0.4160000000000001,0.023108486369494943,0.41600000000000004,0.0,0.022917651,6.5
3.5598940614975345,-1.627580408641273,6.5,301.2200759028109,4.878476176120781,0.4170000000000001,0.023106244716768597,0.417,0.0,0.022917651,6.5
3.5601179772163882,-1.624931385543006,6.5,301.3146425588465,4.877691916123791,0.418,0.023104006898920424,0.418,0.0,0.022917651,6.5
3.560341879541524,-1.622282514483095,6.5,301.4089196313536,4.876907754590637,0.41899999999999993,0.023101772964601915,0.419,0.0,0.022917651,6.5
3.560565768302301,-1.6196337973985786,6.5,301.5029034309049,4.876123692775794,0.42,0.02309954296329103,0.42,0.0,0.022917651,6.5
3.560789643325166,-1.6169852362595416,6.5,301.59659020513277,4.875339731955139,0.421,0.0230973169453098,0.421,0.0,0.022917651,6.5
3.5610135044335913,-1.6143368330698193,6.5,301.68997613738077,4.874555873426405,0.42200000000000004,0.0230950949618424,0.422,0.0,0.022917651,6.5
3.5612373514480136,-1.6116885898677287,6.5,301.7830573453213,4.873772118509654,0.42299999999999993,0.023092877064953735,0.423,0.0,0.022917651,6.5
3.561461184185766,-1.609040508726809,6.5,301.875829879537,4.872988468547767,0.42400000000000004,0.023090663307608415,0.424,0.0,0.022917651,6.5
3.5616850024610107,-1.6063925917565878,6.5,301.96828972206487,4.872204924906924,0.425,0.0230884537436903,0.425,0.0,0.022917651,6.5
3.561908806084671,-1.603744841103365,6.5,302.0604327849033,4.871421488977122,0.42599999999999993,0.02308624842802252,0.426,0.0,0.022917651,6.5
3.562132594864359,-1.6010972589510175,6.5,302.1522549084788,4.870638162172694,0.42699999999999994,0.023084047416388035,0.427,0.0,0.022917651,6.5
3.562356368604305,-1.5984498475218247,6.5,302.2437518600731,4.869854945932846,0.42800000000000005,0.023081850765550735,0.428,0.0,0.022917651,6.5
3.562580127105282,-1.5958026090773163,6.5,302.334919332208,4.869071841722199,0.42899999999999994,0.023079658533277096,0.429,0.0,0.022917651,6.5
3.562803870164526,-1.5931555459191442,6.5,302.4257529409877,4.868288851031361,0.42999999999999994,0.023077470778358405,0.43,0.0,0.022917651,6.5
3.5630275975756627,-1.5905086603899745,6.5,302.5162482243968,4.867505975377501,0.431,0.023075287560633595,0.431,0.0,0.022917651,6.5
3.563251309128621,-1.5878619548744053,6.5,302.6064006405517,4.866723216304944,0.432,0.023073108941012693,0.432,0.0,0.022917651,6.5
3.563475004609556,-1.5852154317999105,6.5,302.6962055659066,4.865940575385783,0.433,0.023070934981500868,0.433,0.0,0.022917651,6.5
3.5636986838007565,-1.5825690936378063,6.5,302.78565829340897,4.865158054220504,0.434,0.023068765745223183,0.434,0.0,0.022917651,6.5
3.5639223464805663,-1.5799229429042463,6.5,302.8747540306063,4.864375654438631,0.435,0.02306660129644999,0.435,0.0,0.022917651,6.5
3.564145992423285,-1.577276982161243,6.5,302.96348789769996,4.863593377699386,0.43599999999999994,0.02306444170062298,0.436,0.0,0.022917651,6.5
3.5643696213990816,-1.5746312140177157,6.5,303.0518549255469,4.862811225692373,0.43699999999999994,0.023062287024382067,0.437,0.0,0.022917651,6.5
3.5645932331738988,-1.571985641130573,6.5,303.1398500536048,4.862029200138271,0.43800000000000006,0.02306013733559286,0.438,0.0,0.022917651,6.5
3.5648168275093512,-1.5693402662058156,6.5,303.2274681278212,4.861247302789552,0.439,0.02305799270337502,0.439,0.0,0.022917651,6.5
3.565040404162631,-1.5666950919996812,6.5,303.31470389846373,4.860465535431227,0.44,0.023055853198131356,0.44,0.0,0.022917651,6.5
3.5652639628864007,-1.564050121319811,6.5,303.40155201788923,4.859683899881593,0.44100000000000006,0.023053718891577712,0.441,0.0,0.022917651,6.5
3.56548750342869,-1.561405357026457,6.5,303.4880070382507,4.858902397993021,0.44200000000000006,0.023051589856773764,0.442,0.0,0.022917651,6.5
3.5657110255327806,-1.5587608020337178,6.5,303.57406340913894,4.858121031652754,0.443,0.023049466168154602,0.443,0.0,0.022917651,6.5
3.5659345289371025,-1.556116459310813,6.5,303.65971547515795,4.857339802783733,0.44399999999999995,0.02304734790156329,0.444,0.0,0.022917651,6.5
3.5661580133751136,-1.5534723318833934,6.5,303.74495747343053,4.856558713345445,0.44500000000000006,0.02304523513428427,0.445,0.0,0.022917651,6.5
3.56638147857518,-1.550828422834885,6.5,303.8297835310326,4.855777765334793,0.446,0.023043127945077804,0.446,0.0,0.022917651,6.5
3.566604924260459,-1.5481847353078784,6.5,303.91418766235444,4.854996960786997,0.447,0.023041026414215363,0.447,0.0,0.022917651,6.5
3.5668283501487674,-1.5455412725055522,6.5,303.99816376638427,4.854216301776518,0.44800000000000006,0.02303893062351603,0.448,0.0,0.022917651,6.5
3.5670517559524573,-1.542898037693141,6.5,304.0817056239139,4.853435790418,0.44900000000000007,0.023036840656383985,0.449,0.0,0.022917651,6.5
3.5672751413782793,-1.5402550341994454,6.5,304.16480689466283,4.852655428867259,0.45000000000000007,0.023034756597847105,0.45,0.0,0.022917651,6.5
3.5674985061272495,-1.5376122654183868,6.5,304.247461114317,4.8518752193222845,0.451,0.023032678534596614,0.451,0.0,0.022917651,6.5
3.567721849894504,-1.534969734810607,6.5,304.32966169148114,4.851095164024273,0.452,0.02303060655502802,0.452,0.0,0.022917651,6.5
3.5679451723691575,-1.5323274459051164,6.5,304.4114019045406,4.850315265258699,0.453,0.023028540749283146,0.453,0.0,0.022917651,6.5
3.568168473234151,-1.52968540230099,6.5,304.49267489842947,4.849535525356415,0.454,0.023026481209293508,0.454,0.0,0.022917651,6.5
3.568391752166102,-1.5270436076691163,6.5,304.57347368130223,4.84875594669478,0.45500000000000007,0.023024428028824935,0.455,0.0,0.022917651,6.5
3.5686150088351387,-1.5244020657539958,6.5,304.65379112110503,4.847976531698825,0.456,0.02302238130352355,0.456,0.0,0.022917651,6.5
3.568838242904745,-1.5217607803755966,6.5,304.7336199420437,4.847197282842457,0.457,0.023020341130963153,0.457,0.0,0.022917651,6.5
3.5690614540315875,-1.5191197554312645,6.5,304.8129527209438,4.846418202649695,0.458,0.023018307610694,0.458,0.0,0.022917651,6.5
3.5692846418653406,-1.516478994897693,6.5,304.89178188350036,4.845639293695944,0.459,0.023016280844293142,0.459,0.0,0.022917651,6.5
3.5695078060485117,-1.5138385028329524,6.5,304.970099700412,4.844860558609314,0.46,0.02301426093541623,0.46,0.0,0.022917651,6.5
3.569730946216256,-1.5111982833785815,6.5,305.04789828339545,4.844082000071967,0.461,0.023012247989850992,0.461,0.0,0.022917651,6.5
3.569954061996182,-1.5085583407617473,6.5,305.1251695810775,4.843303620821521,0.4620000000000001,0.023010242115572305,0.462,0.0,0.022917651,6.5
3.5701771530081623,-1.505918679297465,6.5,305.2019053747574,4.842525423652489,0.463,0.023008243422799037,0.463,0.0,0.022917651,6.5
3.570400218864128,-1.5032793033908967,6.5,305.2780972740383,4.841747411417765,0.464,0.023006252024052626,0.464,0.0,0.022917651,6.5
3.570623259167858,-1.500640217539715,6.5,305.3537367123193,4.840969587030153,0.4650000000000001,0.023004268034217543,0.465,0.0,0.022917651,6.5
3.570846273514769,-1.4980014263365447,6.5,305.4288149421456,4.84019195346395,0.466,0.02300229157060362,0.466,0.0,0.022917651,6.5
3.5710692614916906,-1.4953629344714834,6.5,305.5033230304115,4.839414513756584,0.467,0.023000322753010446,0.467,0.0,0.022917651,6.5
3.571292222676634,-1.4927247467346985,6.5,305.5772518534074,4.838637271010283,0.468,0.022998361703793706,0.468,0.0,0.022917651,6.5
3.5715151566385632,-1.4900868680191126,6.5,305.65059209171034,4.837860228393828,0.4690000000000001,0.022996408547933778,0.46900000000000003,0.0,0.022917651,6.5
3.5717380629371416,-1.4874493033231726,6.5,305.723334224907,4.837083389144338,0.47000000000000003,0.02299446341310646,0.47000000000000003,0.0,0.022917651,6.5
3.571960941122487,-1.4848120577537112,6.5,305.79546852614624,4.836306756569125,0.47100000000000003,0.02299252642975602,0.47100000000000003,0.0,0.022917651,6.5
3.5721837907349077,-1.4821751365288987,6.5,305.86698505651344,4.835530334047608,0.47200000000000003,0.022990597731170674,0.47200000000000003,0.0,0.022917651,6.5
3.5724066113046353,-1.4795385449812952,6.5,305.93787365921895,4.834754125033283,0.47300000000000003,0.022988677453560504,0.47300000000000003,0.0,0.022917651,6.5
3.5726294023515477,-1.4769022885610024,6.5,306.0081239535957,4.833978133055773,0.47400000000000003,0.02298676573613794,0.47400000000000003,0.0,0.022917651,6.5
3.5728521633848795,-1.474266372838919,6.5,306.0777253288962,4.833202361722933,0.47500000000000003,0.022984862721200962,0.47500000000000003,0.0,0.022917651,6.5
3.5730748939029278,-1.4716308035101073,6.5,306.1466669378825,4.832426814723027,0.4760000000000001,0.022982968554219076,0.47600000000000003,0.0,0.022917651,6.5
3.5732975933927458,-1.4689955863972708,6.5,306.21493769020117,4.831651495826981,0.47700000000000004,0.022981083383922126,0.47700000000000004,0.0,0.022917651,6.5
3.573520261329825,-1.4663607274543518,6.5,306.28252624553323,4.830876408890719,0.47800000000000004,0.022979207362392208,0.47800000000000004,0.0,0.022917651,6.5
3.5737428971777683,-1.4637262327702478,6.5,306.3494210065123,4.830101557857561,0.4790000000000001,0.022977340645158585,0.47900000000000004,0.0,0.022917651,6.5
3.57396550038795,-1.4610921085726587,6.5,306.41561011139976,4.829326946760723,0.48000000000000004,0.022975483391295966,0.48,0.0,0.022917651,6.5
3.574188070399167,-1.4584583612320634,6.5,306.48108142650835,4.828552579725886,0.481,0.022973635763526085,0.481,0.0,0.022917651,6.5
3.5744106066372763,-1.4558249972658364,6.5,306.5458225383639,4.827778460973864,0.482,0.022971797928322824,0.482,0.0,0.022917651,6.5
3.574633108514818,-1.4531920233425053,6.5,306.60982074559394,4.827004594823362,0.483,0.022969970056021007,0.483,0.0,0.022917651,6.5
3.574855575430629,-1.450559446286159,6.5,306.67306305053273,4.82623098569383,0.48400000000000004,0.022968152320928956,0.484,0.0,0.022917651,6.5
3.5750780067694388,-1.4479272730810098,6.5,306.7355361505311,4.825457638108419,0.485,0.02296634490144505,0.485,0.0,0.022917651,6.5
3.5753004019014565,-1.445295510876119,6.5,306.79722642895774,4.824684556697038,0.486,0.02296454798017841,0.486,0.0,0.022917651,6.5
3.5755227601819373,-1.442664166990287,6.5,306.85811994588124,4.823911746199528,0.48700000000000004,0.022962761744073835,0.487,0.0,0.022917651,6.5
3.575745080950736,-1.440033248917124,6.5,306.91820242841715,4.823139211468935,0.488,0.022960986384541287,0.488,0.0,0.022917651,6.5
3.5759673635318463,-1.437402764330298,6.5,306.9774592607277,4.822366957474921,0.489,0.02295922209758998,0.489,0.0,0.022917651,6.5
3.57618960723292,-1.434772721088977,6.5,307.0358754736591,4.821594989307276,0.49,0.02295746908396735,0.49,0.0,0.022917651,6.5
3.576411811344771,-1.4321431272434677,6.5,307.0934357339999,4.820823312179583,0.49100000000000005,0.02295572754930313,0.491,0.0,0.022917651,6.5
3.5766339751408593,-1.429513991041062,6.5,307.1501243333466,4.8200519314329915,0.492,0.022953997704258645,0.492,0.0,0.022917651,6.5
3.576856097876758,-1.4268853209320984,6.5,307.2059251765562,4.819280852540155,0.493,0.02295227976468169,0.493,0.0,0.022917651,6.5
3.577078178789599,-1.4242571255762522,6.5,307.26082176977155,4.818510081109291,0.49400000000000005,0.022950573951767105,0.494,0.0,0.022917651,6.5
3.5773002170974983,-1.421629413849054,6.5,307.31479720799723,4.817739622888417,0.495,0.022948880492223413,0.495,0.0,0.022917651,6.5
3.5775222119989607,-1.4190021948486602,6.5,307.36783416220936,4.8169694837697286,0.496,0.02294719961844565,0.496,0.0,0.022917651,6.5
3.577744162672258,-1.4163754779028779,6.5,307.4199148659767,4.816199669794144,0.497,0.02294553156869483,0.497,0.0,0.022917651,6.5
3.5779660682747907,-1.4137492725764538,6.5,307.4710211015718,4.81543018715603,0.49800000000000005,0.022943876587284175,0.498,0.0,0.022917651,6.5
3.5781879279424182,-1.411123588678648,6.5,307.5211341855502,4.814661042208114,0.499,0.02294223492477251,0.499,0.0,0.022917651,6.5
3.5784097407887683,-1.408498436271098,6.5,307.5702349537727,4.81389224146656,0.5,0.022940606838165158,0.5,0.0,0.022917651,6.5
3.578720122965862,-1.4056026450794101,6.5,307.78015384364045,4.813029791204262,0.501,0.022940511017038305,0.501,0.0,0.022917651,6.5
3.579030557625934,-1.4027064715856024,6.5,307.99052788224776,4.812167168583276,0.5020000000000001,0.02294041488020339,0.502,0.0,0.022917651,6.5
3.579341045572225,-1.3998099099386128,6.5,308.20136403555915,4.811304370965684,0.503,0.022940318422828558,0.503,0.0,0.022917651,6.5
3.5796515876244515,-1.396912954167369,6.5,308.4126694124184,4.81044139565946,0.504,0.022940221639982862,0.504,0.0,0.022917651,6.5
3.579962184619233,-1.3940155981776954,6.5,308.6244512682307,4.809578239917082,0.505,0.022940124526633666,0.505,0.0,0.022917651,6.5
3.5802728374105235,-1.3911178357491214,6.5,308.8367170087593,4.808714900934088,0.506,0.022940027077644063,0.506,0.0,0.022917651,6.5
3.5805835468700664,-1.3882196605315953,6.5,309.04947419404056,4.807851375847595,0.507,0.02293992928777014,0.507,0.0,0.022917651,6.5
3.5808943138878613,-1.3853210660420927,6.5,309.26273054242233,4.806987661734765,0.508,0.022939831151658156,0.508,0.0,0.022917651,6.5
3.5812051393726425,-1.3824220456611154,6.5,309.4764939347295,4.80612375561124,0.509,0.022939732663841684,0.509,0.0,0.022917651,6.5
3.581516024252374,-1.3795225926290822,6.5,309.69077241856235,4.805259654429498,0.51,0.022939633818738602,0.51,0.0,0.022917651,6.5
3.5818269694747626,-1.3766227000426055,6.5,309.90557421273087,4.80439535507719,0.511,0.022939534610648044,0.511,0.0,0.022917651,6.5
3.582137976007786,-1.3737223608506437,6.5,310.1209077118333,4.803530854375394,0.512,0.022939435033747207,0.512,0.0,0.022917651,6.5
3.5824490448402364,-1.3708215678505336,6.5,310.33678149098006,4.802666149076831,0.5130000000000001,0.02293933508208807,0.513,0.0,0.022917651,6.5
3.582760176982282,-1.367920313683893,6.5,310.5532043106727,4.8018012358640165,0.514,0.022939234749594025,0.514,0.0,0.022917651,6.5
3.5830713734660504,-1.36501859083239,6.5,310.770185121841,4.800936111347357,0.5150000000000001,0.022939134030056377,0.515,0.0,0.022917651,6.5
3.583382635346227,-1.3621163916133725,6.5,310.98773307104557,4.80007077206317,0.5160000000000001,0.022939032917130734,0.516,0.0,0.022917651,6.5
3.583693963700675,-1.359213708175354,6.5,311.2058575058516,4.799205214471658,0.517,0.02293893140433327,0.517,0.0,0.022917651,6.5
3.584005359631075,-1.3563105324933507,6.5,311.4245679803813,4.798339434954808,0.5180000000000001,0.0229388294850369,0.518,0.0,0.022917651,6.5
3.584316824263589,-1.3534068563640633,6.5,311.6438742610508,4.7974734298142065,0.519,0.022938727152467277,0.519,0.0,0.022917651,6.5
3.5846283587495402,-1.350502671400895,6.5,311.8637863324996,4.796607195268806,0.52,0.02293862439969867,0.52,0.0,0.022917651,6.5
3.5849399642661215,-1.347597969028804,6.5,312.08431440371993,4.7957407274526,0.521,0.022938521219649753,0.521,0.0,0.022917651,6.5
3.5852516420171288,-1.3446927404789815,6.5,312.3054689143939,4.79487402241222,0.522,0.022938417605079177,0.522,0.0,0.022917651,6.5
3.5855633932337128,-1.3417869767833448,6.5,312.5272605414463,4.794007076104458,0.5230000000000001,0.022938313548581023,0.523,0.0,0.022917651,6.5
3.5858752191751617,-1.3388806687688481,6.5,312.7497002058226,4.793139884393702,0.5240000000000001,0.022938209042580128,0.524,0.0,0.022917651,6.5
3.586187121129711,-1.3359738070515905,6.5,312.9727990795001,4.792272443049273,0.525,0.022938104079327178,0.525,0.0,0.022917651,6.5
3.586499100415379,-1.3330663820307234,6.5,313.1965685927426,4.791404747742683,0.526,0.02293799865089374,0.526,0.0,0.022917651,6.5
3.5868111583808333,-1.3301583838821447,6.5,313.4210204416082,4.7905367940447965,0.5270000000000001,0.02293789274916697,0.527,0.0,0.022917651,6.5
3.5871232964062836,-1.3272498025519706,6.5,313.6461665957198,4.7896685774228756,0.528,0.022937786365844315,0.528,0.0,0.022917651,6.5
3.587435515904414,-1.32434062774978,6.5,313.8720193063109,4.788800093237542,0.5290000000000001,0.022937679492427844,0.529,0.0,0.022917651,6.5
3.587747818321342,-1.321430848941615,6.5,314.0985911145559,4.787931336739627,0.5300000000000001,0.02293757212021855,0.53,0.0,0.022917651,6.5
3.5880602051376105,-1.3185204553427337,6.5,314.3258948601989,4.787062303066889,0.5310000000000001,0.022937464240310297,0.531,0.0,0.022917651,6.5
3.5883726778692253,-1.315609435910105,6.5,314.55394369049174,4.78619298724064,0.532,0.022937355843583675,0.532,0.0,0.022917651,6.5
3.5886852380687135,-1.312697779334625,6.5,314.78275106945546,4.78532338416224,0.533,0.02293724692069953,0.533,0.0,0.022917651,6.5
3.58899788732624,-1.3097854740330597,6.5,315.0123307874782,4.784453488609453,0.5340000000000001,0.02293713746209234,0.534,0.0,0.022917651,6.5
3.5893106272707467,-1.306872508139686,6.5,315.24269697126476,4.783583295232687,0.535,0.022937027457963298,0.535,0.0,0.022917651,6.5
3.589623459571147,-1.3039588694976254,6.5,315.47386409415145,4.782712798551085,0.536,0.02293691689827316,0.536,0.0,0.022917651,6.5
3.589936385937559,-1.3010445456498638,6.5,315.70584698680415,4.781841992948474,0.537,0.022936805772734818,0.537,0.0,0.022917651,6.5
3.5902494351694085,-1.2981302154858898,6.5,315.9383394196189,4.780971672424274,0.538,0.022936694117364768,0.538,0.0,0.022917651,6.5
3.5905626293597326,-1.295216385769875,6.5,316.1711085531145,4.780102432017492,0.5390000000000001,0.022936581962034547,0.539,0.0,0.022917651,6.5
3.5908759226264597,-1.2923018216614248,6.5,316.4047348577425,4.779232853500091,0.54,0.022936469215997173,0.54,0.0,0.022917651,6.5
3.5911893169063807,-1.2893865088043073,6.5,316.6392350898673,4.778362930262533,0.5410000000000001,0.022936355867705236,0.541,0.0,0.022917651,6.5
3.5915028141870975,-1.2864704324656473,6.5,316.87462644546576,4.777492655521875,0.542,0.02293624190530838,0.542,0.0,0.022917651,6.5
3.5918164165087023,-1.2835535775234925,6.5,317.1109265746391,4.776622022316046,0.543,0.02293612731664329,0.543,0.0,0.022917651,6.5
3.5921301259655225,-1.2806359284538849,6.5,317.3481535967039,4.775751023497892,0.544,0.022936012089223298,0.544,0.0,0.022917651,6.5
3.592443944707934,-1.2777174693174116,6.5,317.5863261158882,4.774879651728988,0.545,0.022935896210227565,0.545,0.0,0.022917651,6.5
3.592757874944248,-1.2747981837452136,6.5,317.8254632376628,4.774007899473193,0.546,0.02293577966648984,0.546,0.0,0.022917651,6.5
3.5930719189426785,-1.2718780549244255,6.5,318.0655845857363,4.773135758989947,0.547,0.02293566244448672,0.547,0.0,0.022917651,6.5
3.5933860790333836,-1.2689570655830174,6.5,318.30671031974657,4.772263222327294,0.548,0.02293554453032548,0.548,0.0,0.022917651,6.5
3.5937003576105955,-1.2660351979740114,6.5,318.5488611536824,4.771390281314612,0.549,0.02293542590973138,0.549,0.0,0.022917651,6.5
3.59401475713484,-1.2631124338590456,6.5,318.79205837506936,4.770516927555051,0.5500000000000002,0.022935306568034414,0.55,0.0,0.022917651,6.5
3.5943292801352467,-1.2601887544912467,6.5,319.03632386495894,4.769643152417645,0.551,0.022935186490155586,0.551,0.0,0.022917651,6.5
3.594643929211953,-1.257264140597383,6.5,319.281680118759,4.768768947029092,0.552,0.0229350656605925,0.552,0.0,0.022917651,6.5
3.5949587070386193,-1.254338572359262,6.5,319.5281502679477,4.767894302265197,0.553,0.02293494406340443,0.553,0.0,0.022917651,6.5
3.5952736163650427,-1.251412029394331,6.5,319.7757581027156,4.767019208741933,0.554,0.02293482168219671,0.554,0.0,0.022917651,6.5
3.595588660019885,-1.248484490735444,6.5,320.0245280955808,4.766143656806131,0.555,0.022934698500104458,0.555,0.0,0.022917651,6.5
3.5959038409135284,-1.245555934809752,6.5,320.2744854260283,4.765267636525758,0.556,0.022934574499775595,0.556,0.0,0.022917651,6.5
3.5962191620410366,-1.2426263394166723,6.5,320.5256560062244,4.764391137679778,0.557,0.02293444966335312,0.557,0.0,0.022917651,6.5
3.596534626485268,-1.2396956817048879,6.5,320.77806650786164,4.7635141497475555,0.5580000000000002,0.022934323972456625,0.558,0.0,0.022917651,6.5
3.596850237420106,-1.2367639381483289,6.5,321.03174439019296,4.762636661897808,0.559,0.02293419740816296,0.559,0.0,0.022917651,6.5
3.5971659981138555,-1.233831084521083,6.5,321.2867179293167,4.761758662977045,0.56,0.022934069950986055,0.56,0.0,0.022917651,6.5
3.59748191193277,-1.230897095871177,6.5,321.54301624877814,4.760880141497502,0.5610000000000002,0.022933941580855842,0.561,0.0,0.022917651,6.5
3.597797982344753,-1.2279619464931704,6.5,321.80066935155685,4.760001085624522,0.562,0.02293381227709619,0.562,0.0,0.022917651,6.5
3.5981142129232255,-1.2250256098994998,6.5,322.0597081535146,4.759121483163363,0.563,0.022933682018401895,0.5630000000000001,0.0,0.022917651,6.5
3.5984306073511667,-1.2220880587905036,6.5,322.32016451838075,4.758241321545398,0.5640000000000001,0.022933550782814508,0.5640000000000001,0.0,0.022917651,6.5
3.5987471694253466,-1.2191492650230584,6.5,322.58207129435965,4.757360587813673,0.5650000000000001,0.022933418547697173,0.5650000000000001,0.0,0.022917651,6.5
3.5990639030607547,-1.2162091995777509,6.5,322.84546235244727,4.756479268607792,0.5660000000000002,0.02293328528970818,0.5660000000000001,0.0,0.022917651,6.5
3.59938081229524,-1.2132678325245043,6.5,323.11037262655196,4.7555973501481,0.5670000000000001,0.02293315098477332,0.5670000000000001,0.0,0.022917651,6.5
3.5996979012943613,-1.2103251329865732,6.5,323.3768381555184,4.754714818219093,0.5680000000000001,0.022933015608056953,0.5680000000000001,0.0,0.022917651,6.5
3.6000151743564865,-1.2073810691028168,6.5,323.6448961271611,4.753831658152065,0.5690000000000001,0.02293287913393162,0.5690000000000001,0.0,0.022917651,6.5
3.6003326359181194,-1.2044356079881553,6.5,323.9145849244211,4.752947854806888,0.5700000000000001,0.022932741535946273,0.5700000000000001,0.0,0.022917651,6.5
3.6006503721097576,-1.2014897618630738,6.5,324.18533664779335,4.752064766011176,0.5710000000000001,0.022932602150380767,0.5710000000000001,0.0,0.022917651,6.5
3.600968311216176,-1.198542519083406,6.5,324.4577629287837,4.751181092300157,0.5720000000000002,0.022932461575991412,0.5720000000000001,0.0,0.022917651,6.5
3.6012864520888552,-1.1955937652807038,6.5,324.73195185364045,4.7502967146327215,0.5730000000000001,0.022932319832679935,0.5730000000000001,0.0,0.022917651,6.5
3.601604799804628,-1.1926434624346929,6.5,325.0079477739067,4.74941161529596,0.5740000000000001,0.022932176891033978,0.5740000000000001,0.0,0.022917651,6.5
3.6019233596120883,-1.189691571238758,6.5,325.28579654167277,4.748525775977682,0.5750000000000001,0.022932032720646083,0.5750000000000001,0.0,0.022917651,6.5
3.6022421369389233,-1.1867380510450776,6.5,325.5655455735767,4.747639177740852,0.5760000000000001,0.022931887290071236,0.5760000000000001,0.0,0.022917651,6.5
3.602561137399614,-1.1837828598069282,6.5,325.84724391811056,4.746751800996715,0.577,0.022931740566782245,0.577,0.0,0.022917651,6.5
3.602880366803541,-1.180825954017979,6.5,326.13094232642965,4.745863625476511,0.578,0.02293159251712276,0.578,0.0,0.022917651,6.5
3.60319983116352,-1.1778672886484065,6.5,326.41669332688235,4.744974630201719,0.579,0.02293144310625787,0.579,0.0,0.022917651,6.5
3.603519536704777,-1.1749068170776142,6.5,326.70455130348853,4.744084793452704,0.5800000000000001,0.022931292298122036,0.58,0.0,0.022917651,6.5
3.603839489874419,-1.1719444910233636,6.5,326.9945725786141,4.743194092735703,0.581,0.0229311400553643,0.581,0.0,0.022917651,6.5
3.6041596973514065,-1.1689802604670767,6.5,327.28681550010543,4.742302504748028,0.582,0.022930986339290454,0.582,0.0,0.022917651,6.5
3.604480166057068,-1.166014073575075,6.5,327.5813405331659,4.741410005341371,0.583,0.022930831109802156,0.583,0.0,0.022917651,6.5
3.604800903166196,-1.163045876615492,6.5,327.87821035728035,4.740516569483093,0.584,0.02293067432533262,0.584,0.0,0.022917651,6.5
3.605121916118759,-1.1600756138705781,6.5,328.1774899685123,4.739622171215374,0.585,0.02293051594277878,0.585,0.0,0.022917651,6.5
3.6054432126322626,-1.1571032275441004,6.5,328.4792467875255,4.738726783612066,0.5860000000000001,0.022930355917429684,0.586,0.0,0.022917651,6.5
3.605764800714816,-1.1541286576635104,6.5,328.7835507737069,4.737830378733117,0.587,0.022930194202890775,0.587,0.0,0.022917651,6.5
3.6060866886789387,-1.1511518419765336,6.5,329.090474545796,4.736932927576396,0.588,0.02293003075100391,0.588,0.0,0.022917651,6.5
3.606408885156164,-1.148172715841809,6.5,329.40009350945996,4.736034400026743,0.589,0.022929865511762765,0.589,0.0,0.022917651,6.5
3.6067313991124914,-1.1451912121131673,6.5,329.7124859922824,4.73513476480206,0.59,0.022929698433223285,0.59,0.0,0.022917651,6.5
3.6070542398647447,-1.142207261017121,6.5,330.0277333866754,4.734233989396223,0.5910000000000001,0.02292952946140896,0.591,0.0,0.022917651,6.5
3.607377544374892,-1.139220968428735,6.5,330.34559448992763,4.733332727348002,0.592,0.022929358191634063,0.592,0.0,0.022917651,6.5
3.6077013131808533,-1.1362321988221065,6.5,330.6662128746164,4.732430845316898,0.593,0.022929184637441653,0.593,0.0,0.022917651,6.5
3.6080254432726173,-1.133240697185472,6.5,330.98998306435044,4.731527676422517,0.5940000000000001,0.022929009064246775,0.594,0.0,0.022917651,6.5
3.6083499458775394,-1.130246378617964,6.5,331.3170030049734,4.730623180674156,0.595,0.022928831409306683,0.595,0.0,0.022917651,6.5
3.608674832693051,-1.1272491546640406,6.5,331.6473747431764,4.729717316406755,0.5960000000000001,0.022928651607251688,0.596,0.0,0.022917651,6.5
3.609000115911518,-1.1242489331254832,6.5,331.98120464338854,4.72881004019235,0.597,0.022928469589946213,0.597,0.0,0.022917651,6.5
3.609325808246697,-1.1212456178613315,6.5,332.31860361858037,4.727901306745833,0.598,0.022928285286340954,0.598,0.0,0.022917651,6.5
3.6096519229619046,-1.1182391085748482,6.5,332.6596873760322,4.726991068824611,0.599,0.022928098622315436,0.599,0.0,0.022917651,6.5
3.609978473900046,-1.1152293005865206,6.5,333.00457667921165,4.726079277121677,0.6,0.022927909520510267,0.6,0.0,0.022917651,6.5
3.610354055416501,-1.112310800988952,6.5,333.1764296143091,4.725332571696736,0.601,0.022927900106088427,0.601,0.0,0.022917651,6.5
3.610729763291062,-1.109391382146073,6.5,333.34946111474994,4.724585452447499,0.602,0.022927890634095,0.602,0.0,0.022917651,6.5
3.6111055994020353,-1.1064710303933516,6.5,333.5236886998444,4.723837913222494,0.603,0.02292788110367418,0.603,0.0,0.022917651,6.5
3.611481565665141,-1.1035497317940772,6.5,333.69913023786285,4.723089947747713,0.6040000000000001,0.022927871513953126,0.604,0.0,0.022917651,6.5
3.6118576640344484,-1.1006274721325502,6.5,333.87580395476874,4.7223415496235575,0.605,0.022927861864041516,0.605,0.0,0.022917651,6.5
3.61223389650334,-1.0977042369070649,6.5,334.0537284432131,4.721592712321675,0.6060000000000001,0.022927852153031125,0.606,0.0,0.022917651,6.5
3.6126102651055065,-1.0947800113226815,6.5,334.23292267180375,4.720843429181703,0.607,0.02292784237999536,0.607,0.0,0.022917651,6.5
3.61298677191597,-1.0918547802837755,6.5,334.4134059946557,4.720093693407921,0.608,0.022927832543988783,0.608,0.0,0.022917651,6.5
3.6133634190521406,-1.0889285283863614,6.5,334.5951981612348,4.719343498065787,0.6090000000000001,0.022927822644046664,0.609,0.0,0.022917651,6.5
3.613740473318568,-1.086000942401915,6.5,334.7780614686302,4.718593596767819,0.61,0.022927812643527126,0.61,0.0,0.022917651,6.5
3.6141177295440734,-1.0830722367768377,6.5,334.96222217723556,4.717843383584816,0.6110000000000001,0.022927802571505666,0.611,0.0,0.022917651,6.5
3.6144951327325163,-1.0801424592387014,6.5,335.14775739578414,4.7170926863426885,0.612,0.022927792434915405,0.612,0.0,0.022917651,6.5
3.614872685173831,-1.0772115930852548,6.5,335.33468854150755,4.716341497498967,0.613,0.022927782232750257,0.613,0.0,0.022917651,6.5
3.615250389205777,-1.0742796212654355,6.5,335.52303747891676,4.715589809353657,0.614,0.022927771963983132,0.614,0.0,0.022917651,6.5
3.615628247215191,-1.0713465263702164,6.5,335.71282653154,4.714837614045113,0.615,0.02292776162756534,0.615,0.0,0.022917651,6.5
3.6160062616392836,-1.0684122906231615,6.5,335.9040784940317,4.714084903545778,0.6160000000000002,0.022927751222426105,0.616,0.0,0.022917651,6.5
3.6163844349669727,-1.0654768958706822,6.5,336.0968166446671,4.7133316696577765,0.617,0.02292774074747189,0.617,0.0,0.022917651,6.5
3.616762769740265,-1.0625403235719832,6.5,336.29106475823664,4.7125779040083735,0.6180000000000001,0.022927730201585866,0.618,0.0,0.022917651,6.5
3.617141268555677,-1.0596025547886814,6.5,336.4868471193548,4.711823598045294,0.619,0.02292771958362724,0.619,0.0,0.022917651,6.5
3.617519934065706,-1.0566635701740932,6.5,336.6841885361995,4.7110687430318805,0.6200000000000001,0.022927708892430624,0.62,0.0,0.022917651,6.5
3.617898768980344,-1.0537233499621688,6.5,336.88311435469836,4.7103133300420925,0.6210000000000001,0.02292769812680537,0.621,0.0,0.022917651,6.5
3.618277776068646,-1.0507818739560704,6.5,337.0836504731788,4.709557349955355,0.622,0.022927687285534886,0.622,0.0,0.022917651,6.5
3.6186569581603507,-1.0478391215163694,6.5,337.28582335749905,4.708800793451228,0.6230000000000001,0.022927676367375915,0.623,0.0,0.022917651,6.5
3.6190363181475425,-1.044895071548858,6.5,337.4896600566801,4.708043651003897,0.6240000000000001,0.022927665371057806,0.624,0.0,0.022917651,6.5
3.61941585898639,-1.0419497024919522,6.5,337.6951882190567,4.707285912876487,0.625,0.022927654295281753,0.625,0.0,0.022917651,6.5
3.619795583698922,-1.0390029923036768,6.5,337.9024361089686,4.706527569115191,0.6260000000000001,0.022927643138720005,0.626,0.0,0.022917651,6.5
3.6201756166615557,-1.0360550877669723,6.5,338.1110904800975,4.705769265512069,0.6270000000000001,0.022927631861659158,0.627,0.0,0.022917651,6.5
3.6205558442255947,-1.0331057969116149,6.5,338.32150957075453,4.7050103540651484,0.628,0.022927620500591314,0.628,0.0,0.022917651,6.5
3.62093626574794,-1.030155090507137,6.5,338.5337345894863,4.704250802923853,0.629,0.022927609055352148,0.629,0.0,0.022917651,6.5
3.6213168845511,-1.027202944305162,6.5,338.7477964718669,4.703490601130211,0.6300000000000001,0.022927597524499816,0.63,0.0,0.022917651,6.5
3.6216977040339047,-1.0242493335002991,6.5,338.96372686409677,4.702729737474532,0.6310000000000001,0.022927585906559352,0.631,0.0,0.022917651,6.5
3.6220787276737108,-1.0212942327140573,6.5,339.1815581435264,4.7019682004881345,0.632,0.022927574200021682,0.632,0.0,0.022917651,6.5
3.6224599590286823,-1.0183376159781972,6.5,339.40132343989353,4.70120597843583,0.633,0.022927562403342695,0.633,0.0,0.022917651,6.5
3.6228414017401516,-1.0153794567175025,6.5,339.6230566573069,4.700443059308134,0.6340000000000001,0.02292755051494218,0.634,0.0,0.022917651,6.5
3.623223059535061,-1.0124197277319382,6.5,339.84679249700326,4.6996794308132035,0.6350000000000001,0.02292753853320276,0.635,0.0,0.022917651,6.5
3.6236049362285003,-1.0094584011781822,6.5,340.0725664809137,4.698915080368487,0.6360000000000001,0.022927526456468825,0.636,0.0,0.022917651,6.5
3.6239870357263197,-1.0064954485504924,6.5,340.3004149760692,4.698149995092086,0.637,0.022927514283045364,0.637,0.0,0.022917651,6.5
3.624369362027852,-1.0035308406608914,6.5,340.5303752198839,4.697384161793793,0.638,0.022927502011196803,0.638,0.0,0.022917651,6.5
3.6247519192287223,-1.0005645476186318,6.5,340.76248534635016,4.6966175669658154,0.639,0.022927489639145784,0.639,0.0,0.022917651,6.5
3.6251347115237644,-0.997596538808918,6.5,340.99678441318633,4.69585019677316,0.64,0.02292747716507188,0.64,0.0,0.022917651,6.5
3.6255178485217394,-0.9946266252615673,6.5,341.2330435819716,4.695082299566987,0.6410000000000001,0.022927464578248805,0.641,0.0,0.022917651,6.5
3.6259012586761536,-0.9916548856360435,6.5,341.4715004627675,4.694313668572827,0.642,0.022927451883748298,0.642,0.0,0.022917651,6.5
3.626284919412991,-0.9886813270986854,6.5,341.7122666927333,4.693544220941149,0.643,0.02292743908196756,0.643,0.0,0.022917651,6.5
3.626668835409331,-0.9857059156998204,6.5,341.95538537546906,4.6927739414295555,0.644,0.02292742617090423,0.644,0.0,0.022917651,6.5
3.627053011459374,-0.9827286166396001,6.5,342.20090069398526,4.6920028144139465,0.645,0.02292741314850579,0.645,0.0,0.022917651,6.5
3.627437452478136,-0.97974939424122,6.5,342.44885794470446,4.691230823876492,0.6460000000000001,0.022927400012668023,0.646,0.0,0.022917651,6.5
3.627822163505276,-0.9767682119231197,6.5,342.6993035727562,4.690457953393157,0.647,0.022927386761233317,0.647,0.0,0.022917651,6.5
3.6282071497090747,-0.9737850321701204,6.5,342.95228520862275,4.689684186120738,0.648,0.022927373391989015,0.648,0.0,0.022917651,6.5
3.6285924163905596,-0.9707998165034482,6.5,343.20785170619723,4.688909504783406,0.6489999999999999,0.02292735990266562,0.649,0.0,0.022917651,6.5
3.6289779689878,-0.9678125254495965,6.5,343.4660531823173,4.688133891658724,0.65,0.022927346290934972,0.65,0.0,0.022917651,6.5
3.62936381308036,-0.9648231185079734,6.5,343.7269410578416,4.687357328563129,0.6510000000000001,0.022927332554408316,0.651,0.0,0.022917651,6.5
3.6297499543939344,-0.9618315541172774,6.5,343.99056810034045,4.686579796836825,0.652,0.022927318690634368,0.652,0.0,0.022917651,6.5
3.6301364903240336,-0.9588376155294884,6.5,344.2567362620633,4.685801468569396,0.653,0.02292730456674533,0.653,0.0,0.022917651,6.5
3.630523371121058,-0.9558413613065476,6.5,344.5256583429011,4.685022203851187,0.6540000000000001,0.022927290265653703,0.654,0.0,0.022917651,6.5
3.6309105687725305,-0.952842810841879,6.5,344.7974864060611,4.68424191031566,0.655,0.022927275834520856,0.655,0.0,0.022917651,6.5
3.6312980896784466,-0.9498419177547675,6.5,345.07227914812455,4.683460567182219,0.6560000000000001,0.022927261270720138,0.656,0.0,0.022917651,6.5
3.6316859404123303,-0.9468386344069337,6.5,345.35009685716767,4.6826781531068145,0.657,0.02292724657155369,0.657,0.0,0.022917651,6.5
3.6320741277271567,-0.9438329118596227,6.5,345.6310014670697,4.681894646162734,0.658,0.022927231734250007,0.658,0.0,0.022917651,6.5
3.6324626585615154,-0.9408246998289206,6.5,345.9150566140595,4.68111002382057,0.659,0.022927216755961394,0.659,0.0,0.022917651,6.5
3.632851540046036,-0.9378139466392187,6.5,346.20232769560994,4.680324262927377,0.66,0.022927201633761354,0.66,0.0,0.022917651,6.5
3.633240779510074,-0.9348005991747298,6.5,346.49288193179456,4.6795373396849484,0.6610000000000001,0.022927186364641812,0.661,0.0,0.022917651,6.5
3.6336303844886855,-0.9317846028289662,6.5,346.78678842922636,4.67874922962717,0.662,0.022927170945510292,0.662,0.0,0.022917651,6.5
3.6340204408257146,-0.9287655458433627,6.5,347.0840722235511,4.677959865532237,0.663,0.022927155285002075,0.663,0.0,0.022917651,6.5
3.634411036161825,-0.9257430090623058,6.5,347.3847606989834,4.677169180019167,0.664,0.022927139288245715,0.664,0.0,0.022917651,6.5
3.6348020198497313,-0.9227176572206818,6.5,347.6890228964862,4.676377232886944,0.6650000000000001,0.022927123130346932,0.665,0.0,0.022917651,6.5
3.6351934002439967,-0.9196894297584193,6.5,347.99693569712696,4.675583996994504,0.666,0.022927106807839083,0.666,0.0,0.022917651,6.5
3.635585185940563,-0.9166582643658059,6.5,348.3085782031457,4.674789444416645,0.667,0.022927090317155376,0.667,0.0,0.022917651,6.5
3.6359773857855195,-0.9136240969198401,6.5,348.6240318187538,4.673993546415514,0.6680000000000001,0.022927073654625225,0.668,0.0,0.022917651,6.5
3.6363700088842767,-0.9105868614177876,6.5,348.9433803344847,4.673196273410815,0.6689999999999999,0.02292705681647043,0.669,0.0,0.022917651,6.5
3.6367630646111357,-0.9075464899077943,6.5,349.2667100152825,4.672397594948726,0.67,0.022927039798801233,0.67,0.0,0.022917651,6.5
3.637156562619287,-0.9045029124164009,6.5,349.5941096925201,4.671597479669404,0.6710000000000002,0.022927022597612142,0.671,0.0,0.022917651,6.5
3.637550564068189,-0.9014558545925696,6.5,349.92556771986557,4.670795897302288,0.672,0.022927005243944396,0.672,0.0,0.022917651,6.5
3.637945146574233,-0.8984049726943604,6.5,350.26104798392134,4.669992813869592,0.673,0.022926987784454445,0.673,0.0,0.022917651,6.5
3.638340205212189,-0.895350644339928,6.5,350.600883321089,4.6691881885661966,0.674,0.022926970138051395,0.674,0.0,0.022917651,6.5
3.6387357509547926,-0.8922927901036842,6.5,350.94517409656095,4.6683819858587965,0.675,0.022926952300427732,0.675,0.0,0.022917651,6.5
3.639131795114556,-0.8892313281006027,6.5,351.2940237833699,4.667574169113781,0.676,0.022926934267142533,0.676,0.0,0.022917651,6.5
3.639528349357018,-0.8861661738902799,6.5,351.64753908362025,4.6667647005543245,0.677,0.02292691603361632,0.677,0.0,0.022917651,6.5
3.6399254257146247,-0.8830972403764685,6.5,352.0058300554409,4.665953541215431,0.6780000000000002,0.02292689759512556,0.678,0.0,0.022917651,6.5
3.6403230366012727,-0.8800244377018359,6.5,352.3690102459738,4.665140650896852,0.679,0.022926878946796996,0.679,0.0,0.022917651,6.5
3.640721288175853,-0.8769473468940191,6.5,352.73707329008084,4.664326034227679,0.68,0.022926860010776165,0.68,0.0,0.022917651,6.5
3.641120258362548,-0.8738656501249235,6.5,353.11006348304267,4.663509684301976,0.6810000000000002,0.022926840729081816,0.681,0.0,0.022917651,6.5
3.641519809022168,-0.8707797809193186,6.5,353.48831110291127,4.662691483745725,0.682,0.022926821213671813,0.682,0.0,0.022917651,6.5
3.6419199544342282,-0.8676896366361115,6.5,353.87194548132334,4.66187138703379,0.683,0.02292680145879678,0.683,0.0,0.022917651,6.5
3.6423207093504826,-0.8645951112397757,6.5,354.26110022703034,4.661049347135476,0.6840000000000002,0.02292678145851724,0.684,0.0,0.022917651,6.5
3.642722089014604,-0.8614960951588586,6.5,354.65591340418274,4.660225315451776,0.685,0.022926761206695623,0.685,0.0,0.022917651,6.5
3.643124109182866,-0.8583924751373544,6.5,355.0565277196066,4.659399241749446,0.6860000000000002,0.02292674069698799,0.686,0.0,0.022917651,6.5
3.6435268435253763,-0.8552836702006589,6.5,355.46299584283906,4.658570839787485,0.687,0.02292671990782788,0.687,0.0,0.022917651,6.5
3.643930352319756,-0.8521692030973639,6.5,355.8754032216526,4.657739873492631,0.6880000000000001,0.02292669882497231,0.6880000000000001,0.0,0.022917651,6.5
3.644334553790697,-0.8490497480549795,6.5,356.29407404091205,4.65690668990639,0.6890000000000002,0.02292667746928017,0.6890000000000001,0.0,0.022917651,6.5
3.644739466013717,-0.845925174912339,6.5,356.7191717462211,4.656071231168144,0.6900000000000001,0.02292665583363172,0.6900000000000001,0.0,0.022917651,6.5
3.645145107698767,-0.8427953489397655,6.5,357.15086551994057,4.6552334373864355,0.6910000000000001,0.02292663391065736,0.6910000000000001,0.0,0.022917651,6.5
3.6455514982183077,-0.8396601306368593,6.5,357.5893305351084,4.654393246549072,0.6920000000000001,0.022926611692726518,0.6920000000000001,0.0,0.022917651,6.5
3.6459587586353703,-0.8365191272837631,6.5,358.03470255743537,4.653550751011958,0.6930000000000002,0.022926589201199596,0.6930000000000001,0.0,0.022917651,6.5
3.646367577953751,-0.8333705607843059,6.5,358.48688034156663,4.652706934180582,0.6940000000000002,0.02292656663167092,0.6940000000000001,0.0,0.022917651,6.5
3.6467772331038772,-0.8302161173367811,6.5,358.946406554613,4.651860583910705,0.6950000000000001,0.022926543768246415,0.6950000000000001,0.0,0.022917651,6.5
3.64718774718625,-0.8270556345156135,6.5,359.41348429055745,4.651011630183802,0.6960000000000002,0.022926520602803473,0.6960000000000001,0.0,0.022917651,6.5
3.6475991441605475,-0.8238889438541396,6.5,359.8883241970504,4.65016000037716,0.6970000000000001,0.022926497126917363,0.6970000000000001,0.0,0.022917651,6.5
3.648011448885944,-0.8207158705611134,6.5,360.3711448298851,4.649305619141656,0.6980000000000001,0.02292647333184708,0.6980000000000001,0.0,0.022917651,6.5
3.6484250298868717,-0.8175347627829003,6.5,360.86202377174453,4.648448303407775,0.6990000000000002,0.022926449023078017,0.6990000000000001,0.0,0.022917651,6.5
3.648839876148362,-0.8143455974774889,6.5,361.36125811505065,4.647587986609707,0.7,0.022926424218123787,0.7000000000000001,0.0,0.022917651,6.5
3.6492586575843036,-0.8115464321608469,6.5,361.6371848608967,4.647043863742686,0.7010000000000002,0.022926422328872695,0.7010000000000001,0.0,0.022917651,6.5
3.649677675216118,-0.8087456406531256,6.5,361.91523003401517,4.64649905948889,0.7020000000000001,0.022926420426868203,0.7020000000000001,0.0,0.022917651,6.5
3.650096932449577,-0.805943199505855,6.5,362.19542418055704,4.645953564023224,0.7030000000000001,0.02292641851192643,0.7030000000000001,0.0,0.022917651,6.5
3.6505164327562425,-0.8031390848175758,6.5,362.4777984367802,4.645407367330793,0.7039999999999998,0.022926416583859917,0.704,0.0,0.022917651,6.5
3.6509361796750714,-0.8003332722228452,6.5,362.762384543368,4.644860459202283,0.705,0.022926414642477577,0.705,0.0,0.022917651,6.5
3.65135620172591,-0.7975256534010844,6.5,363.0492065311285,4.644312845822314,0.706,0.022926412685726233,0.706,0.0,0.022917651,6.5
3.6517766795936333,-0.7947156011622111,6.5,363.3382453790802,4.6437646258003635,0.7070000000000001,0.022926410700669243,0.707,0.0,0.022917651,6.5
3.6521974110216746,-0.7919037729012931,6.5,363.6296093580092,4.643215644017335,0.7080000000000001,0.022926408702854797,0.708,0.0,0.022917651,6.5
3.652618399752792,-0.7890901424027909,6.5,363.92333278875276,4.642665889229013,0.709,0.022926406692094576,0.709,0.0,0.022917651,6.5
3.65303964960377,-0.7862746829326631,6.5,364.2194506709596,4.642115349968786,0.71,0.02292640466819656,0.71,0.0,0.022917651,6.5
3.653461164467256,-0.7834573672254842,6.5,364.51799869995546,4.6415640145421255,0.711,0.022926402630964886,0.711,0.0,0.022917651,6.5
3.653882948313659,-0.7806381674711756,6.5,364.8190132841146,4.641011871020895,0.712,0.022926400580199794,0.712,0.0,0.022917651,6.5
3.6543050051930983,-0.777817055301338,6.5,365.1225315627533,4.640458907237486,0.7130000000000001,0.02292639851569751,0.713,0.0,0.022917651,6.5
3.6547273999100582,-0.7749935877168468,6.5,365.42857536020955,4.639904939267308,0.7140000000000001,0.02292639649145485,0.714,0.0,0.022917651,6.5
3.6551502310718695,-0.7721670917288123,6.5,365.73716503051196,4.639349688261876,0.715,0.022926394590641084,0.715,0.0,0.022917651,6.5
3.6555733480243138,-0.7693385951121267,6.5,366.0483848029638,4.63879357970856,0.7159999999999999,0.022926392674065807,0.716,0.0,0.022917651,6.5
3.6559967551421892,-0.766508067241753,6.5,366.3622749383984,4.638236600480267,0.717,0.022926390741487737,0.717,0.0,0.022917651,6.5
3.656420456890045,-0.7636754768643825,6.5,366.6788765235979,4.637678737180604,0.7180000000000001,0.022926388792660662,0.718,0.0,0.022917651,6.5
3.65684445782449,-0.7608407920822414,6.5,366.9982314925833,4.637119976136933,0.719,0.02292638682733327,0.719,0.0,0.022917651,6.5
3.6572687625965825,-0.7580039803363925,6.5,367.320382648566,4.636560303393219,0.7200000000000001,0.022926384845249063,0.72,0.0,0.022917651,6.5
3.6576933816775536,-0.7551649552266319,6.5,367.64536171060473,4.635999674434153,0.7209999999999999,0.022926382833417625,0.721,0.0,0.022917651,6.5
3.658118402808058,-0.7523229288117776,6.5,367.97304254643177,4.635437652393503,0.722,0.022926380614358113,0.722,0.0,0.022917651,6.5
3.658543747269445,-0.7494786580995552,6.5,368.30364842494487,4.63487467946907,0.723,0.022926378380361972,0.723,0.0,0.022917651,6.5
3.658969420220399,-0.7466321072826209,6.5,368.63722601465224,4.634310740489682,0.724,0.022926376131190897,0.724,0.0,0.022917651,6.5
3.6593954269299305,-0.7437832397878248,6.5,368.9738229821528,4.6337458199597,0.7250000000000001,0.02292637386660148,0.725,0.0,0.022917651,6.5
3.6598217727803455,-0.7409320182556298,6.5,369.31348801896297,4.633179902050308,0.726,0.022926371586345074,0.726,0.0,0.022917651,6.5
3.6602484632703036,-0.7380784045188602,6.5,369.65627086921205,4.632612970590497,0.727,0.02292636929016767,0.727,0.0,0.022917651,6.5
3.6606755465198786,-0.735221772038481,6.5,370.0022660162288,4.632044590427181,0.728,0.02292636696643065,0.728,0.0,0.022917651,6.5
3.6611030541887923,-0.7323616527533567,6.5,370.351569708748,4.631474419249446,0.729,0.02292636460480772,0.729,0.0,0.022917651,6.5
3.661530916221335,-0.7294990215081565,6.5,370.7041652772876,4.6309031535304355,0.73,0.022926362223840552,0.73,0.0,0.022917651,6.5
3.6619591384435233,-0.7266338370042895,6.5,371.0601068428673,4.630330775275038,0.7310000000000001,0.0229263598232111,0.731,0.0,0.022917651,6.5
3.6623877268097877,-0.7237660570328681,6.5,371.41944971943354,4.62975726609149,0.7319999999999999,0.022926357402594317,0.732,0.0,0.022917651,6.5
3.662816687406534,-0.7208956384494879,6.5,371.78225044690953,4.629182607180397,0.7329999999999999,0.022926354961657965,0.733,0.0,0.022917651,6.5
3.663246076728248,-0.7180222603167219,6.5,372.14858890236184,4.628606704013708,0.734,0.02292635250005178,0.734,0.0,0.022917651,6.5
3.6636761393711237,-0.715144567325468,6.5,372.5186386684963,4.62802918175655,0.735,0.022926350017352347,0.735,0.0,0.022917651,6.5
3.664106592085646,-0.7122641102465715,6.5,372.89234017464247,4.627450455723538,0.736,0.022926347513247656,0.736,0.0,0.022917651,6.5
3.6645374414576377,-0.7093808424122092,6.5,373.269755075414,4.626870505590571,0.737,0.022926344987376314,0.737,0.0,0.022917651,6.5
3.66496869422202,-0.7064947160980498,6.5,373.65094642121835,4.6262893105734335,0.738,0.02292634243936873,0.738,0.0,0.022917651,6.5
3.6654003572670497,-0.7036056824931847,6.5,374.03597869797954,4.625706849414695,0.739,0.022926339868846925,0.739,0.0,0.022917651,6.5
3.6658324751951983,-0.7007131034467028,6.5,374.42489833872276,4.625122662179287,0.7400000000000001,0.022926337292796747,0.74,0.0,0.022917651,6.5
3.666265084072978,-0.6978164828969162,6.5,374.81776156675346,4.6245363968932764,0.741,0.022926334725575023,0.741,0.0,0.022917651,6.5
3.666698126415476,-0.694916787861899,6.5,375.2146729946606,4.6239487909572325,0.7420000000000001,0.02292633213745476,0.742,0.0,0.022917651,6.5
3.6671316097996898,-0.6920139645994001,6.5,375.6157033853059,4.623359820936486,0.7430000000000001,0.022926329528070652,0.743,0.0,0.022917651,6.5
3.667565541980249,-0.6891079581072694,6.5,376.02092516047105,4.622769462846973,0.744,0.022926326897048824,0.744,0.0,0.022917651,6.5
3.667999930894648,-0.6861987120863187,6.5,376.43041244975797,4.622177692139058,0.7450000000000001,0.022926324244006598,0.745,0.0,0.022917651,6.5
3.6684346350273187,-0.6832851407566003,6.5,376.8440940481875,4.621582856224979,0.7460000000000001,0.022926321578340406,0.746,0.0,0.022917651,6.5
3.6688698081740174,-0.6803681458558112,6.5,377.26218939513603,4.620986472718224,0.7470000000000001,0.022926318890893575,0.747,0.0,0.022917651,6.5
3.669305465268898,-0.6774477090586254,6.5,377.6847845913005,4.620388583060175,0.748,0.022926316180865852,0.748,0.0,0.022917651,6.5
3.669741615112999,-0.674523767771025,6.5,378.11196147053374,4.619789159860105,0.7490000000000001,0.022926313447846566,0.749,0.0,0.022917651,6.5
3.6701782667220657,-0.6715962578719626,6.5,378.5438038630882,4.61918817505906,0.75,0.022926310691415056,0.75,0.0,0.022917651,6.5
3.6706156328884916,-0.668663388212492,6.5,378.9806335806058,4.618584691676183,0.751,0.022926307866739586,0.751,0.0,0.022917651,6.5
3.6710535438063063,-0.6657266048928587,6.5,379.42234551729894,4.617979474078181,0.752,0.022926305010684038,0.752,0.0,0.022917651,6.5
3.671491982123935,-0.662786067645096,6.5,379.86899917964547,4.617372612202875,0.753,0.022926302128540636,0.753,0.0,0.022917651,6.5
3.6719309576645025,-0.6598417065501345,6.5,380.3206866101267,4.616764075424653,0.7540000000000001,0.022926299219823483,0.754,0.0,0.022917651,6.5
3.672370515010921,-0.6568931577741378,6.5,380.77748968847317,4.616153677663802,0.7550000000000001,0.022926296275852482,0.755,0.0,0.022917651,6.5
3.6728108757925773,-0.6539385693156989,6.5,381.2394324180274,4.615540449954706,0.756,0.022926293245638964,0.756,0.0,0.022917651,6.5
3.6732518100381464,-0.6509799103768474,6.5,381.7067038185849,4.614925445694796,0.7569999999999999,0.022926290185379082,0.757,0.0,0.022917651,6.5
3.673693328717874,-0.6480171030901318,6.5,382.17940582652363,4.614308630899023,0.758,0.022926287094498066,0.758,0.0,0.022917651,6.5
3.674135443083614,-0.6450500675892371,6.5,382.6576429949368,4.613689970709935,0.759,0.022926283972406376,0.759,0.0,0.022917651,6.5
3.674578249008123,-0.6420775419116894,6.5,383.1415665269665,4.613068586515838,0.76,0.022926280703835795,0.76,0.0,0.022917651,6.5
3.675021718553552,-0.6390999942339411,6.5,383.6312721891339,4.6124448346439655,0.761,0.022926277347388942,0.761,0.0,0.022917651,6.5
3.6754658194746055,-0.6361179584243862,6.5,384.1268510951749,4.611819120019548,0.762,0.022926273963951745,0.762,0.0,0.022917651,6.5
3.6759105642268755,-0.6331313459424781,6.5,384.62841911072053,4.611191403921978,0.763,0.02292627055299175,0.763,0.0,0.022917651,6.5
3.676356257490508,-0.6301388086884032,6.5,385.13639775754444,4.6105615585807636,0.7640000000000001,0.02292626719429147,0.764,0.0,0.022917651,6.5
3.676802971803472,-0.6271399421289052,6.5,385.6509961558692,4.609929470161067,0.7650000000000001,0.022926263903878405,0.765,0.0,0.022917651,6.5
3.6772503456371806,-0.624136243506395,6.5,386.1719598689884,4.609295187809792,0.7660000000000001,0.02292626057812911,0.766,0.0,0.022917651,6.5
3.6776983921365347,-0.6211276165130779,6.5,386.69941576392034,4.60865866779971,0.767,0.022926257216339306,0.767,0.0,0.022917651,6.5
3.6781473722592546,-0.6181124671041508,6.5,387.23362862108473,4.608019359727743,0.768,0.022926253813453108,0.768,0.0,0.022917651,6.5
3.6785973228254774,-0.6150905616488771,6.5,387.7747506147624,4.607377177213502,0.7690000000000001,0.02292625036807868,0.769,0.0,0.022917651,6.5
3.679047987733603,-0.6120634318089098,6.5,388.3227737947177,4.606732627715846,0.77,0.022926246884096137,0.77,0.0,0.022917651,6.5
3.6794993815251504,-0.6090309712339309,6.5,388.87783864512187,4.606085663051223,0.7710000000000001,0.022926243360719523,0.771,0.0,0.022917651,6.5
3.6799518284030803,-0.6059910154308148,6.5,389.4403477415665,4.605435415929054,0.772,0.022926239710828255,0.772,0.0,0.022917651,6.5
3.68040513431774,-0.6029447669651044,6.5,390.01028847909373,4.604782312508004,0.7730000000000001,0.02292623599381241,0.773,0.0,0.022917651,6.5
3.680859202214117,-0.5998928470338718,6.5,390.587720494746,4.60412658563325,0.7739999999999999,0.02292623224059334,0.774,0.0,0.022917651,6.5
3.6813140829892057,-0.596834695852785,6.5,391.17284280001866,4.603467877778329,0.775,0.02292622846273389,0.775,0.0,0.022917651,6.5
3.6817699036671216,-0.5937688006917754,6.5,391.76595642565354,4.6028051799639815,0.7760000000000001,0.022926224695792835,0.776,0.0,0.022917651,6.5
3.682226534960043,-0.5906968797810345,6.5,392.36704717204213,4.60213969871415,0.777,0.022926220885940467,0.777,0.0,0.022917651,6.5
3.682683993994918,-0.5876188058064905,6.5,392.9762835824812,4.6014713752194725,0.778,0.022926217032270137,0.778,0.0,0.022917651,6.5
3.6831424833228312,-0.5845321389655598,6.5,393.59391694592773,4.600798586206866,0.7790000000000001,0.022926213145384424,0.779,0.0,0.022917651,6.5
3.683601874855285,-0.581438540379789,6.5,394.22007293726216,4.600122475533729,0.7800000000000001,0.02292620921440202,0.78,0.0,0.022917651,6.5
3.6840621489261784,-0.5783383462829923,6.5,394.8549198703436,4.5994432994665635,0.7810000000000001,0.022926205235853862,0.781,0.0,0.022917651,6.5
3.684523483905192,-0.5752295955412807,6.5,395.4986842130804,4.5987598082933605,0.782,0.02292620117819085,0.782,0.0,0.022917651,6.5
3.684985840635629,-0.5721128540996828,6.5,396.15155754064773,4.598072412142729,0.7830000000000001,0.022926197063023488,0.783,0.0,0.022917651,6.5
3.685449146805456,-0.5689890383238967,6.5,396.81372121384925,4.597381739340962,0.7839999999999999,0.022926192909888142,0.784,0.0,0.022917651,6.5
3.6859136658347333,-0.565856057371947,6.5,397.48562083078417,4.596686755006839,0.785,0.02292618870146196,0.785,0.0,0.022917651,6.5
3.68637934119844,-0.5627143275293621,6.5,398.167393386611,4.5959876489534475,0.786,0.02292618442931998,0.786,0.0,0.022917651,6.5
3.686846018301198,-0.5595650808198108,6.5,398.85908239027276,4.595285033261506,0.787,0.022926180100883417,0.787,0.0,0.022917651,6.5
3.687313884068066,-0.5564062512023141,6.5,399.56099032438016,4.594577586266353,0.788,0.022926175705303656,0.788,0.0,0.022917651,6.5
3.687782879186827,-0.55323864627703,6.5,400.27331749996824,4.593865879794385,0.789,0.02292617125835141,0.789,0.0,0.022917651,6.5
3.6882529517014935,-0.550062968663027,6.5,400.9962668408604,4.59315041014203,0.79,0.02292616676573071,0.79,0.0,0.022917651,6.5
3.688724296762005,-0.5468763136410869,6.5,401.730302212798,4.592429049620913,0.791,0.022926162340023645,0.791,0.0,0.022917651,6.5
3.68919679049547,-0.5436809089044712,6.5,402.47549767957946,4.591703533490337,0.792,0.02292615786793093,0.792,0.0,0.022917651,6.5
3.68967068559328,-0.5404755339354461,6.5,403.2320933897333,4.590973655285007,0.793,0.022926153371440567,0.793,0.0,0.022917651,6.5
3.6901464672342916,-0.5372575885694366,6.5,404.00038082800046,4.590238761180741,0.7940000000000002,0.022926148915724486,0.794,0.0,0.022917651,6.5
3.690623490889012,-0.5340304483671674,6.5,404.78065351772676,4.5894996404746955,0.7949999999999999,0.022926144402866083,0.795,0.0,0.022917651,6.5
3.6911008894542143,-0.5307931849074586,6.5,405.57360440503066,4.588751891043998,0.796,0.022926139457694096,0.796,0.0,0.022917651,6.5
3.691579212149885,-0.5275461595281433,6.5,406.37920533252856,4.587998074298914,0.797,0.022926134316989626,0.797,0.0,0.022917651,6.5
3.6920591411207333,-0.5242881545201798,6.5,407.1976525984456,4.5872397046062146,0.7980000000000002,0.022926129196237762,0.798,0.0,0.022917651,6.5
3.6925411685451657,-0.5210172733079639,6.5,408.0293414054172,4.5864768564243255,0.799,0.022926124210544352,0.799,0.0,0.022917651,6.5
3.693024552879832,-0.5177361446367056,6.5,408.874492255608,4.585709188653493,0.8000000000000002,0.02292611916916155,0.8,0.0,0.022917651,6.5
3.69341055584663,-0.5150782215887528,6.5,409.1890085354663,4.585106798291287,0.801,0.022926118551109275,0.801,0.0,0.022917651,6.5
3.6937967047455618,-0.5124179527382391,6.5,409.5067483739725,4.584502645498449,0.8020000000000002,0.022926117926955272,0.802,0.0,0.022917651,6.5
3.6941829958926826,-0.5097554307788995,6.5,409.82774668976333,4.583896808551926,0.803,0.022926117296820148,0.803,0.0,0.022917651,6.5
3.6945694310173076,-0.507090628319645,6.5,410.15204309621174,4.583289266977432,0.804,0.022926116660631206,0.804,0.0,0.022917651,6.5
3.694956023764343,-0.5044230497712757,6.5,410.47971962900766,4.582679582794182,0.805,0.02292611601760975,0.805,0.0,0.022917651,6.5
3.695342786131435,-0.5017522888909809,6.5,410.8108504522921,4.582067400126271,0.8060000000000002,0.022926115367113337,0.806,0.0,0.022917651,6.5
3.69572969906593,-0.49907914973068346,6.5,411.14540259102876,4.581453441386271,0.807,0.022926114710321476,0.807,0.0,0.022917651,6.5
3.6961167644325634,-0.4964036028360593,6.5,411.48341841724084,4.580837684578033,0.808,0.02292611404715619,0.808,0.0,0.022917651,6.5
3.6965039841269896,-0.4937256182643895,6.5,411.82494100553953,4.580220107340681,0.8090000000000002,0.022926113377538228,0.809,0.0,0.022917651,6.5
3.6968912741238156,-0.4910435920167283,6.5,412.1701396341074,4.579598766391581,0.8100000000000002,0.022926112722719764,0.81,0.0,0.022917651,6.5
3.6972787180901507,-0.4883589618347003,6.5,412.518945831807,4.578975437242146,0.8110000000000003,0.02292611206665715,0.811,0.0,0.022917651,6.5
3.6976663235366027,-0.4856717960467099,6.5,412.87139711905894,4.578350218469995,0.8120000000000002,0.022926111408085703,0.812,0.0,0.022917651,6.5
3.6980540925065655,-0.48298206256686477,6.5,413.2275396213074,4.577723086163592,0.8130000000000002,0.022926110746973687,0.8130000000000001,0.0,0.022917651,6.5
3.698442051713316,-0.48028875593121306,6.5,413.58750623235306,4.577093140307457,0.8140000000000002,0.02292611008524006,0.8140000000000001,0.0,0.022917651,6.5
3.6988301912506754,-0.4775923636445611,6.5,413.9512996800651,4.57646082952066,0.8150000000000002,0.02292610942231265,0.8150000000000001,0.0,0.022917651,6.5
3.6992185023722817,-0.4748932914651205,6.5,414.3189299274328,4.575826525209043,0.8160000000000002,0.022926108757376655,0.8160000000000001,0.0,0.022917651,6.5
3.6996069872911193,-0.4721915048293312,6.5,414.6904464590681,4.575190201661381,0.8170000000000002,0.02292610809040617,0.8170000000000001,0.0,0.022917651,6.5
3.6999957456534927,-0.4694854521439543,6.5,415.06603631612813,4.5745507083483785,0.8180000000000001,0.02292610739849962,0.8180000000000001,0.0,0.022917651,6.5
3.7003847482382297,-0.4667755715330682,6.5,415.44571778078165,4.573908365730279,0.8190000000000001,0.022926106684528814,0.8190000000000001,0.0,0.022917651,6.5
3.7007739301898823,-0.46406286816198167,6.5,415.8294515662185,4.573263917847599,0.8200000000000001,0.02292610596303018,0.8200000000000001,0.0,0.022917651,6.5
3.7011632938545036,-0.4613473051100118,6.5,416.217290675329,4.572617337164235,0.8210000000000001,0.022926105233905262,0.8210000000000001,0.0,0.022917651,6.5
3.7015527614457175,-0.4586275351063257,6.5,416.6095612821533,4.571966962279498,0.822,0.022926104494016535,0.8220000000000001,0.0,0.022917651,6.5
3.7019423544471812,-0.4559041372094295,6.5,417.0062131866143,4.57131345956717,0.8230000000000002,0.022926103744727568,0.8230000000000001,0.0,0.022917651,6.5
3.702332113149077,-0.4531777589959388,6.5,417.40716421402925,4.570657639322644,0.8240000000000001,0.022926102987534325,0.8240000000000001,0.0,0.022917651,6.5
3.7027220397319227,-0.4504483612466999,6.5,417.8124709382416,4.5699994710486065,0.8250000000000001,0.022926102222332764,0.8250000000000001,0.0,0.022917651,6.5
3.7031123463646685,-0.4477140140304191,6.5,418.2223173298204,4.5693378754499,0.8260000000000002,0.022926101399215804,0.8260000000000001,0.0,0.022917651,6.5
3.703502864634961,-0.44497625134996194,6.5,418.63666293427036,4.568673711245168,0.8270000000000002,0.022926100560680306,0.8270000000000001,0.0,0.022917651,6.5
3.703893562766983,-0.44223534202138687,6.5,419.05554723636254,4.568007119825106,0.8280000000000002,0.022926099714889528,0.8280000000000001,0.0,0.022917651,6.5
3.704284403465872,-0.4394908606694125,6.5,419.47908370753885,4.567337526528971,0.8290000000000002,0.022926098886564387,0.8290000000000001,0.0,0.022917651,6.5
3.704675263201023,-0.43674160030924686,6.5,419.907499020901,4.5666632299982695,0.8300000000000003,0.022926098148599704,0.8300000000000001,0.0,0.022917651,6.5
3.705066298554151,-0.4339890398088224,6.5,420.3406502946865,4.5659863358961035,0.8310000000000001,0.022926097400651522,0.8310000000000001,0.0,0.022917651,6.5
3.705457511906512,-0.43123313442060474,6.5,420.77860174512125,4.5653068090012665,0.8320000000000002,0.022926096642584465,0.8320000000000001,0.0,0.022917651,6.5
3.7058491393326434,-0.42847213233493653,6.5,421.2216112818287,4.564623841844616,0.8330000000000001,0.0229260956777421,0.833,0.0,0.022917651,6.5
3.706241067689132,-0.4257068311318653,6.5,421.66966320678785,4.563937779160279,0.8340000000000001,0.022926094609123097,0.834,0.0,0.022917651,6.5
3.7066331810262128,-0.4229380486963396,6.5,422.1227302915806,4.563248974959839,0.8350000000000001,0.022926093537494106,0.835,0.0,0.022917651,6.5
3.7070255330580224,-0.42016511879153756,6.5,422.58095225931555,4.5625569791959455,0.8360000000000001,0.022926092586389994,0.836,0.0,0.022917651,6.5
3.7074182230435984,-0.4173867888302793,6.5,423.04454427939675,4.561860939126672,0.8370000000000001,0.022926091997103756,0.837,0.0,0.022917651,6.5
3.7078111019944564,-0.4146048196970358,6.5,423.51337507147673,4.561162015897935,0.838,0.02292609140823517,0.838,0.0,0.022917651,6.5
3.7082041725399613,-0.411819160754426,6.5,423.987517530625,4.560460169391916,0.8390000000000001,0.022926090819790065,0.839,0.0,0.022917651,6.5
3.708597506869992,-0.4090274865104214,6.5,424.46741079070097,4.559753351160739,0.8400000000000001,0.022926089798549758,0.84,0.0,0.022917651,6.5
3.7089910356532036,-0.4062319189721307,6.5,424.95279330223144,4.559043416810208,0.8410000000000001,0.022926088754034145,0.841,0.0,0.022917651,6.5
3.709384758680002,-0.40343249609172627,6.5,425.4437276479919,4.558330403917344,0.8420000000000001,0.022926087703487346,0.842,0.0,0.022917651,6.5
3.709778919804618,-0.40062679106165294,6.5,425.9405617035607,4.5576128699693,0.8430000000000001,0.022926086774957145,0.843,0.0,0.022917651,6.5
3.710173351521553,-0.39781643465109856,6.5,426.4431935918291,4.556891769456613,0.844,0.022926085873246595,0.844,0.0,0.022917651,6.5
3.7105679876394255,-0.39500205113947523,6.5,426.95162870651774,4.556167459350481,0.8449999999999999,0.022926084960931865,0.845,0.0,0.022917651,6.5
3.7109627102855267,-0.39218176953606443,6.5,427.46612076104066,4.555437594131238,0.8460000000000001,0.022926084032585094,0.846,0.0,0.022917651,6.5
3.7113575961925327,-0.38935656754939196,6.5,427.98666500949713,4.5547034604325605,0.8469999999999999,0.02292608309102253,0.847,0.0,0.022917651,6.5
3.7117527009566342,-0.3865271606366138,6.5,428.51327639955906,4.553965997443253,0.848,0.02292608213833384,0.848,0.0,0.022917651,6.5
3.7121481689552493,-0.38369192470487584,6.5,429.0462352455579,4.553224160145819,0.849,0.022926081180345052,0.849,0.0,0.022917651,6.5
3.7125439167709913,-0.3808517256786807,6.5,429.58552303541165,4.5524784797211995,0.8500000000000001,0.02292608021322568,0.85,0.0,0.022917651,6.5
3.712939892433641,-0.37800710632927875,6.5,430.1311580143153,4.551729290429968,0.851,0.022926079234464845,0.851,0.0,0.022917651,6.5
3.713336298939716,-0.3751554040651766,6.5,430.6835008468154,4.550974739087826,0.8520000000000001,0.022926078093768613,0.852,0.0,0.022917651,6.5
3.713732983708963,-0.3722986116678505,6.5,431.2424448955706,4.550216210103752,0.853,0.022926076915526426,0.853,0.0,0.022917651,6.5
3.714129910206538,-0.3694371117180423,6.5,431.80805268654314,4.549453940587152,0.854,0.022926075745805026,0.854,0.0,0.022917651,6.5
3.714527085456068,-0.3665687762198135,6.5,432.3809197325109,4.548685834758479,0.855,0.02292607499020668,0.855,0.0,0.022917651,6.5
3.714924501623495,-0.3636956737850399,6.5,432.9606482619826,4.547913925670751,0.856,0.02292607423043357,0.856,0.0,0.022917651,6.5
3.715322245260415,-0.3608167118411255,6.5,433.54748476409276,4.547137465628792,0.857,0.02292607337461993,0.857,0.0,0.022917651,6.5
3.7157204107556834,-0.35793068119134586,6.5,434.14170306601034,4.546355621546223,0.858,0.022926072323667942,0.858,0.0,0.022917651,6.5
3.71611882601812,-0.3550396616604029,6.5,434.74311326627327,4.545569787706171,0.859,0.02292607127293111,0.859,0.0,0.022917651,6.5
3.71651763203762,-0.35214129558612006,6.5,435.35202186071496,4.544778164772806,0.86,0.02292607022142301,0.86,0.0,0.022917651,6.5
3.7169167601473667,-0.3492367460592707,6.5,435.96844314023684,4.543981644075243,0.861,0.022926069157942094,0.861,0.0,0.022917651,6.5
3.717316175962945,-0.34632658399259714,6.5,436.59246930483926,4.543180663706043,0.862,0.022926068079759228,0.862,0.0,0.022917651,6.5
3.717715996653888,-0.3434088607380376,6.5,437.22455036094294,4.542373755354328,0.863,0.022926066982187653,0.863,0.0,0.022917651,6.5
3.7181160902853736,-0.3404857117072454,6.5,437.8644240926401,4.541562513100781,0.864,0.022926065869986568,0.864,0.0,0.022917651,6.5
3.7185166510694434,-0.3375545969995056,6.5,438.51249312334966,4.540745168384677,0.865,0.022926064741297,0.865,0.0,0.022917651,6.5
3.718917591436444,-0.33461662119607594,6.5,439.16875684939146,4.539922478057896,0.866,0.022926063596786492,0.866,0.0,0.022917651,6.5
3.7193188441195146,-0.33167217365690066,6.5,439.8333628646595,4.5390945657235,0.867,0.022926062391870353,0.867,0.0,0.022917651,6.5
3.719720456003066,-0.32871973737332477,6.5,440.50674880491243,4.538260102923295,0.8680000000000001,0.022926061048138324,0.868,0.0,0.022917651,6.5
3.720122359459679,-0.32576141584132795,6.5,441.1885935857379,4.537420921092195,0.8690000000000001,0.022926059698312164,0.869,0.0,0.022917651,6.5
3.7205245917053595,-0.3227943091736893,6.5,441.8796128905284,4.536574266560218,0.8700000000000001,0.022926058432017216,0.87,0.0,0.022917651,6.5
3.7209271205517678,-0.3198208872824727,6.5,442.5794271495856,4.535722483119838,0.871,0.022926057160978335,0.871,0.0,0.022917651,6.5
3.7213300753001146,-0.3168391423671538,6.5,443.2883306063271,4.534864084649727,0.872,0.022926056230679146,0.872,0.0,0.022917651,6.5
3.7217334093373338,-0.31384992695016667,6.5,444.0063898392899,4.533999735138783,0.8730000000000001,0.02292605549111729,0.873,0.0,0.022917651,6.5
3.722136654428883,-0.3108524124190959,6.5,444.73403406404714,4.5331267253732,0.874,0.022926054540042876,0.874,0.0,0.022917651,6.5
3.722539674147178,-0.30784595033248063,6.5,445.47153095272864,4.532243859561785,0.875,0.022926053310789177,0.875,0.0,0.022917651,6.5
3.722942858538478,-0.30483240752535834,6.5,446.2187989203043,4.5313545745555865,0.876,0.0229260520692021,0.876,0.0,0.022917651,6.5
3.7233460128811413,-0.30181103791303354,6.5,446.97639903185797,4.530457350309408,0.877,0.02292605079865854,0.877,0.0,0.022917651,6.5
3.723749431048195,-0.29878217552427566,6.5,447.74399643885477,4.529553688780209,0.878,0.022926049482604374,0.878,0.0,0.022917651,6.5
3.724153027865582,-0.2957433192226065,6.5,448.52231963919166,4.5286407478057615,0.879,0.022926048034637613,0.879,0.0,0.022917651,6.5
3.724556901383151,-0.2926968964315029,6.5,449.3108512932122,4.527721345527722,0.88,0.022926046594251362,0.88,0.0,0.022917651,6.5
3.7249610979786065,-0.2896396875428946,6.5,450.1099733604838,4.526792439054671,0.8809999999999999,0.02292604524883797,0.881,0.0,0.022917651,6.5
3.7253656431327635,-0.2865747029201563,6.5,450.91971808965,4.525857153359491,0.882,0.02292604388147034,0.882,0.0,0.022917651,6.5
3.72577075792672,-0.28349923350799044,6.5,451.7406625811779,4.524913676695889,0.883,0.02292604247879648,0.883,0.0,0.022917651,6.5
3.726176231847527,-0.2804154026647559,6.5,452.57269016456513,4.523963274071553,0.8840000000000001,0.022926041036433097,0.884,0.0,0.022917651,6.5
3.7265821865312034,-0.2773206379540644,6.5,453.4164632623481,4.523003855274085,0.885,0.02292603948793031,0.885,0.0,0.022917651,6.5
3.7269884855039237,-0.2742168698690908,6.5,454.2718080469232,4.522036808692298,0.8860000000000001,0.02292603796902733,0.886,0.0,0.022917651,6.5
3.7273951445058824,-0.2711023547065521,6.5,455.1392674271871,4.521060451310092,0.8870000000000001,0.022926036521227437,0.887,0.0,0.022917651,6.5
3.727802128952083,-0.2679780816753696,6.5,456.01880315942765,4.5200756400952935,0.888,0.022926035372433564,0.888,0.0,0.022917651,6.5
3.7282094373859844,-0.2648434233526038,6.5,456.9107343258048,4.519081742966605,0.889,0.022926034634377226,0.889,0.0,0.022917651,6.5
3.72861702723629,-0.26169705215376143,6.5,457.81537987511547,4.518077258346988,0.89,0.022926033448042595,0.89,0.0,0.022917651,6.5
3.7290249200857226,-0.25854013269457915,6.5,458.73274904562254,4.517063436869535,0.8910000000000001,0.02292603199681665,0.891,0.0,0.022917651,6.5
3.7294330444985175,-0.2553722526130021,6.5,459.6636196036935,4.516039583050965,0.892,0.022926030473875564,0.892,0.0,0.022917651,6.5
3.7298414579243415,-0.2521946146522441,6.5,460.6076127445469,4.515007126193952,0.893,0.022926028920013594,0.893,0.0,0.022917651,6.5
3.730249993482567,-0.24900495147787216,6.5,461.56541648615575,4.51396312089245,0.894,0.022926027347021486,0.894,0.0,0.022917651,6.5
3.7306589393008602,-0.24580382617350097,6.5,462.5369541219013,4.512909301369279,0.895,0.022926025728221427,0.895,0.0,0.022917651,6.5
3.7310683124389334,-0.24259067106058282,6.5,463.5225478530565,4.51184516960463,0.896,0.0229260240728161,0.896,0.0,0.022917651,6.5
3.731477946334327,-0.23936466604409257,6.5,464.52277536639866,4.510769221880408,0.897,0.022926022417525126,0.897,0.0,0.022917651,6.5
3.7318880010311974,-0.236126965170138,6.5,465.5374973484545,4.509683260816331,0.898,0.022926020744931597,0.898,0.0,0.022917651,6.5
3.732298746765314,-0.2328747941132011,6.5,466.5673437437026,4.508585598072592,0.899,0.022926019058549064,0.899,0.0,0.022917651,6.5
3.732710260115027,-0.22960918690499504,6.5,467.61242665956746,4.507477566350455,0.9000000000000001,0.022926017341433996,0.9,0.0,0.022917651,6.5
3.733019441398257,-0.2270335593080402,6.5,468.1200491163716,4.506596236059176,0.901,0.022926016946893606,0.901,0.0,0.022917651,6.5
3.7333285048364613,-0.2244543094384337,6.5,468.6329000484355,4.505710815565935,0.902,0.02292601655161747,0.902,0.0,0.022917651,6.5
3.7336374126988865,-0.2218711718718256,6.5,469.15111766259906,4.504820889791048,0.903,0.022926016155450014,0.903,0.0,0.022917651,6.5
3.733946329779516,-0.21928496236138173,6.5,469.67441518748905,4.503927929098133,0.904,0.022926015758831908,0.904,0.0,0.022917651,6.5
3.7342552638709665,-0.2166932380058289,6.5,470.20332211734296,4.503029518017655,0.905,0.02292601562874537,0.905,0.0,0.022917651,6.5
3.7345642098427496,-0.21409774830813488,6.5,470.73755858168204,4.502127388129849,0.906,0.02292601556343149,0.906,0.0,0.022917651,6.5
3.7348731673369473,-0.21149857535716604,6.5,471.27719476497924,4.5012216205457145,0.907,0.022926015493314914,0.907,0.0,0.022917651,6.5
3.735182138673744,-0.2088943647849388,6.5,471.8226504222062,4.500310868830118,0.908,0.02292601541942887,0.908,0.0,0.022917651,6.5
3.735491117593172,-0.2062869100093427,6.5,472.3735030738594,4.499396903108766,0.9090000000000003,0.02292601534016407,0.909,0.0,0.022917651,6.5
3.735800225658396,-0.20367396006073152,6.5,472.9303176354363,4.498477958392284,0.91,0.02292601502305848,0.91,0.0,0.022917651,6.5
3.7361093882248824,-0.2010567404556227,6.5,473.4928934936537,4.497554961977015,0.911,0.022926014603796927,0.911,0.0,0.022917651,6.5
3.736418224838271,-0.19843577135107343,6.5,474.06121758175374,4.496626913777577,0.912,0.022926014184904604,0.912,0.0,0.022917651,6.5
3.736725986406614,-0.19581006378669086,6.5,474.63567705022837,4.495689831630196,0.9130000000000003,0.022926013768247128,0.913,0.0,0.022917651,6.5
3.7370337645075176,-0.19318093424503346,6.5,475.21585788468354,4.494749393525654,0.9140000000000001,0.022926013351123445,0.914,0.0,0.022917651,6.5
3.737341078255857,-0.19054670900017143,6.5,475.8025274376805,4.493801999513615,0.915,0.022926012933624305,0.915,0.0,0.022917651,6.5
3.7376482502053485,-0.18790855855669442,6.5,476.39524782697,4.492850112300464,0.9160000000000003,0.022926012515668268,0.916,0.0,0.022917651,6.5
3.7379553802063263,-0.1852654117056769,6.5,476.99426557719477,4.49189306102661,0.9170000000000001,0.02292601209569618,0.917,0.0,0.022917651,6.5
3.738262466730988,-0.1826167255135265,6.5,477.5997957084413,4.490930297112213,0.918,0.022926011673185503,0.918,0.0,0.022917651,6.5
3.7385695123592213,-0.1799641620701137,6.5,478.2115062716135,4.489963491699391,0.9189999999999999,0.022926011250828406,0.919,0.0,0.022917651,6.5
3.7388763763525588,-0.17730537075513644,6.5,478.8301099864683,4.488989721892289,0.9200000000000002,0.022926010833844216,0.92,0.0,0.022917651,6.5
3.7391832064412713,-0.17464286073356128,6.5,479.4549816366489,4.488012097601445,0.921,0.022926010416219274,0.921,0.0,0.022917651,6.5
3.7394899801775012,-0.17197437576270524,6.5,480.08682928377857,4.4870282858308235,0.922,0.02292600999129726,0.922,0.0,0.022917651,6.5
3.7397967092252618,-0.1693015366531421,6.5,480.7252589385158,4.4860399445088674,0.9230000000000002,0.02292600956423731,0.923,0.0,0.022917651,6.5
3.740103347721407,-0.16662310175978312,6.5,481.37065069439035,4.485045638544693,0.9240000000000002,0.022926009137393028,0.924,0.0,0.022917651,6.5
3.740409905500635,-0.16393941789032673,6.5,482.0229935487655,4.484045755350766,0.9250000000000002,0.022926008710575332,0.925,0.0,0.022917651,6.5
3.740716506713945,-0.1612505160037025,6.5,482.6823465564075,4.483040831810388,0.926,0.022926008282589193,0.926,0.0,0.022917651,6.5
3.7410232108292747,-0.15855542487814075,6.5,483.3490508734438,4.4820301375807725,0.9270000000000003,0.022926007853030367,0.927,0.0,0.022917651,6.5
3.7413298404959603,-0.15585569576561287,6.5,484.0227965194248,4.481014507084671,0.9280000000000002,0.02292600751846668,0.928,0.0,0.022917651,6.5
3.7416363233886365,-0.15314967386342784,6.5,484.7041724826458,4.479991995252809,0.929,0.02292600752785703,0.929,0.0,0.022917651,6.5
3.741942763870949,-0.15043921942539185,6.5,485.39268359136656,4.478964880428288,0.9300000000000003,0.022926007499926633,0.93,0.0,0.022917651,6.5
3.7422492088855037,-0.14772196024498263,6.5,486.0892013401919,4.477930972249175,0.9310000000000002,0.0229260072230656,0.931,0.0,0.022917651,6.5
3.742555596442398,-0.14500036770131652,6.5,486.79296753597305,4.476892501088903,0.932,0.022926006937051508,0.932,0.0,0.022917651,6.5
3.742861899915393,-0.14227145358514304,6.5,487.5048579642059,4.475846374373807,0.933,0.022926006491319446,0.933,0.0,0.022917651,6.5
3.743168145775808,-0.13953819419741292,6.5,488.22416067669525,4.474795671893286,0.9340000000000003,0.022926006045022974,0.934,0.0,0.022917651,6.5
3.743474251163629,-0.13679726129470604,6.5,488.95181536949957,4.473736733454787,0.935,0.022926005589756306,0.935,0.0,0.022917651,6.5
3.743780296709454,-0.13405185320668375,6.5,489.6870848015464,4.472673080418253,0.9360000000000002,0.022926005134003537,0.936,0.0,0.022917651,6.5
3.7440860473095556,-0.13129912426779822,6.5,490.4309960490097,4.471600933204743,0.937,0.02292600468324896,0.937,0.0,0.022917651,6.5
3.7443917299368517,-0.12854165983614088,6.5,491.18277041467724,4.470523778720337,0.9380000000000001,0.02292600423192275,0.9380000000000001,0.0,0.022917651,6.5
3.744697199897768,-0.125776145486086,6.5,491.9435285153058,4.46943771930819,0.9390000000000001,0.022926003781514027,0.9390000000000001,0.0,0.022917651,6.5
3.745002569915449,-0.12300561755711194,6.5,492.712445998543,4.468346246467023,0.9400000000000002,0.02292600333053341,0.9400000000000001,0.0,0.022917651,6.5
3.7453076290890848,-0.1202279049770968,6.5,493.49045331962634,4.46724634568799,0.9410000000000001,0.02292600287981894,0.9410000000000001,0.0,0.022917651,6.5
3.7456125950179335,-0.11744468733108862,6.5,494.27691911741175,4.466140565086306,0.9420000000000001,0.022926002425960927,0.9420000000000001,0.0,0.022917651,6.5
3.745917418566014,-0.11465421080340683,6.5,495.0724430916298,4.465026951077306,0.9430000000000001,0.022926001963250505,0.9430000000000001,0.0,0.022917651,6.5
3.7462221004832776,-0.11185727877092701,6.5,495.87678874138953,4.463906318810816,0.9440000000000001,0.022926001503583305,0.9440000000000001,0.0,0.022917651,6.5
3.746526591403867,-0.10905278563588512,6.5,496.6903108496412,4.462777367446227,0.9450000000000002,0.02292600104926274,0.9450000000000001,0.0,0.022917651,6.5
3.7468309807556723,-0.10624154309866202,6.5,497.51319893889575,4.461641257791265,0.9460000000000001,0.022926000590242825,0.9460000000000001,0.0,0.022917651,6.5
3.7471352703230028,-0.10342381834262757,6.5,498.3454594295061,4.460498264419355,0.9470000000000001,0.02292600012743893,0.9470000000000001,0.0,0.022917651,6.5
3.7474394573166094,-0.1005985652961625,6.5,499.18764442203684,4.4593473347045585,0.9480000000000002,0.022925999670748386,0.9480000000000001,0.0,0.022917651,6.5
3.747743552607563,-0.09776735302098247,6.5,500.0392217556896,4.458190079680823,0.9490000000000001,0.022925999215512558,0.9490000000000001,0.0,0.022917651,6.5
3.748047599716155,-0.09492696614515625,6.5,500.9008543025669,4.457023458245333,0.9500000000000001,0.022925998747102546,0.9500000000000001,0.0,0.022917651,6.5
3.7483514812288425,-0.09208017665880798,6.5,501.7721352652171,4.455849771865029,0.9510000000000002,0.022925998301981616,0.9510000000000001,0.0,0.022917651,6.5
3.7486550500559237,-0.08922516680676082,6.5,502.65373816097167,4.454666614719142,0.9520000000000001,0.022925997919789453,0.9520000000000001,0.0,0.022917651,6.5
3.74895770880398,-0.0863631404967471,6.5,503.54526758405325,4.453472801115945,0.9530000000000001,0.022925997730650714,0.9530000000000001,0.0,0.022917651,6.5
3.7492596822568633,-0.08349438141598102,6.5,504.4467813560201,4.4522695135164305,0.9540000000000002,0.02292599767821548,0.9540000000000001,0.0,0.022917651,6.5
3.749561598890248,-0.08061735220737085,6.5,505.3591291630628,4.451057716955327,0.9550000000000001,0.022925997240257397,0.9550000000000001,0.0,0.022917651,6.5
3.749863335683442,-0.07773335879412432,6.5,506.28186471112605,4.449838240227294,0.9560000000000001,0.022925996753827824,0.9560000000000001,0.0,0.022917651,6.5
3.7501646529813386,-0.07484074302548187,6.5,507.2155616864953,4.448608477467086,0.9570000000000001,0.022925996260753537,0.9570000000000001,0.0,0.022917651,6.5
3.7504659255683253,-0.07193955642662832,6.5,508.1601542034045,4.447369952331215,0.9580000000000002,0.022925995775455323,0.9580000000000001,0.0,0.022917651,6.5
3.750767149834783,-0.06903063586934385,6.5,509.1156026091903,4.446123492346429,0.9590000000000002,0.022925995294496116,0.9590000000000001,0.0,0.022917651,6.5
3.751068309007932,-0.06611198382065543,6.5,510.0829445938633,4.444867061919212,0.96,0.022925994807599017,0.96,0.0,0.022917651,6.5
3.751369259127707,-0.06318550605221518,6.5,511.06155501832995,4.443601965170434,0.961,0.02292599431672883,0.961,0.0,0.022917651,6.5
3.751669964951079,-0.06025078866989594,6.5,512.0516928381219,4.44232764634096,0.962,0.022925993820974606,0.962,0.0,0.022917651,6.5
3.7519702991503525,-0.05730609195772031,6.5,513.0539062171022,4.4410418548261665,0.9630000000000001,0.022925993328881362,0.963,0.0,0.022917651,6.5
3.7522703375024276,-0.05435308868267354,6.5,514.0679832738635,4.439746578044744,0.964,0.0229259928399334,0.964,0.0,0.022917651,6.5
3.752569998811733,-0.05139121910308822,6.5,515.0942733427569,4.438440935141171,0.965,0.022925992355426663,0.965,0.0,0.022917651,6.5
3.752867732540398,-0.0484190934599397,6.5,516.1335008486685,4.437117309817597,0.9660000000000001,0.0229259918605529,0.966,0.0,0.022917651,6.5
3.7531647157422814,-0.04543866766469533,6.5,517.1851513382561,4.435782391039453,0.967,0.02292599136399487,0.967,0.0,0.022917651,6.5
3.753461002606652,-0.0424498465254779,6.5,518.2494297223221,4.434436305770296,0.9680000000000001,0.022925990866982424,0.968,0.0,0.022917651,6.5
3.7537570943722764,-0.0394496168883599,6.5,519.3269482630394,4.433078009944123,0.969,0.022925990373021298,0.969,0.0,0.022917651,6.5
3.7540527125968115,-0.036439883575580666,6.5,520.4172849600417,4.431708323696375,0.9700000000000002,0.022925989873278423,0.97,0.0,0.022917651,6.5
3.7543478242929362,-0.033420577031741845,6.5,521.5206245731667,4.430327044493884,0.9709999999999999,0.02292598936983073,0.971,0.0,0.022917651,6.5
3.7546422967890045,-0.030391068393017664,6.5,522.6373049622649,4.428933005468739,0.972,0.022925988875960486,0.972,0.0,0.022917651,6.5
3.7549363994106,-0.027350850291381533,6.5,523.7677752165142,4.427526770016654,0.9730000000000001,0.02292598838148028,0.973,0.0,0.022917651,6.5
3.7552300965795933,-0.024300615172287918,6.5,524.9119095373836,4.426108891956423,0.974,0.02292598801396828,0.974,0.0,0.022917651,6.5
3.7555233530422245,-0.021240298703196738,6.5,526.0698097401057,4.424679168505853,0.975,0.022925987822434483,0.975,0.0,0.022917651,6.5
3.7558159651547487,-0.018168056117995466,6.5,527.241959463079,4.423234951897505,0.976,0.02292598730796744,0.976,0.0,0.022917651,6.5
3.7561080888041487,-0.015085313646539986,6.5,528.4281791197614,4.421778278917718,0.9770000000000001,0.02292598678300173,0.977,0.0,0.022917651,6.5
3.756399810317724,-0.011991713897889954,6.5,529.6286643343536,4.42030914354887,0.978,0.022925986257890555,0.978,0.0,0.022917651,6.5
3.7566911441957647,-0.008886840628190408,6.5,530.8436592247265,4.418827190263959,0.979,0.022925985738017247,0.979,0.0,0.022917651,6.5
3.756981815837536,-0.00577001607720827,6.5,532.0735954193515,4.417330633927178,0.9800000000000001,0.02292598520908145,0.98,0.0,0.022917651,6.5
3.7572717322430145,-0.002641579379309824,6.5,533.3186513627104,4.4158194279863965,0.981,0.022925984681239808,0.981,0.0,0.022917651,6.5
3.7575610867155267,0.0004986345566398866,6.5,534.5788799758996,4.414294201373811,0.982,0.022925984158884298,0.982,0.0,0.022917651,6.5
3.7578497326894147,0.0036506188397698596,6.5,535.8543097739897,4.412754372999876,0.983,0.02292598363315488,0.983,0.0,0.022917651,6.5
3.7581375526383143,0.00681423015454158,6.5,537.1450439353391,4.41119961132968,0.9840000000000001,0.022925983097162827,0.984,0.0,0.022917651,6.5
3.75842476165935,0.009989893214150067,6.5,538.4515496478072,4.409630360298903,0.985,0.02292598257512637,0.985,0.0,0.022917651,6.5
3.7587113164810693,0.013179278375536637,6.5,539.7741854876845,4.408044784613551,0.986,0.022925982036376816,0.986,0.0,0.022917651,6.5
3.758997394576868,0.0163821346048019,6.5,541.1129627271974,4.406443805867896,0.9870000000000001,0.022925981507953268,0.987,0.0,0.022917651,6.5
3.7592829511257757,0.019598267698704624,6.5,542.4680851810772,4.4048274740660105,0.988,0.022925980979335413,0.988,0.0,0.022917651,6.5
3.7595679075242847,0.022827548362875507,6.5,543.8398678687155,4.403195595170961,0.989,0.02292598044504423,0.989,0.0,0.022917651,6.5
3.7598522357830753,0.026070038837818096,6.5,545.2285828721326,4.401547987198573,0.99,0.022925979904360627,0.99,0.0,0.022917651,6.5
3.760135955006229,0.029326188122791107,6.5,546.6344001300199,4.399884297574916,0.9910000000000001,0.022925979361975133,0.991,0.0,0.022917651,6.5
3.760418913985922,0.032596674468938956,6.5,548.0575239573964,4.398203217435201,0.992,0.022925978834547858,0.992,0.0,0.022917651,6.5
3.7607008515885223,0.035880747268049136,6.5,549.4981973927908,4.396504473802475,0.993,0.02292597829652141,0.993,0.0,0.022917651,6.5
3.760982071784783,0.03918061832301863,6.5,550.9564790064218,4.394787071106995,0.9940000000000001,0.02292597775653435,0.994,0.0,0.022917651,6.5
3.7612626559784,0.042494874072623125,6.5,552.4327017911568,4.393052713060228,0.995,0.022925977205342195,0.995,0.0,0.022917651,6.5
3.761542286847074,0.0458240278226909,6.5,553.9271647175498,4.391299648132058,0.996,0.022925976733523926,0.996,0.0,0.022917651,6.5
3.7618201127639517,0.04916991314043727,6.5,555.4401186351512,4.3895226414046915,0.997,0.022925976186541946,0.997,0.0,0.022917651,6.5
3.7620971051614815,0.05252959064174131,6.5,556.9719313280964,4.387728519632328,0.9980000000000001,0.02292597562601454,0.998,0.0,0.022917651,6.5
3.762373158575564,0.055904645045506074,6.5,558.5228325486661,4.385915267251421,0.999,0.02292597505390311,0.999,0.0,0.022917651,6.5
3.7626480378797313,0.05929643080230925,6.5,560.0931486899161,4.384080570911573,1.0,0.022925974498302776,1.0,0.0,0.022917651,6.5
3.7628672364106817,0.06189048728049584,6.5,561.1230140477784,4.382777230846934,1.0010000000000001,0.022925974468886025,1.0010000000000001,0.0,0.022917651,6.5
3.763086005751643,0.06448898524330328,6.5,562.1638424327073,4.381467733482515,1.0020000000000002,0.022925974433695567,1.002,0.0,0.022917651,6.5
3.7633038948080153,0.06709301952724805,6.5,563.2157164812629,4.380149188729682,1.0030000000000001,0.022925974414789656,1.0030000000000001,0.0,0.022917651,6.5
3.7635206111820283,0.06970235900237456,6.5,564.2789756307565,4.378820643015095,1.004,0.022925974388134044,1.004,0.0,0.022917651,6.5
3.7637359605139493,0.07231752907637491,6.5,565.3538152776098,4.377480792622642,1.0050000000000001,0.022925974352152715,1.0050000000000001,0.0,0.022917651,6.5
3.7639499237331258,0.07493699275093997,6.5,566.440503748954,4.376131111325292,1.0060000000000002,0.02292597433155599,1.006,0.0,0.022917651,6.5
3.7641631306022885,0.07756068046098696,6.5,567.5392343522994,4.374774176868855,1.0070000000000001,0.022925974307289747,1.0070000000000001,0.0,0.022917651,6.5
3.7643754044204694,0.08018944199431527,6.5,568.6502598306049,4.373408427815068,1.008,0.022925974271604695,1.008,0.0,0.022917651,6.5
3.764587195609724,0.08282494505597798,6.5,569.774015173253,4.372034018380686,1.0090000000000001,0.022925974238059796,1.0090000000000001,0.0,0.022917651,6.5
3.7647985338759877,0.08546545792077569,6.5,570.910652178201,4.370652790886502,1.0100000000000002,0.022925974207973515,1.01,0.0,0.022917651,6.5
3.7650093147262735,0.0881115989092898,6.5,572.0605888525887,4.369263707254707,1.0110000000000003,0.02292597418527796,1.0110000000000001,0.0,0.022917651,6.5
3.7652193550680915,0.09076330137491442,6.5,573.2242841464085,4.3678660810812415,1.012,0.022925974151920728,1.012,0.0,0.022917651,6.5
3.7654287235966444,0.09341969137728892,6.5,574.4017785447517,4.366461080984244,1.0130000000000001,0.022925974120556858,1.0130000000000001,0.0,0.022917651,6.5
3.765637251448013,0.09608133566391797,6.5,575.5935082227617,4.36504747799033,1.014,0.022925974100347492,1.014,0.0,0.022917651,6.5
3.765845214895926,0.09874892656759746,6.5,576.8001765000049,4.363625672390492,1.0150000000000003,0.02292597406649941,1.0150000000000001,0.0,0.022917651,6.5
3.7660525120355306,0.10142118988973477,6.5,578.0217538948099,4.36219652436401,1.016,0.02292597403596163,1.016,0.0,0.022917651,6.5
3.766259021147344,0.10409818572216026,6.5,579.258673973031,4.360759483126613,1.0170000000000001,0.022925974014906966,1.0170000000000001,0.0,0.022917651,6.5
3.7664644612786082,0.1067814456720092,6.5,580.5120347154848,4.359311917784855,1.0180000000000002,0.02292597397927491,1.018,0.0,0.022917651,6.5
3.7666691187393395,0.10946960672406646,6.5,581.7815885284432,4.357856311190107,1.0190000000000003,0.022925973946858687,1.0190000000000001,0.0,0.022917651,6.5
3.7668729681819118,0.11216261284367418,6.5,583.0677148353346,4.356392620587448,1.0200000000000002,0.02292597391799541,1.02,0.0,0.022917651,6.5
3.767075761372756,0.11486093847935654,6.5,584.3716124734987,4.354919407420076,1.0210000000000001,0.022925973888574747,1.0210000000000001,0.0,0.022917651,6.5
3.767277394089095,0.11756401665139941,6.5,585.6936530991228,4.35343679410587,1.022,0.02292597385363276,1.022,0.0,0.022917651,6.5
3.7674780448989975,0.12027170532488926,6.5,587.0338561227724,4.3519456364795,1.0230000000000004,0.02292597382094436,1.0230000000000001,0.0,0.022917651,6.5
3.767677746891223,0.1229842440503242,6.5,588.3927520723058,4.350445826189057,1.024,0.022925973796831096,1.024,0.0,0.022917651,6.5
3.7678763228060714,0.1257026615898023,6.5,589.7723277963769,4.348935640639872,1.0250000000000001,0.022925973762119915,1.025,0.0,0.022917651,6.5
3.768073867250724,0.12842549207571577,6.5,591.1719911404047,4.347416912117877,1.0260000000000002,0.022925973729596257,1.026,0.0,0.022917651,6.5
3.768270323851362,0.13115268616608697,6.5,592.5921794232239,4.34588946680518,1.027,0.022925973699180244,1.027,0.0,0.022917651,6.5
3.7684655671153293,0.13388441477096083,6.5,594.0336582314775,4.344352635864449,1.028,0.022925973670075935,1.028,0.0,0.022917651,6.5
3.7686592761565327,0.13662046580083412,6.5,595.4987555082232,4.342805350455218,1.0290000000000001,0.02292597363307544,1.029,0.0,0.022917651,6.5
3.7688516785286725,0.13936054440060727,6.5,596.98644183466,4.341248812883197,1.03,0.02292597360275035,1.03,0.0,0.022917651,6.5
3.7690426374558994,0.14210471708554204,6.5,598.4972517275037,4.339682407397703,1.031,0.02292597357428314,1.031,0.0,0.022917651,6.5
3.7692319594785704,0.1448530941488547,6.5,600.0318403740351,4.338105246306797,1.032,0.022925973538825306,1.032,0.0,0.022917651,6.5
3.7694192472379084,0.1476048510829764,6.5,601.5934617447887,4.336516573865583,1.033,0.02292597350096079,1.033,0.0,0.022917651,6.5
3.7696049568759213,0.15035931910952846,6.5,603.1801160395181,4.334918864968501,1.0340000000000003,0.022925973476654423,1.034,0.0,0.022917651,6.5
3.7697890369053084,0.15311689806722467,6.5,604.792738430084,4.333311529650557,1.035,0.022925973451187086,1.035,0.0,0.022917651,6.5
3.7699714318899877,0.15587788799954838,6.5,606.4322396774785,4.331694053528093,1.036,0.022925973527690234,1.036,0.0,0.022917651,6.5
3.7701518462438157,0.1586424121894546,6.5,608.1006419734005,4.330065102805756,1.037,0.02292597438572727,1.037,0.0,0.022917651,6.5
3.7703302379242123,0.16140903890228908,6.5,609.7985684054676,4.328425974985377,1.0380000000000003,0.02292597447148195,1.038,0.0,0.022917651,6.5
3.7705064207235988,0.16417841807313016,6.5,611.5247749323771,4.326775255627759,1.039,0.022925974420716387,1.039,0.0,0.022917651,6.5
3.7706802448945003,0.16695048889228584,6.5,613.279986937931,4.32511240668721,1.04,0.022925974366926383,1.04,0.0,0.022917651,6.5
3.770851713606429,0.169724882712302,6.5,615.0650392358081,4.323437813605498,1.041,0.022925974317652396,1.041,0.0,0.022917651,6.5
3.7710211018694606,0.17250106625155662,6.5,616.8809321934349,4.321753099344642,1.0420000000000003,0.02292597426703734,1.042,0.0,0.022917651,6.5
3.7711882292439243,0.17527945111430138,6.5,618.72774381237,4.3200571581693925,1.043,0.022925974211332606,1.043,0.0,0.022917651,6.5
3.7713530134052453,0.178059888277788,6.5,620.6045290601895,4.318349790595874,1.044,0.022925974156504193,1.044,0.0,0.022917651,6.5
3.771515405732777,0.18084213921695041,6.5,622.5107965915755,4.316631037040108,1.0450000000000002,0.0229259741054503,1.045,0.0,0.022917651,6.5
3.7716754422642165,0.18362612566109157,6.5,624.4459514966478,4.31490112258184,1.046,0.02292597405656077,1.046,0.0,0.022917651,6.5
3.7718332001043176,0.18641215610312417,6.5,626.4097474703947,4.313160050493724,1.047,0.022925973999751492,1.047,0.0,0.022917651,6.5
3.7719882627563113,0.18920111611118876,6.5,628.4015193982653,4.311405265129198,1.048,0.022925973942942213,1.048,0.0,0.022917651,6.5
3.7721410570534655,0.19199313402927742,6.5,630.4182806772479,4.309638353880566,1.049,0.022925973895218523,1.049,0.0,0.022917651,6.5
3.7722915125037284,0.19478821134174681,6.5,632.4582205670508,4.307859025612991,1.0500000000000003,0.022925973843056988,1.05,0.0,0.022917651,6.5
3.7724396051462787,0.1975868219443328,6.5,634.5191230509213,4.3060667075364485,1.051,0.02292597378597304,1.051,0.0,0.022917651,6.5
3.7725853558198508,0.20038981925753638,6.5,636.5983261800155,4.304260634909123,1.052,0.02292597373375307,1.052,0.0,0.022917651,6.5
3.7727288080911374,0.20319810061453847,6.5,638.6926850899061,4.302440097249942,1.0530000000000002,0.02292597369762149,1.053,0.0,0.022917651,6.5
3.7728698708169306,0.2060120903130004,6.5,640.7972622499575,4.30060429033659,1.054,0.02292597364203403,1.054,0.0,0.022917651,6.5
3.7730086992720864,0.20883368252015067,6.5,642.9067510123434,4.298751934787706,1.055,0.02292597358510392,1.055,0.0,0.022917651,6.5
3.7731457524490595,0.21166381255279168,6.5,645.0186383811199,4.296883936542944,1.056,0.022925973536094185,1.056,0.0,0.022917651,6.5
3.773280072085377,0.21450332362443952,6.5,647.1278879971086,4.2949956234644535,1.057,0.022925973489350007,1.057,0.0,0.022917651,6.5
3.7734121646530934,0.21735315593900592,6.5,649.2288653079597,4.2930880861747935,1.0580000000000003,0.022925973436924083,1.058,0.0,0.022917651,6.5
3.773542733340335,0.22021500031396304,6.5,651.3158391399148,4.291162452691398,1.059,0.022925973383474987,1.059,0.0,0.022917651,6.5
3.773671805922611,0.2230902222031354,6.5,653.3834311518982,4.289217456332955,1.06,0.022925973332644192,1.06,0.0,0.022917651,6.5
3.7737993353426353,0.22597960703341646,6.5,655.4262269991757,4.2872521073745515,1.061,0.02292597327473625,1.061,0.0,0.022917651,6.5
3.77392538321848,0.22888645652185236,6.5,657.4370378480978,4.285263384253979,1.062,0.022925973218526508,1.062,0.0,0.022917651,6.5
3.7740500815961475,0.23181157990223158,6.5,659.4103405023874,4.283250970748418,1.063,0.02292597316819095,1.063,0.0,0.022917651,6.5
3.77417394896327,0.23475602980649665,6.5,661.3545138471186,4.281215911052228,1.064,0.022925973110900416,1.064,0.0,0.022917651,6.5
3.774297834694536,0.23772573900809632,6.5,663.3133374332323,4.279155676974787,1.065,0.022925973053436542,1.065,0.0,0.022917651,6.5
3.7744220564380706,0.24072069493903117,6.5,665.3051503872607,4.277071546216902,1.0660000000000003,0.02292597300051064,1.066,0.0,0.022917651,6.5
3.7745456845629706,0.2437377000989398,6.5,667.3308564205404,4.274962984018969,1.067,0.022925972945416578,1.067,0.0,0.022917651,6.5
3.7746685082226454,0.24678008533205212,6.5,669.3915679060932,4.272825817522207,1.068,0.022925972891855745,1.068,0.0,0.022917651,6.5
3.7747906558627764,0.2498508355322786,6.5,671.4881457720157,4.270657587026618,1.069,0.022925972849763082,1.069,0.0,0.022917651,6.5
3.7749123113036545,0.25295190153462205,6.5,673.6312776543092,4.268457068870367,1.07,0.022925972794764743,1.07,0.0,0.022917651,6.5
3.775034285295336,0.25608563219442537,6.5,675.8472777850575,4.266225158675845,1.071,0.02292597273548346,1.071,0.0,0.022917651,6.5
3.7751557937447364,0.25925188930975146,6.5,678.1446523445395,4.263958853881049,1.072,0.022925972678920783,1.072,0.0,0.022917651,6.5
3.7752763405052705,0.26244708542783957,6.5,680.520725029033,4.261659792189111,1.073,0.022925972642037145,1.073,0.0,0.022917651,6.5
3.7753958052740413,0.2656719967926349,6.5,682.9792527131606,4.259326649079754,1.074,0.022925972585106296,1.074,0.0,0.022917651,6.5
3.77551386101202,0.2689295853783457,6.5,685.519830755911,4.256955212705503,1.075,0.02292597252582502,1.075,0.0,0.022917651,6.5
3.7756307610236384,0.27221840115004625,6.5,688.1361937911946,4.254547909213165,1.076,0.022925972470445748,1.076,0.0,0.022917651,6.5
3.7757461703310167,0.2755366178162572,6.5,690.827574955354,4.252105260797146,1.077,0.022925972413579795,1.077,0.0,0.022917651,6.5
3.775859926201268,0.2788858517276869,6.5,693.598733135086,4.249624990673245,1.078,0.022925972358111175,1.078,0.0,0.022917651,6.5
3.775971661894261,0.28226655523477423,6.5,696.4465283994014,4.247105148794288,1.079,0.022925972316948724,1.079,0.0,0.022917651,6.5
3.7760812875264014,0.28567448841597676,6.5,699.3666188773738,4.244549658655024,1.08,0.02292597225688529,1.08,0.0,0.022917651,6.5
3.776188446615876,0.28911283548141387,6.5,702.3651602456075,4.241953866991724,1.081,0.02292597219623068,1.081,0.0,0.022917651,6.5
3.7762930861703206,0.2925807340154277,6.5,705.4392086633075,4.239318453256238,1.082,0.022925972138820905,1.082,0.0,0.022917651,6.5
3.7763949916264252,0.2960761569730423,6.5,708.5879615065684,4.236644568876902,1.083,0.02292597207959079,1.083,0.0,0.022917651,6.5
3.7764939693640316,0.2996010743898379,6.5,711.8198873693852,4.233929495784451,1.0839999999999999,0.022925972018661516,1.084,0.0,0.022917651,6.5
3.7765900539929067,0.3031530076346096,6.5,715.1267773425639,4.231175832653943,1.0850000000000002,0.022925971957742212,1.085,0.0,0.022917651,6.5
3.7766820990952987,0.3067355218161562,6.5,718.5226992860493,4.228375429570732,1.086,0.02292597189902421,1.086,0.0,0.022917651,6.5
3.7767711364921204,0.31034532549667304,6.5,721.9989614007114,4.225535689402728,1.087,0.022925971870169447,1.087,0.0,0.022917651,6.5
3.776856544697848,0.3139866712985321,6.5,725.5867802694136,4.2226499152068,1.0880000000000003,0.02292597181559507,1.088,0.0,0.022917651,6.5
3.7769527273438235,0.3176700175528594,6.5,731.1602906452255,4.219765218841389,1.0890000000000002,0.022925971755327894,1.089,0.0,0.022917651,6.5
3.7770272845247668,0.3213619274712731,6.5,737.4316912580448,4.216785458510466,1.09,0.02292597169428585,1.09,0.0,0.022917651,6.5
3.7771005971293445,0.32509305014652107,6.5,743.9951060005255,4.21376151444771,1.0910000000000002,0.02292597163198324,1.091,0.0,0.022917651,6.5
3.777167677050499,0.32884930761215536,6.5,750.7039521888163,4.210687497918452,1.092,0.02292597156968063,1.092,0.0,0.022917651,6.5
3.7772284911324965,0.3326385288021164,6.5,757.4986656329068,4.20755547503371,1.093,0.02292597151740669,1.093,0.0,0.022917651,6.5
3.777284211994619,0.3364603815541186,6.5,764.3807090902502,4.2043704298774065,1.0940000000000003,0.022925971454963407,1.094,0.0,0.022917651,6.5
3.777334547341407,0.3403136727974401,6.5,771.3501069218561,4.201132400932051,1.095,0.02292597141710613,1.095,0.0,0.022917651,6.5
3.7773792256753076,0.34419847233209866,6.5,778.409089369353,4.197840239626492,1.0960000000000003,0.022925971354528854,1.096,0.0,0.022917651,6.5
3.777417812988525,0.3481173216197032,6.5,785.5593696075324,4.194489657011379,1.097,0.02292597129060042,1.097,0.0,0.022917651,6.5
3.7774496172800043,0.35207021040945147,6.5,792.8047341257478,4.191077915904245,1.098,0.022925971229923636,1.098,0.0,0.022917651,6.5
3.7774752290484304,0.35605722882860513,6.5,800.1453835220218,4.187607296031816,1.0990000000000002,0.02292597116459969,1.099,0.0,0.022917651,6.5
3.7774935382964023,0.3600801528926101,6.5,807.583260663425,4.184071524306437,1.1000000000000003,0.02292597111828475,1.1,0.0,0.022917651,6.5
3.777532506026768,0.3632615540672613,6.5,810.734053671021,4.18142388818876,1.101,0.0229259711196478,1.101,0.0,0.022917651,6.5
3.7775663670132182,0.3664536321718065,6.5,813.8896463182288,4.178745147608026,1.102,0.022925971113102517,1.102,0.0,0.022917651,6.5
3.77759435852644,0.3696569837049924,6.5,817.0532927362069,4.176031634328422,1.103,0.022925971106557235,1.103,0.0,0.022917651,6.5
3.777616988028219,0.3728716289802164,6.5,820.2216888025218,4.173285386693952,1.1040000000000005,0.022925971100011953,1.104,0.0,0.022917651,6.5
3.7776339125930156,0.37609923945258145,6.5,823.3964186990146,4.170503372852137,1.1050000000000002,0.022925971093466665,1.105,0.0,0.022917651,6.5
3.7776445692165854,0.3793396075195895,6.5,826.5789492561315,4.167683510453857,1.106,0.022925971086921376,1.106,0.0,0.022917651,6.5
3.77765108101301,0.3825940507107312,6.5,829.7683765608206,4.164832994505362,1.107,0.02292597108159543,1.107,0.0,0.022917651,6.5
3.7776559401212615,0.3858641613904018,6.5,832.9651747711495,4.1619602075584226,1.1080000000000003,0.022925971078203905,1.108,0.0,0.022917651,6.5
3.777657321288372,0.3891451847215458,6.5,836.1628693519195,4.159062596134123,1.1090000000000002,0.022925971074810696,1.109,0.0,0.022917651,6.5
3.7776551114337242,0.3924374755144708,6.5,839.3614894474208,4.1561393530976956,1.1100000000000003,0.022925971071415762,1.11,0.0,0.022917651,6.5
3.777649192520768,0.39574140412959063,6.5,842.5610654792349,4.153189635940445,1.111,0.02292597106801904,1.111,0.0,0.022917651,6.5
3.777639441282512,0.39905735733875247,6.5,845.7616292169889,4.150212564820388,1.112,0.022925971064620472,1.112,0.0,0.022917651,6.5
3.777625728928564,0.40238573924444365,6.5,848.9632138538533,4.147207220471192,1.113,0.022925971061219998,1.113,0.0,0.022917651,6.5
3.7776079208322555,0.40572697226149507,6.5,852.1658540871882,4.14417264196898,1.114,0.022925971057817553,1.114,0.0,0.022917651,6.5
3.7775765143882887,0.4090884540038352,6.5,855.4143128416006,4.1410634192215,1.115,0.022925971054513637,1.115,0.0,0.022917651,6.5
3.777539222240428,0.4124620600673992,6.5,858.6697169691852,4.137918529066801,1.1160000000000003,0.02292597105121854,1.116,0.0,0.022917651,6.5
3.777496968996547,0.4158472170430275,6.5,861.9268361322625,4.134742243591706,1.117,0.02292597104792014,1.117,0.0,0.022917651,6.5
3.77744958030379,0.4192443308762049,6.5,865.1857306040753,4.131533459438446,1.1180000000000003,0.022925971044618323,1.118,0.0,0.022917651,6.5
3.7773968735425103,0.42265382675996727,6.5,868.4464635156671,4.1282910209345065,1.1190000000000002,0.022925971041312963,1.119,0.0,0.022917651,6.5
3.777338657330438,0.42607615028934875,6.5,871.7091010272953,4.125013716954847,1.1200000000000003,0.022925971038003937,1.12,0.0,0.022917651,6.5
3.777264545355465,0.4294849500506306,6.5,875.0168840320777,4.12168635372335,1.1210000000000002,0.022925971040014204,1.121,0.0,0.022917651,6.5
3.77717912600144,0.43288801651406533,6.5,878.3488500926325,4.118319494346079,1.122,0.022925971044569993,1.122,0.0,0.022917651,6.5
3.777086981915668,0.4362972365472748,6.5,881.6845817129807,4.114919582531796,1.123,0.022925971049102722,1.123,0.0,0.022917651,6.5
3.77698786821464,0.4397128342347029,6.5,885.0242160173293,4.111485414664195,1.124,0.022925971053611546,1.124,0.0,0.022917651,6.5
3.7768815279787185,0.443135044674635,6.5,888.3678968695948,4.108015727968726,1.125,0.022925971058095584,1.125,0.0,0.022917651,6.5
3.7767629433130123,0.44655049039120515,6.5,891.7519769984447,4.104503828240297,1.1260000000000003,0.022925971059306563,1.1260000000000001,0.0,0.022917651,6.5
3.776629420601819,0.4499479638334047,6.5,895.1979250280211,4.1009501484768425,1.127,0.022925971055566794,1.127,0.0,0.022917651,6.5
3.7764879151035786,0.4533463280932343,6.5,898.652130302997,4.097363646761789,1.1280000000000003,0.022925971051809015,1.1280000000000001,0.0,0.022917651,6.5
3.776338142901922,0.45674561485357495,6.5,902.1148865011443,4.093743155747285,1.129,0.022925971048032588,1.129,0.0,0.022917651,6.5
3.77617980645523,0.46014585731778473,6.5,905.586501393944,4.090087452064026,1.1300000000000001,0.02292597104423685,1.1300000000000001,0.0,0.022917651,6.5
3.7760044595786315,0.4635157821387234,6.5,909.1582158279059,4.086394027172449,1.131,0.022925971050769284,1.131,0.0,0.022917651,6.5
3.775818092101027,0.46687278139668387,6.5,912.7691616653753,4.082669446241318,1.1320000000000001,0.02292597106007416,1.1320000000000001,0.0,0.022917651,6.5
3.7756227402183726,0.47022481898147966,6.5,916.3949326350495,4.078913889366443,1.133,0.02292597106924417,1.133,0.0,0.022917651,6.5
3.775418102542742,0.47357172845043993,6.5,920.0360260559888,4.075126317438893,1.1340000000000001,0.022925971078274786,1.1340000000000001,0.0,0.022917651,6.5
3.775194925488727,0.4769050919678776,6.5,923.7528506720522,4.0712781318234414,1.135,0.02292597109618626,1.135,0.0,0.022917651,6.5
3.774956895998487,0.4802257363261742,6.5,927.5224889698467,4.0673832542887896,1.1360000000000003,0.022925971119008015,1.1360000000000001,0.0,0.022917651,6.5
3.774708893874872,0.4835375857911997,6.5,931.3115012759373,4.063457280977751,1.1370000000000002,0.02292597114150438,1.137,0.0,0.022917651,6.5
3.7744505931936234,0.48684035292944117,6.5,935.1205207690496,4.05949919562236,1.1380000000000001,0.022925971163664717,1.1380000000000001,0.0,0.022917651,6.5
3.7741661270903544,0.49012566314581973,6.5,939.024731047286,4.0554539075898655,1.139,0.02292597118465674,1.139,0.0,0.022917651,6.5
3.773869086234389,0.4933980834924678,6.5,942.9596612622396,4.051371210712227,1.1400000000000003,0.022925971205426592,1.1400000000000001,0.0,0.022917651,6.5
3.7735608460621424,0.49665799904043695,6.5,946.917848738758,4.047256221428913,1.141,0.02292597122607294,1.141,0.0,0.022917651,6.5
3.7732294120255894,0.49989805494412615,6.5,950.9393083214056,4.04306831442726,1.1420000000000001,0.02292597126556003,1.1420000000000001,0.0,0.022917651,6.5
3.772875521174325,0.5031166041467408,6.5,955.0214512017285,4.038812085263422,1.143,0.022925971322635907,1.143,0.0,0.022917651,6.5
3.7725093235373675,0.5063188543341517,6.5,959.1296512463168,4.034522928190714,1.1440000000000003,0.022925971380312826,1.1440000000000001,0.0,0.022917651,6.5
3.772117601008749,0.5094970759607284,6.5,963.29446149976,4.0301557026963035,1.145,0.02292597147400637,1.145,0.0,0.022917651,6.5
3.771698134799859,0.5126480541561672,6.5,967.5203682120325,4.025704748450596,1.1460000000000001,0.02292597161089556,1.1460000000000001,0.0,0.022917651,6.5
3.771264913951714,0.5157786631705056,6.5,971.7746382288668,4.021219144569795,1.1469999999999998,0.0229259717520549,1.147,0.0,0.022917651,6.5
3.7707983679734567,0.5188668168055177,6.5,976.1114278704783,4.016642695398276,1.1480000000000001,0.022925971974967846,1.1480000000000001,0.0,0.022917651,6.5
3.7703093001144605,0.5219219531312167,6.5,980.500726775266,4.0120091762285,1.149,0.022925972237572905,1.149,0.0,0.022917651,6.5
3.769798265388534,0.5249438087704706,6.5,984.9350958469024,4.007321068577326,1.1500000000000001,0.0229259725354472,1.1500000000000001,0.0,0.022917651,6.5
3.769239874715866,0.5279010839620197,6.5,989.4649179180126,4.002508108518716,1.151,0.022925972969894952,1.151,0.0,0.022917651,6.5
3.768665625179914,0.5308283151459837,6.5,994.0283485534751,3.9976617566694768,1.1520000000000001,0.022925973419907687,1.1520000000000001,0.0,0.022917651,6.5
3.7680366497705964,0.5336953316843019,6.5,998.6703194789733,3.9926567263201287,1.1530000000000002,0.02292597401707305,1.153,0.0,0.022917651,6.5
3.767384920931015,0.5365241143961703,6.5,1003.353274513935,3.987598917825252,1.154,0.02292597465320957,1.154,0.0,0.022917651,6.5
3.7666825491995706,0.5392687151706044,6.5,1008.1272616394882,3.982422712367395,1.155,0.022925975593706852,1.155,0.0,0.022917651,6.5
3.765952918724881,0.5419609935672661,6.5,1012.9529366817522,3.9771897921900514,1.156,0.0229259766421813,1.156,0.0,0.022917651,6.5
3.7651648485581815,0.5445431634231827,6.5,1017.8754723531114,3.971833231561142,1.157,0.02292597812661903,1.157,0.0,0.022917651,6.5
3.7643454626770216,0.5470625466164523,6.5,1022.8499782008682,3.9664141953667147,1.158,0.022925979837928528,1.158,0.0,0.022917651,6.5
3.763448403350628,0.5494632499340424,6.5,1027.9037408676766,3.960803135102953,1.159,0.022925982757809212,1.159,0.0,0.022917651,6.5
3.7624986399587037,0.5517580498535913,6.5,1033.0230846218126,3.9550871688375193,1.1600000000000001,0.022925986324303208,1.16,0.0,0.022917651,6.5
3.761492336478467,0.5539376671385475,6.5,1038.2111523761557,3.949260232827426,1.161,0.02292599059332564,1.161,0.0,0.022917651,6.5
3.7603760381966667,0.5558908451731898,6.5,1043.5079940104256,3.943219748891553,1.1620000000000001,0.02292599668510493,1.162,0.0,0.022917651,6.5
3.759179122874575,0.5576738954800592,6.5,1048.8681669002099,3.937026915108559,1.163,0.022926004443785116,1.163,0.0,0.022917651,6.5
3.757885566530403,0.5592478398944445,6.5,1054.293605590558,3.930656625727162,1.164,0.022926015124409796,1.164,0.0,0.022917651,6.5
3.756479681263433,0.5605546033438865,6.5,1059.7891978123123,3.924104211447332,1.1650000000000003,0.022926030327824753,1.165,0.0,0.022917651,6.5
3.7549370849166177,0.561509458446536,6.5,1065.3620820620865,3.917356857354083,1.166,0.022926052344065445,1.166,0.0,0.022917651,6.5
3.753210473947406,0.5620244163688846,6.5,1070.9991296424746,3.9103133343364718,1.167,0.022926086752679948,1.167,0.0,0.022917651,6.5
3.7512966426765546,0.5620263705593086,6.5,1076.6850250696248,3.903033949223223,1.168,0.022926137850022676,1.168,0.0,0.022917651,6.5
3.749146695088194,0.5613281613663154,6.5,1082.4240804268602,3.8955102484801976,1.1690000000000003,0.022926217783870054,1.169,0.0,0.022917651,6.5
3.7466712284822066,0.5597097032106895,6.5,1088.1880020181961,3.8876047168942187,1.1700000000000002,0.02292636453229701,1.17,0.0,0.022917651,6.5
3.743843498795675,0.5569423732029397,6.5,1093.9697669741795,3.879439021483124,1.171,0.022926636095648892,1.171,0.0,0.022917651,6.5
3.740602507134279,0.5528013916979864,6.5,1099.7443473086694,3.8709939193479723,1.172,0.022927173067442318,1.172,0.0,0.022917651,6.5
3.736838057678442,0.5470255675824082,6.5,1105.476815706032,3.8620898397229135,1.173,0.02292838016448141,1.173,0.0,0.022917651,6.5
3.7325894116351295,0.539730351260397,6.5,1111.1420740848,3.8527683565868416,1.174,0.022931300541489976,1.174,0.0,0.022917651,6.5
3.7279103244714684,0.5314144262011959,6.5,1116.706356006455,3.8427458072079177,1.175,0.02293879945667707,1.175,0.0,0.022917651,6.5
3.722948446699308,0.5230886568121119,6.5,1122.1640101783962,3.8316019633703586,1.176,0.02295702855516385,1.176,0.0,0.022917651,6.5
3.7178822441413777,0.5157944931590003,6.5,1127.5501819031963,3.819009190691915,1.177,0.022987492643935084,1.177,0.0,0.022917651,6.5
3.712906809266712,0.5106486963809879,6.5,1132.8948286644065,3.8046311427058224,1.178,0.023034874837718208,1.178,0.0,0.022917651,6.5
3.70824541848096,0.5088691611675643,6.5,1138.2254630581635,3.7881430017749183,1.179,0.023106805965461358,1.179,0.0,0.022917651,6.5
3.704079070161055,0.5112706275118976,6.5,1143.5849445793335,3.7694540323842323,1.1800000000000002,0.02321353438545756,1.18,0.0,0.022917651,6.5
3.7004885931102858,0.5179984393020399,6.5,1149.0272039863087,3.7487421768315494,1.181,0.023372524189773952,1.181,0.0,0.022917651,6.5
3.697515236792789,0.5289091191756049,6.5,1154.623406108576,3.726315965689435,1.182,0.023597877574137577,1.182,0.0,0.022917651,6.5
3.695028993249105,0.5432105219678829,6.5,1160.4321062441081,3.7024474786687245,1.183,0.023871733415485485,1.183,0.0,0.022917651,6.5
3.6929709596533122,0.5604288775191745,6.5,1166.5218561577426,3.6773748659949845,1.184,0.02418828236589733,1.184,0.0,0.022917651,6.5
3.691251794517899,0.5800563545598013,6.5,1172.9491749781926,3.6512486154594814,1.1850000000000003,0.024590480975519243,1.185,0.0,0.022917651,6.5
3.6897860737872596,0.601833636107755,6.5,1179.783990681342,3.6239863534435277,1.186,0.02505368116318017,1.186,0.0,0.022917651,6.5
3.6885090808052388,0.6255228796067995,6.5,1187.0886164138192,3.595567010536478,1.187,0.02564968241808542,1.187,0.0,0.022917651,6.5
3.687381703318412,0.6510897669559887,6.5,1194.9328246925259,3.565868499590521,1.188,0.026336879480931937,1.188,0.0,0.022917651,6.5
3.686339547355733,0.6784692132710778,6.5,1203.3810166363664,3.5346983188528087,1.1890000000000003,0.027127737397568182,1.189,0.0,0.022917651,6.5
3.68536409378461,0.707858576849381,6.5,1212.5418611435457,3.5017850268632773,1.19,0.02799050225903169,1.19,0.0,0.022917651,6.5
3.6844036932318858,0.7393378274536575,6.5,1222.50532166823,3.466842060584311,1.1910000000000003,0.028901987338740272,1.191,0.0,0.022917651,6.5
3.683425560724806,0.7732086167966524,6.5,1233.4076718609774,3.4294366182081686,1.192,0.029888444133958296,1.192,0.0,0.022917651,6.5
3.68237504731841,0.8096249841574463,6.5,1245.3905291524488,3.389196090628314,1.1930000000000003,0.030879032581840528,1.193,0.0,0.022917651,6.5
3.6812203029654267,0.8492474027462141,6.5,1258.6587149908698,3.345332579467352,1.1940000000000002,0.031895602622730945,1.194,0.0,0.022917651,6.5
3.679942617522438,0.8925362966324107,6.5,1273.444129710851,3.297310837250803,1.195,0.032822926383016926,1.195,0.0,0.022917651,6.5
3.6784492128550097,0.9402548675405923,6.5,1290.0810461853218,3.243996531390838,1.1960000000000002,0.03363586423968436,1.196,0.0,0.022917651,6.5
3.676627666495892,0.9933362366953148,6.5,1308.9918400034953,3.1840068675845457,1.197,0.03432943132335492,1.197,0.0,0.022917651,6.5
3.6744263460835906,1.0533537242489868,6.5,1330.7787886000472,3.11556196816534,1.198,0.03489367592968829,1.198,0.0,0.022917651,6.5
3.671727348714073,1.122051959680007,6.5,1356.3318016042033,3.036445639231283,1.199,0.035267161232441065,1.199,0.0,0.022917651,6.5
3.668319802066996,1.202464396741637,6.5,1387.1304278682603,2.9427808979200916,1.2,0.03549135543006706,1.2,0.0,0.022917651,6.5
3.665274323300601,1.2688313561029227,6.5,1413.021661880041,2.864579645341649,1.201,0.03556096011635643,1.201,0.0,0.022917651,6.5
3.6616494406515225,1.3448657948198144,6.5,1444.8644279527387,2.774393288468428,1.202,0.03555745886307344,1.202,0.0,0.022917651,6.5
3.657401109761418,1.430030877879782,6.5,1487.4838600801183,2.672582499543604,1.203,0.035552781882446836,1.203,0.0,0.022917651,6.5
3.651702892882873,1.5362984367885844,6.5,1548.3284367775584,2.543869692677803,1.2040000000000002,0.03554793176738801,1.204,0.0,0.022917651,6.5
3.646869649252618,1.6247257322598765,6.5,1638.5179330591739,2.4364570503299046,1.205,0.035543081652329195,1.205,0.0,0.022917651,6.5
3.6450037230126404,1.6640118232135939,6.5,1757.2351254344228,2.390054890310763,1.2060000000000002,0.03553823153727036,1.206,0.0,0.022917651,6.5
3.634503515261657,1.8347904628923843,6.5,1950.5562615795848,2.177623032498003,1.207,0.03553338142221154,1.207,0.0,0.022917651,6.5
3.617417384071266,2.092381888004277,6.5,2333.611006347885,1.8520347028985384,1.2080000000000002,0.035528531307152715,1.208,0.0,0.022917651,6.5
3.5799240810878437,2.5933416467172234,6.5,3590.622537881681,1.2014493489922955,1.2089999999999999,0.0355236811920939,1.209,0.0,0.022917651,6.5
