log_Teff,LogL_lsun,Age_gyr,Step,Log_g,Mass_msun,feh,Mass_input,Metallicity_input,Z_used,Age_input
3.54019994669409,-1.9562197952808806,1.0,280.2640741709116,4.986925687891618,0.3,0.023471230316986804,0.3,0.0,0.022917651,1.0
3.5403685028605607,-1.9536802021437805,1.0,280.26123811207225,4.986309706876392,0.301,0.023470644478048808,0.301,0.0,0.022917651,1.0
3.5405369249666543,-1.9511419192737456,1.0,280.25925249871904,4.985694499881724,0.302,0.02347005364610857,0.302,0.0,0.022917651,1.0
3.540705209090056,-1.9486049850063132,1.0,280.2581422130203,4.985080089553753,0.30299999999999994,0.02346945767508182,0.303,0.0,0.022917651,1.0
3.540873351153937,-1.9460694391872355,1.0,280.2579331173672,4.98446649943076,0.30400000000000005,0.02346885641312933,0.304,0.0,0.022917651,1.0
3.541041346919265,-1.9435353232475847,1.0,280.25865210312384,4.983853753987526,0.305,0.02346824970237073,0.305,0.0,0.022917651,1.0
3.5412091919766566,-1.94100268028339,1.0,280.26032714231513,4.9832418786823816,0.30600000000000005,0.023467637378581065,0.306,0.0,0.022917651,1.0
3.5413768817377322,-1.9384715551401186,1.0,280.26298734246217,4.982630900007112,0.307,0.023467019270868816,0.307,0.0,0.022917651,1.0
3.541544411425945,-1.935941994502361,1.0,280.2666630047908,4.982020845539939,0.308,0.023466395201334173,0.308,0.0,0.022917651,1.0
3.5417117760668306,-1.9334140469890826,1.0,280.27138568605847,4.9814117440017815,0.309,0.023465764984706053,0.309,0.0,0.022917651,1.0
3.541878970477649,-1.9308877632548618,1.0,280.2771882642629,4.980803625316072,0.30999999999999994,0.023465128427956304,0.31,0.0,0.022917651,1.0
3.5420459892563727,-1.9283631960975531,1.0,280.2841050085228,4.980196520672347,0.311,0.02346448532988945,0.311,0.0,0.022917651,1.0
3.5422128267699606,-1.925840400572856,1.0,280.2921716534388,4.979590462593936,0.312,0.0234638354807061,0.312,0.0,0.022917651,1.0
3.5423794771418775,-1.9233194341163116,1.0,280.30142547827865,4.978985485010015,0.313,0.023463178661538072,0.313,0.0,0.022917651,1.0
3.5425447844185167,-1.9207712532224992,1.0,280.28221137497184,4.978347920337028,0.314,0.023462244782813585,0.314,0.0,0.022917651,1.0
3.542709742560523,-1.918218847168458,1.0,280.2603095302207,4.977704733930408,0.31499999999999995,0.023461259031348103,0.315,0.0,0.022917651,1.0
3.5428745042242715,-1.9156660674621653,1.0,280.2398521336445,4.977060387960453,0.316,0.02346025755962615,0.316,0.0,0.022917651,1.0
3.5430390632819915,-1.913112902450143,1.0,280.22088423473366,4.976414846262664,0.317,0.023459239877363904,0.317,0.0,0.022917651,1.0
3.54320341334842,-1.9105593399892256,1.0,280.2034527759983,4.9757680711528876,0.318,0.02345820547367541,0.318,0.0,0.022917651,1.0
3.543367547767131,-1.9080053674205621,1.0,280.1876066934566,4.975120023346628,0.319,0.023457153815978907,0.319,0.0,0.022917651,1.0
3.543531459595984,-1.9054509715419508,1.0,280.1733970235932,4.974470661873201,0.32,0.02345608434883277,0.32,0.0,0.022917651,1.0
3.543695141591634,-1.902896138578367,1.0,280.1608770172794,4.973819943984266,0.32099999999999995,0.023454996492695723,0.321,0.0,0.022917651,1.0
3.5438585861930103,-1.9003408541505584,1.0,280.15010226118727,4.973167825056368,0.322,0.02345388964260543,0.322,0.0,0.022917651,1.0
3.544021785503709,-1.897785103241546,1.0,280.1411308072828,4.972514258486986,0.323,0.023452763166769187,0.323,0.0,0.022917651,1.0
3.544184731273187,-1.8952288701608744,1.0,280.13402331102895,4.971859195583576,0.32400000000000007,0.023451616405059876,0.324,0.0,0.022917651,1.0
3.54434741487669,-1.8926721385064271,1.0,280.12884317899136,4.9712025854450905,0.325,0.023450448667409477,0.325,0.0,0.022917651,1.0
3.54450982729379,-1.8901148911236183,1.0,280.12565672660264,4.9705443748353195,0.32600000000000007,0.023449259232092134,0.326,0.0,0.022917651,1.0
3.544671959085433,-1.8875571100617408,1.0,280.12453334690724,4.969884508047434,0.327,0.023448047343887637,0.327,0.0,0.022917651,1.0
3.5448338003693673,-1.8849987765272374,1.0,280.1255456911926,4.969222926758973,0.328,0.02344681221211557,0.328,0.0,0.022917651,1.0
3.5449953407938275,-1.88243987083365,1.0,280.1287698624931,4.96855956987651,0.329,0.023445553008529386,0.329,0.0,0.022917651,1.0
3.545156569509309,-1.8798803723479496,1.0,280.1342856230489,4.96789437336911,0.33,0.023444268865058564,0.33,0.0,0.022917651,1.0
3.5453174751382917,-1.8773202594329546,1.0,280.1421766169114,4.967227270089625,0.33100000000000007,0.023442958871385963,0.331,0.0,0.022917651,1.0
3.545478045742723,-1.8747595093854892,1.0,280.15253060899744,4.966558189582787,0.33199999999999996,0.02344162207234612,0.332,0.0,0.022917651,1.0
3.5456382687890686,-1.8721980983699218,1.0,280.16543974203114,4.965887057878948,0.333,0.023440257465128917,0.333,0.0,0.022917651,1.0
3.5457981311107125,-1.8696360013466589,1.0,280.1810008129531,4.965213797272185,0.3340000000000001,0.02343886399627133,0.334,0.0,0.022917651,1.0
3.5459576188674737,-1.867073191995158,1.0,280.19931557053883,4.96453832608137,0.3350000000000001,0.023437440558418402,0.335,0.0,0.022917651,1.0
3.5461167175019805,-1.8645096426309549,1.0,280.22049103615313,4.963860558392692,0.336,0.023435985986832393,0.336,0.0,0.022917651,1.0
3.5462754116926,-1.8619453241161565,1.0,280.2446398497616,4.963180403781877,0.3370000000000001,0.02343449905562706,0.337,0.0,0.022917651,1.0
3.5464336853026186,-1.8593802057627908,1.0,280.27188064355397,4.962497767014263,0.338,0.023432978473701422,0.338,0.0,0.022917651,1.0
3.546591521325311,-1.8568142552283418,1.0,280.3023384457831,4.9618125477206,0.339,0.0234314228803447,0.339,0.0,0.022917651,1.0
3.546748901824505,-1.8542474384027197,1.0,280.3361451177099,4.961124640046288,0.34,0.02342983084048095,0.34,0.0,0.022917651,1.0
3.5469058078702083,-1.851679719285837,1.0,280.3734398268638,4.960433932271455,0.341,0.023428200839518434,0.341,0.0,0.022917651,1.0
3.547062219468807,-1.8491110598548663,1.0,280.41436956018964,4.959740306399018,0.342,0.023426531277764954,0.342,0.0,0.022917651,1.0
3.547218115487299,-1.8465414199201533,1.0,280.45908968106033,4.959043637707527,0.3430000000000001,0.023424820464365764,0.343,0.0,0.022917651,1.0
3.54737347357096,-1.8439707569686299,1.0,280.5077645345902,4.958343794265234,0.344,0.023423066610715772,0.34400000000000003,0.0,0.022917651,1.0
3.54752827005376,-1.841399025993457,1.0,280.5605681062098,4.957640636401416,0.3450000000000001,0.02342126782329215,0.34500000000000003,0.0,0.022917651,1.0
3.5476824798607813,-1.8388261793084468,1.0,280.6176847390505,4.956934016130465,0.3460000000000001,0.02341942209584687,0.34600000000000003,0.0,0.022917651,1.0
3.547836076401796,-1.8362521663456688,1.0,280.67930991635694,4.9562237765238,0.34700000000000003,0.023417527300891527,0.34700000000000003,0.0,0.022917651,1.0
3.5479914077721655,-1.833652494063585,1.0,280.73614459063646,4.955494816809175,0.3480000000000001,0.023415419318000088,0.34800000000000003,0.0,0.022917651,1.0
3.5481499909997645,-1.8310114876005545,1.0,280.7819921724817,4.954737530180803,0.3490000000000001,0.023413005659367436,0.34900000000000003,0.0,0.022917651,1.0
3.548308238418444,-1.8283658087660433,1.0,280.83119783493197,4.953974227960582,0.35000000000000003,0.02341053356741881,0.35000000000000003,0.0,0.022917651,1.0
3.548466134342369,-1.825715239310757,1.0,280.88391843596094,4.953204629156583,0.35100000000000003,0.023408000312698723,0.35100000000000003,0.0,0.022917651,1.0
3.5486236620933234,-1.82305954717767,1.0,280.9403207572978,4.952428434999682,0.35200000000000004,0.02340540299307032,0.352,0.0,0.022917651,1.0
3.548780803920972,-1.8203984853925308,1.0,281.0005823018335,4.951645327515094,0.35300000000000004,0.023402738519839865,0.353,0.0,0.022917651,1.0
3.548937540915307,-1.8177317908456354,1.0,281.0648921691717,4.950854967953945,0.35400000000000004,0.023400003602521466,0.354,0.0,0.022917651,1.0
3.5490938529103673,-1.8150591829522351,1.0,281.13345201840656,4.950056995068562,0.355,0.023397194732083924,0.355,0.0,0.022917651,1.0
3.5492497183782072,-1.812380362177234,1.0,281.2064771284387,4.949251023213047,0.356,0.023394308162500422,0.356,0.0,0.022917651,1.0
3.54940511431194,-1.8096950084078582,1.0,281.2841975675547,4.948436640248128,0.357,0.02339133989039687,0.357,0.0,0.022917651,1.0
3.549560016096515,-1.8070027791556993,1.0,281.36685948563445,4.947613405226315,0.358,0.023388285632566466,0.358,0.0,0.022917651,1.0
3.549714397365707,-1.8043033075668957,1.0,281.45472654425623,4.9467808458300455,0.35900000000000004,0.023385140801084687,0.359,0.0,0.022917651,1.0
3.549868229843567,-1.801596200216124,1.0,281.5480815021756,4.945938455531495,0.36,0.023381900475720717,0.36,0.0,0.022917651,1.0
3.5500214831683343,-1.7988810346565007,1.0,281.647227976238,4.945085690438116,0.361,0.023378559373296113,0.361,0.0,0.022917651,1.0
3.5501741246964906,-1.7961573566932831,1.0,281.7524924007952,4.944221965782579,0.36200000000000004,0.023375111813589377,0.362,0.0,0.022917651,1.0
3.5503267336701323,-1.7934326003639942,1.0,281.8519990248145,4.943357032630779,0.363,0.023371396581523027,0.363,0.0,0.022917651,1.0
3.550479938729697,-1.7907136991476411,1.0,281.9344006028064,4.9425003390624305,0.36400000000000005,0.023367273831812446,0.364,0.0,0.022917651,1.0
3.550632629169511,-1.787985664194764,1.0,282.02225033541356,4.941632453291144,0.365,0.023363026072693954,0.365,0.0,0.022917651,1.0
3.5507847743053147,-1.7852479509052859,1.0,282.1158730694733,4.940752707980549,0.366,0.02335864585046742,0.366,0.0,0.022917651,1.0
3.550936340963976,-1.7824999705053857,1.0,282.2156200008844,4.9398603816651105,0.36699999999999994,0.023354125106846244,0.367,0.0,0.022917651,1.0
3.551087293225924,-1.779741085476009,1.0,282.3218714014417,4.938954693148372,0.368,0.02334945511638937,0.368,0.0,0.022917651,1.0
3.5512375921349157,-1.7769706044016575,1.0,282.43503969146474,4.93803479519081,0.369,0.023344626415999,0.369,0.0,0.022917651,1.0
3.5513871953702,-1.7741877761518463,1.0,282.5555729104835,4.937099767379972,0.37,0.02333962872528474,0.37,0.0,0.022917651,1.0
3.55153605687528,-1.771391783292135,1.0,282.6839586474719,4.936148608056559,0.371,0.023334450856383325,0.371,0.0,0.022917651,1.0
3.5516841264364074,-1.7685817346030377,1.0,282.82072850322015,4.935180225147317,0.37199999999999994,0.023329080611568218,0.372,0.0,0.022917651,1.0
3.55183134920269,-1.765756656562637,1.0,282.96646317084475,4.9341934257280995,0.37300000000000005,0.02332350466667598,0.373,0.0,0.022917651,1.0
3.5519807998715307,-1.7629543039398572,1.0,283.0750561511008,4.933238263341501,0.37399999999999994,0.023317013047745524,0.374,0.0,0.022917651,1.0
3.5521295927661516,-1.7601377860567513,1.0,283.19077770331575,4.9322663045481505,0.37500000000000006,0.023310279621527808,0.375,0.0,0.022917651,1.0
3.5522776593634795,-1.7573058351981725,1.0,283.3144698870461,4.931276007537056,0.37600000000000006,0.02330329301552789,0.376,0.0,0.022917651,1.0
3.55242494826939,-1.7544573592985748,1.0,283.44669671874277,4.930266074662421,0.377,0.023296035314281736,0.377,0.0,0.022917651,1.0
3.5525714031236335,-1.751591160767974,1.0,283.5880767148088,4.929235082889138,0.378,0.023288486871184455,0.378,0.0,0.022917651,1.0
3.552716961985149,-1.748705923430614,1.0,283.73928963735324,4.9281814682726734,0.379,0.023280626094217587,0.379,0.0,0.022917651,1.0
3.5528615566237605,-1.745800197474384,1.0,283.90108426733053,4.9271035080752315,0.38,0.02327242919904253,0.38,0.0,0.022917651,1.0
3.553005900911282,-1.7428939843190765,1.0,284.06289445480843,4.926024059187296,0.381,0.023263621521654905,0.381,0.0,0.022917651,1.0
3.5531518632605943,-1.7400377550311763,1.0,284.1983477772235,4.925001066358172,0.382,0.023253637353051186,0.382,0.0,0.022917651,1.0
3.553296992263712,-1.7371640824645185,1.0,284.3431713616795,4.92395729688222,0.38300000000000006,0.023243248536491238,0.383,0.0,0.022917651,1.0
3.553441228718644,-1.7342717274260246,1.0,284.4980308837078,4.922891274759584,0.384,0.02323242632526103,0.384,0.0,0.022917651,1.0
3.5535845076796684,-1.731359330497121,1.0,284.6636566021344,4.921801380790109,0.385,0.023221139183663895,0.385,0.0,0.022917651,1.0
3.553726757743459,-1.7284253970910823,1.0,284.8408513860444,4.920685834775191,0.386,0.023209352440381886,0.386,0.0,0.022917651,1.0
3.553867900226012,-1.7254682802249237,1.0,285.030499969458,4.919542674997411,0.38700000000000007,0.023197027888819347,0.387,0.0,0.022917651,1.0
3.554009598511059,-1.7225423206844128,1.0,285.1975326216968,4.918432895778474,0.388,0.023183665459373084,0.388,0.0,0.022917651,1.0
3.554151982684561,-1.7196495694926006,1.0,285.33986457148706,4.917359068438501,0.38900000000000007,0.02316928566601853,0.389,0.0,0.022917651,1.0
3.5542934217517783,-1.7167374506800137,1.0,285.49081690027845,4.916262093012149,0.39,0.023154296497079396,0.39,0.0,0.022917651,1.0
3.554433848233772,-1.7138045814323581,1.0,285.65100508807427,4.915140316766483,0.391,0.023138654444203346,0.391,0.0,0.022917651,1.0
3.5545731880711555,-1.7108494440852868,1.0,285.82110463559917,4.913991925796439,0.392,0.023122311756166337,0.392,0.0,0.022917651,1.0
3.554711359801905,-1.7078703692756554,1.0,286.00185856354545,4.912814924887286,0.393,0.02310521590875006,0.393,0.0,0.022917651,1.0
3.554850479252501,-1.7049112187879036,1.0,286.1701435245079,4.9116616393083925,0.3940000000000001,0.02308718772951416,0.394,0.0,0.022917651,1.0
3.5549926245161063,-1.7020134656681603,1.0,286.3032184115434,4.910581854687516,0.395,0.02306815929382797,0.395,0.0,0.022917651,1.0
3.555133944263223,-1.6990964403609476,1.0,286.4427181456424,4.90947949585381,0.396,0.023048339451289843,0.396,0.0,0.022917651,1.0
3.5552743812720964,-1.6961588069894065,1.0,286.589088073475,4.908352998046212,0.397,0.023027673344499604,0.397,0.0,0.022917651,1.0
3.555413872907354,-1.6931991032924467,1.0,286.7428156749334,4.907200648465222,0.3980000000000001,0.02300610092612494,0.398,0.0,0.022917651,1.0
3.5555523504642834,-1.6902157253165295,1.0,286.9044356664942,4.90602056834183,0.399,0.022983556330273724,0.399,0.0,0.022917651,1.0
3.555693199409589,-1.687310369135593,1.0,287.03360925809676,4.904927996174584,0.4000000000000001,0.022959904886900587,0.4,0.0,0.022917651,1.0
3.555914208607252,-1.6847845401695007,1.0,286.97982486977054,4.904255303334994,0.401,0.022958995207660433,0.401,0.0,0.022917651,1.0
3.5561377380128634,-1.6823393824148098,1.0,286.89314337790825,4.903673363053328,0.4020000000000001,0.022958070854935703,0.402,0.0,0.022917651,1.0
3.5563609818931816,-1.6798909836635807,1.0,286.8067878783242,4.903087039738376,0.403,0.02295718140056737,0.403,0.0,0.022917651,1.0
3.556583763054525,-1.6774336263884075,1.0,286.7230894705051,4.902489907050974,0.404,0.022956327874010016,0.404,0.0,0.022917651,1.0
3.5568061093183667,-1.674967849230119,1.0,286.64188839396815,4.901882614916196,0.405,0.022955508115065585,0.405,0.0,0.022917651,1.0
3.5570280463196084,-1.672494148496183,1.0,286.5630374442751,4.901265762179598,0.4060000000000001,0.022954720133312338,0.406,0.0,0.022917651,1.0
3.557249597717253,-1.6700129822394432,1.0,286.4864007632813,4.900639901528636,0.40700000000000003,0.022953962091747198,0.40700000000000003,0.0,0.022917651,1.0
3.557470785381179,-1.6675247738742018,1.0,286.4118527666092,4.900005543855832,0.40800000000000003,0.022953232292283618,0.40800000000000003,0.0,0.022917651,1.0
3.557691629558123,-1.6650299153897288,1.0,286.33927719052286,4.8993631621362015,0.4090000000000001,0.022952529162863923,0.40900000000000003,0.0,0.022917651,1.0
3.5579121490195194,-1.6625287702125386,1.0,286.2685662429793,4.898713194880886,0.41000000000000003,0.022951851245980235,0.41000000000000003,0.0,0.022917651,1.0
3.5581323611934703,-1.6600216757614208,1.0,286.199619845808,4.898056049220055,0.4110000000000001,0.022951197188427662,0.41100000000000003,0.0,0.022917651,1.0
3.5583522822828018,-1.657508945733022,1.0,286.1323449568088,4.897392103660694,0.41200000000000003,0.02295056573213803,0.41200000000000003,0.0,0.022917651,1.0
3.5585719273708767,-1.654990872150562,1.0,286.0666549621049,4.896721710558589,0.41300000000000014,0.022949955705963608,0.41300000000000003,0.0,0.022917651,1.0
3.5587913105166398,-1.6524677272038337,1.0,286.0024691303989,4.896045198338473,0.41400000000000003,0.02294936601829784,0.41400000000000003,0.0,0.022917651,1.0
3.5590104448401307,-1.6499397649048828,1.0,285.9397121219007,4.895362873491778,0.41500000000000004,0.022948795650435325,0.41500000000000004,0.0,0.022917651,1.0
3.5592293425995787,-1.6474072225805516,1.0,285.87831354563957,4.894675022377533,0.4160000000000001,0.02294824365058602,0.41600000000000004,0.0,0.022917651,1.0
3.5594480152610175,-1.644870322220338,1.0,285.8182075596898,4.893981912848697,0.4170000000000001,0.02294770912846969,0.417,0.0,0.022917651,1.0
3.559666473561269,-1.6423292716956746,1.0,285.7593325095337,4.893283795723349,0.418,0.02294719125042606,0.418,0.0,0.022917651,1.0
3.5598847275649983,-1.6397842658647146,1.0,285.70163060038306,4.892580906117715,0.41899999999999993,0.022946689234984108,0.419,0.0,0.022917651,1.0
3.5601027867165103,-1.6372354875749677,1.0,285.6450475997982,4.891873464655955,0.42,0.02294620234884103,0.42,0.0,0.022917651,1.0
3.5603218569239705,-1.634699960563735,1.0,285.5797648011725,4.891183318716597,0.421,0.022945776418093342,0.421,0.0,0.022917651,1.0
3.560540952071993,-1.6321631619514867,1.0,285.5142569082466,4.890492000936468,0.42200000000000004,0.0229453721870863,0.422,0.0,0.022917651,1.0
3.5607598333537114,-1.6296217535686608,1.0,285.45051089423185,4.889795217915573,0.42299999999999993,0.022944979278856473,0.423,0.0,0.022917651,1.0
3.560978512041046,-1.6270759783752955,1.0,285.38843389850535,4.889093257701891,0.42400000000000004,0.022944597096631787,0.424,0.0,0.022917651,1.0
3.5611969986274703,-1.624526062552452,1.0,285.3279394734583,4.888386388450622,0.425,0.02294422508485362,0.425,0.0,0.022917651,1.0
3.5614153028940723,-1.6219722169260908,1.0,285.268947040284,4.8876748601123055,0.42599999999999993,0.02294386272567941,0.426,0.0,0.022917651,1.0
3.5616334339689977,-1.619414638248369,1.0,285.21138139925813,4.886958905951892,0.42699999999999994,0.02294350953583547,0.427,0.0,0.022917651,1.0
3.56185140038104,-1.6168535103527424,1.0,285.1551722882532,4.88623874391821,0.42800000000000005,0.02294316506377975,0.428,0.0,0.022917651,1.0
3.562069210108038,-1.6142890051971412,1.0,285.1002539840303,4.885514577880732,0.42899999999999994,0.022942828887139537,0.429,0.0,0.022917651,1.0
3.5622868706206563,-1.6117212838076698,1.0,285.04656494155347,4.884786598748399,0.42999999999999994,0.02294250061039346,0.43,0.0,0.022917651,1.0
3.5625043889220644,-1.6091504971337225,1.0,284.99404746715896,4.884054985483437,0.431,0.02294217986277116,0.431,0.0,0.022917651,1.0
3.5627217715839317,-1.6065767868240672,1.0,284.94264742193144,4.883319906021448,0.432,0.022941866296346966,0.432,0.0,0.022917651,1.0
3.562939024779163,-1.6040002859322948,1.0,284.8923139520788,4.882581518107792,0.433,0.022941559584307197,0.433,0.0,0.022917651,1.0
3.563156154311695,-1.6014211195590151,1.0,284.84299924348056,4.881839970058952,0.434,0.02294125941937271,0.434,0.0,0.022917651,1.0
3.5633731656436516,-1.5988394054373218,1.0,284.79465829791985,4.881095401456645,0.435,0.022940965512360866,0.435,0.0,0.022917651,1.0
3.5635900639201443,-1.596255254467291,1.0,284.74724872879597,4.880347943781519,0.43599999999999994,0.022940677590872677,0.436,0.0,0.022917651,1.0
3.5638068539919447,-1.59366877120461,1.0,284.7007305743674,4.879597720992456,0.43699999999999994,0.022940395398092596,0.437,0.0,0.022917651,1.0
3.5640235404362333,-1.59108005430787,1.0,284.6550661267944,4.878844850056872,0.43800000000000006,0.022940118691689857,0.438,0.0,0.022917651,1.0
3.564240127575616,-1.5884891969485397,1.0,284.610219775444,4.878089441436772,0.439,0.022939847242811465,0.439,0.0,0.022917651,1.0
3.564456619495591,-1.5858962871872095,1.0,284.566157863089,4.8773315995348225,0.44,0.02293958083515806,0.44,0.0,0.022917651,1.0
3.5646730200605754,-1.5833014083192924,1.0,284.5228485537779,4.8765714231042,0.44100000000000006,0.022939319264134766,0.441,0.0,0.022917651,1.0
3.564889332928666,-1.5807046391930437,1.0,284.4802617112873,4.875809005625628,0.44200000000000006,0.02293906233607008,0.442,0.0,0.022917651,1.0
3.5651055615652245,-1.5781060545024417,1.0,284.4383687871796,4.875044435654615,0.443,0.022938809867496454,0.443,0.0,0.022917651,1.0
3.565321709255407,-1.5755057250572289,1.0,284.3971427175936,4.874277797141609,0.44399999999999995,0.02293856168448703,0.444,0.0,0.022917651,1.0
3.5655377791157292,-1.5729037180321561,1.0,284.35655782798136,4.873509169727487,0.44500000000000006,0.02293831762204342,0.445,0.0,0.022917651,1.0
3.5657537741047456,-1.5703000971972767,1.0,284.31658974508775,4.872738629016596,0.446,0.022938077523530026,0.446,0.0,0.022917651,1.0
3.5659696970329384,-1.5676949231309554,1.0,284.277215315539,4.871966246829292,0.447,0.022937841240150875,0.447,0.0,0.022917651,1.0
3.566185550571861,-1.5650882534170778,1.0,284.23841253046635,4.871192091435736,0.44800000000000006,0.022937608630465196,0.448,0.0,0.022917651,1.0
3.5664013372626218,-1.5624801428278217,1.0,284.2001604556517,4.870416227772599,0.44900000000000007,0.02293737955993849,0.449,0.0,0.022917651,1.0
3.566617059523746,-1.5598706434931966,1.0,284.1624391667267,4.869638717644051,0.45000000000000007,0.022937153900526107,0.45,0.0,0.022917651,1.0
3.5668327196584846,-1.5572598050584696,1.0,284.12522968900595,4.8688596199084095,0.451,0.022936931530286548,0.451,0.0,0.022917651,1.0
3.5670483198615943,-1.5546476748304603,1.0,284.0885139415701,4.868078990651581,0.452,0.022936712333022156,0.452,0.0,0.022917651,1.0
3.567263862225659,-1.552034297913626,1.0,284.0522746852552,4.8672968833483985,0.453,0.022936496197944824,0.453,0.0,0.022917651,1.0
3.5674793487469607,-1.5494197173367497,1.0,284.01649547423074,4.866513349012825,0.454,0.02293628301936484,0.454,0.0,0.022917651,1.0
3.5676947813309603,-1.5468039741709831,1.0,283.98116061088325,4.865728436337899,0.45500000000000007,0.022936072696400942,0.455,0.0,0.022917651,1.0
3.567910161797402,-1.544187107639925,1.0,283.9462551037441,4.864942191826238,0.456,0.022935865132709923,0.456,0.0,0.022917651,1.0
3.5681254918850827,-1.541569155222355,1.0,283.9117646282238,4.864154659911846,0.457,0.0229356602362343,0.457,0.0,0.022917651,1.0
3.568340773256299,-1.5389501527481855,1.0,283.8776754899387,4.863365883073864,0.458,0.02293545791896663,0.458,0.0,0.022917651,1.0
3.5685560075010105,-1.5363301344881524,1.0,283.84397459043043,4.862575901942908,0.459,0.022935258096729215,0.459,0.0,0.022917651,1.0
3.568771196140738,-1.5337091332377149,1.0,283.81064939509986,4.861784755400543,0.46,0.022935060688967997,0.46,0.0,0.022917651,1.0
3.5689878360145872,-1.5310918346709828,1.0,283.7718265250783,4.861003116516098,0.461,0.022934866265408634,0.461,0.0,0.022917651,1.0
3.5692050042535026,-1.5284751737767084,1.0,283.73127612552844,4.8602242287794475,0.4620000000000001,0.022934674267931044,0.462,0.0,0.022917651,1.0
3.5694221415392082,-1.5258574090484018,1.0,283.69120393120704,4.859444113396661,0.463,0.022934484368411508,0.463,0.0,0.022917651,1.0
3.5696392488946613,-1.5232385769660162,1.0,283.6515941381942,4.858662810939486,0.464,0.02293429649751587,0.464,0.0,0.022917651,1.0
3.569856327298229,-1.5206187124195496,1.0,283.6124316313743,4.857880360211374,0.4650000000000001,0.02293411058893184,0.465,0.0,0.022917651,1.0
3.5700733776860996,-1.517997848794729,1.0,283.57370194731425,4.857096798342779,0.466,0.02293392657920617,0.466,0.0,0.022917651,1.0
3.570290400954526,-1.515376018053219,1.0,283.5353912395169,4.856312160880363,0.467,0.022933744407592202,0.467,0.0,0.022917651,1.0
3.570507397961938,-1.5127532508077477,1.0,283.49748624587374,4.855526481870545,0.468,0.022933564015907078,0.468,0.0,0.022917651,1.0
3.5707243695309114,-1.5101295763925289,1.0,283.4599742581569,4.854739793937826,0.4690000000000001,0.022933385348397898,0.46900000000000003,0.0,0.022917651,1.0
3.570941316450023,-1.5075050229293172,1.0,283.4228430934022,4.853952128358251,0.47000000000000003,0.02293320835161616,0.47000000000000003,0.0,0.022917651,1.0
3.571158239475591,-1.5048796173894115,1.0,283.38608106704925,4.8531635151283705,0.47100000000000003,0.02293303297429996,0.47100000000000003,0.0,0.022917651,1.0
3.5713751393333033,-1.5022533856518876,1.0,283.3496769677117,4.852373983029996,0.47200000000000003,0.022932859167263252,0.47200000000000003,0.0,0.022917651,1.0
3.5715920167197575,-1.4996263525583344,1.0,283.3136200334657,4.85158355969109,0.47300000000000003,0.022932686883291878,0.47300000000000003,0.0,0.022917651,1.0
3.5718088723038997,-1.4969985419643284,1.0,283.27789992955013,4.850792271642998,0.47400000000000003,0.022932516077045672,0.47400000000000003,0.0,0.022917651,1.0
3.572025706728387,-1.494369976787873,1.0,283.2425067273806,4.850000144374335,0.47500000000000003,0.022932346704966456,0.47500000000000003,0.0,0.022917651,1.0
3.5722425206108626,-1.4917406790550125,1.0,283.2074308847895,4.8492072023817085,0.4760000000000001,0.02293217872519131,0.47600000000000003,0.0,0.022917651,1.0
3.5724593145451644,-1.4891106699428058,1.0,283.17266322740807,4.848413469217511,0.47700000000000004,0.022932012097470898,0.47700000000000004,0.0,0.022917651,1.0
3.572676089102459,-1.4864799698198423,1.0,283.1381949311145,4.847618967534986,0.47800000000000004,0.02293184678309247,0.47800000000000004,0.0,0.022917651,1.0
3.5728928448323147,-1.4838485982844565,1.0,283.10401750547857,4.846823719130725,0.4790000000000001,0.02293168274480725,0.47900000000000004,0.0,0.022917651,1.0
3.5731095822637102,-1.481216574200798,1.0,283.07012277813476,4.8460277449847835,0.48000000000000004,0.022931519946761833,0.48,0.0,0.022917651,1.0
3.573326301905993,-1.4785839157328915,1.0,283.03650288002734,4.845231065298565,0.481,0.022931358354433495,0.481,0.0,0.022917651,1.0
3.5735430042497804,-1.475950640376819,1.0,283.0031502314682,4.844433699530606,0.482,0.022931197934569002,0.482,0.0,0.022917651,1.0
3.573759689767813,-1.4733167649911427,1.0,282.9700575289565,4.843635666430421,0.483,0.022931038655126818,0.483,0.0,0.022917651,1.0
3.5739763589157603,-1.4706823058256802,1.0,282.9372177327132,4.842836984070495,0.48400000000000004,0.022930880485222353,0.484,0.0,0.022917651,1.0
3.574193012132985,-1.4680472785487348,1.0,282.9046240548837,4.842037669876573,0.485,0.022930723395076284,0.485,0.0,0.022917651,1.0
3.574409649843268,-1.4654116982728786,1.0,282.8722699483692,4.8412377406563385,0.486,0.022930567355965506,0.486,0.0,0.022917651,1.0
3.5746262724554896,-1.4627755795793733,1.0,282.8401490962457,4.840437212626568,0.48700000000000004,0.022930412340176724,0.487,0.0,0.022917651,1.0
3.5748428803642813,-1.4601389365413158,1.0,282.8082554017373,4.839636101438871,0.488,0.022930258320962467,0.488,0.0,0.022917651,1.0
3.5750594739506405,-1.4575017827455852,1.0,282.77658297870875,4.83883442220411,0.489,0.02293010527249938,0.489,0.0,0.022917651,1.0
3.5752760535825137,-1.45486413131366,1.0,282.74512614264626,4.838032189515539,0.49,0.022929953169848645,0.49,0.0,0.022917651,1.0
3.5754926196153507,-1.4522259949213776,1.0,282.71387940209786,4.837229417470787,0.49100000000000005,0.02292980198891844,0.491,0.0,0.022917651,1.0
3.57570917239263,-1.4495873858176918,1.0,282.6828374505466,4.836426119692717,0.492,0.02292965170642828,0.492,0.0,0.022917651,1.0
3.575925712246363,-1.4469483158424954,1.0,282.6519951586903,4.835622309349252,0.493,0.022929502299875143,0.493,0.0,0.022917651,1.0
3.576142239497561,-1.4443087964435528,1.0,282.6213475671049,4.834817999172199,0.49400000000000005,0.0229293537475013,0.494,0.0,0.022917651,1.0
3.5763587544566917,-1.4416688386926015,1.0,282.59088987926975,4.834013201475162,0.495,0.022929206028263687,0.495,0.0,0.022917651,1.0
3.5765752574241105,-1.439028453300666,1.0,282.5606174549332,4.833207928170573,0.496,0.022929059121804835,0.496,0.0,0.022917651,1.0
3.5767917486904643,-1.4363876506326274,1.0,282.53052580380023,4.832402190785897,0.497,0.02292891300842513,0.497,0.0,0.022917651,1.0
3.5770082285370823,-1.4337464407210956,1.0,282.50061057952297,4.831596000479054,0.49800000000000005,0.022928767669056507,0.498,0.0,0.022917651,1.0
3.5772246972363475,-1.4311048332796175,1.0,282.47086757397904,4.830789368053118,0.499,0.02292862308523729,0.499,0.0,0.022917651,1.0
3.5774411550520484,-1.4284628377152606,1.0,282.4412927118193,4.829982303970305,0.5,0.022928479239088324,0.5,0.0,0.022917651,1.0
3.5777439920887577,-1.4256049561861883,1.0,282.54864485721276,4.829127582961807,0.501,0.022928454578746465,0.501,0.0,0.022917651,1.0
3.5780468216526655,-1.4227471136373624,1.0,282.6559463177281,4.828272871041556,0.5020000000000001,0.022928429969651474,0.502,0.0,0.022917651,1.0
3.5783496436879627,-1.4198893103599004,1.0,282.76319671483316,4.827418168277428,0.503,0.02292840541218606,0.503,0.0,0.022917651,1.0
3.5786524581382824,-1.4170315466478265,1.0,282.87039566621695,4.826563474737971,0.504,0.02292838090673679,0.504,0.0,0.022917651,1.0
3.578955264946694,-1.4141738227981075,1.0,282.9775427857427,4.825708790492426,0.505,0.022928356453694076,0.505,0.0,0.022917651,1.0
3.579258064055697,-1.4113161391106892,1.0,283.0846376833994,4.824854115610724,0.506,0.02292833205345226,0.506,0.0,0.022917651,1.0
3.579560855407209,-1.4084584958885344,1.0,283.1916799652534,4.8239994501635,0.507,0.02292830770640963,0.507,0.0,0.022917651,1.0
3.579863638942565,-1.4056008934376605,1.0,283.298669233399,4.823144794222104,0.508,0.02292828341296851,0.508,0.0,0.022917651,1.0
3.580166414602507,-1.4027433320671787,1.0,283.40560508590795,4.822290147858604,0.509,0.022928259173535297,0.509,0.0,0.022917651,1.0
3.580469182327175,-1.3998858120893325,1.0,283.51248711677897,4.8214355111458,0.51,0.022928234988520476,0.51,0.0,0.022917651,1.0
3.580771942056101,-1.3970283338195386,1.0,283.6193149158855,4.820580884157231,0.511,0.022928210858338727,0.511,0.0,0.022917651,1.0
3.5810746937282016,-1.3941708975764253,1.0,283.72608806892356,4.819726266967185,0.512,0.02292818678340895,0.512,0.0,0.022917651,1.0
3.5813774372817697,-1.3913135036818765,1.0,283.8328061573583,4.8188716596507115,0.5130000000000001,0.022928162764154318,0.513,0.0,0.022917651,1.0
3.5816801726544663,-1.3884561524610692,1.0,283.9394687583697,4.818017062283622,0.514,0.02292813880100234,0.514,0.0,0.022917651,1.0
3.5819828997833123,-1.3855988442425207,1.0,284.0460754447979,4.8171624749425135,0.5150000000000001,0.022928114894384913,0.515,0.0,0.022917651,1.0
3.5822856186046805,-1.3827415793581272,1.0,284.15262578508725,4.816307897704766,0.5160000000000001,0.022928091044738377,0.516,0.0,0.022917651,1.0
3.5825883290542873,-1.3798843581432099,1.0,284.2591193432294,4.815453330648558,0.517,0.022928067252503577,0.517,0.0,0.022917651,1.0
3.5828910310671844,-1.3770271809365582,1.0,284.36555567870585,4.814598773852883,0.5180000000000001,0.022928043518125905,0.518,0.0,0.022917651,1.0
3.58319372457775,-1.374170048080476,1.0,284.47193434642975,4.813744227397544,0.519,0.022928019842055405,0.519,0.0,0.022917651,1.0
3.5834964095196793,-1.3713129599208256,1.0,284.5782548966864,4.812889691363182,0.52,0.022927996224746755,0.52,0.0,0.022917651,1.0
3.5837990858259765,-1.3684559168070745,1.0,284.68451687507246,4.812035165831276,0.521,0.02292797266665941,0.521,0.0,0.022917651,1.0
3.5841017534289463,-1.3655989190923437,1.0,284.79071982243545,4.811180650884153,0.522,0.022927949168257605,0.522,0.0,0.022917651,1.0
3.5844044122601835,-1.362741967133455,1.0,284.896863274811,4.810326146605008,0.5230000000000001,0.02292792573001046,0.523,0.0,0.022917651,1.0
3.5847070622505637,-1.3598850612909783,1.0,285.0029467633598,4.809471653077908,0.5240000000000001,0.022927902352391998,0.524,0.0,0.022917651,1.0
3.5850097033302344,-1.3570282019292828,1.0,285.1089698143035,4.808617170387806,0.525,0.022927879035881258,0.525,0.0,0.022917651,1.0
3.5853123354286054,-1.3541713894165859,1.0,285.21493194885943,4.80776269862055,0.526,0.02292785578096234,0.526,0.0,0.022917651,1.0
3.585614958474341,-1.3513146241250056,1.0,285.32083268317444,4.806908237862902,0.5270000000000001,0.022927832588124454,0.527,0.0,0.022917651,1.0
3.5859175723953434,-1.3484579064306095,1.0,285.4266715282573,4.80605378820254,0.528,0.022927809457862006,0.528,0.0,0.022917651,1.0
3.5862201771187516,-1.3456012367134706,1.0,285.53244798991074,4.8051993497280785,0.5290000000000001,0.02292778639067468,0.529,0.0,0.022917651,1.0
3.5865227725709246,-1.3427446153577196,1.0,285.6381615686615,4.804344922529078,0.5300000000000001,0.022927763387067486,0.53,0.0,0.022917651,1.0
3.586825358677433,-1.3398880427515976,1.0,285.74381175969023,4.803490506696058,0.5310000000000001,0.022927740447550846,0.531,0.0,0.022917651,1.0
3.5871279353630503,-1.337031519287513,1.0,285.8493980527596,4.8026361023205055,0.532,0.022927717572640647,0.532,0.0,0.022917651,1.0
3.5874305025517383,-1.3341750453620977,1.0,285.9549199321411,4.8017817094948985,0.533,0.022927694762858337,0.533,0.0,0.022917651,1.0
3.5877330601666397,-1.3313186213762636,1.0,286.06037687654157,4.800927328312709,0.5340000000000001,0.022927672018730996,0.534,0.0,0.022917651,1.0
3.588035608130066,-1.3284622477352586,1.0,286.1657683590272,4.800072958868419,0.535,0.022927649340791396,0.535,0.0,0.022917651,1.0
3.5883381463634834,-1.3256059248487289,1.0,286.2710938469478,4.799218601257539,0.536,0.02292762672957809,0.536,0.0,0.022917651,1.0
3.588640674787507,-1.3227496531307765,1.0,286.37635280185845,4.798364255576614,0.537,0.02292760418563549,0.537,0.0,0.022917651,1.0
3.5889431933218843,-1.3198934330000207,1.0,286.4815446794411,4.79750992192325,0.538,0.02292758170951396,0.538,0.0,0.022917651,1.0
3.5892457018854835,-1.3170372648796596,1.0,286.58666892942335,4.796655600396113,0.5390000000000001,0.02292755930176987,0.539,0.0,0.022917651,1.0
3.589548200396287,-1.3141811491975328,1.0,286.69172499549796,4.7958012910949535,0.54,0.022927536962965695,0.54,0.0,0.022917651,1.0
3.589850688771371,-1.3113250863861852,1.0,286.796712315239,4.79494699412062,0.5410000000000001,0.022927514693670093,0.541,0.0,0.022917651,1.0
3.590153166926899,-1.3084690768829326,1.0,286.90163032001783,4.7940927095750725,0.542,0.022927492494458,0.542,0.0,0.022917651,1.0
3.590455634778108,-1.3056131211299267,1.0,287.0064784349174,4.793238437561399,0.543,0.02292747036591071,0.543,0.0,0.022917651,1.0
3.5907580922392945,-1.3027572195742227,1.0,287.11125607864494,4.792384178183829,0.544,0.022927448308615955,0.544,0.0,0.022917651,1.0
3.5910605392237995,-1.299901372667847,1.0,287.2159626634434,4.791529931547754,0.545,0.02292742632316802,0.545,0.0,0.022917651,1.0
3.5913629756440018,-1.2970455808678674,1.0,287.3205975950014,4.79067569775974,0.546,0.022927404410167794,0.546,0.0,0.022917651,1.0
3.591665401411298,-1.2941898446364615,1.0,287.4251602723616,4.789821476927542,0.547,0.022927382570222903,0.547,0.0,0.022917651,1.0
3.5919678164360915,-1.2913341644409924,1.0,287.52965008782735,4.788967269160128,0.548,0.022927360803947784,0.548,0.0,0.022917651,1.0
3.5922702206277775,-1.2884785407540764,1.0,287.6340664268682,4.788113074567685,0.549,0.022927339111963776,0.549,0.0,0.022917651,1.0
3.5925726138947303,-1.2856229740536607,1.0,287.7384086680234,4.78725889326165,0.5500000000000002,0.022927317494899232,0.55,0.0,0.022917651,1.0
3.592874996144288,-1.2827674648230973,1.0,287.8426761828041,4.786404725354715,0.551,0.02292729595338961,0.551,0.0,0.022917651,1.0
3.593177367282737,-1.2799120135512212,1.0,287.94686833559354,4.785550570960852,0.552,0.022927274488077576,0.552,0.0,0.022917651,1.0
3.5934797272152985,-1.2770566207324257,1.0,288.05098448354585,4.784696430195328,0.553,0.0229272530996131,0.553,0.0,0.022917651,1.0
3.593782075846113,-1.2742012868667434,1.0,288.15502397648277,4.783842303174727,0.554,0.022927231788653572,0.554,0.0,0.022917651,1.0
3.594084413078223,-1.2713460124599272,1.0,288.2589861567891,4.782988190016964,0.555,0.0229272105558639,0.555,0.0,0.022917651,1.0
3.594386738813561,-1.2684907980235312,1.0,288.36287035930604,4.78213409084131,0.556,0.022927189401916615,0.556,0.0,0.022917651,1.0
3.5946890529529294,-1.2656356440749945,1.0,288.4666759112221,4.781280005768403,0.557,0.022927168327491986,0.557,0.0,0.022917651,1.0
3.5949913553959862,-1.2627805511377266,1.0,288.570402131964,4.78042593492028,0.5580000000000002,0.02292714733327814,0.558,0.0,0.022917651,1.0
3.59529364604123,-1.2599255197411927,1.0,288.67404833308274,4.779571878420381,0.559,0.022927126419971154,0.559,0.0,0.022917651,1.0
3.5955959247859806,-1.2570705504210022,1.0,288.77761381814094,4.778717836393587,0.56,0.02292710558827519,0.56,0.0,0.022917651,1.0
3.5958981915263615,-1.254215643718999,1.0,288.8810978825956,4.777863808966227,0.5610000000000002,0.022927084838902597,0.561,0.0,0.022917651,1.0
3.5962004461572854,-1.2513608001833503,1.0,288.9844998136804,4.777009796266107,0.562,0.022927064172574053,0.562,0.0,0.022917651,1.0
3.596502688572435,-1.248506020368641,1.0,289.0878188902849,4.776155798422529,0.563,0.022927043590018653,0.5630000000000001,0.0,0.022917651,1.0
3.5968049186642435,-1.2456513048359665,1.0,289.19105438283236,4.775301815566312,0.5640000000000001,0.022927023091974075,0.5640000000000001,0.0,0.022917651,1.0
3.5971071363238774,-1.2427966541530309,1.0,289.29420555315534,4.774447847829816,0.5650000000000001,0.022927002679186664,0.5650000000000001,0.0,0.022917651,1.0
3.597409341441219,-1.2399420688942404,1.0,289.3972716543683,4.773593895346963,0.5660000000000002,0.022926982352411588,0.5660000000000001,0.0,0.022917651,1.0
3.597711533904847,-1.2370875496408074,1.0,289.500251930739,4.772739958253265,0.5670000000000001,0.02292696211241296,0.5670000000000001,0.0,0.022917651,1.0
3.598013713602014,-1.234233096980848,1.0,289.60314561755706,4.771886036685839,0.5680000000000001,0.022926941959963965,0.5680000000000001,0.0,0.022917651,1.0
3.5983158804186295,-1.2313787115094856,1.0,289.70595194099997,4.771032130783439,0.5690000000000001,0.02292692189584701,0.5690000000000001,0.0,0.022917651,1.0
3.598618034239242,-1.2285243938289574,1.0,289.8086701179972,4.770178240686478,0.5700000000000001,0.02292690192085385,0.5700000000000001,0.0,0.022917651,1.0
3.598920174947014,-1.2256701445487186,1.0,289.91129935609166,4.769324366537048,0.5710000000000001,0.022926882035785724,0.5710000000000001,0.0,0.022917651,1.0
3.5992223024237027,-1.222815964285552,1.0,290.0138388532984,4.768470508478954,0.5720000000000002,0.022926862241453506,0.5720000000000001,0.0,0.022917651,1.0
3.599524416549641,-1.2199618536636787,1.0,290.11628779796126,4.767616666657733,0.5730000000000001,0.02292684253867786,0.5730000000000001,0.0,0.022917651,1.0
3.599826517203714,-1.21710781331487,1.0,290.21864536860636,4.76676284122068,0.5740000000000001,0.022926822928289365,0.5740000000000001,0.0,0.022917651,1.0
3.6001286042633365,-1.2142538438785617,1.0,290.3209107337936,4.765909032316882,0.5750000000000001,0.022926803411128682,0.5750000000000001,0.0,0.022917651,1.0
3.600430677604432,-1.211399946001972,1.0,290.42308305196457,4.7650552400972375,0.5760000000000001,0.02292678398804669,0.5760000000000001,0.0,0.022917651,1.0
3.6007327371014104,-1.208546120340219,1.0,290.52516147128847,4.764201464714487,0.577,0.022926764659904675,0.577,0.0,0.022917651,1.0
3.601034782627142,-1.2056923675564408,1.0,290.627145129505,4.763347706323242,0.578,0.022926745427574457,0.578,0.0,0.022917651,1.0
3.601336814052938,-1.2028386883219213,1.0,290.7290331537639,4.762493965080012,0.579,0.02292672629193856,0.579,0.0,0.022917651,1.0
3.6016388312485215,-1.199985083316214,1.0,290.8308246604621,4.761640241143234,0.5800000000000001,0.02292670725389039,0.58,0.0,0.022917651,1.0
3.601940834082008,-1.1971315532272686,1.0,290.93251875507775,4.760786534673304,0.581,0.022926688314334382,0.581,0.0,0.022917651,1.0
3.6022428224198784,-1.1942780987515638,1.0,291.0341145320006,4.7599328458326085,0.582,0.02292666947418619,0.582,0.0,0.022917651,1.0
3.6025447961269514,-1.1914247205942374,1.0,291.1356110743602,4.759079174785546,0.583,0.02292665073437285,0.583,0.0,0.022917651,1.0
3.6028467550663614,-1.188571419469223,1.0,291.2370074538498,4.758225521698573,0.584,0.022926632095832962,0.584,0.0,0.022917651,1.0
3.603148699099529,-1.1857181960993857,1.0,291.33830273054804,4.757371886740225,0.585,0.022926613559516862,0.585,0.0,0.022917651,1.0
3.603450628086137,-1.1828650512166654,1.0,291.43949595273625,4.756518270081153,0.5860000000000001,0.022926595126386833,0.586,0.0,0.022917651,1.0
3.6037525418841,-1.1800119855622158,1.0,291.540586156713,4.755664671894159,0.587,0.022926576797417254,0.587,0.0,0.022917651,1.0
3.6040544403495387,-1.1771589998865521,1.0,291.64157236660503,4.754811092354224,0.588,0.02292655857359482,0.588,0.0,0.022917651,1.0
3.6043563233367504,-1.1743060949496993,1.0,291.74245359417426,4.753957531638548,0.589,0.02292654045591873,0.589,0.0,0.022917651,1.0
3.604658190698182,-1.171453271521343,1.0,291.84322883862137,4.753103989926585,0.59,0.02292652244540087,0.59,0.0,0.022917651,1.0
3.604960042284396,-1.1686005303809825,1.0,291.94389708638556,4.7522504674000725,0.5910000000000001,0.022926504543066054,0.591,0.0,0.022917651,1.0
3.605261877944046,-1.165747872318089,1.0,292.04445731094074,4.751396964243076,0.592,0.022926486749952176,0.592,0.0,0.022917651,1.0
3.6055636975238423,-1.1628952981322647,1.0,292.1449084725873,4.750543480642027,0.593,0.02292646906711047,0.593,0.0,0.022917651,1.0
3.6058655008685214,-1.1600428086334067,1.0,292.24524951824014,4.749690016785749,0.5940000000000001,0.0229264514956057,0.594,0.0,0.022917651,1.0
3.606167287820815,-1.1571904046418713,1.0,292.3454793812126,4.748836572865508,0.595,0.022926434036516376,0.595,0.0,0.022917651,1.0
3.6064690582214167,-1.1543380869886468,1.0,292.44559698099624,4.7479831490750515,0.5960000000000001,0.022926416690934988,0.596,0.0,0.022917651,1.0
3.6067708119089485,-1.1514858565155226,1.0,292.545601223036,4.747129745610642,0.597,0.02292639945996822,0.597,0.0,0.022917651,1.0
3.6070725487199296,-1.1486337140752678,1.0,292.6454909985015,4.746276362671101,0.598,0.02292638234473721,0.598,0.0,0.022917651,1.0
3.607374268488737,-1.1457816605318092,1.0,292.7452651840534,4.745423000457854,0.599,0.022926365346377743,0.599,0.0,0.022917651,1.0
3.607675971047577,-1.1429296967604163,1.0,292.8449226416052,4.744569659174971,0.6,0.022926348466040528,0.6,0.0,0.022917651,1.0
3.608036485672425,-1.14008691229072,1.0,292.9241816338736,4.743838401383492,0.601,0.022926346078213884,0.601,0.0,0.022917651,1.0
3.6083970081218872,-1.1372440690445615,1.0,293.00353318296544,4.743107116112561,0.602,0.022926343683920547,0.602,0.0,0.022917651,1.0
3.6087575384759885,-1.1344011664208078,1.0,293.08297823550134,4.74237580308113,0.603,0.022926341283094374,0.603,0.0,0.022917651,1.0
3.60911807681585,-1.1315582038100997,1.0,293.1625177510548,4.7416444620043094,0.6040000000000001,0.02292633887566833,0.604,0.0,0.022917651,1.0
3.6094786232237075,-1.1287151805947113,1.0,293.24215270237437,4.740913092593297,0.605,0.022926336461574433,0.605,0.0,0.022917651,1.0
3.609839177782928,-1.1258720961484063,1.0,293.3218840756108,4.740181694555313,0.6060000000000001,0.022926334040743804,0.606,0.0,0.022917651,1.0
3.61019974057803,-1.1230289498362906,1.0,293.4017128705485,4.739450267593527,0.607,0.022926331613106588,0.607,0.0,0.022917651,1.0
3.610560311694709,-1.1201857410146623,1.0,293.48164010084184,4.738718811406992,0.608,0.02292632917859195,0.608,0.0,0.022917651,1.0
3.6109208912198505,-1.1173424690308578,1.0,293.56166679425684,4.737987325690574,0.6090000000000001,0.0229263267371281,0.609,0.0,0.022917651,1.0
3.611281479241552,-1.1144991332230958,1.0,293.6417939929172,4.737255810134871,0.61,0.02292632428864221,0.61,0.0,0.022917651,1.0
3.61164207584915,-1.1116557329203187,1.0,293.7220227535562,4.73652426442615,0.6110000000000001,0.02292632183306046,0.611,0.0,0.022917651,1.0
3.6120026811332355,-1.1088122674420267,1.0,293.8023541477734,4.735792688246257,0.612,0.022926319370307983,0.612,0.0,0.022917651,1.0
3.612363295185679,-1.1059687360981136,1.0,293.8827892622974,4.735061081272554,0.613,0.022926316900308844,0.613,0.0,0.022917651,1.0
3.612723918099651,-1.1031251381886957,1.0,293.9633291992531,4.734329443177825,0.614,0.022926314422986045,0.614,0.0,0.022917651,1.0
3.6130845499696504,-1.100281473003938,1.0,294.0439750764359,4.733597773630206,0.615,0.022926311938261484,0.615,0.0,0.022917651,1.0
3.613445190891521,-1.0974377398238777,1.0,294.12472802759106,4.732866072293096,0.6160000000000002,0.02292630944605596,0.616,0.0,0.022917651,1.0
3.6138058409624803,-1.0945939379182406,1.0,294.20558920269895,4.732134338825073,0.617,0.022926306946289114,0.617,0.0,0.022917651,1.0
3.6141665002811445,-1.0917500665462585,1.0,294.28655976826724,4.73140257287981,0.6180000000000001,0.022926304438879448,0.618,0.0,0.022917651,1.0
3.614527168947548,-1.0889061249564786,1.0,294.36764090762824,4.730670774105986,0.619,0.022926301923744296,0.619,0.0,0.022917651,1.0
3.6148878470631796,-1.0860621123865701,1.0,294.4488338212438,4.729938942147191,0.6200000000000001,0.022926299400799773,0.62,0.0,0.022917651,1.0
3.615248534730997,-1.0832180280631276,1.0,294.5301397270161,4.7292070766418375,0.6210000000000001,0.0229262968699608,0.621,0.0,0.022917651,1.0
3.6156092320554603,-1.0803738712014677,1.0,294.6115598606058,4.728475177223068,0.622,0.022926294331141024,0.622,0.0,0.022917651,1.0
3.61596993914256,-1.0775296410054243,1.0,294.6930954757567,4.727743243518654,0.6230000000000001,0.022926291784252865,0.623,0.0,0.022917651,1.0
3.616330656099843,-1.074685336667137,1.0,294.7747478446276,4.727011275150903,0.6240000000000001,0.02292628922920745,0.624,0.0,0.022917651,1.0
3.6166913830364398,-1.071840957366835,1.0,294.85651825813216,4.7262792717365505,0.625,0.022926286665914564,0.625,0.0,0.022917651,1.0
3.6170521200630983,-1.0689965022726189,1.0,294.9384080262852,4.725547232886662,0.6260000000000001,0.022926284094282694,0.626,0.0,0.022917651,1.0
3.61741286729221,-1.066151970540233,1.0,295.0204184785578,4.724815158206528,0.6270000000000001,0.02292628151421894,0.627,0.0,0.022917651,1.0
3.6177736248378407,-1.0633073613128363,1.0,295.10255096423947,4.724083047295553,0.628,0.022926278925629054,0.628,0.0,0.022917651,1.0
3.618134392815765,-1.060462673720767,1.0,295.18480685280906,4.7233508997471505,0.629,0.022926276328417334,0.629,0.0,0.022917651,1.0
3.6184951713434956,-1.0576179068813023,1.0,295.2671875343137,4.722618715148624,0.6300000000000001,0.022926273722486668,0.63,0.0,0.022917651,1.0
3.618855960540315,-1.054773059898411,1.0,295.3496944197563,4.721886493081057,0.6310000000000001,0.022926271107738466,0.631,0.0,0.022917651,1.0
3.619216760527314,-1.0519281318625038,1.0,295.43232894149224,4.721154233119194,0.632,0.022926268484072667,0.632,0.0,0.022917651,1.0
3.61957757142742,-1.0490831218501726,1.0,295.5150925536345,4.72042193483132,0.633,0.02292626585138767,0.633,0.0,0.022917651,1.0
3.6199383933654374,-1.0462380289239308,1.0,295.5979867324687,4.719689597779135,0.6340000000000001,0.022926263209580328,0.634,0.0,0.022917651,1.0
3.620299226468078,-1.0433928521319413,1.0,295.68101297687673,4.718957221517632,0.6350000000000001,0.02292626055854592,0.635,0.0,0.022917651,1.0
3.620660070864002,-1.0405475905077428,1.0,295.76417280877143,4.718224805594968,0.6360000000000001,0.022926257898178114,0.636,0.0,0.022917651,1.0
3.6210209266838556,-1.0377022430699654,1.0,295.84746777354036,4.717492349552325,0.637,0.022926255228368934,0.637,0.0,0.022917651,1.0
3.6213817940603046,-1.0348568088220444,1.0,295.9308994405,4.716759852923786,0.638,0.022926252549008746,0.638,0.0,0.022917651,1.0
3.62174267312808,-1.0320112867519249,1.0,296.0144694033609,4.716027315236192,0.639,0.02292624985998619,0.639,0.0,0.022917651,1.0
3.6221035640240133,-1.0291656758317569,1.0,296.0981792807035,4.715294736008996,0.64,0.022926247161188188,0.64,0.0,0.022917651,1.0
3.6224644668870822,-1.0263199750175898,1.0,296.182030716465,4.714562114754124,0.6410000000000001,0.02292624445249988,0.641,0.0,0.022917651,1.0
3.622825381858447,-1.023474183249053,1.0,296.2660253804381,4.713829450975829,0.642,0.022926241733804607,0.642,0.0,0.022917651,1.0
3.623186309081498,-1.0206282994490332,1.0,296.3501649687811,4.713096744170531,0.643,0.02292623900498385,0.643,0.0,0.022917651,1.0
3.6235472487019003,-1.0177823225233424,1.0,296.43445120454044,4.712363993826672,0.644,0.02292623626591724,0.644,0.0,0.022917651,1.0
3.6239082008676347,-1.0149362513603781,1.0,296.5188858381856,4.711631199424549,0.645,0.022926233516482465,0.645,0.0,0.022917651,1.0
3.6242691657290482,-1.0120900848307752,1.0,296.603470648157,4.710898360436158,0.6460000000000001,0.022926230756555272,0.646,0.0,0.022917651,1.0
3.6246301434388997,-1.0092438217870505,1.0,296.68820744142664,4.710165476325019,0.647,0.02292622798600942,0.647,0.0,0.022917651,1.0
3.6249911341524093,-1.0063974610632367,1.0,296.7730980540727,4.709432546546016,0.648,0.022926225204716624,0.648,0.0,0.022917651,1.0
3.625352138027305,-1.0035510014745106,1.0,296.85814435186813,4.708699570545214,0.6489999999999999,0.02292622241254652,0.649,0.0,0.022917651,1.0
3.6257131552238784,-1.0007044418168085,1.0,296.9433482308831,4.707966547759681,0.65,0.02292621960936664,0.65,0.0,0.022917651,1.0
3.6260741859050336,-0.9978577808664345,1.0,297.0287116181026,4.707233477617312,0.6510000000000001,0.022926216795042358,0.651,0.0,0.022917651,1.0
3.6264352302363427,-0.9950110173796599,1.0,297.1142364720593,4.706500359536633,0.652,0.022926213969436827,0.652,0.0,0.022917651,1.0
3.626796288386099,-0.9921641500923103,1.0,297.1999247834813,4.705767192926609,0.653,0.02292621113241096,0.653,0.0,0.022917651,1.0
3.6271573605253726,-0.9893171777193442,1.0,297.2857785759572,4.705033977186452,0.6540000000000001,0.022926208283823378,0.654,0.0,0.022917651,1.0
3.62751844682807,-0.9864700989544204,1.0,297.3717999066158,4.7043007117054145,0.655,0.022926205423530355,0.655,0.0,0.022917651,1.0
3.6278795474709935,-0.9836229124694553,1.0,297.45799086682524,4.703567395862588,0.6560000000000001,0.022926202551385774,0.656,0.0,0.022917651,1.0
3.6282406626338983,-0.9807756169141686,1.0,297.5443535829074,4.702834029026677,0.657,0.02292619966724107,0.657,0.0,0.022917651,1.0
3.6286017924995577,-0.9779282109156171,1.0,297.6308902168712,4.702100610555801,0.658,0.02292619677094519,0.658,0.0,0.022917651,1.0
3.6289629372538244,-0.9750806930777176,1.0,297.7176029671651,4.701367139797255,0.659,0.02292619386234454,0.659,0.0,0.022917651,1.0
3.629324097085699,-0.9722330619807577,1.0,297.8044940694474,4.700633616087288,0.66,0.02292619094128292,0.66,0.0,0.022917651,1.0
3.6296852721873916,-0.9693853161808931,1.0,297.8915657973773,4.699900038750867,0.6610000000000001,0.02292618800760146,0.661,0.0,0.022917651,1.0
3.630046462754396,-0.9665374542096328,1.0,297.9788204634253,4.699166407101437,0.662,0.022926185061138613,0.662,0.0,0.022917651,1.0
3.6304076689855562,-0.9636894745733116,1.0,298.0662604197054,4.698432720440672,0.663,0.02292618210173004,0.663,0.0,0.022917651,1.0
3.63076889108314,-0.9608413757525477,1.0,298.15388805882776,4.697698978058224,0.664,0.02292617912920857,0.664,0.0,0.022917651,1.0
3.6311301292529126,-0.9579931562016863,1.0,298.2417058147744,4.696965179231459,0.6650000000000001,0.022926176143404146,0.665,0.0,0.022917651,1.0
3.6314913837042115,-0.9551448143482308,1.0,298.3297161637971,4.696231323225196,0.666,0.022926173144143764,0.666,0.0,0.022917651,1.0
3.6318526546500274,-0.9522963485922564,1.0,298.41792162533915,4.695497409291432,0.667,0.02292617013125139,0.667,0.0,0.022917651,1.0
3.632213942307082,-0.9494477573058099,1.0,298.50632476298097,4.694763436669059,0.6680000000000001,0.02292616710454793,0.668,0.0,0.022917651,1.0
3.632575246895909,-0.9465990388322926,1.0,298.594928185411,4.694029404583573,0.6689999999999999,0.022926164063851104,0.669,0.0,0.022917651,1.0
3.632936568640942,-0.9437501914858286,1.0,298.6837345474223,4.693295312246789,0.67,0.02292616100897544,0.67,0.0,0.022917651,1.0
3.6332979077705945,-0.9409012135506143,1.0,298.7727465509354,4.692561158856524,0.6710000000000002,0.022926157939732156,0.671,0.0,0.022917651,1.0
3.6336592645173584,-0.9380521032802515,1.0,298.861966946049,4.691826943596294,0.672,0.02292615485592911,0.672,0.0,0.022917651,1.0
3.6340206391178858,-0.9352028588970623,1.0,298.9513985321182,4.69109266563499,0.673,0.02292615175737072,0.673,0.0,0.022917651,1.0
3.634382031813088,-0.9323534785913866,1.0,299.04104415886286,4.690358324126551,0.674,0.022926148643857884,0.674,0.0,0.022917651,1.0
3.6347434428482295,-0.9295039605208578,1.0,299.13090672750457,4.689623918209626,0.675,0.022926145515187905,0.675,0.0,0.022917651,1.0
3.6351048724730286,-0.9266543028096624,1.0,299.2209891919361,4.688889447007225,0.676,0.022926142371154392,0.676,0.0,0.022917651,1.0
3.6354663209417564,-0.9238045035477765,1.0,299.3112945599219,4.6881549096263635,0.677,0.022926139211547215,0.677,0.0,0.022917651,1.0
3.635827788513344,-0.9209545607901825,1.0,299.4018258943317,4.687420305157699,0.6780000000000002,0.02292613603615237,0.678,0.0,0.022917651,1.0
3.636189275451486,-0.9181044725560639,1.0,299.49258631440847,4.686685632675149,0.679,0.022926132844751927,0.679,0.0,0.022917651,1.0
3.636550782024756,-0.9152542368279784,1.0,299.5835789970713,4.685950891235512,0.68,0.022926129637123923,0.68,0.0,0.022917651,1.0
3.636912308506715,-0.9124038515510068,1.0,299.67480717825475,4.685216079878059,0.6810000000000002,0.02292612641304227,0.681,0.0,0.022917651,1.0
3.637273855176028,-0.9095533146318794,1.0,299.76627415428544,4.684481197624137,0.682,0.02292612317227666,0.682,0.0,0.022917651,1.0
3.6376354223165874,-0.9067026239380763,1.0,299.8579832832976,4.6837462434767385,0.683,0.022926119914592476,0.683,0.0,0.022917651,1.0
3.6379970102176338,-0.9038517772969037,1.0,299.94993798668867,4.683011216420075,0.6840000000000002,0.022926116639750676,0.684,0.0,0.022917651,1.0
3.638358619173881,-0.9010007724945435,1.0,300.0421417506159,4.682276115419134,0.685,0.02292611334750768,0.685,0.0,0.022917651,1.0
3.6387202494856474,-0.8981496072750749,1.0,300.134598127536,4.6815409394192145,0.6860000000000002,0.022926110037615296,0.686,0.0,0.022917651,1.0
3.639081901458992,-0.8952982793394696,1.0,300.2273107377886,4.680805687345463,0.687,0.022926106709820582,0.687,0.0,0.022917651,1.0
3.639443575405849,-0.8924467863445571,1.0,300.32028327122583,4.680070358102391,0.6880000000000001,0.022926103363865732,0.6880000000000001,0.0,0.022917651,1.0
3.6398052716441716,-0.8895951259019594,1.0,300.41351948888814,4.679334950573373,0.6890000000000002,0.022926099999487973,0.6890000000000001,0.0,0.022917651,1.0
3.640166990498076,-0.8867432955769962,1.0,300.50702322473,4.678599463620133,0.6900000000000001,0.022926096616419436,0.6900000000000001,0.0,0.022917651,1.0
3.640528732297993,-0.8838912928875574,1.0,300.60079838739495,4.677863896082224,0.6910000000000001,0.022926093214387048,0.6910000000000001,0.0,0.022917651,1.0
3.640890497380822,-0.881039115302942,1.0,300.69484896204386,4.6771282467764825,0.6920000000000001,0.02292608979311236,0.6920000000000001,0.0,0.022917651,1.0
3.641252286090091,-0.8781867602426632,1.0,300.7891790122359,4.676392514496464,0.6930000000000002,0.022926086352311466,0.6930000000000001,0.0,0.022917651,1.0
3.6416140987761167,-0.8753342250752186,1.0,300.8837926818663,4.675656698011878,0.6940000000000002,0.022926082891694854,0.6940000000000001,0.0,0.022917651,1.0
3.64197593579618,-0.8724815071168233,1.0,300.97869419716164,4.674920796067986,0.6950000000000001,0.02292607941096723,0.6950000000000001,0.0,0.022917651,1.0
3.6423377975146924,-0.8696286036301037,1.0,301.0738878687344,4.674184807385001,0.6960000000000002,0.022926075909827436,0.6960000000000001,0.0,0.022917651,1.0
3.6426996843033796,-0.8667755118227553,1.0,301.16937809369995,4.673448730657449,0.6970000000000001,0.02292607238796826,0.6970000000000001,0.0,0.022917651,1.0
3.643061596541465,-0.8639222288461558,1.0,301.26516935785736,4.67271256455353,0.6980000000000001,0.02292606884507628,0.6980000000000001,0.0,0.022917651,1.0
3.6434235346158577,-0.8610687517939396,1.0,301.3612662379364,4.671976307714444,0.6990000000000002,0.022926065280831746,0.6990000000000001,0.0,0.022917651,1.0
3.6437854989213494,-0.8582150777005264,1.0,301.45767340391336,4.671239958753711,0.7,0.02292606169490836,0.7000000000000001,0.0,0.022917651,1.0
3.6441782715713096,-0.8555594428032957,1.0,301.56489090606004,4.67073533370219,0.7010000000000002,0.022926061269851555,0.7010000000000001,0.0,0.022917651,1.0
3.6445710574355594,-0.8529035353787023,1.0,301.67234714286883,4.670230488976485,0.7020000000000001,0.022926060842539456,0.7020000000000001,0.0,0.022917651,1.0
3.644963856708173,-0.850247351424204,1.0,301.780045620577,4.669725421350297,0.7030000000000001,0.02292606041293894,0.7030000000000001,0.0,0.022917651,1.0
3.6453566695870463,-0.8475908868584942,1.0,301.8879899144201,4.6692201275338325,0.7039999999999998,0.022926059981016232,0.704,0.0,0.022917651,1.0
3.645749496273986,-0.844934137519553,1.0,301.9961836703372,4.668714604172246,0.705,0.022926059546736884,0.705,0.0,0.022917651,1.0
3.6461423369748114,-0.8422770991626453,1.0,302.10463060672765,4.668208847844012,0.706,0.02292605911006577,0.706,0.0,0.022917651,1.0
3.6465351918994497,-0.8396197674582531,1.0,302.2133345162602,4.667702855059268,0.7070000000000001,0.022926058670967073,0.707,0.0,0.022917651,1.0
3.6469280612620474,-0.8369621379899487,1.0,302.3222992677363,4.667196622258094,0.7080000000000001,0.022926058229404238,0.708,0.0,0.022917651,1.0
3.6473209452810655,-0.8343042062522039,1.0,302.4315288080107,4.666690145808753,0.709,0.02292605778533997,0.709,0.0,0.022917651,1.0
3.6477149270500946,-0.8316482634114195,1.0,302.54279310729896,4.666190049533454,0.71,0.022926057403555987,0.71,0.0,0.022917651,1.0
3.648108966199166,-0.8289920726441079,1.0,302.6543658127705,4.665689934864286,0.711,0.02292605702045067,0.711,0.0,0.022917651,1.0
3.6485030340886135,-0.8263355668901585,1.0,302.76620325395027,4.6651896201750676,0.712,0.02292605663421547,0.712,0.0,0.022917651,1.0
3.648897131187262,-0.8236787410114006,1.0,302.878309749298,4.664689102203003,0.7130000000000001,0.022926056244799323,0.713,0.0,0.022917651,1.0
3.649291257974185,-0.821021589757299,1.0,302.99068971171283,4.664188377613944,0.7140000000000001,0.022926055852150063,0.714,0.0,0.022917651,1.0
3.6496854149389932,-0.8183641077618645,1.0,303.10334765112856,4.663687443000426,0.715,0.022926055456214373,0.715,0.0,0.022917651,1.0
3.650079602582122,-0.8157062895404634,1.0,303.21628817719585,4.6631862948796465,0.7159999999999999,0.02292605505693775,0.716,0.0,0.022917651,1.0
3.6504738214151327,-0.8130481294865207,1.0,303.3295160020534,4.662684929691366,0.717,0.022926054654264484,0.717,0.0,0.022917651,1.0
3.650868071961024,-0.8103896218681109,1.0,303.44303594319217,4.662183343795749,0.7180000000000001,0.022926054248137623,0.718,0.0,0.022917651,1.0
3.651262354754554,-0.8077307608244362,1.0,303.55685292641607,4.661681533471123,0.719,0.022926053838498925,0.719,0.0,0.022917651,1.0
3.651656670342572,-0.8050715403621841,1.0,303.67097198890366,4.661179494911665,0.7200000000000001,0.02292605342528884,0.72,0.0,0.022917651,1.0
3.6520510192843605,-0.8024119543517599,1.0,303.78539828237325,4.660677224225015,0.7209999999999999,0.02292605300844646,0.721,0.0,0.022917651,1.0
3.652445402151993,-0.7997519965233926,1.0,303.9001370763575,4.6601747174298,0.722,0.02292605258790949,0.722,0.0,0.022917651,1.0
3.6528398195307035,-0.797091660463103,1.0,304.01519376159075,4.659671970453067,0.723,0.02292605216361419,0.723,0.0,0.022917651,1.0
3.6532342720192603,-0.7944309396085351,1.0,304.13057385351345,4.65916897912765,0.724,0.02292605173549536,0.724,0.0,0.022917651,1.0
3.653628760230365,-0.7917698272446392,1.0,304.24628299589943,4.6586657391894155,0.7250000000000001,0.022926051303486267,0.725,0.0,0.022917651,1.0
3.654023284791062,-0.789108316499206,1.0,304.36232696461025,4.658162246274434,0.726,0.022926050867518626,0.726,0.0,0.022917651,1.0
3.654417846343154,-0.7864464003382412,1.0,304.4787116714825,4.65765849591604,0.727,0.022926050427522555,0.727,0.0,0.022917651,1.0
3.6548124455436426,-0.7837840715611765,1.0,304.59544316835206,4.657154483541792,0.728,0.02292604998342649,0.728,0.0,0.022917651,1.0
3.655207083065183,-0.7811213227959094,1.0,304.71252765122404,4.656650204470321,0.729,0.02292604953515718,0.729,0.0,0.022917651,1.0
3.6556017595965495,-0.7784581464936646,1.0,304.829971464591,4.656145653908071,0.73,0.02292604908263963,0.73,0.0,0.022917651,1.0
3.6559964758431223,-0.7757945349236702,1.0,304.9477811059077,4.655640826945916,0.7310000000000001,0.022926048625797005,0.731,0.0,0.022917651,1.0
3.656391232527389,-0.7731304801676385,1.0,305.0659632302293,4.655135718555653,0.7319999999999999,0.022926048164550634,0.732,0.0,0.022917651,1.0
3.656786030389473,-0.7704659741140466,1.0,305.18452465501866,4.654630323586374,0.7329999999999999,0.022926047698819917,0.733,0.0,0.022917651,1.0
3.6571808701876676,-0.7678010084522063,1.0,305.30347236513086,4.6541246367607,0.734,0.022926047228522272,0.734,0.0,0.022917651,1.0
3.657575752698998,-0.7651355746661122,1.0,305.4228135179828,4.653618652670869,0.735,0.022926046753573077,0.735,0.0,0.022917651,1.0
3.657970678719809,-0.7624696640280628,1.0,305.54255544891487,4.653112365774696,0.736,0.022926046273885614,0.736,0.0,0.022917651,1.0
3.6583656490663627,-0.7598032675920409,1.0,305.6627056767546,4.652605770391358,0.737,0.02292604578937098,0.737,0.0,0.022917651,1.0
3.658760664575469,-0.7571363761868449,1.0,305.78327190958964,4.65209886069704,0.738,0.02292604529993806,0.738,0.0,0.022917651,1.0
3.659155726105135,-0.7544689804089576,1.0,305.90426205076056,4.651591630720402,0.739,0.022926044805493397,0.739,0.0,0.022917651,1.0
3.659550834535238,-0.7518010706151447,1.0,306.0256842050828,4.6510840743378825,0.7400000000000001,0.02292604430594119,0.74,0.0,0.022917651,1.0
3.659945990768234,-0.749132636914766,1.0,306.1475466853077,4.6505761852688146,0.741,0.022926043801183144,0.741,0.0,0.022917651,1.0
3.660341195729877,-0.7464636691617905,1.0,306.269858018834,4.650067957070353,0.7420000000000001,0.02292604329111845,0.742,0.0,0.022917651,1.0
3.660736450369983,-0.7437941569464996,1.0,306.39262695468136,4.64955938313221,0.7430000000000001,0.022926042775643668,0.743,0.0,0.022917651,1.0
3.6611317556632144,-0.7411240895868644,1.0,306.51586247073675,4.64905045667118,0.744,0.02292604225465266,0.744,0.0,0.022917651,1.0
3.6615271126098983,-0.7384534561195835,1.0,306.6395737812876,4.648541170725441,0.7450000000000001,0.02292604172803648,0.745,0.0,0.022917651,1.0
3.6619225222368734,-0.7357822452907629,1.0,306.7637703448544,4.648031518148642,0.7460000000000001,0.022926041195683314,0.746,0.0,0.022917651,1.0
3.6623179855983805,-0.7331104455462242,1.0,306.88846187233645,4.647521491603754,0.7470000000000001,0.02292604065747834,0.747,0.0,0.022917651,1.0
3.6627135037769794,-0.7304380450214225,1.0,307.0136583354863,4.647011083556657,0.748,0.022926040113303677,0.748,0.0,0.022917651,1.0
3.663109077884503,-0.7277650315309533,1.0,307.13936997572785,4.6465002862694815,0.7490000000000001,0.022926039563038243,0.749,0.0,0.022917651,1.0
3.6635047090630604,-0.725091392557633,1.0,307.265607313334,4.645989091793676,0.75,0.022926039006557652,0.75,0.0,0.022917651,1.0
3.663900398486068,-0.7224171152411296,1.0,307.39238115698265,4.645477491962785,0.751,0.02292603844373412,0.751,0.0,0.022917651,1.0
3.6642961473593334,-0.7197421863661229,1.0,307.5197026137077,4.644965478384932,0.752,0.022926037874436336,0.752,0.0,0.022917651,1.0
3.664691956922181,-0.7170665923499695,1.0,307.647583099265,4.644453042434986,0.753,0.022926037298529333,0.753,0.0,0.022917651,1.0
3.6650878527828743,-0.7143903878114993,1.0,307.77622842317714,4.643940341149578,0.7540000000000001,0.02292603671413264,0.754,0.0,0.022917651,1.0
3.665484732587276,-0.7117160558080251,1.0,307.91265348395143,4.64343344759782,0.7550000000000001,0.022926036058287313,0.755,0.0,0.022917651,1.0
3.665881694285539,-0.7090410067144463,1.0,308.0495231631849,4.6429261645291175,0.756,0.022926035396816362,0.756,0.0,0.022917651,1.0
3.6662787397268977,-0.706365224338269,1.0,308.18684750073413,4.642418483147855,0.7569999999999999,0.022926034729592745,0.757,0.0,0.022917651,1.0
3.6666758708166807,-0.7036886919957819,1.0,308.324636841026,4.641910394391586,0.758,0.02292603405648558,0.758,0.0,0.022917651,1.0
3.6670730895184604,-0.701011392493286,1.0,308.4629018446952,4.64140188892085,0.759,0.022926033377359985,0.759,0.0,0.022917651,1.0
3.667470397856296,-0.6983333081074601,1.0,308.60165350075977,4.640892957108496,0.76,0.022926032692076916,0.76,0.0,0.022917651,1.0
3.667867797917074,-0.6956544205648074,1.0,308.7409031393631,4.640383589028522,0.761,0.02292603200049301,0.761,0.0,0.022917651,1.0
3.6682652918529732,-0.6929747110201423,1.0,308.88066244511447,4.639873774444393,0.762,0.022926031302460438,0.762,0.0,0.022917651,1.0
3.6686628818840306,-0.6902941600340554,1.0,309.02094347105987,4.639363502796796,0.763,0.022926030597826684,0.763,0.0,0.022917651,1.0
3.669060570300846,-0.6876127475493078,1.0,309.16175865331957,4.638852763190815,0.7640000000000001,0.022926029886434402,0.764,0.0,0.022917651,1.0
3.669458359467401,-0.6849304528660887,1.0,309.30312082642837,4.638341544382501,0.7650000000000001,0.02292602916812121,0.765,0.0,0.022917651,1.0
3.6698562518240205,-0.6822472546160753,1.0,309.4450432394198,4.637829834764772,0.7660000000000001,0.02292602844271945,0.766,0.0,0.022917651,1.0
3.670254249890486,-0.6795631307352251,1.0,309.5875395726952,4.637317622352633,0.767,0.022926027710056047,0.767,0.0,0.022917651,1.0
3.670652356269292,-0.6768780584352304,1.0,309.7306239557236,4.636804894767681,0.768,0.022926026969952218,0.768,0.0,0.022917651,1.0
3.6710505736490666,-0.6741920141735533,1.0,309.87431098562047,4.63629163922182,0.7690000000000001,0.022926026222223266,0.769,0.0,0.022917651,1.0
3.6714489048081678,-0.6715049736219613,1.0,310.018615746656,4.635777842500172,0.77,0.02292602546667834,0.77,0.0,0.022917651,1.0
3.6718473526184585,-0.6688169116334763,1.0,310.1635538307493,4.635263490943121,0.7710000000000001,0.022926024703120156,0.771,0.0,0.022917651,1.0
3.6722459200492676,-0.6661278022076386,1.0,310.30914135900457,4.63474857042745,0.772,0.022926023931344745,0.772,0.0,0.022917651,1.0
3.672644610171568,-0.6634376184539889,1.0,310.45539500435393,4.634233066346503,0.7730000000000001,0.02292602315114114,0.773,0.0,0.022917651,1.0
3.673043426162358,-0.6607463325536576,1.0,310.6023320153728,4.633716963589316,0.7739999999999999,0.022926022362291104,0.774,0.0,0.022917651,1.0
3.673442371309281,-0.6580539157189501,1.0,310.749970241339,4.633200246518672,0.775,0.0229260215645688,0.775,0.0,0.022917651,1.0
3.6738414490154807,-0.6553603381507997,1.0,310.898328158613,4.632682898947984,0.7760000000000001,0.02292602075774044,0.776,0.0,0.022917651,1.0
3.6742406628047184,-0.6526655689939593,1.0,311.04742489842,4.632164904116955,0.777,0.02292601994156397,0.777,0.0,0.022917651,1.0
3.6746400163267685,-0.6499695762897908,1.0,311.19728027612274,4.631646244665942,0.778,0.022926019115788676,0.778,0.0,0.022917651,1.0
3.675039513363099,-0.6472723269264974,1.0,311.34791482207856,4.631126902608909,0.7790000000000001,0.022926018280154784,0.779,0.0,0.022917651,1.0
3.675439157832864,-0.6445737865866388,1.0,311.4993498141815,4.6306068593049305,0.7800000000000001,0.022926017434393077,0.78,0.0,0.022917651,1.0
3.6758389537992318,-0.6418739196917532,1.0,311.6516073121991,4.630086095428102,0.7810000000000001,0.022926016578224438,0.781,0.0,0.022917651,1.0
3.676239293118245,-0.6391740167115864,1.0,311.80464731621333,4.6295674688572594,0.782,0.02292601571730397,0.782,0.0,0.022917651,1.0
3.676640173254749,-0.6364740913097459,1.0,311.95882432448917,4.629050983111257,0.7830000000000001,0.02292601485224909,0.783,0.0,0.022917651,1.0
3.677041216946107,-0.633772825389507,1.0,312.1143427511867,4.62853381105589,0.7839999999999999,0.02292601397727391,0.784,0.0,0.022917651,1.0
3.6774424286906315,-0.6310701820820828,1.0,312.2712394898467,4.628015933815331,0.785,0.022926013092105603,0.785,0.0,0.022917651,1.0
3.677843813153118,-0.6283661231541547,1.0,312.4295527994572,4.6274973318151496,0.786,0.02292601219646122,0.786,0.0,0.022917651,1.0
3.678245375172621,-0.6256606089441564,1.0,312.58932236821363,4.626977984749692,0.787,0.02292601129004726,0.787,0.0,0.022917651,1.0
3.6786471197706674,-0.6229535982949513,1.0,312.7505893808852,4.626457871547608,0.788,0.02292601037255914,0.788,0.0,0.022917651,1.0
3.6790490521599395,-0.6202450484826691,1.0,312.91339659002705,4.625936970335427,0.789,0.02292600944368068,0.789,0.0,0.022917651,1.0
3.679451177753459,-0.617534915141437,1.0,313.07778839129935,4.625415258399016,0.79,0.022926008503083583,0.79,0.0,0.022917651,1.0
3.6798535021743013,-0.6148231521837312,1.0,313.24381090316894,4.6248927121428025,0.791,0.02292600755042676,0.791,0.0,0.022917651,1.0
3.68025603126589,-0.6121097117160461,1.0,313.4115120512969,4.624369307046598,0.792,0.022926006585355794,0.792,0.0,0.022917651,1.0
3.6806587711028924,-0.6093945439495584,1.0,313.58094165793506,4.623845017619865,0.793,0.022926005607502235,0.793,0.0,0.022917651,1.0
3.681061728002775,-0.6066775971054338,1.0,313.7521515366819,4.623319817353234,0.7940000000000002,0.022926004616482892,0.794,0.0,0.022917651,1.0
3.6814649085380555,-0.6039588173144005,1.0,313.9251955929769,4.622793678667086,0.7949999999999999,0.02292600361189912,0.795,0.0,0.022917651,1.0
3.6818683195493054,-0.6012381485101783,1.0,314.10012993074304,4.622266572856993,0.796,0.02292600259333601,0.796,0.0,0.022917651,1.0
3.682271968158956,-0.5985155323163215,1.0,314.2770129656202,4.621738470035786,0.797,0.02292600156036155,0.797,0.0,0.022917651,1.0
3.6826758617859703,-0.5957909079259944,1.0,314.4559055452697,4.621209339072001,0.7980000000000002,0.02292600051252576,0.798,0.0,0.022917651,1.0
3.6830800081614288,-0.5930642119741605,1.0,314.63687107727105,4.620679147524441,0.799,0.022925999449359705,0.799,0.0,0.022917651,1.0
3.6834844292078737,-0.5903355867586201,1.0,314.82030785379624,4.620148125449688,0.8000000000000002,0.022925998371066913,0.8,0.0,0.022917651,1.0
3.6838511902792916,-0.5879170795543794,1.0,314.848185147545,4.6197081882762685,0.801,0.022925998313973062,0.801,0.0,0.022917651,1.0
3.684218004749106,-0.5854980173984282,1.0,314.87644116317625,4.619267909730887,0.8020000000000002,0.022925998256468228,0.802,0.0,0.022917651,1.0
3.684584873493934,-0.5830783911803595,1.0,314.9050821180065,4.6188272842093845,0.803,0.022925998198545672,0.803,0.0,0.022917651,1.0
3.684951797409689,-0.5806581915892539,1.0,314.9341143661902,4.6183863059842585,0.804,0.022925998140198488,0.804,0.0,0.022917651,1.0
3.6853187774121103,-0.5782374091081321,1.0,314.96354440250576,4.617944969201254,0.805,0.02292599808141963,0.805,0.0,0.022917651,1.0
3.685685814437317,-0.5758160340082231,1.0,314.9933788662669,4.617503267875832,0.8060000000000002,0.0229259980222019,0.806,0.0,0.022917651,1.0
3.6860529094423775,-0.5733940563430393,1.0,315.0236245453658,4.617061195889527,0.807,0.022925997962537928,0.807,0.0,0.022917651,1.0
3.686420063405897,-0.5709714659422523,1.0,315.05428838045316,4.616618746986185,0.808,0.022925997902420177,0.808,0.0,0.022917651,1.0
3.68678727732863,-0.5685482524053608,1.0,315.0853774692592,4.616175914768059,0.8090000000000002,0.022925997841840958,0.809,0.0,0.022917651,1.0
3.6871545522341087,-0.566124405095141,1.0,315.11689907106285,4.615732692691787,0.8100000000000002,0.022925997780792382,0.81,0.0,0.022917651,1.0
3.6875218891692936,-0.5636999131308741,1.0,315.1488606113144,4.615289074064226,0.8110000000000003,0.022925997719266396,0.811,0.0,0.022917651,1.0
3.6878892892052506,-0.5612747653813388,1.0,315.1812696864173,4.614845052038133,0.8120000000000002,0.02292599765725475,0.812,0.0,0.022917651,1.0
3.688256753437845,-0.5588489504575601,1.0,315.2141340686769,4.61440061960772,0.8130000000000002,0.022925997594749014,0.8130000000000001,0.0,0.022917651,1.0
3.6886242829884672,-0.5564224567053054,1.0,315.24746171142095,4.61395576960402,0.8140000000000002,0.022925997531740565,0.8140000000000001,0.0,0.022917651,1.0
3.6889918790047784,-0.5539952721973168,1.0,315.2812607543011,4.613510494690125,0.8150000000000002,0.02292599746822056,0.8150000000000001,0.0,0.022917651,1.0
3.6893595426614847,-0.5515673847252686,1.0,315.3155395287811,4.613064787356227,0.8160000000000002,0.022925997404179957,0.8160000000000001,0.0,0.022917651,1.0
3.689727275161138,-0.549138781791439,1.0,315.3503065638204,4.6126186399145,0.8170000000000002,0.022925997339609504,0.8170000000000001,0.0,0.022917651,1.0
3.690095077734966,-0.5467094506000845,1.0,315.38557059176117,4.612172044493795,0.8180000000000001,0.02292599727449973,0.8180000000000001,0.0,0.022917651,1.0
3.6904629516437333,-0.5442793780485019,1.0,315.42134055442693,4.611724993034138,0.8190000000000001,0.022925997208840924,0.8190000000000001,0.0,0.022917651,1.0
3.6908308981786315,-0.5418485507177698,1.0,315.4576256094422,4.611277477281041,0.8200000000000001,0.02292599714262315,0.8200000000000001,0.0,0.022917651,1.0
3.691198918662202,-0.5394169548631498,1.0,315.49443513678165,4.61082948877959,0.8210000000000001,0.022925997075836233,0.8210000000000001,0.0,0.022917651,1.0
3.6915670144492956,-0.5369845764041382,1.0,315.5317787455605,4.61038101886833,0.822,0.02292599700846974,0.8220000000000001,0.0,0.022917651,1.0
3.6919351869280623,-0.5345514009141503,1.0,315.56966628107386,4.6099320586729196,0.8230000000000002,0.02292599694051299,0.8230000000000001,0.0,0.022917651,1.0
3.6923034375209824,-0.5321174136098211,1.0,315.6081078320983,4.609482599099546,0.8240000000000001,0.022925996871955033,0.8240000000000001,0.0,0.022917651,1.0
3.6926718432962318,-0.5296849050054666,1.0,315.6464207590445,4.609035238615628,0.8250000000000001,0.022925996788965466,0.8250000000000001,0.0,0.022917651,1.0
3.6930403195817996,-0.5272516447874953,1.0,315.6852580364099,4.608587408561441,0.8260000000000002,0.022925996703995397,0.8260000000000001,0.0,0.022917651,1.0
3.6934088670699343,-0.5248176040142707,1.0,315.72463357548156,4.608139082766653,0.8270000000000002,0.022925996617100538,0.8270000000000001,0.0,0.022917651,1.0
3.6937774870304025,-0.5223827687659873,1.0,315.7645569751935,4.607690252390614,0.8280000000000002,0.022925996528246572,0.8280000000000001,0.0,0.022917651,1.0
3.6941461807633496,-0.5199471247898803,1.0,315.8050380640843,4.607240908381215,0.8290000000000002,0.022925996437398347,0.8290000000000001,0.0,0.022917651,1.0
3.6945149496002054,-0.5175106574902106,1.0,315.84608690720376,4.606791041468514,0.8300000000000003,0.022925996344519875,0.8300000000000001,0.0,0.022917651,1.0
3.69488379490463,-0.5150733519178857,1.0,315.88771381326967,4.606340642158153,0.8310000000000001,0.0229259962495743,0.8310000000000001,0.0,0.022917651,1.0
3.695252718073501,-0.5126351927597023,1.0,315.929929342087,4.605889700724519,0.8320000000000002,0.022925996152523845,0.8320000000000001,0.0,0.022917651,1.0
3.695621720537928,-0.5101961643271915,1.0,315.972744312239,4.605438207203668,0.8330000000000001,0.022925996053329838,0.833,0.0,0.022917651,1.0
3.6959908037643046,-0.5077562505450528,1.0,316.0161698090631,4.60498615138597,0.8340000000000001,0.022925995951952632,0.834,0.0,0.022917651,1.0
3.696359969255408,-0.5053154349391589,1.0,316.0602171929238,4.604533522808494,0.8350000000000001,0.022925995848351602,0.835,0.0,0.022917651,1.0
3.696729218551532,-0.502873700624108,1.0,316.1048981077951,4.604080310747112,0.8360000000000001,0.022925995742485113,0.836,0.0,0.022917651,1.0
3.6970985532316636,-0.5004310302903101,1.0,316.1502244901663,4.603626504208277,0.8370000000000001,0.022925995634310484,0.837,0.0,0.022917651,1.0
3.697467974914708,-0.49798740619058235,1.0,316.1962085782856,4.603172091920529,0.838,0.022925995523783944,0.838,0.0,0.022917651,1.0
3.6978374852607585,-0.4955428101262326,1.0,316.24286292175685,4.602717062325646,0.8390000000000001,0.022925995410860617,0.839,0.0,0.022917651,1.0
3.69820708597241,-0.49309722343260876,1.0,316.29020039150396,4.60226140356947,0.8400000000000001,0.022925995295494488,0.84,0.0,0.022917651,1.0
3.698576778796135,-0.4906506269640904,1.0,316.3382341901214,4.601805103492371,0.8410000000000001,0.02292599517763834,0.841,0.0,0.022917651,1.0
3.6989465655237024,-0.48820300107849507,1.0,316.3869778626268,4.6013481496193505,0.8420000000000001,0.02292599505724373,0.842,0.0,0.022917651,1.0
3.6993164475274756,-0.4857543443594736,1.0,316.4364258290177,4.600890546021672,0.8430000000000001,0.02292599493415336,0.843,0.0,0.022917651,1.0
3.699686363064061,-0.48330696492752434,1.0,316.48426801697957,4.600434353605412,0.844,0.022925994795345933,0.844,0.0,0.022917651,1.0
3.7000563642007456,-0.4808585932145746,1.0,316.5329537799912,4.599977511310215,0.8449999999999999,0.022925994654093566,0.845,0.0,0.022917651,1.0
3.7004264525389314,-0.4784092106571086,1.0,316.58249889958904,4.599520006978194,0.8460000000000001,0.022925994510350513,0.846,0.0,0.022917651,1.0
3.7007966297202133,-0.47595879822565873,1.0,316.6329195534326,4.599061828146294,0.8469999999999999,0.022925994364069894,0.847,0.0,0.022917651,1.0
3.701166897427651,-0.4735073364100932,1.0,316.6842323278117,4.598602962036663,0.848,0.02292599421520363,0.848,0.0,0.022917651,1.0
3.7015372573870886,-0.47105480520434384,1.0,316.7364542306304,4.5981433955466375,0.849,0.02292599406370243,0.849,0.0,0.022917651,1.0
3.701907711368521,-0.46860118409054696,1.0,316.7896027048891,4.597683115238363,0.8500000000000001,0.02292599390951574,0.85,0.0,0.022917651,1.0
3.7022782611875114,-0.4661464520225719,1.0,316.84369564268746,4.5972221073280055,0.851,0.0229259937525917,0.851,0.0,0.022917651,1.0
3.7026489087066725,-0.46369058740891,1.0,316.89875139977175,4.596760357674543,0.8520000000000001,0.02292599359287711,0.852,0.0,0.022917651,1.0
3.703019655837201,-0.4612335680948932,1.0,316.95478881065054,4.5962978517681226,0.853,0.022925993430317385,0.853,0.0,0.022917651,1.0
3.7033905045404656,-0.45877537134421287,1.0,317.011827204307,4.595834574717954,0.854,0.0229259932648565,0.854,0.0,0.022917651,1.0
3.7037614568296693,-0.45631597381970623,1.0,317.0698864205326,4.595370511239728,0.855,0.022925993096436954,0.855,0.0,0.022917651,1.0
3.704132514771573,-0.4538553515633754,1.0,317.12898682691423,4.594905645642526,0.856,0.022925992924999708,0.856,0.0,0.022917651,1.0
3.7045036804882865,-0.45139347997560475,1.0,317.18914933650154,4.594439961815215,0.857,0.022925992750484164,0.857,0.0,0.022917651,1.0
3.7048749561591348,-0.44893033379353653,1.0,317.2503954261911,4.593973443212281,0.858,0.02292599257282807,0.858,0.0,0.022917651,1.0
3.705246327008514,-0.44646699484943186,1.0,317.3141633604212,4.593507112601069,0.859,0.02292599238252735,0.859,0.0,0.022917651,1.0
3.7056177780925568,-0.44400375901037614,1.0,317.3808495726971,4.593041206079467,0.86,0.0229259921780193,0.86,0.0,0.022917651,1.0
3.705989326703116,-0.44153930102821115,1.0,317.44879936128297,4.592574467520955,0.861,0.022925991970812014,0.861,0.0,0.022917651,1.0
3.706360974719857,-0.4390735973480916,1.0,317.5180370795823,4.592106880889357,0.862,0.02292599176085347,0.862,0.0,0.022917651,1.0
3.7067327240710646,-0.4366066238059496,1.0,317.5885877108754,4.59163842973374,0.863,0.022925991548090302,0.863,0.0,0.022917651,1.0
3.7071045767352167,-0.4341383556086696,1.0,317.660476888816,4.59116909717491,0.864,0.02292599133246775,0.864,0.0,0.022917651,1.0
3.7074765347426375,-0.4316687673134854,1.0,317.73373091873333,4.590698865891395,0.865,0.022925991113929622,0.865,0.0,0.022917651,1.0
3.7078486001771993,-0.429197832806561,1.0,317.80837679977697,4.590227718104853,0.866,0.022925990892418244,0.866,0.0,0.022917651,1.0
3.7082207751781033,-0.4267255252807188,1.0,317.8844422479434,4.589755635564918,0.867,0.022925990667874402,0.867,0.0,0.022917651,1.0
3.7085930619417296,-0.4242518172122756,1.0,317.9619557200265,4.5892825995334245,0.8680000000000001,0.022925990440237312,0.868,0.0,0.022917651,1.0
3.708965462723555,-0.42177668033694204,1.0,318.0409464385335,4.588808590768001,0.8690000000000001,0.022925990209444552,0.869,0.0,0.022917651,1.0
3.709337979840161,-0.41930008562474474,1.0,318.1214444176151,4.588333589504995,0.8700000000000001,0.022925989975432007,0.87,0.0,0.022917651,1.0
3.7097106156713116,-0.4168220032539201,1.0,318.20348049005423,4.587857575441703,0.871,0.0229259897381338,0.871,0.0,0.022917651,1.0
3.7100832660584238,-0.4143436953122204,1.0,318.2887200909378,4.587381394266314,0.872,0.022925989533694364,0.872,0.0,0.022917651,1.0
3.710455823709882,-0.4118664239173342,1.0,318.3788246917428,4.586905879160319,0.8730000000000001,0.02292598939823283,0.873,0.0,0.022917651,1.0
3.7108284901474704,-0.4093877248634074,1.0,318.47074778951753,4.586429371560705,0.874,0.022925989263492257,0.874,0.0,0.022917651,1.0
3.7112012675190322,-0.4069075699631462,1.0,318.56452528814907,4.585951851871959,0.875,0.022925989129486887,0.875,0.0,0.022917651,1.0
3.711574158029327,-0.4044259302823114,1.0,318.6601940429541,4.585473299979302,0.876,0.022925988996231324,0.876,0.0,0.022917651,1.0
3.711947163941926,-0.4019427761148117,1.0,318.7577918924045,4.58499369523137,0.877,0.02292598886374057,0.877,0.0,0.022917651,1.0
3.7123202875811923,-0.39945807695679403,1.0,318.8573576911313,4.584513016422203,0.878,0.022925988732030035,0.878,0.0,0.022917651,1.0
3.712693531334331,-0.3969718014796816,1.0,318.9589313442658,4.584031241772504,0.879,0.022925988601115537,0.879,0.0,0.022917651,1.0
3.7130668976535275,-0.39448391750211226,1.0,319.0625538431847,4.583548348910125,0.88,0.02292598847101332,0.88,0.0,0.022917651,1.0
3.7134403890581753,-0.39199439196072333,1.0,319.16826730272294,4.5830643148497625,0.8809999999999999,0.0229259883417401,0.881,0.0,0.022917651,1.0
3.7138140081371964,-0.38950319087972635,1.0,319.2761149999285,4.582579115971807,0.882,0.022925988213313007,0.882,0.0,0.022917651,1.0
3.7141877575514486,-0.38701027933921384,1.0,319.3861414144312,4.5820927280003,0.883,0.022925988085749704,0.883,0.0,0.022917651,1.0
3.7145614265538316,-0.38451840100215645,1.0,319.49976606015315,4.581607050257207,0.8840000000000001,0.02292598783684137,0.884,0.0,0.022917651,1.0
3.71493519647673,-0.3820251226954895,1.0,319.6158038403214,4.581120376096338,0.885,0.02292598757132013,0.885,0.0,0.022917651,1.0
3.715309088565401,-0.379530162905112,1.0,319.73417638992686,4.580632509106555,0.8860000000000001,0.022925987299953376,0.886,0.0,0.022917651,1.0
3.7156831053066046,-0.37703348740340026,1.0,319.85493123462135,4.580143425007101,0.8870000000000001,0.022925987022622128,0.887,0.0,0.022917651,1.0
3.7160572492550505,-0.3745350610274191,1.0,319.9781171987531,4.579653098853716,0.888,0.022925986739204138,0.888,0.0,0.022917651,1.0
3.7164315230357445,-0.37203484764675365,1.0,320.10378445003306,4.57916150501582,0.889,0.022925986449573804,0.889,0.0,0.022917651,1.0
3.7168059293464135,-0.36953281013000466,1.0,320.2319845460561,4.578668617152745,0.89,0.02292598615360204,0.89,0.0,0.022917651,1.0
3.7171804709600464,-0.3670289103098815,1.0,320.36277048277043,4.578174408188967,0.8910000000000001,0.022925985851156166,0.891,0.0,0.022917651,1.0
3.7175551507275375,-0.36452310894682466,1.0,320.49619674498825,4.57767885028831,0.892,0.022925985542099764,0.892,0.0,0.022917651,1.0
3.7179299715804404,-0.36201536569108395,1.0,320.63231935904105,4.577181914827033,0.893,0.02292598522629257,0.893,0.0,0.022917651,1.0
3.7183047472827764,-0.35950743589084166,1.0,320.76611573909037,4.57668461256159,0.894,0.022925984903159318,0.894,0.0,0.022917651,1.0
3.7186796288241486,-0.35699784217762703,1.0,320.90168951592693,4.576186069761692,0.895,0.022925984572939824,0.895,0.0,0.022917651,1.0
3.7190546487080645,-0.35448625972271963,1.0,321.03989629647134,4.575686091553427,0.896,0.02292598423555704,0.896,0.0,0.022917651,1.0
3.719429809876775,-0.35197264622981733,1.0,321.180792079107,4.5751846474087134,0.897,0.022925983890858606,0.897,0.0,0.022917651,1.0
3.7198051153565617,-0.34945695819465156,1.0,321.3244344615104,4.574681705927598,0.898,0.022925983538687834,0.898,0.0,0.022917651,1.0
3.720180568260755,-0.3469391508615527,1.0,321.4708826981559,4.574177234806911,0.899,0.022925983178883513,0.899,0.0,0.022917651,1.0
3.7205561717928917,-0.34441917817812934,1.0,321.6201977603192,4.573671200807552,0.9000000000000001,0.022925982811279774,0.9,0.0,0.022917651,1.0
3.720857881928832,-0.3422320637364621,1.0,321.656697971157,4.5731485015523665,0.901,0.02292598269071672,0.901,0.0,0.022917651,1.0
3.721159654036005,-0.34004400772967547,1.0,321.69365011843,4.572625108619533,0.902,0.022925982570008472,0.902,0.0,0.022917651,1.0
3.7214614890716304,-0.33785499561413523,1.0,321.73106118285347,4.57210101129435,0.903,0.02292598244915275,0.903,0.0,0.022917651,1.0
3.7217635156257507,-0.33566512497450435,1.0,321.7704553437445,4.571576822883247,0.904,0.02292598232846572,0.904,0.0,0.022917651,1.0
3.7220656429569994,-0.3334743827091408,1.0,321.8109697003501,4.571052166475268,0.905,0.022925982207736506,0.905,0.0,0.022917651,1.0
3.722367819491528,-0.3312827230002477,1.0,321.85202626193023,4.570526789421043,0.906,0.022925982086835495,0.906,0.0,0.022917651,1.0
3.7226700459450703,-0.3290901325022441,1.0,321.8936329156627,4.5700006812377,0.907,0.022925981965760196,0.907,0.0,0.022917651,1.0
3.722972323047311,-0.32689659760944617,1.0,321.93579770244514,4.569473831238057,0.908,0.02292598184450804,0.908,0.0,0.022917651,1.0
3.723274651542226,-0.3247021044496994,1.0,321.9785288206581,4.568946228525625,0.9090000000000003,0.022925981723076458,0.909,0.0,0.022917651,1.0
3.7235770321884325,-0.32250663887782266,1.0,322.02183463003956,4.568417861989446,0.91,0.022925981601462773,0.91,0.0,0.022917651,1.0
3.723879465759553,-0.32031018646885856,1.0,322.0657236556742,4.56788872029881,0.911,0.022925981479664306,0.911,0.0,0.022917651,1.0
3.724181953044589,-0.3181127325111213,1.0,322.1102045921016,4.5673587918977745,0.912,0.022925981357678284,0.912,0.0,0.022917651,1.0
3.724484494848302,-0.3159142619990375,1.0,322.1552863075479,4.566828064999557,0.9130000000000003,0.02292598123550191,0.913,0.0,0.022917651,1.0
3.72478709199161,-0.31371475962577006,1.0,322.20097784828437,4.566296527580729,0.9140000000000001,0.022925981113132318,0.914,0.0,0.022917651,1.0
3.7250897453119958,-0.3115142097756205,1.0,322.24728844311824,4.5657641673752565,0.915,0.022925980990566575,0.915,0.0,0.022917651,1.0
3.725392447601806,-0.3093127740255222,1.0,322.2943201685966,4.565231116700113,0.9160000000000003,0.022925980891454336,0.916,0.0,0.022917651,1.0
3.7256951692150926,-0.3071110698793871,1.0,322.3424292123966,4.5646978730570575,0.9170000000000001,0.02292598089542077,0.917,0.0,0.022917651,1.0
3.7259979444593205,-0.3049083179358296,1.0,322.39123790364937,4.564163796199379,0.918,0.022925980897367,0.918,0.0,0.022917651,1.0
3.7263007741373464,-0.30270450250930775,1.0,322.4407567160869,4.563628873653844,0.9189999999999999,0.022925980897262797,0.919,0.0,0.022917651,1.0
3.7266036590681315,-0.3004996075996255,1.0,322.49099633354587,4.563093092697003,0.9200000000000002,0.022925980895077306,0.92,0.0,0.022917651,1.0
3.7269066000871485,-0.29829361688400324,1.0,322.5419676552619,4.562556440348888,0.921,0.022925980890779053,0.921,0.0,0.022917651,1.0
3.727209598046799,-0.29608651370890704,1.0,322.593681801326,4.562018903366509,0.922,0.022925980884335926,0.922,0.0,0.022917651,1.0
3.7275126538168464,-0.2938782810816282,1.0,322.64615011830676,4.561480468237167,0.9230000000000002,0.022925980875715173,0.923,0.0,0.022917651,1.0
3.7278157682848567,-0.29166890166160425,1.0,322.69938418504586,4.560941121171543,0.9240000000000002,0.022925980864883354,0.924,0.0,0.022917651,1.0
3.728118942356661,-0.28945835775147194,1.0,322.7533958186319,4.5604008480965925,0.9250000000000002,0.022925980851806346,0.925,0.0,0.022917651,1.0
3.728422176956824,-0.28724663128784345,1.0,322.8081970805598,4.5598596346482045,0.926,0.02292598083644933,0.926,0.0,0.022917651,1.0
3.728725473029132,-0.2850337038317936,1.0,322.8638002830828,4.559317466163638,0.9270000000000003,0.022925980818776743,0.927,0.0,0.022917651,1.0
3.729028636948458,-0.282820896098332,1.0,322.9210133044678,4.558774888922931,0.9280000000000002,0.022925980678163503,0.928,0.0,0.022917651,1.0
3.729331854960963,-0.2806069575850836,1.0,322.9791495371763,4.558231397207026,0.929,0.022925980534799766,0.929,0.0,0.022917651,1.0
3.7296351319446024,-0.2783918436497306,1.0,323.03820702117974,4.557686965881588,0.9300000000000003,0.022925980391213616,0.93,0.0,0.022917651,1.0
3.729938468799312,-0.27617553635459835,1.0,323.0981998153475,4.557141580607591,0.9310000000000002,0.02292598024740166,0.931,0.0,0.022917651,1.0
3.7302418664434334,-0.2739580173951592,1.0,323.15914226607487,4.556595226752751,0.932,0.02292598010336043,0.932,0.0,0.022917651,1.0
3.7305453258141856,-0.27173926809060617,1.0,323.22104901467014,4.556047889383995,0.933,0.022925979959086393,0.933,0.0,0.022917651,1.0
3.7308488478681547,-0.2695192693741336,1.0,323.28393500497293,4.555499553259691,0.9340000000000003,0.022925979814575937,0.934,0.0,0.022917651,1.0
3.7311524335817925,-0.2672980017829164,1.0,323.347815491208,4.554950202821634,0.935,0.022925979669825382,0.935,0.0,0.022917651,1.0
3.73145608395194,-0.265075445447774,1.0,323.4127060460858,4.554399822186789,0.9360000000000002,0.02292597952483097,0.936,0.0,0.022917651,1.0
3.731759799996359,-0.26285158008251014,1.0,323.47862256915823,4.5538483951387665,0.937,0.022925979379588863,0.937,0.0,0.022917651,1.0
3.732063593569406,-0.26062664809212016,1.0,323.54672351574425,4.553296212540431,0.9380000000000001,0.022925979234130773,0.9380000000000001,0.0,0.022917651,1.0
3.732367454261923,-0.2584004227657711,1.0,323.61619334007423,4.552743005332113,0.9390000000000001,0.02292597908841717,0.9390000000000001,0.0,0.022917651,1.0
3.7326713805858,-0.25617282824251225,1.0,323.6868196525049,4.552188691495332,0.9400000000000002,0.02292597894243577,0.9400000000000001,0.0,0.022917651,1.0
3.732975373591753,-0.25394384260240216,1.0,323.75862096764956,4.551633253313694,0.9410000000000001,0.022925978796182283,0.9410000000000001,0.0,0.022917651,1.0
3.733279434353044,-0.25171344345509034,1.0,323.83161619745124,4.5510766726906065,0.9420000000000001,0.02292597864965234,0.9420000000000001,0.0,0.022917651,1.0
3.733583563966096,-0.2494816079271308,1.0,323.905824661898,4.550518931139021,0.9430000000000001,0.022925978502841456,0.9430000000000001,0.0,0.022917651,1.0
3.733887763551111,-0.24724831264888208,1.0,323.98126610008836,4.549960009770854,0.9440000000000001,0.02292597835574507,0.9440000000000001,0.0,0.022917651,1.0
3.7341920342527284,-0.24501353374097853,1.0,324.0579606816572,4.5493998892860406,0.9450000000000002,0.0229259782083585,0.9450000000000001,0.0,0.022917651,1.0
3.734496377240691,-0.24277724680035748,1.0,324.1359290185791,4.548838549961252,0.9460000000000001,0.022925978060676984,0.9460000000000001,0.0,0.022917651,1.0
3.734800700815652,-0.24054023373460004,1.0,324.2167738480193,4.548276406038826,0.9470000000000001,0.0229259779124066,0.9470000000000001,0.0,0.022917651,1.0
3.7351050425468215,-0.23830216039836033,1.0,324.2999175395961,4.547713273982225,0.9480000000000002,0.0229259777636471,0.9480000000000001,0.0,0.022917651,1.0
3.735409454512432,-0.23606256123848002,1.0,324.3845203887378,4.547148897025516,0.9490000000000001,0.022925977614549765,0.9490000000000001,0.0,0.022917651,1.0
3.7357139378646753,-0.23382141122390623,1.0,324.470606332844,4.546583254746177,0.9500000000000001,0.02292597746510905,0.9500000000000001,0.0,0.022917651,1.0
3.7360184937810854,-0.2315786847730649,1.0,324.55819983578203,4.5460163262725315,0.9510000000000002,0.02292597731531929,0.9510000000000001,0.0,0.022917651,1.0
3.7363231234652363,-0.22933435573864225,1.0,324.64732590244085,4.545448090271316,0.9520000000000001,0.022925977165174697,0.9520000000000001,0.0,0.022917651,1.0
3.736627828147466,-0.2270883973918586,1.0,324.7380100937701,4.544878524934859,0.9530000000000001,0.022925977014669353,0.9530000000000001,0.0,0.022917651,1.0
3.7369326090856294,-0.22484078240621466,1.0,324.83027854232336,4.544307607967819,0.9540000000000002,0.022925976863797208,0.9540000000000001,0.0,0.022917651,1.0
3.737237449128882,-0.22259183985353864,1.0,324.9248751613579,4.5437356002271825,0.9550000000000001,0.02292597673567887,0.9550000000000001,0.0,0.022917651,1.0
3.7375422997594554,-0.2203424459066636,1.0,325.0235985778909,4.543163184727603,0.9560000000000001,0.02292597668279406,0.9560000000000001,0.0,0.022917651,1.0
3.7378472201402535,-0.21809141292710882,1.0,325.12411696563146,4.542589409172769,0.9570000000000001,0.022925976626076674,0.9570000000000001,0.0,0.022917651,1.0
3.738152211416144,-0.21583871401211907,1.0,325.22645978687893,4.542014251239007,0.9580000000000002,0.022925976565463788,0.9580000000000001,0.0,0.022917651,1.0
3.7384572747571863,-0.21358432166693142,1.0,325.330657152264,4.541437688111397,0.9590000000000002,0.022925976500891128,0.9590000000000001,0.0,0.022917651,1.0
3.738762411359329,-0.21132820778840117,1.0,325.43673983868115,4.540859696470194,0.96,0.022925976432292973,0.96,0.0,0.022917651,1.0
3.739067622445135,-0.2090703436480802,1.0,325.54473930781944,4.540280252476775,0.961,0.022925976359602147,0.961,0.0,0.022917651,1.0
3.739372909264515,-0.2068106998747295,1.0,325.654687725315,4.539699331759139,0.962,0.02292597628274997,0.962,0.0,0.022917651,1.0
3.739678232361644,-0.20454999591766954,1.0,325.7686939776992,4.539117495113123,0.9630000000000001,0.02292597615898273,0.963,0.0,0.022917651,1.0
3.7399835831180837,-0.2022883451154155,1.0,325.887136703787,4.538534821300753,0.964,0.022925975986516557,0.964,0.0,0.022917651,1.0
3.740289005864875,-0.20002491070909625,1.0,326.00779604747026,4.5379506518008395,0.965,0.02292597581362674,0.965,0.0,0.022917651,1.0
3.7405945017972964,-0.19775966308495502,1.0,326.1307088119698,4.537364961779992,0.9660000000000001,0.022925975640306247,0.966,0.0,0.022917651,1.0
3.7409000721372347,-0.19549257197000408,1.0,326.25591261978155,4.536777725852011,0.967,0.022925975466547885,0.967,0.0,0.022917651,1.0
3.741205718133931,-0.19322360641357847,1.0,326.3834459356021,4.536188918062414,0.9680000000000001,0.022925975292344303,0.968,0.0,0.022917651,1.0
3.741511441064746,-0.19095273476826613,1.0,326.51334809002697,4.535598511872438,0.969,0.022925975117687986,0.969,0.0,0.022917651,1.0
3.7418171992531444,-0.1886805035445914,1.0,326.6472973312741,4.5350068878317895,0.9700000000000002,0.022925974942747306,0.97,0.0,0.022917651,1.0
3.7421229220021783,-0.1864078428840117,1.0,326.7879904725778,4.534414694544581,0.9709999999999999,0.02292597476780384,0.971,0.0,0.022917651,1.0
3.7424287166683867,-0.18413328796446718,1.0,326.93137592240726,4.5338208947740215,0.972,0.022925974592412232,0.972,0.0,0.022917651,1.0
3.7427345844470548,-0.18185680730279838,1.0,327.0774984277479,4.53322546181987,0.9730000000000001,0.022925974416565027,0.973,0.0,0.022917651,1.0
3.743040526560102,-0.1795783687142796,1.0,327.2264037327208,4.532628368386899,0.974,0.022925974240254613,0.974,0.0,0.022917651,1.0
3.7433465442568328,-0.17729793929296736,1.0,327.37813860651323,4.532029586568232,0.975,0.02292597406347321,0.975,0.0,0.022917651,1.0
3.743652638814701,-0.1750154853913846,1.0,327.53275087225336,4.531429087828115,0.976,0.02292597388621285,0.976,0.0,0.022917651,1.0
3.743958628841278,-0.17273214947271165,1.0,327.6907174525677,4.53082728704871,0.9770000000000001,0.022925973708801072,0.977,0.0,0.022917651,1.0
3.7442645444881193,-0.17044772228094687,1.0,327.8519846533105,4.5302240958710005,0.978,0.0229259735311752,0.978,0.0,0.022917651,1.0
3.7445705260892836,-0.16816127699280561,1.0,328.01626547030696,4.52961915033314,0.979,0.02292597335307115,0.979,0.0,0.022917651,1.0
3.7448765747408665,-0.1658727800694281,1.0,328.1836099870187,4.529012421279318,0.9800000000000001,0.02292597317448097,0.98,0.0,0.022917651,1.0
3.7451826915633926,-0.16358219722463582,1.0,328.3540694028762,4.528403878904064,0.981,0.022925972995396542,0.981,0.0,0.022917651,1.0
3.7454888777024897,-0.16128949340399978,1.0,328.5276960645354,4.527793492734063,0.982,0.02292597281580955,0.982,0.0,0.022917651,1.0
3.7457950522429555,-0.15899495008419545,1.0,328.7031348092267,4.527181221596826,0.983,0.022925972639342096,0.983,0.0,0.022917651,1.0
3.746101037486496,-0.15669923613625733,1.0,328.8773691309291,4.526567025771621,0.9840000000000001,0.022925972472543594,0.984,0.0,0.022917651,1.0
3.7464070817701787,-0.15440136823482492,1.0,329.0546942235928,4.525950912226652,0.985,0.022925972303627133,0.985,0.0,0.022917651,1.0
3.7467131860808505,-0.15210131037693075,1.0,329.2351617489305,4.52533284890756,0.986,0.02292597213255732,0.986,0.0,0.022917651,1.0
3.747019351427474,-0.14979902575273374,1.0,329.4188245264615,4.524712803041602,0.9870000000000001,0.02292597195929795,0.987,0.0,0.022917651,1.0
3.7473255788417505,-0.14749447672278795,1.0,329.60573656612905,4.524090741117418,0.988,0.02292597178381203,0.988,0.0,0.022917651,1.0
3.7476319561342746,-0.14518735178162015,1.0,329.7967298348967,4.523466701651311,0.989,0.022925971610399238,0.989,0.0,0.022917651,1.0
3.7479386010665063,-0.14287724178441366,1.0,329.99293394504275,4.522840744889129,0.99,0.02292597144314842,0.99,0.0,0.022917651,1.0
3.748245316258057,-0.14056472951358637,1.0,330.1926456105225,4.522212666881418,0.9910000000000001,0.02292597127114712,0.991,0.0,0.022917651,1.0
3.748552102929192,-0.13824977324633228,1.0,330.39592575072885,4.521582430786281,0.992,0.022925971094312818,0.992,0.0,0.022917651,1.0
3.748858962328604,-0.13593233028802762,1.0,330.6028367040042,4.520949998903691,0.993,0.02292597091256109,0.993,0.0,0.022917651,1.0
3.7491658957342358,-0.1336123569437702,1.0,330.8134422691956,4.520315332650362,0.9940000000000001,0.02292597072580553,0.994,0.0,0.022917651,1.0
3.749472949498388,-0.13129025728758553,1.0,331.02830162471486,4.51967902062096,0.995,0.022925970525343446,0.995,0.0,0.022917651,1.0
3.7497800958520564,-0.12896571073143273,1.0,331.24714791196726,4.519040631644869,0.996,0.022925970321043907,0.996,0.0,0.022917651,1.0
3.750087322231608,-0.1266385343290359,1.0,331.4698941745173,4.518399932783295,0.997,0.022925970116157393,0.997,0.0,0.022917651,1.0
3.7503946300661775,-0.12430868111553112,1.0,331.69661005971034,4.5177568827853625,0.9980000000000001,0.02292596991067343,0.998,0.0,0.022917651,1.0
3.7507020208191313,-0.1219761030010673,1.0,331.92736688321025,4.517111439412082,0.999,0.022925969704581276,0.999,0.0,0.022917651,1.0
3.751009412318743,-0.1196410666172699,1.0,332.1620751527354,4.5164635448252755,1.0,0.022925969497996208,1.0,0.0,0.022917651,1.0
3.751252512456698,-0.11764319326929273,1.0,332.3508210952918,4.515852001965718,1.0010000000000001,0.02292596951442454,1.0010000000000001,0.0,0.022917651,1.0
3.7514956429828015,-0.11564410573751639,1.0,332.54013113817655,4.515239366413481,1.0020000000000002,0.022925969530795256,1.002,0.0,0.022917651,1.0
3.751738804281325,-0.11364378866796372,1.0,332.73001241472747,4.514625624350906,1.0030000000000001,0.022925969547107627,1.0030000000000001,0.0,0.022917651,1.0
3.7519819967430506,-0.11164222644668502,1.0,332.9204721790643,4.514010761726372,1.004,0.022925969563360914,1.004,0.0,0.022917651,1.0
3.752225220765403,-0.10963940319422871,1.0,333.11151780865606,4.513394764249326,1.0050000000000001,0.022925969579554367,1.0050000000000001,0.0,0.022917651,1.0
3.7524684767525933,-0.10763530275997744,1.0,333.3031568069541,4.512777617385179,1.0060000000000002,0.022925969595687205,1.006,0.0,0.022917651,1.0
3.7527117996738353,-0.10562984950446759,1.0,333.4954921113108,4.512159383736379,1.0070000000000001,0.02292596961178048,1.0070000000000001,0.0,0.022917651,1.0
3.752955254106869,-0.10362291771547437,1.0,333.6887258200054,4.511540193072626,1.008,0.022925969627871464,1.008,0.0,0.022917651,1.0
3.7531987467392915,-0.10161465148672383,1.0,333.8826177134439,4.510919820792308,1.0090000000000001,0.022925969643898685,1.0090000000000001,0.0,0.022917651,1.0
3.7534422780717285,-0.09960503332967367,1.0,334.0771764174874,4.510298251409712,1.0100000000000002,0.022925969659861326,1.01,0.0,0.022917651,1.0
3.7536858486135882,-0.09759404544884337,1.0,334.27241070938766,4.5096754691673375,1.0110000000000003,0.022925969675758533,1.0110000000000001,0.0,0.022917651,1.0
3.7539294588832606,-0.09558166973505444,1.0,334.46832952112163,4.509051458029911,1.012,0.02292596969158944,1.012,0.0,0.022917651,1.0
3.7541731094083146,-0.09356788775848382,1.0,334.6649419428172,4.5084262016782395,1.0130000000000001,0.02292596970735316,1.0130000000000001,0.0,0.022917651,1.0
3.754416786148887,-0.09155280697707882,1.0,334.8623619391509,4.5077997525257905,1.014,0.022925969723052265,1.014,0.0,0.022917651,1.0
3.754660422822389,-0.08953700720092568,1.0,335.06106427286335,4.507172429842801,1.0150000000000003,0.022925969738698135,1.0150000000000001,0.0,0.022917651,1.0
3.7549040906964137,-0.08751987233638153,1.0,335.26053908951326,4.5065438968145335,1.016,0.02292596975427037,1.016,0.0,0.022917651,1.0
3.755147790165054,-0.08550138552002894,1.0,335.46079614628366,4.505914138153194,1.0170000000000001,0.022925969769768052,1.0170000000000001,0.0,0.022917651,1.0
3.755391521629066,-0.08348152960325056,1.0,335.6618453653752,4.5052831383124365,1.0180000000000002,0.022925969785190244,1.018,0.0,0.022917651,1.0
3.7556352854960138,-0.08146028714617039,1.0,335.86369683750996,4.504650881481866,1.0190000000000003,0.022925969800535972,1.0190000000000001,0.0,0.022917651,1.0
3.7558790821804107,-0.07943764041144782,1.0,336.0663608255242,4.50401735158142,1.0200000000000002,0.02292596981580426,1.02,0.0,0.022917651,1.0
3.756122921810321,-0.07741337230488085,1.0,336.270089579416,4.503382369688134,1.0210000000000001,0.022925969830914193,1.0210000000000001,0.0,0.022917651,1.0
3.7563668139227913,-0.07538738694507902,1.0,336.4749801144261,4.502745877576001,1.022,0.022925969845839944,1.022,0.0,0.022917651,1.0
3.756610749375246,-0.07335990578392014,1.0,336.6807481895185,4.5021080631212165,1.0230000000000004,0.02292596986067955,1.0230000000000001,0.0,0.022917651,1.0
3.756854728744365,-0.07133090891835289,1.0,336.8874054811942,4.501468908728757,1.024,0.022925969875431853,1.024,0.0,0.022917651,1.0
3.757098752617104,-0.0693003760906462,1.0,337.094963874033,4.500828396490055,1.0250000000000001,0.022925969890095703,1.025,0.0,0.022917651,1.0
3.757342821590926,-0.06726828668045472,1.0,337.30343546534925,4.500186508175977,1.0260000000000002,0.0229259699046699,1.026,0.0,0.022917651,1.0
3.7575869489143336,-0.06523459762925486,1.0,337.51290105256743,4.49954325385724,1.027,0.022925969918848436,1.027,0.0,0.022917651,1.0
3.7578312332466486,-0.06319912300484111,1.0,337.72392356695065,4.498898843202947,1.028,0.022925969930287397,1.028,0.0,0.022917651,1.0
3.758075564191229,-0.061162040472167244,1.0,337.93593019377556,4.498253011054564,1.0290000000000001,0.02292596994168053,1.029,0.0,0.022917651,1.0
3.758319942380529,-0.05912332821441369,1.0,338.1489342859201,4.497605738124627,1.03,0.022925969953027214,1.03,0.0,0.022917651,1.0
3.7585643684585004,-0.05708296401827568,1.0,338.3629494389301,4.496957004775147,1.031,0.022925969964326807,1.031,0.0,0.022917651,1.0
3.7588088430808484,-0.05504092526491148,1.0,338.57798949655734,4.496306791009615,1.032,0.022925969975578674,1.032,0.0,0.022917651,1.0
3.759053372517905,-0.0529972267396676,1.0,338.7941872896278,4.4956551368504805,1.033,0.02292596998712445,1.033,0.0,0.022917651,1.0
3.7592979946800846,-0.05095214243006846,1.0,339.0124002191118,4.495002469026511,1.0340000000000003,0.022925970001278505,1.034,0.0,0.022917651,1.0
3.759542665146338,-0.04890538204891989,1.0,339.2317308464823,4.494348318358023,1.035,0.022925970015317803,1.035,0.0,0.022917651,1.0
3.7597873845714394,-0.04685692287672369,1.0,339.45219432236604,4.493692664744755,1.036,0.022925970029240777,1.036,0.0,0.022917651,1.0
3.760032153622046,-0.04480674178149642,1.0,339.6738060724588,4.493035487721506,1.037,0.02292597004304585,1.037,0.0,0.022917651,1.0
3.7602769729769783,-0.04275481520936177,1.0,339.8965818037969,4.4923767664498255,1.0380000000000003,0.0229259700567314,1.038,0.0,0.022917651,1.0
3.7605218095412742,-0.04070132526732488,1.0,340.1211000857272,4.491716550237502,1.039,0.022925970070300943,1.039,0.0,0.022917651,1.0
3.760766649542712,-0.038646346203712,1.0,340.347614231115,4.491054858111489,1.04,0.022925970083753876,1.04,0.0,0.022917651,1.0
3.7610115380880433,-0.03658958695673497,1.0,340.5753996632134,4.490391580008142,1.041,0.02292597009708128,1.041,0.0,0.022917651,1.0
3.7612564758432714,-0.03453102310295437,1.0,340.8044738235922,4.489726694168458,1.0420000000000003,0.022925970110281437,1.042,0.0,0.022917651,1.0
3.7615014634866393,-0.032470629770106375,1.0,341.0348544743429,4.489060178433569,1.043,0.0229259701233526,1.043,0.0,0.022917651,1.0
3.761746503931391,-0.030408363988754312,1.0,341.266565001978,4.488392001481657,1.044,0.022925970136293414,1.044,0.0,0.022917651,1.0
3.7619919305177354,-0.028341572239831584,1.0,341.5004096102567,4.487720842289304,1.0450000000000002,0.02292597014916757,1.045,0.0,0.022917651,1.0
3.7622374311583116,-0.026272722101909163,1.0,341.7356553045825,4.487047920903026,1.046,0.02292597016190818,1.046,0.0,0.022917651,1.0
3.7624830069550734,-0.024201782945392415,1.0,341.97232293363794,4.486373211100721,1.047,0.022925970174513265,1.047,0.0,0.022917651,1.0
3.762728659031948,-0.022128723529949164,1.0,342.21043376181575,4.485696686137436,1.048,0.02292597018698079,1.048,0.0,0.022917651,1.0
3.7629743885353863,-0.020053511989214953,1.0,342.45000947963223,4.485018318732264,1.049,0.022925970199308695,1.049,0.0,0.022917651,1.0
3.7632198608173555,-0.01797900443468279,1.0,342.6926729851115,4.484339627912551,1.0500000000000003,0.02292597021145569,1.05,0.0,0.022917651,1.0
3.7634653549178076,-0.015902798214896156,1.0,342.93705978070193,4.483659325857846,1.051,0.022925970223452528,1.051,0.0,0.022917651,1.0
3.763710905807944,-0.013824572185846701,1.0,343.18302585414807,4.4829772311514375,1.052,0.022925970235301157,1.052,0.0,0.022917651,1.0
3.7639565142921874,-0.011744297737027204,1.0,343.43059357585025,4.482293318400495,1.0530000000000002,0.022925970246999484,1.053,0.0,0.022917651,1.0
3.764202181190227,-0.009661945715009657,1.0,343.6797857407144,4.481607561730322,1.054,0.022925970258545366,1.054,0.0,0.022917651,1.0
3.7644480034153993,-0.0075766356391742855,1.0,343.9325268198991,4.480919468864622,1.055,0.022925970269955114,1.055,0.0,0.022917651,1.0
3.7646938913905656,-0.00548915772796632,1.0,344.18704065181356,4.480229471206605,1.056,0.02292597028120787,1.056,0.0,0.022917651,1.0
3.7649398446850055,-0.0033994929118966017,1.0,344.4433254873153,4.479537547956663,1.057,0.02292597029230109,1.057,0.0,0.022917651,1.0
3.7651858642519396,-0.0013076092768830056,1.0,344.7014071711281,4.478843671014121,1.0580000000000003,0.022925970303232433,1.058,0.0,0.022917651,1.0
3.765432013079812,0.0007872335753155825,1.0,344.96178264271026,4.478147351300905,1.059,0.022925970313929837,1.059,0.0,0.022917651,1.0
3.7656783815992507,0.0028860679077775796,1.0,345.2251456398815,4.477447917352338,1.06,0.022925970324305,1.06,0.0,0.022917651,1.0
3.7659248304959534,0.00498731424783149,1.0,345.490452616051,4.47674639281398,1.061,0.02292597033452124,1.061,0.0,0.022917651,1.0
3.7661713609993988,0.00709100949029135,1.0,345.75773330692255,4.476042745707523,1.062,0.022925970344576135,1.062,0.0,0.022917651,1.0
3.7664179743642636,0.009197191286298336,1.0,346.0270180577689,4.475336943399118,1.063,0.022925970354467202,1.063,0.0,0.022917651,1.0
3.7666642307890137,0.011302886066563352,1.0,346.30004404419776,4.474630200181955,1.064,0.022925970362655722,1.064,0.0,0.022917651,1.0
3.7669104835920124,0.01341046291739905,1.0,346.5754556593413,4.473921560340827,1.065,0.022925970370494323,1.065,0.0,0.022917651,1.0
3.7671568060283183,0.015520444653841491,1.0,346.85300274366955,4.473210794094766,1.0660000000000003,0.022925970378243104,1.066,0.0,0.022917651,1.0
3.7674031991332932,0.017632867033622882,1.0,347.13271704901996,4.472497869826708,1.067,0.022925970385900735,1.067,0.0,0.022917651,1.0
3.7676498862625087,0.01974933128007501,1.0,347.4158988066574,4.471782080118261,1.068,0.02292597039450762,1.068,0.0,0.022917651,1.0
3.7678968365801517,0.021869659476295888,1.0,347.70241651019603,4.4710634795858875,1.069,0.022925970403793045,1.069,0.0,0.022917651,1.0
3.7681438728119776,0.02399263755056874,1.0,347.9912924551074,4.470342572926006,1.07,0.022925970412882822,1.07,0.0,0.022917651,1.0
3.7683909962927853,0.0261183066724871,1.0,348.2825632799987,4.469619324309673,1.071,0.022925970421773915,1.071,0.0,0.022917651,1.0
3.768638221085532,0.028246737591258286,1.0,348.5778614900158,4.468893719884818,1.072,0.022925970430466173,1.072,0.0,0.022917651,1.0
3.768885551288524,0.030377956942726377,1.0,348.8775750014549,4.468165749400444,1.073,0.02292597043895645,1.073,0.0,0.022917651,1.0
3.7691329737013417,0.03251196657071208,1.0,349.1799111153607,4.467435357415027,1.074,0.022925970447237903,1.074,0.0,0.022917651,1.0
3.7693804897758776,0.034648810409606864,1.0,349.48491112600806,4.466702505800747,1.075,0.022925970455307247,1.075,0.0,0.022917651,1.0
3.7696276108009408,0.03678626679957711,1.0,349.79397154420985,4.4659674592057135,1.076,0.022925970463062977,1.076,0.0,0.022917651,1.0
3.7698744036392373,0.03892454282685531,1.0,350.10697654547516,4.465230278425939,1.077,0.022925970470524935,1.077,0.0,0.022917651,1.0
3.7701212892854,0.04106557864464037,1.0,350.4228164356381,4.464490709184891,1.078,0.022925970477776957,1.078,0.0,0.022917651,1.0
3.7703682691711764,0.043209416828220486,1.0,350.7415349485304,4.463748714635773,1.079,0.02292597048481581,1.079,0.0,0.022917651,1.0
3.770615648873841,0.045359153691984955,1.0,351.06540456265697,4.463002425155118,1.08,0.022925970560380194,1.08,0.0,0.022917651,1.0
3.770863266279464,0.047513184493095176,1.0,351.393262357256,4.462252794266834,1.081,0.02292597065622113,1.081,0.0,0.022917651,1.0
3.7711110026461148,0.04967034716536959,1.0,351.7242733694187,4.461500507262006,1.082,0.02292597074304141,1.082,0.0,0.022917651,1.0
3.7713587891894162,0.05183021162688804,1.0,352.05874677027685,4.4607457188049695,1.083,0.02292597081473497,1.083,0.0,0.022917651,1.0
3.7716058010529236,0.05398714350374448,1.0,352.3996953960236,4.459990760722353,1.0839999999999999,0.022925970807992385,1.084,0.0,0.022917651,1.0
3.7718529045866602,0.056147027182548756,1.0,352.74398383011953,4.459233217550975,1.0850000000000002,0.022925970801179297,1.085,0.0,0.022917651,1.0
3.7721001012125766,0.05830990845044889,1.0,353.0916638783089,4.458473049191991,1.086,0.0229259707942946,1.086,0.0,0.022917651,1.0
3.7723474717196614,0.06047651991327857,1.0,353.4451412070238,4.457709845032525,1.087,0.022925970785289386,1.087,0.0,0.022917651,1.0
3.772595020578775,0.06264690941770674,1.0,353.8045449832363,4.456943574983076,1.0880000000000003,0.02292597077408693,1.088,0.0,0.022917651,1.0
3.7728426725401167,0.06482045318003118,1.0,354.1676492320914,4.4561745629256215,1.0890000000000002,0.022925970762667995,1.089,0.0,0.022917651,1.0
3.7730903873928714,0.06699706218476201,1.0,354.5347647462717,4.455402737201279,1.09,0.022925970750917228,1.09,0.0,0.022917651,1.0
3.7733376552683042,0.06917506071915265,1.0,354.9089927486183,4.454627736193166,1.0910000000000002,0.02292597073747777,1.091,0.0,0.022917651,1.0
3.7735850084019114,0.07135623892633451,1.0,355.28716112020066,4.453849896570922,1.092,0.02292597072377851,1.092,0.0,0.022917651,1.0
3.773832448124992,0.07354064645661988,1.0,355.66933138954045,4.453069174009833,1.093,0.02292597070981539,1.093,0.0,0.022917651,1.0
3.774080268660308,0.0757306830000959,1.0,356.0604050949036,4.4522843450334255,1.0940000000000003,0.022925970695284775,1.094,0.0,0.022917651,1.0
3.7743282943204726,0.07792497593237101,1.0,356.4575359691636,4.45149607999306,1.095,0.022925970680489034,1.095,0.0,0.022917651,1.0
3.7745764230840226,0.08012274839964119,1.0,356.8590837237033,4.450704747907809,1.0960000000000003,0.02292597066555083,1.096,0.0,0.022917651,1.0
3.7748243425255716,0.08232155574206437,1.0,357.26890088332647,4.449911548253892,1.097,0.022925970650593316,1.097,0.0,0.022917651,1.0
3.775072083247766,0.08452163941806462,1.0,357.686623108733,4.449116361437819,1.098,0.022925970635477882,1.098,0.0,0.022917651,1.0
3.775319910955866,0.0867251438833507,1.0,358.10911588589846,4.4483181019878675,1.0990000000000002,0.02292597062005719,1.099,0.0,0.022917651,1.0
3.7755677784187553,0.0889324171883788,1.0,358.5395391803222,4.4475162283598655,1.1000000000000003,0.02292597060765543,1.1,0.0,0.022917651,1.0
3.7757732984930694,0.09089235148073613,1.0,358.7087477545222,4.446756260528179,1.101,0.022925970585558057,1.101,0.0,0.022917651,1.0
3.7759788382984705,0.09285166318196324,1.0,358.87727888514826,4.445996994205904,1.102,0.02292597056349459,1.102,0.0,0.022917651,1.0
3.776184367787407,0.0948103722885011,1.0,359.04634058638953,4.445238287578316,1.103,0.022925970542666575,1.103,0.0,0.022917651,1.0
3.7763899013747193,0.09676839792272966,1.0,359.21504065567785,4.444480280501165,1.1040000000000005,0.022925970522113294,1.104,0.0,0.022917651,1.0
3.776595444929353,0.09872573040497439,1.0,359.38311176193986,4.4437230065037845,1.1050000000000002,0.02292597050156001,1.105,0.0,0.022917651,1.0
3.776800998432139,0.1006823710683262,1.0,359.5505551148158,4.442966464176291,1.106,0.02292597048100672,1.106,0.0,0.022917651,1.0
3.777006561863957,0.10263832124245792,1.0,359.7173719208455,4.44221065211242,1.107,0.022925970460453433,1.107,0.0,0.022917651,1.0
3.777212135205735,0.10459358225363884,1.0,359.88356338347916,4.441455568909503,1.1080000000000003,0.022925970439900155,1.108,0.0,0.022917651,1.0
3.777417718438452,0.10654815542474214,1.0,360.0491307030867,4.440701213168466,1.1090000000000002,0.02292597041934687,1.109,0.0,0.022917651,1.0
3.7776233115431332,0.10850204207525903,1.0,360.21407507696784,4.439947583493812,1.1100000000000003,0.022925970398793585,1.11,0.0,0.022917651,1.0
3.777828914500853,0.11045524352130634,1.0,360.3783976993619,4.4391946784936085,1.111,0.022925970378240304,1.111,0.0,0.022917651,1.0
3.778034527292734,0.11240776107564059,1.0,360.5420997614575,4.438442496779483,1.112,0.022925970357687016,1.112,0.0,0.022917651,1.0
3.778240149899948,0.1143595960476653,1.0,360.70518245140244,4.437691036966605,1.113,0.022925970337133735,1.113,0.0,0.022917651,1.0
3.7784457823037148,0.11631074974344514,1.0,360.8676469543132,4.436940297673677,1.114,0.02292597031658045,1.114,0.0,0.022917651,1.0
3.778651424485301,0.11826122346571313,1.0,361.0294944522846,4.436190277522922,1.115,0.022925970296027172,1.115,0.0,0.022917651,1.0
3.778857076426021,0.12021101851388467,1.0,361.19072612439976,4.435440975140077,1.1160000000000003,0.022925970275473884,1.116,0.0,0.022917651,1.0
3.779062738107237,0.1221601361840647,1.0,361.3513431467391,4.4346923891543755,1.117,0.022925970254920595,1.117,0.0,0.022917651,1.0
3.77926840951036,0.1241085777690616,1.0,361.5113466923907,4.43394451819854,1.1180000000000003,0.022925970234367314,1.118,0.0,0.022917651,1.0
3.779474101280179,0.12605641242581545,1.0,361.670938651873,4.433197335834992,1.1190000000000002,0.022925970213814033,1.119,0.0,0.022917651,1.0
3.779679852572154,0.12800391099478345,1.0,361.83064677243027,4.43245072816681,1.1200000000000003,0.02292597019326075,1.12,0.0,0.022917651,1.0
3.779885630258715,0.12995087846126538,1.0,361.9897145412176,4.431704757137952,1.1210000000000002,0.022925970172707467,1.121,0.0,0.022917651,1.0
3.7800914342224194,0.1318973171884321,1.0,362.1481448075159,4.430959419915651,1.122,0.022925970152154182,1.122,0.0,0.022917651,1.0
3.7802972643465194,0.13384322952545338,1.0,362.3059404037269,4.43021471368393,1.123,0.0229259701316009,1.123,0.0,0.022917651,1.0
3.780503120514956,0.13578861780760498,1.0,362.46310414549805,4.429470635643467,1.124,0.022925970111047616,1.124,0.0,0.022917651,1.0
3.780709002612358,0.13773348435636773,1.0,362.6196388318463,4.428727183011468,1.125,0.02292597009049433,1.125,0.0,0.022917651,1.0
3.7809149105240336,0.13967783147953255,1.0,362.7755472452809,4.427984353021557,1.1260000000000003,0.022925970069941046,1.1260000000000001,0.0,0.022917651,1.0
3.781120844135964,0.141621661471298,1.0,362.9308321519244,4.427242142923649,1.127,0.022925970049387765,1.127,0.0,0.022917651,1.0
3.7813268033348053,0.14356497661237358,1.0,363.0854963016336,4.426500549983828,1.1280000000000003,0.022925970028834477,1.1280000000000001,0.0,0.022917651,1.0
3.781532788007876,0.1455077791700751,1.0,363.23954242811885,4.425759571484234,1.129,0.022925970008281192,1.129,0.0,0.022917651,1.0
3.781738798043157,0.14745007139842659,1.0,363.39297324906215,4.4250192047229415,1.1300000000000001,0.02292596998772791,1.1300000000000001,0.0,0.022917651,1.0
3.781944833329284,0.1493918555382538,1.0,363.5457914662345,4.42427944701384,1.131,0.022925969967174626,1.131,0.0,0.022917651,1.0
3.782150893755544,0.15133313381728447,1.0,363.6979997656124,4.423540295686526,1.1320000000000001,0.022925969946621345,1.1320000000000001,0.0,0.022917651,1.0
3.7823569792118708,0.15327390845024005,1.0,363.8496008174929,4.422801748086186,1.133,0.02292596992606806,1.133,0.0,0.022917651,1.0
3.782563089588838,0.15521418163893427,1.0,364.000597276608,4.422063801573475,1.1340000000000001,0.02292596990551478,1.1340000000000001,0.0,0.022917651,1.0
3.7827692247776588,0.1571539555723633,1.0,364.1509917822377,4.421326453524418,1.135,0.022925969884961497,1.135,0.0,0.022917651,1.0
3.7829753846701766,0.15909323242680265,1.0,364.30078695832236,4.420589701330284,1.1360000000000003,0.02292596986440821,1.1360000000000001,0.0,0.022917651,1.0
3.783181597287517,0.16103252121215894,1.0,364.45108102974547,4.419853148721643,1.1370000000000002,0.022925969843854928,1.137,0.0,0.022917651,1.0
3.783387833773285,0.1629713440291033,1.0,364.60084269618676,4.419117157601822,1.1380000000000001,0.02292596982330164,1.1380000000000001,0.0,0.022917651,1.0
3.7835940920930105,0.16490966914431815,1.0,364.750001517987,4.41838175152413,1.139,0.02292596980274836,1.139,0.0,0.022917651,1.0
3.7838003721565343,0.16684749861297293,1.0,364.89855998448337,4.417646928072745,1.1400000000000003,0.022925969782195077,1.1400000000000001,0.0,0.022917651,1.0
3.784006673874193,0.1687848344789356,1.0,365.04652057132597,4.416912684845124,1.141,0.02292596976164179,1.141,0.0,0.022917651,1.0
3.784212997156816,0.17072167877485384,1.0,365.1938857405722,4.416179019451914,1.1420000000000001,0.022925969741088507,1.1420000000000001,0.0,0.022917651,1.0
3.7844193419157204,0.1726580335222282,1.0,365.34065794077964,4.415445929516869,1.143,0.022925969720535223,1.143,0.0,0.022917651,1.0
3.784625708062708,0.17459390073149209,1.0,365.4868396070985,4.414713412676748,1.1440000000000003,0.022925969699981938,1.1440000000000001,0.0,0.022917651,1.0
3.7848320955100667,0.17652928240208385,1.0,365.6324331613632,4.413981466581237,1.145,0.022925969679428657,1.145,0.0,0.022917651,1.0
3.785038504170559,0.17846418052252538,1.0,365.77744101218354,4.413250088892853,1.1460000000000001,0.022925969658875372,1.1460000000000001,0.0,0.022917651,1.0
3.7852449339574266,0.18039859707049297,1.0,365.9218655550346,4.412519277286863,1.1469999999999998,0.022925969638322087,1.147,0.0,0.022917651,1.0
3.7854513847843814,0.1823325340128946,1.0,366.0657091723462,4.411789029451193,1.1480000000000001,0.022925969617768806,1.1480000000000001,0.0,0.022917651,1.0
3.7856578565656047,0.1842659933059397,1.0,366.20897423359133,4.411059343086339,1.149,0.022925969597215524,1.149,0.0,0.022917651,1.0
3.7858643492157453,0.18619897689521533,1.0,366.3516630953749,4.410330215905291,1.1500000000000001,0.022925969576662236,1.1500000000000001,0.0,0.022917651,1.0
3.7860708626499138,0.18813148671575458,1.0,366.4937781015198,4.409601645633443,1.151,0.022925969556108955,1.151,0.0,0.022917651,1.0
3.786277396783681,0.1900635246921116,1.0,366.63532158315473,4.408873630008502,1.1520000000000001,0.02292596953555567,1.1520000000000001,0.0,0.022917651,1.0
3.786483951533075,0.19199509273842896,1.0,366.7762958587989,4.40814616678042,1.1530000000000002,0.022925969515002385,1.153,0.0,0.022917651,1.0
3.7866905268145747,0.193926192758511,1.0,366.91670323444777,4.407419253711298,1.154,0.022925969494449104,1.154,0.0,0.022917651,1.0
3.786897052444726,0.19585667077440497,1.0,367.0570023433649,4.4066927645338065,1.155,0.022925969473808507,1.155,0.0,0.022917651,1.0
3.787103562445776,0.1977866119133531,1.0,367.1969790747301,4.405966749979156,1.156,0.02292596945312756,1.156,0.0,0.022917651,1.0
3.7873100934163713,0.19971610121282388,1.0,367.33639813767104,4.405241271150237,1.157,0.02292596943245287,1.157,0.0,0.022917651,1.0
3.787516645267217,0.2016451405969345,1.0,367.47526190696885,4.404516325765709,1.158,0.0229259694117844,1.158,0.0,0.022917651,1.0
3.787723217909522,0.20357373197889433,1.0,367.61357274394,4.4037919115571675,1.159,0.02292596939112213,1.159,0.0,0.022917651,1.0
3.787929811254998,0.2055018772610788,1.0,367.7513329965314,4.403068026269051,1.1600000000000001,0.02292596937046603,1.16,0.0,0.022917651,1.0
3.788136425215857,0.20742957833510936,1.0,367.8885449994155,4.402344667658549,1.161,0.022925969349816076,1.161,0.0,0.022917651,1.0
3.7883430597048044,0.20935683708192607,1.0,368.0252110740833,4.401621833495516,1.1620000000000001,0.022925969329172242,1.162,0.0,0.022917651,1.0
3.7885497146350406,0.21128365537186616,1.0,368.1613335289377,4.400899521562376,1.163,0.022925969308534497,1.163,0.0,0.022917651,1.0
3.7887563899202523,0.2132100350647353,1.0,368.2969146593854,4.400177729654042,1.164,0.022925969287902824,1.164,0.0,0.022917651,1.0
3.788963085474614,0.21513597800988501,1.0,368.4319567479284,4.399456455577822,1.1650000000000003,0.022925969267277198,1.165,0.0,0.022917651,1.0
3.789169801212779,0.21706148604628256,1.0,368.56646206425415,4.3987356971533345,1.166,0.022925969246657584,1.166,0.0,0.022917651,1.0
3.789376537049881,0.21898656100258723,1.0,368.7004328653259,4.3980154522124195,1.167,0.02292596922604396,1.167,0.0,0.022917651,1.0
3.7895832929015287,0.22091120469721903,1.0,368.8338713954716,4.39729571859906,1.168,0.022925969205436304,1.168,0.0,0.022917651,1.0
3.789790068683802,0.22283541893843367,1.0,368.9667798864717,4.396576494169288,1.1690000000000003,0.02292596918483459,1.169,0.0,0.022917651,1.0
3.7899968643132493,0.22475920552438988,1.0,369.0991605576474,4.395857776791107,1.1700000000000002,0.022925969164238787,1.17,0.0,0.022917651,1.0
3.7902036797068854,0.22668256624322355,1.0,369.23101561594694,4.395139564344405,1.171,0.022925969143648882,1.171,0.0,0.022917651,1.0
3.7904105147821854,0.22860550287311385,1.0,369.36234725603225,4.394421854720876,1.172,0.022925969123064844,1.172,0.0,0.022917651,1.0
3.7906173694570846,0.23052801718235566,1.0,369.4931576603637,4.393704645823931,1.173,0.022925969102486645,1.173,0.0,0.022917651,1.0
3.7908242249662703,0.23245014433194847,1.0,369.6238384620084,4.3929878265012015,1.174,0.022925969081810178,1.174,0.0,0.022917651,1.0
3.7910310784030528,0.234371884201477,1.0,369.75441820453386,4.392271385147454,1.175,0.022925969061039653,1.175,0.0,0.022917651,1.0
3.791237949450609,0.23629320076006632,1.0,369.88447577761445,4.391555437524487,1.176,0.022925969040292066,1.176,0.0,0.022917651,1.0
3.7914448380380263,0.23821409571227334,1.0,370.0140132838822,4.390839981644183,1.177,0.022925969019567324,1.177,0.0,0.022917651,1.0
3.7916517440947697,0.24013457075351374,1.0,370.1430328146949,4.390125015529085,1.178,0.022925968998865332,1.178,0.0,0.022917651,1.0
3.791858667550685,0.24205462757012677,1.0,370.2715364502124,4.389410537212324,1.179,0.022925968978186002,1.179,0.0,0.022917651,1.0
3.79206560833599,0.24397426783943232,1.0,370.39952625947086,4.388696544737547,1.1800000000000002,0.02292596895752924,1.18,0.0,0.022917651,1.0
3.7922725663812775,0.24589349322979454,1.0,370.5270043004572,4.387983036158851,1.181,0.022925968936894962,1.181,0.0,0.022917651,1.0
3.7924795416175097,0.24781230540067833,1.0,370.65397262018257,4.387270009540712,1.182,0.02292596891628307,1.182,0.0,0.022917651,1.0
3.7926865339760165,0.24973070600271183,1.0,370.7804332547561,4.38655746295791,1.183,0.022925968895693483,1.183,0.0,0.022917651,1.0
3.7928935433884927,0.25164869667774176,1.0,370.9063882294563,4.385845394495471,1.184,0.02292596887512611,1.184,0.0,0.022917651,1.0
3.7931005697869957,0.2535662790588952,1.0,371.0318395588039,4.385133802248586,1.1850000000000003,0.022925968854580852,1.185,0.0,0.022917651,1.0
3.793307613103945,0.25548345477063406,1.0,371.1567892466326,4.38442268432256,1.186,0.02292596883405763,1.186,0.0,0.022917651,1.0
3.7935146732721168,0.2574002254288156,1.0,371.2812392861603,4.383712038832727,1.187,0.02292596881355636,1.187,0.0,0.022917651,1.0
3.793721750224642,0.2593165926407463,1.0,371.40519166005913,4.383001863904399,1.188,0.02292596879307695,1.188,0.0,0.022917651,1.0
3.7939288438950083,0.26123255800524153,1.0,371.5286483405247,4.38229215767279,1.1890000000000003,0.02292596877261931,1.189,0.0,0.022917651,1.0
3.79413595421705,0.26314812311267805,1.0,371.6516112893459,4.3815829182829535,1.19,0.02292596875218336,1.19,0.0,0.022917651,1.0
3.7943430811249517,0.26506328954505337,1.0,371.77408245797307,4.380874143889724,1.1910000000000003,0.022925968731769015,1.191,0.0,0.022917651,1.0
3.794550224553247,0.26697805887603704,1.0,371.89606378758594,4.380165832657638,1.192,0.02292596871137619,1.192,0.0,0.022917651,1.0
3.7947573844368105,0.26889243267102914,1.0,372.0175572091614,4.379457982760888,1.1930000000000003,0.022925968691004786,1.193,0.0,0.022917651,1.0
3.7949645534621133,0.2708065041597966,1.0,372.13871370443576,4.378750471924094,1.1940000000000002,0.022925968670669754,1.194,0.0,0.022917651,1.0
3.7951717174304926,0.27272050945821313,1.0,372.25987426804977,4.378043007713939,1.195,0.022925968650391138,1.195,0.0,0.022917651,1.0
3.7953789007459684,0.2746341748719489,1.0,372.38056731853004,4.377335960780319,1.1960000000000002,0.022925968630112523,1.196,0.0,0.022917651,1.0
3.795586103316545,0.2765475020171913,1.0,372.5007950789493,4.376629329139039,1.197,0.022925968609833907,1.197,0.0,0.022917651,1.0
3.7957933250508056,0.2784604924998954,1.0,372.62055975830833,4.375923110818468,1.198,0.022925968589555288,1.198,0.0,0.022917651,1.0
3.7960005658579132,0.28037314791586804,1.0,372.73986355164664,4.375217303859433,1.199,0.02292596856927667,1.199,0.0,0.022917651,1.0
3.796207825647603,0.2822854698508448,1.0,372.8587086401528,4.374511906315125,1.2,0.022925968548998053,1.2,0.0,0.022917651,1.0
3.7963937567885915,0.2840558320846475,1.0,372.96635658153923,4.373832889827357,1.201,0.022925968529818104,1.201,0.0,0.022917651,1.0
3.7965796798701006,0.2858262866050405,1.0,373.0741429423912,4.373153748817155,1.202,0.02292596851063815,1.202,0.0,0.022917651,1.0
3.79676559485904,0.2875968337909385,1.0,373.1820682910369,4.372474482773253,1.203,0.022925968491458202,1.203,0.0,0.022917651,1.0
3.7969515017221376,0.2893674740233319,1.0,373.29013319892033,4.371795091181579,1.2040000000000002,0.022925968472278253,1.204,0.0,0.022917651,1.0
3.797137400425939,0.29113820768530413,1.0,373.398338240622,4.371115573525238,1.205,0.022925968453098296,1.205,0.0,0.022917651,1.0
3.797323290936804,0.2929090351620428,1.0,373.50668399388104,4.370435929284496,1.2060000000000002,0.022925968433918344,1.206,0.0,0.022917651,1.0
3.797509173220909,0.29467995684085746,1.0,373.6151710396169,4.369756157936754,1.207,0.0229259684147384,1.207,0.0,0.022917651,1.0
3.7976950472442446,0.29645097311119106,1.0,373.723799961951,4.3690762589565395,1.2080000000000002,0.022925968395558455,1.208,0.0,0.022917651,1.0
3.797880912972612,0.29822208436463754,1.0,373.8325713482291,4.368396231815471,1.2089999999999999,0.0229259683763785,1.209,0.0,0.022917651,1.0
3.7980667703716224,0.2999932909949539,1.0,373.9414857890434,4.367716075982253,1.2100000000000002,0.02292596835719855,1.21,0.0,0.022917651,1.0
3.7982526194067,0.30176459339807826,1.0,374.0505438782552,4.367035790922645,1.211,0.022925968338018597,1.211,0.0,0.022917651,1.0
3.798438460043074,0.30353599197214165,1.0,374.1597462130171,4.36635537609945,1.2120000000000002,0.022925968318838648,1.212,0.0,0.022917651,1.0
3.7986242922457842,0.30530748711748645,1.0,374.2690933937966,4.365674830972482,1.213,0.0229259682996587,1.213,0.0,0.022917651,1.0
3.798810115979673,0.3070790792366787,1.0,374.37858602439803,4.364994154998562,1.2140000000000002,0.022925968280478746,1.214,0.0,0.022917651,1.0
3.7989959312093875,0.30885076873452655,1.0,374.4882247119871,4.364313347631478,1.215,0.022925968261298793,1.215,0.0,0.022917651,1.0
3.7991817378993793,0.31062255601809285,1.0,374.5980100671133,4.363632408321982,1.2160000000000002,0.022925968242118844,1.216,0.0,0.022917651,1.0
3.7993675360139,0.31239444149671414,1.0,374.70794270373375,4.362951336517757,1.217,0.022925968222938894,1.217,0.0,0.022917651,1.0
3.7995533255170044,0.314166425582013,1.0,374.8180232392373,4.362270131663396,1.2180000000000002,0.022925968203758945,1.218,0.0,0.022917651,1.0
3.7997391063725416,0.3159385086879177,1.0,374.9282522944683,4.361588793200387,1.2190000000000003,0.022925968184578996,1.219,0.0,0.022917651,1.0
3.79992487854416,0.3177106912306747,1.0,375.0386304937506,4.3609073205670885,1.2200000000000002,0.022925968165399047,1.22,0.0,0.022917651,1.0
3.8001106419953046,0.31948297362886835,1.0,375.1491584649125,4.3602257131987034,1.221,0.0229259681462191,1.221,0.0,0.022917651,1.0
3.800296396689215,0.3212553563034345,1.0,375.25983683931105,4.359543970527262,1.2220000000000002,0.022925968127039148,1.222,0.0,0.022917651,1.0
3.800482142588925,0.32302783967767923,1.0,375.3706662518568,4.358862091981599,1.223,0.022925968107859195,1.223,0.0,0.022917651,1.0
3.8006678796572557,0.3248004241772934,1.0,375.48164734103887,4.358180076987326,1.2240000000000002,0.022925968088679242,1.224,0.0,0.022917651,1.0
3.8008536078568236,0.32657311023037205,1.0,375.5927807489506,4.3574979249668155,1.225,0.022925968069499293,1.225,0.0,0.022917651,1.0
3.801039327150029,0.32834589826742855,1.0,375.70406712131415,4.356815635339173,1.2260000000000002,0.02292596805031934,1.226,0.0,0.022917651,1.0
3.801225018651067,0.3301188522371062,1.0,375.8156564449316,4.356133068730151,1.227,0.02292596803113939,1.227,0.0,0.022917651,1.0
3.801410695361975,0.33189192071400686,1.0,375.9274375090784,4.355450328478564,1.2280000000000002,0.02292596801195944,1.228,0.0,0.022917651,1.0
3.8015963616713373,0.33366508830767694,1.0,376.0393749116394,4.354767447500109,1.229,0.022925967992779486,1.229,0.0,0.022917651,1.0
3.8017820175384003,0.3354383554064544,1.0,376.1514692651472,4.35408442524342,1.23,0.022925967973599543,1.23,0.0,0.022917651,1.0
3.801967662922199,0.3372117224007099,1.0,376.26372118533857,4.353401261154247,1.231,0.02292596795441959,1.231,0.0,0.022917651,1.0
3.802153297781551,0.3389851896828575,1.0,376.3761312911752,4.352717954675436,1.2320000000000002,0.022925967935239638,1.232,0.0,0.022917651,1.0
3.8023389220750614,0.3407587576473706,1.0,376.48870020486504,4.35203450524691,1.233,0.02292596791605969,1.233,0.0,0.022917651,1.0
3.8025245357611137,0.34253242669079265,1.0,376.6014285518834,4.351350912305653,1.234,0.02292596789687974,1.234,0.0,0.022917651,1.0
3.8027101387978766,0.3443061972117539,1.0,376.71431696099455,4.350667175285687,1.235,0.02292596787769979,1.235,0.0,0.022917651,1.0
3.8028957311432943,0.34608006961098176,1.0,376.8273660642735,4.349983293618054,1.236,0.022925967858519837,1.236,0.0,0.022917651,1.0
3.8030813127550935,0.34785404429131805,1.0,376.9405764971276,4.349299266730798,1.237,0.022925967839339888,1.237,0.0,0.022917651,1.0
3.803266883590777,0.34962812165772966,1.0,377.0539488983186,4.348615094048942,1.2380000000000002,0.02292596782015994,1.238,0.0,0.022917651,1.0
3.8034524436076196,0.35140230211732576,1.0,377.1674839099847,4.3479307749944685,1.239,0.02292596780097999,1.239,0.0,0.022917651,1.0
3.803637992762674,0.35317658607936875,1.0,377.28118217766325,4.3472463089863025,1.24,0.022925967781800036,1.24,0.0,0.022917651,1.0
3.8038235310127626,0.35495097395529174,1.0,377.39504435031296,4.34656169544029,1.2410000000000003,0.022925967762620087,1.241,0.0,0.022917651,1.0
3.8040090583144797,0.35672546615871004,1.0,377.5090710803365,4.3458769337691745,1.2420000000000002,0.022925967743440134,1.242,0.0,0.022917651,1.0
3.804194574624189,0.3585000631054382,1.0,377.6232630236038,4.34519202338258,1.2430000000000003,0.02292596772426019,1.243,0.0,0.022917651,1.0
3.804380079898022,0.36027476521350227,1.0,377.7376208394747,4.344506963686989,1.244,0.022925967705080236,1.244,0.0,0.022917651,1.0
3.804565574091876,0.36204957290315687,1.0,377.85214519082234,4.3438217540857185,1.2450000000000003,0.022925967685900286,1.245,0.0,0.022917651,1.0
3.804751057161413,0.3638244865968977,1.0,377.96683674405676,4.343136393978908,1.246,0.022925967666720337,1.246,0.0,0.022917651,1.0
3.8049365290620583,0.36559950671947894,1.0,378.08169616914813,4.342450882763487,1.2470000000000003,0.022925967647540384,1.247,0.0,0.022917651,1.0
3.805121989748999,0.3673746336979256,1.0,378.19672413965094,4.341765219833159,1.248,0.02292596762836043,1.248,0.0,0.022917651,1.0
3.8053074391771826,0.369149867961552,1.0,378.311921332728,4.341079404578385,1.249,0.022925967609180482,1.249,0.0,0.022917651,1.0
3.8054928773013135,0.37092520994197353,1.0,378.4272884291741,4.340393436386348,1.25,0.022925967590000533,1.25,0.0,0.022917651,1.0
3.8056783040758537,0.3727006600731255,1.0,378.5428261134412,4.339707314640946,1.2510000000000003,0.022925967570820584,1.2510000000000001,0.0,0.022917651,1.0
3.8058637194550204,0.3744762187912759,1.0,378.65853507366234,4.339021038722763,1.252,0.02292596755164063,1.252,0.0,0.022917651,1.0
3.8060491233927842,0.3762518865350435,1.0,378.7744160016768,4.338334608009041,1.2530000000000001,0.022925967532460678,1.2530000000000001,0.0,0.022917651,1.0
3.8062345158428665,0.3780276637454112,1.0,378.8904695930548,4.33764802187367,1.254,0.022925967513280732,1.254,0.0,0.022917651,1.0
3.80641989675874,0.3798035508657449,1.0,379.0066965471231,4.336961279687155,1.2550000000000001,0.02292596749410078,1.2550000000000001,0.0,0.022917651,1.0
3.8066052660936256,0.38157954834180646,1.0,379.12309756699,4.336274380816599,1.256,0.02292596747492083,1.256,0.0,0.022917651,1.0
3.8067906238004903,0.3833556566217732,1.0,379.23967335957116,4.335587324625678,1.2570000000000001,0.02292596745574088,1.2570000000000001,0.0,0.022917651,1.0
3.8069759698320462,0.3851318761562507,1.0,379.3564246356152,4.3349001104746145,1.258,0.022925967436560928,1.258,0.0,0.022917651,1.0
3.807161304140749,0.38690820739829307,1.0,379.47335210972994,4.334212737720162,1.2590000000000001,0.02292596741738098,1.2590000000000001,0.0,0.022917651,1.0
3.807346626678796,0.3886846508034159,1.0,379.59045650040855,4.333525205715572,1.26,0.022925967398201026,1.26,0.0,0.022917651,1.0
3.807531937398123,0.39046120682961644,1.0,379.7077385300559,4.3328375138105795,1.2610000000000001,0.022925967379021077,1.2610000000000001,0.0,0.022917651,1.0
3.8077172362504066,0.3922378759373873,1.0,379.8251989250154,4.332149661351371,1.262,0.022925967359841128,1.262,0.0,0.022917651,1.0
3.807902523187056,0.3940146585897366,1.0,379.94283841559553,4.331461647680563,1.2630000000000001,0.02292596734066118,1.2630000000000001,0.0,0.022917651,1.0
3.808087798159217,0.39579155525220205,1.0,380.06065773609737,4.330773472137182,1.264,0.022925967321481226,1.264,0.0,0.022917651,1.0
3.8082730611177675,0.3975685663928713,1.0,380.1786576248419,4.330085134056633,1.2650000000000001,0.02292596730230128,1.2650000000000001,0.0,0.022917651,1.0
3.808458312013317,0.39934569248239654,1.0,380.2968388241969,4.3293966327706785,1.2660000000000002,0.022925967283121323,1.266,0.0,0.022917651,1.0
3.808643550796201,0.4011229339940148,1.0,380.4152020806055,4.328707967607414,1.2670000000000001,0.022925967263941378,1.2670000000000001,0.0,0.022917651,1.0
3.8088287774164855,0.40290029140356304,1.0,380.53374814461387,4.328019137891242,1.268,0.022925967244761425,1.268,0.0,0.022917651,1.0
3.80901399182396,0.4046777651894987,1.0,380.65247777089934,4.327330142942842,1.2690000000000001,0.02292596722558148,1.2690000000000001,0.0,0.022917651,1.0
3.809199193968137,0.40645535583291537,1.0,380.77139171829896,4.326640982079155,1.27,0.022925967206401526,1.27,0.0,0.022917651,1.0
3.8093843837982515,0.408233063817563,1.0,380.89049074983836,4.32595165461335,1.2710000000000004,0.022925967187221577,1.2710000000000001,0.0,0.022917651,1.0
3.809569561263255,0.41001088962986426,1.0,381.0097756327604,4.325262159854797,1.272,0.022925967168041624,1.272,0.0,0.022917651,1.0
3.809754726311821,0.41178883375893527,1.0,381.1292471385545,4.324572497109045,1.2730000000000001,0.02292596714886167,1.2730000000000001,0.0,0.022917651,1.0
3.8099398788923353,0.41356689669660174,1.0,381.248906042986,4.3238826656777976,1.274,0.022925967129681722,1.274,0.0,0.022917651,1.0
3.8101250189528972,0.4153450789374206,1.0,381.368753126126,4.323192664858877,1.2750000000000001,0.022925967110501773,1.2750000000000001,0.0,0.022917651,1.0
3.8103101464413194,0.41712338097869583,1.0,381.4887891723812,4.322502493946205,1.2760000000000002,0.02292596709132182,1.276,0.0,0.022917651,1.0
3.8104952613051215,0.41890180332050087,1.0,381.60901497052373,4.321812152229776,1.2770000000000001,0.02292596707214187,1.2770000000000001,0.0,0.022917651,1.0
3.8106803634915343,0.4206803464656946,1.0,381.72943131372205,4.321121638995624,1.278,0.022925967052961925,1.278,0.0,0.022917651,1.0
3.8108654529474912,0.4224590109199441,1.0,381.8500389995714,4.3204309535258005,1.2790000000000001,0.02292596703378197,1.2790000000000001,0.0,0.022917651,1.0
3.81105052961963,0.424237797191741,1.0,381.97083883012465,4.319740095098344,1.2800000000000002,0.02292596701460202,1.28,0.0,0.022917651,1.0
3.8112355934542896,0.4260167057924239,1.0,382.09183161192374,4.31904906298725,1.281,0.02292596699542207,1.281,0.0,0.022917651,1.0
3.8114206443975065,0.4277957372361974,1.0,382.21301815603067,4.3183578564624465,1.282,0.022925966976242117,1.282,0.0,0.022917651,1.0
3.8116056823950184,0.42957489204015087,1.0,382.3343992780598,4.317666474789767,1.2829999999999997,0.022925966957062168,1.283,0.0,0.022917651,1.0
3.811790707392255,0.4313541707242814,1.0,382.45597579820935,4.3169749172309135,1.284,0.02292596693788222,1.284,0.0,0.022917651,1.0
3.81197571933434,0.4331335738115113,1.0,382.577748541294,4.316283183043438,1.285,0.02292596691870227,1.285,0.0,0.022917651,1.0
3.8121607181660857,0.4349131018277116,1.0,382.69971833677704,4.315591271480702,1.286,0.022925966899522317,1.286,0.0,0.022917651,1.0
3.8123457038319954,0.4366927553017199,1.0,382.82188601880347,4.314899181791859,1.2869999999999997,0.022925966880342367,1.287,0.0,0.022917651,1.0
3.8125306762762587,0.4384725347653646,1.0,382.9442524262331,4.314206913221814,1.288,0.022925966861162418,1.288,0.0,0.022917651,1.0
3.8127156354427476,0.44025244075348235,1.0,383.0668184026737,4.313514465011201,1.289,0.022925966841982465,1.289,0.0,0.022917651,1.0
3.812900581275017,0.4420324738039433,1.0,383.18958479651445,4.312821836396346,1.29,0.022925966822802516,1.29,0.0,0.022917651,1.0
3.813085513716301,0.443812634457669,1.0,383.3125524609608,4.312129026609244,1.291,0.022925966803622563,1.291,0.0,0.022917651,1.0
3.8132704327095124,0.4455929232586571,1.0,383.4357222540674,4.3114360348775245,1.292,0.022925966784442614,1.292,0.0,0.022917651,1.0
3.8134553381972367,0.4473733407540006,1.0,383.5590950387735,4.310742860424418,1.2929999999999997,0.022925966765262665,1.293,0.0,0.022917651,1.0
3.813640230121734,0.4491538874939125,1.0,383.68267168293755,4.310049502468729,1.294,0.022925966746082715,1.294,0.0,0.022917651,1.0
3.8138251084249335,0.4509345640317451,1.0,383.8064530593722,4.3093559602248,1.295,0.022925966726902766,1.295,0.0,0.022917651,1.0
3.8140099730484334,0.4527153709240161,1.0,383.93044004587966,4.308662232902486,1.296,0.022925966707722817,1.296,0.0,0.022917651,1.0
3.8141948239334975,0.4544963087304272,1.0,384.0546335252876,4.307968319707113,1.297,0.022925966688542864,1.297,0.0,0.022917651,1.0
3.8143796610210523,0.4562773780138907,1.0,384.1790343854851,4.307274219839457,1.298,0.02292596666936291,1.298,0.0,0.022917651,1.0
3.814564484251685,0.45805857934054917,1.0,384.30364351945883,4.306579932495704,1.299,0.022925966650182962,1.299,0.0,0.022917651,1.0
3.8147492935656424,0.45983991327980184,1.0,384.4284618253299,4.305885456867412,1.3,0.022925966631003013,1.3,0.0,0.022917651,1.0
3.814921263768598,0.46143903713275636,1.0,384.6586098166603,4.30529606054816,1.3010000000000002,0.022925966649358965,1.301,0.0,0.022917651,1.0
3.815093251733691,0.46303813252712095,1.0,384.8886750369457,4.304706763736567,1.302,0.022925966667714914,1.302,0.0,0.022917651,1.0
3.815265257499368,0.46463719940129444,1.0,385.11865730702254,4.3041175666480225,1.303,0.02292596668607087,1.303,0.0,0.022917651,1.0
3.8154372811041894,0.46623623769349926,1.0,385.34855644721,4.303528469498544,1.304,0.02292596670442682,1.304,0.0,0.022917651,1.0
3.815609322586823,0.46783524734177756,1.0,385.57837227730784,4.302939472504767,1.3050000000000002,0.022925966722782767,1.305,0.0,0.022917651,1.0
3.8157813819860515,0.46943422828399395,1.0,385.80810461659485,4.302350575883954,1.306,0.022925966741138715,1.306,0.0,0.022917651,1.0
3.815953459340769,0.4710331804578317,1.0,386.0377532838263,4.301761779853999,1.3070000000000002,0.02292596675949466,1.307,0.0,0.022917651,1.0
3.8161255546899806,0.472632103800795,1.0,386.26731809723293,4.301173084633426,1.308,0.022925966777850616,1.308,0.0,0.022917651,1.0
3.8162976680728082,0.4742309982502055,1.0,386.49679887451833,4.300584490441393,1.3090000000000002,0.02292596679620656,1.309,0.0,0.022917651,1.0
3.816469799528483,0.4758298637432044,1.0,386.7261954328575,4.299995997497691,1.3100000000000003,0.022925966814562514,1.31,0.0,0.022917651,1.0
3.8166419490963523,0.47742870021674905,1.0,386.9555075888943,4.2994076060227515,1.3110000000000002,0.02292596683291847,1.311,0.0,0.022917651,1.0
3.816814116815878,0.47902750760761487,1.0,387.18473515874047,4.298819316237648,1.312,0.02292596685127441,1.312,0.0,0.022917651,1.0
3.8169863027266357,0.4806262858523925,1.0,387.413877957973,4.298231128364093,1.3130000000000002,0.022925966869630367,1.313,0.0,0.022917651,1.0
3.817158506868318,0.4822250348874893,1.0,387.64293580163223,4.297643042624446,1.314,0.02292596688798632,1.314,0.0,0.022917651,1.0
3.817330729280729,0.48382375464912586,1.0,387.87190850422013,4.297055059241713,1.315,0.022925966906342268,1.315,0.0,0.022917651,1.0
3.817502970003793,0.48542244507333876,1.0,388.10079587969807,4.296467178439551,1.3160000000000005,0.02292596692469822,1.316,0.0,0.022917651,1.0
3.8176752290775484,0.4870211060959764,1.0,388.3295977414853,4.295879400442266,1.317,0.02292596694305417,1.317,0.0,0.022917651,1.0
3.8178475065421518,0.48861973765270156,1.0,388.5583139024567,4.295291725474825,1.3180000000000003,0.022925966961410117,1.318,0.0,0.022917651,1.0
3.818019802437876,0.49021833967898765,1.0,388.78694417494023,4.294704153762844,1.3190000000000002,0.022925966979766073,1.319,0.0,0.022917651,1.0
3.8181921168051116,0.491816912110121,1.0,389.01548837071635,4.294116685532603,1.3200000000000003,0.02292596699812202,1.32,0.0,0.022917651,1.0
3.8183644496843674,0.4934154548811974,1.0,389.2439463010143,4.29352932101104,1.3210000000000002,0.022925967016477974,1.321,0.0,0.022917651,1.0
3.818536801116271,0.49501396792712393,1.0,389.4723177765116,4.292942060425763,1.322,0.022925967034833922,1.322,0.0,0.022917651,1.0
3.8187091711415695,0.4966124511826159,1.0,389.70060260733106,4.292354904005043,1.323,0.02292596705318987,1.323,0.0,0.022917651,1.0
3.8188815598011283,0.49821090458219847,1.0,389.928800603039,4.291767851977816,1.324,0.022925967071545823,1.324,0.0,0.022917651,1.0
3.819053967135932,0.49980932806020334,1.0,390.1569115726435,4.291180904573698,1.3250000000000002,0.022925967089901772,1.325,0.0,0.022917651,1.0
3.819226393187089,0.5014077215507714,1.0,390.3849353245919,4.290594062022972,1.3260000000000003,0.02292596710825772,1.326,0.0,0.022917651,1.0
3.819398837995823,0.5030060849878478,1.0,390.61287166676897,4.2900073245565995,1.327,0.022925967126613676,1.327,0.0,0.022917651,1.0
3.8195713016034842,0.5046044183051861,1.0,390.84072040649505,4.289420692406221,1.328,0.022925967144969625,1.328,0.0,0.022917651,1.0
3.8197437840515405,0.5062027214363425,1.0,391.06848135052354,4.288834165804158,1.329,0.02292596716332557,1.329,0.0,0.022917651,1.0
3.8199162853815856,0.5078009943146798,1.0,391.2961543050392,4.288247744983418,1.33,0.02292596718168152,1.33,0.0,0.022917651,1.0
3.8200888056353306,0.5093992368733627,1.0,391.5237390756556,4.28766143017769,1.331,0.022925967200037475,1.331,0.0,0.022917651,1.0
3.820261344854614,0.5109974490453605,1.0,391.7512354674138,4.287075221621356,1.3319999999999999,0.022925967218393423,1.332,0.0,0.022917651,1.0
3.820433903081397,0.5125956307634435,1.0,391.9786432847792,4.286489119549489,1.3330000000000002,0.022925967236749376,1.333,0.0,0.022917651,1.0
3.820606480357763,0.5141937819601842,1.0,392.20596233164025,4.285903124197852,1.3340000000000003,0.022925967255105324,1.334,0.0,0.022917651,1.0
3.820779076725921,0.5157919025679555,1.0,392.43319241130604,4.285317235802912,1.3350000000000002,0.02292596727346128,1.335,0.0,0.022917651,1.0
3.8209516922282036,0.5173899925189309,1.0,392.66033332650403,4.284731454601828,1.3360000000000003,0.02292596729181723,1.336,0.0,0.022917651,1.0
3.8211243269070705,0.5189880517450827,1.0,392.88738487937815,4.284145780832464,1.337,0.022925967310173177,1.337,0.0,0.022917651,1.0
3.821296980805105,0.5205860801781821,1.0,393.11434687148636,4.283560214733387,1.3380000000000003,0.022925967328529126,1.338,0.0,0.022917651,1.0
3.8214696539650186,0.5221840777497978,1.0,393.3412191037986,4.282974756543872,1.339,0.02292596734688508,1.339,0.0,0.022917651,1.0
3.821642346429648,0.523782044391296,1.0,393.568001376695,4.2823894065039045,1.3400000000000003,0.02292596736524103,1.34,0.0,0.022917651,1.0
3.821815058241957,0.5253799800338389,1.0,393.79469348996275,4.2818041648541785,1.3409999999999997,0.02292596738359698,1.341,0.0,0.022917651,1.0
3.8219877894450396,0.5269778846083848,1.0,394.021295242795,4.281219031836106,1.342,0.022925967401952928,1.342,0.0,0.022917651,1.0
3.8221605400821135,0.5285757580456857,1.0,394.24780643378796,4.280634007691815,1.343,0.02292596742030888,1.343,0.0,0.022917651,1.0
3.822333310196529,0.5301736002762892,1.0,394.4742268609386,4.280049092664155,1.3440000000000003,0.022925967438664832,1.344,0.0,0.022917651,1.0
3.8225060998317617,0.5317714112305346,1.0,394.700556321643,4.2794642869966975,1.345,0.02292596745702078,1.345,0.0,0.022917651,1.0
3.8226789090314193,0.5333691908385552,1.0,394.92679461269364,4.278879590933737,1.346,0.02292596747537673,1.346,0.0,0.022917651,1.0
3.8228517378392404,0.5349669390302748,1.0,395.1529415302773,4.278295004720301,1.347,0.022925967493732678,1.347,0.0,0.022917651,1.0
3.823024586299091,0.536564655735409,1.0,395.3789968699729,4.277710528602144,1.348,0.02292596751208863,1.348,0.0,0.022917651,1.0
3.8231974544549696,0.538162340883463,1.0,395.60496042674896,4.277126162825757,1.349,0.022925967530444583,1.349,0.0,0.022917651,1.0
3.823370342351006,0.5397599944037321,1.0,395.83083199496167,4.276541907638364,1.35,0.02292596754880053,1.35,0.0,0.022917651,1.0
3.8235432500314626,0.5413576162252994,1.0,396.05661136835215,4.275957763287931,1.351,0.022925967567156483,1.351,0.0,0.022917651,1.0
3.8237161775407325,0.5429552062770366,1.0,396.2822983400448,4.275373730023165,1.352,0.022925967585512436,1.352,0.0,0.022917651,1.0
3.823889124923345,0.5445527644876017,1.0,396.5078927025443,4.274789808093518,1.3530000000000002,0.022925967603868384,1.353,0.0,0.022917651,1.0
3.8240620922239574,0.5461502907854396,1.0,396.7333942477338,4.274205997749187,1.354,0.022925967622224333,1.354,0.0,0.022917651,1.0
3.824235079487368,0.5477477850987802,1.0,396.9588027668723,4.273622299241122,1.355,0.022925967640580285,1.355,0.0,0.022917651,1.0
3.8244080867585026,0.5493452473556384,1.0,397.18411805059236,4.273038712821027,1.3560000000000003,0.022925967658936237,1.356,0.0,0.022917651,1.0
3.8245811140824264,0.5509426774838123,1.0,397.4093398888977,4.272455238741357,1.357,0.022925967677292186,1.357,0.0,0.022917651,1.0
3.8247541615043383,0.5525400754108838,1.0,397.63446807116134,4.2718718772553315,1.358,0.022925967695648135,1.358,0.0,0.022917651,1.0
3.8249272290695737,0.5541374410642161,1.0,397.85950238612236,4.2712886286169285,1.3589999999999998,0.022925967714004084,1.359,0.0,0.022917651,1.0
3.825100316823605,0.555734774370955,1.0,398.08444262188425,4.27070549308089,1.3600000000000003,0.022925967732360036,1.36,0.0,0.022917651,1.0
3.825273424812039,0.5573320752580253,1.0,398.309288565912,4.270122470902726,1.3610000000000002,0.022925967750715988,1.361,0.0,0.022917651,1.0
3.8254465530806234,0.5589293436521331,1.0,398.5340400050303,4.269539562338719,1.362,0.022925967769071937,1.362,0.0,0.022917651,1.0
3.8256197016752416,0.5605265794797619,1.0,398.75869672542035,4.268956767645921,1.363,0.022925967787427885,1.363,0.0,0.022917651,1.0
3.825792870641916,0.5621237826671748,1.0,398.983258512618,4.268374087082162,1.364,0.02292596780578384,1.364,0.0,0.022917651,1.0
3.8259660600268104,0.5637209531404106,1.0,399.20772515151134,4.267791520906049,1.3650000000000002,0.02292596782413979,1.365,0.0,0.022917651,1.0
3.8261392698762227,0.5653180908252856,1.0,399.43209642633775,4.267209069376974,1.366,0.02292596784249574,1.366,0.0,0.022917651,1.0
3.826312500236596,0.566915195647391,1.0,399.65637212068197,4.266626732755113,1.367,0.02292596786085169,1.367,0.0,0.022917651,1.0
3.8264857511545123,0.5685122675320933,1.0,399.8805520174733,4.266044511301428,1.368,0.02292596787920764,1.368,0.0,0.022917651,1.0
3.826659022676695,0.570109306404532,1.0,400.10463589898325,4.265462405277672,1.369,0.02292596789756359,1.369,0.0,0.022917651,1.0
3.826832314850008,0.5717063121896203,1.0,400.3286235468231,4.264880414946395,1.37,0.02292596791591954,1.37,0.0,0.022917651,1.0
3.8270056277214586,0.5733032848120428,1.0,400.55251474194125,4.264298540570941,1.3710000000000002,0.022925967934275492,1.371,0.0,0.022917651,1.0
3.827178961338198,0.5749002241962565,1.0,400.7763092646208,4.263716782415453,1.3720000000000003,0.022925967952631444,1.372,0.0,0.022917651,1.0
3.827352315747517,0.5764971302664873,1.0,401.00000689447694,4.263135140744881,1.373,0.02292596797098739,1.373,0.0,0.022917651,1.0
3.827525690996855,0.578094002946732,1.0,401.22360741045463,4.262553615824976,1.3740000000000003,0.022925967989343342,1.374,0.0,0.022917651,1.0
3.827699087133792,0.5796908421607547,1.0,401.4471105908256,4.261972207922302,1.375,0.02292596800769929,1.375,0.0,0.022917651,1.0
3.8278725042060544,0.5812876478320886,1.0,401.67051621318643,4.261390917304231,1.3760000000000001,0.02292596802605524,1.3760000000000001,0.0,0.022917651,1.0
3.8280459422615145,0.5828844198840324,1.0,401.89382405445525,4.260809744238955,1.377,0.022925968044411195,1.377,0.0,0.022917651,1.0
3.8282194013481905,0.5844811582396522,1.0,402.1170338908699,4.260228688995482,1.3780000000000001,0.022925968062767144,1.3780000000000001,0.0,0.022917651,1.0
3.828392881514247,0.5860778628217778,1.0,402.34014549798457,4.25964775184364,1.379,0.022925968081123096,1.379,0.0,0.022917651,1.0
3.828566382807995,0.5876745335530043,1.0,402.5631586506679,4.259066933054084,1.3800000000000003,0.02292596809947904,1.3800000000000001,0.0,0.022917651,1.0
3.8287399052778945,0.5892711703556889,1.0,402.7860731230998,4.258486232898294,1.381,0.022925968117834997,1.381,0.0,0.022917651,1.0
3.828913448972554,0.5908677731519527,1.0,403.00888868876933,4.257905651648584,1.3820000000000001,0.02292596813619095,1.3820000000000001,0.0,0.022917651,1.0
3.829087013940729,0.5924643418636768,1.0,403.23160512047133,4.257325189578101,1.383,0.022925968154546898,1.383,0.0,0.022917651,1.0
3.8292606002313265,0.594060876412504,1.0,403.4542221903047,4.256744846960828,1.3840000000000001,0.022925968172902846,1.3840000000000001,0.0,0.022917651,1.0
3.829434207893402,0.5956573767198357,1.0,403.67673966966885,4.256164624071588,1.385,0.0229259681912588,1.385,0.0,0.022917651,1.0
3.8296078369761632,0.5972538427068329,1.0,403.89915732926164,4.2555845211860515,1.3860000000000001,0.022925968209614747,1.3860000000000001,0.0,0.022917651,1.0
3.8297814875289675,0.5988502742944135,1.0,404.1214749390762,4.2550045385807325,1.3869999999999998,0.022925968227970696,1.387,0.0,0.022917651,1.0
3.829955159601325,0.6004466714032536,1.0,404.3436922683989,4.254424676532995,1.3880000000000003,0.022925968246326648,1.3880000000000001,0.0,0.022917651,1.0
3.830128853242897,0.6020430339537833,1.0,404.56580908580565,4.25384493532106,1.389,0.0229259682646826,1.389,0.0,0.022917651,1.0
3.8303025685034995,0.6036393618661898,1.0,404.7878251591602,4.2532653152240005,1.3900000000000001,0.02292596828303855,1.3900000000000001,0.0,0.022917651,1.0
3.8304763054331006,0.6052356550604123,1.0,405.0097402556106,4.252685816521752,1.3910000000000002,0.0229259683013945,1.391,0.0,0.022917651,1.0
3.830650064081822,0.6068319134561451,1.0,405.2315541415869,4.2521064394951145,1.3920000000000003,0.02292596831975045,1.3920000000000001,0.0,0.022917651,1.0
3.8308238444999425,0.6084281369728325,1.0,405.45326658279816,4.251527184425753,1.3930000000000002,0.022925968338106402,1.393,0.0,0.022917651,1.0
3.8309976467378943,0.6100243255296719,1.0,405.67487734422974,4.250948051596202,1.3940000000000003,0.022925968356462347,1.3940000000000001,0.0,0.022917651,1.0
3.8311714708462654,0.6116204790456095,1.0,405.89638619014056,4.250369041289872,1.395,0.0229259683748183,1.395,0.0,0.022917651,1.0
3.831345316875802,0.613216597439342,1.0,406.1177928840602,4.2497901537910465,1.3960000000000001,0.022925968393174248,1.3960000000000001,0.0,0.022917651,1.0
3.831519184877404,0.6148126806293128,1.0,406.339097188786,4.249211389384893,1.397,0.022925968411530204,1.397,0.0,0.022917651,1.0
3.8316930749021343,0.6164087285337145,1.0,406.56029886638066,4.248632748357462,1.3980000000000001,0.02292596842988615,1.3980000000000001,0.0,0.022917651,1.0
3.8318669870012085,0.6180047410704842,1.0,406.7813976781687,4.248054230995686,1.3990000000000002,0.022925968448242105,1.399,0.0,0.022917651,1.0
3.832040921226005,0.6196007181573059,1.0,407.0023933847342,4.2474758375873956,1.4000000000000001,0.022925968466598053,1.4000000000000001,0.0,0.022917651,1.0
3.832227217530892,0.621030423312503,1.0,407.24541942422616,4.247090950048697,1.4010000000000002,0.022925968466323388,1.401,0.0,0.022917651,1.0
3.832413405575102,0.6224602196582835,1.0,407.48874493156563,4.246705538273899,1.4020000000000001,0.02292596846604872,1.4020000000000001,0.0,0.022917651,1.0
3.832599484758404,0.6238901077002351,1.0,407.7323715670952,4.246319599356474,1.403,0.022925968465774053,1.403,0.0,0.022917651,1.0
3.8327854544761224,0.6253200879476922,1.0,407.97630100345407,4.24593313036837,1.4040000000000001,0.022925968465499384,1.4040000000000001,0.0,0.022917651,1.0
3.8329713141190935,0.6267501609137665,1.0,408.2205349256922,4.245546128359808,1.4049999999999998,0.022925968465224718,1.405,0.0,0.022917651,1.0
3.8331570630736267,0.6281803271153852,1.0,408.4650750313857,4.245158590359079,1.4060000000000004,0.02292596846495005,1.4060000000000001,0.0,0.022917651,1.0
3.833342700721461,0.6296105870733243,1.0,408.70992303075326,4.2447705133723455,1.407,0.022925968464675386,1.407,0.0,0.022917651,1.0
3.8335282264397224,0.6310409413122468,1.0,408.95508064677415,4.244381894383431,1.4080000000000001,0.022925968464400724,1.408,0.0,0.022917651,1.0
3.8337136396008784,0.6324713903607366,1.0,409.2005496153072,4.243992730353613,1.409,0.022925968464126055,1.409,0.0,0.022917651,1.0
3.8338989395726997,0.6339019347513367,1.0,409.4463316852119,4.243603018221408,1.41,0.02292596846385139,1.41,0.0,0.022917651,1.0
3.8340841257182112,0.6353325750205863,1.0,409.6924286184699,4.243212754902365,1.4110000000000003,0.022925968463576724,1.411,0.0,0.022917651,1.0
3.834269197395651,0.6367633117090569,1.0,409.93884219030843,4.242821937288844,1.4120000000000001,0.022925968463302054,1.412,0.0,0.022917651,1.0
3.8344541539584225,0.638194145361393,1.0,410.1855741893254,4.242430562249799,1.413,0.02292596846302739,1.413,0.0,0.022917651,1.0
3.8346389947550503,0.6396250765263473,1.0,410.43262641761453,4.242038626630558,1.414,0.02292596846275272,1.414,0.0,0.022917651,1.0
3.8348237191291337,0.6410561057568225,1.0,410.680000690894,4.241646127252602,1.4150000000000005,0.022925968462478054,1.415,0.0,0.022917651,1.0
3.8350083264193002,0.6424872336099077,1.0,410.9276988386347,4.241253060913331,1.4159999999999997,0.022925968462203385,1.416,0.0,0.022917651,1.0
3.835192815959159,0.6439184606469214,1.0,411.175722704191,4.240859424385847,1.4169999999999998,0.022925968461928715,1.417,0.0,0.022917651,1.0
3.835377187077253,0.6453497874334484,1.0,411.4240741449327,4.240465214418714,1.4180000000000001,0.022925968461654053,1.418,0.0,0.022917651,1.0
3.8355614390970065,0.6467812145393826,1.0,411.67275503237835,4.240070427735729,1.419,0.022925968461379388,1.419,0.0,0.022917651,1.0
3.8357455713366853,0.6482127425389673,1.0,411.92176725233026,4.239675061035684,1.4200000000000002,0.022925968461104722,1.42,0.0,0.022917651,1.0
3.835929583109337,0.6496443720108371,1.0,412.1711127050111,4.2392791109921255,1.421,0.022925968460830056,1.421,0.0,0.022917651,1.0
3.836113473722751,0.6510761035380593,1.0,412.42079330520215,4.238882574253119,1.4220000000000002,0.02292596846055539,1.422,0.0,0.022917651,1.0
3.8362972424793993,0.6525079377081779,1.0,412.6708109823826,4.238485447440996,1.4230000000000003,0.02292596846028072,1.423,0.0,0.022917651,1.0
3.8364808886763924,0.653939875113254,1.0,412.92116768087106,4.238087727152112,1.4239999999999997,0.022925968460006052,1.424,0.0,0.022917651,1.0
3.836664411605421,0.6553719163499131,1.0,413.17186535996876,4.237689409956596,1.4250000000000003,0.022925968459731383,1.425,0.0,0.022917651,1.0
3.8368478105527117,0.6568040620193846,1.0,413.42290599410364,4.237290492398095,1.426,0.022925968459456717,1.426,0.0,0.022917651,1.0
3.8370310847989653,0.6582363127275511,1.0,413.674291572977,4.23689097099352,1.427,0.02292596845918205,1.427,0.0,0.022917651,1.0
3.8372142336193105,0.659668669084989,1.0,413.92602410171105,4.2364908422327865,1.428,0.022925968458907386,1.428,0.0,0.022917651,1.0
3.8373970830554,0.6611009342130015,1.0,414.1785470073689,4.236089607244658,1.4290000000000003,0.022925968458632717,1.429,0.0,0.022917651,1.0
3.837579704869016,0.6625331852628212,1.0,414.4316758096919,4.235687475890627,1.4299999999999997,0.022925968458358054,1.43,0.0,0.022917651,1.0
3.8377621982443495,0.6639655354111147,1.0,414.68515752987776,4.235284731682733,1.431,0.02292596845808339,1.431,0.0,0.022917651,1.0
3.8379445624057915,0.6653979852563149,1.0,414.9389942991179,4.234881370920089,1.432,0.02292596845780872,1.432,0.0,0.022917651,1.0
3.8381267965714736,0.6668305354016839,1.0,415.1931882657987,4.234477389871948,1.433,0.022925968457534054,1.433,0.0,0.022917651,1.0
3.8383088999532067,0.6682631864553595,1.0,415.44774159567436,4.234072784777404,1.434,0.022925968457259388,1.434,0.0,0.022917651,1.0
3.838490871756419,0.6696959390304074,1.0,415.70265647204303,4.2336675518450875,1.435,0.02292596845698472,1.435,0.0,0.022917651,1.0
3.8386727111800867,0.6711287937448677,1.0,415.9579350959248,4.233261687252852,1.436,0.022925968456710053,1.436,0.0,0.022917651,1.0
3.8388544174166728,0.6725617512218093,1.0,416.2135796862421,4.232855187147462,1.437,0.022925968456435387,1.437,0.0,0.022917651,1.0
3.8390359896520576,0.6739948120893774,1.0,416.4695924800015,4.232448047644279,1.4380000000000002,0.02292596845616072,1.438,0.0,0.022917651,1.0
3.839217427065471,0.6754279769808486,1.0,416.725975732479,4.232040264826941,1.439,0.022925968455886056,1.439,0.0,0.022917651,1.0
3.839398728829431,0.6768612465346807,1.0,416.9827317174066,4.231631834747037,1.44,0.022925968455611387,1.44,0.0,0.022917651,1.0
3.8395798941096655,0.6782946213945683,1.0,417.2398627271614,4.231222753423772,1.441,0.022925968455336718,1.441,0.0,0.022917651,1.0
3.839760922065049,0.6797281022094939,1.0,417.49737107295704,4.230813016843647,1.442,0.022925968455062052,1.442,0.0,0.022917651,1.0
3.839941811847529,0.681161689633785,1.0,417.7552590850381,4.230402620960113,1.443,0.02292596845478739,1.443,0.0,0.022917651,1.0
3.8401225626020574,0.6825953843271667,1.0,418.01352911287574,4.229991561693235,1.444,0.022925968454512724,1.444,0.0,0.022917651,1.0
3.840303173466516,0.6840291869548204,1.0,418.2721835253669,4.229579834929341,1.4450000000000003,0.022925968454238055,1.445,0.0,0.022917651,1.0
3.840483643571642,0.6854630981874367,1.0,418.5312247110351,4.229167436520679,1.4460000000000002,0.02292596845396339,1.446,0.0,0.022917651,1.0
3.840663972040958,0.6868971187012763,1.0,418.7906550782344,4.228754362285059,1.447,0.02292596845368872,1.447,0.0,0.022917651,1.0
3.8408441579906945,0.6883312491782247,1.0,419.0504770553553,4.228340608005502,1.448,0.022925968453414054,1.448,0.0,0.022917651,1.0
3.8410242005297115,0.6897654903058537,1.0,419.3106930910341,4.227926169429865,1.449,0.022925968453139385,1.449,0.0,0.022917651,1.0
3.841204098759427,0.6911998427774777,1.0,419.57130565436375,4.227511042270485,1.45,0.022925968452864723,1.45,0.0,0.022917651,1.0
3.8413838517737346,0.6926343072922172,1.0,419.8323172351085,4.227095222203801,1.451,0.022925968452590054,1.451,0.0,0.022917651,1.0
3.8415634586589267,0.6940688845550564,1.0,420.0937303439198,4.226678704869983,1.452,0.022925968452315384,1.452,0.0,0.022917651,1.0
3.841742918493613,0.6955035752769078,1.0,420.35554751255677,4.226261485872545,1.4530000000000003,0.02292596845204072,1.453,0.0,0.022917651,1.0
3.841922230348643,0.6969383801746715,1.0,420.61777129410797,4.225843560777959,1.4540000000000002,0.022925968451766053,1.454,0.0,0.022917651,1.0
3.8421013932870194,0.6983732999713017,1.0,420.8804042632166,4.225424925115274,1.455,0.022925968451491387,1.455,0.0,0.022917651,1.0
3.8422804063638183,0.699808335395868,1.0,421.1434490163082,4.225005574375705,1.456,0.02292596845121672,1.456,0.0,0.022917651,1.0
3.8424592686261057,0.7012434871836222,1.0,421.4069081718223,4.224585504012246,1.457,0.022925968450942052,1.457,0.0,0.022917651,1.0
3.842637979112849,0.702678756076062,1.0,421.6707843704449,4.224164709439255,1.4579999999999997,0.022925968450667383,1.458,0.0,0.022917651,1.0
3.842816536854834,0.7041141428209997,1.0,421.9350802753466,4.223743186032043,1.459,0.02292596845039272,1.459,0.0,0.022917651,1.0
3.842994940874577,0.7055496481726272,1.0,422.19979857242157,4.223320929126467,1.4600000000000002,0.022925968450118052,1.46,0.0,0.022917651,1.0
3.8431731901862345,0.7069852728915869,1.0,422.4649419705308,4.222897934018495,1.461,0.022925968449843386,1.461,0.0,0.022917651,1.0
3.843351283795517,0.7084210177450373,1.0,422.73051320174767,4.222474195963793,1.462,0.02292596844956872,1.462,0.0,0.022917651,1.0
3.8435292206995957,0.7098568835067269,1.0,422.99651502160776,4.222049710177274,1.4630000000000003,0.02292596844929405,1.463,0.0,0.022917651,1.0
3.843706999887011,0.7112928709570618,1.0,423.26295020936084,4.221624471832681,1.4640000000000002,0.022925968449019386,1.464,0.0,0.022917651,1.0
3.8438846203375796,0.7127289808831795,1.0,423.52982156822645,4.221198476062125,1.4649999999999999,0.02292596844874472,1.465,0.0,0.022917651,1.0
3.8440616472335756,0.7141653651193521,1.0,423.7978995446435,4.220769831560092,1.4660000000000002,0.02292596844847005,1.466,0.0,0.022917651,1.0
3.8442384998628922,0.7156018924019285,1.0,424.066435278479,4.220340346942527,1.4670000000000003,0.02292596844819539,1.467,0.0,0.022917651,1.0
3.844415181800879,0.7170385621684386,1.0,424.3354234914153,4.219910037075558,1.468,0.02292596844792072,1.468,0.0,0.022917651,1.0
3.844591691795316,0.7184753754641684,1.0,424.60486750291386,4.219478895905018,1.469,0.022925968447646057,1.469,0.0,0.022917651,1.0
3.8447680285817047,0.7199123333446527,1.0,424.87477066498434,4.219046917317379,1.47,0.022925968447371388,1.47,0.0,0.022917651,1.0
3.844944190883118,0.7213494368758022,1.0,425.14513636258624,4.218614095139016,1.471,0.02292596844709672,1.471,0.0,0.022917651,1.0
3.8451201774100445,0.7227866871340307,1.0,425.4159680140332,4.218180423135473,1.4719999999999998,0.022925968446822056,1.472,0.0,0.022917651,1.0
3.845295986860236,0.7242240852063856,1.0,425.68726907140604,4.217745895010706,1.4730000000000003,0.022925968446547387,1.473,0.0,0.022917651,1.0
3.845471617918549,0.7256616321906778,1.0,425.95904302097006,4.217310504406329,1.4740000000000002,0.022925968446272718,1.474,0.0,0.022917651,1.0
3.845647069256783,0.7270993291956179,1.0,426.23129338359945,4.216874244900828,1.4750000000000003,0.022925968445998056,1.475,0.0,0.022917651,1.0
3.845822339533519,0.7285371773409488,1.0,426.5040237152079,4.216437110008787,1.476,0.022925968445723383,1.476,0.0,0.022917651,1.0
3.8459974273939577,0.7299751777575859,1.0,426.7772376071855,4.215999093180087,1.477,0.02292596844544872,1.477,0.0,0.022917651,1.0
3.8461723314697465,0.7314133315877548,1.0,427.05093868684196,4.2155601877990945,1.478,0.022925968445174055,1.478,0.0,0.022917651,1.0
3.8463470503788146,0.7328516399851347,1.0,427.32513061785755,4.215120387183843,1.4789999999999999,0.022925968444899383,1.479,0.0,0.022917651,1.0
3.846521582725199,0.7342901041150007,1.0,427.5998171007393,4.214679684585203,1.4800000000000002,0.02292596844462472,1.48,0.0,0.022917651,1.0
3.8466959270988665,0.7357287251543716,1.0,427.87500187328544,4.214238073186028,1.4810000000000003,0.022925968444350055,1.481,0.0,0.022917651,1.0
3.8468700820755415,0.737167504292156,1.0,428.15068871105586,4.213795546100299,1.4819999999999998,0.022925968444075386,1.482,0.0,0.022917651,1.0
3.8470440462165216,0.738606442729306,1.0,428.4268814278508,4.213352096372259,1.483,0.02292596844380072,1.483,0.0,0.022917651,1.0
3.847217818068497,0.7400455416789661,1.0,428.7035838761956,4.212907716975518,1.484,0.022925968443526054,1.484,0.0,0.022917651,1.0
3.847391396163362,0.7414848023666321,1.0,428.9807999478339,4.212462400812157,1.485,0.022925968443251385,1.485,0.0,0.022917651,1.0
3.847564779018028,0.7429242260303055,1.0,429.2585335742275,4.212016140711821,1.486,0.02292596844297672,1.486,0.0,0.022917651,1.0
3.847737965134232,0.744363813920657,1.0,429.5367887270651,4.211568929430785,1.487,0.022925968442702054,1.487,0.0,0.022917651,1.0
3.8479109529983417,0.7458035673011845,1.0,429.81556941877733,4.21112075965102,1.488,0.022925968442427384,1.488,0.0,0.022917651,1.0
3.8480837410811577,0.7472434874483823,1.0,430.09487970306105,4.210671623979231,1.489,0.022925968442152722,1.489,0.0,0.022917651,1.0
3.8482563278377118,0.7486835756519054,1.0,430.3747236754106,4.210221514945891,1.49,0.022925968441878053,1.49,0.0,0.022917651,1.0
3.848428711707065,0.750123833214742,1.0,430.6551054736591,4.209770425004257,1.491,0.022925968441603387,1.491,0.0,0.022917651,1.0
3.8486008911121012,0.7515642614533838,1.0,430.9360292785254,4.209318346529367,1.492,0.022925968441328718,1.492,0.0,0.022917651,1.0
3.8487728644593147,0.7530048616980045,1.0,431.2174993141725,4.208865271817024,1.493,0.022925968441054056,1.493,0.0,0.022917651,1.0
3.8489446301385977,0.7544456352926343,1.0,431.4995198487725,4.208411193082767,1.4940000000000002,0.022925968440779387,1.494,0.0,0.022917651,1.0
3.8491161865230232,0.7558865835953439,1.0,431.78209519508164,4.207956102460817,1.495,0.022925968440504717,1.495,0.0,0.022917651,1.0
3.84928750274749,0.7573276878248673,1.0,432.06532968180534,4.207499895256431,1.496,0.022925968440230055,1.496,0.0,0.022917651,1.0
3.849458336064172,0.7587687844065581,1.0,432.3500473512192,4.2070417639238835,1.497,0.02292596843995539,1.497,0.0,0.022917651,1.0
3.8496289505941874,0.7602100592131289,1.0,432.6353389829587,4.206582579216568,1.4980000000000002,0.02292596843968072,1.498,0.0,0.022917651,1.0
3.849799344547952,0.761651513702386,1.0,432.9212092718002,4.206122332518305,1.499,0.022925968439406055,1.499,0.0,0.022917651,1.0
3.8499695161163094,0.7630931493480778,1.0,433.2076629638614,4.2056610151187,1.5,0.02292596843913139,1.5,0.0,0.022917651,1.0
3.850139033579329,0.7644196274308911,1.0,433.5820582804539,4.205292894104548,1.5010000000000003,0.022925968439406055,1.5010000000000001,0.0,0.022917651,1.0
3.850308525047066,0.7657461290390472,1.0,433.95651388660633,4.204924645586118,1.5020000000000002,0.02292596843968072,1.502,0.0,0.022917651,1.0
3.8504779902808925,0.7670726543885018,1.0,434.3310303357584,4.2045562683929605,1.5030000000000001,0.02292596843995539,1.5030000000000001,0.0,0.022917651,1.0
3.8506474290392503,0.7683992036978613,1.0,434.7056081881436,4.2041877613402585,1.5039999999999998,0.022925968440230055,1.504,0.0,0.022917651,1.0
3.850816841077607,0.7697257771884247,1.0,435.080248010895,4.203819123228602,1.5050000000000003,0.02292596844050472,1.5050000000000001,0.0,0.022917651,1.0
3.8509862261484074,0.7710523750842238,1.0,435.4549503781515,4.203450352843764,1.5060000000000002,0.022925968440779383,1.506,0.0,0.022917651,1.0
3.8511555840010314,0.7723789976120674,1.0,435.82971587116623,4.203081448956473,1.507,0.022925968441054052,1.5070000000000001,0.0,0.022917651,1.0
3.8513249143817436,0.7737056450015828,1.0,436.20454507841714,4.202712410322179,1.5080000000000002,0.02292596844132872,1.508,0.0,0.022917651,1.0
3.851494217033642,0.7750323174852611,1.0,436.57943859571964,4.20234323568081,1.5090000000000003,0.022925968441603387,1.5090000000000001,0.0,0.022917651,1.0
3.851663491696615,0.7763590152985004,1.0,436.95439702634116,4.201973923756539,1.51,0.022925968441878056,1.51,0.0,0.022917651,1.0
3.8518327381072845,0.7776857386796533,1.0,437.32942098111846,4.20160447325753,1.5110000000000003,0.022925968442152722,1.5110000000000001,0.0,0.022917651,1.0
3.852001955998959,0.779012487870071,1.0,437.704511078576,4.201234882875683,1.512,0.022925968442427388,1.512,0.0,0.022917651,1.0
3.852171145101581,0.7803392631141535,1.0,438.0796679450479,4.200865151286389,1.5130000000000001,0.022925968442702057,1.5130000000000001,0.0,0.022917651,1.0
3.8523403051416705,0.7816660646593953,1.0,438.45489221480165,4.200495277148258,1.5140000000000002,0.02292596844297672,1.514,0.0,0.022917651,1.0
3.8525094358422725,0.782992892756436,1.0,438.8301845301632,4.200125259102856,1.5150000000000003,0.022925968443251385,1.5150000000000001,0.0,0.022917651,1.0
3.852678536922902,0.7843197476591096,1.0,439.20554554164636,4.199755095774435,1.516,0.022925968443526054,1.516,0.0,0.022917651,1.0
3.85284760809949,0.785646629624497,1.0,439.58097590808353,4.199384785769654,1.517,0.022925968443800716,1.5170000000000001,0.0,0.022917651,1.0
3.85301664908432,0.7869735389129756,1.0,439.95647629675835,4.199014327677298,1.518,0.022925968444075386,1.518,0.0,0.022917651,1.0
3.853185659585973,0.7883004757882751,1.0,440.3320473835426,4.198643720067988,1.5190000000000003,0.022925968444350055,1.5190000000000001,0.0,0.022917651,1.0
3.8533546393092686,0.789627440517529,1.0,440.7076898530338,4.1982729614938945,1.5200000000000002,0.022925968444624724,1.52,0.0,0.022917651,1.0
3.8535235879552032,0.7909544333713322,1.0,441.0834043986979,4.197902050488429,1.5210000000000001,0.022925968444899386,1.5210000000000001,0.0,0.022917651,1.0
3.8536925052208866,0.792281454623795,1.0,441.4591917230118,4.197530985565948,1.5220000000000002,0.02292596844517406,1.522,0.0,0.022917651,1.0
3.8538613907994805,0.7936085045526025,1.0,441.8350525376113,4.19715976522144,1.5230000000000001,0.022925968445448724,1.5230000000000001,0.0,0.022917651,1.0
3.854030244380133,0.7949355834390703,1.0,442.21098756344026,4.196788387930205,1.5240000000000002,0.022925968445723387,1.524,0.0,0.022917651,1.0
3.8541990656479106,0.7962626915682076,1.0,442.58699753090355,4.196416852147534,1.5250000000000004,0.022925968445998052,1.5250000000000001,0.0,0.022917651,1.0
3.8543678542837383,0.7975898292287747,1.0,442.9630831800226,4.196045156308384,1.5260000000000002,0.022925968446272718,1.526,0.0,0.022917651,1.0
3.8545366099643217,0.7989169967133471,1.0,443.33924526059445,4.195673298827033,1.5270000000000001,0.022925968446547387,1.5270000000000001,0.0,0.022917651,1.0
3.854705332362083,0.8002441943183772,1.0,443.71548453235323,4.195301278096746,1.5279999999999998,0.022925968446822053,1.528,0.0,0.022917651,1.0
3.854874021145089,0.8015714223442605,1.0,444.091801765136,4.194929092489424,1.5290000000000001,0.022925968447096715,1.5290000000000001,0.0,0.022917651,1.0
3.855042675976978,0.8028986810953989,1.0,444.4681977390505,4.194556740355243,1.53,0.022925968447371384,1.53,0.0,0.022917651,1.0
3.8552112965168845,0.8042259708802709,1.0,444.84467324464777,4.194184220022294,1.531,0.022925968447646054,1.5310000000000001,0.0,0.022917651,1.0
3.8553798824193652,0.8055532920114968,1.0,445.2212290830967,4.193811529796214,1.5319999999999998,0.02292596844792072,1.532,0.0,0.022917651,1.0
3.855548433334323,0.8068806448059109,1.0,445.5978660663636,4.1934386679598035,1.5330000000000001,0.02292596844819539,1.5330000000000001,0.0,0.022917651,1.0
3.855716948906924,0.8082080295846313,1.0,445.9745850173941,4.193065632772644,1.534,0.02292596844847005,1.534,0.0,0.022917651,1.0
3.8558854287775204,0.8095354466731335,1.0,446.3513867703001,4.1926924224707,1.5350000000000001,0.02292596844874472,1.5350000000000001,0.0,0.022917651,1.0
3.85605387258157,0.8108628964013238,1.0,446.72827217054873,4.192319035265924,1.536,0.022925968449019386,1.536,0.0,0.022917651,1.0
3.8562222799495487,0.8121903791036151,1.0,447.1052420751574,4.19194546934584,1.5370000000000001,0.02292596844929405,1.537,0.0,0.022917651,1.0
3.856390650506869,0.8135178951190056,1.0,447.4822973528912,4.191571722873128,1.538,0.02292596844956872,1.538,0.0,0.022917651,1.0
3.8565589838737875,0.8148454447911541,1.0,447.8594388844643,4.191197793985193,1.539,0.022925968449843386,1.539,0.0,0.022917651,1.0
3.856727279665323,0.8161730284684648,1.0,448.2366675627474,4.190823680793738,1.54,0.022925968450118052,1.54,0.0,0.022917651,1.0
3.856895537491163,0.8175006465041659,1.0,448.61398429297685,4.190449381384307,1.541,0.02292596845039272,1.541,0.0,0.022917651,1.0
3.857063756955565,0.8188282992563956,1.0,448.9913899929705,4.190074893815843,1.5420000000000003,0.022925968450667383,1.542,0.0,0.022917651,1.0
3.8572319376572737,0.820155987088286,1.0,449.3688855933464,4.189700216120212,1.5430000000000001,0.022925968450942056,1.543,0.0,0.022917651,1.0
3.857400079189413,0.8214837103680527,1.0,449.7464720377472,4.189325346301737,1.544,0.02292596845121672,1.544,0.0,0.022917651,1.0
3.857568181139396,0.8228114694690817,1.0,450.1241502830681,4.188950282336715,1.5450000000000002,0.02292596845149139,1.545,0.0,0.022917651,1.0
3.8577362430888194,0.8241392647700218,1.0,450.50192129969133,4.188575022172918,1.5460000000000003,0.022925968451766057,1.546,0.0,0.022917651,1.0
3.8579042646133614,0.8254670966548772,1.0,450.8797860717235,4.188199563729094,1.547,0.02292596845204072,1.547,0.0,0.022917651,1.0
3.858072245282678,0.826794965513103,1.0,451.2577455972403,4.187823904894447,1.548,0.022925968452315384,1.548,0.0,0.022917651,1.0
3.8582401846602954,0.8281228717397016,1.0,451.63580088853405,4.187448043528116,1.549,0.022925968452590054,1.549,0.0,0.022917651,1.0
3.8584080823035,0.8294508157353224,1.0,452.0139529723685,4.187071977458634,1.55,0.022925968452864723,1.55,0.0,0.022917651,1.0
3.8585759377632263,0.8307787979063626,1.0,452.39220289023797,4.186695704483382,1.551,0.022925968453139385,1.551,0.0,0.022917651,1.0
3.8587437505839435,0.832106818665071,1.0,452.7705516986331,4.186319222368024,1.552,0.022925968453414054,1.552,0.0,0.022917651,1.0
3.8589115203035385,0.8334348784296534,1.0,453.1490004693105,4.18594252884594,1.553,0.02292596845368872,1.553,0.0,0.022917651,1.0
3.8590792464531947,0.8347629776243811,1.0,453.527550289571,4.185565621617636,1.554,0.022925968453963386,1.554,0.0,0.022917651,1.0
3.8592469285572735,0.8360911166797006,1.0,453.9062022625413,4.185188498350147,1.555,0.022925968454238055,1.555,0.0,0.022917651,1.0
3.859414566133186,0.8374192960323469,1.0,454.2849575074635,4.184811156676427,1.556,0.02292596845451272,1.556,0.0,0.022917651,1.0
3.8595821586912704,0.8387475161254583,1.0,454.66381715999046,4.184433594194726,1.5570000000000002,0.022925968454787386,1.557,0.0,0.022917651,1.0
3.8597497057346546,0.8400757774086948,1.0,455.04278237248735,4.184055808467944,1.5580000000000003,0.022925968455062052,1.558,0.0,0.022917651,1.0
3.859917206759131,0.8414040803383573,1.0,455.42185431434064,4.183677797022988,1.559,0.022925968455336718,1.559,0.0,0.022917651,1.0
3.8600846612530146,0.8427324253775129,1.0,455.8010341722733,4.183299557350099,1.56,0.022925968455611387,1.56,0.0,0.022917651,1.0
3.8602520686970094,0.844060812996118,1.0,456.1803231506672,4.182921086902174,1.5609999999999997,0.022925968455886056,1.561,0.0,0.022917651,1.0
3.86041942856406,0.8453892436711493,1.0,456.5597224718931,4.182542383094061,1.562,0.02292596845616072,1.562,0.0,0.022917651,1.0
3.86058674031921,0.8467177178867333,1.0,456.9392333766473,4.182163443301857,1.563,0.022925968456435387,1.563,0.0,0.022917651,1.0
3.860754003419453,0.8480462361342831,1.0,457.3188571242969,4.181784264862169,1.564,0.022925968456710053,1.564,0.0,0.022917651,1.0
3.8609212173135825,0.8493747989126333,1.0,457.6985949932318,4.181404845071376,1.565,0.02292596845698472,1.565,0.0,0.022917651,1.0
3.861088381442032,0.8507034067281838,1.0,458.0784482812257,4.181025181184862,1.566,0.022925968457259388,1.566,0.0,0.022917651,1.0
3.861255495236717,0.8520320600950401,1.0,458.45841830580446,4.180645270416237,1.5670000000000002,0.022925968457534054,1.567,0.0,0.022917651,1.0
3.8614225581208763,0.8533607595351641,1.0,458.8385064046239,4.180265109936539,1.568,0.02292596845780872,1.568,0.0,0.022917651,1.0
3.861589569508903,0.8546895055785214,1.0,459.21871393585485,4.179884696873423,1.5690000000000002,0.02292596845808339,1.569,0.0,0.022917651,1.0
3.861756528806172,0.8560182987632385,1.0,459.5990422785791,4.179504028310314,1.5699999999999998,0.022925968458358054,1.57,0.0,0.022917651,1.0
3.8619234354088707,0.8573471396357576,1.0,459.97949283319196,4.179123101285568,1.571,0.02292596845863272,1.571,0.0,0.022917651,1.0
3.8620902887038144,0.8586760287510001,1.0,460.36006702181726,4.178741912791582,1.572,0.02292596845890739,1.572,0.0,0.022917651,1.0
3.8622570880682714,0.8600049666725299,1.0,460.7407662887289,4.1783604597739155,1.5730000000000002,0.02292596845918205,1.573,0.0,0.022917651,1.0
3.862423832869771,0.8613339539727239,1.0,461.12159210078477,4.177978739130359,1.574,0.022925968459456717,1.574,0.0,0.022917651,1.0
3.8625905224659136,0.8626629912329434,1.0,461.5025459478694,4.177596747710009,1.5750000000000002,0.022925968459731383,1.575,0.0,0.022917651,1.0
3.862757156204176,0.8639920790437133,1.0,461.88362934334805,4.177214482312303,1.5760000000000003,0.022925968460006052,1.576,0.0,0.022917651,1.0
3.8629237334217095,0.8653212180049,1.0,462.2648438245304,4.176831939686038,1.577,0.02292596846028072,1.577,0.0,0.022917651,1.0
3.863090253445138,0.8666504087259008,1.0,462.64619095314686,4.176449116528364,1.5779999999999998,0.022925968460555387,1.578,0.0,0.022917651,1.0
3.8632567155903446,0.8679796518258301,1.0,463.0276723158344,4.17606600948376,1.5790000000000002,0.022925968460830053,1.579,0.0,0.022917651,1.0
3.863423119162258,0.8693089479337176,1.0,463.4092895246364,4.175682615142972,1.5800000000000003,0.022925968461104722,1.58,0.0,0.022917651,1.0
3.863589463454634,0.8706382976887035,1.0,463.7910442175117,4.175298930041937,1.581,0.022925968461379384,1.581,0.0,0.022917651,1.0
3.8637557477498263,0.8719677017402466,1.0,464.17293805885873,4.174914950660678,1.582,0.022925968461654053,1.582,0.0,0.022917651,1.0
3.86392197131856,0.8732971607483304,1.0,464.5549727400503,4.174530673422169,1.583,0.02292596846192872,1.583,0.0,0.022917651,1.0
3.8640881334196915,0.8746266753836788,1.0,464.9371499799829,4.174146094691177,1.5839999999999999,0.022925968462203385,1.584,0.0,0.022917651,1.0
3.8642542332999694,0.8759562463279739,1.0,465.31947152563845,4.173761210773071,1.585,0.022925968462478054,1.585,0.0,0.022917651,1.0
3.8644202701937806,0.8772858742740828,1.0,465.70193915266043,4.173376017912605,1.586,0.02292596846275272,1.586,0.0,0.022917651,1.0
3.864586243322902,0.8786155599262857,1.0,466.0845546659439,4.172990512292668,1.587,0.02292596846302739,1.587,0.0,0.022917651,1.0
3.864752151896236,0.8799453040005142,1.0,466.467319900241,4.17260469003301,1.588,0.022925968463302054,1.588,0.0,0.022917651,1.0
3.864917995109548,0.8812751072245911,1.0,466.85023672077966,4.172218547188924,1.589,0.02292596846357672,1.589,0.0,0.022917651,1.0
3.865083772145182,0.8826049703384798,1.0,467.2333070239004,4.171832079749906,1.59,0.02292596846385139,1.59,0.0,0.022917651,1.0
3.8652494821717918,0.8839348940945374,1.0,467.61653273770656,4.1714452836382785,1.591,0.022925968464126055,1.591,0.0,0.022917651,1.0
3.8654151243440453,0.8852648792577767,1.0,467.99991582273316,4.171058154707774,1.592,0.02292596846440072,1.592,0.0,0.022917651,1.0
3.8655806978023337,0.8865949266061315,1.0,468.38345827263083,4.17067068874209,1.593,0.022925968464675386,1.593,0.0,0.022917651,1.0
3.8657462016724646,0.8879250369307324,1.0,468.76716211486854,4.170282881453407,1.5940000000000003,0.02292596846495005,1.594,0.0,0.022917651,1.0
3.8659116350653546,0.8892552110361868,1.0,469.1510294114531,4.1698947284808545,1.595,0.022925968465224718,1.595,0.0,0.022917651,1.0
3.866076997076709,0.8905854497408672,1.0,469.5350622596687,4.169506225388963,1.596,0.022925968465499387,1.596,0.0,0.022917651,1.0
3.8662422867866977,0.8919157538772067,1.0,469.9192627928335,4.1691173676660505,1.597,0.022925968465774053,1.597,0.0,0.022917651,1.0
3.8664075032596172,0.8932461242920038,1.0,470.3036331810778,4.168728150722585,1.5980000000000003,0.02292596846604872,1.598,0.0,0.022917651,1.0
3.866572645543548,0.8945765618467304,1.0,470.68817563214077,4.168338569889498,1.599,0.022925968466323384,1.599,0.0,0.022917651,1.0
3.866737712670001,0.8959070674178549,1.0,471.0728923921892,4.167948620416448,1.6000000000000003,0.022925968466598053,1.6,0.0,0.022917651,1.0
3.866881930637014,0.8971495407055323,1.0,471.43604875619616,4.167546308861594,1.601,0.022925968409058202,1.601,0.0,0.022917651,1.0
3.867025964440224,0.8983923393395984,1.0,471.7997559193833,4.167142935291928,1.6020000000000003,0.02292596835151835,1.602,0.0,0.022917651,1.0
3.8671694289254055,0.8996357306761883,1.0,472.16463874342685,4.166736690923491,1.603,0.022925968293978503,1.603,0.0,0.022917651,1.0
3.867312425933629,0.9008797709810511,1.0,472.5306120172368,4.166327927091668,1.6040000000000003,0.022925968236438648,1.604,0.0,0.022917651,1.0
3.8674552488310803,0.9021242933697055,1.0,472.8972237559631,4.165917984771962,1.6050000000000002,0.022925968178898793,1.605,0.0,0.022917651,1.0
3.8675978968410654,0.9033692999926858,1.0,473.2644768077427,4.165506858707243,1.6060000000000003,0.02292596812135894,1.606,0.0,0.022917651,1.0
3.867740369182265,0.9046147930133355,1.0,473.6323740376772,4.1650945436090625,1.6070000000000002,0.02292596806381909,1.607,0.0,0.022917651,1.0
3.8678826650686995,0.905860774607905,1.0,474.00091832796113,4.164681034157424,1.608,0.022925968006279246,1.608,0.0,0.022917651,1.0
3.8680247837096915,0.9071072469656457,1.0,474.3701125780083,4.164266325000547,1.6090000000000002,0.02292596794873939,1.609,0.0,0.022917651,1.0
3.868166724309834,0.9083542122889091,1.0,474.73995970458134,4.163850410754628,1.61,0.02292596789119954,1.61,0.0,0.022917651,1.0
3.868308486068952,0.9096016727932432,1.0,475.11046264192123,4.163433286003603,1.6110000000000004,0.02292596783365969,1.611,0.0,0.022917651,1.0
3.86845006818207,0.9108496307074937,1.0,475.4816243418787,4.163014945298901,1.612,0.02292596777611983,1.612,0.0,0.022917651,1.0
3.8685914698393735,0.9120980882739016,1.0,475.85344777404646,4.162595383159207,1.6129999999999998,0.022925967718579982,1.613,0.0,0.022917651,1.0
3.8687326902261745,0.9133470477482059,1.0,476.2259359258926,4.1621745940702075,1.614,0.02292596766104013,1.614,0.0,0.022917651,1.0
3.868873728522871,0.9145965113997436,1.0,476.5990918028951,4.161752572484347,1.6149999999999998,0.02292596760350028,1.615,0.0,0.022917651,1.0
3.8690145839049155,0.915846481511554,1.0,476.9729184286785,4.161329312820574,1.6160000000000003,0.022925967545960428,1.616,0.0,0.022917651,1.0
3.8691552555427715,0.9170969603804804,1.0,477.34741884515,4.1609048094640935,1.617,0.022925967488420573,1.617,0.0,0.022917651,1.0
3.869295742601883,0.9183479503172772,1.0,477.72259611263917,4.160479056766103,1.6180000000000003,0.022925967430880722,1.618,0.0,0.022917651,1.0
3.8694360442426277,0.9195994536467123,1.0,478.0984533100359,4.160052049043545,1.619,0.022925967373340878,1.619,0.0,0.022917651,1.0
3.8695761596202853,0.9208514727076761,1.0,478.4749935349331,4.159623780578834,1.6200000000000003,0.022925967315801026,1.62,0.0,0.022917651,1.0
3.8697158297242455,0.9221032246853555,1.0,478.8525837174595,4.159193997999916,1.6210000000000002,0.022925967258261175,1.621,0.0,0.022917651,1.0
3.869854839551741,0.9233539909605875,1.0,479.2315010110246,4.158762559779094,1.6219999999999999,0.022925967200721317,1.622,0.0,0.022917651,1.0
3.8699936307401797,0.9246050869460897,1.0,479.6111119145903,4.158329917293778,1.623,0.022925967143181465,1.623,0.0,0.022917651,1.0
3.870132202253944,0.925856514203584,1.0,479.99141971354237,4.157896064839791,1.6240000000000003,0.022925967085641617,1.624,0.0,0.022917651,1.0
3.870270553050868,0.9271082743046692,1.0,480.3724277140481,4.1574609966768765,1.6250000000000002,0.022925967028101762,1.625,0.0,0.022917651,1.0
3.870408682082181,0.9283603688309033,1.0,480.7541392432216,4.157024707028409,1.6260000000000003,0.022925966970561908,1.6260000000000001,0.0,0.022917651,1.0
3.8705465882924583,0.929612799373878,1.0,481.13655764928865,4.156587190081105,1.6270000000000002,0.022925966913022056,1.627,0.0,0.022917651,1.0
3.8706842706195683,0.9308655675353024,1.0,481.5196863017563,4.156148439984738,1.628,0.02292596685548221,1.6280000000000001,0.0,0.022917651,1.0
3.870821727994617,0.9321186749270801,1.0,481.90352859158014,4.155708450851838,1.629,0.022925966797942357,1.629,0.0,0.022917651,1.0
3.8709589593418956,0.9333721231713937,1.0,482.28808793133703,4.155267216757397,1.6300000000000001,0.02292596674040251,1.6300000000000001,0.0,0.022917651,1.0
3.871095963578825,0.9346259139007838,1.0,482.6733677553965,4.154824731738568,1.6309999999999998,0.022925966682862654,1.631,0.0,0.022917651,1.0
3.871232739615902,0.9358800487582344,1.0,483.05937152009534,4.154380989794368,1.6320000000000001,0.022925966625322803,1.6320000000000001,0.0,0.022917651,1.0
3.8713692863566442,0.9371345293972547,1.0,483.44610270391405,4.153935984885361,1.6329999999999998,0.02292596656778295,1.633,0.0,0.022917651,1.0
3.8715056026975314,0.9383893574819644,1.0,483.8335648076537,4.153489710933365,1.6340000000000001,0.0229259665102431,1.6340000000000001,0.0,0.022917651,1.0
3.871641687527953,0.9396445346871788,1.0,484.2217613546153,4.153042161821127,1.6350000000000002,0.02292596645270325,1.635,0.0,0.022917651,1.0
3.8717775397301475,0.9409000626984948,1.0,484.61069589078164,4.1525933313920165,1.6360000000000001,0.0229259663951634,1.6360000000000001,0.0,0.022917651,1.0
3.871913158179148,0.9421559432123776,1.0,485.00037198499905,4.152143213449706,1.6370000000000002,0.022925966337623546,1.637,0.0,0.022917651,1.0
3.8720483315150145,0.9434123742584807,1.0,485.3911619462836,4.1516907647715815,1.6380000000000003,0.022925966280083695,1.6380000000000001,0.0,0.022917651,1.0
3.872182809227337,0.9446696075892023,1.0,485.7835127203747,4.151234731879093,1.6390000000000002,0.022925966222543843,1.639,0.0,0.022917651,1.0
3.872317052322864,0.9459272224046804,1.0,486.17662048996334,4.150777379068651,1.6400000000000003,0.022925966165003992,1.6400000000000001,0.0,0.022917651,1.0
3.8724510596946247,0.9471852205048384,1.0,486.5704888267101,4.150318700112609,1.641,0.02292596610746414,1.641,0.0,0.022917651,1.0
3.8725848302286745,0.9484436037009418,1.0,486.965121324781,4.149858688744085,1.6420000000000001,0.022925966049924286,1.6420000000000001,0.0,0.022917651,1.0
3.872718362804038,0.9497023738156855,1.0,487.360521601023,4.149397338656643,1.6430000000000002,0.022925965992384438,1.643,0.0,0.022917651,1.0
3.872851656292654,0.9509615326832859,1.0,487.7566932951451,4.1489346435039876,1.6440000000000001,0.022925965934844583,1.6440000000000001,0.0,0.022917651,1.0
3.8729847095593213,0.9522210821495709,1.0,488.15364006989813,4.148470596899649,1.6450000000000002,0.022925965877304732,1.645,0.0,0.022917651,1.0
3.873117521461638,0.953481024072073,1.0,488.5513656112577,4.148005192416657,1.6460000000000001,0.02292596581976488,1.6460000000000001,0.0,0.022917651,1.0
3.873250090849951,0.9547413603201211,1.0,488.9498736286087,4.147538423587229,1.647,0.02292596576222503,1.647,0.0,0.022917651,1.0
3.873382416567291,0.9560020927749358,1.0,489.3491678549313,4.14707028390244,1.6480000000000001,0.022925965704685178,1.6480000000000001,0.0,0.022917651,1.0
3.8735144974493183,0.9572632233297215,1.0,489.74925204698854,4.1466007668118925,1.6490000000000002,0.022925965647145326,1.649,0.0,0.022917651,1.0
3.8736463323242636,0.9585247538897653,1.0,490.15012998551686,4.146129865723394,1.65,0.022925965589605475,1.6500000000000001,0.0,0.022917651,1.0
3.8737779200128677,0.9597866863725306,1.0,490.5518054754168,4.145657574002615,1.651,0.022925965532065624,1.651,0.0,0.022917651,1.0
3.8739092593283226,0.9610490227077572,1.0,490.954282345947,4.1451838849727585,1.6520000000000004,0.022925965474525772,1.6520000000000001,0.0,0.022917651,1.0
3.874040349076211,0.9623117648375565,1.0,491.3575644509185,4.14470879191421,1.653,0.022925965416985918,1.653,0.0,0.022917651,1.0
3.8741708724187247,0.9635749218272154,1.0,491.7621082218139,4.144231018204885,1.654,0.02292596535944607,1.6540000000000001,0.0,0.022917651,1.0
3.874300668921402,0.9648384968620143,1.0,492.16814177322243,4.143749918760878,1.655,0.02292596530190622,1.655,0.0,0.022917651,1.0
3.874430205655822,0.9661024803654371,1.0,492.5749958634041,4.14326737172574,1.6560000000000001,0.022925965244366367,1.6560000000000001,0.0,0.022917651,1.0
3.8745594813502686,0.9673668743371754,1.0,492.9826745093732,4.142783370012672,1.657,0.022925965186826512,1.657,0.0,0.022917651,1.0
3.874688494724711,0.968631680789995,1.0,493.3911817544081,4.142297906488539,1.6580000000000004,0.022925965129286664,1.6580000000000001,0.0,0.022917651,1.0
3.874817244490736,0.9698969017498422,1.0,493.8005216682653,4.141810973973491,1.659,0.02292596507174681,1.659,0.0,0.022917651,1.0
3.8749457293514764,0.971162539255954,1.0,494.2106983473977,4.1413225652405865,1.6600000000000004,0.02292596501420696,1.6600000000000001,0.0,0.022917651,1.0
3.875073948001547,0.9724285953609642,1.0,494.62171591517273,4.140832673015395,1.661,0.022925964956667107,1.661,0.0,0.022917651,1.0
3.8752018991269703,0.9736950721310169,1.0,495.0335785220947,4.1403412899756145,1.6620000000000004,0.022925964899127255,1.6620000000000001,0.0,0.022917651,1.0
3.875329581405107,0.9749619716458746,1.0,495.44629034602747,4.139848408750676,1.663,0.022925964841587404,1.663,0.0,0.022917651,1.0
3.875456993504586,0.9762292959990336,1.0,495.8598555924214,4.139354021921338,1.6640000000000004,0.022925964784047556,1.6640000000000001,0.0,0.022917651,1.0
3.87558413408523,0.9774970472978355,1.0,496.2742784945404,4.138858122019298,1.665,0.0229259647265077,1.665,0.0,0.022917651,1.0
3.8757110017979826,0.978765227663582,1.0,496.6895633136925,4.13836070152677,1.6660000000000001,0.02292596466896785,1.666,0.0,0.022917651,1.0
3.875837595284835,0.9800338392316523,1.0,497.10571433946313,4.137861752876088,1.667,0.022925964611428,1.667,0.0,0.022917651,1.0
3.8759639131787536,0.9813028841516183,1.0,497.522735889949,4.137361268449281,1.668,0.022925964553888147,1.668,0.0,0.022917651,1.0
3.876089590865731,0.9825724641147424,1.0,497.9412333315861,4.136857688738626,1.6690000000000005,0.022925964496348296,1.669,0.0,0.022917651,1.0
3.87621463814877,0.983842580404573,1.0,498.36119191268625,4.136351051709782,1.6700000000000002,0.02292596443880844,1.67,0.0,0.022917651,1.0
3.876339402778744,0.985113140257255,1.0,498.78203812335204,4.135842840533723,1.6709999999999998,0.022925964381268593,1.671,0.0,0.022917651,1.0
3.876463883344953,0.9863841458865744,1.0,499.2037763936715,4.135333047354005,1.6720000000000002,0.022925964323728742,1.672,0.0,0.022917651,1.0
3.8765880784272966,0.9876555995210751,1.0,499.6264111832627,4.1348216642618185,1.6729999999999998,0.022925964266188887,1.673,0.0,0.022917651,1.0
3.87671198659619,0.9889275034041793,1.0,500.049946981519,4.134308683295545,1.6740000000000002,0.022925964208649036,1.674,0.0,0.022917651,1.0
3.8768356064124876,0.9901998597943135,1.0,500.474388307859,4.133794096440322,1.6750000000000003,0.022925964151109188,1.675,0.0,0.022917651,1.0
3.876958936427405,0.9914726709650337,1.0,500.89973971197713,4.133277895627593,1.676,0.022925964093569333,1.676,0.0,0.022917651,1.0
3.8770819751824344,0.9927459392051525,1.0,501.32600577409846,4.132760072734658,1.6769999999999998,0.022925964036029485,1.677,0.0,0.022917651,1.0
3.877204721209263,0.9940196668188666,1.0,501.7531911052342,4.132240619584221,1.6779999999999997,0.02292596397848963,1.678,0.0,0.022917651,1.0
3.8773271730296948,0.9952938561258876,1.0,502.1813003474419,4.131719527943926,1.6790000000000003,0.022925963920949782,1.679,0.0,0.022917651,1.0
3.877449329155563,0.9965685094615708,1.0,502.6103381740861,4.131196789525897,1.6800000000000002,0.02292596386340993,1.68,0.0,0.022917651,1.0
3.877571188088646,0.9978436291770498,1.0,503.0403092901037,4.130672395986266,1.6810000000000003,0.022925963805870076,1.681,0.0,0.022917651,1.0
3.8776927483205856,0.9991192176393677,1.0,503.47121843227046,4.130146338924703,1.682,0.022925963748330225,1.682,0.0,0.022917651,1.0
3.87781359896386,1.00039535767383,1.0,503.9036979058968,4.129616891498974,1.6829999999999998,0.022925963690790373,1.683,0.0,0.022917651,1.0
3.877933757997016,1.0016720465843498,1.0,504.3377222437547,4.129084128340118,1.684,0.022925963633250522,1.684,0.0,0.022917651,1.0
3.878053610864802,1.0029492103120716,1.0,504.77270291724545,4.128549665727047,1.6850000000000003,0.02292596357571067,1.685,0.0,0.022917651,1.0
3.8781731560189177,1.0042268512581805,1.0,505.20864476262767,4.128013495065502,1.6860000000000002,0.02292596351817082,1.686,0.0,0.022917651,1.0
3.8782923919006063,1.0055049718400795,1.0,505.6455526488247,4.127475607703167,1.6870000000000003,0.022925963460630968,1.687,0.0,0.022917651,1.0
3.878411316940563,1.0067835744915266,1.0,506.08343147770074,4.126935994929201,1.688,0.022925963403091113,1.688,0.0,0.022917651,1.0
3.8785299295588502,1.0080626616627735,1.0,506.52228618434054,4.126394647973717,1.689,0.022925963345551265,1.689,0.0,0.022917651,1.0
3.8786482281648023,1.0093422358207054,1.0,506.9621217373303,4.1258515580073025,1.6900000000000002,0.022925963288011414,1.69,0.0,0.022917651,1.0
3.878766211156938,1.0106222994489829,1.0,507.4029431390435,4.1253067161405,1.691,0.02292596323047156,1.691,0.0,0.022917651,1.0
3.8788838769228677,1.0119028550481837,1.0,507.84475542592764,4.124760113423299,1.6920000000000002,0.02292596317293171,1.692,0.0,0.022917651,1.0
3.8790012238391998,1.0131839051359488,1.0,508.28756366879577,4.124211740844625,1.693,0.022925963115391856,1.693,0.0,0.022917651,1.0
3.8791182502714476,1.0144654522471255,1.0,508.73137297311916,4.1236615893318085,1.694,0.02292596305785201,1.694,0.0,0.022917651,1.0
3.8792349545739313,1.0157474989339181,1.0,509.1761884793247,4.123109649750066,1.695,0.022925963000312157,1.695,0.0,0.022917651,1.0
3.879351052016658,1.017030113267167,1.0,509.62244013847646,4.122554714412401,1.696,0.022925962942772302,1.696,0.0,0.022917651,1.0
3.8794662643718563,1.018313368571446,1.0,510.0705459570692,4.121995596362576,1.697,0.022925962885232454,1.697,0.0,0.022917651,1.0
3.8795811425418876,1.019597142993636,1.0,510.5196809121024,4.121434622402316,1.698,0.0229259628276926,1.698,0.0,0.022917651,1.0
3.8796956847725963,1.0208814392586116,1.0,510.9698504055617,4.120871782789859,1.699,0.022925962770152748,1.699,0.0,0.022917651,1.0
3.879809889297531,1.0221662601103512,1.0,511.4210598773058,4.120307067715143,1.7,0.022925962712612897,1.7,0.0,0.022917651,1.0
3.879917252585034,1.023373754155187,1.0,511.80061214568354,4.119777260625915,1.7009999999999998,0.02292596278823403,1.701,0.0,0.022917651,1.0
3.880024336363386,1.024581679971135,1.0,512.1810533418831,4.11924590374629,1.702,0.022925962863855166,1.702,0.0,0.022917651,1.0
3.880131139468902,1.025790039355794,1.0,512.5623871667901,4.118712990624006,1.703,0.022925962939476303,1.703,0.0,0.022917651,1.0
3.8802376607314306,1.026998834116754,1.0,512.9446173418623,4.118178514770933,1.7039999999999997,0.022925963015097438,1.704,0.0,0.022917651,1.0
3.8803438989743038,1.0282080660716697,1.0,513.3277476092736,4.117642469662824,1.705,0.022925963090718576,1.705,0.0,0.022917651,1.0
3.8804498530142952,1.0294177370483253,1.0,513.7117817320568,4.117104848739064,1.7059999999999997,0.022925963166339706,1.706,0.0,0.022917651,1.0
3.8805555216615755,1.0306278488847094,1.0,514.0967234942515,4.116565645402416,1.707,0.022925963241960844,1.707,0.0,0.022917651,1.0
3.8806609037196638,1.0318384034290833,1.0,514.4825767010489,4.116024853018765,1.708,0.022925963317581982,1.708,0.0,0.022917651,1.0
3.880765237693068,1.033049643530131,1.0,514.8704093520249,4.115479184059074,1.709,0.022925963393203116,1.709,0.0,0.022917651,1.0
3.8808691341581847,1.034261370364835,1.0,515.2593443922194,4.114931278565996,1.7100000000000004,0.02292596346882425,1.71,0.0,0.022917651,1.0
3.8809727248424806,1.0354735431778301,1.0,515.6491976263263,4.114381703973832,1.7110000000000003,0.022925963544445385,1.711,0.0,0.022917651,1.0
3.8810760083794706,1.0366861639621223,1.0,516.0399731576083,4.113830452823642,1.712,0.02292596362006652,1.712,0.0,0.022917651,1.0
3.8811789833945163,1.0378992347226117,1.0,516.431675113814,4.113277517611977,1.713,0.022925963695687657,1.713,0.0,0.022917651,1.0
3.88128164850476,1.0391127574761785,1.0,516.8243076473602,4.112722890790547,1.714,0.022925963771308788,1.714,0.0,0.022917651,1.0
3.881384002319071,1.0403267342517755,1.0,517.2178749355172,4.1121665647658805,1.715,0.02292596384692993,1.715,0.0,0.022917651,1.0
3.8814860434379765,1.0415411670905161,1.0,517.6123811805942,4.111608531898991,1.716,0.02292596392255106,1.716,0.0,0.022917651,1.0
3.8815877704536064,1.042756058045769,1.0,518.0078306101277,4.111048784505036,1.717,0.02292596399817219,1.717,0.0,0.022917651,1.0
3.8816891819496244,1.0439714091832466,1.0,518.4042274770707,4.110487314852969,1.7180000000000002,0.022925964073793336,1.718,0.0,0.022917651,1.0
3.8817902765011647,1.0451872225810996,1.0,518.8015760599849,4.109924115165189,1.719,0.022925964149414467,1.719,0.0,0.022917651,1.0
3.8818910526747703,1.0464035003300103,1.0,519.1998806632323,4.1093591776172,1.7200000000000002,0.02292596422503561,1.72,0.0,0.022917651,1.0
3.881991635365471,1.0476266189636971,1.0,519.6002212869535,4.108786626740544,1.721,0.022925964300656736,1.721,0.0,0.022917651,1.0
3.8820918751812843,1.0488503831345612,1.0,520.0015812513674,4.108212058874731,1.7219999999999998,0.022925964376277874,1.722,0.0,0.022917651,1.0
3.882191763659344,1.0500744816427086,1.0,520.4039129785252,4.107635751295285,1.7230000000000005,0.02292596445189901,1.723,0.0,0.022917651,1.0
3.8822912991177936,1.0512989160886124,1.0,520.8072211202582,4.107057695674189,1.724,0.02292596452752014,1.724,0.0,0.022917651,1.0
3.8823904798640276,1.0525236880829778,1.0,521.2115103581364,4.1064778836301885,1.7250000000000003,0.02292596460314128,1.725,0.0,0.022917651,1.0
3.882489304194601,1.0537487992468237,1.0,521.6167854037059,4.105896306728365,1.726,0.022925964678762414,1.726,0.0,0.022917651,1.0
3.882587770395145,1.0549742512115656,1.0,522.0230509987304,4.1053129564796995,1.727,0.02292596475438355,1.727,0.0,0.022917651,1.0
3.882685876740276,1.056200045619097,1.0,522.4303119154325,4.104727824340647,1.7280000000000002,0.022925964830004687,1.728,0.0,0.022917651,1.0
3.882783621493511,1.0574261841218773,1.0,522.8385729567399,4.104140901712689,1.729,0.022925964905625817,1.729,0.0,0.022917651,1.0
3.8828810029071774,1.058652668383014,1.0,523.2478389565315,4.103552179941894,1.73,0.022925964981246952,1.73,0.0,0.022917651,1.0
3.88297801922232,1.0598795000763495,1.0,523.6581147798886,4.10296165031848,1.731,0.022925965056868086,1.731,0.0,0.022917651,1.0
3.8830730575229064,1.0611023641752237,1.0,524.0701984591755,4.102367175805377,1.732,0.02292596513248922,1.732,0.0,0.022917651,1.0
3.8831665818843732,1.0623225797225926,1.0,524.4839007356273,4.10176929380825,1.733,0.02292596520811036,1.733,0.0,0.022917651,1.0
3.8832597809293308,1.063543355924554,1.0,524.898649618282,4.101169549915015,1.734,0.022925965283731496,1.734,0.0,0.022917651,1.0
3.88335265330595,1.0647646951108687,1.0,525.3144494562382,4.100567936388699,1.735,0.02292596535935263,1.735,0.0,0.022917651,1.0
3.883445197654901,1.0659865996242233,1.0,525.7313046227239,4.099964445449394,1.7360000000000002,0.022925965434973765,1.736,0.0,0.022917651,1.0
3.8835374126093005,1.0672090718203209,1.0,526.1492195152649,4.09935906927397,1.737,0.0229259655105949,1.737,0.0,0.022917651,1.0
3.8836292967946613,1.0684321140679702,1.0,526.5681985558535,4.0987517999957745,1.738,0.022925965586216034,1.738,0.0,0.022917651,1.0
3.883720848828838,1.069655728749178,1.0,526.9882461911191,4.098142629704321,1.7390000000000003,0.02292596566183717,1.739,0.0,0.022917651,1.0
3.883812067321974,1.0708799182592408,1.0,527.4093668924987,4.097531550444994,1.7399999999999998,0.022925965737458306,1.74,0.0,0.022917651,1.0
3.883902950876449,1.0721046850068376,1.0,527.8315651564127,4.09691855421873,1.7410000000000005,0.022925965813079444,1.741,0.0,0.022917651,1.0
3.8839934980868196,1.0733300314141234,1.0,528.2548455044374,4.0963036329817175,1.742,0.022925965888700578,1.742,0.0,0.022917651,1.0
3.8840830190636164,1.074556786948725,1.0,528.6803258965849,4.095683196892943,1.7430000000000003,0.022925965964321712,1.743,0.0,0.022917651,1.0
3.8841720872007595,1.075784212510392,1.0,529.1070543166956,4.095060279317728,1.7439999999999998,0.02292596603994285,1.744,0.0,0.022917651,1.0
3.8842607954865107,1.077012193632597,1.0,529.5348809165637,4.094435366788288,1.745,0.022925966115563984,1.745,0.0,0.022917651,1.0
3.884349142316201,1.078240732792721,1.0,529.9638105932461,4.0938084504086225,1.7460000000000002,0.022925966191185122,1.746,0.0,0.022917651,1.0
3.8844371260756114,1.0794698324828995,1.0,530.3938482729584,4.093179521229766,1.7470000000000003,0.02292596626680625,1.747,0.0,0.022917651,1.0
3.8845247451408915,1.0806994952101272,1.0,530.8249989112941,4.092548570249383,1.7480000000000002,0.022925966342427388,1.748,0.0,0.022917651,1.0
3.8846119978784968,1.081929723496373,1.0,531.2572674934424,4.091915588411374,1.749,0.022925966418048525,1.749,0.0,0.022917651,1.0
3.88469888264511,1.083160519878689,1.0,531.6906590344104,4.091280566605476,1.7500000000000002,0.02292596649366966,1.75,0.0,0.022917651,1.0
3.88478539778757,1.0843918869093265,1.0,532.1251785792455,4.090643495666847,1.751,0.022925966569290794,1.7510000000000001,0.0,0.022917651,1.0
3.8848715416427995,1.0856238271558458,1.0,532.5608312032615,4.090004366375672,1.752,0.02292596664491193,1.752,0.0,0.022917651,1.0
3.8849566303409238,1.0868563656223977,1.0,532.9984557128447,4.0893604173723075,1.7530000000000001,0.022925966720533063,1.7530000000000001,0.0,0.022917651,1.0
3.885040914021296,1.088089498961637,1.0,533.4377492510632,4.088712652867781,1.7540000000000002,0.0229259667961542,1.754,0.0,0.022917651,1.0
3.885124819518868,1.0893232162388358,1.0,533.8781931882614,4.088062791682759,1.7550000000000001,0.022925966871775335,1.7550000000000001,0.0,0.022917651,1.0
3.8852083451474746,1.0905575200575364,1.0,534.3197926536022,4.087410824468991,1.756,0.02292596694739647,1.756,0.0,0.022917651,1.0
3.8852914892109145,1.091792413036783,1.0,534.7625528067866,4.08675674182257,1.7570000000000001,0.022925967023017607,1.7570000000000001,0.0,0.022917651,1.0
3.885374250002869,1.0930278978112347,1.0,535.2064788382793,4.08610053428352,1.7580000000000002,0.02292596709863874,1.758,0.0,0.022917651,1.0
3.885456625806835,1.094263977031284,1.0,535.6515759695404,4.085442192335375,1.7590000000000001,0.022925967174259876,1.7590000000000001,0.0,0.022917651,1.0
3.8855386148960394,1.0955006533631735,1.0,536.0978494532558,4.084781706404756,1.76,0.02292596724988101,1.76,0.0,0.022917651,1.0
3.88562021553337,1.0967379294891144,1.0,536.5453045735711,4.084119066860949,1.7610000000000003,0.022925967325502145,1.7610000000000001,0.0,0.022917651,1.0
3.8857014259712948,1.0979758081074067,1.0,536.993946646328,4.0834542640154705,1.7620000000000002,0.02292596740112328,1.762,0.0,0.022917651,1.0
3.885781550218541,1.099213893989249,1.0,537.445071504777,4.082784911897909,1.7630000000000001,0.022925967476744417,1.7630000000000001,0.0,0.022917651,1.0
3.885861082874122,1.1004525059657735,1.0,537.897724749674,4.082112668109283,1.7640000000000002,0.022925967552365555,1.764,0.0,0.022917651,1.0
3.885940203705834,1.1016917548834968,1.0,538.3515699178178,4.081438140152208,1.7650000000000003,0.02292596762798669,1.7650000000000001,0.0,0.022917651,1.0
3.8860189107467553,1.1029316437845302,1.0,538.8066127019833,4.0807613171172115,1.7660000000000005,0.022925967703607823,1.766,0.0,0.022917651,1.0
3.886097202017417,1.104172175730389,1.0,539.2628588312566,4.080082188025231,1.7670000000000001,0.022925967779228958,1.7670000000000001,0.0,0.022917651,1.0
3.8861750755257045,1.105413353802146,1.0,539.7203140713236,4.079400741827067,1.7680000000000002,0.022925967854850092,1.768,0.0,0.022917651,1.0
3.886252529266758,1.1066551811005898,1.0,540.1789842247632,4.078716967402819,1.7690000000000003,0.02292596793047123,1.7690000000000001,0.0,0.022917651,1.0
3.8863295612228663,1.107897660746381,1.0,540.6388751313431,4.07803085356132,1.77,0.022925968006092364,1.77,0.0,0.022917651,1.0
3.886406169363368,1.1091407958802144,1.0,541.0999926683182,4.077342389039564,1.7710000000000001,0.022925968081713502,1.7710000000000001,0.0,0.022917651,1.0
3.886481883923789,1.1103849236021544,1.0,541.5636612357396,4.07664935677681,1.772,0.022925968157334636,1.772,0.0,0.022917651,1.0
3.886556301185824,1.111630300255747,1.0,542.030920049369,4.075949884663765,1.773,0.022925968232955767,1.7730000000000001,0.0,0.022917651,1.0
3.8866302891178215,1.1128762914256716,1.0,542.4992742608932,4.075248080612142,1.774,0.0229259683085769,1.774,0.0,0.022917651,1.0
3.8867038457308305,1.1141228999587898,1.0,542.9687289449463,4.074543933818803,1.7750000000000004,0.02292596838419804,1.7750000000000001,0.0,0.022917651,1.0
3.886776969023594,1.1153701287195734,1.0,543.4392892075558,4.073837433413776,1.776,0.022925968459819174,1.776,0.0,0.022917651,1.0
3.8868496569824575,1.1166179805902445,1.0,543.9109601863867,4.073128568459741,1.7770000000000001,0.022925968535440308,1.7770000000000001,0.0,0.022917651,1.0
3.8869219075812693,1.1178664584709097,1.0,544.3837470509865,4.072417327951503,1.778,0.022925968611061446,1.778,0.0,0.022917651,1.0
3.886993718781285,1.1191155652797018,1.0,544.8576550030332,4.071703700815464,1.7790000000000001,0.022925968686682577,1.7790000000000001,0.0,0.022917651,1.0
3.88706508853107,1.1203653039529182,1.0,545.3326892765849,4.070987675909098,1.78,0.022925968762303718,1.78,0.0,0.022917651,1.0
3.887135887694309,1.121617531949616,1.0,545.8093727369499,4.070266880074027,1.7810000000000001,0.022925968837924852,1.7810000000000001,0.0,0.022917651,1.0
3.8872059887386747,1.122874258816699,1.0,546.2882703462323,4.069538794672707,1.782,0.022925968913545987,1.782,0.0,0.022917651,1.0
3.8872756590567774,1.1241316466511708,1.0,546.7683149683343,4.068808325488563,1.7830000000000001,0.02292596898916712,1.7830000000000001,0.0,0.022917651,1.0
3.887344896780016,1.125389698320474,1.0,547.2495115792854,4.068075462180147,1.784,0.022925969064788256,1.784,0.0,0.022917651,1.0
3.887413700028969,1.1266484167086621,1.0,547.7318651839395,4.067340194346108,1.7850000000000001,0.02292596914040939,1.7850000000000001,0.0,0.022917651,1.0
3.8874820669133103,1.1279078047165167,1.0,548.215380816184,4.066602511524751,1.786,0.022925969216030524,1.786,0.0,0.022917651,1.0
3.8875499955317325,1.1291678652616743,1.0,548.7000635391519,4.065862403193607,1.7870000000000001,0.022925969291651662,1.7870000000000001,0.0,0.022917651,1.0
3.8876174839718662,1.130428601278745,1.0,549.185918445432,4.065119858768988,1.788,0.0229259693672728,1.788,0.0,0.022917651,1.0
3.887684530310201,1.1316900157194378,1.0,549.6729506572859,4.064374867605539,1.7890000000000001,0.022925969442893934,1.7890000000000001,0.0,0.022917651,1.0
3.887748790709854,1.1329485098907202,1.0,550.1674768549225,4.063621650327822,1.79,0.02292596951851507,1.79,0.0,0.022917651,1.0
3.887811157175522,1.1342055664128499,1.0,550.6672117005764,4.062862293245251,1.7910000000000001,0.022925969594136206,1.7910000000000001,0.0,0.022917651,1.0
3.8878730413752636,1.135463387751937,1.0,551.1683788567129,4.062100242176726,1.792,0.02292596966975734,1.792,0.0,0.022917651,1.0
3.8879344409922574,1.1367219775821868,1.0,551.6709852041967,4.061335484180252,1.793,0.022925969745378475,1.793,0.0,0.022917651,1.0
3.88799535369482,1.1379813396013767,1.0,552.1750376680378,4.060568006230806,1.794,0.022925969820999606,1.794,0.0,0.022917651,1.0
3.888055777136283,1.1392414775310455,1.0,552.6805432177457,4.059797795219663,1.7950000000000002,0.022925969896620744,1.795,0.0,0.022917651,1.0
3.8881157089548735,1.1405023951166853,1.0,553.1875088676884,4.0590248379537295,1.796,0.022925969972241878,1.796,0.0,0.022917651,1.0
3.8881751467735954,1.1417640961279327,1.0,553.6959416774524,4.0582491211548595,1.797,0.022925970047863013,1.797,0.0,0.022917651,1.0
3.8882333921079595,1.1430257007509912,1.0,554.2069951371344,4.057468732206184,1.798,0.02292597012348415,1.798,0.0,0.022917651,1.0
3.888290159839491,1.1442867945335038,1.0,554.7211275575401,4.056682945735937,1.799,0.022925970199105285,1.799,0.0,0.022917651,1.0
3.8883463939869913,1.1455485584234835,1.0,555.236781601643,4.055894354836141,1.8000000000000003,0.02292597027472642,1.8,0.0,0.022917651,1.0
3.888401846174701,1.1467168845546052,1.0,555.6299704368449,4.0551826489552205,1.8010000000000002,0.02292597023719052,1.801,0.0,0.022917651,1.0
3.888456913690078,1.1478858597123747,1.0,556.0242168076012,4.054468755361639,1.802,0.022925970199654616,1.802,0.0,0.022917651,1.0
3.888511594785818,1.1490554868448777,1.0,556.4195255175772,4.053752664118104,1.8030000000000002,0.022925970162118718,1.803,0.0,0.022917651,1.0
3.8885658877040177,1.1502257689180846,1.0,556.8159013995764,4.053034365227046,1.8040000000000003,0.02292597012458282,1.804,0.0,0.022917651,1.0
3.888619790676093,1.151396708915982,1.0,557.21334931576,4.052313848630163,1.8050000000000002,0.022925970087046915,1.805,0.0,0.022917651,1.0
3.888673301922703,1.152568309840712,1.0,557.6118741578711,4.05159110420796,1.806,0.02292597004951101,1.806,0.0,0.022917651,1.0
3.888725196985571,1.1537404122405874,1.0,558.0129560593466,4.050861392064177,1.807,0.022925970011975112,1.807,0.0,0.022917651,1.0
3.8887764647211913,1.1549129979392698,1.0,558.4154146042126,4.05012868713504,1.808,0.022925969974439218,1.808,0.0,0.022917651,1.0
3.8888272801351147,1.156086082551036,1.0,558.8190425012436,4.049393674055731,1.809,0.022925969936903313,1.809,0.0,0.022917651,1.0
3.8888776408928027,1.1572596686508922,1.0,559.2238457857375,4.048656340913345,1.8100000000000003,0.02292596989936741,1.81,0.0,0.022917651,1.0
3.888927544643625,1.1584337588315956,1.0,559.6298305345961,4.047916675712867,1.811,0.022925969861831513,1.811,0.0,0.022917651,1.0
3.88897698902072,1.1596083557038073,1.0,560.0370028666849,4.047174666376444,1.8119999999999998,0.02292596982429561,1.812,0.0,0.022917651,1.0
3.8890259716408533,1.1607834618962465,1.0,560.4453689431957,4.0464303007426805,1.8129999999999997,0.02292596978675971,1.813,0.0,0.022917651,1.0
3.8890744901042753,1.1619590800558488,1.0,560.8549349680137,4.045683566565908,1.814,0.022925969749223812,1.814,0.0,0.022917651,1.0
3.8891219513729047,1.1631352699946234,1.0,561.2664591029575,4.044932032685099,1.8150000000000002,0.022925969711687907,1.815,0.0,0.022917651,1.0
3.889168013215688,1.1643120594015033,1.0,561.680383663271,4.044174302900476,1.8160000000000003,0.022925969674152006,1.816,0.0,0.022917651,1.0
3.8892136081208326,1.1654893569248963,1.0,562.0955261628794,4.043414197223753,1.817,0.022925969636616108,1.817,0.0,0.022917651,1.0
3.889258733734191,1.1666671651265619,1.0,562.5118927422376,4.042651703676455,1.818,0.022925969599080206,1.818,0.0,0.022917651,1.0
3.889303387685764,1.1678454865855075,1.0,562.9294895831468,4.041886810199447,1.8190000000000002,0.022925969561544305,1.819,0.0,0.022917651,1.0
3.889347567589565,1.169024323898137,1.0,563.3483229091042,4.041119504652257,1.8200000000000003,0.022925969524008407,1.82,0.0,0.022917651,1.0
3.88939127104349,1.1702036796783952,1.0,563.7683989856546,4.040349774812389,1.8210000000000004,0.02292596948647251,1.821,0.0,0.022917651,1.0
3.889434495629175,1.1713835565579185,1.0,564.1897241207464,4.039577608374629,1.822,0.0229259694489366,1.822,0.0,0.022917651,1.0
3.889476985052851,1.1725652268830136,1.0,564.6126524730672,4.038800707301735,1.8229999999999997,0.022925969411400703,1.823,0.0,0.022917651,1.0
3.889518280295673,1.173750864771502,1.0,565.0378084611912,4.038015060538764,1.8240000000000003,0.022925969373864805,1.824,0.0,0.022917651,1.0
3.889559075637579,1.17493692236351,1.0,565.4642395078938,4.037226994519291,1.8249999999999997,0.0229259693363289,1.825,0.0,0.022917651,1.0
3.88959936853316,1.1761234017960953,1.0,565.8919521055502,4.036436496924885,1.8260000000000003,0.022925969298792995,1.826,0.0,0.022917651,1.0
3.889639156419698,1.1773103052208478,1.0,566.3209527906871,4.035643555353342,1.827,0.022925969261257097,1.827,0.0,0.022917651,1.0
3.8896784367170176,1.1784976348040146,1.0,566.7512481443601,4.034848157317974,1.828,0.0229259692237212,1.828,0.0,0.022917651,1.0
3.889717206827335,1.179685392726625,1.0,567.1828447925326,4.034050290246883,1.829,0.022925969186185297,1.829,0.0,0.022917651,1.0
3.8897554641351118,1.1808735811846174,1.0,567.6157494064598,4.033249941482238,1.83,0.022925969148649396,1.83,0.0,0.022917651,1.0
3.889791491922091,1.1820588657850852,1.0,568.0506676026204,4.0324435792411375,1.8310000000000002,0.022925969111113494,1.831,0.0,0.022917651,1.0
3.889825009814123,1.1832407908925908,1.0,568.4877472067548,4.031630537711072,1.832,0.022925969073577593,1.832,0.0,0.022917651,1.0
3.889858046512473,1.1844233434399967,1.0,568.9261767222376,4.0308149439143515,1.8330000000000002,0.022925969036041695,1.833,0.0,0.022917651,1.0
3.8898905997972837,1.1856065263218254,1.0,569.3659623765144,4.029996786076794,1.8339999999999999,0.022925968998505797,1.834,0.0,0.022917651,1.0
3.8899226674350267,1.1867903424504294,1.0,569.8071104353941,4.029176052351684,1.8350000000000002,0.022925968960969892,1.835,0.0,0.022917651,1.0
3.8899542471783897,1.1879747947561314,1.0,570.2496272033453,4.028352730819212,1.836,0.022925968923433994,1.836,0.0,0.022917651,1.0
3.8899853367661756,1.1891598861873613,1.0,570.693519023795,4.027526809485914,1.8370000000000004,0.022925968885898092,1.837,0.0,0.022917651,1.0
3.8900158769958093,1.19034564533686,1.0,571.1388633720228,4.026698022886743,1.838,0.02292596884836219,1.838,0.0,0.022917651,1.0
3.8900450123511727,1.1915324386976331,1.0,571.5867167115507,4.025862581620896,1.839,0.022925968810826293,1.839,0.0,0.022917651,1.0
3.8900736233846738,1.192719853545115,1.0,572.0359692665057,4.025024421653834,1.84,0.022925968773290388,1.84,0.0,0.022917651,1.0
3.890101707508353,1.193907892946853,1.0,572.4866279431651,4.024183529566532,1.841,0.02292596873575449,1.841,0.0,0.022917651,1.0
3.890129262117192,1.195096559990616,1.0,572.9386996933329,4.02333989185151,1.842,0.02292596869821859,1.842,0.0,0.022917651,1.0
3.89015628458897,1.19628585778456,1.0,573.392191514714,4.022493494912097,1.8430000000000002,0.022925968660682687,1.843,0.0,0.022917651,1.0
3.8901827722841262,1.1974757894573993,1.0,573.8471104512945,4.0216443250616996,1.8440000000000003,0.022925968623146786,1.844,0.0,0.022917651,1.0
3.8902087225456126,1.1986663581585728,1.0,574.3034635937245,4.020792368523054,1.845,0.022925968585610884,1.845,0.0,0.022917651,1.0
3.8902327404834702,1.1998573249453823,1.0,574.7625259122315,4.019932284397108,1.8459999999999999,0.022925968548074986,1.846,0.0,0.022917651,1.0
3.8902560393796866,1.201048909476537,1.0,575.2231980617275,4.019068706268904,1.8469999999999998,0.022925968510539088,1.847,0.0,0.022917651,1.0
3.890278785824051,1.2022411447176666,1.0,575.685333148406,4.01820226755848,1.8480000000000003,0.022925968473003183,1.848,0.0,0.022917651,1.0
3.8903009770549786,1.2034340339215266,1.0,576.1489384851697,4.017332953966412,1.849,0.022925968435467285,1.849,0.0,0.022917651,1.0
3.8903226102924453,1.204627580362591,1.0,576.6140214337437,4.016460751097811,1.85,0.02292596839793138,1.85,0.0,0.022917651,1.0
3.8903436827378384,1.2058217873372292,1.0,577.0805894050834,4.015585644461523,1.851,0.022925968360395482,1.851,0.0,0.022917651,1.0
3.890364191573797,1.2070166581638928,1.0,577.5486498597866,4.014707619469325,1.852,0.02292596832285958,1.852,0.0,0.022917651,1.0
3.890382413694352,1.2082119632023778,1.0,578.0196822028911,4.013820012877244,1.853,0.02292596828532368,1.853,0.0,0.022917651,1.0
3.890400018719461,1.2094079267938027,1.0,578.4922606048411,4.012929279321676,1.854,0.02292596824778778,1.854,0.0,0.022917651,1.0
3.890417043018061,1.2106045575458229,1.0,578.966359057772,4.01203555568169,1.8550000000000002,0.02292596821025188,1.855,0.0,0.022917651,1.0
3.890433483654868,1.2118018588306014,1.0,579.4419852447805,4.011138826843906,1.8560000000000003,0.02292596817271598,1.856,0.0,0.022917651,1.0
3.8904493376747857,1.212999834043065,1.0,579.9191469008298,4.010239077592918,1.857,0.02292596813518008,1.857,0.0,0.022917651,1.0
3.8904646021027345,1.2141984866010986,1.0,580.3978518131875,4.009336292610432,1.858,0.022925968097644175,1.858,0.0,0.022917651,1.0
3.8904786888556173,1.215397760896004,1.0,580.8785844795722,4.008428176126331,1.859,0.022925968060108277,1.859,0.0,0.022917651,1.0
3.8904908854484193,1.2165975896167465,1.0,581.3619262260617,4.007511946699044,1.86,0.022925968022572372,1.86,0.0,0.022917651,1.0
3.890502468810074,1.2177981059056315,1.0,581.8468398817706,4.006592576832067,1.861,0.022925967985036474,1.861,0.0,0.022917651,1.0
3.890513435770396,1.2189993133171426,1.0,582.3333335729099,4.005670050290445,1.862,0.022925967947500576,1.862,0.0,0.022917651,1.0
3.8905237831373083,1.2202012154303048,1.0,582.8214154817998,4.004744350727126,1.863,0.02292596790996467,1.863,0.0,0.022917651,1.0
3.8905335076966567,1.2214038158488987,1.0,583.3110938473559,4.003815461681986,1.864,0.022925967872428774,1.864,0.0,0.022917651,1.0
3.8905426062120174,1.2226071182016736,1.0,583.8023769655778,4.0028833665808605,1.8650000000000002,0.022925967834892872,1.865,0.0,0.022917651,1.0
3.8905498429259815,1.2238114700103144,1.0,584.2970994887722,4.001942770817568,1.8660000000000003,0.02292596779735697,1.866,0.0,0.022917651,1.0
3.8905562834597522,1.2250165327876943,1.0,584.7936526970974,4.000998278846205,1.8669999999999998,0.02292596775982107,1.867,0.0,0.022917651,1.0
3.890562080334825,1.2262222638978355,1.0,585.2918119856025,4.000050543899388,1.8679999999999999,0.02292596772228517,1.868,0.0,0.022917651,1.0
3.890567230198864,1.2274286668215824,1.0,585.7915857191578,3.9990995490868846,1.8690000000000002,0.022925967684749266,1.869,0.0,0.022917651,1.0
3.8905717296762115,1.228635745063995,1.0,586.2929823208231,3.9981452774009654,1.8699999999999999,0.022925967647213368,1.87,0.0,0.022917651,1.0
3.890575575367687,1.2298435021545584,1.0,586.796010272354,3.9971877117153833,1.871,0.022925967609677467,1.871,0.0,0.022917651,1.0
3.890577159093568,1.231055336881489,1.0,587.3101052490981,3.996217022299599,1.8720000000000003,0.02292596757214157,1.872,0.0,0.022917651,1.0
3.8905772856767156,1.2322696139960505,1.0,587.8305877931411,3.995238062773694,1.873,0.022925967534605667,1.873,0.0,0.022917651,1.0
3.890576755524204,1.2334846510645658,1.0,588.3527568954255,3.9942557163045636,1.8740000000000003,0.022925967497069762,1.874,0.0,0.022917651,1.0
3.890575565297832,1.2347004519498934,1.0,588.8766211287567,3.9932699656763124,1.875,0.022925967459533864,1.875,0.0,0.022917651,1.0
3.8905737116367396,1.2359170205411183,1.0,589.4021891241412,3.992280793556172,1.8760000000000001,0.022925967421997963,1.8760000000000001,0.0,0.022917651,1.0
3.8905711911572083,1.2371343607537713,1.0,589.9294695712788,3.9912881824935,1.8770000000000002,0.022925967384462065,1.877,0.0,0.022917651,1.0
3.890564835786178,1.2383458880456222,1.0,590.4620899870868,3.9902860461955285,1.8780000000000001,0.022925967346926163,1.8780000000000001,0.0,0.022917651,1.0
3.890556348409689,1.2395552145977355,1.0,590.9981630330675,3.9892775832121936,1.8790000000000002,0.022925967309390262,1.879,0.0,0.022917651,1.0
3.890547130760559,1.2407652809939422,1.0,591.5361013967694,3.9882654592383364,1.8800000000000001,0.02292596727185436,1.8800000000000001,0.0,0.022917651,1.0
3.8905371788546894,1.2419760912705586,1.0,592.07591525468,3.9872496543009395,1.8810000000000002,0.02292596723431846,1.881,0.0,0.022917651,1.0
3.8905264886789475,1.2431876494933172,1.0,592.6176148574478,3.986230148281432,1.8820000000000003,0.02292596719678256,1.8820000000000001,0.0,0.022917651,1.0
3.890515056190901,1.2443999597576323,1.0,593.1612105305579,3.9852069209143637,1.883,0.022925967159246656,1.883,0.0,0.022917651,1.0
3.890501202465315,1.2456130214776755,1.0,593.7083433375201,3.9841732552606213,1.8840000000000003,0.022925967121710758,1.8840000000000001,0.0,0.022917651,1.0
3.890486585750114,1.24682683868311,1.0,594.2573983178472,3.9831357821946294,1.885,0.022925967084174857,1.885,0.0,0.022917651,1.0
3.890471211876512,1.248041415502383,1.0,594.8083761964666,3.9820945209241603,1.8860000000000001,0.022925967046638955,1.8860000000000001,0.0,0.022917651,1.0
3.8904550767134007,1.2492567560800008,1.0,595.3612874648486,3.9810494507804983,1.887,0.022925967009103057,1.887,0.0,0.022917651,1.0
3.890438176099563,1.2504728645906773,1.0,595.9161426909258,3.980000550944296,1.8880000000000003,0.022925966971567156,1.8880000000000001,0.0,0.022917651,1.0
3.890419378791643,1.2516895874664038,1.0,596.473732455662,3.9789434494336664,1.8890000000000002,0.022925966934031254,1.889,0.0,0.022917651,1.0
3.8903985426573597,1.2529069117667087,1.0,597.0341620399621,3.9778775905460373,1.8900000000000001,0.022925966896495353,1.8900000000000001,0.0,0.022917651,1.0
3.8903769172779636,1.254125018049236,1.0,597.5965742450171,3.9768077926747214,1.891,0.02292596685895945,1.891,0.0,0.022917651,1.0
3.8903544983140965,1.2553439106134128,1.0,598.1609799714965,3.9757340341627465,1.8920000000000001,0.02292596682142355,1.8920000000000001,0.0,0.022917651,1.0
3.8903312813945328,1.2565635937902384,1.0,598.7273902001273,3.9746562931940908,1.8930000000000002,0.022925966783887648,1.893,0.0,0.022917651,1.0
3.8903069844523497,1.2577840044506297,1.0,599.2960485242074,3.9735735049876904,1.8940000000000003,0.02292596674635175,1.8940000000000001,0.0,0.022917651,1.0
3.8902801661576714,1.2590047947781484,1.0,599.868167898086,3.9724802539254074,1.895,0.02292596670881585,1.895,0.0,0.022917651,1.0
3.8902525312105993,1.2602263823747373,1.0,600.4423269812198,3.9713829390300965,1.8960000000000001,0.022925966671279947,1.8960000000000001,0.0,0.022917651,1.0
3.890224075116125,1.2614487716287146,1.0,601.0185370005524,3.9702815379336567,1.897,0.02292596663374405,1.897,0.0,0.022917651,1.0
3.8901947933461902,1.262671966960665,1.0,601.5968092655728,3.9691760281035258,1.8980000000000001,0.022925966596208148,1.8980000000000001,0.0,0.022917651,1.0
3.8901646813393835,1.2638959728237333,1.0,602.1771551690749,3.968066386841168,1.8990000000000002,0.022925966558672246,1.899,0.0,0.022917651,1.0
3.8901316529509513,1.2651199820494483,1.0,602.7611965606009,3.9669450771282198,1.9000000000000001,0.022925966521136345,1.9000000000000001,0.0,0.022917651,1.0
3.890120273864641,1.266248400277693,1.0,603.2451802535566,3.96599390868815,1.9010000000000002,0.022925966445240545,1.901,0.0,0.022917651,1.0
3.8901083554160065,1.2673776066612266,1.0,603.7306491787953,3.965039794683617,1.902,0.02292596636934474,1.9020000000000001,0.0,0.022917651,1.0
3.890095895750007,1.2685076039107668,1.0,604.2176084445069,3.9640827249838813,1.9029999999999998,0.022925966293448938,1.903,0.0,0.022917651,1.0
3.8900820369555893,1.2696382233641765,1.0,604.7066335167171,3.9631194339793865,1.9040000000000001,0.022925966217553138,1.9040000000000001,0.0,0.022917651,1.0
3.8900657724015146,1.2707692603510878,1.0,605.1983987355322,3.9621460967604185,1.905,0.022925966141657334,1.905,0.0,0.022917651,1.0
3.890048952236788,1.2719010851309471,1.0,605.6916752607818,3.961169749363515,1.9060000000000004,0.02292596606576153,1.9060000000000001,0.0,0.022917651,1.0
3.8900315745422303,1.2730337004249306,1.0,606.186468312787,3.960190381390989,1.9069999999999998,0.022925965989865727,1.907,0.0,0.022917651,1.0
3.890013637389816,1.274167108966763,1.0,606.6827831359399,3.9592079823972055,1.9080000000000001,0.022925965913969924,1.9080000000000001,0.0,0.022917651,1.0
3.88999315818265,1.2753007649170218,1.0,607.1821869411538,3.958215175727223,1.909,0.022925965838074124,1.909,0.0,0.022917651,1.0
3.8899717918138195,1.2764351306450745,1.0,607.6833848259757,3.957218111868547,1.9100000000000001,0.022925965762178317,1.9100000000000001,0.0,0.022917651,1.0
3.889949857733152,1.2775702979668389,1.0,608.1861291145112,3.95621797551514,1.9110000000000005,0.02292596568628252,1.911,0.0,0.022917651,1.0
3.8899273539882033,1.2787062696391118,1.0,608.6904251250644,3.9552147561002506,1.9120000000000001,0.022925965610386713,1.9120000000000001,0.0,0.022917651,1.0
3.8899029889822394,1.2798420375491362,1.0,609.1972084469218,3.954204294031545,1.913,0.022925965534490913,1.913,0.0,0.022917651,1.0
3.8898767466729165,1.2809776146990979,1.0,609.7064907636357,3.953186512224602,1.9140000000000004,0.02292596545859511,1.9140000000000001,0.0,0.022917651,1.0
3.8898499080836757,1.2821140168342404,1.0,610.2173508079064,3.9521655203732626,1.915,0.022925965382699306,1.915,0.0,0.022917651,1.0
3.889822471094825,1.2832512468872717,1.0,610.7297941883361,3.951141307066266,1.916,0.022925965306803506,1.9160000000000001,0.0,0.022917651,1.0
3.889794014974404,1.2843880459514385,1.0,611.2443861744761,3.9501134475432824,1.917,0.0229259652309077,1.917,0.0,0.022917651,1.0
3.889763585713329,1.2855216960726912,1.0,611.7624307276003,3.949080842022188,1.9180000000000001,0.022925965155011902,1.9180000000000001,0.0,0.022917651,1.0
3.8897325206240567,1.286656330775313,1.0,612.2821589418139,3.9480447085835215,1.9190000000000005,0.022925965079116095,1.919,0.0,0.022917651,1.0
3.8897008172832983,1.2877919538117746,1.0,612.8035772339435,3.947005033781565,1.9200000000000004,0.0229259650032203,1.92,0.0,0.022917651,1.0
3.889668229027957,1.2889289870227947,1.0,613.3277282059815,3.94596040933741,1.9209999999999998,0.022925964927324495,1.921,0.0,0.022917651,1.0
3.8896300973213958,1.2900752528245376,1.0,613.8742866831277,3.9448843827230706,1.922,0.022925964851428688,1.922,0.0,0.022917651,1.0
3.8895912660531216,1.2912223203717872,1.0,614.4226199608471,3.9438047560433334,1.923,0.022925964775532888,1.923,0.0,0.022917651,1.0
3.889551732415733,1.292370192882015,1.0,614.9727351615633,3.942721514850833,1.9240000000000002,0.022925964699637084,1.924,0.0,0.022917651,1.0
3.88951143879006,1.2935187600718168,1.0,615.5246872426961,3.941634538891681,1.9250000000000003,0.02292596462374128,1.925,0.0,0.022917651,1.0
3.889465339501443,1.2946575653709707,1.0,616.0828804387535,3.9405340965902313,1.9259999999999997,0.022925964547845477,1.926,0.0,0.022917651,1.0
3.8894185693294663,1.29579724196869,1.0,616.6428387766279,3.939430099631975,1.927,0.022925964471949677,1.927,0.0,0.022917651,1.0
3.8893711258104156,1.2969377930646815,1.0,617.2045687385258,3.938322534962991,1.928,0.022925964396053874,1.928,0.0,0.022917651,1.0
3.8893227923106473,1.2980793213806532,1.0,617.7682658657005,3.9372104336143576,1.9290000000000003,0.022925964320158067,1.929,0.0,0.022917651,1.0
3.8892718194185196,1.2992226106402338,1.0,618.3354758726624,3.936086016377411,1.9299999999999997,0.022925964244262267,1.93,0.0,0.022917651,1.0
3.889220152585659,1.30036673326769,1.0,618.9044837138302,3.9349579898803584,1.9309999999999998,0.022925964168366467,1.931,0.0,0.022917651,1.0
3.889167789233729,1.3015116923594,1.0,619.475296069057,3.9338263407129914,1.9319999999999997,0.022925964092470663,1.932,0.0,0.022917651,1.0
3.8891140860097413,1.3026562024021342,1.0,620.0485139824842,3.9326897824848417,1.933,0.02292596401657486,1.933,0.0,0.022917651,1.0
3.889057844395149,1.303797996180006,1.0,620.6252259410431,3.931545791140779,1.9340000000000002,0.022925963940679056,1.934,0.0,0.022917651,1.0
3.889000847649118,1.3049407483536988,1.0,621.2037663073024,3.9303978208436527,1.935,0.022925963864783253,1.935,0.0,0.022917651,1.0
3.8889430927158832,1.306084462801518,1.0,621.784142480213,3.9292458554919794,1.936,0.022925963788887456,1.936,0.0,0.022917651,1.0
3.88888240972203,1.3072299202733975,1.0,622.3672400374978,3.928080432408998,1.9370000000000003,0.022925963712991652,1.937,0.0,0.022917651,1.0
3.8888188153803567,1.308377060346124,1.0,622.9530867389833,3.9269016788895557,1.938,0.02292596363709585,1.938,0.0,0.022917651,1.0
3.888754485141742,1.3095250863707335,1.0,623.5408163569911,3.9257190958314507,1.939,0.022925963561200045,1.939,0.0,0.022917651,1.0
3.8886894162464465,1.310674001669701,1.0,624.1304359527868,3.924532668873246,1.94,0.022925963485304242,1.94,0.0,0.022917651,1.0
3.8886207588320385,1.3118232853191296,1.0,624.7241333213964,3.92333151835628,1.9410000000000003,0.022925963409408445,1.941,0.0,0.022917651,1.0
3.8885508190831404,1.3129733408525017,1.0,625.3201258670282,3.922124466400239,1.9420000000000002,0.022925963333512635,1.942,0.0,0.022917651,1.0
3.8884801259528716,1.314124267291962,1.0,625.9180115271995,3.9209135300066738,1.9430000000000003,0.022925963257616838,1.943,0.0,0.022917651,1.0
3.8884079060426675,1.3152756586570007,1.0,626.5182943764992,3.9196960208926206,1.9439999999999997,0.022925963181721035,1.944,0.0,0.022917651,1.0
3.888332814523235,1.3164268225808808,1.0,627.1218433752236,3.9184672510596164,1.945,0.02292596310582523,1.945,0.0,0.022917651,1.0
3.8882569450381164,1.3175788856810524,1.0,627.7273113833536,3.9172344703532427,1.946,0.02292596302992943,1.946,0.0,0.022917651,1.0
3.8881802946362773,1.3187318513683328,1.0,628.334705680206,3.915997663559181,1.9470000000000005,0.022925962954033624,1.947,0.0,0.022917651,1.0
3.8881006408906025,1.3198846991747053,1.0,628.9453426492609,3.9147489659979113,1.9480000000000002,0.02292596287813782,1.948,0.0,0.022917651,1.0
3.888019524824407,1.3210381463505083,1.0,629.5583239714061,3.913493821110541,1.949,0.02292596280224202,1.949,0.0,0.022917651,1.0
3.8879376236312395,1.3221925102581131,1.0,630.1732564232515,3.9122346188806367,1.95,0.022925962726346213,1.95,0.0,0.022917651,1.0
3.887854087123109,1.3233473309985362,1.0,630.7906018196452,3.910968417278046,1.9510000000000003,0.022925962650450417,1.951,0.0,0.022917651,1.0
3.887768039569853,1.3245021346864823,1.0,631.4108361583237,3.909692186099234,1.9520000000000002,0.022925962574554613,1.952,0.0,0.022917651,1.0
3.887681171524869,1.3256578509458345,1.0,632.0330586057595,3.9084117603082382,1.953,0.02292596249865881,1.953,0.0,0.022917651,1.0
3.887593479832097,1.3268144832868383,1.0,632.6572768092988,3.9071271237703002,1.954,0.022925962422763006,1.954,0.0,0.022917651,1.0
3.887501031518016,1.3279723104103924,1.0,633.2919651408153,3.905822268079101,1.955,0.022925962346867203,1.955,0.0,0.022917651,1.0
3.8874075595295965,1.329131126414505,1.0,633.9292873867752,3.904512329014427,1.956,0.022925962270971403,1.956,0.0,0.022917651,1.0
3.887313218407489,1.3302909251773647,1.0,634.5689163771526,3.90319793077654,1.9570000000000005,0.022925962195075603,1.957,0.0,0.022917651,1.0
3.8872159703245486,1.3314515683638966,1.0,635.2188635486496,3.901871061955674,1.958,0.022925962119179796,1.958,0.0,0.022917651,1.0
3.887116889788233,1.3326130040099315,1.0,635.874817261086,3.90053607164362,1.959,0.022925962043283996,1.959,0.0,0.022917651,1.0
3.887016980166117,1.333775279783209,1.0,636.5328104106836,3.8991969248549574,1.9600000000000002,0.022925961967388192,1.96,0.0,0.022917651,1.0
3.8869142870717748,1.3349356765481422,1.0,637.1967454075126,3.897848520661807,1.961,0.02292596189149239,1.961,0.0,0.022917651,1.0
3.8868083563839777,1.3360936572526914,1.0,637.8675537974873,3.896489578930624,1.9620000000000002,0.022925961815596585,1.962,0.0,0.022917651,1.0
3.8867016384554836,1.3372526816740982,1.0,638.5403551349177,3.89512644441435,1.963,0.02292596173970078,1.963,0.0,0.022917651,1.0
3.886592248572071,1.3384121645752098,1.0,639.2188017165669,3.8937521645863966,1.964,0.02292596166380498,1.964,0.0,0.022917651,1.0
3.8864773954578964,1.3395712282563343,1.0,639.9084137196619,3.892356453827447,1.965,0.022925961587909178,1.965,0.0,0.022917651,1.0
3.8863616360146933,1.3407312980688173,1.0,640.6004281057136,3.8909561118345795,1.9660000000000002,0.022925961512013374,1.966,0.0,0.022917651,1.0
3.886243978517646,1.3418918219628766,1.0,641.2952067610554,3.8895477224997466,1.967,0.022925961436117574,1.967,0.0,0.022917651,1.0
3.886122069513871,1.3430514670928462,1.0,641.9935895121565,3.8881232015384626,1.968,0.02292596136022177,1.968,0.0,0.022917651,1.0
3.885999198460941,1.3442120805409747,1.0,642.6944056861157,3.886693863691286,1.9690000000000003,0.022925961284325967,1.969,0.0,0.022917651,1.0
3.8858745877496927,1.3453727965088043,1.0,643.3980750144577,3.8852574664052475,1.97,0.022925961208430164,1.97,0.0,0.022917651,1.0
3.885746519194832,1.3465316570212789,1.0,644.1055159912952,3.883809099982235,1.9710000000000003,0.022925961132534364,1.971,0.0,0.022917651,1.0
3.8856174748055032,1.3476914381960345,1.0,644.8154213881903,3.8823559099129157,1.972,0.02292596105663856,1.972,0.0,0.022917651,1.0
3.885486406908852,1.3488519920177866,1.0,645.5284873032728,3.880893851469683,1.973,0.022925960980742757,1.973,0.0,0.022917651,1.0
3.88535190758221,1.3500131414924623,1.0,646.2456560865045,3.8794174668664487,1.974,0.022925960904846953,1.974,0.0,0.022917651,1.0
3.8852164102594866,1.3511752571481725,1.0,646.9653400745422,3.877936123926561,1.9750000000000003,0.022925960828951153,1.975,0.0,0.022917651,1.0
3.8850783854188444,1.3523375345791022,1.0,647.6884354462686,3.8764445094059083,1.976,0.02292596075305535,1.976,0.0,0.022917651,1.0
3.884937187120257,1.353499660210696,1.0,648.4153402781692,3.8749403533336153,1.977,0.022925960677159546,1.977,0.0,0.022917651,1.0
3.884794922019537,1.354662765864103,1.0,649.1448452499329,3.8734309499177697,1.978,0.02292596060126375,1.978,0.0,0.022917651,1.0
3.884649713597962,1.3558257784793835,1.0,649.8779355068483,3.871909865089857,1.979,0.022925960525367942,1.979,0.0,0.022917651,1.0
3.8845021044318706,1.3569890298674385,1.0,650.6143234438989,3.870378937866634,1.9800000000000002,0.022925960449472142,1.98,0.0,0.022917651,1.0
3.884353376827476,1.3581532682104787,1.0,651.3533470471924,3.8688425500704895,1.981,0.02292596037357634,1.981,0.0,0.022917651,1.0
3.88420082063249,1.3593170939626467,1.0,652.0967543439565,3.86729126906387,1.982,0.022925960297680535,1.982,0.0,0.022917651,1.0
3.884046546303642,1.3604815940558128,1.0,652.8431903111549,3.8657324431677975,1.983,0.022925960221784735,1.983,0.0,0.022917651,1.0
3.8838906952907437,1.3616468834796236,1.0,653.5924402824454,3.864166520332213,1.984,0.022925960145888928,1.984,0.0,0.022917651,1.0
3.883728906454163,1.3628110134520028,1.0,654.3461196562538,3.862577995940558,1.9850000000000003,0.022925960069993125,1.985,0.0,0.022917651,1.0
3.8835661128701386,1.363976142011323,1.0,655.1024557404139,3.860984453906871,1.986,0.02292595999409732,1.986,0.0,0.022917651,1.0
3.8834009337067656,1.3651413901917913,1.0,655.863295739645,3.8593812523512705,1.987,0.02292595991820152,1.987,0.0,0.022917651,1.0
3.883232864557681,1.3663065152578546,1.0,656.629033826736,3.857766617342679,1.988,0.02292595984230572,1.988,0.0,0.022917651,1.0
3.883063769873969,1.3674727485013196,1.0,657.3970711670879,3.8561467720494957,1.9890000000000003,0.022925959766409917,1.989,0.0,0.022917651,1.0
3.8828907481116963,1.368638389657561,1.0,658.169854779705,3.854511803011729,1.9900000000000002,0.022925959690514114,1.99,0.0,0.022917651,1.0
3.8827159668263915,1.3698047277627148,1.0,658.945306696898,3.852869097095054,1.991,0.022925959614618314,1.991,0.0,0.022917651,1.0
3.882538409541455,1.3709717098020537,1.0,659.7285286936088,3.8512146445143736,1.992,0.02292595953872251,1.992,0.0,0.022917651,1.0
3.8823537407834565,1.3721381552270286,1.0,660.5340221482476,3.8495322869212405,1.993,0.022925959462826707,1.993,0.0,0.022917651,1.0
3.8821678962941397,1.3733057211782826,1.0,661.3421884214163,3.8478441057790254,1.9940000000000002,0.022925959386930903,1.994,0.0,0.022917651,1.0
3.8819763399817577,1.3744709587713668,1.0,662.1609924464221,3.846135408071552,1.995,0.0229259593110351,1.995,0.0,0.022917651,1.0
3.8817817337984057,1.3756359068223722,1.0,662.9858286291872,3.844414801278892,1.996,0.0229259592351393,1.996,0.0,0.022917651,1.0
3.881585069160523,1.3768007227096464,1.0,663.814130255352,3.8426860947127732,1.997,0.0229259591592435,1.997,0.0,0.022917651,1.0
3.881385062278677,1.3779634018670543,1.0,664.6467652908566,3.8409461613982723,1.9980000000000002,0.022925959083347696,1.998,0.0,0.022917651,1.0
3.881183748705183,1.3791271112134558,1.0,665.4824101908098,3.839199971476328,1.999,0.022925959007451892,1.999,0.0,0.022917651,1.0
3.8809769924657207,1.3802889250236856,1.0,666.3225206975927,3.8374338968042245,2.0,0.022925958931556085,2.0,0.0,0.022917651,1.0
3.8808335874282425,1.381367265102919,1.0,666.9612842122614,3.835993828106726,2.001,0.022925958931556092,2.001,0.0,0.022917651,1.0
3.880688879057625,1.3824462860386049,1.0,667.6021604277339,3.8345478652585174,2.0020000000000002,0.02292595893155609,2.0020000000000002,0.0,0.022917651,1.0
3.8805408690055234,1.383525526292252,1.0,668.2465353253493,3.833088477147909,2.003,0.022925958931556092,2.003,0.0,0.022917651,1.0
3.880391998234666,1.3846055034501727,1.0,668.8931012335556,3.831624909209937,2.004,0.02292595893155609,2.004,0.0,0.022917651,1.0
3.88024124684,1.385685746609991,1.0,669.5425630721006,3.830153551279617,2.005,0.022925958931556085,2.005,0.0,0.022917651,1.0
3.8800872274174405,1.386765636188873,1.0,670.1958920980024,3.8286694715565517,2.0060000000000002,0.02292595893155609,2.0060000000000002,0.0,0.022917651,1.0
3.8799323119077633,1.3878462953701414,1.0,670.8514789813659,3.8271810381131,2.007,0.02292595893155609,2.007,0.0,0.022917651,1.0
3.8797750240897795,1.3889264183426226,1.0,671.5099648852872,3.825683656815508,2.0080000000000005,0.022925958931556092,2.008,0.0,0.022917651,1.0
3.8796153257900876,1.390006000011954,1.0,672.1713727650803,3.8241771799469992,2.009,0.02292595893155609,2.009,0.0,0.022917651,1.0
3.8794547095016316,1.3910863815145302,1.0,672.8350698783701,3.8226662312450745,2.0100000000000007,0.022925958931556085,2.0100000000000002,0.0,0.022917651,1.0
3.8792913941299703,1.3921664724434617,1.0,673.501564084185,3.8211447744351488,2.0110000000000006,0.02292595893155609,2.011,0.0,0.022917651,1.0
3.87912651541021,1.3932469738093227,1.0,674.1705523470566,3.8196166529760553,2.012,0.02292595893155609,2.012,0.0,0.022917651,1.0
3.8789605944529635,1.394328215496319,1.0,674.841939029284,3.81808362210475,2.013,0.02292595893155609,2.013,0.0,0.022917651,1.0
3.878789738714535,1.3954079599426563,1.0,675.5183997775757,3.8165323438215912,2.0140000000000002,0.022925958931556085,2.0140000000000002,0.0,0.022917651,1.0
3.8786179376200525,1.3964885144588548,1.0,676.1971900340881,3.8149764741088994,2.015,0.022925958931556085,2.015,0.0,0.022917651,1.0
3.8784434751584267,1.3975689067936705,1.0,676.878684785611,3.8134101223255366,2.016,0.022925958931556085,2.016,0.0,0.022917651,1.0
3.878264996031859,1.3986483441185698,1.0,677.5631575997078,3.8118286609622247,2.017,0.02292595893155609,2.017,0.0,0.022917651,1.0
3.8780854733168915,1.3997285144527651,1.0,678.249972307519,3.810242292276903,2.0180000000000007,0.022925958931556092,2.0180000000000002,0.0,0.022917651,1.0
3.877898190891616,1.400805251216084,1.0,678.9538758663834,3.808628321589555,2.019,0.02292595893155609,2.019,0.0,0.022917651,1.0
3.877707738980467,1.4018814169099532,1.0,679.6645030083771,3.8070022449351413,2.0200000000000005,0.022925958931556092,2.02,0.0,0.022917651,1.0
3.8775155984932757,1.402957861231361,1.0,680.3797743869005,3.805369132321559,2.021,0.02292595893155609,2.021,0.0,0.022917651,1.0
3.877320316566208,1.4040335001040265,1.0,681.1054166521287,3.8037242501476043,2.0220000000000002,0.02292595893155609,2.0220000000000002,0.0,0.022917651,1.0
3.877123995796144,1.4051098816276981,1.0,681.8328473598849,3.802074470003968,2.023,0.022925958931556092,2.023,0.0,0.022917651,1.0
3.8769241978884637,1.4061845601190555,1.0,682.5631364452796,3.8004124925226757,2.024,0.02292595893155609,2.024,0.0,0.022917651,1.0
3.8767225392796534,1.407259185897475,1.0,683.2955735801708,3.7987431275503556,2.025,0.022925958931556085,2.025,0.0,0.022917651,1.0
3.8765187097575597,1.4083340679100078,1.0,684.0304704820052,3.7970648206671878,2.0260000000000002,0.02292595893155609,2.0260000000000002,0.0,0.022917651,1.0
3.876311385872187,1.409408623520505,1.0,684.7686655958587,3.7953728584569286,2.027,0.022925958931556085,2.027,0.0,0.022917651,1.0
3.8761029782119905,1.4104839360952446,1.0,685.5087571781308,3.793675804350986,2.028,0.02292595893155609,2.028,0.0,0.022917651,1.0
3.875890971328619,1.4115581737667515,1.0,686.2558841474653,3.79196543580619,2.029,0.02292595893155609,2.029,0.0,0.022917651,1.0
3.8756776018551986,1.4126330096199455,1.0,687.0058180007061,3.790249019516053,2.0300000000000002,0.022925958931556085,2.0300000000000002,0.0,0.022917651,1.0
3.8754613493003944,1.4137076086952363,1.0,687.7622855350124,3.788521304894533,2.031,0.02292595893155609,2.031,0.0,0.022917651,1.0
3.87524245410266,1.4147821174086472,1.0,688.5250419724281,3.7867831074415754,2.032,0.022925958931556085,2.032,0.0,0.022917651,1.0
3.8750217398660345,1.4158571597997336,1.0,689.2908316326748,3.785037099429911,2.033,0.022925958931556085,2.033,0.0,0.022917651,1.0
3.8747972126097876,1.4169320129155623,1.0,690.0603560582433,3.7832760268051357,2.0340000000000003,0.022925958931556085,2.0340000000000003,0.0,0.022917651,1.0
3.8745714911829263,1.418007676765802,1.0,690.8326917942841,3.78150936683229,2.035,0.022925958931556085,2.035,0.0,0.022917651,1.0
3.8743384339977722,1.4190784495633781,1.0,691.6083031482596,3.7797182603750326,2.036,0.02292595893155609,2.036,0.0,0.022917651,1.0
3.8741034180097422,1.4201493461904287,1.0,692.3867752339418,3.777919195312392,2.037,0.02292595893155609,2.037,0.0,0.022917651,1.0
3.873861556347417,1.4212163178057629,1.0,693.1696240464817,3.7760966701160603,2.0380000000000007,0.02292595893155609,2.0380000000000003,0.0,0.022917651,1.0
3.873615728551954,1.4222817815756392,1.0,693.9561033735931,3.7742597870938335,2.039,0.02292595893155609,2.039,0.0,0.022917651,1.0
3.8733674983890745,1.4233478493891911,1.0,694.7459455843546,3.7724126937364435,2.04,0.02292595893155609,2.04,0.0,0.022917651,1.0
3.873116751226545,1.4244144874878826,1.0,695.5391848723019,3.770554965494737,2.0410000000000004,0.02292595893155609,2.041,0.0,0.022917651,1.0
3.872863531454606,1.4254807901406101,1.0,696.3395644886284,3.7686876810648706,2.0420000000000007,0.02292595893155609,2.0420000000000003,0.0,0.022917651,1.0
3.872606614986014,1.426545620625666,1.0,697.1511502966648,3.7668070793472843,2.043,0.022925958931556092,2.043,0.0,0.022917651,1.0
3.8723478548466996,1.4276109718326113,1.0,697.9679074804801,3.7649185813786112,2.0440000000000005,0.022925958931556092,2.044,0.0,0.022917651,1.0
3.872085695746795,1.4286760731402428,1.0,698.7968874756082,3.7630167348147054,2.045,0.02292595893155609,2.045,0.0,0.022917651,1.0
3.871821794206668,1.4297418335452128,1.0,699.6282025047758,3.761107259140222,2.0460000000000003,0.02292595893155609,2.0460000000000003,0.0,0.022917651,1.0
3.8715534102246156,1.4308071970917182,1.0,700.4628060097646,3.7591802467174413,2.0470000000000006,0.02292595893155609,2.047,0.0,0.022917651,1.0
3.8712834724673373,1.4318732298231414,1.0,701.2997073391468,3.757246350261903,2.048,0.02292595893155609,2.048,0.0,0.022917651,1.0
3.871009175998845,1.432938035916591,1.0,702.1400959331703,3.7552962567889177,2.049,0.02292595893155609,2.049,0.0,0.022917651,1.0
3.8707334159079316,1.4340036081927021,1.0,702.9828101397076,3.753339542633086,2.05,0.022925958931556085,2.05,0.0,0.022917651,1.0
3.870453134724277,1.4350687108080942,1.0,703.8327244191522,3.751365204333127,2.051,0.02292595893155609,2.051,0.0,0.022917651,1.0
3.870171420970305,1.4361346083195767,1.0,704.6851957860783,3.749384340901724,2.052,0.02292595893155609,2.052,0.0,0.022917651,1.0
3.869883845467779,1.4371989394420273,1.0,705.5606600647716,3.7473816027065516,2.0530000000000004,0.02292595893155609,2.053,0.0,0.022917651,1.0
3.8695945916984202,1.4382638669523964,1.0,706.4393796339876,3.7453715550534197,2.054,0.02292595893155609,2.054,0.0,0.022917651,1.0
3.8692964040697126,1.439322598313972,1.0,707.3213738395455,3.7433319635822944,2.055,0.022925958931556085,2.055,0.0,0.022917651,1.0
3.8689959240749916,1.4403816895475592,1.0,708.2068610950857,3.7412828429333773,2.056,0.02292595893155609,2.056,0.0,0.022917651,1.0
3.868687773229323,1.44143858795663,1.0,709.0977021212038,3.739205236976156,2.057,0.02292595893155609,2.057,0.0,0.022917651,1.0
3.8683777613977437,1.442495863026166,1.0,709.991965056989,3.7371198095184885,2.0580000000000003,0.022925958931556085,2.058,0.0,0.022917651,1.0
3.8680647988260692,1.443552062102555,1.0,710.8899150297156,3.7350236507462933,2.059,0.02292595893155609,2.059,0.0,0.022917651,1.0
3.867749501610579,1.4446079596314039,1.0,711.7917722939117,3.732918456996664,2.06,0.02292595893155609,2.06,0.0,0.022917651,1.0
3.8674311084380766,1.4456624241019445,1.0,712.698051344223,3.730802316395119,2.0610000000000004,0.02292595893155609,2.061,0.0,0.022917651,1.0
3.8671089102122003,1.446717351424432,1.0,713.613258267819,3.7286704894877354,2.062,0.02292595893155609,2.062,0.0,0.022917651,1.0
3.8667827453417014,1.4477727372119662,1.0,714.537412634894,3.7265223339412215,2.063,0.02292595893155609,2.063,0.0,0.022917651,1.0
3.866452733547847,1.4488280846405677,1.0,715.4697500514148,3.724358835662413,2.0640000000000005,0.02292595893155609,2.064,0.0,0.022917651,1.0
3.8661199032353446,1.4498838289976776,1.0,716.4074793398812,3.7221836701138713,2.065,0.022925958931556085,2.065,0.0,0.022917651,1.0
3.865783271962951,1.4509399105356247,1.0,717.3505181469772,3.7199929494634345,2.066,0.02292595893155609,2.066,0.0,0.022917651,1.0
3.865444409318593,1.4519966787438023,1.0,718.2965979489903,3.717792614738855,2.0670000000000006,0.02292595893155609,2.067,0.0,0.022917651,1.0
3.8651012786081345,1.4530535118831136,1.0,719.2460254901841,3.715575149941653,2.068,0.02292595893155609,2.068,0.0,0.022917651,1.0
3.8647551201837516,1.454110182916874,1.0,720.2027138034283,3.7133457387857147,2.069,0.022925958931556085,2.069,0.0,0.022917651,1.0
3.864404416866957,1.4551657110242224,1.0,721.1723987646819,3.7110992961115037,2.07,0.022925958931556085,2.07,0.0,0.022917651,1.0
3.8640494732720216,1.4562203089988124,1.0,722.1574370792581,3.7088368205682642,2.0710000000000006,0.02292595893155609,2.071,0.0,0.022917651,1.0
3.863691018845497,1.4572745157272933,1.0,723.154920642814,3.706560691461805,2.072,0.02292595893155609,2.072,0.0,0.022917651,1.0
3.8633237949035695,1.4583256068439758,1.0,724.1570762934831,3.704252602471595,2.073,0.022925958931556085,2.073,0.0,0.022917651,1.0
3.86295328483674,1.4593770726397706,1.0,725.1635676166296,3.7019309925670125,2.074,0.022925958931556085,2.074,0.0,0.022917651,1.0
3.8625793364118914,1.4604299181505875,1.0,726.1756699255617,3.699594240979615,2.075,0.022925958931556085,2.075,0.0,0.022917651,1.0
3.862202416559165,1.4614832421638095,1.0,727.1923309051901,3.6972451232897523,2.076,0.02292595893155609,2.076,0.0,0.022917651,1.0
3.861822675952376,1.4625371054907688,1.0,728.2134832146065,3.694884181315542,2.077,0.022925958931556092,2.077,0.0,0.022917651,1.0
3.8614401519118196,1.4635903836260025,1.0,729.2386797895747,3.692512706134049,2.0780000000000003,0.02292595893155609,2.078,0.0,0.022917651,1.0
3.8610555613575297,1.4646446419483605,1.0,730.2696915856551,3.6901319825647136,2.0789999999999997,0.022925958931556085,2.079,0.0,0.022917651,1.0
3.8606687541094233,1.465700600750345,1.0,731.3099399076356,3.687740679245286,2.0800000000000005,0.02292595893155609,2.08,0.0,0.022917651,1.0
3.860277955783087,1.4667579880023742,1.0,732.3567021592632,3.6853319937090077,2.0810000000000004,0.02292595893155609,2.081,0.0,0.022917651,1.0
3.85988400294663,1.4678166230368797,1.0,733.408319448662,3.682909448886954,2.082,0.02292595893155609,2.082,0.0,0.022917651,1.0
3.85948629717474,1.4688769062082385,1.0,734.4636503366582,3.680470232907186,2.083,0.02292595893155609,2.083,0.0,0.022917651,1.0
3.859086242329262,1.4699387758639184,1.0,735.5331878849555,3.678020037956124,2.084,0.022925958931556085,2.084,0.0,0.022917651,1.0
3.8586837906697142,1.471002489192404,1.0,736.6205476449483,3.675558417643468,2.085,0.02292595893155609,2.085,0.0,0.022917651,1.0
3.858275066716681,1.47206421687319,1.0,737.7162075085379,3.673073682150963,2.086,0.02292595893155609,2.086,0.0,0.022917651,1.0
3.8578629436056304,1.473126731878046,1.0,738.8229105296231,3.6705745626705584,2.0870000000000006,0.022925958931556085,2.087,0.0,0.022917651,1.0
3.8574469862763503,1.4741908238934238,1.0,739.9487665958401,3.6680585327805724,2.088,0.02292595893155609,2.088,0.0,0.022917651,1.0
3.857030579524589,1.4752599659912604,1.0,741.0806228595352,3.665535651020519,2.089,0.02292595893155609,2.089,0.0,0.022917651,1.0
3.8566125108145464,1.4763320943066514,1.0,742.217711589536,3.663003136554078,2.0900000000000003,0.02292595893155609,2.09,0.0,0.022917651,1.0
3.8561919195718386,1.4774075705790912,1.0,743.3603403899208,3.660457192263021,2.0910000000000006,0.02292595893155609,2.091,0.0,0.022917651,1.0
3.8557696535693764,1.4784873840002364,1.0,744.5081323356883,3.65790021499615,2.092,0.02292595893155609,2.092,0.0,0.022917651,1.0
3.8553456156264763,1.4795706607034085,1.0,745.6612863613265,3.655332686534205,2.093,0.02292595893155609,2.093,0.0,0.022917651,1.0
3.854920082880682,1.4806595324418264,1.0,746.8213956627815,3.652753575497467,2.094,0.02292595893155609,2.094,0.0,0.022917651,1.0
3.8544934023974675,1.4817534755637956,1.0,747.9870604433955,3.6501648041593615,2.095,0.02292595893155609,2.095,0.0,0.022917651,1.0
3.85406598367596,1.4828517829319126,1.0,749.1570921918042,3.647568717366932,2.096,0.022925958931556092,2.096,0.0,0.022917651,1.0
3.8536415557235753,1.483958107661169,1.0,750.3307465152969,3.6449765814816577,2.097,0.02292595893155609,2.097,0.0,0.022917651,1.0
3.8532155285536636,1.4850691601665873,1.0,751.5307156556125,3.6423733157136455,2.098,0.02292595893155609,2.098,0.0,0.022917651,1.0
3.8527882002621485,1.486185007138723,1.0,752.7513485865484,3.6397600456947803,2.099,0.022925958931556092,2.099,0.0,0.022917651,1.0
3.8523622324377182,1.4873138841509046,1.0,753.9998836798991,3.6371391731359624,2.1,0.022925958931556085,2.1,0.0,0.022917651,1.0
3.8520352640553503,1.4883634414951215,1.0,755.166404602203,3.6349837685396436,2.101,0.022925958968817325,2.101,0.0,0.022917651,1.0
3.851709481597454,1.4894208626181402,1.0,756.3356719743806,3.6328252500500957,2.102,0.022925959006078557,2.102,0.0,0.022917651,1.0
3.851386713892356,1.4904878930418766,1.0,757.5083977770768,3.630669188528169,2.103,0.022925959043339796,2.103,0.0,0.022917651,1.0
3.851064145436999,1.491558797678999,1.0,758.6840244953432,3.628510052308517,2.104,0.02292595908060103,2.104,0.0,0.022917651,1.0
3.8507478386671243,1.492645719943511,1.0,759.8649475616567,3.626359936221067,2.1050000000000004,0.02292595911786226,2.105,0.0,0.022917651,1.0
3.8504317532844627,1.4937364176819188,1.0,761.049581442795,3.624206929284467,2.106,0.022925959155123497,2.106,0.0,0.022917651,1.0
3.850124106518319,1.4948449161055843,1.0,762.2402500703499,3.6220698730810788,2.107,0.02292595919238473,2.107,0.0,0.022917651,1.0
3.8498181942849836,1.4959597140290397,1.0,763.4343037950056,3.6199334572946835,2.1080000000000005,0.02292595922964597,2.108,0.0,0.022917651,1.0
3.849520925454371,1.4970927598762616,1.0,764.6322026437463,3.6178133725888517,2.1090000000000004,0.022925959266907204,2.109,0.0,0.022917651,1.0
3.8492286007477414,1.498236523043545,1.0,765.8476118338474,3.615702348081495,2.1100000000000003,0.022925959304168436,2.11,0.0,0.022917651,1.0
3.8489470634931573,1.49940002716516,1.0,767.0930628970237,3.613614734530168,2.1110000000000007,0.022925959341429672,2.111,0.0,0.022917651,1.0
3.848673109997005,1.5005829568504534,1.0,768.3437642702041,3.6115380272112367,2.112,0.022925959378690904,2.112,0.0,0.022917651,1.0
3.8484123527794445,1.5017969209008812,1.0,769.6013228601882,3.6094830656778227,2.1130000000000004,0.02292595941595214,2.113,0.0,0.022917651,1.0
3.848161272088343,1.5030296518450046,1.0,770.8630945595384,3.607448043296553,2.114,0.022925959453213376,2.114,0.0,0.022917651,1.0
3.8479305551017595,1.5042987233607514,1.0,772.1312311802369,3.605458134870057,2.1150000000000007,0.022925959490474608,2.115,0.0,0.022917651,1.0
3.8477046732603304,1.5055803752748584,1.0,773.4041990140626,3.6034749879490273,2.1159999999999997,0.02292595952773584,2.116,0.0,0.022917651,1.0
3.8475091320363703,1.5069226987227353,1.0,774.692511107668,3.6015525387625678,2.117,0.02292595956499708,2.117,0.0,0.022917651,1.0
3.8473118965402593,1.5082655709659076,1.0,775.9846380536403,3.599622763786593,2.1180000000000003,0.02292595960225832,2.118,0.0,0.022917651,1.0
3.847155627756419,1.5096926531923707,1.0,777.3091939707732,3.5977726413281195,2.1190000000000007,0.02292595963951955,2.119,0.0,0.022917651,1.0
3.847005542437931,1.5111357327400667,1.0,778.6427946459229,3.5959312545408517,2.1200000000000006,0.022925959676780787,2.12,0.0,0.022917651,1.0
3.846877733241614,1.5126208249616178,1.0,779.9995998197217,3.5941369601307707,2.121,0.02292595971404202,2.121,0.0,0.022917651,1.0
3.8468040625299467,1.514202945404952,1.0,781.4047567525597,3.592462192759671,2.122,0.02292595975130325,2.122,0.0,0.022917651,1.0
3.846727910184734,1.5157839808973745,1.0,782.8122742983873,3.5907785837534,2.1230000000000007,0.02292595978856449,2.123,0.0,0.022917651,1.0
3.8467079500493733,1.5174574631661242,1.0,784.2758936689688,3.5892272935953375,2.124,0.022925959825825723,2.124,0.0,0.022917651,1.0
3.8468052404430693,1.5193207213502413,1.0,785.8507792905058,3.5879552230597764,2.1250000000000004,0.022925959863086955,2.125,0.0,0.022917651,1.0
3.8468980268378865,1.521179772145527,1.0,787.4251884457925,3.5866693438582304,2.126,0.022925959900348195,2.126,0.0,0.022917651,1.0
3.8469862564977158,1.5230345662887996,1.0,788.9991155560155,3.5853694943087513,2.1270000000000007,0.022925959937609423,2.1270000000000002,0.0,0.022917651,1.0
3.847245683373268,1.5251787776482613,1.0,790.887481130142,3.58446502801576,2.128,0.02292595997487066,2.128,0.0,0.022917651,1.0
3.8475050613559607,1.5273280338521704,1.0,792.7847181252757,3.58355532185027,2.129,0.022925960012131895,2.129,0.0,0.022917651,1.0
3.847867457422085,1.529645237382501,1.0,794.8376569807169,3.5828897416256726,2.13,0.022925960049393127,2.13,0.0,0.022917651,1.0
3.8483444449343236,1.5321486319266875,1.0,797.0621784343671,3.5824963370497587,2.1310000000000002,0.022925960086654366,2.1310000000000002,0.0,0.022917651,1.0
3.849008972990829,1.5349393569366694,1.0,799.5609330005196,3.5825657505623436,2.1319999999999997,0.0229259601239156,2.132,0.0,0.022917651,1.0
3.849873532672452,1.5380314558961319,1.0,802.3436321870518,3.5831339181610753,2.133,0.022925960161176834,2.133,0.0,0.022917651,1.0
3.8509905117711005,1.5415138506767356,1.0,805.4817501803319,3.584321471366689,2.134,0.022925960198438067,2.134,0.0,0.022917651,1.0
3.8524879322922265,1.5456151313648667,1.0,809.149558222785,3.586411922431372,2.1350000000000007,0.022925960235699306,2.1350000000000002,0.0,0.022917651,1.0
3.8544439866337976,1.5504214917965127,1.0,813.4429692782066,3.5896318040120763,2.136,0.02292596027296054,2.136,0.0,0.022917651,1.0
3.857077174992365,1.5562934431436533,1.0,818.6528462922665,3.594494641772914,2.137,0.022925960310221774,2.137,0.0,0.022917651,1.0
3.860691685588443,1.5637999363354658,1.0,825.2390225963734,3.6016482209239093,2.138,0.02292596034748301,2.138,0.0,0.022917651,1.0
3.8660865892825345,1.5743480447889098,1.0,834.3131724679193,3.6128817672925355,2.1390000000000002,0.022925960384744246,2.1390000000000002,0.0,0.022917651,1.0
3.874935886561011,1.5911476469222539,1.0,848.6011254895724,3.6316813764423403,2.14,0.02292596042200548,2.14,0.0,0.022917651,1.0
3.894172253515574,1.6313253692664775,1.0,871.322275180247,3.668651159257007,2.141,0.02292596045926671,2.141,0.0,0.022917651,1.0
3.8679308805622057,1.6344966212299603,1.0,877.1372505320281,3.560716452658671,2.142,0.02292596049652795,2.142,0.0,0.022917651,1.0
3.8364446393459977,1.6434175343432982,1.0,882.8745778258194,3.42605260009478,2.1430000000000007,0.02292596053378919,2.1430000000000002,0.0,0.022917651,1.0
3.81491959829492,1.6362664443813464,1.0,888.4460744113051,3.3473055711370274,2.144,0.02292596057105042,2.144,0.0,0.022917651,1.0
3.795584079759257,1.6220907810659047,1.0,893.900374581371,3.2843411903776896,2.1450000000000005,0.022925960608311653,2.145,0.0,0.022917651,1.0
3.7783031074852875,1.5982115010630311,1.0,899.2108690364869,3.239298629149817,2.146,0.022925960690855528,2.146,0.0,0.022917651,1.0
3.7612551755988424,1.5561358143277695,1.0,904.342960210487,3.2133846197682705,2.1470000000000007,0.022925963113497514,2.1470000000000002,0.0,0.022917651,1.0
3.7423295902566673,1.4816387997846152,1.0,909.064937068315,3.212381323951666,2.1480000000000006,0.022926193788504457,2.148,0.0,0.022917651,1.0
3.7226179887855495,1.3936136153626426,1.0,913.097143328252,3.2217621362057045,2.149,0.02294150743161472,2.149,0.0,0.022917651,1.0
3.7060106345981696,1.3831434097866546,1.0,916.6391837266036,3.166004963499646,2.15,0.023064524042106127,2.15,0.0,0.022917651,1.0
3.6946070035273384,1.4561939085279976,1.0,920.2012740589968,3.0475419683691305,2.1510000000000007,0.0235661752282621,2.1510000000000002,0.0,0.022917651,1.0
3.6867146603949292,1.5523035228340272,1.0,924.2725520470694,2.920065006364834,2.152,0.02458197076586706,2.152,0.0,0.022917651,1.0
3.679626001454708,1.6534906282802058,1.0,929.2811344103592,2.7907253030458437,2.153,0.025783801561873373,2.153,0.0,0.022917651,1.0
3.672570886863498,1.7578482880288049,1.0,935.6086861469421,2.6583492186322792,2.154,0.027458815486974167,2.154,0.0,0.022917651,1.0
3.6657360671358146,1.862081512693918,1.0,943.7009904061712,2.5269787490130007,2.1550000000000002,0.03143489126546479,2.1550000000000002,0.0,0.022917651,1.0
3.658677281823724,1.9680563008145482,1.0,954.1202715494419,2.392970845188427,2.1559999999999997,0.03517425332603176,2.156,0.0,0.022917651,1.0
3.6509646916723937,2.079292844726217,1.0,967.6320808590598,2.251085984404968,2.157,0.037492616662267476,2.157,0.0,0.022917651,1.0
3.642407848560099,2.1975241630416282,1.0,985.3519196574364,2.098829330526469,2.158,0.03860045874676017,2.158,0.0,0.022917651,1.0
3.6329598019411606,2.323593847695068,1.0,1008.9419329837061,1.9351694964669157,2.1590000000000003,0.03880217176145341,2.1590000000000003,0.0,0.022917651,1.0
3.623790091663786,2.4443305761107252,1.0,1040.441039830261,1.7779559497880957,2.16,0.03881213334947228,2.16,0.0,0.022917651,1.0
3.6222521106605052,2.527402877712971,1.0,1748.230979663434,1.7029907287866133,2.232,0.0394248974043469,2.232,0.0,0.022917651,1.0
3.6296881869589503,2.4367073911350348,1.0,1720.8808787609375,1.823623580569363,2.233,0.03943159429603813,2.233,0.0,0.022917651,1.0
3.6342281193945656,2.381947469518009,1.0,1703.8771137945637,1.8967362835911588,2.2340000000000004,0.03943829118772935,2.234,0.0,0.022917651,1.0
3.6373667144134987,2.344330358221458,1.0,1692.5865415647995,1.9471008222419681,2.235,0.03944498807942058,2.235,0.0,0.022917651,1.0
3.639772034521415,2.315624356023328,1.0,1684.7641653116057,1.985621156772604,2.236,0.03945168497111181,2.236,0.0,0.022917651,1.0
3.64090736191834,2.294499607512398,1.0,1676.81591419346,2.011480267155724,2.237,0.039380460844616556,2.237,0.0,0.022917651,1.0
3.643655855609171,2.2609934386200954,1.0,1667.9498764164061,2.056173465645843,2.238,0.03931731237903294,2.238,0.0,0.022917651,1.0
3.6458475909865355,2.2344613655314207,1.0,1661.6855313894387,2.0916655194627394,2.2390000000000003,0.03924846172279493,2.239,0.0,0.022917651,1.0
3.6473409462960165,2.215164295794798,1.0,1656.8933108982872,2.117129063034464,2.2400000000000007,0.03915750199999847,2.24,0.0,0.022917651,1.0
3.649034068833156,2.19471535829156,1.0,1653.2315683702725,2.144543550840296,2.241,0.03909158228507325,2.241,0.0,0.022917651,1.0
3.650460111435557,2.17753285580192,1.0,1650.8541918131125,2.1676232776543607,2.2420000000000004,0.039019939209435854,2.242,0.0,0.022917651,1.0
3.651610618171512,2.163790105284785,1.0,1649.456364862616,2.186161106990958,2.243,0.038965362356031236,2.243,0.0,0.022917651,1.0
3.652755824446567,2.1502475082135146,1.0,1648.7921082405646,2.204477580474745,2.244,0.03891559040359893,2.244,0.0,0.022917651,1.0
3.653808412249695,2.13799876899195,1.0,1648.7963582229202,2.2211297176168383,2.2450000000000006,0.038871062823133753,2.245,0.0,0.022917651,1.0
3.6548607962724846,2.125827095466845,1.0,1649.3748641759585,2.2377039818098643,2.2460000000000004,0.03882479488998023,2.246,0.0,0.022917651,1.0
3.6549207583750194,2.1221205464525177,1.0,1649.95626976501,2.2418434231960886,2.2470000000000003,0.038680321840992966,2.247,0.0,0.022917651,1.0
3.6557330030201474,2.112552663463133,1.0,1650.6645599995413,2.2548533433515887,2.248,0.0386309012311939,2.248,0.0,0.022917651,1.0
3.656540484349343,2.103202488987451,1.0,1651.7306234099194,2.2676264828985984,2.249,0.038585801466706905,2.249,0.0,0.022917651,1.0
3.6572760599006915,2.094731323317987,1.0,1653.1929921011483,2.279233005714052,2.25,0.038550715867863405,2.25,0.0,0.022917651,1.0
3.6579848220444497,2.0865621442850704,1.0,1654.9292854167259,2.290430288496283,2.251,0.03851950386658682,2.251,0.0,0.022917651,1.0
3.658691958990257,2.0785780817862056,1.0,1656.9791137441175,2.3014359575307024,2.2520000000000007,0.03848969233759402,2.2520000000000002,0.0,0.022917651,1.0
3.6593652146165643,2.0710822745554465,1.0,1659.2946712267646,2.3118178385445476,2.253,0.038466095164186254,2.253,0.0,0.022917651,1.0
3.6600034482390007,2.063945937981489,1.0,1661.8413096316854,2.3217001513499884,2.254,0.03844827001513557,2.254,0.0,0.022917651,1.0
3.6606537968181527,2.05678702226954,1.0,1664.5992723233078,2.3316535098457662,2.255,0.038431940631984754,2.255,0.0,0.022917651,1.0
3.660664542806681,2.055550541610163,1.0,1667.4086290603118,2.3331260353188403,2.2560000000000002,0.03837663918988614,2.2560000000000002,0.0,0.022917651,1.0
3.6611085770343843,2.050236862148864,1.0,1670.2164165551762,2.34040890762379,2.257,0.038358285635544755,2.257,0.0,0.022917651,1.0
3.661598673254866,2.0448658567934337,1.0,1673.1872580874935,2.3479333447889124,2.2580000000000005,0.03834928650294605,2.258,0.0,0.022917651,1.0
3.662093954314489,2.039537667784818,1.0,1676.280200008823,2.3554357036649196,2.259,0.03834056465531431,2.259,0.0,0.022917651,1.0
3.6626016229565077,2.034119500393414,1.0,1679.5155403781905,2.363077594144087,2.2600000000000002,0.038335789705521824,2.2600000000000002,0.0,0.022917651,1.0
3.663043309807825,2.029326614076658,1.0,1682.8819136154236,2.3698302862862812,2.261,0.038342326047173615,2.261,0.0,0.022917651,1.0
3.663516101945378,2.0242574924855457,1.0,1686.3719325469117,2.376983627401931,2.262,0.038348940449290825,2.262,0.0,0.022917651,1.0
3.6639844441930935,2.0192891315276404,1.0,1689.9605763805005,2.384018409569768,2.263,0.03835849831647438,2.263,0.0,0.022917651,1.0
3.664440802899034,2.0144978675518757,1.0,1693.6327107250252,2.3908281638314173,2.2640000000000002,0.038371342876447036,2.2640000000000002,0.0,0.022917651,1.0
3.664888408179217,2.0099254071153263,1.0,1697.4509341368723,2.397384100481917,2.265,0.03838685162378617,2.265,0.0,0.022917651,1.0
3.6653207529975167,2.00550079516614,1.0,1701.3279640853088,2.4037311453161574,2.266,0.038401917515419375,2.266,0.0,0.022917651,1.0
3.665733703363652,2.0012495352276334,1.0,1705.2886787666703,2.4098272581809566,2.267,0.038415759548222614,2.267,0.0,0.022917651,1.0
3.6661576299205074,1.996906363863346,1.0,1709.3397587253353,2.4160591836982017,2.2680000000000002,0.03843076087122998,2.2680000000000002,0.0,0.022917651,1.0
3.6665847611066185,1.9925506313311692,1.0,1713.4372614539382,2.4223164871078575,2.269,0.0384474596020135,2.269,0.0,0.022917651,1.0
3.6665002584349637,1.9932905382251542,1.0,1717.6068622013229,2.4214316277880394,2.2700000000000005,0.038455175280159924,2.27,0.0,0.022917651,1.0
3.666750232257329,1.990618848418253,1.0,1721.7511008844065,2.425296255070626,2.271,0.03847934659256808,2.271,0.0,0.022917651,1.0
3.6670274673366587,1.9877036218350117,1.0,1725.9047529461777,2.4295134640825533,2.2720000000000002,0.03850621170041303,2.2720000000000002,0.0,0.022917651,1.0
3.6673579439871498,1.984432355831379,1.0,1730.163739041151,2.4342996879629393,2.2730000000000006,0.038535274199032035,2.273,0.0,0.022917651,1.0
3.667685256471491,1.981207153472313,1.0,1734.4235543565653,2.439027191579596,2.2740000000000005,0.03856576783356115,2.274,0.0,0.022917651,1.0
3.6680310319725957,1.977844122712486,1.0,1738.7588920415465,2.4439663796250306,2.275,0.03859615870583114,2.275,0.0,0.022917651,1.0
3.668384735271089,1.974433167197545,1.0,1743.1335671411352,2.4489852056421126,2.2760000000000007,0.03862729426060884,2.2760000000000002,0.0,0.022917651,1.0
3.6687267660185077,1.9711627565712548,1.0,1747.541870695001,2.453816794288117,2.277,0.03866014258376097,2.277,0.0,0.022917651,1.0
3.669046065496559,1.96815494381853,1.0,1752.0269918424756,2.458294854672158,2.278,0.03869490388062962,2.278,0.0,0.022917651,1.0
3.6693628032192853,1.965184459504167,1.0,1756.5128357111844,2.4627253395699022,2.279,0.03873097594940924,2.279,0.0,0.022917651,1.0
3.6696816181009546,1.9621673192890485,1.0,1761.0496694265273,2.4672107900330156,2.2800000000000002,0.03876774635947035,2.2800000000000002,0.0,0.022917651,1.0
3.6700026972501223,1.9591000773831446,1.0,1765.6397384013947,2.4717554003206685,2.281,0.038805243306770494,2.281,0.0,0.022917651,1.0
3.6703213483833825,1.9560682220374,1.0,1770.2305154671358,2.4762549119442228,2.2819999999999996,0.0388440426242809,2.282,0.0,0.022917651,1.0
3.6706352406629184,1.9531198101108922,1.0,1774.8861900283957,2.4806519446086157,2.2830000000000004,0.038884261593441834,2.283,0.0,0.022917651,1.0
3.670945634246918,1.9502302063996524,1.0,1779.5771028469894,2.484976174185729,2.2840000000000003,0.03892575168737881,2.2840000000000003,0.0,0.022917651,1.0
3.6712539193835423,1.9473716049324825,1.0,1784.2686559176002,2.489260967686034,2.285,0.03896837800908209,2.285,0.0,0.022917651,1.0
3.6715560493115413,1.944599762409472,1.0,1789.0080829781468,2.493434383483295,2.286,0.039012237735677455,2.286,0.0,0.022917651,1.0
3.67185243236552,1.9419091687834524,1.0,1793.7923561235218,2.4975035648199717,2.287,0.03905723735174222,2.287,0.0,0.022917651,1.0
3.6721470151492515,1.9392453759535864,1.0,1798.5771793542278,2.501538744226716,2.2880000000000003,0.03910320057302551,2.2880000000000003,0.0,0.022917651,1.0
3.672439857131915,1.9366074985964963,1.0,1803.362534499032,2.505541044905364,2.289,0.03915009556830015,2.289,0.0,0.022917651,1.0
3.6727488280017853,1.933894149770984,1.0,1808.2342577666839,2.509683331118553,2.29,0.039197637782160295,2.29,0.0,0.022917651,1.0
3.673056539334584,1.9312037722110427,1.0,1813.1087123020138,2.513797607832754,2.291,0.03924608790338438,2.291,0.0,0.022917651,1.0
3.673362594277027,1.9285381090827547,1.0,1817.983709772268,2.517880544506542,2.2920000000000007,0.03929542367292981,2.2920000000000003,0.0,0.022917651,1.0
3.673581935976342,1.9266852314554923,1.0,1822.8743338164763,2.5208038416940135,2.293,0.03934520908827421,2.293,0.0,0.022917651,1.0
3.6736351115576324,1.9263830743951664,1.0,1827.7946796200804,2.5215117519425188,2.294,0.03939518603082912,2.294,0.0,0.022917651,1.0
3.673686130840162,1.9261120249747123,1.0,1832.7156424870261,2.5221799293270193,2.295,0.03944618315311217,2.295,0.0,0.022917651,1.0
3.6738180886924603,1.925082624797249,1.0,1837.6538331801341,2.5239302102582926,2.2960000000000003,0.03949867085623568,2.2960000000000003,0.0,0.022917651,1.0
3.674068964332549,1.9229312852225917,1.0,1842.6165714387314,2.5272780995986066,2.2970000000000006,0.03955259587535825,2.297,0.0,0.022917651,1.0
3.6743186709919358,1.920797142901472,1.0,1847.5796770887164,2.5306041157447043,2.2980000000000005,0.039607106331767034,2.298,0.0,0.022917651,1.0
3.6745672435269823,1.918679685050664,1.0,1852.543139175309,2.533908910905793,2.299,0.039662184769045504,2.299,0.0,0.022917651,1.0
3.674814715421905,1.916578419073024,1.0,1857.5069471749753,2.537193111616393,2.3000000000000003,0.0397178144179615,2.3000000000000003,0.0,0.022917651,1.0
3.6742560432913467,1.9245160347874153,1.0,1866.4843676704916,2.5272056602160786,2.301,0.03960446371715101,2.301,0.0,0.022917651,1.0
3.67428057111481,1.9268681413286848,1.0,1875.6823594416642,2.5251364997170636,2.302,0.039498584924220634,2.302,0.0,0.022917651,1.0
3.6735563262645488,1.9362999383662491,1.0,1885.1397945812291,2.512992547085516,2.3029999999999995,0.039395321068469484,2.303,0.0,0.022917651,1.0
3.6728658771728697,1.9456901519859044,1.0,1894.9703167777272,2.501025362321072,2.3040000000000003,0.03929632873227511,2.3040000000000003,0.0,0.022917651,1.0
3.6721441691648677,1.955567329385426,1.0,1905.2057052515838,2.4884461882306472,2.3050000000000006,0.03920235156818872,2.305,0.0,0.022917651,1.0
3.6714264908106364,1.9653674268210952,1.0,1915.878120409336,2.4759602166146992,2.306,0.039113106070009805,2.306,0.0,0.022917651,1.0
3.6706514718200673,1.9757124468003502,1.0,1926.9831972319757,2.4626999442164665,2.307,0.03902964440160056,2.307,0.0,0.022917651,1.0
3.6699311474506326,1.985759388640554,1.0,1938.5797300009876,2.449956535881111,2.3080000000000003,0.0389503659328206,2.308,0.0,0.022917651,1.0
3.669944658186887,1.9887971435984564,1.0,1950.5828926386296,2.4471576651190134,2.309,0.03888970214274302,2.309,0.0,0.022917651,1.0
3.6691204596682048,2.000031326139343,1.0,1962.884516893217,2.432811532251807,2.31,0.038827242901855394,2.31,0.0,0.022917651,1.0
3.6681888860048906,2.0122524876743797,1.0,1975.7949033498307,2.4170489031829887,2.311,0.038771368033271976,2.311,0.0,0.022917651,1.0
3.6672031795176343,2.025299122473506,1.0,1989.471053323841,2.400244272133249,2.312,0.038728361085671,2.312,0.0,0.022917651,1.0
3.666268976283444,2.0381222838106465,1.0,2003.8743007106455,2.383869131625667,2.3130000000000006,0.0386899428251296,2.313,0.0,0.022917651,1.0
3.665240409429193,2.0516699919041597,1.0,2019.2121886930033,2.366391991448249,2.3140000000000005,0.03865848779735551,2.314,0.0,0.022917651,1.0
3.66504030303026,2.057773248861136,1.0,2035.3423195834625,2.359673134938414,2.315,0.03867643153937295,2.315,0.0,0.022917651,1.0
3.6641142695079836,2.0705557471344287,1.0,2051.650195886874,2.3433713452129497,2.316,0.03868597371717939,2.316,0.0,0.022917651,1.0
3.6628104304592415,2.0873451980834945,1.0,2069.1711360743657,2.3215513838653563,2.317,0.038689278533135724,2.317,0.0,0.022917651,1.0
3.6614452697293953,2.105133838922408,1.0,2088.092198161262,2.2984869256743883,2.318,0.03870413171079443,2.318,0.0,0.022917651,1.0
3.6599675288856237,2.1241731122865932,1.0,2108.481568062753,2.273721525439558,2.319,0.0387387116315973,2.319,0.0,0.022917651,1.0
3.658669743481026,2.1421100332349767,1.0,2130.6525305081163,2.2507782946411434,2.32,0.03880373988282204,2.32,0.0,0.022917651,1.0
3.6586772390764986,2.1469391695229265,1.0,2152.7606071723485,2.2461639760822316,2.321,0.03897135191961858,2.321,0.0,0.022917651,1.0
3.656782004528429,2.1707860655842652,1.0,2176.96635766254,2.2149209690978227,2.3220000000000005,0.039033886841153324,2.322,0.0,0.022917651,1.0
3.6547982947535718,2.1961118522290786,1.0,2203.854597722699,2.181845184018581,2.3230000000000004,0.03911014397967869,2.323,0.0,0.022917651,1.0
3.6522622899287946,2.2279348624266286,1.0,2234.2637774219756,2.140062994736044,2.3240000000000003,0.039210550799441066,2.324,0.0,0.022917651,1.0
3.650200596810523,2.2558438006737322,1.0,2269.266058938017,2.1040921153520107,2.325,0.0393735095634161,2.325,0.0,0.022917651,1.0
3.6466417831861473,2.3000113746645714,1.0,2308.5032896971725,2.0458741177398796,2.3259999999999996,0.03950052025680816,2.326,0.0,0.022917651,1.0
3.6478832765284808,2.2979937523457235,1.0,2355.379993118644,2.053042551480266,2.327,0.03983256293821547,2.327,0.0,0.022917651,1.0
3.6440596368026412,2.3434790023435057,1.0,2395.8643902335866,1.9924475739169136,2.328,0.039905332710280184,2.328,0.0,0.022917651,1.0
3.639260806349806,2.401434720530432,1.0,2445.6944870183083,1.915481368383432,2.329,0.03998083218327658,2.329,0.0,0.022917651,1.0
3.631121716043905,2.4981380153162167,1.0,2513.2457321379475,1.7864065495733568,2.33,0.040058419611618434,2.33,0.0,0.022917651,1.0
