log_Teff,LogL_lsun,Age_gyr,Step,Log_g,Mass_msun,feh,Mass_input,Metallicity_input,Z_used,Age_input
3.5407951804169566,-1.9266017096267387,5.5,299.972849637539,4.959688525080915,0.3,0.025722885405323283,0.3,0.0,0.022917651,5.5
3.540947817351735,-1.9239962792722314,5.5,300.0270948459789,4.958943029207802,0.301,0.02571318950918627,0.301,0.0,0.022917651,5.5
3.5411003846097233,-1.9213892908466772,5.5,300.0815317467267,4.958195696578445,0.302,0.02570335563821987,0.302,0.0,0.022917651,5.5
3.5412528809543717,-1.9187807166990454,5.5,300.13616374173864,4.957446494595997,0.30299999999999994,0.025693381343789783,0.303,0.0,0.022917651,5.5
3.5414053051196928,-1.916170528520116,5.5,300.19099431394955,4.956695389887698,0.30400000000000005,0.025683264118975816,0.304,0.0,0.022917651,5.5
3.5415576558093878,-1.9135586973227787,5.5,300.2460270296961,4.955942348281639,0.305,0.025673001396827246,0.305,0.0,0.022917651,5.5
3.541709931695927,-1.9109451934216206,5.5,300.3012655412288,4.955187334782712,0.30600000000000005,0.025662590548555127,0.306,0.0,0.022917651,5.5
3.541862131419607,-1.9083299864117669,5.5,300.3567135893143,4.95443031354766,0.307,0.025652028881658916,0.307,0.0,0.022917651,5.5
3.54201425358757,-1.9057130451469577,5.5,300.4123750059335,4.953671247859226,0.308,0.025641313637984497,0.308,0.0,0.022917651,5.5
3.542166242741,-1.9031157397796226,5.5,300.47356303137076,4.952931286536606,0.309,0.025629658386259066,0.309,0.0,0.022917651,5.5
3.542318153839817,-1.9005267117909888,5.5,300.53664221528334,4.952199290579989,0.30999999999999994,0.02561747606260321,0.31,0.0,0.022917651,5.5
3.5424700150023396,-1.8979364818683653,5.5,300.5991064352378,4.951465892917784,0.311,0.02560511038539452,0.311,0.0,0.022917651,5.5
3.542621825445263,-1.8953450311581101,5.5,300.6609460448554,4.950731071562713,0.312,0.02559255847853303,0.312,0.0,0.022917651,5.5
3.5427735843688133,-1.8927523404101887,5.5,300.72215119494507,4.949994804065224,0.313,0.025579817405449637,0.313,0.0,0.022917651,5.5
3.5429252909563127,-1.8901583899677008,5.5,300.7827118281451,4.949257067501275,0.314,0.025566884167508443,0.314,0.0,0.022917651,5.5
3.543076944373731,-1.8875631597560758,5.5,300.8426176733942,4.948517838459729,0.31499999999999995,0.025553755702358294,0.315,0.0,0.022917651,5.5
3.5432285437692213,-1.8849666292719187,5.5,300.9018582402253,4.947777093029355,0.316,0.02554042888223146,0.316,0.0,0.022917651,5.5
3.5433800882726416,-1.8823687775714975,5.5,300.96042281287515,4.947034806785395,0.317,0.025526900512187475,0.317,0.0,0.022917651,5.5
3.5435315769950635,-1.8797695832588608,5.5,301.0183004442041,4.9462909547757095,0.318,0.02551316732830017,0.318,0.0,0.022917651,5.5
3.543683009028259,-1.877169024473564,5.5,301.07547994941706,4.945545511506462,0.319,0.025499225995785618,0.319,0.0,0.022917651,5.5
3.543834383444176,-1.8745670788779967,5.5,301.13194989957896,4.944798450927345,0.32,0.02548507310706875,0.32,0.0,0.022917651,5.5
3.5439856992943937,-1.8719637236442908,5.5,301.1876986149171,4.944049746416304,0.32099999999999995,0.025470705179786442,0.321,0.0,0.022917651,5.5
3.5441369556095603,-1.869358935440798,5.5,301.24271415790156,4.943299370763771,0.322,0.02545611865472436,0.322,0.0,0.022917651,5.5
3.5442881513988147,-1.866752690418114,5.5,301.2969843260951,4.942547296156373,0.323,0.025441309893685225,0.323,0.0,0.022917651,5.5
3.5444392856491835,-1.8641449641946377,5.5,301.3504966447644,4.941793494160078,0.32400000000000007,0.025426275177285688,0.324,0.0,0.022917651,5.5
3.544590357324962,-1.861535731841641,5.5,301.40323835924147,4.941037935702793,0.325,0.02541101070267901,0.325,0.0,0.022917651,5.5
3.5447413653670736,-1.8589249678678375,5.5,301.4551964270275,4.940280591056363,0.32600000000000007,0.025395512581200767,0.326,0.0,0.022917651,5.5
3.5448923086924067,-1.8563126462034232,5.5,301.50635750962783,4.939521429817965,0.327,0.025379776835934276,0.327,0.0,0.022917651,5.5
3.545043390119735,-1.8537472679482858,5.5,301.5495740774602,4.938809765132783,0.328,0.025361805624546683,0.328,0.0,0.022917651,5.5
3.54519447332082,-1.8511843187660322,5.5,301.5902298694476,4.938100536652455,0.329,0.0253434328633745,0.329,0.0,0.022917651,5.5
3.5453455491861177,-1.8486213363434305,5.5,301.62864375326194,4.937391245586665,0.33,0.025324757981261416,0.33,0.0,0.022917651,5.5
3.545496617668342,-1.8460583204662075,5.5,301.66480127711435,4.9366818915319755,0.33100000000000007,0.02530577903067539,0.331,0.0,0.022917651,5.5
3.5456476787197952,-1.8434952709182428,5.5,301.69868786473666,4.935972474081472,0.33199999999999996,0.02528649404730945,0.332,0.0,0.022917651,5.5
3.545798732292372,-1.8409321874815516,5.5,301.73028881403775,4.93526299282473,0.333,0.025266901049900647,0.333,0.0,0.022917651,5.5
3.5459497783375498,-1.838369069936263,5.5,301.75958929574335,4.934553447347772,0.3340000000000001,0.025246998040046733,0.334,0.0,0.022917651,5.5
3.546100816806384,-1.8358059180606003,5.5,301.7865743520172,4.9338438372330335,0.3350000000000001,0.025226783002020418,0.335,0.0,0.022917651,5.5
3.5462518476495046,-1.833242731630859,5.5,301.81122889506577,4.933134162059321,0.336,0.025206253902581216,0.336,0.0,0.022917651,5.5
3.5464028708171145,-1.8306795104213878,5.5,301.83353770572273,4.932424421401774,0.3370000000000001,0.02518540869078482,0.337,0.0,0.022917651,5.5
3.54655388625898,-1.8281162542045664,5.5,301.8534854320168,4.931714614831825,0.338,0.02516424529779002,0.338,0.0,0.022917651,5.5
3.546704893924426,-1.8255529627507825,5.5,301.8710565877195,4.931004741917156,0.339,0.025142761636663034,0.339,0.0,0.022917651,5.5
3.5468558937623382,-1.8229896358284123,5.5,301.88623555087463,4.930294802221664,0.34,0.025120955602179303,0.34,0.0,0.022917651,5.5
3.5470068857211507,-1.8204262732037988,5.5,301.8990065623077,4.929584795305413,0.341,0.025098825070622673,0.341,0.0,0.022917651,5.5
3.5471578697488426,-1.817862874641226,5.5,301.90935372411616,4.928874720724594,0.342,0.025076367899581918,0.342,0.0,0.022917651,5.5
3.5473088457929354,-1.8152994399028985,5.5,301.91726099813974,4.928164578031484,0.3430000000000001,0.02505358192774455,0.343,0.0,0.022917651,5.5
3.547459813800486,-1.81273596874892,5.5,301.92271220440983,4.927454366774399,0.344,0.025030464974687944,0.34400000000000003,0.0,0.022917651,5.5
3.547610773718084,-1.810172460937267,5.5,301.925691019579,4.9267440864976555,0.3450000000000001,0.025007014840667634,0.34500000000000003,0.0,0.022917651,5.5
3.5477617254918408,-1.8076089162237663,5.5,301.92618097532926,4.926033736741521,0.3460000000000001,0.024983229306402822,0.34600000000000003,0.0,0.022917651,5.5
3.5479126690673914,-1.8050453343620723,5.5,301.9241654567588,4.92532331704217,0.34700000000000003,0.024959106132859024,0.34700000000000003,0.0,0.022917651,5.5
3.548063604389887,-1.8024817151036419,5.5,301.91962770074787,4.924612826931643,0.3480000000000001,0.024934643061027773,0.34800000000000003,0.0,0.022917651,5.5
3.5482147865697207,-1.7999755450821466,5.5,301.90131982011013,4.923960772864628,0.3490000000000001,0.02490743898504797,0.34900000000000003,0.0,0.022917651,5.5
3.548366021783745,-1.7974789573350871,5.5,301.878483543748,4.923318513128435,0.35000000000000003,0.02487955303507453,0.35000000000000003,0.0,0.022917651,5.5
3.548517274098903,-1.7949835884202197,5.5,301.8527652124638,4.922677540640443,0.35100000000000003,0.024851340512527402,0.35100000000000003,0.0,0.022917651,5.5
3.548668543384879,-1.792489429049691,5.5,301.82418678834676,4.9220378455914515,0.35200000000000004,0.02482280390598375,0.352,0.0,0.022917651,5.5
3.5488198295126785,-1.7899964700297775,5.5,301.7927700109083,4.921399418271672,0.35300000000000004,0.0247939456787999,0.353,0.0,0.022917651,5.5
3.5489711323546103,-1.7875047022596953,5.5,301.7585363998949,4.920762249069469,0.35400000000000004,0.024764768269430037,0.354,0.0,0.022917651,5.5
3.549122451784272,-1.785014116730429,5.5,301.7215072580572,4.92012632847013,0.355,0.024735274091740093,0.355,0.0,0.022917651,5.5
3.5492737876765292,-1.7825247045235761,5.5,301.681703673879,4.919491647054641,0.356,0.024705465535316867,0.356,0.0,0.022917651,5.5
3.549425139907508,-1.7800364568102138,5.5,301.63914652426405,4.9188581954984905,0.357,0.024675344965772526,0.357,0.0,0.022917651,5.5
3.5495765083545714,-1.7775493648497773,5.5,301.5938564771831,4.918225964570485,0.358,0.02464491472504454,0.358,0.0,0.022917651,5.5
3.5497278928963056,-1.7750634199889574,5.5,301.54585399428095,4.917594945131583,0.35900000000000004,0.02461417713169108,0.359,0.0,0.022917651,5.5
3.549879293412508,-1.772578613660615,5.5,301.4951593334447,4.916965128133752,0.36,0.024583134481182052,0.36,0.0,0.022917651,5.5
3.5500307097841697,-1.770094937382712,5.5,301.4417925513337,4.916336504618836,0.361,0.024551789046185764,0.361,0.0,0.022917651,5.5
3.5501821418934596,-1.7676123827572543,5.5,301.3857735058723,4.915709065717441,0.36200000000000004,0.024520143076851353,0.362,0.0,0.022917651,5.5
3.5503335896237127,-1.7651309414692569,5.5,301.3271218587046,4.9150828026478415,0.363,0.024488198801087015,0.363,0.0,0.022917651,5.5
3.5504850528594143,-1.762650605285719,5.5,301.26585707761416,4.9144577067149,0.36400000000000005,0.024455958424834105,0.364,0.0,0.022917651,5.5
3.5506365314861843,-1.7601713660546154,5.5,301.2019984389071,4.9138337693089955,0.365,0.024423424132337234,0.365,0.0,0.022917651,5.5
3.5507880253907658,-1.7576932157039054,5.5,301.13556502976064,4.913210981904987,0.366,0.02439059808641034,0.366,0.0,0.022917651,5.5
3.5509395344610115,-1.7552161462405524,5.5,301.0665757505367,4.912589336061167,0.36699999999999994,0.024357482428698906,0.367,0.0,0.022917651,5.5
3.5510910585858677,-1.752740149749561,5.5,300.99504931706224,4.9119688234182535,0.368,0.02432407927993826,0.368,0.0,0.022917651,5.5
3.5512425976553623,-1.750265218393026,5.5,300.92100426287567,4.91134943569838,0.369,0.024290390740208216,0.369,0.0,0.022917651,5.5
3.5513941515605922,-1.7477913444091961,5.5,300.8444589414408,4.91073116470411,0.37,0.024256418889183902,0.37,0.0,0.022917651,5.5
3.551545720193711,-1.7453185201115522,5.5,300.76543152832863,4.910114002317461,0.371,0.02422216578638297,0.371,0.0,0.022917651,5.5
3.5516973034479116,-1.742846737887897,5.5,300.68394002336754,4.9094979404989445,0.37199999999999994,0.02418763347140925,0.372,0.0,0.022917651,5.5
3.5518489012174213,-1.7403759901994598,5.5,300.600002252762,4.90888297128662,0.37300000000000005,0.02415282396419285,0.373,0.0,0.022917651,5.5
3.552000513397481,-1.7379062695800123,5.5,300.5136358711813,4.908269086795162,0.37399999999999994,0.024117739265226788,0.374,0.0,0.022917651,5.5
3.5521521398843423,-1.7354375686349988,5.5,300.42485836381775,4.90765627921494,0.37500000000000006,0.024082381355800257,0.375,0.0,0.022917651,5.5
3.5523037805752464,-1.732969880040679,5.5,300.3336870484152,4.907044540811116,0.37600000000000006,0.024046752198228466,0.376,0.0,0.022917651,5.5
3.5524554353684166,-1.7305031965432798,5.5,300.240139077269,4.906433863922743,0.377,0.024010853736079245,0.377,0.0,0.022917651,5.5
3.5526071041630485,-1.7280375109581652,5.5,300.1442314391975,4.905824240961895,0.378,0.023974687894396426,0.378,0.0,0.022917651,5.5
3.552758786859293,-1.7255728161690111,5.5,300.04598096148385,4.9052156644127916,0.379,0.023938256579919957,0.379,0.0,0.022917651,5.5
3.5529104833582514,-1.723109105126998,5.5,299.9454043117925,4.9046081268309445,0.38,0.02390156168130298,0.38,0.0,0.022917651,5.5
3.5530621935619586,-1.7206463708500108,5.5,299.84251800005694,4.904001620842317,0.381,0.023864605069325747,0.381,0.0,0.022917651,5.5
3.553214252418256,-1.7181862234667609,5.5,299.7400832262344,4.903399096205331,0.382,0.02382746602140035,0.382,0.0,0.022917651,5.5
3.5533670691159576,-1.715730328845072,5.5,299.6409227624647,4.902803855347189,0.38300000000000006,0.023790218446387998,0.383,0.0,0.022917651,5.5
3.5535199350830604,-1.7132751085851112,5.5,299.5389545574825,4.902209485922559,0.384,0.023752687567001374,0.384,0.0,0.022917651,5.5
3.5536728502749724,-1.7108205620765082,5.5,299.4341811525937,4.9016159871427,0.385,0.023714873639661207,0.385,0.0,0.022917651,5.5
3.553825814647152,-1.7083666887096307,5.5,299.32660508603817,4.901023358219822,0.386,0.02367677692047888,0.386,0.0,0.022917651,5.5
3.5539788281551137,-1.7059134878755802,5.5,299.21622889299437,4.9004315983670885,0.38700000000000007,0.02363839766525687,0.387,0.0,0.022917651,5.5
3.5541318907544244,-1.7034609589661933,5.5,299.1030551055843,4.899840706798608,0.388,0.02359973612948924,0.388,0.0,0.022917651,5.5
3.5542850024007047,-1.7010091013740396,5.5,298.9870862528776,4.899250682729439,0.38900000000000007,0.02356079256836208,0.389,0.0,0.022917651,5.5
3.5544381630496282,-1.6985579144924206,5.5,298.8683248608966,4.898661525375583,0.39,0.02352156723675399,0.39,0.0,0.022917651,5.5
3.554591372656923,-1.6961073977153687,5.5,298.7467734526206,4.898073233953988,0.391,0.023482060389236552,0.391,0.0,0.022917651,5.5
3.554744631178368,-1.6936575504376448,5.5,298.62243454799045,4.897485807682545,0.392,0.02344227228007474,0.392,0.0,0.022917651,5.5
3.554897938569801,-1.6912083720547406,5.5,298.4953106639135,4.896899245780086,0.393,0.02340220316322745,0.393,0.0,0.022917651,5.5
3.5550512947871065,-1.6887598619628739,5.5,298.3654043142678,4.8963135474663835,0.3940000000000001,0.02336185329234791,0.394,0.0,0.022917651,5.5
3.5552046997862248,-1.6863120195589891,5.5,298.23271800990653,4.895728711962147,0.395,0.023321222920784167,0.395,0.0,0.022917651,5.5
3.5553581535231507,-1.6838648442407567,5.5,298.0972542586632,4.8951447384890265,0.396,0.02328031230157953,0.396,0.0,0.022917651,5.5
3.555511655953929,-1.6814183354065708,5.5,297.95901556535534,4.894561626269607,0.397,0.023239121687473042,0.397,0.0,0.022917651,5.5
3.5556652070346595,-1.6789724924555487,5.5,297.8180044317897,4.8939793745274045,0.3980000000000001,0.023197651330899918,0.398,0.0,0.022917651,5.5
3.5558188067214935,-1.6765273147875297,5.5,297.6742233567665,4.893397982486873,0.399,0.023155901483992027,0.399,0.0,0.022917651,5.5
3.5559724549706364,-1.674082801803075,5.5,297.52767483608386,4.892817449373396,0.4000000000000001,0.023113872398578327,0.4,0.0,0.022917651,5.5
3.5561959642892007,-1.6714383919448388,5.5,297.6134547730344,4.892036177025858,0.401,0.023111752417143083,0.401,0.0,0.022917651,5.5
3.5564194579056614,-1.668794160328532,5.5,297.6988952171879,4.8912550201122444,0.4020000000000001,0.02310963698855777,0.402,0.0,0.022917651,5.5
3.5566429356334375,-1.666150109072129,5.5,297.7839921344925,4.890473980004209,0.403,0.02310752616692202,0.403,0.0,0.022917651,5.5
3.5568663972829793,-1.6635062403272942,5.5,297.8687414267286,4.889693058095223,0.404,0.02310542000719599,0.404,0.0,0.022917651,5.5
3.5570898426617097,-1.6608625562800545,5.5,297.9531389302285,4.888912255801011,0.405,0.023103318565217548,0.405,0.0,0.022917651,5.5
3.5573132715739657,-1.6582190591514865,5.5,298.0371804145643,4.888131574560001,0.4060000000000001,0.02310122189771987,0.406,0.0,0.022917651,5.5
3.557536683820932,-1.6555757511984233,5.5,298.12086158120434,4.887351015833769,0.40700000000000003,0.023099130062349447,0.40700000000000003,0.0,0.022917651,5.5
3.5577600792005812,-1.6529326347141755,5.5,298.2041780621377,4.8865705811075255,0.40800000000000003,0.023097043117684544,0.40800000000000003,0.0,0.022917651,5.5
3.5579834575076075,-1.6502897120292745,5.5,298.2871254184643,4.8857902718905795,0.4090000000000001,0.023094961123254102,0.40900000000000003,0.0,0.022917651,5.5
3.5582068185333577,-1.6476469855122255,5.5,298.36969913895103,4.8850100897168325,0.41000000000000003,0.02309288413955709,0.41000000000000003,0.0,0.022917651,5.5
3.5584301620657666,-1.6450044575702891,5.5,298.45189463855235,4.884230036145286,0.4110000000000001,0.023090812228082368,0.41100000000000003,0.0,0.022917651,5.5
3.558653487889284,-1.6423621306502736,5.5,298.53370725689484,4.883450112760558,0.41200000000000003,0.023088745451329006,0.41200000000000003,0.0,0.022917651,5.5
3.558876795784804,-1.639720007239353,5.5,298.61513225672314,4.882670321173401,0.41300000000000014,0.0230866838728271,0.41300000000000003,0.0,0.022917651,5.5
3.559100085529591,-1.6370780898659008,5.5,298.6961648223087,4.881890663021254,0.41400000000000003,0.023084627557159145,0.41400000000000003,0.0,0.022917651,5.5
3.559323356897205,-1.6344363811003484,5.5,298.77680005781747,4.881111139968792,0.41500000000000004,0.023082576569981892,0.41500000000000004,0.0,0.022917651,5.5
3.559546609657424,-1.631794883556063,5.5,298.8570329856381,4.880331753708498,0.4160000000000001,0.023080530978048807,0.41600000000000004,0.0,0.022917651,5.5
3.5597698435761616,-1.6291535998902453,5.5,298.93685854466656,4.879552505961242,0.4170000000000001,0.023078490849233038,0.417,0.0,0.022917651,5.5
3.5599930584153916,-1.6265125328048566,5.5,299.01627158854865,4.878773398476878,0.418,0.023076456252551007,0.418,0.0,0.022917651,5.5
3.56021625393306,-1.6238716850475614,5.5,299.09526688387734,4.877994433034866,0.41899999999999993,0.023074427258186585,0.419,0.0,0.022917651,5.5
3.5604394298830013,-1.621231059412701,5.5,299.1738391083441,4.87721561144489,0.42,0.02307240393751587,0.42,0.0,0.022917651,5.5
3.560662586014851,-1.6185906587422871,5.5,299.2519828488435,4.876436935547508,0.421,0.023070386363132623,0.421,0.0,0.022917651,5.5
3.5608857220739543,-1.6159504859270217,5.5,299.32969259952836,4.87565840721481,0.42200000000000004,0.023068374608874325,0.422,0.0,0.022917651,5.5
3.5611088378012736,-1.6133105439073472,5.5,299.40696275981503,4.874880028351099,0.42299999999999993,0.02306636874984895,0.423,0.0,0.022917651,5.5
3.5613319329332986,-1.6106708356745187,5.5,299.4837876323372,4.87410180089359,0.42400000000000004,0.023064368862462412,0.424,0.0,0.022917651,5.5
3.561555007201941,-1.6080313642717063,5.5,299.5601614208462,4.873323726813114,0.425,0.023062375024446687,0.425,0.0,0.022917651,5.5
3.561778060334443,-1.6053921327951286,5.5,299.63607822805636,4.872545808114857,0.42599999999999993,0.023060387314888766,0.426,0.0,0.022917651,5.5
3.5620010920532694,-1.6027531443952103,5.5,299.71153205343364,4.871768046839116,0.42699999999999994,0.023058405814260233,0.427,0.0,0.022917651,5.5
3.562224102076006,-1.6001144022777767,5.5,299.78651679092656,4.870990445062064,0.42800000000000005,0.02305643060444777,0.428,0.0,0.022917651,5.5
3.5624470901152483,-1.5974759097052744,5.5,299.8610262266362,4.870213004896541,0.42899999999999994,0.023054461768784375,0.429,0.0,0.022917651,5.5
3.562670055878495,-1.594837669998029,5.5,299.9350540364249,4.869435728492871,0.42999999999999994,0.02305249939208141,0.43,0.0,0.022917651,5.5
3.562892999068033,-1.5921996865355332,5.5,300.0085937834606,4.868658618039702,0.431,0.023050543560661566,0.431,0.0,0.022917651,5.5
3.563115919380818,-1.5895619627577704,5.5,300.081638915695,4.867881675764851,0.432,0.023048594362392653,0.432,0.0,0.022917651,5.5
3.563338816508359,-1.586924502166575,5.5,300.154182763275,4.867104903936193,0.433,0.02304665188672236,0.433,0.0,0.022917651,5.5
3.563561690136592,-1.5842873083270284,5.5,300.22621853588225,4.866328304862565,0.434,0.023044716224713876,0.434,0.0,0.022917651,5.5
3.5637845399457557,-1.5816503848688934,5.5,300.2977393200015,4.865551880894691,0.435,0.02304278746908257,0.435,0.0,0.022917651,5.5
3.5640073656102604,-1.5790137354880873,5.5,300.36873807611363,4.86477563442614,0.43599999999999994,0.0230408657142336,0.436,0.0,0.022917651,5.5
3.5642301667985565,-1.5763773639481973,5.5,300.4392076358125,4.8639995678943055,0.43699999999999994,0.023038951056300612,0.437,0.0,0.022917651,5.5
3.5644529431729945,-1.5737412740820345,5.5,300.50914069884095,4.863223683781411,0.43800000000000006,0.023037043593185463,0.438,0.0,0.022917651,5.5
3.5646756943896856,-1.5711054697932345,5.5,300.5785298300457,4.862447984615547,0.439,0.02303514342459906,0.439,0.0,0.022917651,5.5
3.5648984200983582,-1.5684699550578998,5.5,300.6473674562468,4.86167247297174,0.44,0.02303325065210336,0.44,0.0,0.022917651,5.5
3.5651211199422073,-1.5658347339262895,5.5,300.71564586302014,4.8608971514730355,0.44100000000000006,0.023031365379154504,0.441,0.0,0.022917651,5.5
3.565343793557743,-1.563199810524557,5.5,300.78335719138914,4.860122022791637,0.44200000000000006,0.023029487711147198,0.442,0.0,0.022917651,5.5
3.56556644057463,-1.5605651890565344,5.5,300.85049343442233,4.859347089650047,0.443,0.023027617755460316,0.443,0.0,0.022917651,5.5
3.5657890606155305,-1.5579308738055702,5.5,300.9170464337361,4.858572354822272,0.44399999999999995,0.023025755621503833,0.444,0.0,0.022917651,5.5
3.5660116532959347,-1.555296869136419,5.5,300.98300787589636,4.857797821135036,0.44500000000000006,0.02302390142076706,0.445,0.0,0.022917651,5.5
3.5662342182239897,-1.5526631794971828,5.5,301.0483692887171,4.857023491469039,0.446,0.023022055266868284,0.446,0.0,0.022917651,5.5
3.5664567550003237,-1.550029809421312,5.5,301.11312203745354,4.856249368760259,0.447,0.023020217275605832,0.447,0.0,0.022917651,5.5
3.5666792632178668,-1.5473967635296602,5.5,301.17725732088417,4.855475456001275,0.44800000000000006,0.023018387565010606,0.448,0.0,0.022917651,5.5
3.5669017424616603,-1.544764046532603,5.5,301.24076616727893,4.854701756242644,0.44900000000000007,0.02301656625540015,0.449,0.0,0.022917651,5.5
3.5671241923086696,-1.5421316632322148,5.5,301.30363943025077,4.853928272594309,0.45000000000000007,0.023014753469434296,0.45,0.0,0.022917651,5.5
3.5673466123275834,-1.5394996185245116,5.5,301.365867784484,4.853155008227053,0.451,0.02301294933217243,0.451,0.0,0.022917651,5.5
3.5675690020786104,-1.5368679174017603,5.5,301.42744172133763,4.852381966373992,0.452,0.02301115397113248,0.452,0.0,0.022917651,5.5
3.567791361113273,-1.5342365649548544,5.5,301.48835154431805,4.851609150332117,0.453,0.023009367516351603,0.453,0.0,0.022917651,5.5
3.5680136889741876,-1.5316055663757617,5.5,301.5485873644172,4.850836563463873,0.454,0.023007590100448727,0.454,0.0,0.022917651,5.5
3.568236113908134,-1.5289753277961418,5.5,301.6043505191082,4.850065124783176,0.45500000000000007,0.023005815674870964,0.455,0.0,0.022917651,5.5
3.5684587338982823,-1.5263461822517175,5.5,301.6522430567479,4.849295559172716,0.456,0.023004039720694903,0.456,0.0,0.022917651,5.5
3.56868131578967,-1.5237174214152798,5.5,301.69886083001103,4.848526225872301,0.457,0.023002273599779063,0.457,0.0,0.022917651,5.5
3.568903858960785,-1.5210890515626518,5.5,301.7441830433928,4.847757128671655,0.458,0.023000517472535516,0.458,0.0,0.022917651,5.5
3.56912636277652,-1.5184610791069086,5.5,301.78818844659355,4.846988271443383,0.459,0.022998771502884548,0.459,0.0,0.022917651,5.5
3.5693488265878046,-1.5158335106021508,5.5,301.83085532201727,4.846219658145247,0.46,0.02299703585835105,0.46,0.0,0.022917651,5.5
3.5695712497312146,-1.513206352747399,5.5,301.87216147185563,4.845451292822524,0.461,0.022995310710164182,0.461,0.0,0.022917651,5.5
3.5697936315285754,-1.5105796123906252,5.5,301.9120842047416,4.844683179610434,0.4620000000000001,0.022993596233360298,0.462,0.0,0.022917651,5.5
3.5700159712865482,-1.5079532965329134,5.5,301.9506003219549,4.843915322736658,0.463,0.02299189260688938,0.463,0.0,0.022917651,5.5
3.5702382682962073,-1.5053274123327645,5.5,301.9876861031627,4.8431477265239335,0.464,0.022990200013725003,0.464,0.0,0.022917651,5.5
3.5704605218325933,-1.5027019671105446,5.5,302.0233172916765,4.842380395392741,0.4650000000000001,0.02298851864097809,0.465,0.0,0.022917651,5.5
3.5706827311542657,-1.5000769683530857,5.5,302.05746907920565,4.8416133338640845,0.466,0.02298684868001449,0.466,0.0,0.022917651,5.5
3.5709048955028226,-1.4974524237184463,5.5,302.09011609008905,4.840846546562367,0.467,0.02298519032657664,0.467,0.0,0.022917651,5.5
3.5711270141024203,-1.4948283410408334,5.5,302.1212323649813,4.840080038218356,0.468,0.022983543780909388,0.468,0.0,0.022917651,5.5
3.5713490861592656,-1.4922047283356952,5.5,302.15079134397394,4.839313813672266,0.4690000000000001,0.022981909247890196,0.46900000000000003,0.0,0.022917651,5.5
3.571571110861093,-1.4895815938049948,5.5,302.17876584912653,4.838547877876941,0.47000000000000003,0.022980286937163894,0.47000000000000003,0.0,0.022917651,5.5
3.5717930873766277,-1.4869589458426675,5.5,302.2051280663857,4.83778223590115,0.47100000000000003,0.022978677063282153,0.47100000000000003,0.0,0.022917651,5.5
3.5720150148550225,-1.4843367930402678,5.5,302.2298495268645,4.837016892932995,0.47200000000000003,0.02297707984584788,0.47200000000000003,0.0,0.022917651,5.5
3.5722368924252796,-1.4817151441928216,5.5,302.2529010874568,4.836251854283445,0.47300000000000003,0.02297549550966478,0.47300000000000003,0.0,0.022917651,5.5
3.5724587191956525,-1.4790940083048847,5.5,302.27425291076014,4.8354871253899985,0.47400000000000003,0.022973924284892207,0.47400000000000003,0.0,0.022917651,5.5
3.572680494253021,-1.4764733945968203,5.5,302.29387444427533,4.834722711820473,0.47500000000000003,0.022972366407205607,0.47500000000000003,0.0,0.022917651,5.5
3.5729022166622486,-1.4738533125113027,5.5,302.3117343988544,4.833958619276926,0.4760000000000001,0.0229708221179628,0.47600000000000003,0.0,0.022917651,5.5
3.5731238854655167,-1.4712337717200585,5.5,302.3278007263649,4.833194853599732,0.47700000000000004,0.02296929166437622,0.47700000000000004,0.0,0.022917651,5.5
3.573345499681631,-1.4686147821308544,5.5,302.3420405965354,4.832431420771806,0.47800000000000004,0.022967775299691587,0.47800000000000004,0.0,0.022917651,5.5
3.573567058305301,-1.4659963538947411,5.5,302.35442037294905,4.8316683269229665,0.4790000000000001,0.022966273283373032,0.47900000000000004,0.0,0.022917651,5.5
3.5737885603064035,-1.4633784974135677,5.5,302.3649055881473,4.830905578334484,0.48000000000000004,0.022964785881295167,0.48,0.0,0.022917651,5.5
3.574010004629201,-1.4607612233477747,5.5,302.37346091780483,4.830143181443777,0.481,0.022963313365942303,0.481,0.0,0.022917651,5.5
3.5742313901915517,-1.4581445426244806,5.5,302.38005015393594,4.8293811428493045,0.482,0.022961856016615097,0.482,0.0,0.022917651,5.5
3.5744527158840675,-1.4555284664458734,5.5,302.3846361770889,4.828619469315629,0.483,0.022960414119645094,0.483,0.0,0.022917651,5.5
3.574673980569262,-1.4529130062979188,5.5,302.3871809274837,4.827858167778673,0.48400000000000004,0.0229589879686173,0.484,0.0,0.022917651,5.5
3.5748951830806455,-1.4502981739594067,5.5,302.3876453750466,4.827097245351185,0.485,0.022957577864601363,0.485,0.0,0.022917651,5.5
3.575116322221801,-1.4476839815113411,5.5,302.3859894882905,4.826336709328408,0.486,0.02295618411639164,0.486,0.0,0.022917651,5.5
3.575337396765417,-1.4450704413466937,5.5,302.3821722019907,4.825576567193974,0.48700000000000004,0.022954807040756496,0.487,0.0,0.022917651,5.5
3.5755584054522807,-1.4424575661805414,5.5,302.3761513836005,4.824816826626015,0.488,0.022953446962697407,0.488,0.0,0.022917651,5.5
3.57577934699024,-1.4398453690606001,5.5,302.36788379834775,4.824057495503538,0.489,0.022952104215718173,0.489,0.0,0.022917651,5.5
3.576000220053114,-1.4372338633781705,5.5,302.35732507295444,4.823298581913019,0.49,0.022950779142104787,0.49,0.0,0.022917651,5.5
3.5762210232795693,-1.4346230628795265,5.5,302.3444296579122,4.822540094155299,0.49100000000000005,0.022949472093216423,0.491,0.0,0.022917651,5.5
3.5764417552719454,-1.4320129816777531,5.5,302.329150788249,4.82178204075271,0.492,0.0229481834297881,0.492,0.0,0.022917651,5.5
3.5766624145950363,-1.4294036342650647,5.5,302.3114404427138,4.821024430456535,0.493,0.02294691352224549,0.493,0.0,0.022917651,5.5
3.57688299977482,-1.4267950355256225,5.5,302.29124930130655,4.820267272254731,0.49400000000000005,0.02294566275103254,0.494,0.0,0.022917651,5.5
3.5771035092971366,-1.4241872007488734,5.5,302.2685267010726,4.819510575379998,0.495,0.022944431506952474,0.495,0.0,0.022917651,5.5
3.5773239416063163,-1.4215801456434416,5.5,302.24322059007983,4.818754349318156,0.496,0.022943220191522777,0.496,0.0,0.022917651,5.5
3.577544295103743,-1.4189738863515917,5.5,302.21527747948954,4.817998603816886,0.497,0.022942029217344926,0.497,0.0,0.022917651,5.5
3.5777645681463635,-1.4163684394642952,5.5,302.18464239362953,4.81724334889482,0.49800000000000005,0.022940859008489526,0.498,0.0,0.022917651,5.5
3.5779847590451332,-1.4137638220369322,5.5,302.1512588179702,4.8164885948510365,0.499,0.02293971000089758,0.499,0.0,0.022917651,5.5
3.578204866063397,-1.4111600516056546,5.5,302.1150686449015,4.8157343522749265,0.5,0.0229385826427988,0.5,0.0,0.022917651,5.5
3.5785136069561108,-1.408272752551289,5.5,302.3473647715353,4.814873829428218,0.501,0.022938496482757396,0.501,0.0,0.022917651,5.5
3.5788223872455154,-1.4053851760958633,5.5,302.57976996375254,4.814013186764041,0.5020000000000001,0.022938410080539207,0.502,0.0,0.022917651,5.5
3.579131207518984,-1.4024973181035383,5.5,302.81228584763824,4.813152422496008,0.503,0.022938323432533558,0.503,0.0,0.022917651,5.5
3.5794400683756273,-1.3996091743558485,5.5,303.0449140817633,4.812291534802041,0.504,0.02293823653505764,0.504,0.0,0.022917651,5.5
3.5797489704265835,-1.3967207405496282,5.5,303.27765635800085,4.811430521823481,0.505,0.022938149384354713,0.505,0.0,0.022917651,5.5
3.580057914295325,-1.3938320122948735,5.5,303.51051440236546,4.81056938166416,0.506,0.022938061976592195,0.506,0.0,0.022917651,5.5
3.580366900617966,-1.3909429851125417,5.5,303.7434899758791,4.809708112389451,0.507,0.02293797430785981,0.507,0.0,0.022917651,5.5
3.580675930043593,-1.3880536544322837,5.5,303.9765848754631,4.808846712025289,0.508,0.022937886374167542,0.508,0.0,0.022917651,5.5
3.5809850032345896,-1.3851640155901028,5.5,304.2098009348577,4.80798517855716,0.509,0.022937798171443625,0.509,0.0,0.022917651,5.5
3.581294120866981,-1.382274063825945,5.5,304.44314002556985,4.807123509929059,0.51,0.022937709695532434,0.51,0.0,0.022917651,5.5
3.5816032836307885,-1.3793837942812148,5.5,304.67660405785045,4.806261704042421,0.511,0.02293762094219232,0.511,0.0,0.022917651,5.5
3.5819124922303938,-1.3764932019962088,5.5,304.9101949817025,4.805399758755007,0.512,0.02293753190709336,0.512,0.0,0.022917651,5.5
3.5822217473849105,-1.3736022819074751,5.5,305.14391478792015,4.8045376718797685,0.5130000000000001,0.02293744258581505,0.513,0.0,0.022917651,5.5
3.5825310498285763,-1.3707110288450837,5.5,305.37776550916095,4.803675441183661,0.514,0.02293735297384395,0.514,0.0,0.022917651,5.5
3.582840400311149,-1.3678194375298138,5.5,305.6117492210524,4.802813064386443,0.5150000000000001,0.022937263066571175,0.515,0.0,0.022917651,5.5
3.583149799598323,-1.364927502570252,5.5,305.84586804333316,4.801950539159404,0.5160000000000001,0.02293717285928993,0.516,0.0,0.022917651,5.5
3.5834592484721477,-1.362035218459793,5.5,306.0801241410312,4.801087863124086,0.517,0.02293708234719282,0.517,0.0,0.022917651,5.5
3.583768747731474,-1.3591425795735481,5.5,306.31451972567993,4.800225033850937,0.5180000000000001,0.022936991525369203,0.518,0.0,0.022917651,5.5
3.5840782981924058,-1.356249580165154,5.5,306.5490570565736,4.799362048857938,0.519,0.022936900388802407,0.519,0.0,0.022917651,5.5
3.584387900688766,-1.3533562143634723,5.5,306.7837384420633,4.7984989056091765,0.52,0.022936808932366784,0.52,0.0,0.022917651,5.5
3.5846975560725802,-1.350462476169186,5.5,307.0185662408961,4.797635601513376,0.521,0.02293671715082482,0.521,0.0,0.022917651,5.5
3.58500726521458,-1.3475683594512835,5.5,307.253542863598,4.796772133922376,0.522,0.02293662503882401,0.522,0.0,0.022917651,5.5
3.5853170290047163,-1.3446738579434232,5.5,307.48867077390213,4.795908500129563,0.5230000000000001,0.02293653259089372,0.523,0.0,0.022917651,5.5
3.5856268483526903,-1.3417789652401797,5.5,307.7239524902251,4.795044697368254,0.5240000000000001,0.02293643980144187,0.524,0.0,0.022917651,5.5
3.58593672418851,-1.3388836747931632,5.5,307.9593905871928,4.794180722810007,0.525,0.022936346664751587,0.525,0.0,0.022917651,5.5
3.586246657463055,-1.3359879799070085,5.5,308.19498769721724,4.7933165735629055,0.526,0.022936253174977696,0.526,0.0,0.022917651,5.5
3.58655664914867,-1.3330918737352293,5.5,308.4307465121271,4.792452246669754,0.5270000000000001,0.02293615932614305,0.527,0.0,0.022917651,5.5
3.5868667002397667,-1.3301953492759282,5.5,308.6666697848531,4.791587739106232,0.528,0.02293606511213487,0.528,0.0,0.022917651,5.5
3.5871768117534617,-1.327298399367364,5.5,308.90276033117243,4.790723047778979,0.5290000000000001,0.022935970526700787,0.529,0.0,0.022917651,5.5
3.587486984730224,-1.3244010166833626,5.5,309.1390210315117,4.789858169523611,0.5300000000000001,0.022935875563444924,0.53,0.0,0.022917651,5.5
3.587797220234547,-1.3215031937285722,5.5,309.3754548328132,4.78899310110267,0.5310000000000001,0.022935780215823678,0.531,0.0,0.022917651,5.5
3.5881075193556526,-1.31860492283355,5.5,309.61206475046663,4.788127839203503,0.532,0.022935684477141467,0.532,0.0,0.022917651,5.5
3.588417883208204,-1.3157061961496788,5.5,309.8488538703071,4.7872623804360686,0.533,0.022935588340546285,0.533,0.0,0.022917651,5.5
3.5887283129330636,-1.3128070056439047,5.5,310.0858253506852,4.786396721330662,0.5340000000000001,0.022935491799025123,0.534,0.0,0.022917651,5.5
3.5890388096980574,-1.3099073430932868,5.5,310.3229824246089,4.785530858335554,0.535,0.022935394845399172,0.535,0.0,0.022917651,5.5
3.589349374698784,-1.3070072000793518,5.5,310.56032840196326,4.78466478781457,0.536,0.022935297472318945,0.536,0.0,0.022917651,5.5
3.5896600091594393,-1.3041065679822499,5.5,310.7978666718088,4.7837985060445485,0.537,0.02293519967225913,0.537,0.0,0.022917651,5.5
3.5899707143336816,-1.3012054379746956,5.5,311.03560070476345,4.782932009212731,0.538,0.022935101437513327,0.538,0.0,0.022917651,5.5
3.5902814915055186,-1.2983038010156898,5.5,311.2735340554703,4.78206529341405,0.5390000000000001,0.022935002760188564,0.539,0.0,0.022917651,5.5
3.5905923419902366,-1.295401647844014,5.5,311.5116703651565,4.781198354648323,0.54,0.022934903632199605,0.54,0.0,0.022917651,5.5
3.590903267135353,-1.2924989689714834,5.5,311.75001336428505,4.780331188817328,0.5410000000000001,0.02293480404526307,0.541,0.0,0.022917651,5.5
3.5912142683216133,-1.2895957546759504,5.5,311.9885668753059,4.779463791721792,0.542,0.022934703990891328,0.542,0.0,0.022917651,5.5
3.591525346964023,-1.28669199499405,5.5,312.22733481550847,4.778596159058251,0.543,0.022934603460386154,0.543,0.0,0.022917651,5.5
3.591836585140468,-1.283788545058038,5.5,312.4557750550247,4.777729474265198,0.544,0.022934502229391262,0.544,0.0,0.022917651,5.5
3.5921479816106507,-1.2808853654440953,5.5,312.67449021071434,4.776863692975653,0.545,0.022934400306847864,0.545,0.0,0.022917651,5.5
3.5924594589125713,-1.2779815970269568,5.5,312.8939063644311,4.775997646227612,0.546,0.022934297898066214,0.546,0.0,0.022917651,5.5
3.5927710186414163,-1.2750772281867933,5.5,313.11403735013147,4.7751313287823365,0.547,0.022934194993450556,0.547,0.0,0.022917651,5.5
3.5930826624346257,-1.2721722469959986,5.5,313.3348973681937,4.774264735262338,0.548,0.022934091583150986,0.548,0.0,0.022917651,5.5
3.5933943919732965,-1.2692666412089337,5.5,313.5565009976303,4.773397860146738,0.549,0.022933987657054962,0.549,0.0,0.022917651,5.5
3.5937062089836536,-1.2663603982512535,5.5,313.77886320879225,4.772530697766469,0.5500000000000002,0.022933883204778488,0.55,0.0,0.022917651,5.5
3.59401811523857,-1.2634535052088058,5.5,314.00199937658897,4.77166324229926,0.551,0.02293377821565696,0.551,0.0,0.022917651,5.5
3.5943301125591542,-1.260545948816072,5.5,314.22592529424657,4.7707954877644285,0.552,0.022933672678735605,0.552,0.0,0.022917651,5.5
3.594642202816404,-1.2576377154441367,5.5,314.45065718763277,4.769927428017458,0.553,0.022933566582759562,0.553,0.0,0.022917651,5.5
3.5949543879329235,-1.2547287910881588,5.5,314.6762117301733,4.769059056744346,0.554,0.022933459916163527,0.554,0.0,0.022917651,5.5
3.5952666698847158,-1.2518191613543181,5.5,314.90260605839046,4.768190367455722,0.555,0.02293335266706097,0.555,0.0,0.022917651,5.5
3.595579050703053,-1.2489088114462188,5.5,315.1298577880938,4.767321353480718,0.556,0.022933244823232904,0.556,0.0,0.022917651,5.5
3.5958915324764167,-1.2459977261507127,5.5,315.3579850312537,4.766452007960575,0.557,0.022933136372116202,0.557,0.0,0.022917651,5.5
3.5962041173525297,-1.2430858898231263,5.5,315.58700641359417,4.765582323841982,0.5580000000000002,0.02293302730079137,0.558,0.0,0.022917651,5.5
3.5965168075404708,-1.2401732863718484,5.5,315.8169410929388,4.764712293870129,0.559,0.02293291759596983,0.559,0.0,0.022917651,5.5
3.596829605312883,-1.237259899242255,5.5,316.0478087783489,4.763841910581462,0.56,0.02293280724398064,0.56,0.0,0.022917651,5.5
3.5971425130082744,-1.2343457113999379,5.5,316.2796297500932,4.762971166296116,0.5610000000000002,0.022932696230756663,0.561,0.0,0.022917651,5.5
3.597455533033421,-1.2314307053131939,5.5,316.5124248804921,4.762100053110022,0.562,0.02293258454182007,0.562,0.0,0.022917651,5.5
3.59776866786588,-1.228514862934746,5.5,316.7462156556825,4.761228562886674,0.563,0.02293247216226729,0.5630000000000001,0.0,0.022917651,5.5
3.5980819200566057,-1.2255981656826487,5.5,316.98102419834765,4.760356687248508,0.5640000000000001,0.0229323590767532,0.5640000000000001,0.0,0.022917651,5.5
3.5983952922326927,-1.2226805944203423,5.5,317.2168732914669,4.759484417567917,0.5650000000000001,0.022932245269474683,0.5650000000000001,0.0,0.022917651,5.5
3.5987087871002355,-1.2197621294358032,5.5,317.45378640313504,4.758611744957849,0.5660000000000002,0.0229321307241534,0.5660000000000001,0.0,0.022917651,5.5
3.5990224074473214,-1.216842750419751,5.5,317.6917877125109,4.757738660261984,0.5670000000000001,0.022932015424017783,0.5670000000000001,0.0,0.022917651,5.5
3.5993361561471593,-1.2139224364428531,5.5,317.9309021369535,4.756865154044457,0.5680000000000001,0.022931899351784236,0.5680000000000001,0.0,0.022917651,5.5
3.5996500361613513,-1.2110011659318811,5.5,318.1711553604103,4.755991216579097,0.5690000000000001,0.022931782489637408,0.5690000000000001,0.0,0.022917651,5.5
3.599964050543322,-1.2080789166447574,5.5,318.4125738631266,4.755116837838196,0.5700000000000001,0.022931664819209625,0.5700000000000001,0.0,0.022917651,5.5
3.6002782024419027,-1.205155665644429,5.5,318.6551849527469,4.754242007480718,0.5710000000000001,0.022931546321559294,0.5710000000000001,0.0,0.022917651,5.5
3.6005924951050865,-1.2022313892715133,5.5,318.89901679688467,4.753366714839967,0.5720000000000002,0.0229314269771483,0.5720000000000001,0.0,0.022917651,5.5
3.600906931883964,-1.199306063115636,5.5,319.1440984572442,4.7524909489106655,0.5730000000000001,0.022931306765818376,0.5730000000000001,0.0,0.022917651,5.5
3.601221516236848,-1.1963796619853952,5.5,319.3904599253791,4.751614698335418,0.5740000000000001,0.022931185666766263,0.5740000000000001,0.0,0.022917651,5.5
3.6015362517335925,-1.1934521598768746,5.5,319.6381321601814,4.750737951390511,0.5750000000000001,0.02293106365851773,0.5750000000000001,0.0,0.022917651,5.5
3.6018511420601285,-1.1905235299406163,5.5,319.8871471271984,4.7498606959710195,0.5760000000000001,0.02293094071890028,0.5760000000000001,0.0,0.022917651,5.5
3.602166191023221,-1.1875937444469753,5.5,320.1375378398841,4.748982919575198,0.577,0.02293081682501456,0.577,0.0,0.022917651,5.5
3.602481402555462,-1.1846627747497498,5.5,320.38933840289434,4.7481046092880685,0.578,0.02293069195320431,0.578,0.0,0.022917651,5.5
3.60279678072051,-1.1817305912479996,5.5,320.64258405754754,4.747225751764223,0.579,0.022930566079024852,0.579,0.0,0.022917651,5.5
3.603112329718598,-1.1787971633459349,5.5,320.8973112295769,4.7463463332097255,0.5800000000000001,0.022930439177209928,0.58,0.0,0.022917651,5.5
3.603428053892322,-1.1758624594107687,5.5,321.15355757931025,4.745466339363118,0.581,0.022930311221636957,0.581,0.0,0.022917651,5.5
3.6037439577327164,-1.1729264467284066,5.5,321.4113620544229,4.744585755475441,0.582,0.02293018218529037,0.582,0.0,0.022917651,5.5
3.604060135267606,-1.1699903646751464,5.5,321.67004794188284,4.7437061954981905,0.583,0.02293005219426054,0.583,0.0,0.022917651,5.5
3.604376511723566,-1.1670529467813906,5.5,321.9303488200459,4.742826095211858,0.584,0.02292992106582458,0.584,0.0,0.022917651,5.5
3.6046930861275457,-1.1641140616207162,5.5,322.1923622687434,4.741945319403144,0.585,0.022929788757195275,0.585,0.0,0.022917651,5.5
3.6050098639545363,-1.161173668610394,5.5,322.4561356554896,4.741063849387962,0.5860000000000001,0.022929655235729988,0.586,0.0,0.022917651,5.5
3.6053268508833134,-1.1582317256571455,5.5,322.7217181108871,4.740181665786777,0.587,0.02292952046757106,0.587,0.0,0.022917651,5.5
3.605644052806012,-1.1552881890862028,5.5,322.98916061142774,4.739298748491942,0.588,0.022929384417588787,0.588,0.0,0.022917651,5.5
3.6059614758382383,-1.1523430135663322,5.5,323.2585160670053,4.738415076633184,0.589,0.02292924704932107,0.589,0.0,0.022917651,5.5
3.6062791263297695,-1.149396152030548,5.5,323.5298394134535,4.737530628541095,0.59,0.02292910832490967,0.59,0.0,0.022917651,5.5
3.6065970108758663,-1.1464475555922342,5.5,323.80318771045086,4.736645381708525,0.5910000000000001,0.02292896820503274,0.591,0.0,0.022917651,5.5
3.6069151363292544,-1.14349717345635,5.5,324.07862024515816,4.735759312749685,0.592,0.02292882664883336,0.592,0.0,0.022917651,5.5
3.6072335098128123,-1.1405449528253868,5.5,324.35619864198515,4.734872397356867,0.593,0.02292868361384399,0.593,0.0,0.022917651,5.5
3.607552138733013,-1.1375908387997085,5.5,324.6359869789114,4.733984610254554,0.5940000000000001,0.022928539055906184,0.594,0.0,0.022917651,5.5
3.607871030794183,-1.1346347742718779,5.5,324.9180519108257,4.733095925150764,0.595,0.022928392929085707,0.595,0.0,0.022917651,5.5
3.6081901940136287,-1.131676699814548,5.5,325.20246280037975,4.732206314685442,0.5960000000000001,0.022928245185582265,0.596,0.0,0.022917651,5.5
3.6085096367376863,-1.1287165535614474,5.5,325.48929185689786,4.731315750375666,0.597,0.02292809577563385,0.597,0.0,0.022917651,5.5
3.608829367658783,-1.1257542710809663,5.5,325.7786142839271,4.730424202557445,0.598,0.022927944647415023,0.598,0.0,0.022917651,5.5
3.6091493958335596,-1.1227897852417963,5.5,326.0705084360597,4.729531640323855,0.599,0.022927791746928834,0.599,0.0,0.022917651,5.5
3.60946973070215,-1.1198230260700346,5.5,326.365055985718,4.728638031459264,0.6,0.02292763701789192,0.6,0.0,0.022917651,5.5
3.6098427515691154,-1.1169204395375645,5.5,326.5162133184819,4.727896995012593,0.601,0.022927629034896875,0.601,0.0,0.022917651,5.5
3.610215876175872,-1.114017097658403,5.5,326.66833842810377,4.7271556182019445,0.602,0.022927621002554934,0.602,0.0,0.022917651,5.5
3.6105891060640345,-1.1111129892077987,5.5,326.82144569613206,4.7264138959693724,0.603,0.02292761292013277,0.603,0.0,0.022917651,5.5
3.6109624428059153,-1.1082081027374868,5.5,326.9755497904879,4.725671823156221,0.6040000000000001,0.02292760478688248,0.604,0.0,0.022917651,5.5
3.61133588800529,-1.1053024265700981,5.5,327.13066567262825,4.724929394500592,0.605,0.022927596602041172,0.605,0.0,0.022917651,5.5
3.611709443298195,-1.1023959487934005,5.5,327.2868086049267,4.724186604634758,0.6060000000000001,0.02292758836483062,0.606,0.0,0.022917651,5.5
3.612083142337421,-1.0994890053570125,5.5,327.44383345495163,4.723443924891494,0.607,0.022927580068940148,0.607,0.0,0.022917651,5.5
3.6124569897943193,-1.0965816144039584,5.5,327.6017396691309,4.7227013921462,0.608,0.022927571713580692,0.608,0.0,0.022917651,5.5
3.612830952740647,-1.0936733852439033,5.5,327.76071714721843,4.721958483150274,0.6090000000000001,0.022927563304100288,0.609,0.0,0.022917651,5.5
3.613205032960372,-1.09076430492902,5.5,327.92078243708295,4.721215192091754,0.61,0.022927554839662922,0.61,0.0,0.022917651,5.5
3.6135792322744,-1.0878543602434272,5.5,328.08195242917884,4.720471513038351,0.6110000000000001,0.022927546319415293,0.611,0.0,0.022917651,5.5
3.6139535525415294,-1.0849435376962155,5.5,328.24424436545695,4.719727439934326,0.612,0.022927537742486306,0.612,0.0,0.022917651,5.5
3.6143279956594414,-1.0820318235142574,5.5,328.40767584855615,4.718982966597261,0.613,0.022927529107986674,0.613,0.0,0.022917651,5.5
3.6147025635657255,-1.0791192036347863,5.5,328.57226485128444,4.718238086714722,0.614,0.022927520415008402,0.614,0.0,0.022917651,5.5
3.615077258238932,-1.076205663697745,5.5,328.7380297264011,4.71749279384083,0.615,0.022927511662624297,0.615,0.0,0.022917651,5.5
3.615452081699662,-1.0732911890378871,5.5,328.9049892167099,4.716747081392716,0.6160000000000002,0.022927502849887454,0.616,0.0,0.022917651,5.5
3.615827036011686,-1.0703757646766254,5.5,329.0731624654767,4.716000942646857,0.617,0.022927493975830743,0.617,0.0,0.022917651,5.5
3.6162021232831085,-1.0674593753136197,5.5,329.2425690271823,4.7152543707353045,0.6180000000000001,0.022927485039466265,0.618,0.0,0.022917651,5.5
3.616577345667563,-1.0645420053180892,5.5,329.4132288786235,4.714507358641783,0.619,0.02292747603978478,0.619,0.0,0.022917651,5.5
3.616952705365446,-1.0616236387198448,5.5,329.585162430376,4.713759899197666,0.6200000000000001,0.02292746697575512,0.62,0.0,0.022917651,5.5
3.6173282046251947,-1.0587042592000255,5.5,329.7583905386323,4.713011985077815,0.6210000000000001,0.022927457846323628,0.621,0.0,0.022917651,5.5
3.6177038457446042,-1.055783850081531,5.5,329.93293451743,4.712263608796286,0.622,0.0229274486504135,0.622,0.0,0.022917651,5.5
3.618079631072193,-1.0528623943191375,5.5,330.1088161512849,4.711514762701898,0.6230000000000001,0.022927439386924178,0.623,0.0,0.022917651,5.5
3.618455563008604,-1.0499398744892834,5.5,330.28605770824356,4.710765438973638,0.6240000000000001,0.02292743005473065,0.624,0.0,0.022917651,5.5
3.6188316440080652,-1.0470162727795131,5.5,330.46468195337485,4.7100156296159295,0.625,0.022927420652682814,0.625,0.0,0.022917651,5.5
3.619207876579889,-1.0440915709775682,5.5,330.6447121627141,4.709265326453735,0.6260000000000001,0.022927411179604767,0.626,0.0,0.022917651,5.5
3.6195842632900286,-1.0411657504601055,5.5,330.82617213767975,4.708514521127494,0.6270000000000001,0.022927401634294024,0.627,0.0,0.022917651,5.5
3.6199609256061067,-1.038238838885525,5.5,331.0088919038825,4.70776372694861,0.628,0.02292739181560029,0.628,0.0,0.022917651,5.5
3.6203378184636565,-1.0353107993843527,5.5,331.1929759590499,4.707012726866048,0.629,0.022927381803701994,0.629,0.0,0.022917651,5.5
3.6207148729201997,-1.0323815842631756,5.5,331.37856727781605,4.706261197544867,0.6300000000000001,0.02292737171817556,0.63,0.0,0.022917651,5.5
3.6210920917648584,-1.029451173231352,5.5,331.56569187483245,4.705509129850661,0.6310000000000001,0.022927361557750214,0.631,0.0,0.022917651,5.5
3.621469477851311,-1.026519545528597,5.5,331.7543763668821,4.704756514437598,0.632,0.02292735132112574,0.632,0.0,0.022917651,5.5
3.6218470340996705,-1.0235866799113136,5.5,331.9446479904019,4.704003341742274,0.633,0.022927341006971688,0.633,0.0,0.022917651,5.5
3.622224763498431,-1.020652554638447,5.5,332.1365346196206,4.703249601977337,0.6340000000000001,0.02292733061392642,0.634,0.0,0.022917651,5.5
3.6226026691064783,-1.0177171474568367,5.5,332.3300647853375,4.702495285124894,0.6350000000000001,0.022927320140596237,0.635,0.0,0.022917651,5.5
3.622980754055178,-1.0147804355860497,5.5,332.5252676943691,4.701740380929694,0.6360000000000001,0.02292730958555443,0.636,0.0,0.022917651,5.5
3.623359021550532,-1.01184239570267,5.5,332.7221732496899,4.700984878892036,0.637,0.02292729894734026,0.637,0.0,0.022917651,5.5
3.6237374748754174,-1.0089030039240254,5.5,332.920812071299,4.700228768260462,0.638,0.022927288224457987,0.638,0.0,0.022917651,5.5
3.6241161173919036,-1.005962235791322,5.5,333.12121551784054,4.699472038024153,0.639,0.022927277415375768,0.639,0.0,0.022917651,5.5
3.624494952543656,-1.0030200662521678,5.5,333.3234157090119,4.698714676905064,0.64,0.0229272665185246,0.64,0.0,0.022917651,5.5
3.624873983858426,-1.0000764696424536,5.5,333.5274455487927,4.697956673349773,0.6410000000000001,0.02292725553229714,0.641,0.0,0.022917651,5.5
3.62525321495063,-0.9971314196675699,5.5,333.73333874952897,4.697198015521014,0.642,0.022927244455046607,0.642,0.0,0.022917651,5.5
3.625632649524033,-0.9941848893829232,5.5,333.9411298569116,4.696438691288918,0.643,0.022927233285085464,0.643,0.0,0.022917651,5.5
3.6260122913745243,-0.9912368511737268,5.5,334.15085427588565,4.695678688221908,0.644,0.022927222020684222,0.644,0.0,0.022917651,5.5
3.626392395426248,-0.9882869579617033,5.5,334.3623505395455,4.694918678831885,0.645,0.022927210665902795,0.645,0.0,0.022917651,5.5
3.6267727833825405,-0.9853354102295954,5.5,334.57580159308384,4.694158150511684,0.6460000000000001,0.02292719921794209,0.646,0.0,0.022917651,5.5
3.627153390256152,-0.9823822657661008,5.5,334.79130012906376,4.693396901132637,0.647,0.022927187673799126,0.647,0.0,0.022917651,5.5
3.6275342202160563,-0.9794274941637138,5.5,335.0088851389119,4.6926349169631925,0.648,0.022927176031642252,0.648,0.0,0.022917651,5.5
3.627915277537758,-0.9764710642379049,5.5,335.2285966104289,4.691872183920904,0.6489999999999999,0.022927164289593006,0.649,0.0,0.022917651,5.5
3.62829656660672,-0.9735129440021425,5.5,335.45047555982006,4.691108687561161,0.65,0.022927152445724613,0.65,0.0,0.022917651,5.5
3.6286780919219193,-0.9705531006419421,5.5,335.67456406497064,4.69034441306545,0.6510000000000001,0.022927140498060432,0.651,0.0,0.022917651,5.5
3.6290598580995463,-0.9675915004879045,5.5,335.9009053000202,4.689579345229203,0.652,0.02292712844457232,0.652,0.0,0.022917651,5.5
3.6294418698768443,-0.9646281089876916,5.5,336.1295435712976,4.688813468449125,0.653,0.022927116283178946,0.653,0.0,0.022917651,5.5
3.6298241321161044,-0.9616628906768926,5.5,336.36052435467883,4.688046766710045,0.6540000000000001,0.022927104011744047,0.654,0.0,0.022917651,5.5
3.63020664980882,-0.9586958091487291,5.5,336.59389433443397,4.687279223571232,0.655,0.022927091628074586,0.655,0.0,0.022917651,5.5
3.630589428080008,-0.9557268270225454,5.5,336.8297014436325,4.68651082215217,0.6560000000000001,0.022927079129918863,0.656,0.0,0.022917651,5.5
3.6309724721926986,-0.9527559059110249,5.5,337.0679949061809,4.685741545117747,0.657,0.022927066514964543,0.657,0.0,0.022917651,5.5
3.6313557875526192,-0.9497830063860737,5.5,337.3088252805704,4.684971374662855,0.658,0.022927053780836607,0.658,0.0,0.022917651,5.5
3.63173950953276,-0.9468081464004487,5.5,337.55188335662785,4.684200872022023,0.659,0.022927040901223977,0.659,0.0,0.022917651,5.5
3.632123523668562,-0.9438312203360473,5.5,337.79755887120393,4.683429472073308,0.66,0.022927027896912738,0.66,0.0,0.022917651,5.5
3.632507827368681,-0.9408521809694436,5.5,338.04593049269874,4.682657117111793,0.6610000000000001,0.02292701476694043,0.661,0.0,0.022917651,5.5
3.6328924267023246,-0.9378709840062662,5.5,338.2970547309485,4.68188378712061,0.662,0.02292700150867322,0.662,0.0,0.022917651,5.5
3.6332773279095067,-0.9348875839055671,5.5,338.5509896861465,4.681109461519557,0.663,0.022926988119403163,0.663,0.0,0.022917651,5.5
3.6336625374070968,-0.9319019338356567,5.5,338.80779510518624,4.6803341191451375,0.664,0.022926974596345556,0.664,0.0,0.022917651,5.5
3.6340480617951334,-0.9289139856280503,5.5,339.0675324404168,4.67955773822975,0.6650000000000001,0.0229269609366362,0.665,0.0,0.022917651,5.5
3.6344339078634036,-0.9259236897294267,5.5,339.3302649109327,4.678780296379979,0.666,0.022926947137328558,0.666,0.0,0.022917651,5.5
3.6348200825983144,-0.9229309951515012,5.5,339.59605756652564,4.67800177055394,0.667,0.022926933195390773,0.667,0.0,0.022917651,5.5
3.635206593190059,-0.9199358494187043,5.5,339.86497735443385,4.677222137037637,0.6680000000000001,0.022926919107702542,0.668,0.0,0.022917651,5.5
3.6355934470401037,-0.9169381985135546,5.5,340.1370931890345,4.6764413714202755,0.6689999999999999,0.02292690487105188,0.669,0.0,0.022917651,5.5
3.6359807036489724,-0.9139378886441599,5.5,340.4123672191973,4.675659557068196,0.67,0.022926890480984275,0.67,0.0,0.022917651,5.5
3.636368443384411,-0.9109347217300431,5.5,340.69072519990004,4.674876816152666,0.6710000000000002,0.022926875932888346,0.671,0.0,0.022917651,5.5
3.6367565536904904,-0.9079288649412238,5.5,340.9724983323402,4.674092867563098,0.672,0.022926861226142407,0.672,0.0,0.022917651,5.5
3.6371450430065244,-0.9049202570189473,5.5,341.25776439260954,4.673307683796124,0.673,0.0229268463571334,0.673,0.0,0.022917651,5.5
3.637533920030047,-0.9019088348301018,5.5,341.5466035365451,4.67252123650685,0.674,0.0229268313221377,0.674,0.0,0.022917651,5.5
3.6379231937267664,-0.8988945332949767,5.5,341.8390983914474,4.671733496476414,0.675,0.02292681611731688,0.675,0.0,0.022917651,5.5
3.638312873340978,-0.8958772853116558,5.5,342.135334152075,4.6709444335780415,0.676,0.022926800738713237,0.676,0.0,0.022917651,5.5
3.6387029684064744,-0.8928570216768578,5.5,342.43539868114766,4.670154016741511,0.677,0.022926785182245134,0.677,0.0,0.022917651,5.5
3.6390934887579633,-0.8898336710030287,5.5,342.7393826146075,4.669362213915928,0.6780000000000002,0.0229267694437021,0.678,0.0,0.022917651,5.5
3.6394844445430348,-0.8868071596314789,5.5,343.0473794719042,4.66856899203072,0.679,0.022926753518739712,0.679,0.0,0.022917651,5.5
3.6398759061218753,-0.8837772665541113,5.5,343.3593534490614,4.66777441159505,0.68,0.022926737363209868,0.68,0.0,0.022917651,5.5
3.640267918066315,-0.880743826945667,5.5,343.67533506706116,4.666978486188186,0.6810000000000002,0.022926720956227966,0.681,0.0,0.022917651,5.5
3.6406604004442076,-0.8777069781096428,5.5,343.9956311938339,4.66618103329738,0.682,0.022926704356174,0.682,0.0,0.022917651,5.5
3.6410533648687426,-0.8746666358853367,5.5,344.32034833798895,4.665382015214932,0.683,0.022926687558281755,0.683,0.0,0.022917651,5.5
3.64144682333853,-0.871622713318924,5.5,344.6495965429393,4.664581392981706,0.6840000000000002,0.02292667055762686,0.684,0.0,0.022917651,5.5
3.6418407882537185,-0.8685751205466168,5.5,344.9834895347691,4.663779126334772,0.685,0.022926653349120116,0.685,0.0,0.022917651,5.5
3.6422352724329383,-0.8655237646719053,5.5,345.32214487758785,4.662975173652403,0.6860000000000002,0.022926635927500598,0.686,0.0,0.022917651,5.5
3.642630289131102,-0.8624685496365363,5.5,345.66568413681404,4.66216949189628,0.687,0.02292661828732831,0.687,0.0,0.022917651,5.5
3.6430258520581282,-0.859409376084844,5.5,346.0142330508683,4.661362036550691,0.6880000000000001,0.022926600422976524,0.6880000000000001,0.0,0.022917651,5.5
3.6434221585880158,-0.8563453553140018,5.5,346.3677672335089,4.660552711799974,0.6890000000000002,0.022926582082861385,0.6890000000000001,0.0,0.022917651,5.5
3.643819065931736,-0.853277064440889,5.5,346.72654057236895,4.659741520781801,0.6900000000000001,0.022926563467004942,0.6900000000000001,0.0,0.022917651,5.5
3.644216560149752,-0.850204519469534,5.5,347.09071449299836,4.658928423214308,0.6910000000000001,0.022926544607631286,0.6910000000000001,0.0,0.022917651,5.5
3.6446146567608126,-0.8471276079085618,5.5,347.46043180330395,4.658113368682492,0.6920000000000001,0.022926525498301074,0.6920000000000001,0.0,0.022917651,5.5
3.6450133718356885,-0.8440462132651733,5.5,347.83584039100566,4.65729630497805,0.6930000000000002,0.02292650613234591,0.6930000000000001,0.0,0.022917651,5.5
3.64541272202193,-0.8409602148656294,5.5,348.2170934515294,4.65647717801891,0.6940000000000002,0.022926486502858077,0.6940000000000001,0.0,0.022917651,5.5
3.6458127245699794,-0.8378694876659863,5.5,348.6043497282817,4.65565593176442,0.6950000000000001,0.022926466602679687,0.6950000000000001,0.0,0.022917651,5.5
3.6462134938983417,-0.8347734823766721,5.5,348.99764726110436,4.654832473882887,0.6960000000000002,0.022926446535674175,0.6960000000000001,0.0,0.022917651,5.5
3.6466150741539076,-0.8316719476303572,5.5,349.39713438975684,4.654006729450809,0.6970000000000001,0.02292642632910716,0.6970000000000001,0.0,0.022917651,5.5
3.6470173677444513,-0.828565249445688,5.5,349.80314623541886,4.653178675007,0.6980000000000001,0.022926405842509233,0.6980000000000001,0.0,0.022917651,5.5
3.647420394825081,-0.8254532419309488,5.5,350.2158671524083,4.652348245282632,0.6990000000000002,0.022926385067968198,0.6990000000000001,0.0,0.022917651,5.5
3.6478241763174295,-0.8223357736459871,5.5,350.6354885062594,4.651515372526621,0.7,0.022926363997270924,0.7000000000000001,0.0,0.022917651,5.5
3.6482379956102076,-0.81956657717685,5.5,350.87894398359305,4.650981373647419,0.7010000000000002,0.022926362493024113,0.7010000000000001,0.0,0.022917651,5.5
3.6486520152401916,-0.8167960129775109,5.5,351.12416409845844,4.6504468084304555,0.7020000000000001,0.022926360977934716,0.7020000000000001,0.0,0.022917651,5.5
3.649066238135675,-0.8140240610561026,5.5,351.371174644246,4.649911668597673,0.7030000000000001,0.022926359451844246,0.7030000000000001,0.0,0.022917651,5.5
3.6494807856006397,-0.8112503077321586,5.5,351.6199177170543,4.649376023960766,0.7039999999999998,0.02292635780842627,0.704,0.0,0.022917651,5.5
3.6498956194830945,-0.8084748677742072,5.5,351.87045439016254,4.648839837245464,0.705,0.022926356084762133,0.705,0.0,0.022917651,5.5
3.6503106657907574,-0.8056979759194818,5.5,352.12286811238096,4.648303048334688,0.706,0.022926354349930005,0.706,0.0,0.022917651,5.5
3.6507259276832262,-0.8029196105725592,5.5,352.377186802822,4.647765648271422,0.7070000000000001,0.02292635260376377,0.707,0.0,0.022917651,5.5
3.6511414083830753,-0.8001397497076043,5.5,352.633438937047,4.647227627920128,0.7080000000000001,0.02292635084609401,0.708,0.0,0.022917651,5.5
3.6515571111774268,-0.7973583708575913,5.5,352.8916535609976,4.646688977962276,0.709,0.0229263490767479,0.709,0.0,0.022917651,5.5
3.651973039419576,-0.7945754511032042,5.5,353.15186030535,4.646149688891745,0.71,0.02292634729554915,0.71,0.0,0.022917651,5.5
3.652389196530668,-0.7917909670613951,5.5,353.41408940030266,4.645609751010073,0.711,0.022926345502317896,0.711,0.0,0.022917651,5.5
3.65280558600142,-0.7890048948735985,5.5,353.6783716908173,4.64506915442157,0.712,0.022926343696870622,0.712,0.0,0.022917651,5.5
3.6532222115306707,-0.7862172091180437,5.5,353.94473851310437,4.644527888499832,0.7130000000000001,0.022926341879016876,0.713,0.0,0.022917651,5.5
3.653639186082372,-0.7834270297040625,5.5,354.21311349810827,4.64398552499412,0.7140000000000001,0.022926340045963545,0.714,0.0,0.022917651,5.5
3.654056405154824,-0.7806351868067075,5.5,354.48364240085385,4.643442476043445,0.715,0.02292633819996818,0.715,0.0,0.022917651,5.5
3.654473872550486,-0.7778416545577093,5.5,354.75635871619045,4.642898730988683,0.7159999999999999,0.0229263363408295,0.716,0.0,0.022917651,5.5
3.654891592151072,-0.7750464065496454,5.5,355.0312966370751,4.642354278948551,0.717,0.022926334468342063,0.717,0.0,0.022917651,5.5
3.655309567919618,-0.7722494158218204,5.5,355.30849107285604,4.641809108813784,0.7180000000000001,0.022926332582296115,0.718,0.0,0.022917651,5.5
3.6557278039026326,-0.7694506548456994,5.5,355.5879776681332,4.641263209241141,0.719,0.022926330682477482,0.719,0.0,0.022917651,5.5
3.6561463042323012,-0.7666500955098801,5.5,355.86979282221773,4.640716568647207,0.7200000000000001,0.022926328768667452,0.72,0.0,0.022917651,5.5
3.6565650731287653,-0.7638477091045829,5.5,356.15397370921295,4.640169175202002,0.7209999999999999,0.022926326840642653,0.721,0.0,0.022917651,5.5
3.656984263651961,-0.7610430799431278,5.5,356.4405624820479,4.639621226979813,0.722,0.022926324948432122,0.722,0.0,0.022917651,5.5
3.6574041010469904,-0.7582355966082673,5.5,356.72961663645117,4.639073015873947,0.723,0.022926323165657476,0.723,0.0,0.022917651,5.5
3.6578242154412126,-0.7554261965203944,5.5,357.0211721588714,4.638523996024187,0.724,0.022926321365170182,0.724,0.0,0.022917651,5.5
3.658244611308091,-0.7526148487244554,5.5,357.31526944574006,4.637974154369532,0.7250000000000001,0.02292631954668419,0.725,0.0,0.022917651,5.5
3.658665293217939,-0.7498015215952338,5.5,357.61194976805206,4.637423477566217,0.726,0.02292631770990726,0.726,0.0,0.022917651,5.5
3.6590862658405507,-0.7469861828191173,5.5,357.91125529516205,4.636871951980021,0.727,0.022926315854540778,0.727,0.0,0.022917651,5.5
3.6595075339479277,-0.7441687993752629,5.5,358.2132291193618,4.636319563678315,0.728,0.022926313980279587,0.728,0.0,0.022917651,5.5
3.6599291024170872,-0.741349337516143,5.5,358.51791528126876,4.63576629842186,0.729,0.02292631208681184,0.729,0.0,0.022917651,5.5
3.660351130606794,-0.7385271175530452,5.5,358.82533357034606,4.635212111827771,0.73,0.022926310112525012,0.73,0.0,0.022917651,5.5
3.660773731466209,-0.7357016557890028,5.5,359.1355165066573,4.6346569705437,0.7310000000000001,0.022926308017044157,0.731,0.0,0.022917651,5.5
3.661196650757217,-0.7328740016470502,5.5,359.4485554377012,4.6341009106361435,0.7319999999999999,0.02292630590436958,0.732,0.0,0.022917651,5.5
3.6616198938449838,-0.7300441181884276,5.5,359.76449848333107,4.633543916627474,0.7329999999999999,0.022926303774211603,0.733,0.0,0.022917651,5.5
3.6620434662158816,-0.727211967639861,5.5,360.08339485051596,4.632985972690392,0.734,0.02292630162627398,0.734,0.0,0.022917651,5.5
3.662467373480936,-0.724377511369861,5.5,360.4052948642153,4.632427062638004,0.735,0.022926299460253746,0.735,0.0,0.022917651,5.5
3.662891621379383,-0.721540709864211,5.5,360.7302499993116,4.631867169913543,0.736,0.022926297275841015,0.736,0.0,0.022917651,5.5
3.6633162382784707,-0.7187014073005772,5.5,361.05833391182045,4.631306252738017,0.737,0.02292629507329702,0.737,0.0,0.022917651,5.5
3.663741332811776,-0.7158590183778852,5.5,361.38970727103754,4.630744163053144,0.738,0.02292629285596035,0.738,0.0,0.022917651,5.5
3.6641667795756034,-0.7130141623137308,5.5,361.7243105603434,4.630181015176261,0.739,0.022926290620901794,0.739,0.0,0.022917651,5.5
3.6645925847049234,-0.7101667961367257,5.5,362.0622000369819,4.629616790676328,0.7400000000000001,0.02292628836781269,0.74,0.0,0.022917651,5.5
3.6650187544780093,-0.707316875871717,5.5,362.40343327230585,4.6290514706917785,0.741,0.022926286096377153,0.741,0.0,0.022917651,5.5
3.665445295320652,-0.7044643565103047,5.5,362.7480691903721,4.628485035917871,0.7420000000000001,0.02292628380627188,0.742,0.0,0.022917651,5.5
3.6658722138105135,-0.7016091919803171,5.5,363.09616810790584,4.627917466593595,0.7430000000000001,0.022926281497165933,0.743,0.0,0.022917651,5.5
3.6662996230464144,-0.6987506191932665,5.5,363.4478396395038,4.62734845087767,0.744,0.022926279252351883,0.744,0.0,0.022917651,5.5
3.666727531494896,-0.6958885805245455,5.5,363.803155063147,4.626777964885659,0.7450000000000001,0.022926277071522873,0.745,0.0,0.022917651,5.5
3.6671558378930995,-0.6930237560765711,5.5,364.16213277763995,4.626206284799429,0.7460000000000001,0.02292627486874671,0.746,0.0,0.022917651,5.5
3.6675845494337653,-0.6901560954977809,5.5,364.52483897705235,4.6256333890363255,0.7470000000000001,0.02292627264362671,0.747,0.0,0.022917651,5.5
3.668013673484026,-0.687285547215819,5.5,364.8913414603557,4.625059255490416,0.748,0.02292627039575657,0.748,0.0,0.022917651,5.5
3.6684432175907227,-0.6844120584003108,5.5,365.26170968035973,4.624483861516529,0.7490000000000001,0.022926268124720074,0.749,0.0,0.022917651,5.5
3.6688732532894246,-0.681535168048073,5.5,365.6359306490479,4.623907033342991,0.75,0.02292626577309248,0.75,0.0,0.022917651,5.5
3.669303845321208,-0.6786544730131338,5.5,366.0140091576471,4.623328627838951,0.751,0.022926263296679072,0.751,0.0,0.022917651,5.5
3.66973488889899,-0.6757706437168257,5.5,366.3961726188123,4.622748894383298,0.752,0.022926260799405997,0.752,0.0,0.022917651,5.5
3.670166392540844,-0.6728836210336843,5.5,366.7824980920771,4.622167807925233,0.753,0.02292625828087976,0.753,0.0,0.022917651,5.5
3.670598364980447,-0.6699933443416913,5.5,367.17306458746623,4.621585342779881,0.7540000000000001,0.022926255740696892,0.754,0.0,0.022917651,5.5
3.671030815173948,-0.6670997514746242,5.5,367.56795312760056,4.621001472608108,0.7550000000000001,0.022926253178443663,0.755,0.0,0.022917651,5.5
3.6714637437528737,-0.6642017431838602,5.5,367.96747842785396,4.620415097225965,0.756,0.02292625054492107,0.756,0.0,0.022917651,5.5
3.6718971547164307,-0.6612997775035968,5.5,368.37162102725557,4.619826692236696,0.7569999999999999,0.022926247861045024,0.757,0.0,0.022917651,5.5
3.6723310598026897,-0.6583943091599649,5.5,368.7803538005457,4.619236761025073,0.758,0.022926245150195465,0.758,0.0,0.022917651,5.5
3.6727654686079427,-0.6554852701282223,5.5,369.19376589285844,4.618645273950542,0.759,0.02292624241184855,0.759,0.0,0.022917651,5.5
3.6732003909785864,-0.6525725906106841,5.5,369.6119487727362,4.61805220060002,0.76,0.02292623964546677,0.76,0.0,0.022917651,5.5
3.6736359543662416,-0.6496555739867875,5.5,370.03512610809804,4.617457355628208,0.761,0.022926236850350296,0.761,0.0,0.022917651,5.5
3.6740722459078587,-0.646733742380966,5.5,370.46348905590645,4.616860610753949,0.762,0.02292623402583885,0.762,0.0,0.022917651,5.5
3.6745090790815063,-0.6438080727150879,5.5,370.89692260902353,4.616262194382757,0.763,0.022926231171605235,0.763,0.0,0.022917651,5.5
3.674946464670442,-0.6408784885778883,5.5,371.335527717242,4.615662073237092,0.7640000000000001,0.022926228287057728,0.764,0.0,0.022917651,5.5
3.675384413746078,-0.6379449115162069,5.5,371.7794080279786,4.6150602131501595,0.7650000000000001,0.022926225371588782,0.765,0.0,0.022917651,5.5
3.675822994305516,-0.6350064452912412,5.5,372.22867959018794,4.61445598928812,0.7660000000000001,0.022926222464649006,0.766,0.0,0.022917651,5.5
3.676262232935296,-0.6320628011342884,5.5,372.68345918679296,4.6138492190408575,0.767,0.022926219577788537,0.767,0.0,0.022917651,5.5
3.6767020723257353,-0.6291148958928668,5.5,373.1438493882066,4.613240590718957,0.768,0.022926216661963733,0.768,0.0,0.022917651,5.5
3.6771425248531124,-0.6261626417843277,5.5,373.60996577856184,4.6126300660442,0.7690000000000001,0.022926213716577888,0.769,0.0,0.022917651,5.5
3.6775836032360063,-0.6232059485981336,5.5,374.0819271388112,4.6120176056796724,0.77,0.02292621074101782,0.77,0.0,0.022917651,5.5
3.6780252197765217,-0.6202434905790547,5.5,374.55977289343906,4.611401532165766,0.7710000000000001,0.022926207750855337,0.771,0.0,0.022917651,5.5
3.678467473472127,-0.6172761379815487,5.5,375.04370463288126,4.610783112461162,0.772,0.022926204733031884,0.772,0.0,0.022917651,5.5
3.6789103974046973,-0.6143040185799123,5.5,375.5338683727547,4.61016260683433,0.7730000000000001,0.022926201683935343,0.773,0.0,0.022917651,5.5
3.6793540059402607,-0.611327030201249,5.5,376.03039769134756,4.6095399705750815,0.7739999999999999,0.022926198602895395,0.774,0.0,0.022917651,5.5
3.6797984103650965,-0.608344195996663,5.5,376.53362061882194,4.608914674491158,0.775,0.02292619545353188,0.775,0.0,0.022917651,5.5
3.680243613878536,-0.6053555054159185,5.5,377.04366402990496,4.608286720727606,0.7760000000000001,0.02292619223674781,0.776,0.0,0.022917651,5.5
3.680689542104841,-0.6023616564715615,5.5,377.5604979859625,4.607656507522764,0.777,0.022926188984115792,0.777,0.0,0.022917651,5.5
3.6811362109056645,-0.5993625362634661,5.5,378.08427111036434,4.607023985424666,0.778,0.02292618569485123,0.778,0.0,0.022917651,5.5
3.6815838004424672,-0.5963567615099306,5.5,378.6151282095046,4.606388489754826,0.7790000000000001,0.022926182325018064,0.779,0.0,0.022917651,5.5
3.6820323576831364,-0.5933439941057295,5.5,379.15323306977933,4.605749869992965,0.7800000000000001,0.022926178865355137,0.78,0.0,0.022917651,5.5
3.682481713729802,-0.5903255567298099,5.5,379.6987604971276,4.605108775586383,0.7810000000000001,0.022926175363839164,0.781,0.0,0.022917651,5.5
3.6829318866245973,-0.5873013213180613,5.5,380.2518781404373,4.604465150641825,0.782,0.022926171819524836,0.782,0.0,0.022917651,5.5
3.683382979521452,-0.5842699155383351,5.5,380.81285871434943,4.603818033530515,0.7830000000000001,0.02292616816921047,0.783,0.0,0.022917651,5.5
3.683834970987779,-0.5812317898104098,5.5,381.3818378197697,4.603167789628707,0.7839999999999999,0.022926164448464532,0.784,0.0,0.022917651,5.5
3.684287836509723,-0.5781874508606485,5.5,381.9589476505467,4.60251482855693,0.785,0.022926160690354067,0.785,0.0,0.022917651,5.5
3.684741619086254,-0.5751365958546166,5.5,382.5444182456375,4.6018590198656755,0.786,0.022926156901004854,0.786,0.0,0.022917651,5.5
3.6851966169780126,-0.5720770385965739,5.5,383.13896498079697,4.601199375671186,0.787,0.022926153166768885,0.787,0.0,0.022917651,5.5
3.68565251432847,-0.5690108913394349,5.5,383.7421927738469,4.600536739378478,0.788,0.022926149384341135,0.788,0.0,0.022917651,5.5
3.6861093321334977,-0.5659380002542752,5.5,384.35430426484555,4.59987104114365,0.789,0.022926145552596675,0.789,0.0,0.022917651,5.5
3.686567438683024,-0.5628561976856916,5.5,384.9757142051236,4.59920158604194,0.79,0.022926141661609646,0.79,0.0,0.022917651,5.5
3.6870266728399086,-0.5597663961028725,5.5,385.6065240474567,4.598528642200373,0.791,0.022926137714483822,0.791,0.0,0.022917651,5.5
3.6874868926207904,-0.5566693860966062,5.5,386.24685590547074,4.597852432477802,0.792,0.022926133714087856,0.792,0.0,0.022917651,5.5
3.6879482434775728,-0.553563675972355,5.5,386.8970856333514,4.597172047516627,0.793,0.022926129635815827,0.793,0.0,0.022917651,5.5
3.68841074685332,-0.5504489703740963,5.5,387.55744945774654,4.596487277832744,0.7940000000000002,0.022926125481810923,0.794,0.0,0.022917651,5.5
3.6888742885270793,-0.5473265366752159,5.5,388.2280211113017,4.595798933356049,0.7949999999999999,0.022926121278474494,0.795,0.0,0.022917651,5.5
3.689338970722685,-0.544195241543009,5.5,388.90915811522353,4.595106285353353,0.796,0.02292611702950799,0.796,0.0,0.022917651,5.5
3.6898048383378823,-0.5410546619397183,5.5,389.601141896619,4.594409089039077,0.797,0.022926112730714775,0.797,0.0,0.022917651,5.5
3.690271820830492,-0.5379057948359262,5.5,390.30409699199146,4.593708064533459,0.7980000000000002,0.022926108372903577,0.798,0.0,0.022917651,5.5
3.690740073228699,-0.5347466359525103,5.5,391.0184131411052,4.5930018327018125,0.799,0.022926103956878524,0.799,0.0,0.022917651,5.5
3.691209597975176,-0.531577308399225,5.5,391.7443576162527,4.5922905254951845,0.8000000000000002,0.02292609947975112,0.8,0.0,0.022917651,5.5
3.6915920911747,-0.5289714365212698,5.5,392.00199217408317,4.591726152589276,0.801,0.022926098943239534,0.801,0.0,0.022917651,5.5
3.691974705261676,-0.5263636864333626,5.5,392.26233871341526,4.5911603851095135,0.8020000000000002,0.022926098408199248,0.802,0.0,0.022917651,5.5
3.6923575307965755,-0.5237531459048392,5.5,392.52550183380606,4.590592671984174,0.803,0.02292609789051871,0.803,0.0,0.022917651,5.5
3.6927405493539895,-0.5211399786621999,5.5,392.7915073030468,4.590023103376265,0.804,0.02292609738123863,0.804,0.0,0.022917651,5.5
3.6931236920181756,-0.5185248606817315,5.5,393.0603352050709,4.589452080426152,0.805,0.022926096866222115,0.805,0.0,0.022917651,5.5
3.693506960321576,-0.5159077678761518,5.5,393.3320203906592,4.588879585175935,0.8060000000000002,0.022926096345398335,0.806,0.0,0.022917651,5.5
3.693890355821968,-0.5132886757599725,5.5,393.6065982867368,4.588305599370839,0.807,0.022926095818695286,0.807,0.0,0.022917651,5.5
3.694273906902991,-0.5106673015373547,5.5,393.8841275361305,4.587729954353564,0.808,0.022926095273086294,0.808,0.0,0.022917651,5.5
3.694657711268751,-0.5080426950971386,5.5,394.1647280856084,4.587152092995074,0.8090000000000002,0.022926094662891257,0.809,0.0,0.022917651,5.5
3.695041648449153,-0.5054160057323978,5.5,394.4483356323316,4.5865726799532425,0.8100000000000002,0.02292609404765113,0.81,0.0,0.022917651,5.5
3.6954257201188994,-0.5027872071788885,5.5,394.73498809246445,4.5859916956624085,0.8110000000000003,0.022926093427302292,0.811,0.0,0.022917651,5.5
3.695809927980966,-0.5001562727289383,5.5,395.02472402232394,4.585409120226582,0.8120000000000002,0.022926092801780047,0.812,0.0,0.022917651,5.5
3.6961942802947614,-0.49752310250286563,5.5,395.3175898531757,4.584824886623818,0.8130000000000002,0.022926092172741667,0.8130000000000001,0.0,0.022917651,5.5
3.696578899205505,-0.4948863229016442,5.5,395.613762482065,4.584238106503526,0.8140000000000002,0.02292609157166952,0.8140000000000001,0.0,0.022917651,5.5
3.6969636592735795,-0.49224731874429173,5.5,395.91314523777726,4.5836496664108735,0.8150000000000002,0.022926090964700958,0.8150000000000001,0.0,0.022917651,5.5
3.6973485623151676,-0.48960606140884333,5.5,396.2157794229958,4.583059544988038,0.8160000000000002,0.022926090351760128,0.8160000000000001,0.0,0.022917651,5.5
3.697733610177743,-0.4869625217802046,5.5,396.52170705201036,4.582467720509224,0.8170000000000002,0.022926089732769838,0.8170000000000001,0.0,0.022917651,5.5
3.698118819612825,-0.48431643510019134,5.5,396.8310023877222,4.581873995110203,0.8180000000000001,0.022926089112402074,0.8180000000000001,0.0,0.022917651,5.5
3.6985042620512556,-0.48166666751513243,5.5,397.1438596115648,4.581277520244474,0.8190000000000001,0.022926088512463055,0.8190000000000001,0.0,0.022917651,5.5
3.6988898548603664,-0.4790145221549348,5.5,397.4601462044103,4.580679269224774,0.8200000000000001,0.022926087905614182,0.8200000000000001,0.0,0.022917651,5.5
3.699275600015163,-0.47635996778933415,5.5,397.77990720840654,4.580079218722673,0.8210000000000001,0.022926087291764707,0.8210000000000001,0.0,0.022917651,5.5
3.699661499525389,-0.47370297263874733,5.5,398.1031884579624,4.579477344999413,0.822,0.022926086670822274,0.8220000000000001,0.0,0.022917651,5.5
3.7000477624437296,-0.47104233256310085,5.5,398.43017631229463,4.578873282030055,0.8230000000000002,0.022926086114543574,0.8230000000000001,0.0,0.022917651,5.5
3.70043441751914,-0.46837784573365604,5.5,398.760952887236,4.578266943112819,0.8240000000000001,0.0229260856391336,0.8240000000000001,0.0,0.022917651,5.5
3.700821227823496,-0.46571082515419604,5.5,399.0954111354645,4.577658691300139,0.8250000000000001,0.022926085164202897,0.8250000000000001,0.0,0.022917651,5.5
3.7012081954226916,-0.4630412371038078,5.5,399.43360005525676,4.577048501133867,0.8260000000000002,0.022926084689757847,0.8260000000000001,0.0,0.022917651,5.5
3.701595322419447,-0.46036904726053723,5.5,399.7755695182346,4.57643634670209,0.8270000000000002,0.022926084215804936,0.8270000000000001,0.0,0.022917651,5.5
3.7019820827279815,-0.4576936879385863,5.5,400.1213199077,4.575819551542236,0.8280000000000002,0.022926083426148908,0.8280000000000001,0.0,0.022917651,5.5
3.7023690162732046,-0.4550156328810813,5.5,400.4709398196489,4.575200753462001,0.8290000000000002,0.022926082630799,0.8290000000000001,0.0,0.022917651,5.5
3.702756126627089,-0.452334846276317,5.5,400.82448243522384,4.5745799309456405,0.8300000000000003,0.02292608183037953,0.8300000000000001,0.0,0.022917651,5.5
3.7031434162263057,-0.4496512904797809,5.5,401.1820018147248,4.5739570560936125,0.8310000000000001,0.022926081024820633,0.8310000000000001,0.0,0.022917651,5.5
3.7035312415896486,-0.4469634396850564,5.5,401.543775819635,4.573332033958945,0.8320000000000002,0.022926080289342555,0.8320000000000001,0.0,0.022917651,5.5
3.70391940466992,-0.44427207927858636,5.5,401.9097477360716,4.572704855320803,0.8330000000000001,0.02292607957995155,0.833,0.0,0.022917651,5.5
3.70430775075677,-0.44157782686389413,5.5,402.279878077099,4.572075516871175,0.8340000000000001,0.02292607886287964,0.834,0.0,0.022917651,5.5
3.70469628240606,-0.4388806420512864,5.5,402.6542249191407,4.5714439884462,0.8350000000000001,0.022926078138019536,0.835,0.0,0.022917651,5.5
3.70508506079252,-0.43617907426419306,5.5,403.03304274900864,4.570809058241505,0.8360000000000001,0.02292607740308889,0.836,0.0,0.022917651,5.5
3.705474072015359,-0.4334734682655393,5.5,403.41634980098286,4.570171016839231,0.8370000000000001,0.022926076658582706,0.837,0.0,0.022917651,5.5
3.705863275790867,-0.43076481237136294,5.5,403.80406765423106,4.5695306957011885,0.838,0.022926075905980253,0.838,0.0,0.022917651,5.5
3.7062526748467923,-0.4280530633760961,5.5,404.1962587932464,4.568888062532085,0.8390000000000001,0.022926075145166844,0.839,0.0,0.022917651,5.5
3.7066423092132865,-0.4253371785433449,5.5,404.5930809498248,4.568242239772837,0.8400000000000001,0.022926074374549167,0.84,0.0,0.022917651,5.5
3.7070321676373195,-0.42261751404821674,5.5,404.99456290625267,4.567593536449158,0.8410000000000001,0.022926073594601876,0.841,0.0,0.022917651,5.5
3.707422231672462,-0.41989460183295996,5.5,405.40071692612526,4.566942407765529,0.8420000000000001,0.022926072806057667,0.842,0.0,0.022917651,5.5
3.707812504295217,-0.4171683948823236,5.5,405.8116106440375,4.566288818611502,0.8430000000000001,0.022926072008792094,0.843,0.0,0.022917651,5.5
3.708202932945695,-0.4144373552710339,5.5,406.22750811491,4.565631020081632,0.844,0.022926071290126068,0.844,0.0,0.022917651,5.5
3.708593567210592,-0.4117026301291014,5.5,406.6483288991364,4.564970358406698,0.8449999999999999,0.0229260705844976,0.845,0.0,0.022917651,5.5
3.708984421124524,-0.4089644559966224,5.5,407.0741078194434,4.564307126422738,0.8460000000000001,0.022926069875456572,0.846,0.0,0.022917651,5.5
3.7093755109273725,-0.4062224689151898,5.5,407.50495426513993,4.56364102462448,0.8469999999999999,0.022926069165717176,0.847,0.0,0.022917651,5.5
3.709766884636617,-0.40347556363499404,5.5,407.94106711198856,4.562971138115664,0.848,0.022926068464930213,0.848,0.0,0.022917651,5.5
3.7101584904001172,-0.4007250340096687,5.5,408.3823689299046,4.562298555520641,0.849,0.0229260677614268,0.849,0.0,0.022917651,5.5
3.7105503317055644,-0.39797082556662283,5.5,408.82893770723894,4.561623236318217,0.8500000000000001,0.02292606705516611,0.85,0.0,0.022917651,5.5
3.7109425049957414,-0.3952111656805006,5.5,409.28114077359237,4.560943796409795,0.851,0.02292606625113535,0.851,0.0,0.022917651,5.5
3.7113349644178655,-0.3924468836044698,5.5,409.73892033095876,4.560260880214893,0.8520000000000001,0.022926065392085023,0.852,0.0,0.022917651,5.5
3.711727668227749,-0.38967875551235437,5.5,410.2022211830173,4.559575095593036,0.853,0.02292606452277802,0.853,0.0,0.022917651,5.5
3.7121204580524685,-0.3869061328927754,5.5,410.67136713932996,4.558885158959346,0.854,0.022926063641921936,0.854,0.0,0.022917651,5.5
3.712513087325762,-0.38412812408639824,5.5,411.14679557878304,4.55818919010724,0.855,0.02292606274779588,0.855,0.0,0.022917651,5.5
3.7129059400479933,-0.38134609628885013,5.5,411.6280214349356,4.557490096036337,0.856,0.022926061843010805,0.856,0.0,0.022917651,5.5
3.7132990284453666,-0.37855992785631165,5.5,412.1151408192727,4.55678780406891,0.857,0.022926060926383184,0.857,0.0,0.022917651,5.5
3.713692678560183,-0.37576737412810324,5.5,412.60851655036555,4.556081375948417,0.858,0.022926059961514925,0.858,0.0,0.022917651,5.5
3.714086569617567,-0.37297060515371633,5.5,413.10797231556967,4.555371696333078,0.859,0.022926058986927497,0.859,0.0,0.022917651,5.5
3.714480705366007,-0.3701695553540058,5.5,413.61360270566854,4.554658714637412,0.86,0.022926058002469687,0.86,0.0,0.022917651,5.5
3.714874726646147,-0.36736209010737775,5.5,414.1258992249516,4.553938860941627,0.861,0.022926057077755652,0.861,0.0,0.022917651,5.5
3.7152689354732154,-0.3645498949998889,5.5,414.64463084283625,4.553215027878853,0.862,0.02292605614940231,0.862,0.0,0.022917651,5.5
3.7156633846642153,-0.36173318307303276,5.5,415.16984445120784,4.552487639585036,0.863,0.02292605520738479,0.863,0.0,0.022917651,5.5
3.716058364479818,-0.35890980479076506,5.5,415.7020693714159,4.55175570304965,0.864,0.02292605411565574,0.864,0.0,0.022917651,5.5
3.7164536477419987,-0.3560813661181623,5.5,416.24107888261335,4.5510199187820435,0.865,0.02292605299244607,0.865,0.0,0.022917651,5.5
3.7168491821434175,-0.3532482011440035,5.5,416.7868972346553,4.550280412490129,0.866,0.022926051865149885,0.866,0.0,0.022917651,5.5
3.7172450912107733,-0.35040787728677214,5.5,417.3400603674689,4.549535256293863,0.867,0.022926051228518988,0.867,0.0,0.022917651,5.5
3.7176412677464823,-0.3475624018932168,5.5,417.90031163091544,4.548786019786142,0.8680000000000001,0.0229260506469389,0.868,0.0,0.022917651,5.5
3.7180377010853753,-0.34471179727769663,5.5,418.4677542039729,4.548032680338762,0.8690000000000001,0.022926050030122977,0.869,0.0,0.022917651,5.5
3.718434373863982,-0.34185382779292783,5.5,419.04299781012196,4.547272917197902,0.8700000000000001,0.022926048887987625,0.87,0.0,0.022917651,5.5
3.7188313055900566,-0.33899071872489744,5.5,419.6256426049171,4.546509050030945,0.871,0.022926047737812056,0.871,0.0,0.022917651,5.5
3.719228608923659,-0.33612138625499555,5.5,420.2159737169601,4.545740449770137,0.872,0.022926046609510815,0.872,0.0,0.022917651,5.5
3.719626411408453,-0.3332446190786693,5.5,420.81430638450536,4.544966419977824,0.8730000000000001,0.022926045532927094,0.873,0.0,0.022917651,5.5
3.7200244880504054,-0.33036245046633883,5.5,421.4204227544189,4.544188085249205,0.874,0.022926044442120284,0.874,0.0,0.022917651,5.5
3.7204227893898687,-0.3274730356297504,5.5,422.0347350514541,4.543403403454961,0.875,0.022926043331161047,0.875,0.0,0.022917651,5.5
3.7208213534973025,-0.324577163962752,5.5,422.65724612333753,4.542613316358132,0.876,0.022926042202608417,0.876,0.0,0.022917651,5.5
3.721220231614526,-0.3216753503127304,5.5,423.28799811586464,4.541818543580359,0.877,0.022926041059813666,0.877,0.0,0.022917651,5.5
3.721619576775471,-0.3187653613181345,5.5,423.92749806272843,4.541017463657025,0.878,0.022926039908893768,0.878,0.0,0.022917651,5.5
3.722019226846644,-0.31584945694041366,5.5,424.5754919710609,4.540211688083768,0.879,0.022926038742394975,0.879,0.0,0.022917651,5.5
3.7224193657415308,-0.3129255304986748,5.5,425.23242868361785,4.539399842783544,0.88,0.022926037503617328,0.88,0.0,0.022917651,5.5
3.722819937645996,-0.3099941936543266,5.5,425.8983585169163,4.538582317139963,0.8809999999999999,0.022926036218627734,0.881,0.0,0.022917651,5.5
3.723220810750823,-0.30705619351608915,5.5,426.5733822368885,4.537759334000244,0.882,0.022926035020664193,0.882,0.0,0.022917651,5.5
3.7236219123514687,-0.30411016903401134,5.5,427.25807407349816,4.536929244688372,0.883,0.022926034197027833,0.883,0.0,0.022917651,5.5
3.7240233396790754,-0.3011576995357023,5.5,427.95204280568583,4.536094013276095,0.8840000000000001,0.02292603336774709,0.884,0.0,0.022917651,5.5
3.7244252878087645,-0.2981959403714397,5.5,428.6559805809238,4.535251572526516,0.885,0.02292603234995799,0.885,0.0,0.022917651,5.5
3.7248276006040393,-0.29522707102396994,5.5,429.3696179416132,4.534403479859695,0.8860000000000001,0.022926031302578673,0.886,0.0,0.022917651,5.5
3.7252304083407584,-0.2922492030663084,5.5,430.09334914719,4.533548361258122,0.8870000000000001,0.02292603012651277,0.887,0.0,0.022917651,5.5
3.7256336732319117,-0.2892628725912919,5.5,430.8272702996461,4.532686603625702,0.888,0.02292602884701821,0.888,0.0,0.022917651,5.5
3.7260373521292114,-0.2862683861430406,5.5,431.5716123910984,4.53181835395761,0.889,0.02292602754452212,0.889,0.0,0.022917651,5.5
3.726441481645704,-0.2832650078846288,5.5,432.32671393853184,4.530943027675975,0.89,0.02292602621599905,0.89,0.0,0.022917651,5.5
3.7268460599693176,-0.28025327448229387,5.5,433.0925268784762,4.530061138779013,0.8910000000000001,0.022926024867512138,0.891,0.0,0.022917651,5.5
3.727251248410253,-0.2772310861468918,5.5,433.86957059275863,4.529171227054414,0.892,0.02292602349849182,0.892,0.0,0.022917651,5.5
3.727656824329023,-0.2742007404641335,5.5,434.6577075335198,4.52827470818376,0.893,0.02292602210328108,0.893,0.0,0.022917651,5.5
3.7280627979140597,-0.2711602655369703,5.5,435.4576310125568,4.52736965242821,0.894,0.022926020668385682,0.894,0.0,0.022917651,5.5
3.728469151394671,-0.2681113861205174,5.5,436.2690486632492,4.526457711715945,0.895,0.022926019226477603,0.895,0.0,0.022917651,5.5
3.72887583630256,-0.26505191484511403,5.5,437.09268955883624,4.5255365051837435,0.896,0.022926017777422585,0.896,0.0,0.022917651,5.5
3.7292829817340785,-0.2619834591243658,5.5,437.9282614428656,4.524608157318692,0.897,0.02292601646320114,0.897,0.0,0.022917651,5.5
3.729690796346487,-0.2589034694583118,5.5,438.7763948416774,4.52367095559956,0.898,0.022926015753100586,0.898,0.0,0.022917651,5.5
3.7300986063280765,-0.25581362008787467,5.5,439.63706884884147,4.522723871324801,0.899,0.022926014867032017,0.899,0.0,0.022917651,5.5
3.7305057713581236,-0.2527119025939736,5.5,440.5108670929116,4.521762328448284,0.9000000000000001,0.02292601354042299,0.9,0.0,0.022917651,5.5
3.730814562204882,-0.25022328186623394,5.5,440.9202272244171,4.520966440007951,0.901,0.022926013282665424,0.901,0.0,0.022917651,5.5
3.7311230124613206,-0.2477316123292934,5.5,441.33425289157253,4.520166149800835,0.902,0.022926012915309327,0.902,0.0,0.022917651,5.5
3.7314314826297275,-0.24523736797153448,5.5,441.7524396330306,4.519363364255131,0.903,0.022926012547695548,0.903,0.0,0.022917651,5.5
3.7317399729239518,-0.24274052113995798,5.5,442.1748321377977,4.518558056571461,0.904,0.02292601217982133,0.904,0.0,0.022917651,5.5
3.7320482954947303,-0.24023944162590213,5.5,442.60188233629145,4.517747843736667,0.905,0.022926011812065876,0.905,0.0,0.022917651,5.5
3.7323565951352533,-0.2377353416154084,5.5,443.0333346088305,4.516934518480069,0.906,0.022926011443984828,0.906,0.0,0.022917651,5.5
3.7326649143855586,-0.23522855379016688,5.5,443.46914530131664,4.516118583990793,0.907,0.022926011075472708,0.907,0.0,0.022917651,5.5
3.732973386616876,-0.23271713066893226,5.5,443.9097613657274,4.515298621526233,0.908,0.022926010709743826,0.908,0.0,0.022917651,5.5
3.733281929176418,-0.2302021819236797,5.5,444.3550187843668,4.514475412822315,0.9090000000000003,0.022926010344999987,0.909,0.0,0.022917651,5.5
3.733590486842065,-0.22768446639063816,5.5,444.80480637711696,4.513649497754035,0.91,0.022926009979934277,0.91,0.0,0.022917651,5.5
3.733899194290864,-0.22516225861811998,5.5,445.25954466038996,4.512819697050958,0.911,0.022926009613899893,0.911,0.0,0.022917651,5.5
3.73420798083042,-0.22263642903875197,5.5,445.7190920220502,4.511986594355168,0.912,0.022926009247088628,0.912,0.0,0.022917651,5.5
3.734516784947,-0.22010772548197338,5.5,446.1833300688918,4.511150687997431,0.9130000000000003,0.022926008879763284,0.913,0.0,0.022917651,5.5
3.734825677101207,-0.21757443690494646,5.5,446.65273602042157,4.510310544008669,0.9140000000000001,0.022926008511919876,0.914,0.0,0.022917651,5.5
3.7351346118015667,-0.21503760370704494,5.5,447.1271001469966,4.5094670237199,0.915,0.022926008143545423,0.915,0.0,0.022917651,5.5
3.735443564179267,-0.21249778912644657,5.5,447.6063264511471,4.508620592562408,0.9160000000000003,0.022926007774632478,0.916,0.0,0.022917651,5.5
3.735752485491222,-0.2099531243794912,5.5,448.0910461835632,4.507769186412999,0.9170000000000001,0.022926007406326658,0.917,0.0,0.022917651,5.5
3.7360614113049837,-0.20740512054134164,5.5,448.58084782390927,4.506914459285586,0.918,0.02292600703780383,0.918,0.0,0.022917651,5.5
3.7363703474337786,-0.20485390871507317,5.5,449.0757357350628,4.506056565806203,0.9189999999999999,0.022926006694322848,0.919,0.0,0.022917651,5.5
3.7366792691509993,-0.20229752513568441,5.5,449.5763645327808,4.5051934460065635,0.9200000000000002,0.0229260067647299,0.92,0.0,0.022917651,5.5
3.7369882038249203,-0.1997379889885274,5.5,450.082172229443,4.504327225398998,0.921,0.022926006826865967,0.921,0.0,0.022917651,5.5
3.737297131789415,-0.1971743479279041,5.5,450.59341653888845,4.503456872506679,0.922,0.022926006768166304,0.922,0.0,0.022917651,5.5
3.73760603326013,-0.19460550545146532,5.5,451.1103974912693,4.5025812112333075,0.9230000000000002,0.02292600646265509,0.923,0.0,0.022917651,5.5
3.73791495270533,-0.19203340141349798,5.5,451.6327519717236,4.501702360354345,0.9240000000000002,0.022926006155031216,0.924,0.0,0.022917651,5.5
3.7382238108253216,-0.18945701633736586,5.5,452.160975308646,4.50081898529785,0.9250000000000002,0.022926005792815993,0.925,0.0,0.022917651,5.5
3.738532641064674,-0.1868767277214395,5.5,452.6949473384413,4.499931596392095,0.926,0.022926005400432745,0.926,0.0,0.022917651,5.5
3.738841484613024,-0.18429299076278835,5.5,453.2345078017684,4.4990408121411045,0.9270000000000003,0.022926005007504444,0.927,0.0,0.022917651,5.5
3.7391502285180955,-0.18170381792464566,5.5,453.78035454054196,4.49814418255132,0.9280000000000002,0.02292600461662658,0.928,0.0,0.022917651,5.5
3.739458993475969,-0.1791111611478706,5.5,454.3319185784547,4.497244153136927,0.929,0.022926004225330827,0.929,0.0,0.022917651,5.5
3.7397678075201335,-0.17651368938784487,5.5,454.88964237952047,4.496339510312543,0.9300000000000003,0.02292600383252556,0.93,0.0,0.022917651,5.5
3.7400766737890483,-0.17391116765174394,5.5,455.45366585190794,4.495430032555595,0.9310000000000002,0.022926003437906822,0.931,0.0,0.022917651,5.5
3.740385560112056,-0.17130503688306653,5.5,456.0236324984165,4.494517026047848,0.932,0.022926003042667353,0.932,0.0,0.022917651,5.5
3.740694383750267,-0.16869294490705197,5.5,456.6004015826328,4.493597801339413,0.933,0.022926002639115192,0.933,0.0,0.022917651,5.5
3.741003223707725,-0.16607706589175927,5.5,457.18330148442567,4.492674854672186,0.9340000000000003,0.02292600223478308,0.934,0.0,0.022917651,5.5
3.7413121578943374,-0.16345582486999002,5.5,457.7729030260977,4.491746922709925,0.935,0.022926001834038024,0.935,0.0,0.022917651,5.5
3.7416211760848506,-0.1608293121790075,5.5,458.3692591884669,4.490814054742663,0.9360000000000002,0.022926001436605652,0.936,0.0,0.022917651,5.5
3.74193023632604,-0.15819857956367925,5.5,458.97210099382625,4.489877134998442,0.937,0.022926001038156223,0.937,0.0,0.022917651,5.5
3.74223948994584,-0.1555613991462306,5.5,459.5822659422032,4.488934541774866,0.9380000000000001,0.022926000635490124,0.9380000000000001,0.0,0.022917651,5.5
3.742548748173795,-0.15292029754533634,5.5,460.1989632950613,4.487988045834991,0.9390000000000001,0.022926000232306377,0.9390000000000001,0.0,0.022917651,5.5
3.7428578813982503,-0.1502736128749978,5.5,460.82280067506827,4.487035475438259,0.9400000000000002,0.022925999827123213,0.9400000000000001,0.0,0.022917651,5.5
3.7431669933237006,-0.14762247181013347,5.5,461.4534720705145,4.486078365803894,0.9410000000000001,0.022925999420979663,0.9410000000000001,0.0,0.022917651,5.5
3.7434761281052857,-0.1449656750576428,5.5,462.09142778274077,4.485115687641862,0.9420000000000001,0.022925999135275002,0.9420000000000001,0.0,0.022917651,5.5
3.7437852859047465,-0.14230324712123643,5.5,462.7367437921026,4.484147466128311,0.9430000000000001,0.02292599895952151,0.9430000000000001,0.0,0.022917651,5.5
3.7440944433560928,-0.13963595342434118,5.5,463.38931358282986,4.483174376212267,0.9440000000000001,0.022925998777195325,0.9440000000000001,0.0,0.022917651,5.5
3.744403576159599,-0.13696265986577183,5.5,464.04969436953354,4.4821951845468435,0.9450000000000002,0.022925998588772496,0.9450000000000001,0.0,0.022917651,5.5
3.7447127214330087,-0.13428480658954037,5.5,464.71735403211756,4.481211483259953,0.9460000000000001,0.022925998373691903,0.9460000000000001,0.0,0.022917651,5.5
3.745021897551332,-0.13159991940071877,5.5,465.39345700291324,4.480220875656366,0.9470000000000001,0.022925997945515534,0.9470000000000001,0.0,0.022917651,5.5
3.745331074550357,-0.12891063465352823,5.5,466.07693783584955,4.4792258741594155,0.9480000000000002,0.02292599751675981,0.9480000000000001,0.0,0.022917651,5.5
3.745639238737382,-0.1262149989144889,5.5,466.76847510167437,4.478220471961766,0.9490000000000001,0.022925997090373067,0.9490000000000001,0.0,0.022917651,5.5
3.7459473606074383,-0.12351471462281535,5.5,467.46762293485887,4.4772102518938715,0.9500000000000001,0.022925996663555222,0.9500000000000001,0.0,0.022917651,5.5
3.7462542079552614,-0.120807639896996,5.5,468.1756658276089,4.476188139559557,0.9510000000000002,0.022925996236150936,0.9510000000000001,0.0,0.022917651,5.5
3.7465607623509936,-0.11809544808502707,5.5,468.89174821897586,4.4751597374055,0.9520000000000001,0.022925995808117747,0.9520000000000001,0.0,0.022917651,5.5
3.7468673277275717,-0.11537639964078102,5.5,469.61675913658695,4.474124530756443,0.9530000000000001,0.02292599537763533,0.9530000000000001,0.0,0.022917651,5.5
3.7471738741899254,-0.1126519303076883,5.5,470.35011207691286,4.473083830550833,0.9540000000000002,0.022925994946010022,0.9540000000000001,0.0,0.022917651,5.5
3.7474801511076206,-0.10992035744630256,5.5,471.0924688214025,4.472034933370064,0.9550000000000001,0.022925994515642215,0.9550000000000001,0.0,0.022917651,5.5
3.747786299330805,-0.10718305946193003,5.5,471.84339669613877,4.470979790463775,0.9560000000000001,0.02292599408513089,0.9560000000000001,0.0,0.022917651,5.5
3.748092304940866,-0.10443853418856168,5.5,472.60356929464706,4.469916867173917,0.9570000000000001,0.022925993649828634,0.9570000000000001,0.0,0.022917651,5.5
3.748398225381484,-0.1016881900960252,5.5,473.37253630840934,4.468847790626019,0.9580000000000002,0.022925993212481545,0.9580000000000001,0.0,0.022917651,5.5
3.7487040011250614,-0.09893030793379601,5.5,474.1511255817871,4.467770582145467,0.9590000000000002,0.022925992775084267,0.9590000000000001,0.0,0.022917651,5.5
3.749009697705015,-0.09616662461376721,5.5,474.93871953789943,4.466687251735206,0.96,0.022925992337133088,0.96,0.0,0.022917651,5.5
3.7493154728949647,-0.09339471863542834,5.5,475.7364228814896,4.465596023495632,0.961,0.02292599189836771,0.961,0.0,0.022917651,5.5
3.749621202940545,-0.09061709168932472,5.5,476.54330311699215,4.464498894980162,0.962,0.022925991461075327,0.962,0.0,0.022917651,5.5
3.749926738826247,-0.08783122332795623,5.5,477.36060491395307,4.463392747956341,0.9630000000000001,0.022925991285799863,0.963,0.0,0.022917651,5.5
3.7502322000870287,-0.08503939940576542,5.5,478.18741300728357,4.462280346116013,0.964,0.02292599107102914,0.964,0.0,0.022917651,5.5
3.7505375414037037,-0.08223953085372372,5.5,479.02480849067047,4.461159416463595,0.965,0.022925990715205923,0.965,0.0,0.022917651,5.5
3.7508427998237726,-0.0794328453346368,5.5,479.8722053048352,4.460031338009385,0.9660000000000001,0.02292599032003427,0.966,0.0,0.022917651,5.5
3.7511479684974134,-0.07661834207452345,5.5,480.7300960591434,4.458895082095084,0.967,0.02292598986318496,0.967,0.0,0.022917651,5.5
3.7514530146925815,-0.07379599192465743,5.5,481.5985905848789,4.457750488708783,0.9680000000000001,0.022925989401446006,0.968,0.0,0.022917651,5.5
3.7517579520987754,-0.07096635908908262,5.5,482.4776016072894,4.456598176974289,0.969,0.022925988936185252,0.969,0.0,0.022917651,5.5
3.7520625954639395,-0.06812823149749858,5.5,483.36793053110745,4.455436206226364,0.9700000000000002,0.02292598847284241,0.97,0.0,0.022917651,5.5
3.7523670879272633,-0.06528314901620835,5.5,484.2689839850239,4.454266677475214,0.9709999999999999,0.02292598800923357,0.971,0.0,0.022917651,5.5
3.752671299728637,-0.06242911031714672,5.5,485.1818278026811,4.453087058880689,0.972,0.022925987545510507,0.972,0.0,0.022917651,5.5
3.752975265673231,-0.059567636827799045,5.5,486.10601743124556,4.451899020913584,0.9730000000000001,0.022925987081898073,0.973,0.0,0.022917651,5.5
3.75327896245133,-0.056698499575372624,5.5,487.0418105002653,4.450702241113786,0.974,0.022925986618566926,0.974,0.0,0.022917651,5.5
3.753582557355714,-0.05382010154185425,5.5,487.98966496644937,4.44949579546003,0.975,0.022925986147097815,0.975,0.0,0.022917651,5.5
3.753886023799036,-0.05093371287761782,5.5,488.94915535046647,4.4482808474431845,0.976,0.022925985674655022,0.976,0.0,0.022917651,5.5
3.7541892573806948,-0.048037205024767694,5.5,489.9210417558848,4.447054853758566,0.9770000000000001,0.022925985206562693,0.977,0.0,0.022917651,5.5
3.7544923146397347,-0.045132382501283735,5.5,490.90542225441084,4.445819833557999,0.978,0.022925984735858555,0.978,0.0,0.022917651,5.5
3.754795212579584,-0.04221965438106221,5.5,491.9021806775969,4.444576266456018,0.979,0.022925984263739044,0.979,0.0,0.022917651,5.5
3.7550978413925584,-0.03929750069443927,5.5,492.9124263173529,4.443322203620425,0.9800000000000001,0.022925983796922803,0.98,0.0,0.022917651,5.5
3.7554004019380014,-0.03636604243922185,5.5,493.935372827104,4.442058563436029,0.981,0.02292598332265645,0.981,0.0,0.022917651,5.5
3.7557028895802826,-0.03342525881762335,5.5,494.9711894575142,4.440785306552366,0.982,0.02292598284161205,0.982,0.0,0.022917651,5.5
3.756004837955816,-0.03047351504015417,5.5,496.0210460138004,4.439498936545315,0.983,0.022925982399337196,0.983,0.0,0.022917651,5.5
3.7563062634016706,-0.027512990201713466,5.5,497.08413763824404,4.438201690251121,0.9840000000000001,0.022925982024897616,0.984,0.0,0.022917651,5.5
3.7566072261864134,-0.024543488888969463,5.5,498.1607371650886,4.4368936130817165,0.985,0.022925981690292516,0.985,0.0,0.022917651,5.5
3.7569079329323696,-0.02156341560386171,5.5,499.2518789587603,4.435573937379629,0.986,0.022925981197923963,0.986,0.0,0.022917651,5.5
3.757208306131304,-0.01857341643870608,5.5,500.35726852480707,4.434243011660876,0.9870000000000001,0.02292598069617131,0.987,0.0,0.022917651,5.5
3.7575084760683035,-0.015573302171477189,5.5,501.4770513080602,4.432901157789689,0.988,0.022925980191097445,0.988,0.0,0.022917651,5.5
3.757808676291274,-0.012561579012493239,5.5,502.6117350553444,4.431547793359328,0.989,0.02292597969600366,0.989,0.0,0.022917651,5.5
3.758108690582849,-0.00953925295030038,5.5,503.76175586541177,4.430183106122582,0.99,0.02292597920060028,0.99,0.0,0.022917651,5.5
3.758408375981272,-0.006506541714848772,5.5,504.92695770558254,4.428806718796081,0.9910000000000001,0.022925978698752958,0.991,0.0,0.022917651,5.5
3.758707653662489,-0.0034631025208183984,5.5,506.10759212093126,4.427417965852418,0.992,0.022925978189674255,0.992,0.0,0.022917651,5.5
3.759006437772774,-0.0004077765510362456,5.5,507.3042989914186,4.426015341664559,0.993,0.02292597768683309,0.993,0.0,0.022917651,5.5
3.759304534072255,0.002658803855541613,5.5,508.5172150107165,4.424598724099365,0.9940000000000001,0.022925977188296413,0.994,0.0,0.022917651,5.5
3.759600779932246,0.005736597998665102,5.5,509.74646238498605,4.423163485588656,0.995,0.022925976684439783,0.995,0.0,0.022917651,5.5
3.7598948872959053,0.008825587465344441,5.5,510.9922907569833,4.421708492432392,0.996,0.02292597617370665,0.996,0.0,0.022917651,5.5
3.760187765174889,0.01192537245925672,5.5,512.2550445549414,4.420237804530419,0.997,0.022925975664106417,0.997,0.0,0.022917651,5.5
3.76048007002238,0.015038304289349661,5.5,513.5350838433361,4.418751661568644,0.9980000000000001,0.022925975159204706,0.998,0.0,0.022917651,5.5
3.7607716684953063,0.018163949625275906,5.5,514.8323492718291,4.417249985189926,0.999,0.022925974643558878,0.999,0.0,0.022917651,5.5
3.76106260005545,0.02130215789600264,5.5,516.1471427919431,4.415733084513324,1.0,0.022925974129842853,1.0,0.0,0.022917651,5.5
3.76129318421675,0.023754742795642228,5.5,516.9738413053159,4.41461676953093,1.0010000000000001,0.02292597411147147,1.0010000000000001,0.0,0.022917651,5.5
3.7615234213838944,0.026212025422104157,5.5,517.8088595885265,4.413494359874184,1.0020000000000002,0.022925974092890305,1.002,0.0,0.022917651,5.5
3.7617534402789876,0.02867287509117894,5.5,518.6518724683946,4.412367506938436,1.0030000000000001,0.022925974074085965,1.0030000000000001,0.0,0.022917651,5.5
3.761983219928285,0.03113886364440664,5.5,519.5034830563553,4.411234559622691,1.004,0.022925974044164698,1.004,0.0,0.022917651,5.5
3.762212835541056,0.03360837075669587,5.5,520.3632310209464,4.410097438215099,1.0050000000000001,0.022925974011558006,1.0050000000000001,0.0,0.022917651,5.5
3.7624421186386905,0.03608328732065864,5.5,521.2318753879242,4.408953580611652,1.0060000000000002,0.02292597399114499,1.006,0.0,0.022917651,5.5
3.7626712292110125,0.03856156288433752,5.5,522.1087943461475,4.407805674182681,1.0070000000000001,0.022925973971767658,1.0070000000000001,0.0,0.022917651,5.5
3.7629000055465838,0.04104571617138137,5.5,522.9949404079229,4.4066505539238,1.008,0.022925973940656645,1.008,0.0,0.022917651,5.5
3.7631286116734186,0.0435335030892855,5.5,523.8896341812091,4.405491120238291,1.0090000000000001,0.02292597391110909,1.0090000000000001,0.0,0.022917651,5.5
3.76335697435638,0.0460272470253051,5.5,524.7937160224697,4.404324761337163,1.0100000000000002,0.02292597388976071,1.01,0.0,0.022917651,5.5
3.7635850612578974,0.048525006286084055,5.5,525.7067469966942,4.403153282667949,1.0110000000000003,0.022925973866886152,1.0110000000000001,0.0,0.022917651,5.5
3.7638127562758936,0.051027688637811895,5.5,526.6291937958753,4.4019753108517,1.012,0.022925973841191757,1.012,0.0,0.022917651,5.5
3.7640400429496377,0.053534839928951854,5.5,527.5610614388582,4.40079123014635,1.0130000000000001,0.022925973814459488,1.0130000000000001,0.0,0.022917651,5.5
3.7642669453523334,0.05604633189877687,5.5,528.5024223539509,4.399601265959526,1.014,0.022925973786814772,1.014,0.0,0.022917651,5.5
3.7644935400818516,0.058563291960630544,5.5,529.4537031645237,4.3984046080811705,1.0150000000000003,0.022925973764679634,1.0150000000000001,0.0,0.022917651,5.5
3.764719908819323,0.061084242838164,5.5,530.4144947031953,4.397203057339483,1.016,0.02292597374419271,1.016,0.0,0.022917651,5.5
3.7649458942009604,0.06361138897144633,5.5,531.3857329791525,4.395993776891441,1.0170000000000001,0.022925973710507495,1.0170000000000001,0.0,0.022917651,5.5
3.7651715883460697,0.06614257701306837,5.5,532.366753471841,4.394779290395842,1.0180000000000002,0.022925973680196665,1.018,0.0,0.022917651,5.5
3.765396812067999,0.06867912552024462,5.5,533.3582096124098,4.393557564376556,1.0190000000000003,0.022925973659376098,1.0190000000000001,0.0,0.022917651,5.5
3.7656216454774185,0.07122063920508355,5.5,534.3600755714954,4.392329317316897,1.0200000000000002,0.02292597363224512,1.02,0.0,0.022917651,5.5
3.765846120093912,0.07376682633186231,5.5,535.3723840491548,4.391094965810231,1.0210000000000001,0.02292597360013157,1.0210000000000001,0.0,0.022917651,5.5
3.7660701912333985,0.07631942069920106,5.5,536.3958776802974,4.389852572281828,1.022,0.022925973577891317,1.022,0.0,0.022917651,5.5
3.7662939593808145,0.07887653345725061,5.5,537.430018012174,4.388604449673054,1.0230000000000004,0.022925973556288153,1.0230000000000001,0.0,0.022917651,5.5
3.766517291656018,0.0814396202578233,5.5,538.4755636887037,4.387348627083867,1.024,0.0229259735309848,1.024,0.0,0.022917651,5.5
3.766740198238652,0.08400757792163115,5.5,539.53237545673,4.386086223549218,1.0250000000000001,0.022925973503512095,1.025,0.0,0.022917651,5.5
3.7669627149014238,0.08658013307841929,5.5,540.6004689559009,4.384817657517221,1.0260000000000002,0.022925973474263315,1.026,0.0,0.022917651,5.5
3.7671847253590953,0.08915894760385011,5.5,541.6806470311661,4.383540813168137,1.027,0.022925973440839208,1.027,0.0,0.022917651,5.5
3.7674063165142146,0.09174252946264046,5.5,542.7724618353704,4.382257523560089,1.028,0.022925973410828863,1.028,0.0,0.022917651,5.5
3.7676273404851486,0.09433174782274618,5.5,543.8765749178268,4.3809663275331845,1.0290000000000001,0.022925973388136213,1.029,0.0,0.022917651,5.5
3.7678477055555755,0.09692648899430063,5.5,544.9930983477133,4.37966697441474,1.03,0.022925973361090674,1.03,0.0,0.022917651,5.5
3.7680676039997993,0.09952616557719175,5.5,546.1217901246179,4.378360820816077,1.031,0.022925973332509186,1.031,0.0,0.022917651,5.5
3.768286938777333,0.1021324883143888,5.5,547.2634621879025,4.3770457714152,1.032,0.022925973303765158,1.032,0.0,0.022917651,5.5
3.7685057798173283,0.10474424392788273,5.5,548.4181260317501,4.37572330375919,1.033,0.022925973271064836,1.033,0.0,0.022917651,5.5
3.768724154485869,0.10736100430073484,5.5,549.5857097381456,4.374393961019812,1.0340000000000003,0.022925973237525904,1.034,0.0,0.022917651,5.5
3.76894181019668,0.1099840525486355,5.5,550.7672326075013,4.3730554618358335,1.035,0.022925973214445717,1.035,0.0,0.022917651,5.5
3.7691585584742135,0.11261313335988128,5.5,551.9624992406639,4.371707300666209,1.036,0.022925973187240108,1.036,0.0,0.022917651,5.5
3.7693745645144414,0.11524765022828595,5.5,553.1715099393167,4.370350735113803,1.037,0.022925973157463805,1.037,0.0,0.022917651,5.5
3.7695899381508675,0.11788751999277201,5.5,554.3951524201707,4.368986291857841,1.0380000000000003,0.022925973128432794,1.038,0.0,0.022917651,5.5
3.76980473636397,0.1205332280120578,5.5,555.6333312009017,4.367613705679999,1.039,0.022925973095278187,1.039,0.0,0.022917651,5.5
3.7700189004003026,0.12318449538911751,5.5,556.8861360794219,4.366233021001059,1.04,0.02292597306189794,1.04,0.0,0.022917651,5.5
3.7702319795950783,0.1258422893955873,5.5,558.1547121790252,4.3648414681077785,1.041,0.02292597303767379,1.041,0.0,0.022917651,5.5
3.770444308089476,0.12850582490629892,5.5,559.4392461834162,4.363441176458968,1.0420000000000003,0.022925973004912857,1.042,0.0,0.022917651,5.5
3.770655903907094,0.1311746390554168,5.5,560.7393769981204,4.362032676562052,1.043,0.02292597297267249,1.043,0.0,0.022917651,5.5
3.7708666340554537,0.13384903925309813,5.5,562.0555343414438,4.360615125146421,1.044,0.022925972947815697,1.044,0.0,0.022917651,5.5
3.7710755558108677,0.13653089074026997,5.5,563.3890371585248,4.359182886476448,1.0450000000000002,0.022925972912899537,1.045,0.0,0.022917651,5.5
3.771283369057551,0.13921761012695222,5.5,564.7391147481409,4.357741344815758,1.046,0.02292597288584981,1.046,0.0,0.022917651,5.5
3.771490123611945,0.14190913291965415,5.5,566.1061087018531,4.356290764358601,1.047,0.022925972865547043,1.047,0.0,0.022917651,5.5
3.771695648664288,0.1446067414888238,5.5,567.4914193961366,4.354829184306268,1.048,0.02292597283184875,1.048,0.0,0.022917651,5.5
3.77190037789666,0.1473109119405282,5.5,568.8955432886646,4.353357858743126,1.049,0.022925972797848065,1.049,0.0,0.022917651,5.5
3.7721043137830352,0.15002084953223901,5.5,570.3183500039643,4.351877593307995,1.0500000000000003,0.022925972766309047,1.05,0.0,0.022917651,5.5
3.772307393564852,0.15273630108185993,5.5,571.7602551874454,4.350388389642415,1.051,0.022925972737936885,1.051,0.0,0.022917651,5.5
3.772509253637955,0.15545740296726857,5.5,573.2231744542657,4.348888638211179,1.052,0.022925972701680886,1.052,0.0,0.022917651,5.5
3.772710036812845,0.15818432512357206,5.5,574.706319875376,4.347378774308581,1.0530000000000002,0.022925972672641338,1.053,0.0,0.022917651,5.5
3.772909900083054,0.1609168233432715,5.5,576.2101355503136,4.3458596623656724,1.054,0.022925972641803564,1.054,0.0,0.022917651,5.5
3.7731088569018594,0.16365476971197027,5.5,577.7352946073943,4.344331476817524,1.055,0.022925972606398778,1.055,0.0,0.022917651,5.5
3.77330653245973,0.1663981500624808,5.5,579.2834278631872,4.342792712696454,1.056,0.022925972579020303,1.056,0.0,0.022917651,5.5
3.7735028609899133,0.16914733335272172,5.5,580.8548896105663,4.341242777446083,1.057,0.02292597254393751,1.057,0.0,0.022917651,5.5
3.773698003324893,0.17190169540422603,5.5,582.4496990204208,4.339682909718495,1.0580000000000003,0.02292597250980435,1.058,0.0,0.022917651,5.5
3.7738919343874167,0.1746611144350777,5.5,584.0684941612293,4.338113138009844,1.059,0.02292597247745204,1.059,0.0,0.022917651,5.5
3.7740845836287806,0.17742555868266058,5.5,585.7119017849958,4.336533235244928,1.06,0.022925972444592914,1.06,0.0,0.022917651,5.5
3.774275353276032,0.18019424718691132,5.5,587.3830215697292,4.334941552386073,1.061,0.022925972407512922,1.061,0.0,0.022917651,5.5
3.774464693662964,0.18296790703720314,5.5,589.0806451327381,4.333339178019827,1.062,0.02292597237608014,1.062,0.0,0.022917651,5.5
3.7746525851917228,0.18574647571476116,5.5,590.8054358944581,4.3317260961012565,1.063,0.02292597234269564,1.063,0.0,0.022917651,5.5
3.774838942320878,0.18852949621142207,5.5,592.5584366348996,4.330102424372167,1.064,0.022925972307290664,1.064,0.0,0.022917651,5.5
3.7750236647518216,0.191316385947927,5.5,594.3406419187243,4.328468349306075,1.065,0.022925972273441807,1.065,0.0,0.022917651,5.5
3.775206547647818,0.19410782324296996,5.5,596.1533947545248,4.326822370066074,1.0660000000000003,0.022925972240334654,1.066,0.0,0.022917651,5.5
3.775387464054442,0.19690231619750223,5.5,597.9984392358385,4.325165468340048,1.067,0.02292597220316094,1.067,0.0,0.022917651,5.5
3.775566418907645,0.19970030453616255,5.5,599.875311269901,4.323497233911911,1.068,0.022925972169791933,1.068,0.0,0.022917651,5.5
3.775743310255973,0.20250194549069808,5.5,601.7846220187237,4.3218170913051575,1.069,0.02292597213559275,1.069,0.0,0.022917651,5.5
3.775918024174843,0.20530682013501173,5.5,603.7273656711548,4.320124999775388,1.07,0.02292597209851295,1.07,0.0,0.022917651,5.5
3.7760904395938133,0.20811411269912583,5.5,605.704674381839,4.318421295114891,1.071,0.022925972063405305,1.071,0.0,0.022917651,5.5
3.7762604621843745,0.21092351238368365,5.5,607.7170398305848,4.316705903682968,1.072,0.022925972045285823,1.072,0.0,0.022917651,5.5
3.7764280777501558,0.21373528743271947,5.5,609.7678568476564,4.314978528151105,1.073,0.022925972011539654,1.073,0.0,0.022917651,5.5
3.776593199758886,0.2165492788543179,5.5,611.8553816386853,4.313238945393063,1.074,0.022925972301268933,1.074,0.0,0.022917651,5.5
3.776755608750985,0.2193642738707949,5.5,613.980632930801,4.3114875114061695,1.075,0.02292597239234709,1.075,0.0,0.022917651,5.5
3.7769147410908657,0.22218101536422669,5.5,616.1434402461562,4.309721225316569,1.076,0.02292597233909843,1.076,0.0,0.022917651,5.5
3.777070247386308,0.22499965111727616,5.5,618.3440970221187,4.307938540199755,1.077,0.022925972283902654,1.077,0.0,0.022917651,5.5
3.777222439503937,0.22781930128134145,5.5,620.5832267210649,4.306141587339494,1.078,0.022925972230401815,1.078,0.0,0.022917651,5.5
3.777372140170776,0.23064037212369015,5.5,622.8600695376205,4.30433324098531,1.079,0.022925972176086596,1.079,0.0,0.022917651,5.5
3.7775187692436725,0.23346271943528396,5.5,625.1752036017949,4.302511353669459,1.08,0.022925972119551982,1.08,0.0,0.022917651,5.5
3.777662126506285,0.23628641291121988,5.5,627.527622857001,4.300675009405526,1.081,0.022925972063978155,1.081,0.0,0.022917651,5.5
3.7778023698742373,0.23911185028528872,5.5,629.9145313834089,4.298824476457583,1.082,0.022925972010441387,1.082,0.0,0.022917651,5.5
3.7779397658644887,0.24193933333781087,5.5,632.3342748851433,4.296960496820513,1.083,0.02292597195461748,1.083,0.0,0.022917651,5.5
3.7780742460662493,0.24477004992068174,5.5,634.7842595583709,4.295081626342765,1.0839999999999999,0.022925971897808203,1.084,0.0,0.022917651,5.5
3.7782058942203163,0.24760514961993632,5.5,637.2611864366579,4.293187054056621,1.0850000000000002,0.02292597184293123,1.085,0.0,0.022917651,5.5
3.778334750598078,0.25044518303631325,5.5,639.7609774719268,4.29127637583258,1.086,0.022925971788034977,1.086,0.0,0.022917651,5.5
3.7784607630692664,0.2532911853713664,5.5,642.2788683665993,4.28934834261809,1.087,0.022925971730951036,1.087,0.0,0.022917651,5.5
3.778584059331349,0.2561454175487242,5.5,644.8091822341294,4.28740121684313,1.0880000000000003,0.022925971680227832,1.088,0.0,0.022917651,5.5
3.7787048504392615,0.259009621534561,5.5,647.3449742931713,4.285434109986419,1.0890000000000002,0.02292597164194626,1.089,0.0,0.022917651,5.5
3.7788232884925463,0.26188536445823346,5.5,649.8793954987663,4.283446052428266,1.09,0.02292597158716586,1.09,0.0,0.022917651,5.5
3.778939438287911,0.2647754651599824,5.5,652.402440989272,4.281434475324716,1.0910000000000002,0.02292597153043952,1.091,0.0,0.022917651,5.5
3.779054084185526,0.2676822794019443,5.5,654.9067439814745,4.279400161992276,1.092,0.02292597147549124,1.092,0.0,0.022917651,5.5
3.7791666980364402,0.2706088447460633,5.5,657.3817882859487,4.277337970560765,1.093,0.02292597141975936,1.093,0.0,0.022917651,5.5
3.7792779691846548,0.2735577361506999,5.5,659.8159605824976,4.275248098316849,1.0940000000000003,0.022925971362403923,1.094,0.0,0.022917651,5.5
3.779388288165838,0.2765322118928467,5.5,662.1989481761448,4.273128837316707,1.095,0.022925971305866138,1.095,0.0,0.022917651,5.5
3.7794975498338577,0.2795324320712299,5.5,664.5213305259502,4.270979583008,1.0960000000000003,0.022925971247958195,1.096,0.0,0.022917651,5.5
3.7796060192226,0.2825643650517062,5.5,666.7710511911741,4.268795464474451,1.097,0.022925971190331268,1.097,0.0,0.022917651,5.5
3.779713952520281,0.2856288479120566,5.5,668.9444215711226,4.266576625876667,1.098,0.02292597113266344,1.098,0.0,0.022917651,5.5
3.7798227895990943,0.28873136679310274,5.5,671.0972498148557,4.264323383380289,1.0990000000000002,0.022925971074509027,1.099,0.0,0.022917651,5.5
3.779933926474504,0.29187765030203344,5.5,673.3094734871856,4.262035582351607,1.1000000000000003,0.022925971016326416,1.1,0.0,0.022917651,5.5
3.7798967839954183,0.2940981981416108,5.5,675.1244539347372,4.260044350176615,1.101,0.0229259710108798,1.101,0.0,0.022917651,5.5
3.779859762005339,0.29631953197216043,5.5,676.9400804681125,4.25805281394961,1.102,0.02292597100543318,1.102,0.0,0.022917651,5.5
3.7798228639622784,0.29854167435147644,5.5,678.756371629854,4.256060964944357,1.103,0.02292597099998657,1.103,0.0,0.022917651,5.5
3.779786093457854,0.3007646487088989,5.5,680.5733466789167,4.254068794097473,1.1040000000000005,0.022925970994539954,1.104,0.0,0.022917651,5.5
3.7797494542238,0.30298847938781076,5.5,682.3910256255998,4.252076291991984,1.1050000000000002,0.022925970989093332,1.105,0.0,0.022917651,5.5
3.7797129501388715,0.30521319169065664,5.5,684.2094292685525,4.250083448839919,1.106,0.02292597098364671,1.106,0.0,0.022917651,5.5
3.779676611740408,0.3074390955962715,5.5,686.0294650816599,4.248090076901107,1.107,0.022925970978200087,1.107,0.0,0.022917651,5.5
3.779640432042781,0.3096660537276955,5.5,687.8506670224989,4.246096285578388,1.1080000000000003,0.022925970972753475,1.108,0.0,0.022917651,5.5
3.779604405064367,0.31189397447779654,5.5,689.6726887782304,4.244102142518093,1.1090000000000002,0.022925970967306857,1.109,0.0,0.022917651,5.5
3.779568535509114,0.3141228874964756,5.5,691.4955556002136,4.242107636886249,1.1100000000000003,0.022925970961860238,1.11,0.0,0.022917651,5.5
3.779532828276159,0.316352823663937,5.5,693.3192937875973,4.240112757399336,1.111,0.022925970956413626,1.111,0.0,0.022917651,5.5
3.7794972884700564,0.3185838151551752,5.5,695.1439307422382,4.238117492300719,1.112,0.022925970950967003,1.112,0.0,0.022917651,5.5
3.7794619214116603,0.3208158955085507,5.5,696.9694950271057,4.236121829335598,1.113,0.022925970945520388,1.113,0.0,0.022917651,5.5
3.7794267326496995,0.3230490996987819,5.5,698.7960164284441,4.23412575572433,1.114,0.02292597094007377,1.114,0.0,0.022917651,5.5
3.7793917279731124,0.32528346421466653,5.5,700.6235260219639,4.232129258134032,1.115,0.022925970934627154,1.115,0.0,0.022917651,5.5
3.7793569134241887,0.3275190271419141,5.5,702.4520562433877,4.230132322648316,1.1160000000000003,0.022925970929180535,1.116,0.0,0.022917651,5.5
3.779322295312578,0.3297558282514687,5.5,704.2816409636683,4.2281349347350154,1.117,0.022925970923733913,1.117,0.0,0.022917651,5.5
3.779287880230246,0.33199390909376636,5.5,706.1123155692648,4.226137079211743,1.1180000000000003,0.022925970918287297,1.118,0.0,0.022917651,5.5
3.779253675067444,0.3342333130993832,5.5,707.9441170478588,4.224138740209114,1.1190000000000002,0.022925970912840682,1.119,0.0,0.022917651,5.5
3.77921968702977,0.33647408568660075,5.5,709.7770840799624,4.222139901131445,1.1200000000000003,0.022925970907394067,1.12,0.0,0.022917651,5.5
3.7791859236564207,0.338716274376433,5.5,711.6112571368817,4.2201405446147175,1.1210000000000002,0.02292597090194745,1.121,0.0,0.022917651,5.5
3.7791523928397233,0.3409599289157432,5.5,713.4466785855686,4.218140652481598,1.122,0.02292597089650083,1.122,0.0,0.022917651,5.5
3.7791191028460576,0.3432051014091059,5.5,715.2833928009219,4.216140205693254,1.123,0.022925970891054213,1.123,0.0,0.022917651,5.5
3.7790860623382754,0.3454518464601625,5.5,717.1214462861723,4.214139184297702,1.124,0.022925970885607595,1.124,0.0,0.022917651,5.5
3.7790532803997663,0.3477002213232625,5.5,718.9608878020276,4.212137567374397,1.125,0.022925970880160976,1.125,0.0,0.022917651,5.5
3.779020766560284,0.3499502860662909,5.5,720.8017685053459,4.2101353329747395,1.1260000000000003,0.022925970874714353,1.1260000000000001,0.0,0.022917651,5.5
3.7789885308237103,0.3522021037456377,5.5,722.6441420981471,4.208132458058139,1.127,0.022925970869267738,1.127,0.0,0.022917651,5.5
3.778956583697908,0.35445574059439916,5.5,724.4880649878955,4.206128918423251,1.1280000000000003,0.022925970863821123,1.1280000000000001,0.0,0.022917651,5.5
3.778924936226868,0.35671126622497334,5.5,726.3335964600402,4.204124688633941,1.129,0.0229259708583745,1.129,0.0,0.022917651,5.5
3.778893600025339,0.35896875384736965,5.5,728.1807988639391,4.202119741939522,1.1300000000000001,0.022925970852927885,1.1300000000000001,0.0,0.022917651,5.5
3.7788625873161847,0.36122828050465494,5.5,730.0297378133752,4.200114050188722,1.131,0.022925970847481266,1.131,0.0,0.022917651,5.5
3.778831910970709,0.36348992732714486,5.5,731.8804824030406,4.198107583736798,1.1320000000000001,0.02292597084203465,1.1320000000000001,0.0,0.022917651,5.5
3.7788016293273854,0.36575405652954446,5.5,733.7338876932752,4.196100213678714,1.133,0.022925970836588032,1.133,0.0,0.022917651,5.5
3.7787717894998774,0.3680209288403958,5.5,735.5905100868047,4.194091867721689,1.1340000000000001,0.022925970831141416,1.1340000000000001,0.0,0.022917651,5.5
3.7787423393375654,0.37029020807496305,5.5,737.4492095867457,4.192082673521985,1.135,0.0229259708256948,1.135,0.0,0.022917651,5.5
3.77871329526783,0.3725619957035575,5.5,739.3100737590784,4.190072595319654,1.1360000000000003,0.022925970820248182,1.1360000000000001,0.0,0.022917651,5.5
3.778684674654595,0.3748363989814515,5.5,741.1731951620387,4.188061595316038,1.1370000000000002,0.022925970814801563,1.137,0.0,0.022917651,5.5
3.7786564958660436,0.3771135313671048,5.5,743.0386717070364,4.186049633526357,1.1380000000000001,0.022925970809354945,1.1380000000000001,0.0,0.022917651,5.5
3.7786287783482813,0.3793935129771969,5.5,744.906607051335,4.184036667619361,1.139,0.02292597080390833,1.139,0.0,0.022917651,5.5
3.778601542705582,0.3816764710823192,5.5,746.777111025819,4.182022652742631,1.1400000000000003,0.02292597079846171,1.1400000000000001,0.0,0.022917651,5.5
3.77857481078792,0.38396254064761115,5.5,748.6503001015483,4.180007541332055,1.141,0.022925970793015095,1.141,0.0,0.022917651,5.5
3.77854860578655,0.38625186492318697,5.5,750.5262978992797,4.177991282903747,1.1420000000000001,0.022925970787568473,1.1420000000000001,0.0,0.022917651,5.5
3.7785229523385353,0.3885445960897663,5.5,752.4052357466271,4.175973823826517,1.143,0.022925970782121857,1.143,0.0,0.022917651,5.5
3.7784978766411985,0.390840895965646,5.5,754.287253288158,4.173955107072723,1.1440000000000003,0.022925970776675235,1.1440000000000001,0.0,0.022917651,5.5
3.7784734065776244,0.39314093678190054,5.5,756.1724991543699,4.171935071945073,1.145,0.02292597077122862,1.145,0.0,0.022917651,5.5
3.778449571854468,0.39544490203364085,5.5,758.0611316963019,4.169913653776631,1.1460000000000001,0.022925970765782004,1.1460000000000001,0.0,0.022917651,5.5
3.7784264041535187,0.3977529874161609,5.5,759.9533197934024,4.167890783600899,1.1469999999999998,0.02292597076033539,1.147,0.0,0.022917651,5.5
3.778403954723187,0.400065587667984,5.5,761.8495438041147,4.165866271650173,1.1480000000000001,0.022925970754888766,1.1480000000000001,0.0,0.022917651,5.5
3.778382405859423,0.40238445398921435,5.5,763.7524300472924,4.163839095714192,1.149,0.02292597074944215,1.149,0.0,0.022917651,5.5
3.7783616469507915,0.4047082055741085,5.5,765.6595385238394,4.161810194374878,1.1500000000000001,0.022925970743995536,1.1500000000000001,0.0,0.022917651,5.5
3.778341720430908,0.4070371048418772,5.5,767.5710960373075,4.159779474949622,1.151,0.022925970738548917,1.151,0.0,0.022917651,5.5
3.7783226718279797,0.4093714333493874,5.5,769.4873459315322,4.157746837996677,1.1520000000000001,0.022925970733102298,1.1520000000000001,0.0,0.022917651,5.5
3.778304550052143,0.41171149356813974,5.5,771.4085496264393,4.155712176687552,1.1530000000000002,0.02292597072765568,1.153,0.0,0.022917651,5.5
3.7782874077154283,0.41405761086299625,5.5,773.3349883282176,4.15367537610816,1.154,0.02292597072220906,1.154,0.0,0.022917651,5.5
3.778271301488751,0.41641013569988505,5.5,775.266964937394,4.151636312479087,1.155,0.022925970716762445,1.155,0.0,0.022917651,5.5
3.778256292501021,0.4187694461140057,5.5,777.204806182052,4.149594852283855,1.156,0.02292597071131583,1.156,0.0,0.022917651,5.5
3.7782424467862974,0.42113595047512337,5.5,779.148865007819,4.147550851292263,1.157,0.02292597070586921,1.157,0.0,0.022917651,5.5
3.7782298682040456,0.42351053398766314,5.5,781.0999054390197,4.145503839662578,1.158,0.022925970700422592,1.158,0.0,0.022917651,5.5
3.7782187977733535,0.42589584723010226,5.5,783.0601507020525,4.143452130482792,1.159,0.022925970694975976,1.159,0.0,0.022917651,5.5
3.778209147272056,0.42828999673974405,5.5,785.0279187778359,4.141397264737465,1.1600000000000001,0.022925970689529358,1.16,0.0,0.022917651,5.5
3.7782010102891244,0.4306935649238377,5.5,787.0037055025165,4.13933903437419,1.161,0.02292597068408274,1.161,0.0,0.022917651,5.5
3.7781944888230163,0.43310718652212044,5.5,788.9880512658401,4.137277212645912,1.1620000000000001,0.022925970678636123,1.162,0.0,0.022917651,5.5
3.778189694247925,0.4355315546198518,5.5,790.9815461303873,4.135211551962893,1.163,0.0229259706731895,1.163,0.0,0.022917651,5.5
3.778186748416395,0.43796742750941736,5.5,792.9848356732435,4.133141781441566,1.164,0.022925970667742886,1.164,0.0,0.022917651,5.5
3.778185815437593,0.4404167749101369,5.5,794.9993381394188,4.131066587882564,1.1650000000000003,0.02292597066229627,1.165,0.0,0.022917651,5.5
3.778187176963639,0.4428851678916886,5.5,797.0286687918913,4.128981527171296,1.166,0.02292597065684965,1.166,0.0,0.022917651,5.5
3.7781908652746123,0.4453684322136999,5.5,799.0703980599709,4.126890902280994,1.167,0.022925970651403033,1.167,0.0,0.022917651,5.5
3.7781970643813287,0.4478677439571581,5.5,801.1255064723546,4.12479427317566,1.168,0.022925970645956417,1.168,0.0,0.022917651,5.5
3.7782059782229576,0.4503844065724875,5.5,803.1950807488855,4.122691152163445,1.1690000000000003,0.022925970640509795,1.169,0.0,0.022917651,5.5
3.77821785212112,0.4529201234303675,5.5,805.2803991066178,4.120580817046342,1.1700000000000002,0.022925970635063176,1.17,0.0,0.022917651,5.5
3.7782333513815827,0.45548200826823965,5.5,807.3842597884842,4.118458812884656,1.171,0.022925970629616564,1.171,0.0,0.022917651,5.5
3.7782523936623718,0.45806674013123094,5.5,809.5066847324438,4.116328133682775,1.172,0.022925970624169942,1.172,0.0,0.022917651,5.5
3.778275305461861,0.46067642443106793,5.5,811.6493846826703,4.114187980013585,1.173,0.022925970618723326,1.173,0.0,0.022917651,5.5
3.778302579468717,0.4633142778694467,5.5,813.814935746947,4.112037105413838,1.174,0.022925970613276708,1.174,0.0,0.022917651,5.5
3.7783355771473546,0.4659892679134692,5.5,816.0102498864564,4.109871984502426,1.175,0.02292597060783009,1.175,0.0,0.022917651,5.5
3.778373848985359,0.46869809839324644,5.5,818.232844167194,4.107694119205409,1.176,0.022925970602383477,1.176,0.0,0.022917651,5.5
3.778417990638363,0.47144435682729185,5.5,820.4858025280629,4.1055023048404715,1.177,0.022925970596972458,1.177,0.0,0.022917651,5.5
3.7784711011466814,0.474232492549476,5.5,822.785186588534,4.103304506069236,1.178,0.022925970593797567,1.178,0.0,0.022917651,5.5
3.77853171662843,0.4770670398993837,5.5,825.1230659941859,4.101090316255712,1.179,0.022925970590581844,1.179,0.0,0.022917651,5.5
3.778602311627688,0.4799485463597466,5.5,827.5249035116634,4.098869078171579,1.1800000000000002,0.02292597058609034,1.18,0.0,0.022917651,5.5
3.778684118199348,0.4828822650690721,5.5,829.9986613412702,4.096640466159646,1.181,0.022925970580369055,1.181,0.0,0.022917651,5.5
3.778775440461171,0.48589396332194307,5.5,832.5388232386346,4.094371941036953,1.182,0.02292597057464777,1.182,0.0,0.022917651,5.5
3.778876851172259,0.48900190469753146,5.5,835.1584786146924,4.092047532757858,1.183,0.022925970568926486,1.183,0.0,0.022917651,5.5
3.77899041145452,0.49222670573931243,5.5,837.8660331454363,4.089654855801899,1.184,0.022925970563205198,1.184,0.0,0.022917651,5.5
3.7791190119404576,0.4955817011833156,5.5,840.6681606328762,4.087192142712644,1.1850000000000003,0.022925970557483914,1.185,0.0,0.022917651,5.5
3.77926671769903,0.4991038143801287,5.5,843.562510513909,4.084638743542698,1.186,0.02292597055176263,1.186,0.0,0.022917651,5.5
3.7794402714425033,0.5027992786772001,5.5,846.5966285491845,4.082015382964046,1.187,0.022925970546041344,1.187,0.0,0.022917651,5.5
3.779645582104597,0.5066970887134156,5.5,849.8072398958129,4.079316706843472,1.188,0.02292597054032006,1.188,0.0,0.022917651,5.5
3.7798923892742953,0.5108464759125223,5.5,853.236485505198,4.076532430028323,1.1890000000000003,0.02292597053459878,1.189,0.0,0.022917651,5.5
3.78018698737087,0.5153442601213144,5.5,856.9611514168996,4.073590914024403,1.19,0.02292597052887749,1.19,0.0,0.022917651,5.5
3.7805419459845315,0.5202857512081411,5.5,861.0534602319963,4.0704471444907835,1.1910000000000003,0.02292597052315621,1.191,0.0,0.022917651,5.5
3.780979283867727,0.5258235300613364,5.5,865.6336953799731,4.067036611020285,1.192,0.022925970517434925,1.192,0.0,0.022917651,5.5
3.781527709685564,0.5322184896982154,5.5,870.9367229639937,4.0632132341716085,1.1930000000000003,0.022925970511713637,1.193,0.0,0.022917651,5.5
3.782217016000344,0.5398910554426051,5.5,877.323849820266,4.058675776171713,1.1940000000000002,0.022925970505992356,1.194,0.0,0.022917651,5.5
3.7831174015231066,0.5496161208650161,5.5,885.6052686221097,4.052930146178225,1.195,0.022925970501644407,1.195,0.0,0.022917651,5.5
3.784355214100037,0.5627881407959029,5.5,892.7184363506686,4.045087258838015,1.1960000000000002,0.022925970495648457,1.196,0.0,0.022917651,5.5
3.785655666588275,0.5831662626302823,5.5,897.6320847081786,4.030288829587043,1.197,0.022925970490476507,1.197,0.0,0.022917651,5.5
3.783015816827031,0.5998200848617474,5.5,902.0661480549464,4.003453490910704,1.198,0.022925970485291484,1.198,0.0,0.022917651,5.5
3.779991793501324,0.6076493816734124,5.5,906.84987271967,3.983905991200951,1.199,0.022925970479627467,1.199,0.0,0.022917651,5.5
3.7782630586910226,0.6109241414771102,5.5,912.2494868215156,3.9740941802432816,1.2,0.022925970471664652,1.2,0.0,0.022917651,5.5
3.7771747783556533,0.6128065952454632,5.5,916.6483853614366,3.9682062264090274,1.201,0.02292597043875137,1.201,0.0,0.022917651,5.5
3.7762105420962535,0.6145476913821698,5.5,921.0710806238172,3.9629557945761866,1.202,0.022925970405838082,1.202,0.0,0.022917651,5.5
3.775278786663128,0.6162202923851763,5.5,925.5075314450384,3.9579037931628864,1.203,0.022925970385406533,1.203,0.0,0.022917651,5.5
3.7743566872096714,0.6178460077539262,5.5,929.9564097502996,3.9529373071465157,1.2040000000000002,0.022925970383880893,1.204,0.0,0.022917651,5.5
3.7734403535539784,0.6193841497678146,5.5,934.4213289873915,3.9480814620309554,1.205,0.022925970437024237,1.205,0.0,0.022917651,5.5
3.7725008915928564,0.6208457546493169,5.5,938.9027419956028,3.9432096267719725,1.2060000000000002,0.022925970647197664,1.206,0.0,0.022917651,5.5
3.7715479825041722,0.6222502208073846,5.5,943.4008325040525,3.9383411406138,1.207,0.02292597097595359,1.207,0.0,0.022917651,5.5
3.770596149997325,0.6235776955934142,5.5,947.9166294308643,3.9335539695240143,1.2080000000000002,0.022925971469480683,1.208,0.0,0.022917651,5.5
3.7696374815895535,0.6248267287258601,5.5,952.4486444064028,3.928817872222264,1.2089999999999999,0.022925972216414636,1.209,0.0,0.022917651,5.5
3.7686512804438945,0.6260161382966202,5.5,956.9952707706133,3.924031270769343,1.2100000000000002,0.02292597311705043,1.21,0.0,0.022917651,5.5
3.7676182580987025,0.6271315596625979,5.5,961.5547992245034,3.919131394283251,1.211,0.022925974179194578,1.211,0.0,0.022917651,5.5
3.7665652846726503,0.6281379841125734,5.5,966.1277762405493,3.914260689875844,1.2120000000000002,0.022925975754493122,1.212,0.0,0.022917651,5.5
3.765489618867219,0.6290541053483815,5.5,970.7170091632414,3.909389528143529,1.213,0.022925977833097397,1.213,0.0,0.022917651,5.5
3.7643683592816126,0.6298634327148062,5.5,975.3205209229781,3.9044427842933347,1.2140000000000002,0.02292598094627683,1.214,0.0,0.022917651,5.5
3.7631802380518864,0.6305392224964044,5.5,979.9359409279482,3.8993621274945593,1.215,0.022925985437488847,1.215,0.0,0.022917651,5.5
3.761936091265645,0.6310578175790018,5.5,984.5628430655753,3.8942145805510835,1.2160000000000002,0.022925990723804596,1.216,0.0,0.022917651,5.5
3.7606386324062324,0.6313885345261457,5.5,989.2039527257099,3.8890416523180122,1.217,0.022925998574729708,1.217,0.0,0.022917651,5.5
3.7592374812758047,0.6314734399318496,5.5,993.8526303664527,3.8836997522834698,1.2180000000000002,0.022926008069484,1.218,0.0,0.022917651,5.5
3.7577165610332113,0.6312626514857519,5.5,998.5034581153757,3.87817447900902,1.2190000000000003,0.022926023791139005,1.219,0.0,0.022917651,5.5
3.7560902190507455,0.6306896597673004,5.5,1003.1589911894758,3.8725897263428606,1.2200000000000002,0.022926046271545708,1.22,0.0,0.022917651,5.5
3.7542974138527994,0.6296555808241415,5.5,1007.8113156418459,3.8668001973400647,1.221,0.022926081728617015,1.221,0.0,0.022917651,5.5
3.752320254146541,0.6280611310483797,5.5,1012.4570040292128,3.86083363914873,1.2220000000000002,0.02292613377808706,1.222,0.0,0.022917651,5.5
3.7500962031946297,0.625628824535785,5.5,1017.0858009614602,3.854717360235653,1.223,0.022926224348583355,1.223,0.0,0.022917651,5.5
3.7475956804248938,0.6222497387070562,5.5,1021.6898348163622,3.8484419687357074,1.2240000000000002,0.022926386564668538,1.224,0.0,0.022917651,5.5
3.744749927028774,0.6176665812541224,5.5,1026.257933691913,3.841989744804455,1.225,0.022926702654314957,1.225,0.0,0.022917651,5.5
3.741568202055872,0.6117712880063727,5.5,1030.7725397739598,3.8355057563951656,1.2260000000000002,0.02292730256159767,1.226,0.0,0.022917651,5.5
3.7380231364774317,0.6045358904915066,5.5,1035.2061391376271,3.8289085165229633,1.227,0.022928634816109746,1.227,0.0,0.022917651,5.5
3.7341719625013834,0.5962538095511013,5.5,1039.5431513511464,3.822133519928063,1.2280000000000002,0.02293164623251872,1.228,0.0,0.022917651,5.5
3.7301245027768775,0.5875111989677596,5.5,1043.7660712872578,3.8150339046126547,1.229,0.022938692566496048,1.229,0.0,0.022917651,5.5
3.7260091810607685,0.5790528477617554,5.5,1047.8823000427187,3.807378593090028,1.23,0.022952670277307418,1.23,0.0,0.022917651,5.5
3.7219092758117998,0.5714861636604315,5.5,1051.91607327716,3.7988932692402733,1.231,0.022974333061126964,1.231,0.0,0.022917651,5.5
3.7179494385089127,0.5654394404588085,5.5,1055.8910171229409,3.7894482744720905,1.2320000000000002,0.02300625663266505,1.232,0.0,0.022917651,5.5
3.7142187910116786,0.5614928150365768,5.5,1059.823337552209,3.778819924375138,1.233,0.023051556401848774,1.233,0.0,0.022917651,5.5
3.7108060472184627,0.5601099005255589,5.5,1063.7376366736992,3.766899495833361,1.234,0.02311434899708728,1.234,0.0,0.022917651,5.5
3.7077439474713128,0.5613149037330498,5.5,1067.6673692942104,3.753793699549746,1.235,0.023207630510901706,1.235,0.0,0.022917651,5.5
3.7050774740320267,0.5651472212028607,5.5,1071.6578127017551,3.7396431241805828,1.236,0.023323382989581667,1.236,0.0,0.022917651,5.5
3.702684810025243,0.5710011726964872,5.5,1075.7537068072545,3.724566130550699,1.237,0.023471298905829507,1.237,0.0,0.022917651,5.5
3.700514940310818,0.5784948309466882,5.5,1079.9883100234156,3.708740611770311,1.2380000000000002,0.02364074212448275,1.238,0.0,0.022917651,5.5
3.698539321823908,0.5874497828372963,5.5,1084.3776229165842,3.6922308055954827,1.239,0.023824494698168896,1.239,0.0,0.022917651,5.5
3.6967188154085027,0.5978240646430144,5.5,1088.9299297887935,3.67492212741909,1.24,0.02405053492189807,1.24,0.0,0.022917651,5.5
3.6950658923969555,0.6096995768871674,5.5,1093.6547024995348,3.65678253605141,1.2410000000000003,0.02430559338540414,1.241,0.0,0.022917651,5.5
3.693603465855314,0.6230889395535968,5.5,1098.5668517231297,3.6378910891439586,1.2420000000000002,0.024604204113013887,1.242,0.0,0.022917651,5.5
3.6923234705963597,0.6379672037115222,5.5,1103.697971498749,3.618240458927389,1.2430000000000003,0.02492558730567378,1.243,0.0,0.022917651,5.5
3.691199953144893,0.6541514267587322,5.5,1109.0702397515827,3.5979097992305453,1.244,0.025302444499344136,1.244,0.0,0.022917651,5.5
3.6901911762205604,0.6715141442257422,5.5,1114.708799202674,3.576859595822001,1.2450000000000003,0.02569981984251138,1.245,0.0,0.022917651,5.5
3.6892677800079836,0.6900699209485454,5.5,1120.662449742165,3.554957862302634,1.246,0.02618579463246798,1.246,0.0,0.022917651,5.5
3.688416158286913,0.7097296404482505,5.5,1126.952002545405,3.5322392607930793,1.2470000000000003,0.026722781510522986,1.247,0.0,0.022917651,5.5
3.6876027913826697,0.7305302410338702,5.5,1133.6175817090732,3.508532809903094,1.248,0.027323455244815543,1.248,0.0,0.022917651,5.5
3.686815896146624,0.752532754029975,5.5,1140.706356151003,3.4837303456985236,1.249,0.02793278143003035,1.249,0.0,0.022917651,5.5
3.686043167386362,0.7758451527339948,5.5,1148.263713676615,3.457674654077375,1.25,0.028582268055848986,1.25,0.0,0.022917651,5.5
3.6852523986014867,0.8004286648786201,5.5,1156.3408980385243,3.430275692057628,1.2510000000000003,0.0292521254292349,1.2510000000000001,0.0,0.022917651,5.5
3.6844429443506215,0.8265847556123261,5.5,1165.0116658497677,3.4012293977545944,1.252,0.03000516645376688,1.252,0.0,0.022917651,5.5
3.6835859246001244,0.8543727301833759,5.5,1174.3415912064165,3.370360977989312,1.2530000000000001,0.030727570319398143,1.2530000000000001,0.0,0.022917651,5.5
3.682684042756974,0.8840102521551311,5.5,1184.4265475720774,3.337463543724005,1.254,0.03145189055707106,1.254,0.0,0.022917651,5.5
3.6816934812625703,0.9157526218940991,5.5,1195.3706095208702,3.3021065480300185,1.2550000000000001,0.032138292307083406,1.2550000000000001,0.0,0.022917651,5.5
3.6805879132216783,0.9499088687831889,5.5,1207.3108822531854,3.2638756550035697,1.256,0.03279307180128153,1.256,0.0,0.022917651,5.5
3.67932130685701,0.9867897216651503,5.5,1220.4057504609245,3.222275999171707,1.2570000000000001,0.03338471997394785,1.2570000000000001,0.0,0.022917651,5.5
3.6778820093219884,1.026953790854617,5.5,1234.8619462166585,3.1767023391013303,1.258,0.033929404929945645,1.258,0.0,0.022917651,5.5
3.6762401543741987,1.0710518978237376,5.5,1250.957130726564,3.1263844469915614,1.2590000000000001,0.03435409206017651,1.2590000000000001,0.0,0.022917651,5.5
3.6743399151588614,1.1198054030842215,5.5,1269.0811806570302,3.070377620086934,1.26,0.03471137647271697,1.26,0.0,0.022917651,5.5
3.6720532779763397,1.174239919458114,5.5,1289.7839298827903,3.0071441634859943,1.2610000000000001,0.0349840086240153,1.2610000000000001,0.0,0.022917651,5.5
3.669307416907573,1.2359303802930799,5.5,1313.7902012276354,2.934817879604091,1.262,0.03515470453196738,1.262,0.0,0.022917651,5.5
3.666013203955229,1.3068767569500312,5.5,1342.3025291672484,2.851042265637801,1.2630000000000001,0.03523972462819411,1.2630000000000001,0.0,0.022917651,5.5
3.6621204414173905,1.3866328763148468,5.5,1379.5537451424673,2.7560627267009106,1.264,0.03525692486385859,1.264,0.0,0.022917651,5.5
3.6571136405763927,1.4828435409386795,5.5,1430.5558188144214,2.6401724776965203,1.2650000000000001,0.03525207474879977,1.2650000000000001,0.0,0.022917651,5.5
3.651086596577536,1.5918996047937244,5.5,1506.481678740347,2.5073558590486895,1.2660000000000002,0.03524722463374094,1.266,0.0,0.022917651,5.5
3.646441517351448,1.6758347478099394,5.5,1615.5212946693716,2.4051880146994895,1.2670000000000001,0.03524237451868212,1.2670000000000001,0.0,0.022917651,5.5
3.641465497173822,1.7624853018219875,5.5,1773.6067090605418,2.298981009845016,1.268,0.035237524403623294,1.268,0.0,0.022917651,5.5
3.627401227064532,1.9805110398440446,5.5,2059.6633680442633,2.025045809004065,1.2690000000000001,0.03523267428856447,1.2690000000000001,0.0,0.022917651,5.5
3.6014689186412645,2.3485674987249943,5.5,2778.3930231587187,1.553607723477969,1.27,0.035227824173505645,1.27,0.0,0.022917651,5.5
