log_Teff,LogL_lsun,Age_gyr,Step,Log_g,Mass_msun,feh,Mass_input,Metallicity_input,Z_used,Age_input
3.5438006953272687,-1.1633086151282126,0.01,215.93518233375175,4.208417488893661,0.3,0.022925964767941294,0.3,0.0,0.022917651,0.01
3.5454732667444167,-1.1458972530098985,0.01,215.62044087193345,4.210190301019173,0.30999999999999994,0.022925964811800585,0.31,0.0,0.022917651,0.01
3.547120535406439,-1.1283893296555287,0.01,215.3370072690386,4.211765324665962,0.32,0.022925965717942122,0.32,0.0,0.022917651,0.01
3.548759385228722,-1.1112008319654598,0.01,215.05011017041502,4.2136260973892155,0.33,0.022925966008101994,0.33,0.0,0.022917651,0.01
3.550387926669014,-1.094357237203365,0.01,214.76637912687497,4.215790541261876,0.34,0.022925965825900972,0.34,0.0,0.022917651,0.01
3.5520050108980983,-1.077826273036135,0.01,214.50900896824132,4.218221784039993,0.35000000000000003,0.022925965639301677,0.35000000000000003,0.0,0.022917651,0.01
3.5536034212813568,-1.0616838836394256,0.01,214.28615555919026,4.220966901063032,0.36,0.022925965459816407,0.36,0.0,0.022917651,0.01
3.5551779365843124,-1.045789489372517,0.01,214.09463245719942,4.22386443330439,0.37,0.022925965392160214,0.37,0.0,0.022917651,0.01
3.5567331271981018,-1.030432401290608,0.01,213.89102302605374,4.227221985267337,0.38,0.022925966118535274,0.38,0.0,0.022917651,0.01
3.5582664995573996,-1.0154500823272088,0.01,213.7267257670822,4.230867032200014,0.39,0.02292596653895453,0.39,0.0,0.022917651,0.01
3.559783901045377,-1.0009003216143122,0.01,213.59574590160315,4.234880748252268,0.4000000000000001,0.02292596654690929,0.4,0.0,0.022917651,0.01
3.561307897853732,-0.9861163354503393,0.01,212.47141531971295,4.235883757378756,0.41000000000000003,0.02292596674795976,0.41000000000000003,0.0,0.022917651,0.01
3.562818005111022,-0.9713730681992759,0.01,211.37857141508493,4.236871922004822,0.42,0.02292596695036812,0.42,0.0,0.022917651,0.01
3.5643100376369476,-0.956895904699381,0.01,210.3117211126435,4.2380538902167295,0.42999999999999994,0.022925967157932842,0.43,0.0,0.022917651,0.01
3.565775910196983,-0.9428770924447069,0.01,209.24377891634083,4.239589576749118,0.44,0.022925967363028227,0.44,0.0,0.022917651,0.01
3.5672224902724703,-0.9292250413069213,0.01,208.20405806706316,4.24141484635399,0.45000000000000007,0.02292596784104734,0.45,0.0,0.022917651,0.01
3.56864885362841,-0.9159890345285736,0.01,207.2003542198187,4.243575284502955,0.46,0.02292596845419055,0.46,0.0,0.022917651,0.01
3.570051681432763,-0.9029888421281449,0.01,206.2190453112447,4.245877399577129,0.47000000000000003,0.022925968539984666,0.47000000000000003,0.0,0.022917651,0.01
3.5714292218325165,-0.8905188957612478,0.01,205.2540522230037,4.248608622969505,0.48000000000000004,0.022925968561562104,0.48,0.0,0.022917651,0.01
3.5727872529425166,-0.8785473695979207,0.01,204.29857530145614,4.2517602333269355,0.49,0.022925968893017144,0.49,0.0,0.022917651,0.01
3.5741295389004706,-0.8670312287013157,0.01,203.36639587644606,4.255304227342136,0.5,0.022925970084458434,0.5,0.0,0.022917651,0.01
3.5754618118694546,-0.8553946082949934,0.01,203.3194114223076,4.256914824115239,0.51,0.022925970475473935,0.51,0.0,0.022917651,0.01
3.576788431542917,-0.8438068535178253,0.01,203.27229984590687,4.258551674625582,0.52,0.02292597081874369,0.52,0.0,0.022917651,0.01
3.578110466670112,-0.8322125077523583,0.01,203.22176710990834,4.26016359749845,0.5300000000000001,0.0229259710173064,0.53,0.0,0.022917651,0.01
3.579427908176926,-0.8206635229506875,0.01,203.1750514100572,4.261802505681362,0.54,0.022925971218871327,0.54,0.0,0.022917651,0.01
3.5807409587934522,-0.8091458695283172,0.01,203.13146325028717,4.263455180254502,0.5500000000000002,0.022925971415145754,0.55,0.0,0.022917651,0.01
3.582049452615206,-0.7976730768498191,0.01,203.09172974967942,4.265134487201435,0.56,0.022925971609321978,0.56,0.0,0.022917651,0.01
3.5833590380386102,-0.786079980171463,0.01,203.04885380103707,4.266697855717777,0.5700000000000001,0.022925971882313715,0.5700000000000001,0.0,0.022917651,0.01
3.5846658590156073,-0.7745257759438094,0.01,203.0070934265579,4.268289059405371,0.5800000000000001,0.02292597211317861,0.58,0.0,0.022917651,0.01
3.5859699741383344,-0.7630270392152985,0.01,202.96628006611462,4.269924908309722,0.59,0.02292597227527435,0.59,0.0,0.022917651,0.01
3.587272164486911,-0.751569585451496,0.01,202.92553000401657,4.271594342536926,0.6,0.02292597236835224,0.6,0.0,0.022917651,0.01
3.5885590627605812,-0.7406276491021889,0.01,202.60136043681837,4.272494674574758,0.61,0.02292597218866955,0.61,0.0,0.022917651,0.01
3.5898409441134342,-0.7298069839207388,0.01,202.28049920985336,4.273496210916211,0.6200000000000001,0.02292597197914903,0.62,0.0,0.022917651,0.01
3.5911202101748425,-0.7190509191672056,0.01,201.96083182471483,4.2745518871860195,0.6300000000000001,0.02292597178757494,0.63,0.0,0.022917651,0.01
3.592394798799365,-0.7084012556235653,0.01,201.64480225005946,4.275695254998145,0.64,0.022925971596267445,0.64,0.0,0.022917651,0.01
3.593667098808222,-0.6978126812305361,0.01,201.3300571678992,4.276890558057603,0.65,0.022925971405116576,0.65,0.0,0.022917651,0.01
3.594938284064767,-0.6872632439314764,0.01,201.01597805820487,4.278120539696067,0.66,0.022925971214078085,0.66,0.0,0.022917651,0.01
3.596205379532476,-0.6768065112830419,0.01,200.70584895766154,4.279426866449417,0.67,0.022925971023283774,0.67,0.0,0.022917651,0.01
3.5974691109779933,-0.6664281474634627,0.01,200.3991124281841,4.280798105601539,0.68,0.022925970832489283,0.68,0.0,0.022917651,0.01
3.5987356070993366,-0.6560192229425962,0.01,200.09187310977683,4.282149842622221,0.6900000000000001,0.022925970640473043,0.6900000000000001,0.0,0.022917651,0.01
3.5999997723739603,-0.6456703901221738,0.01,199.78735763915114,4.283552347715275,0.7,0.022925970451487556,0.7000000000000001,0.0,0.022917651,0.01
3.6013830213022104,-0.6343289712626908,0.01,200.04145387491667,4.283543117851741,0.71,0.022925970058644763,0.71,0.0,0.022917651,0.01
3.602734023219772,-0.6233311375254964,0.01,200.2959363228323,4.283748486882888,0.7200000000000001,0.02292596967082671,0.72,0.0,0.022917651,0.01
3.6040584073980098,-0.612619153371377,0.01,200.55072915129352,4.284133235750864,0.73,0.022925969283651152,0.73,0.0,0.022917651,0.01
3.605362137747476,-0.6021165937644922,0.01,200.80461697780956,4.284644794621556,0.7400000000000001,0.022925968897097287,0.74,0.0,0.022917651,0.01
3.6066455020857155,-0.5918700480641782,0.01,201.06042164513693,4.28533090416438,0.75,0.022925968510457192,0.75,0.0,0.022917651,0.01
3.6079151667419733,-0.5817753414088226,0.01,201.31543488450467,4.286114053926802,0.76,0.022925968123452378,0.76,0.0,0.022917651,0.01
3.6091677274512044,-0.5719075456968863,0.01,201.57326020855228,4.287055699184083,0.77,0.02292596773739927,0.77,0.0,0.022917651,0.01
3.6104176898444935,-0.5620047031463851,0.01,201.82502482951543,4.287951900092174,0.7800000000000001,0.02292596735152349,0.78,0.0,0.022917651,0.01
3.611656634333073,-0.5522406128494834,0.01,202.0780888220179,4.28894277967202,0.79,0.022925966966704896,0.79,0.0,0.022917651,0.01
3.61288435820464,-0.542625172239065,0.01,202.3332312147343,4.290037425966119,0.8000000000000002,0.022925966582972857,0.8,0.0,0.022917651,0.01
3.6143140906548616,-0.5314346115856218,0.01,202.20472182153716,4.289681047874107,0.8100000000000002,0.022925967151085483,0.81,0.0,0.022917651,0.01
3.6157084847227505,-0.5205661697802522,0.01,202.07584432074466,4.289505434557469,0.8200000000000001,0.022925967719484915,0.8200000000000001,0.0,0.022917651,0.01
3.617072693376251,-0.5099728761358746,0.01,201.9466523890256,4.289484227280137,0.8300000000000003,0.022925968288129327,0.8300000000000001,0.0,0.022917651,0.01
3.618420541224749,-0.49946944159457624,0.01,201.8130667993643,4.289487438977352,0.8400000000000001,0.022925968856807134,0.84,0.0,0.022917651,0.01
3.6197500448596394,-0.48911381849350916,0.01,201.6777627512587,4.289565085914408,0.8500000000000001,0.022925969425599973,0.85,0.0,0.022917651,0.01
3.621060969458274,-0.47892547739212865,0.01,201.54197109142228,4.289735698377548,0.86,0.02292596999453881,0.86,0.0,0.022917651,0.01
3.6223553345050648,-0.46888623524875256,0.01,201.40574482175876,4.289989171298452,0.8700000000000001,0.02292597056360777,0.87,0.0,0.022917651,0.01
3.6236390375079197,-0.45891613203619946,0.01,201.26722274199858,4.290269134184655,0.88,0.022925971119365212,0.88,0.0,0.022917651,0.01
3.624917150832847,-0.4489491775877202,0.01,201.12494180812348,4.290529886190883,0.89,0.022925971677002496,0.89,0.0,0.022917651,0.01
3.6261832915144483,-0.43909323985319715,0.01,200.98249071702924,4.29085376450303,0.9000000000000001,0.02292597227109924,0.9,0.0,0.022917651,0.01
3.6280019634390404,-0.42562054437699526,0.01,201.02512467460477,4.28923150866525,0.91,0.022925971711344646,0.91,0.0,0.022917651,0.01
3.629719078939413,-0.41281200819736374,0.01,201.0588205495413,4.2878671785940154,0.9200000000000002,0.02292597102139133,0.92,0.0,0.022917651,0.01
3.631335808031098,-0.40077554028098855,0.01,201.09026295943974,4.286873369925067,0.9300000000000003,0.022925970344251,0.93,0.0,0.022917651,0.01
3.632870802870977,-0.38935829435085934,0.01,201.1186588952117,4.286171847605673,0.9400000000000002,0.02292596965605278,0.9400000000000001,0.0,0.022917651,0.01
3.634351829284868,-0.3783027070694804,0.01,201.1403546089634,4.285616111751866,0.9500000000000001,0.022925968936437762,0.9500000000000001,0.0,0.022917651,0.01
3.635771038036908,-0.3677628538751522,0.01,201.1622829059208,4.2853288396274385,0.96,0.02292596832609036,0.96,0.0,0.022917651,0.01
3.6371439467471474,-0.35758145091994087,0.01,201.18226243079965,4.28521481891633,0.9700000000000002,0.0229259678310186,0.97,0.0,0.022917651,0.01
3.6385016568216764,-0.3474163502906839,0.01,201.19361169029995,4.285056310624021,0.9800000000000001,0.022925967457151104,0.98,0.0,0.022917651,0.01
3.6398224172020983,-0.33756568851836727,0.01,201.2051840932439,4.2850644424853055,0.99,0.02292596708309972,0.99,0.0,0.022917651,0.01
3.641110931515796,-0.3279894381209353,0.01,201.21695123388594,4.28521800151836,1.0,0.022925966708887854,1.0,0.0,0.022917651,0.01
3.6432402364170837,-0.31395127406608125,0.01,202.70357074810937,4.283836328093239,1.0100000000000002,0.022925967074951887,1.01,0.0,0.022917651,0.01
3.64534171980706,-0.29992075444334193,0.01,204.17859885106915,4.282351012369375,1.0200000000000002,0.022925967439340958,1.02,0.0,0.022917651,0.01
3.6473742130169593,-0.28634081006298556,0.01,205.65057744542852,4.281040310086487,1.03,0.02292596780427714,1.03,0.0,0.022917651,0.01
3.6493298067568265,-0.2732630965408699,0.01,207.11915692421843,4.279924239576665,1.04,0.022925968169823164,1.04,0.0,0.022917651,0.01
3.651212730285995,-0.2605427328163566,0.01,208.57696420790532,4.2788748356633555,1.0500000000000003,0.022925968534012655,1.05,0.0,0.022917651,0.01
3.653002869108917,-0.24840909131748345,0.01,210.0290417234468,4.278041015256374,1.06,0.022925968896192667,1.06,0.0,0.022917651,0.01
3.654688364416821,-0.2369840703194358,0.01,211.47761347060788,4.277497242185126,1.07,0.022925969256912367,1.07,0.0,0.022917651,0.01
3.656288143551771,-0.2260326807255275,0.01,212.91512338199252,4.277084239297665,1.08,0.022925969623675983,1.08,0.0,0.022917651,0.01
3.6577812786333332,-0.21583803956458827,0.01,214.35074301110862,4.2770014096877835,1.09,0.0229259699903042,1.09,0.0,0.022917651,0.01
3.6591914129520955,-0.20618749739049302,0.01,215.78089082309768,4.277130673500793,1.1000000000000003,0.02292597035414824,1.1,0.0,0.022917651,0.01
3.6614677695482016,-0.19149153742548441,0.01,215.67795345404934,4.275318994736484,1.1100000000000003,0.02292597016668021,1.11,0.0,0.022917651,0.01
3.6637275527000432,-0.17689803754230093,0.01,215.57316726130958,4.273543482271825,1.1200000000000003,0.02292596997941092,1.12,0.0,0.022917651,0.01
3.66596823264667,-0.16242263718858355,0.01,215.46625004149917,4.2718096565098795,1.1300000000000001,0.02292596979237069,1.1300000000000001,0.0,0.022917651,0.01
3.668186737172131,-0.1480843293686145,0.01,215.35685907855103,4.270124221590173,1.1400000000000003,0.022925969605596376,1.1400000000000001,0.0,0.022917651,0.01
3.6703792979717287,-0.1339064104353671,0.01,215.24457400534712,4.268495400645726,1.1500000000000001,0.022925969419133146,1.1500000000000001,0.0,0.022917651,0.01
3.672541241668609,-0.11991777206441709,0.01,215.12887349091315,4.266933391843258,1.1600000000000001,0.02292596923303705,1.16,0.0,0.022917651,0.01
3.6746829064795805,-0.10600924456743079,0.01,215.00734362340825,4.265370381037066,1.1700000000000002,0.022925968956067272,1.17,0.0,0.022917651,0.01
3.676780378354169,-0.09237521544577135,0.01,214.88122436028996,4.263905096384323,1.1800000000000002,0.022925968720595408,1.18,0.0,0.022917651,0.01
3.6788209556715685,-0.07910159090178952,0.01,214.7497503075861,4.262572637051643,1.19,0.022925968552823337,1.19,0.0,0.022917651,0.01
3.680790424011738,-0.06627841367955022,0.01,214.61158363559628,4.261406187845879,1.2,0.022925968469665027,1.2,0.0,0.022917651,0.01
3.683140507757556,-0.0505160261482732,0.01,213.48451543209404,4.258520347169951,1.2100000000000002,0.022925968286143045,1.21,0.0,0.022917651,0.01
3.68549485931798,-0.03472445489321265,0.01,212.35821895912744,4.255622393986964,1.2200000000000002,0.022925968102535617,1.22,0.0,0.022917651,0.01
3.6878540045757378,-0.018900103878081238,0.01,211.23278930980467,4.252710835786388,1.23,0.02292596791883221,1.23,0.0,0.022917651,0.01
3.6902185595137427,-0.003038760952903523,0.01,210.10833786966336,4.249783924343886,1.24,0.02292596773502049,1.24,0.0,0.022917651,0.01
3.6925892503748248,0.012864540000142586,0.01,208.9849959620668,4.246839598505862,1.25,0.02292596755108593,1.25,0.0,0.022917651,0.01
3.69496693948787,0.02881569566831253,0.01,207.86291951823372,4.243875410892175,1.26,0.022925967367011253,1.26,0.0,0.022917651,0.01
3.697352658709822,0.04482176198790866,0.01,206.74229512441136,4.240888432984211,1.27,0.02292596718277581,1.27,0.0,0.022917651,0.01
3.699747653239135,0.06089125374484952,0.01,205.62334794447344,4.2378751307777005,1.2800000000000002,0.022925966998354665,1.28,0.0,0.022917651,0.01
3.7021534397578213,0.07703454215555995,0.01,204.50635223349659,4.23483119976945,1.29,0.02292596681371745,1.29,0.0,0.022917651,0.01
3.7045718846842357,0.09326438996694966,0.01,203.39164548787383,4.2317513428677245,1.3,0.0229259666288268,1.3,0.0,0.022917651,0.01
3.7070204407029808,0.11104715100161519,0.01,203.66507281289236,4.226981273678591,1.3100000000000003,0.022925966814562514,1.31,0.0,0.022917651,0.01
3.7095004988995925,0.1291280406348064,0.01,203.94508278686786,4.222039083617994,1.3200000000000003,0.02292596699812202,1.32,0.0,0.022917651,0.01
3.712009675790319,0.14745897898282292,0.01,204.2322590759377,4.216963319417088,1.33,0.02292596718168152,1.33,0.0,0.022917651,0.01
3.714558413377179,0.16613313151756412,0.01,204.52765830392883,4.211702583824723,1.3400000000000003,0.02292596736524103,1.34,0.0,0.022917651,0.01
3.7171467017094457,0.18514901328385677,0.01,204.832098193904,4.20625832188421,1.35,0.02292596754880053,1.35,0.0,0.022917651,0.01
3.7197764280730587,0.20453839334184584,0.01,205.14636439166694,4.200606313671378,1.3600000000000003,0.022925967732360036,1.36,0.0,0.022917651,0.01
3.7224556147111003,0.22439097195340918,0.01,205.47171898427513,4.194688948036657,1.37,0.02292596791591954,1.37,0.0,0.022917651,0.01
3.72518680305405,0.24471921679610936,0.01,205.80955080931128,4.188503923695977,1.3800000000000003,0.02292596809947904,1.3800000000000001,0.0,0.022917651,0.01
3.7279711010687655,0.26552920964626664,0.01,206.16097405954767,4.182049589093378,1.3900000000000001,0.02292596828303855,1.3900000000000001,0.0,0.022917651,0.01
3.7308189858511835,0.28699141549202345,0.01,206.52843281752436,4.175197391205736,1.4000000000000001,0.022925968466598053,1.4000000000000001,0.0,0.022917651,0.01
3.7334955993703085,0.30948905002091054,0.01,206.88540051832808,4.166402536920176,1.41,0.02292596846385139,1.41,0.0,0.022917651,0.01
3.7362212348721,0.3325724883892228,0.01,207.2619298235668,4.157217967074886,1.4200000000000002,0.022925968461104722,1.42,0.0,0.022917651,0.01
3.7390059765980523,0.3563560022775995,0.01,207.66282938339452,4.1475697444879644,1.4299999999999997,0.022925968458358054,1.43,0.0,0.022917651,0.01
3.741860524217696,0.3809674492991848,0.01,208.09107587270148,4.137372810518774,1.44,0.022925968455611387,1.44,0.0,0.022917651,0.01
3.744781664967084,0.40635547999207555,0.01,208.55257714531598,4.126665668928347,1.45,0.022925968452864723,1.45,0.0,0.022917651,0.01
3.7477871369407687,0.4327911748209796,0.01,209.05374825923323,4.11524818561434,1.4600000000000002,0.022925968450118052,1.46,0.0,0.022917651,0.01
3.750882005384065,0.46021523094497363,0.01,209.59975149533363,4.103199922715515,1.47,0.022925968447371388,1.47,0.0,0.022917651,0.01
3.754083031056193,0.48881225846625653,0.01,210.19993418270724,4.090403314833055,1.4800000000000002,0.02292596844462472,1.48,0.0,0.022917651,0.01
3.757407196268162,0.5186815332211322,0.01,210.86734584106924,4.076827028511452,1.49,0.022925968441878053,1.49,0.0,0.022917651,0.01
3.760869204216515,0.5499288857682753,0.01,211.61717728571466,4.062424039638404,1.5,0.02292596843913139,1.5,0.0,0.022917651,0.01
3.764242349618708,0.5808309537646543,0.01,212.9693621214469,4.047817431644842,1.51,0.022925968441878056,1.51,0.0,0.022917651,0.01
3.767713015514798,0.6120942743910375,0.01,214.4511019207943,4.033239632863634,1.5200000000000002,0.022925968444624724,1.52,0.0,0.022917651,0.01
3.7712995578167865,0.6436265486820645,0.01,216.0731185781419,4.018856384434695,1.53,0.022925968447371384,1.53,0.0,0.022917651,0.01
3.775016605743986,0.6753812758615304,0.01,217.85819545323545,4.004772735613937,1.54,0.022925968450118052,1.54,0.0,0.022917651,0.01
3.778885100166118,0.7072608335541282,0.01,219.82350496985043,3.991170029691362,1.55,0.022925968452864723,1.55,0.0,0.022917651,0.01
3.782882920287942,0.7391596777597802,0.01,221.990164842226,3.97806533409275,1.56,0.022925968455611387,1.56,0.0,0.022917651,0.01
3.7870453932072703,0.7710393745719871,0.01,224.37950523260093,3.965638416860123,1.5699999999999998,0.022925968458358054,1.57,0.0,0.022917651,0.01
3.791409795800149,0.8028181708963195,0.01,227.0343619770974,3.9541200954926112,1.5800000000000003,0.022925968461104722,1.58,0.0,0.022917651,0.01
3.7959705181809795,0.8344375153478517,0.01,229.9783636198089,3.943546519840979,1.59,0.02292596846385139,1.59,0.0,0.022917651,0.01
3.8008120426360468,0.8657956499762014,0.01,233.24374419305587,3.9343573280962985,1.6000000000000003,0.022925968466598053,1.6,0.0,0.022917651,0.01
3.8061243173936368,0.8931349491793973,0.01,236.61082752392426,3.930900030554416,1.61,0.02292596789119954,1.61,0.0,0.022917651,0.01
3.811886239828035,0.9197798102505721,0.01,239.8779978560805,3.9299357643111463,1.6200000000000003,0.022925967315801026,1.62,0.0,0.022917651,0.01
3.8182456945438172,0.9454777144700903,0.01,243.315652349091,3.932308565531941,1.6300000000000001,0.02292596674040251,1.6300000000000001,0.0,0.022917651,0.01
3.825268832676307,0.9699064357226723,0.01,246.96650191346023,3.9386052883418876,1.6400000000000003,0.022925966165003992,1.6400000000000001,0.0,0.022917651,0.01
3.83299521248394,0.9926131673289034,0.01,251.21768808534594,3.9494369663446065,1.65,0.022925965589605475,1.6500000000000001,0.0,0.022917651,0.01
3.8414214720631525,1.0131622842614658,0.01,257.3350495293583,3.9652257767339716,1.6600000000000004,0.02292596501420696,1.6600000000000001,0.0,0.022917651,0.01
3.850298541928539,1.030541063441042,0.01,268.62638931197415,3.9859881822635193,1.6700000000000002,0.02292596443880844,1.67,0.0,0.022917651,0.01
3.8590560650253476,1.0432417298397663,0.01,282.22887917524054,4.0109504991072935,1.6800000000000002,0.02292596386340993,1.68,0.0,0.022917651,0.01
3.867015887984609,1.0498164534957528,0.01,295.0664494205852,4.038847961197299,1.6900000000000002,0.022925963288011414,1.69,0.0,0.022917651,0.01
3.8732406392282197,1.0478617498723954,0.01,306.0608952578158,4.068334568005704,1.7,0.022925962712612897,1.7,0.0,0.022917651,0.01
3.876864712929993,1.0396612055666847,0.01,312.5039923005461,4.093513759012673,1.7100000000000004,0.02292596346882425,1.71,0.0,0.022917651,0.01
3.8789057084214424,1.0258341361767582,0.01,316.78102986448516,4.1179871622998405,1.7200000000000002,0.02292596422503561,1.72,0.0,0.022917651,0.01
3.879478378018832,1.0076973416879365,0.01,319.8515802944677,4.140897010115517,1.73,0.022925964981246952,1.73,0.0,0.022917651,0.01
3.87905274085695,0.9880988320136875,0.01,322.1467743216483,4.161275341465236,1.7399999999999998,0.022925965737458306,1.74,0.0,0.022917651,0.01
3.8780704360432177,0.9695822370058699,0.01,324.05319705162606,4.178345073699099,1.7500000000000002,0.02292596649366966,1.75,0.0,0.022917651,0.01
3.877141584422957,0.9554478657351955,0.01,325.5935530023208,4.191246381467593,1.76,0.02292596724988101,1.76,0.0,0.022917651,0.01
3.876983622256166,0.9493536556561993,0.01,326.8617620038579,4.199191107403152,1.77,0.022925968006092364,1.77,0.0,0.022917651,0.01
3.877345698872506,0.9477987875421319,0.01,328.0097283705173,4.204676642190825,1.78,0.022925968762303718,1.78,0.0,0.022917651,0.01
3.8781770746437982,0.9497514967624113,0.01,329.0840006552829,4.20853177966451,1.79,0.02292596951851507,1.79,0.0,0.022917651,0.01
3.879641637950462,0.9555786313755374,0.01,330.09824513564735,4.211045248081755,1.8000000000000003,0.02292597027472642,1.8,0.0,0.022917651,0.01
3.881757268039572,0.9650104405367824,0.01,330.21626833638885,4.212424075135302,1.8100000000000003,0.02292596989936741,1.81,0.0,0.022917651,0.01
3.883949428613185,0.9747588163664417,0.01,330.3319037625147,4.213792456719687,1.8200000000000003,0.022925969524008407,1.82,0.0,0.022917651,0.01
3.886230393859372,0.9848745307739202,0.01,330.444768455588,4.215148717559314,1.83,0.022925969148649396,1.83,0.0,0.022917651,0.01
3.888615210975388,0.9954198261601858,0.01,330.5543929384343,4.216490803896968,1.84,0.022925968773290388,1.84,0.0,0.022917651,0.01
3.8916136699786272,1.0086925090577499,0.01,330.58676783779237,4.21756006598735,1.85,0.02292596839793138,1.85,0.0,0.022917651,0.01
3.894747281600787,1.0223641496306777,0.01,330.6143394836111,4.2187709805025815,1.86,0.022925968022572372,1.86,0.0,0.022917651,0.01
3.8981394523531807,1.036754296698839,0.01,330.62293153742377,4.220297624583674,1.8699999999999999,0.022925967647213368,1.87,0.0,0.022917651,0.01
3.9016866426036767,1.0514870090302266,0.01,330.6312097326652,4.222101781473969,1.8800000000000001,0.02292596727185436,1.8800000000000001,0.0,0.022917651,0.01
3.9054403372079145,1.0663773395445455,0.01,330.6205191770445,4.224574339644082,1.8900000000000001,0.022925966896495353,1.8900000000000001,0.0,0.022917651,0.01
3.909396849132454,1.0814356307234663,0.01,330.5940402580654,4.227690208460849,1.9000000000000001,0.022925966521136345,1.9000000000000001,0.0,0.022917651,0.01
3.91302126916042,1.0952360249865396,0.01,330.4452039730202,4.230615134712946,1.9100000000000001,0.022925965762178317,1.9100000000000001,0.0,0.022917651,0.01
3.9167414072155173,1.1091915874048697,0.01,330.30040624859424,4.233767765438702,1.9200000000000004,0.0229259650032203,1.92,0.0,0.022917651,0.01
3.9205617002112683,1.1231785131720302,0.01,330.1530999675743,4.23728965300661,1.9299999999999997,0.022925964244262267,1.93,0.0,0.022917651,0.01
3.924456402318764,1.1367555888965006,0.01,329.9824485766077,4.241519026678639,1.94,0.022925963485304242,1.94,0.0,0.022917651,0.01
3.9284317684619263,1.1501892616101883,0.01,329.80491329107787,4.246214456560384,1.95,0.022925962726346213,1.95,0.0,0.022917651,0.01
3.932495604319423,1.1637299658826572,0.01,329.63104388417634,4.251156732542797,1.9600000000000002,0.022925961967388192,1.96,0.0,0.022917651,0.01
3.9366448422504923,1.1773661204179628,0.01,329.46015742949334,4.256345165259859,1.97,0.022925961208430164,1.97,0.0,0.022917651,0.01
3.9408172435594193,1.1908556597291204,0.01,329.28706112876546,4.261772865067921,1.9800000000000002,0.022925960449472142,1.98,0.0,0.022917651,0.01
3.9448996519491195,1.2037793203878384,0.01,329.1066472759732,4.267406472662799,1.9900000000000002,0.022925959690514114,1.99,0.0,0.022917651,0.01
3.9488396212584225,1.2159138697515972,0.01,328.9176042018015,4.273259437790124,2.0,0.022925958931556085,2.0,0.0,0.022917651,0.01
3.952446482606354,1.227072912041143,0.01,328.35194671750287,4.278646772973319,2.0100000000000007,0.022925958931556085,2.0100000000000002,0.0,0.022917651,0.01
3.9561391741330003,1.2383367596333286,0.01,327.79209670767614,4.284272623370626,2.0200000000000005,0.022925958931556092,2.02,0.0,0.022917651,0.01
3.959879127424833,1.2496490922966341,0.01,327.23534615027717,4.290039035466664,2.0300000000000002,0.022925958931556085,2.0300000000000002,0.0,0.022917651,0.01
3.9633681571773147,1.2602557004630695,0.01,326.67364720986285,4.295507478079508,2.04,0.02292595893155609,2.04,0.0,0.022917651,0.01
3.9664704292858137,1.269767529334479,0.01,326.10501548095107,4.30052367006465,2.05,0.022925958931556085,2.05,0.0,0.022917651,0.01
3.9694191212349565,1.2787947437829752,0.01,325.5353832822059,4.305410156058989,2.06,0.02292595893155609,2.06,0.0,0.022917651,0.01
3.9721430643544275,1.2871914994363376,0.01,324.9618879139535,4.310028105811854,2.07,0.022925958931556085,2.07,0.0,0.022917651,0.01
3.9749123370460313,1.2955311352299415,0.01,324.39475333855574,4.314884494083847,2.0800000000000005,0.02292595893155609,2.08,0.0,0.022917651,0.01
3.9776218944368513,1.303705973520338,0.01,323.83036846841975,4.3196668186321485,2.0900000000000003,0.02292595893155609,2.09,0.0,0.022917651,0.01
3.9799397008899464,1.3114270481899755,0.01,323.254936390621,4.323335901679755,2.1,0.022925958931556085,2.1,0.0,0.022917651,0.01
3.981960969716854,1.3187441660463959,0.01,324.0753979968514,4.326124196289107,2.1100000000000003,0.022925959304168436,2.11,0.0,0.022917651,0.01
3.9840115588680396,1.3259565739642387,0.01,324.90101428957786,4.329134482003224,2.1200000000000006,0.022925959676780787,2.12,0.0,0.022917651,0.01
3.9860936373552756,1.3330565258801408,0.01,325.7321665939042,4.332383180922881,2.13,0.022925960049393127,2.13,0.0,0.022917651,0.01
3.9880147260842995,1.340209299385652,0.01,326.55241472731535,4.334935097861042,2.14,0.02292596042200548,2.14,0.0,0.022917651,0.01
3.9897089825921017,1.3474545280270729,0.01,327.3580632570847,4.336487229590472,2.15,0.022925960794617825,2.15,0.0,0.022917651,0.01
3.991413760508385,1.3545571574657471,0.01,328.1712342952755,4.338224046734555,2.16,0.022925961167230176,2.16,0.0,0.022917651,0.01
3.9931311225213886,1.3614892315873357,0.01,328.9934026054308,4.340181756273901,2.17,0.02292596153984252,2.17,0.0,0.022917651,0.01
3.9948637081954335,1.3682149757359954,0.01,329.8264554011164,4.342406691266628,2.1800000000000006,0.02292596191245487,2.18,0.0,0.022917651,0.01
3.996614950801347,1.3746878579588844,0.01,330.67284737352503,4.3449591169375035,2.1900000000000004,0.022925962285067217,2.19,0.0,0.022917651,0.01
3.9983893998966145,1.3808462169992548,0.01,331.53583132712026,4.3479188930231265,2.2000000000000006,0.02292596265767956,2.2,0.0,0.022917651,0.01
3.999937435411598,1.3874150475624347,0.01,330.8646628665811,4.349472718783949,2.21,0.022925962657679565,2.21,0.0,0.022917651,0.01
4.001474850494486,1.3939892276218078,0.01,330.19375773137295,4.35097871310282,2.22,0.022925962657679565,2.22,0.0,0.022917651,0.01
4.00295203419079,1.4010625324506356,0.01,329.5031766638732,4.35174465747846,2.23,0.022925962657679568,2.23,0.0,0.022917651,0.01
4.004424200334784,1.4081987325159333,0.01,328.81017162680143,4.35242763659687,2.2400000000000007,0.022925962657679565,2.24,0.0,0.022917651,0.01
4.005895382684752,1.4153584137977115,0.01,328.1163016925538,4.353083199451948,2.25,0.02292596265767956,2.25,0.0,0.022917651,0.01
4.007365761325257,1.4225372780338807,0.01,327.4217251814943,4.353716364620367,2.2600000000000002,0.022925962657679565,2.2600000000000002,0.0,0.022917651,0.01
4.008835474915608,1.4297320157011517,0.01,326.7265639952013,4.354330996244436,2.2700000000000005,0.022925962657679565,2.27,0.0,0.022917651,0.01
4.010304631953536,1.4369400371733638,0.01,326.03091351886707,4.354930117926991,2.2800000000000002,0.02292596265767956,2.2800000000000002,0.0,0.022917651,0.01
4.011773318553264,1.4441592870744568,0.01,325.3348494593424,4.355516129489665,2.29,0.022925962657679565,2.29,0.0,0.022917651,0.01
4.013241603934651,1.4513881132633288,0.01,324.6384326708924,4.356090959943912,2.3000000000000003,0.02292596265767956,2.3000000000000003,0.0,0.022917651,0.01
4.014603826049874,1.4583782286860922,0.01,324.3284664092165,4.356398074319887,2.31,0.022925963044025242,2.31,0.0,0.022917651,0.01
4.015965695158349,1.46537700548033,0.01,324.01847355364595,4.356695115246612,2.32,0.022925963430370924,2.32,0.0,0.022917651,0.01
4.017327248787481,1.4723835228738626,0.01,323.70845693132145,4.356983153611281,2.33,0.022925963816716598,2.33,0.0,0.022917651,0.01
4.01868851932744,1.4793969861417111,0.01,323.39841898236887,4.35726311370421,2.3400000000000003,0.022925964203062275,2.34,0.0,0.022917651,0.01
4.020049534881132,1.4864167057511084,0.01,323.0883618239309,4.357535797473838,2.35,0.022925964589407953,2.35,0.0,0.022917651,0.01
4.021410319950824,1.493442080514527,0.01,322.7782873018952,4.35780190412029,2.36,0.02292596497575363,2.36,0.0,0.022917651,0.01
4.02277089599691,1.5004725838799569,0.01,322.46819703298826,4.358062046040229,2.37,0.02292596536209931,2.37,0.0,0.022917651,0.01
4.024131281895738,1.5075077526973513,0.01,322.15809243926685,4.358316761891819,2.3800000000000003,0.022925965748444993,2.38,0.0,0.022917651,0.01
4.025491494317186,1.514547177954734,0.01,321.8479747765625,4.358566527368942,2.39,0.022925966134790667,2.39,0.0,0.022917651,0.01
4.026851548037897,1.5215904970924763,0.01,321.5378451580791,4.358811764139922,2.4,0.022925966521136345,2.4,0.0,0.022917651,0.01
4.028134403117134,1.528360390958291,0.01,321.0921688061684,4.358946168374641,2.41,0.022925966521136345,2.41,0.0,0.022917651,0.01
4.029415196227918,1.5351104428304607,0.01,320.6509842096937,4.359092166802954,2.4200000000000004,0.02292596652113635,2.42,0.0,0.022917651,0.01
4.030693630161495,1.541837792716546,0.01,320.2149388029207,4.359251430592922,2.43,0.02292596652113634,2.43,0.0,0.022917651,0.01
4.031969347707353,1.548539003236721,0.01,319.78481072688714,4.359425968295092,2.44,0.022925966521136345,2.44,0.0,0.022917651,0.01
4.033241915706609,1.555209906172142,0.01,319.36154356720147,4.35961821550828,2.4499999999999997,0.022925966521136345,2.45,0.0,0.022917651,0.01
4.034510803734175,1.5618453973267712,0.01,318.94629279244765,4.359831154747146,2.46,0.022925966521136345,2.46,0.0,0.022917651,0.01
4.035775355173444,1.5684391581836727,0.01,318.5404887645794,4.36006847808568,2.4700000000000006,0.022925966521136345,2.47,0.0,0.022917651,0.01
4.03703763850562,1.5750641353245163,0.01,318.12821076678404,4.36026551237151,2.48,0.02292596652113635,2.48,0.0,0.022917651,0.01
4.038306074140072,1.5819352759716072,0.01,317.66544531037033,4.360240990554849,2.49,0.02292596652113635,2.49,0.0,0.022917651,0.01
4.039571983913503,1.5887943302206469,0.01,317.2110575015505,4.360218451511518,2.5,0.022925966521136345,2.5,0.0,0.022917651,0.01
4.0407844446900905,1.5953870899764175,0.01,317.6046110350689,4.360178870602232,2.5100000000000002,0.02292596671018918,2.5100000000000002,0.0,0.022917651,0.01
4.041995358075754,1.601969605546186,0.01,318.00419981643074,4.360143344277442,2.5200000000000005,0.02292596689924202,2.52,0.0,0.022917651,0.01
4.043204593001425,1.6085410092139119,0.01,318.4103350508561,4.360112215973708,2.5300000000000002,0.022925967088294853,2.5300000000000002,0.0,0.022917651,0.01
4.044412003165311,1.6151003324184037,0.01,318.82358735536076,4.360085869041468,2.5399999999999996,0.022925967277347692,2.54,0.0,0.022917651,0.01
4.045617424753754,1.6216464906647619,0.01,319.2445956480099,4.360064732716993,2.5500000000000007,0.022925967466400528,2.5500000000000003,0.0,0.022917651,0.01
4.046820673740267,1.6281782656431758,0.01,319.67407768243055,4.360049289199657,2.56,0.022925967655453367,2.56,0.0,0.022917651,0.01
4.0480215426687565,1.634694283932862,0.01,320.1128425941478,4.360040082080782,2.57,0.022925967844506203,2.57,0.0,0.022917651,0.01
4.049219796802205,1.6411929915052865,0.01,320.56180592172785,4.360037726435103,2.5800000000000005,0.022925968033559042,2.58,0.0,0.022917651,0.01
4.050415169485866,1.647672623027101,0.01,321.0220076916083,4.360042920970476,2.59,0.02292596822261188,2.59,0.0,0.022917651,0.01
4.051607356531464,1.6541311646818455,0.01,321.49463432128016,4.360056462742811,2.6,0.022925968411664714,2.6,0.0,0.022917651,0.01
4.052742550822502,1.6603735056722524,0.01,320.3138356611215,4.359993938503108,2.61,0.02292596841166472,2.61,0.0,0.022917651,0.01
4.053877278430698,1.666616725692676,0.01,319.13312870402143,4.359928668564435,2.6200000000000006,0.02292596841166472,2.62,0.0,0.022917651,0.01
4.055011521559267,1.672860858264616,0.01,317.9525169470438,4.359860548220525,2.63,0.022925968411664714,2.63,0.0,0.022917651,0.01
4.056145261494876,1.679105938635959,0.01,316.77200406735426,4.359789467372656,2.6400000000000006,0.022925968411664714,2.64,0.0,0.022917651,0.01
4.057278478547863,1.6853520038935648,0.01,315.5915939339657,4.359715310177965,2.65,0.022925968411664714,2.65,0.0,0.022917651,0.01
4.058411151987734,1.6915990930847813,0.01,314.41129062041506,4.359637954669899,2.66,0.022925968411664714,2.66,0.0,0.022917651,0.01
4.05954325997346,1.6978472473487227,0.01,313.2310984184587,4.359557272348146,2.67,0.022925968411664714,2.67,0.0,0.022917651,0.01
4.06067477947811,1.7040965100582453,0.01,312.05102185288354,4.3594731277352,2.68,0.022925968411664718,2.68,0.0,0.022917651,0.01
4.061805686207242,1.710346926973634,0.01,310.87106569754036,4.359385377896261,2.69,0.022925968411664718,2.69,0.0,0.022917651,0.01
4.062935954510486,1.7165985464091704,0.01,309.69123499272035,4.359293871919001,2.7,0.022925968411664714,2.7,0.0,0.022917651,0.01
4.064014276411423,1.7225835030996188,0.01,309.59521319841167,4.359201631420526,2.71,0.022925967652706707,2.71,0.0,0.022917651,0.01
4.065094234151547,1.7286186990001595,0.01,309.475324369997,4.359065694887885,2.72,0.022925966893748696,2.72,0.0,0.022917651,0.01
4.0661732929746695,1.7346536855272277,0.01,309.35635052186456,4.358926371943238,2.73,0.022925966134790678,2.73,0.0,0.022917651,0.01
4.067251378737813,1.7406878785074857,0.01,309.23862180067965,4.3587839501833985,2.74,0.022925965375832663,2.74,0.0,0.022917651,0.01
4.068328441616953,1.7467212373085999,0.01,309.12220196123405,4.358638270938344,2.75,0.022925964616874656,2.75,0.0,0.022917651,0.01
4.069404428327449,1.75275371847605,0.01,309.0071591865193,4.358489164517353,2.7600000000000002,0.02292596385791664,2.7600000000000002,0.0,0.022917651,0.01
4.070479281818284,1.7587852754837698,0.01,308.89356647898114,4.358336449235266,2.77,0.022925963098958627,2.77,0.0,0.022917651,0.01
4.071552940933299,1.7648158584578812,0.01,308.7815020940029,4.358179930333654,2.7800000000000002,0.022925962340000616,2.7800000000000002,0.0,0.022917651,0.01
4.072625340035194,1.7708454138700598,0.01,308.67105002103375,4.3580193987834015,2.79,0.022925961581042605,2.79,0.0,0.022917651,0.01
4.073696408587432,1.7768738841965697,0.01,308.5623005185844,4.357854629953242,2.8000000000000007,0.022925960822084594,2.8000000000000003,0.0,0.022917651,0.01
4.074722498773716,1.7826683259525196,0.01,308.2527923708742,4.357688544008725,2.8100000000000005,0.022925960822084594,2.81,0.0,0.022917651,0.01
4.075747793855999,1.7884626281626588,0.01,307.9442045397421,4.357519417244543,2.8200000000000003,0.022925960822084594,2.82,0.0,0.022917651,0.01
4.076772258834603,1.7942567846843198,0.01,307.6365775365976,4.3573471158068715,2.8299999999999996,0.022925960822084587,2.83,0.0,0.022917651,0.01
4.077795856625059,1.8000507890089439,0.01,307.32995428595336,4.357171497868757,2.84,0.02292596082208459,2.84,0.0,0.022917651,0.01
4.078818547900531,1.8058446342344203,0.01,307.0243803078141,4.3569924130274655,2.85,0.022925960822084594,2.85,0.0,0.022917651,0.01
4.0798402909197335,1.811638313034888,0.01,306.71990391686353,4.356809701646366,2.86,0.02292596082208459,2.86,0.0,0.022917651,0.01
4.080861041338748,1.8174318176277071,0.01,306.41657644027947,4.356623194135234,2.8700000000000006,0.022925960822084587,2.87,0.0,0.022917651,0.01
4.081880752004959,1.8232251397372934,0.01,306.1144524562439,4.356432710162204,2.8800000000000003,0.02292596082208459,2.88,0.0,0.022917651,0.01
4.08289937273111,1.8290182705554647,0.01,305.813590055478,4.356238057789617,2.89,0.022925960822084594,2.89,0.0,0.022917651,0.01
4.08391685004718,1.8348112006978912,0.01,305.51405112843753,4.356039032525107,2.9000000000000004,0.022925960822084594,2.9,0.0,0.022917651,0.01
4.0848726506582524,1.840382486988342,0.01,309.8534933333177,4.355763275230563,2.9100000000000006,0.022925960301619402,2.91,0.0,0.022917651,0.01
4.085828249476289,1.8459542415897334,0.01,314.19393443590593,4.355486242459045,2.9200000000000004,0.022925959781154213,2.92,0.0,0.022917651,0.01
4.086783641224565,1.8515264767480242,0.01,318.5354005565847,4.355207900857842,2.9299999999999997,0.022925959260689015,2.93,0.0,0.022917651,0.01
4.087738820440758,1.8570992051398918,0.01,322.8779187344466,4.354928215901157,2.9400000000000004,0.02292595874022383,2.94,0.0,0.022917651,0.01
4.088693781468719,1.8626724398918335,0.01,327.22151696804525,4.35464715183807,2.95,0.022925958219758638,2.95,0.0,0.022917651,0.01
4.089648518449803,1.8682461946002997,0.01,331.5662242583321,4.354364671637718,2.9600000000000004,0.022925957699293446,2.96,0.0,0.022917651,0.01
4.090603025313714,1.8738204833529146,0.01,335.9120706539229,4.35408073693149,2.9700000000000006,0.022925957178828255,2.97,0.0,0.022917651,0.01
4.091557295768872,1.8793953207508571,0.01,340.2590872988353,4.353795307952072,2.98,0.022925956658363066,2.98,0.0,0.022917651,0.01
4.092511323292232,1.884970721932479,0.01,344.6073064828655,4.3535083434691275,2.99,0.022925956137897878,2.99,0.0,0.022917651,0.01
4.093465101118539,1.8905467025982359,0.01,348.9567616947664,4.3532198007213845,3.0,0.022925955617432686,3.0,0.0,0.022917651,0.01
4.094403120562165,1.8959352780197336,0.01,348.647628450289,4.353007345927318,3.0100000000000002,0.022925951458737125,3.0100000000000002,0.0,0.022917651,0.01
4.095340475668115,1.9013239166387723,0.01,348.33959604021624,4.352792170606193,3.0200000000000005,0.022925947300041567,3.02,0.0,0.022917651,0.01
4.096277145437332,1.9067126204529623,0.01,348.0326992608248,4.352574188764868,3.03,0.022925943141346,3.0300000000000002,0.0,0.022917651,0.01
4.0972156206622365,1.9121119080227647,0.01,347.7268504295746,4.352352844732953,3.04,0.022925938982650444,3.04,0.0,0.022917651,0.01
4.098153933018862,1.9175134765073423,0.01,347.4220713958512,4.352128568136647,3.0500000000000007,0.022925934823954885,3.0500000000000003,0.0,0.022917651,0.01
4.0990916012134,1.9229153885113472,0.01,347.1184088561005,4.35190137123198,3.06,0.022925930665259324,3.06,0.0,0.022917651,0.01
4.10002860531925,1.9283176546612577,0.01,346.8158973481026,4.351671163681726,3.0700000000000007,0.022925926506563762,3.0700000000000003,0.0,0.022917651,0.01
4.100964924579365,1.933720286026412,0.01,346.5145728490084,4.351437851383829,3.0800000000000005,0.0229259223478682,3.08,0.0,0.022917651,0.01
4.101900537362539,1.9391232941423242,0.01,346.21447285111145,4.351201336273226,3.09,0.02292591818917264,3.09,0.0,0.022917651,0.01
4.1028354211168905,1.9445266910354835,0.01,345.9156364424575,4.350961516110985,3.1,0.02292591403047708,3.1,0.0,0.022917651,0.01
4.103739006563254,1.9497328081414924,0.01,341.2313999726277,4.350748570163292,3.1100000000000003,0.022925906074710487,3.11,0.0,0.022917651,0.01
4.104641724100743,1.9549388337964846,0.01,336.5486097653341,4.350532244252365,3.1200000000000006,0.022925898118943886,3.12,0.0,0.022917651,0.01
4.1055435430352185,1.960144764766238,0.01,331.86731696855406,4.350312418843696,3.13,0.022925890163177278,3.13,0.0,0.022917651,0.01
4.106444431207921,1.965350597662204,0.01,327.18757517087556,4.350088968698986,3.14,0.022925882207410684,3.14,0.0,0.022917651,0.01
4.1073443549070525,1.9705563289321917,0.01,322.50944054882837,4.349861762531834,3.15,0.022925874251644086,3.15,0.0,0.022917651,0.01
4.108243278772886,1.9757619548503689,0.01,317.8329720250156,4.349630662638172,3.16,0.022925866295877485,3.16,0.0,0.022917651,0.01
4.10914116569582,1.980967471506519,0.01,313.15823143798633,4.349395524499274,3.1699999999999995,0.022925858340110888,3.17,0.0,0.022917651,0.01
4.11003797670678,1.9861728747944962,0.01,308.48528372487283,4.34915619635492,3.1800000000000006,0.02292585038434429,3.18,0.0,0.022917651,0.01
4.11093367085927,1.9913781603997933,0.01,303.8141971179328,4.348912518744073,3.1900000000000004,0.02292584242857769,3.19,0.0,0.022917651,0.01
4.111828205102337,1.9965833237861583,0.01,299.1450433562398,4.348664324010152,3.2000000000000006,0.02292583447281109,3.2,0.0,0.022917651,0.01
4.1126984587645365,2.0016284199403507,0.01,298.15872021114166,4.348436636610578,3.2100000000000004,0.022925821810413218,3.21,0.0,0.022917651,0.01
4.11356811422294,2.0066739696791536,0.01,297.1730973008402,4.348206102561703,3.2200000000000006,0.02292580914801534,3.22,0.0,0.022917651,0.01
4.114437153768641,2.0117199864302453,0.01,296.18819535471505,4.347972637592833,3.23,0.022925796485617468,3.23,0.0,0.022917651,0.01
4.11530555898677,2.016766484156593,0.01,295.20403592851574,4.347736154073849,3.24,0.022925783823219595,3.24,0.0,0.022917651,0.01
4.116173310720969,2.0218134773833984,0.01,294.22064144595487,4.347496560846118,3.2500000000000004,0.02292577116082172,3.25,0.0,0.022917651,0.01
4.1170435395481,2.0268683678838335,0.01,293.23839704494094,4.347258979267041,3.2600000000000002,0.02292575849842385,3.2600000000000002,0.0,0.022917651,0.01
4.117913154463019,2.031923818015296,0.01,292.25696851881776,4.347018382700705,3.27,0.02292574583602598,3.27,0.0,0.022917651,0.01
4.118781972440664,2.036979468649367,0.01,291.27636739515793,4.346774398157266,3.2800000000000002,0.0229257331736281,3.2800000000000002,0.0,0.022917651,0.01
4.119649963653852,2.0420353272903125,0.01,290.2966246413758,4.346526898833996,3.29,0.022925720511230232,3.29,0.0,0.022917651,0.01
4.120517096768125,2.047091401821614,0.01,289.3177727897765,4.346275751520381,3.3000000000000007,0.022925707848832355,3.3000000000000003,0.0,0.022917651,0.01
4.121322477854924,2.051961311699489,0.01,293.625504226598,4.3459238672165,3.31,0.022925691331677343,3.31,0.0,0.022917651,0.01
4.122126506552121,2.0568316432012197,0.01,297.93539909655266,4.345566151015626,3.32,0.022925674814522328,3.3200000000000003,0.0,0.022917651,0.01
4.122929140668026,2.061702409480577,0.01,302.24752489416784,4.345202420974937,3.33,0.022925658297367316,3.33,0.0,0.022917651,0.01
4.123730336237453,2.0665736242442407,0.01,306.56195195105676,4.344832487503769,3.34,0.022925641780212305,3.34,0.0,0.022917651,0.01
4.124530047427543,2.071445301781161,0.01,310.8787535865695,4.3444561529575125,3.3500000000000005,0.022925625263057293,3.35,0.0,0.022917651,0.01
4.1253282264375235,2.0763174569938068,0.01,315.1980062681471,4.344073211205351,3.36,0.022925608745902278,3.36,0.0,0.022917651,0.01
4.126124823391946,2.0811901054314546,0.01,319.5197897821172,4.343683447169851,3.3700000000000006,0.022925592228747266,3.37,0.0,0.022917651,0.01
4.12691978622689,2.086063263325663,0.01,323.84418741572784,4.343286636336262,3.3800000000000003,0.022925575711592254,3.38,0.0,0.022917651,0.01
4.127715723356178,2.0909419354684657,0.01,328.171461276625,4.342888208364661,3.39,0.022925559195116657,3.39,0.0,0.022917651,0.01
4.12851617200104,2.095832881326099,0.01,332.50188677948927,4.342495554493775,3.4,0.022925542680559626,3.4,0.0,0.022917651,0.01
4.129314565667296,2.1005699974938072,0.01,332.55911072596336,4.34221310978839,3.41,0.022924949154382812,3.41,0.0,0.022917651,0.01
4.130112141077847,2.1053074528506364,0.01,332.6179613588275,4.341927052764547,3.4200000000000004,0.02292435564693842,3.42,0.0,0.022917651,0.01
4.130908872975917,2.110045257866204,0.01,332.6784888883695,4.341637271922229,3.4299999999999997,0.02292376215880465,3.43,0.0,0.022917651,0.01
4.1317047350544716,2.114783423445489,0.01,332.74074561278815,4.34134365112489,3.44,0.022923168690583747,3.44,0.0,0.022917651,0.01
4.132499699901044,2.119521960951699,0.01,332.80478602786036,4.341046069355902,3.4500000000000006,0.022922575242903278,3.45,0.0,0.022917651,0.01
4.133293738939067,2.124260882230593,0.01,332.8706669435951,4.34074440045951,3.4600000000000004,0.022921981816417445,3.46,0.0,0.022917651,0.01
4.134086822365414,2.1290001996363754,0.01,332.93844760839767,4.340438512865114,3.47,0.022921388411808536,3.47,0.0,0.022917651,0.01
4.13487891908387,2.1337399260592673,0.01,333.00818984131445,4.340128269293588,3.4800000000000004,0.02292079502978844,3.48,0.0,0.022917651,0.01
4.1356699966342365,2.1384800749548987,0.01,333.0799581729792,4.339813526444295,3.49,0.02292020167110027,3.49,0.0,0.022917651,0.01
4.136460021116722,2.14322066037565,0.01,333.1538199959351,4.339494134661265,3.5000000000000004,0.02291960833652009,3.5,0.0,0.022917651,0.01
4.1372371080471355,2.147815003996972,0.01,332.91509866601507,4.339231584634381,3.5100000000000002,0.022919535127558663,3.5100000000000002,0.0,0.022917651,0.01
4.138013852163338,2.1524099537801757,0.01,332.6771266172607,4.338967057169533,3.520000000000001,0.022919461918022948,3.52,0.0,0.022917651,0.01
4.13879024635991,2.157005522289021,0.01,332.43991937982946,4.338700511280874,3.5300000000000002,0.02291938870790104,3.5300000000000002,0.0,0.022917651,0.01
4.139566283333701,2.161601722436894,0.01,332.20349291605135,4.338431904842009,3.54,0.022919315497180712,3.54,0.0,0.022917651,0.01
4.140341955576903,2.1661985674990474,0.01,331.96786363556606,4.338161194546034,3.5500000000000007,0.022919242285849385,3.5500000000000003,0.0,0.022917651,0.01
4.141117255369837,2.170796071125372,0.01,331.7330484111031,4.337888335863905,3.56,0.022919169073894127,3.56,0.0,0.022917651,0.01
4.141892174773419,2.1753942473537027,0.01,331.49906459493315,4.3376132830010095,3.5700000000000007,0.022919095861301635,3.5700000000000003,0.0,0.022917651,0.01
4.142667045034154,2.1799936386477974,0.01,331.2659627784552,4.337336818468596,3.58,0.022919022648564054,3.58,0.0,0.022917651,0.01
4.143444816130675,2.1845988945448593,0.01,331.0340428754993,4.337066092485579,3.59,0.022918949441788704,3.59,0.0,0.022917651,0.01
4.144222247085441,2.1892050288621894,0.01,330.80300829244925,4.3367931273681,3.6000000000000005,0.02291887623760795,3.6,0.0,0.022917651,0.01
4.14495574353073,2.1936521162700657,0.01,330.7380422476973,4.33646994929376,3.6100000000000003,0.022918836514415963,3.61,0.0,0.022917651,0.01
4.145688202127272,2.1980994984082756,0.01,330.6754071308845,4.336142324918727,3.6200000000000006,0.022918796791751957,3.62,0.0,0.022917651,0.01
4.146419584157987,2.2025471862717687,0.01,330.6151898975743,4.3358100883731865,3.6300000000000003,0.022918757069635625,3.63,0.0,0.022917651,0.01
4.147149848955752,2.2069951914092774,0.01,330.55748188297565,4.335473065433049,3.6399999999999997,0.022918717348087665,3.64,0.0,0.022917651,0.01
4.147878953779065,2.2114435259586167,0.01,330.5023790811937,4.335131072987263,3.65,0.022918677627129815,3.65,0.0,0.022917651,0.01
4.148606853678073,2.2158922026847345,0.01,330.449982446122,4.33478391846387,3.66,0.022918637906784934,3.66,0.0,0.022917651,0.01
4.149333501350076,2.220341235020744,0.01,330.40039821596025,4.334431399210967,3.6699999999999995,0.022918598187077095,3.67,0.0,0.022917651,0.01
4.150058846983542,2.224790637112224,0.01,330.3537382635492,4.334073301828439,3.68,0.02291855846803164,3.68,0.0,0.022917651,0.01
4.150782838089549,2.2292404238650803,0.01,330.31012047495165,4.333709401445807,3.6900000000000004,0.022918518749675265,3.69,0.0,0.022917651,0.01
4.1515054193194345,2.2336906109973356,0.01,330.2696691589729,4.333339460941056,3.7,0.022918479032036133,3.7,0.0,0.022917651,0.01
4.152236184151636,2.238037137312556,0.01,330.3157177079107,4.3330741788232165,3.71,0.022918458380173038,3.71,0.0,0.022917651,0.01
4.152966629900209,2.2423845391965824,0.01,330.3624804724079,4.332806744966648,3.7200000000000006,0.022918437729339287,3.72,0.0,0.022917651,0.01
4.153696750844322,2.2467328323474165,0.01,330.4099702575767,4.332537120793,3.7300000000000004,0.022918417079553343,3.73,0.0,0.022917651,0.01
4.154426541125578,2.2510820328405825,0.01,330.4582001764794,4.3322652667961545,3.74,0.0229183964308341,3.74,0.0,0.022917651,0.01
4.155155994743828,2.2554321571405382,0.01,330.50718365944084,4.33199114251417,3.7499999999999996,0.022918375783200925,3.75,0.0,0.022917651,0.01
4.15588840288531,2.259787685785467,0.01,330.5572871321992,4.331723432894313,3.7600000000000002,0.022918355190732792,3.7600000000000002,0.0,0.022917651,0.01
4.156621226522971,2.264145001265944,0.01,330.60825328158927,4.33145559861277,3.77,0.02291833461722348,3.77,0.0,0.022917651,0.01
4.157353713975039,2.2685030880051302,0.01,330.6600171035476,4.331185648336423,3.7800000000000007,0.022918314051121217,3.7800000000000002,0.0,0.022917651,0.01
4.158085858846585,2.272861960673911,0.01,330.7125937714044,4.3309135418148115,3.7900000000000005,0.022918293492566917,3.79,0.0,0.022917651,0.01
4.158817654579462,2.277221634317641,0.01,330.76599884578167,4.330639237770103,3.8000000000000003,0.022918272941705058,3.8000000000000003,0.0,0.022917651,0.01
4.159507910795333,2.281434192323923,0.01,330.442706944663,4.3303158085600595,3.8100000000000005,0.022918262140584112,3.81,0.0,0.022917651,0.01
4.1601977963363215,2.285647427428968,0.01,330.1206904019743,4.329990219344825,3.8200000000000003,0.02291825133072983,3.8200000000000003,0.0,0.022917651,0.01
4.1608873066311265,2.2898613479830083,0.01,329.7999649459063,4.329662443486416,3.8299999999999996,0.022918240512034508,3.83,0.0,0.022917651,0.01
4.1615764370329735,2.2940759624741474,0.01,329.48054656433817,4.329332453907035,3.8400000000000003,0.02291822968438867,3.84,0.0,0.022917651,0.01
4.162265182818042,2.298291279531214,0.01,329.16245151021934,4.329000223079942,3.85,0.02291821884768101,3.85,0.0,0.022917651,0.01
4.162953539183874,2.302507307926697,0.01,328.84569630708614,4.328665723020122,3.86,0.022918208001798387,3.86,0.0,0.022917651,0.01
4.163641501247719,2.306724056579743,0.01,328.5302977547165,4.3283289252747075,3.8700000000000006,0.022918197146625758,3.87,0.0,0.022917651,0.01
4.164329064044853,2.3109415345592343,0.01,328.21627293492674,4.327989800913154,3.8800000000000003,0.02291818628204616,3.88,0.0,0.022917651,0.01
4.165016222526856,2.3151597510869473,0.01,327.9036392175149,4.327648320517181,3.8900000000000006,0.02291817540794063,3.89,0.0,0.022917651,0.01
4.165702971559833,2.3193787155407843,0.01,327.5924142663558,4.327304454170442,3.9000000000000004,0.022918164524188222,3.9,0.0,0.022917651,0.01
4.166381228559415,2.3234842187080074,0.01,326.6494973814465,4.327011516983591,3.910000000000001,0.02291812263985351,3.91,0.0,0.022917651,0.01
4.167058993038995,2.3275905337873417,0.01,325.7078998162069,4.326715797927145,3.920000000000001,0.02291808075249355,3.92,0.0,0.022917651,0.01
4.1677362538917535,2.331697679088211,0.01,324.7676513226056,4.326417234267184,3.9299999999999993,0.02291803886204011,3.93,0.0,0.022917651,0.01
4.168412999674392,2.3358056734747388,0.01,323.828782553969,4.326115761369216,3.94,0.02291799696842292,3.94,0.0,0.022917651,0.01
4.169089218594274,2.339914536386908,0.01,322.89132509937514,4.325811312625657,3.9500000000000006,0.022917955071569532,3.95,0.0,0.022917651,0.01
4.169764898496005,2.3440242878627138,0.01,321.95531151963604,4.3255038193799615,3.9600000000000004,0.022917913171405284,3.96,0.0,0.022917651,0.01
4.170440026847374,2.3481349485613277,0.01,321.02077538495195,4.325193210847221,3.9700000000000006,0.022917871267853194,3.97,0.0,0.022917651,0.01
4.171116110926902,2.352248175126259,0.01,320.08793625984674,4.324883859332546,3.9800000000000004,0.022917829358337367,3.98,0.0,0.022917651,0.01
4.171794307080152,2.3563652053298174,0.01,319.1569767582457,4.324579152117133,3.99,0.022917787439352195,3.99,0.0,0.022917651,0.01
4.172471934610541,2.3604831731880074,0.01,318.2276129614854,4.324271232597599,4.0,0.02291774551444252,4.0,0.0,0.022917651,0.01
4.1731282479456,2.3644804397311687,0.01,318.16342563397995,4.32397160463014,4.01,0.02291774121857177,4.01,0.0,0.022917651,0.01
4.173783252524926,2.3684780122846716,0.01,318.10092263285685,4.32366643573457,4.0200000000000005,0.02291773692615621,4.0200000000000005,0.0,0.022917651,0.01
4.174436895879175,2.37247590311678,0.01,318.0401714844658,4.323355503769476,4.03,0.022917732637334366,4.03,0.0,0.022917651,0.01
4.175089122696288,2.376474125160438,0.01,317.98124337364743,4.323038574558104,4.04,0.02291772835225227,4.04,0.0,0.022917651,0.01
4.175739874626314,2.3804726920588988,0.01,317.9242133948996,4.3227154010621005,4.05,0.022917724071063964,4.05,0.0,0.022917651,0.01
4.176389090069959,2.384471618215172,0.01,317.869160824526,4.322385722486228,4.0600000000000005,0.02291771979393208,4.0600000000000005,0.0,0.022917651,0.01
4.177036703949205,2.388470918845656,0.01,317.81616941583695,4.322049263307242,4.07,0.022917715521028417,4.07,0.0,0.022917651,0.01
4.177682647458222,2.3924706100383744,0.01,317.76532771971506,4.321705732219323,4.08,0.022917711252534636,4.08,0.0,0.022917651,0.01
4.178326847792567,2.3964707088162993,0.01,317.71672943312603,4.321354820987587,4.09,0.022917706988642945,4.09,0.0,0.022917651,0.01
4.178969227854436,2.4004712332062685,0.01,317.67047377845626,4.32099620320017,4.1,0.022917702729556882,4.1,0.0,0.022917651,0.01
4.179595481417756,2.404362844683431,0.01,317.7995836211566,4.320656150213218,4.110000000000001,0.022917700510330857,4.11,0.0,0.022917651,0.01
4.180221644820246,2.4082556873048464,0.01,317.93045451070594,4.320314505469684,4.120000000000001,0.0229176982916283,4.12,0.0,0.022917651,0.01
4.180847717224319,2.4121497725077434,0.01,318.0631028070866,4.319971254182273,4.13,0.022917696073454088,4.13,0.0,0.022917651,0.01
4.181476746780644,2.4160488235919937,0.01,318.19793568431413,4.319634865936626,4.14,0.022917693880018276,4.14,0.0,0.022917651,0.01
4.182105898308831,2.41994935772331,0.01,318.334631543594,4.3192974824140995,4.15,0.02291769170572202,4.15,0.0,0.022917651,0.01
4.182734817250962,2.4238509607228322,0.01,318.4731737390803,4.318958099518021,4.16,0.022917689548931246,4.16,0.0,0.022917651,0.01
4.18336350009001,2.42775364875336,0.01,318.61359018998775,4.318616687015034,4.17,0.022917687409910643,4.17,0.0,0.022917651,0.01
4.183991943237675,2.4316574383052156,0.01,318.7559093812858,4.318273214059135,4.18,0.022917685288930296,4.18,0.0,0.022917651,0.01
4.184620143032573,2.4355623462045823,0.01,318.9001603781039,4.317927649176071,4.19,0.022917683186265775,4.19,0.0,0.022917651,0.01
4.18524809573837,2.439468389622101,0.01,319.0463728405763,4.317579960247269,4.2,0.022917681102198294,4.2,0.0,0.022917651,0.01
4.185859921032797,2.443267994207508,0.01,319.15494427003665,4.317249573724107,4.21,0.022917680172039386,4.21,0.0,0.022917651,0.01
4.1864708726739375,2.4470683968253395,0.01,319.26517656238923,4.316914894780683,4.22,0.022917679233540107,4.22,0.0,0.022917651,0.01
4.187080922691206,2.450869623025126,0.01,319.37712289124966,4.3165757859923435,4.2299999999999995,0.02291767828643343,4.23,0.0,0.022917651,0.01
4.187690041907146,2.4546716994588116,0.01,319.4908387245693,4.316232104004838,4.24,0.02291767733044082,4.24,0.0,0.022917651,0.01
4.188298199871619,2.4584746539408577,0.01,319.6063819497299,4.31588369921101,4.250000000000001,0.02291767636527158,4.25,0.0,0.022917651,0.01
4.188905364791659,2.462278515512327,0.01,319.7238130069126,4.31553041540612,4.26,0.022917675390622193,4.26,0.0,0.022917651,0.01
4.189511503456613,2.4660833145092553,0.01,319.84319503138835,4.315172089420097,4.2700000000000005,0.022917674406175616,4.2700000000000005,0.0,0.022917651,0.01
4.1901165811582395,2.46988908263564,0.01,319.96459400543176,4.3148085507249245,4.28,0.022917673411600507,4.28,0.0,0.022917651,0.01
4.1907205616053265,2.473695853041431,0.01,320.088078920629,4.314439621015167,4.29,0.022917672406550408,4.29,0.0,0.022917651,0.01
4.191324596631328,2.477504867252793,0.01,320.2139109366938,4.314068665762353,4.3,0.022917671380220443,4.3,0.0,0.022917651,0.01
4.191916909811566,2.481209804240593,0.01,319.70058963284276,4.313731401466391,4.310000000000001,0.022917670804053148,4.3100000000000005,0.0,0.022917651,0.01
4.192508406168366,2.484916005030603,0.01,319.18933410884273,4.313389606038906,4.32,0.022917670224788286,4.32,0.0,0.022917651,0.01
4.193099066147262,2.4886234998778027,0.01,318.68019381873614,4.313043171006207,4.33,0.02291766964235171,4.33,0.0,0.022917651,0.01
4.1936888695646015,2.4923323200106653,0.01,318.173219807813,4.31269198440432,4.34,0.022917669056666874,4.34,0.0,0.022917651,0.01
4.194277795582023,2.4960424976706292,0.01,317.66846477713074,4.3123359306374685,4.3500000000000005,0.022917668467654757,4.3500000000000005,0.0,0.022917651,0.01
4.194865822679707,2.499754066153504,0.01,317.16598315119865,4.3119748903296164,4.36,0.022917667875233753,4.36,0.0,0.022917651,0.01
4.195452928628279,2.5034670598529303,0.01,316.66583114900993,4.311608740168665,4.37,0.02291766727931956,4.37,0.0,0.022917651,0.01
4.196039090459328,2.5071815143059992,0.01,316.16806685861576,4.311237352742876,4.380000000000001,0.02291766667982508,4.38,0.0,0.022917651,0.01
4.196624284434433,2.510897466241172,0.01,315.6727503154501,4.310860596369074,4.39,0.022917666076660292,4.39,0.0,0.022917651,0.01
4.197208486012626,2.514614953628625,0.01,315.17994358462613,4.31047833491214,4.400000000000001,0.02291766546973213,4.4,0.0,0.022917651,0.01
4.197801580490335,2.5182480965543546,0.01,317.33147529220787,4.310193552924059,4.41,0.022917665048784414,4.41,0.0,0.022917651,0.01
4.198394601972183,2.521881849260692,0.01,319.4835616238058,4.309907869248011,4.42,0.022917664634090257,4.42,0.0,0.022917651,0.01
4.198987549823009,2.525516217053527,0.01,321.6362074053739,4.309621276038132,4.430000000000001,0.02291766422570407,4.43,0.0,0.022917651,0.01
4.199580423400266,2.529151205300484,0.01,323.7894175190185,4.309333765357269,4.44,0.02291766382368091,4.44,0.0,0.022917651,0.01
4.200174978014091,2.5327884980505857,0.01,325.9435114373115,4.309050674848781,4.45,0.022917663427376906,4.45,0.0,0.022917651,0.01
4.200769539238231,2.536426522453589,0.01,328.0981985580216,4.308766879227563,4.46,0.022917663029688767,4.46,0.0,0.022917651,0.01
4.201364016082995,2.540065199537594,0.01,330.2534687820198,4.308482093484352,4.47,0.022917662630442214,4.47,0.0,0.022917651,0.01
4.201958407674811,2.5437045360597614,0.01,332.40932814613353,4.308196307368486,4.48,0.022917662229621126,4.48,0.0,0.022917651,0.01
4.202552713128004,2.5473445388708496,0.01,334.5657827708101,4.3079095104873115,4.49,0.022917661827209144,4.49,0.0,0.022917651,0.01
4.203146931544589,2.5509852149168424,0.01,336.72283886157,4.30762169230372,4.5,0.022917661423189677,4.5,0.0,0.022917651,0.01
4.2037243373069435,2.554540299480939,0.01,336.51375791307555,4.307330762449205,4.51,0.022917661304218614,4.51,0.0,0.022917651,0.01
4.204301710264126,2.55809586156618,0.01,336.30507374142536,4.307039223853313,4.520000000000001,0.02291766118946219,4.5200000000000005,0.0,0.022917651,0.01
4.204879050327777,2.5616519024587507,0.01,336.0967874153244,4.3067470748764185,4.53,0.022917661078931773,4.53,0.0,0.022917651,0.01
4.2054563574092185,2.5652084234494636,0.01,335.8889000073196,4.306454313873005,4.54,0.02291766097263875,4.54,0.0,0.022917651,0.01
4.206033631419457,2.5687654258337713,0.01,335.6814125938161,4.306160939191632,4.55,0.022917660870594544,4.55,0.0,0.022917651,0.01
4.206610872269171,2.5723229109117938,0.01,335.4743262550953,4.305866949174916,4.56,0.022917660772810645,4.5600000000000005,0.0,0.022917651,0.01
4.207188079868726,2.5758808799883366,0.01,335.2676420753324,4.3055723421595,4.57,0.02291766067929856,4.57,0.0,0.022917651,0.01
4.207765254128158,2.579439334372912,0.01,335.0613611426135,4.305277116476019,4.58,0.022917660590069847,4.58,0.0,0.022917651,0.01
4.208342394957181,2.58299827537976,0.01,334.8554845489536,4.304981270449094,4.59,0.022917660505136116,4.59,0.0,0.022917651,0.01
4.20891950226518,2.5865577043278716,0.01,334.65001339031414,4.304684802397277,4.6000000000000005,0.022917660424508993,4.6000000000000005,0.0,0.022917651,0.01
4.209463773503079,2.5900155978565502,0.01,334.9231381463665,4.304337998000852,4.61,0.02291766054678374,4.61,0.0,0.022917651,0.01
4.210007223686161,2.593474672124671,0.01,335.19900005111,4.303986728637723,4.62,0.022917660652816155,4.62,0.0,0.022917651,0.01
4.210549831803655,2.596934957347328,0.01,335.4776691481174,4.303630880049491,4.63,0.022917660742190607,4.63,0.0,0.022917651,0.01
4.2110915761217305,2.6003964847794263,0.01,335.7592178914074,4.3032703340457275,4.639999999999999,0.02291766081447715,4.64,0.0,0.022917651,0.01
4.211632434152132,2.6038592867607933,0.01,336.0437212500335,4.30290496833336,4.65,0.022917660869230905,4.65,0.0,0.022917651,0.01
4.212172382619153,2.6073233967636695,0.01,336.33125681816813,4.302534656337092,4.66,0.022917660905991448,4.66,0.0,0.022917651,0.01
4.212711397424868,2.610788849442711,0.01,336.62190493101866,4.302159267010328,4.67,0.022917660924282046,4.67,0.0,0.022917651,0.01
4.213249453612497,2.614255680687668,0.01,336.9157487869402,4.3017786646359655,4.68,0.022917660923609005,4.68,0.0,0.022917651,0.01
4.2137890925336565,2.617726461023579,0.01,337.2134634348367,4.301400443432879,4.690000000000001,0.022917660884571034,4.69,0.0,0.022917651,0.01
4.214330368381688,2.621201286760716,0.01,337.5151193921686,4.3010247237201815,4.700000000000001,0.022917660822581138,4.7,0.0,0.022917651,0.01
4.214892518022816,2.6246083366020017,0.01,337.32067373384086,4.300780610372232,4.71,0.022917660886456675,4.71,0.0,0.022917651,0.01
4.21545454359535,2.628016098451584,0.01,337.1268766205016,4.300535288685188,4.720000000000001,0.02291766095892397,4.72,0.0,0.022917651,0.01
4.216016443626646,2.631424580760744,0.01,336.9337357501449,4.300288744316504,4.73,0.022917661040085018,4.73,0.0,0.022917651,0.01
4.216578216620654,2.6348337921150455,0.01,336.7412589430791,4.300040962695741,4.74,0.022917661130043416,4.74,0.0,0.022917651,0.01
4.21713986105746,2.6382437412370123,0.01,336.54945414436526,4.299791929020029,4.75,0.02291766122890441,4.75,0.0,0.022917651,0.01
4.217701375392805,2.641654436988872,0.01,336.35832942631464,4.2995416282494086,4.76,0.022917661336774954,4.76,0.0,0.022917651,0.01
4.218262758057602,2.645065888375361,0.01,336.1678929910469,4.299290045102071,4.7700000000000005,0.022917661453763703,4.7700000000000005,0.0,0.022917651,0.01
4.218824007457424,2.6484781045466037,0.01,335.97815317310983,4.299037164049469,4.78,0.022917661579981062,4.78,0.0,0.022917651,0.01
4.219385121972003,2.6518910948010577,0.01,335.7891184421627,4.298782969311327,4.790000000000001,0.02291766171553925,4.79,0.0,0.022917651,0.01
4.219946099954693,2.655304868588529,0.01,335.6007974057253,4.298527444850509,4.8,0.02291766186055228,4.8,0.0,0.022917651,0.01
4.220448296208106,2.6586004556808924,0.01,335.5526655743867,4.29813612439216,4.8100000000000005,0.02291766191715331,4.8100000000000005,0.0,0.022917651,0.01
4.220949602979018,2.661897596277962,0.01,335.5078111273168,4.2977396924909534,4.82,0.022917661982240697,4.82,0.0,0.022917651,0.01
4.221449995790227,2.6651963331298174,0.01,335.4663242531305,4.297338008487779,4.829999999999999,0.02291766205604797,4.83,0.0,0.022917651,0.01
4.221949449258117,2.668496710569616,0.01,335.4282984802159,4.296930926514783,4.84,0.022917662138817307,4.84,0.0,0.022917651,0.01
4.22244793705031,2.6717987745875553,0.01,335.39383083277176,4.2965182952520085,4.8500000000000005,0.022917662230799947,4.8500000000000005,0.0,0.022917651,0.01
4.222945431840916,2.6751025729090214,0.01,335.3630219956771,4.296099957670261,4.86,0.02291766233225659,4.86,0.0,0.022917651,0.01
4.223445117099537,2.678411705023352,0.01,335.33759393346935,4.295685049276774,4.87,0.022917662380049966,4.87,0.0,0.022917651,0.01
4.223945350621583,2.681724091597952,0.01,335.3162364159423,4.295269080462324,4.88,0.02291766240169091,4.88,0.0,0.022917651,0.01
4.224444596542149,2.685038041281459,0.01,335.29816406208977,4.294847598690655,4.89,0.022917662426184007,4.89,0.0,0.022917651,0.01
4.2249428273531455,2.6883535976118207,0.01,335.2834683749957,4.294420450406982,4.9,0.022917662453608698,4.9,0.0,0.022917651,0.01
4.2254577498253525,2.691602782996769,0.01,334.624677919389,4.2941083502450565,4.91,0.02291766254343326,4.91,0.0,0.022917651,0.01
4.225972499504679,2.6948528617277208,0.01,333.9670907281572,4.293794665350114,4.920000000000001,0.02291766263199957,4.92,0.0,0.022917651,0.01
4.226487074396347,2.6981038441177523,0.01,333.31072069217623,4.293479377427479,4.93,0.022917662719293103,4.93,0.0,0.022917651,0.01
4.22700147247476,2.7013557406392996,0.01,332.65558191696243,4.2931624678997915,4.940000000000001,0.022917662805299117,4.94,0.0,0.022917651,0.01
4.2275156916828935,2.7046085619272406,0.01,332.00168872683446,4.292843917901522,4.95,0.022917662890002622,4.95,0.0,0.022917651,0.01
4.228029729931694,2.707862318782066,0.01,331.3490556691718,4.29252370827336,4.96,0.022917662973388417,4.96,0.0,0.022917651,0.01
4.228543585099452,2.7111170221731085,0.01,330.6976975187745,4.29220181955648,4.97,0.022917663055441045,4.97,0.0,0.022917651,0.01
4.229057255031154,2.7143726832418595,0.01,330.0476292823238,4.291878231986661,4.98,0.022917663136144812,4.98,0.0,0.022917651,0.01
4.229570737537835,2.717629313305357,0.01,329.39886620295005,4.29155292548827,4.99,0.02291766321548379,4.99,0.0,0.022917651,0.01
4.230084030395904,2.7208869238596582,0.01,328.7514237649074,4.291225879668111,5.0,0.022917663293441765,5.0,0.0,0.022917651,0.01
4.2305895019390585,2.724069782725251,0.01,327.5884887053823,4.290924924489463,5.01,0.022917663453507816,5.01,0.0,0.022917651,0.01
4.231094836402489,2.727253460250601,0.01,326.40804621674147,4.290622602358603,5.020000000000001,0.022917663618372337,5.0200000000000005,0.0,0.022917651,0.01
4.231600032722337,2.730437962789237,0.01,325.2099604257482,4.290318902666763,5.03,0.022917663788072584,5.03,0.0,0.022917651,0.01
4.232105089823702,2.733623296760604,0.01,323.99409404952286,4.290013814695114,5.040000000000001,0.022917663962646186,5.04,0.0,0.022917651,0.01
4.232610006620509,2.736809468650918,0.01,322.7603083772143,4.289707327613335,5.05,0.02291766414213115,5.05,0.0,0.022917651,0.01
4.233114782015348,2.7399964850140415,0.01,321.50846325138485,4.289399430478152,5.0600000000000005,0.0229176643265659,5.0600000000000005,0.0,0.022917651,0.01
4.233619414899344,2.7431843524723623,0.01,320.2384170491041,4.289090112231878,5.07,0.02291766451598925,5.07,0.0,0.022917651,0.01
4.234124988873643,2.7463741898721232,0.01,318.95024990208,4.288782588148489,5.08,0.022917664708725357,5.08,0.0,0.022917651,0.01
4.2346311540102155,2.7495656339256405,0.01,317.64366163729,4.28847582165158,5.090000000000001,0.02291766490651837,5.09,0.0,0.022917651,0.01
4.235137164582024,2.752757925402002,0.01,316.31831913395257,4.288167589195046,5.100000000000001,0.022917665110893493,5.1000000000000005,0.0,0.022917651,0.01
4.235650956064906,2.755893191067726,0.01,316.3019701000731,4.287930806178105,5.110000000000001,0.022917665212059277,5.11,0.0,0.022917651,0.01
4.2361646673630515,2.7590289354109476,0.01,316.285791785285,4.287693223815946,5.120000000000001,0.02291766530934477,5.12,0.0,0.022917651,0.01
4.236678297142068,2.7621651663975713,0.01,316.2697870306069,4.28745482880628,5.13,0.02291766540268539,5.13,0.0,0.022917651,0.01
4.23719184403779,2.7653018921712365,0.01,316.25395874044744,4.287215607550011,5.14,0.022917665492015134,5.14,0.0,0.022917651,0.01
4.237705306655441,2.7684391210583104,0.01,316.23830988438345,4.286975546142915,5.15,0.022917665577266492,5.15,0.0,0.022917651,0.01
4.238218683568774,2.771576861573034,0.01,316.22284349899724,4.286734630367025,5.16,0.022917665658370463,5.16,0.0,0.022917651,0.01
4.2387319733191795,2.7747151224228563,0.01,316.207562689778,4.286492845681746,5.170000000000001,0.022917665735256446,5.17,0.0,0.022917651,0.01
4.239245174414758,2.7778539125139448,0.01,316.19247063308717,4.286250177214637,5.180000000000001,0.022917665807852254,5.18,0.0,0.022917651,0.01
4.239758285329365,2.7809932409568865,0.01,316.1775705781919,4.2860066097518965,5.19,0.022917665876084032,5.19,0.0,0.022917651,0.01
4.240271304501628,2.784133117072585,0.01,316.1628658493686,4.285762127728516,5.2,0.02291766593987622,5.2,0.0,0.022917651,0.01
4.2407359893330865,2.7871828323182255,0.01,315.67842697994075,4.285398402547431,5.21,0.0229176658925929,5.21,0.0,0.022917651,0.01
4.2412005116779286,2.790233753341105,0.01,315.1941239585197,4.285032821592812,5.22,0.022917665860031102,5.22,0.0,0.022917651,0.01
4.241664869533515,2.7932858950023642,0.01,314.709958459425,4.284665361992346,5.23,0.022917665842372273,5.23,0.0,0.022917651,0.01
4.242129060864161,2.7963392724083698,0.01,314.2259321846044,4.2842960004963055,5.24,0.022917665839800865,5.24,0.0,0.022917651,0.01
4.242593083600452,2.799393900915791,0.01,313.7420468642057,4.283924713469724,5.25,0.022917665852504345,5.25,0.0,0.022917651,0.01
4.243056935638543,2.8024497961368073,0.01,313.2583042571636,4.283551476884395,5.260000000000001,0.022917665880673344,5.26,0.0,0.022917651,0.01
4.243520614839434,2.8055069739444427,0.01,312.77470615180084,4.283176266310646,5.270000000000001,0.022917665924501646,5.2700000000000005,0.0,0.022917651,0.01
4.2439841190282435,2.8085654504780386,0.01,312.2912543664442,4.282799056908931,5.28,0.022917665984186306,5.28,0.0,0.022917651,0.01
4.244447445993439,2.811625242148861,0.01,311.80795075005705,4.282419823421191,5.29,0.022917666059927688,5.29,0.0,0.022917651,0.01
4.244910593486076,2.8146863656458505,0.01,311.3247971828867,4.282038540162005,5.3,0.02291766615192955,5.3,0.0,0.022917651,0.01
4.2453907391400065,2.8176916304298394,0.01,311.16701732303505,4.281765648699956,5.3100000000000005,0.02291766627919829,5.3100000000000005,0.0,0.022917651,0.01
4.2458706211956825,2.8206976255954244,0.01,311.0095538277682,4.281490972572136,5.320000000000001,0.022917666402410844,5.32,0.0,0.022917651,0.01
4.246350234907693,2.8237043642912485,0.01,310.85241239241736,4.2812144796502265,5.33,0.02291766652149418,5.33,0.0,0.022917651,0.01
4.246830548262809,2.826712931298765,0.01,310.69578285558674,4.2809389570704885,5.339999999999999,0.02291766664313769,5.34,0.0,0.022917651,0.01
4.247311081439966,2.829722787671468,0.01,310.53958177696614,4.280663024346192,5.3500000000000005,0.02291766676783974,5.3500000000000005,0.0,0.022917651,0.01
4.247791336502881,2.8327333982594167,0.01,310.3837221726427,4.280385224863211,5.36,0.0229176668929558,5.36,0.0,0.022917651,0.01
4.2482713083028205,2.835744777025415,0.01,310.22821036433766,4.2801055240622015,5.37,0.022917667018493543,5.37,0.0,0.022917651,0.01
4.248750991563166,2.8387569382790656,0.01,310.0730528307867,4.279823886525456,5.379999999999999,0.02291766714446082,5.38,0.0,0.022917651,0.01
4.249230380875428,2.8417698966876004,0.01,309.91825621264513,4.279540275950093,5.390000000000001,0.022917667270865694,5.39,0.0,0.022917651,0.01
4.249709470695094,2.8447836672871323,0.01,309.7638273175785,4.279254655120228,5.4,0.022917667397716408,5.4,0.0,0.022917651,0.01
4.250154959010796,2.84771457079367,0.01,310.7911591223435,4.278902596437729,5.41,0.02291766745466095,5.41,0.0,0.022917651,0.01
4.2506004983174135,2.850647123620975,0.01,311.8187364228255,4.278549092300672,5.420000000000001,0.022917667513065027,5.42,0.0,0.022917651,0.01
4.251046088786471,2.8535813313171885,0.01,312.84656004484634,4.278194137846701,5.43,0.022917667572933568,5.43,0.0,0.022917651,0.01
4.25149173059027,2.8565171994553635,0.01,313.87463081793567,4.277837728191627,5.44,0.022917667634271492,5.44,0.0,0.022917651,0.01
4.25193742390188,2.859454733633605,0.01,314.9029495753522,4.277479858429305,5.45,0.02291766769708375,5.45,0.0,0.022917651,0.01
4.252383168895154,2.8623939394752123,0.01,315.93151715410454,4.277120523631508,5.46,0.022917667761375327,5.46,0.0,0.022917651,0.01
4.252828965744727,2.8653348226288196,0.01,316.9603343949726,4.276759718847811,5.470000000000001,0.022917667827151218,5.47,0.0,0.022917651,0.01
4.253274814626023,2.868277388768539,0.01,317.9894021425284,4.2763974391054544,5.48,0.022917667894416446,5.48,0.0,0.022917651,0.01
4.253720715715255,2.871221643594105,0.01,319.01872124515756,4.276033679409229,5.49,0.022917667963176055,5.49,0.0,0.022917651,0.01
4.254166669189435,2.874167592831017,0.01,320.0482925550813,4.27566843474134,5.5,0.022917668033435104,5.5,0.0,0.022917651,0.01
4.254633207654885,2.87707156140533,0.01,320.1712391424967,4.275413155481355,5.51,0.022917668177327325,5.51,0.0,0.022917651,0.01
4.255099596085237,2.8799759313622064,0.01,320.29436654683445,4.275156874767093,5.520000000000001,0.022917668316909147,5.5200000000000005,0.0,0.022917651,0.01
4.2555658313761775,2.8828807110064694,0.01,320.41767850929534,4.274899571877915,5.53,0.022917668452091394,5.53,0.0,0.022917651,0.01
4.2560319103371675,2.8857859088736433,0.01,320.5411788750069,4.274641225517592,5.539999999999999,0.022917668582782415,5.54,0.0,0.022917651,0.01
4.256497836332864,2.8886915422373485,0.01,320.664873440645,4.2743818318756635,5.55,0.022917668709019182,5.55,0.0,0.022917651,0.01
4.25696431926414,2.891598536153457,0.01,320.78896392218024,4.274123305755637,5.5600000000000005,0.02291766884690642,5.5600000000000005,0.0,0.022917651,0.01
4.257430673919912,2.8945060307399784,0.01,320.91326471163086,4.273863765813019,5.569999999999999,0.022917668985014267,5.57,0.0,0.022917651,0.01
4.257896897780983,2.8974140358295433,0.01,321.03777993921904,4.27360319213742,5.58,0.022917669123347046,5.58,0.0,0.022917651,0.01
4.258362988261757,2.900322561513949,0.01,321.1625138440306,4.2733415642936565,5.59,0.02291766926190922,5.59,0.0,0.022917651,0.01
4.25882894270804,2.9032316181527547,0.01,321.2874707776254,4.273078861304347,5.6000000000000005,0.022917669400705342,5.6000000000000005,0.0,0.022917651,0.01
4.259244395976715,2.906047785643297,0.01,321.17508750251903,4.272693188493804,5.61,0.022917669518581738,5.61,0.0,0.022917651,0.01
4.259659627783103,2.9088656360952636,0.01,321.0630250859037,4.272304946599254,5.62,0.02291766964017859,5.62,0.0,0.022917651,0.01
4.260074635685588,2.911685188063245,0.01,320.95128706523303,4.271914107296631,5.629999999999999,0.022917669765536913,5.63,0.0,0.022917651,0.01
4.260489417206533,2.914506460375591,0.01,320.83987703015333,4.271520641843975,5.640000000000001,0.02291766989469834,5.64,0.0,0.022917651,0.01
4.26090396983161,2.9173294721394774,0.01,320.7287986234689,4.27112452107369,5.65,0.022917670027705107,5.65,0.0,0.022917651,0.01
4.261318291009116,2.9201542427460834,0.01,320.6180555421302,4.270725715384638,5.66,0.02291767016460008,5.66,0.0,0.022917651,0.01
4.261732378149278,2.9229807918758937,0.01,320.50765153824346,4.270324194734056,5.670000000000001,0.022917670305426765,5.67,0.0,0.022917651,0.01
4.262146228623548,2.9258091395041075,0.01,320.3975904201033,4.269919928629285,5.68,0.02291767045022932,5.68,0.0,0.022917651,0.01
4.262559839763858,2.9286393059061817,0.01,320.28787605324806,4.269512886119318,5.690000000000001,0.022917670599052573,5.69,0.0,0.022917651,0.01
4.2629736315663,2.9314719066080825,0.01,320.17865762905944,4.269104131932351,5.7,0.022917670735225857,5.7,0.0,0.022917651,0.01
4.263410846084755,2.9342643912556023,0.01,319.8354230109699,4.268815822001688,5.710000000000001,0.02291767082610102,5.71,0.0,0.022917651,0.01
4.263847940693769,2.937057973698993,0.01,319.4924211226088,4.268525934550024,5.72,0.022917670917004813,5.72,0.0,0.022917651,0.01
4.264284914109315,2.9398526656938326,0.01,319.1496544561267,4.268234452684722,5.7299999999999995,0.022917671007937544,5.73,0.0,0.022917651,0.01
4.264721765028958,2.942648479164145,0.01,318.8071255393844,4.267941359271086,5.740000000000001,0.02291767109889954,5.74,0.0,0.022917651,0.01
4.2651584921315395,2.9454454262054277,0.01,318.46483693659377,4.267646636928014,5.75,0.0229176711898911,5.75,0.0,0.022917651,0.01
4.265595094076832,2.9482435190877423,0.01,318.12279124897486,4.2673502680235575,5.76,0.022917671280912547,5.76,0.0,0.022917651,0.01
4.266031569505195,2.951042770258879,0.01,317.7809911154251,4.267052234670373,5.770000000000001,0.022917671371964207,5.7700000000000005,0.0,0.022917651,0.01
4.266467917037223,2.9538431923475845,0.01,317.4394392132042,4.266752518721089,5.78,0.022917671463046407,5.78,0.0,0.022917651,0.01
4.266904135273383,2.9566447981668618,0.01,317.09813825863404,4.266451101763552,5.79,0.022917671554159493,5.79,0.0,0.022917651,0.01
4.26734022279365,2.959447600717344,0.01,316.75709100781313,4.266147965115995,5.800000000000001,0.02291767164530379,5.8,0.0,0.022917651,0.01
4.267762735349677,2.962188203132882,0.01,316.86371291600443,4.265839812909261,5.810000000000001,0.0229176716643709,5.8100000000000005,0.0,0.022917651,0.01
4.268185070082526,2.964929809887188,0.01,316.97061017582746,4.265529945083083,5.82,0.022917671687724964,5.82,0.0,0.022917651,0.01
4.268607224715773,2.9676724338374187,0.01,317.07778631222743,4.2652183396747585,5.830000000000001,0.022917671715420855,5.83,0.0,0.022917651,0.01
4.269029196933973,2.970416088061129,0.01,317.18524491057434,4.264904974345111,5.84,0.0229176717475144,5.84,0.0,0.022917651,0.01
4.269450984381817,2.973160785861012,0.01,317.2929896179624,4.264589826370371,5.8500000000000005,0.022917671784062378,5.8500000000000005,0.0,0.022917651,0.01
4.269872584663274,2.975906540769766,0.01,317.4010241445452,4.264272872633874,5.86,0.02291767182512255,5.86,0.0,0.022917651,0.01
4.270293995340704,2.9786533665550907,0.01,317.50935226490367,4.263954089617531,5.87,0.022917671870753692,5.87,0.0,0.022917651,0.01
4.270715213933952,2.9814012772248053,0.01,317.61797781945114,4.263633453393072,5.880000000000001,0.022917671921015577,5.88,0.0,0.022917651,0.01
4.2711362379194195,2.9841502870321066,0.01,317.7269047158744,4.2633109396130715,5.89,0.022917671975969067,5.89,0.0,0.022917651,0.01
4.271557064729105,2.9869004104809713,0.01,317.8361369306139,4.262986523501724,5.9,0.022917672035676052,5.9,0.0,0.022917651,0.01
4.271965919976157,2.9895896467930014,0.01,317.753081172658,4.262662634250513,5.910000000000001,0.022917672117883092,5.91,0.0,0.022917651,0.01
4.2723750108763,2.9922804591609777,0.01,317.6704730083074,4.2623381115488375,5.920000000000001,0.022917672201169033,5.92,0.0,0.022917651,0.01
4.272783956270292,2.994972340935536,0.01,317.5881786283036,4.262011937345643,5.930000000000001,0.022917672283954336,5.93,0.0,0.022917651,0.01
4.273192754441126,2.9976653047359045,0.01,317.5062017353686,4.26168409215286,5.94,0.022917672366233086,5.94,0.0,0.022917651,0.01
4.273601403644682,3.000359363380637,0.01,317.42454609071206,4.26135455617459,5.95,0.02291767244799928,5.95,0.0,0.022917651,0.01
4.274009902109173,3.0030545298915707,0.01,317.34321551518985,4.261023309301003,5.96,0.022917672529246827,5.96,0.0,0.022917651,0.01
4.274418248034608,3.00575081749787,0.01,317.26221389049186,4.260690331102093,5.970000000000001,0.022917672609969533,5.97,0.0,0.022917651,0.01
4.274826439592217,3.0084482396401695,0.01,317.18154516035713,4.260355600821275,5.98,0.0229176726901611,5.98,0.0,0.022917651,0.01
4.275234474923887,3.0111468099748144,0.01,317.10121333181894,4.260019097368838,5.99,0.022917672769815142,5.99,0.0,0.022917651,0.01
4.275642352141556,3.0138465423782077,0.01,317.02122247647935,4.259680799315232,6.0,0.022917672848925156,6.0,0.0,0.022917651,0.01
4.2760624133362475,3.016507806651597,0.01,317.1809776011149,4.2594176364961776,6.010000000000001,0.022917672973363126,6.01,0.0,0.022917651,0.01
4.276482212537768,3.0191699490809802,0.01,317.3411218954175,4.2591525477169805,6.0200000000000005,0.022917673094570417,6.0200000000000005,0.0,0.022917651,0.01
4.276901745080323,3.021832985305301,0.01,317.5016622900492,4.258885498678517,6.03,0.022917673212489498,6.03,0.0,0.022917651,0.01
4.277321006186665,3.02449693133707,0.01,317.6626058812244,4.258616454262365,6.04,0.02291767332706146,6.04,0.0,0.022917651,0.01
4.277739990964749,3.027161803573584,0.01,317.8239599356824,4.258345378506184,6.050000000000001,0.022917673438225983,6.05,0.0,0.022917651,0.01
4.278158694404257,3.029827618808557,0.01,317.985731895841,4.258072234578226,6.0600000000000005,0.022917673545921273,6.0600000000000005,0.0,0.022917651,0.01
4.278577111373012,3.032494394244168,0.01,318.1479293851372,4.257796984750894,6.070000000000001,0.02291767365008406,6.07,0.0,0.022917651,0.01
4.278995236613243,3.0351621475035615,0.01,318.31056021356494,4.257519590373343,6.08,0.022917673750649493,6.08,0.0,0.022917651,0.01
4.27941306473772,3.0378308966438,0.01,318.47363238341654,4.257240011843062,6.09,0.02291767384755116,6.09,0.0,0.022917651,0.01
4.279830590225749,3.0405006601693043,0.01,318.63715409523815,4.2569582085764015,6.100000000000001,0.022917673940720966,6.1000000000000005,0.0,0.022917651,0.01
4.280216625772317,3.043093699566723,0.01,318.3057035865053,4.2566154985204205,6.109999999999999,0.022917674048481714,6.11,0.0,0.022917651,0.01
4.2806035469247785,3.0456896196681673,0.01,317.9747922166752,4.256273449723621,6.120000000000001,0.022917674187135414,6.12,0.0,0.022917651,0.01
4.280991278012005,3.0482883435010644,0.01,317.6443561373078,4.255931836607637,6.13,0.022917674340297633,6.13,0.0,0.022917651,0.01
4.28137903997657,3.0508886064856022,0.01,317.31396063363394,4.255588807819322,6.140000000000001,0.022917674480675818,6.140000000000001,0.0,0.022917651,0.01
4.281766833029218,3.0534904191270082,0.01,316.9836059825965,4.2552443536962326,6.15,0.02291767460818271,6.15,0.0,0.022917651,0.01
4.282154657382621,3.056093792026333,0.01,316.6532924636643,4.254898464487793,6.16,0.022917674722730264,6.16,0.0,0.022917651,0.01
4.282542513251395,3.0586987358815434,0.01,316.323020358861,4.25455113035429,6.17,0.022917674824229618,6.17,0.0,0.022917651,0.01
4.282930400852118,3.0613052614886276,0.01,315.99278995279474,4.254202341365847,6.18,0.022917674912591106,6.18,0.0,0.022917651,0.01
4.283318320403364,3.06391337974273,0.01,315.6626015326872,4.25385208750139,6.190000000000001,0.022917674987724228,6.19,0.0,0.022917651,0.01
4.283706272125713,3.06652310163928,0.01,315.3324553884042,4.253500358647602,6.2,0.02291767504953766,6.2,0.0,0.022917651,0.01
4.284081391215473,3.069075279631814,0.01,315.18775406337335,4.253143540540713,6.21,0.022917675142082254,6.21,0.0,0.022917651,0.01
4.284456409441538,3.0716283708444334,0.01,315.04339992643196,4.252785405764697,6.220000000000001,0.022917675237712005,6.22,0.0,0.022917651,0.01
4.284831325701437,3.0741823852589074,0.01,314.8993967724492,4.252425939927969,6.2299999999999995,0.022917675336460636,6.23,0.0,0.022917651,0.01
4.285206138876576,3.0767373330030057,0.01,314.7557484518018,4.2520651284284385,6.24,0.022917675438362383,6.24,0.0,0.022917651,0.01
4.285580847831933,3.0792932243531816,0.01,314.6124588713925,4.2517029564496465,6.25,0.02291767554345194,6.25,0.0,0.022917651,0.01
4.285955451415769,3.0818500697373103,0.01,314.4695319956916,4.251339408956815,6.260000000000001,0.022917675651764554,6.26,0.0,0.022917651,0.01
4.286329948459309,3.084407879737487,0.01,314.32697184780125,4.250974470692811,6.2700000000000005,0.02291767576333596,6.2700000000000005,0.0,0.022917651,0.01
4.286704337776427,3.0869666650928886,0.01,314.1847825105426,4.250608126174028,6.28,0.02291767587820245,6.28,0.0,0.022917651,0.01
4.287078618163323,3.0895264367027018,0.01,314.04296812756894,4.250240359686156,6.29,0.02291767599640084,6.29,0.0,0.022917651,0.01
4.287453499549264,3.0920885637236224,0.01,313.9019673264421,4.249872642148068,6.3,0.022917676107257933,6.3,0.0,0.022917651,0.01
4.287854449936755,3.0946251593900826,0.01,313.71709236694596,4.249623792668819,6.3100000000000005,0.022917676215394003,6.3100000000000005,0.0,0.022917651,0.01
4.288255296038016,3.0971625884278136,0.01,313.5324137019856,4.249373692572538,6.320000000000001,0.022917676331051188,6.32,0.0,0.022917651,0.01
4.288656036697716,3.099700860069309,0.01,313.3479335062077,4.249122328004276,6.329999999999999,0.022917676454312808,6.33,0.0,0.022917651,0.01
4.289056670743389,3.102239983683946,0.01,313.1636539865007,4.248869684903675,6.34,0.02291767658526343,6.34,0.0,0.022917651,0.01
4.289457196985127,3.104779968780528,0.01,312.979577382594,4.248615749001137,6.3500000000000005,0.022917676723988867,6.3500000000000005,0.0,0.022917651,0.01
4.289857614215246,3.1073208250098894,0.01,312.7957059676715,4.248360505813923,6.359999999999999,0.02291767687057621,6.36,0.0,0.022917651,0.01
4.290257921207955,3.109862562167558,0.01,312.6120420489983,4.248103940642158,6.370000000000001,0.022917677025113867,6.37,0.0,0.022917651,0.01
4.290658116719015,3.1124051901964758,0.01,312.4285879685623,4.247846038564746,6.38,0.022917677187691575,6.38,0.0,0.022917651,0.01
4.291058199485394,3.1149487191897847,0.01,312.24534610372916,4.2475867844351916,6.390000000000001,0.02291767735840042,6.390000000000001,0.0,0.022917651,0.01
4.291458168224907,3.117493159393669,0.01,312.06231886791335,4.24732616287733,6.400000000000001,0.022917677537332877,6.4,0.0,0.022917651,0.01
4.291817314246627,3.1199642806377477,0.01,313.29207740880906,4.2469649635399795,6.410000000000001,0.022917677544828426,6.41,0.0,0.022917651,0.01
4.292176339082782,3.122436536194588,0.01,314.5221658436571,4.246602144984537,6.42,0.022917677544383126,6.42,0.0,0.022917651,0.01
4.292535241701529,3.124909935722371,0.01,315.7525869813615,4.2462376934240575,6.43,0.022917677535929375,6.43,0.0,0.022917651,0.01
4.292894021059278,3.127384488989239,0.01,316.98334366280613,4.24587159491464,6.440000000000001,0.022917677519398792,6.44,0.0,0.022917651,0.01
4.293252676100524,3.12986020587486,0.01,318.2144387613104,4.24550383535317,6.450000000000001,0.02291767749472221,6.45,0.0,0.022917651,0.01
4.293611205757676,3.1323370963720287,0.01,319.4458751830942,4.245134400475053,6.46,0.022917677461829673,6.46,0.0,0.022917651,0.01
4.293969608950882,3.1348151705882867,0.01,320.67765586775,4.244763275851891,6.47,0.02291767742065042,6.47,0.0,0.022917651,0.01
4.294327884587857,3.1372944387475776,0.01,321.9097837887229,4.244390446889128,6.480000000000001,0.022917677371112884,6.48,0.0,0.022917651,0.01
4.294686031563698,3.1397749111919238,0.01,323.1422619537998,4.244015898823644,6.49,0.02291767731314466,6.49,0.0,0.022917651,0.01
4.295044905111707,3.1422585905139133,0.01,324.37565019774974,4.243641050643037,6.5,0.022917677306701873,6.5,0.0,0.022917651,0.01
4.295409313367518,3.1447065885179866,0.01,324.51193088749784,4.243313743947779,6.51,0.02291767760215559,6.51,0.0,0.022917651,0.01
4.295773307002146,3.147155397533405,0.01,324.64864154882974,4.2429839678261985,6.520000000000001,0.022917677885294294,6.5200000000000005,0.0,0.022917651,0.01
4.2961368784849086,3.149605032290402,0.01,324.7857899912326,4.242651677426601,6.529999999999999,0.022917678155894287,6.53,0.0,0.022917651,0.01
4.296500020101644,3.152055507878112,0.01,324.9233842144688,4.242316826804503,6.54,0.022917678413726474,6.54,0.0,0.022917651,0.01
4.296862723949084,3.154506839755558,0.01,325.06143241440606,4.2419793688891385,6.550000000000001,0.022917678658556085,6.55,0.0,0.022917651,0.01
4.297224981929027,3.156959043763065,0.01,325.19994298906335,4.24163925544874,6.5600000000000005,0.022917678890142606,6.5600000000000005,0.0,0.022917651,0.01
4.29758678574229,3.1594121361340815,0.01,325.33892454488256,4.24129643705452,6.57,0.022917679108239525,6.57,0.0,0.022917651,0.01
4.297948126882433,3.1618661335074556,0.01,325.47838590323454,4.240950863043302,6.58,0.02291767931259419,6.58,0.0,0.022917651,0.01
4.298308996629251,3.1643210529401675,0.01,325.6183361071705,4.240602481478755,6.59,0.0229176795029476,6.59,0.0,0.022917651,0.01
4.298669386042014,3.16677691192055,0.01,325.7587844284295,4.24025123911113,6.6000000000000005,0.022917679679034186,6.6000000000000005,0.0,0.022917651,0.01
4.29902667381398,3.16918159158212,0.01,325.7515158665646,4.23992879836337,6.610000000000001,0.022917679670685594,6.61,0.0,0.022917651,0.01
4.299384177309353,3.1715873358296998,0.01,325.7443960735597,4.239606155947343,6.62,0.022917679662624455,6.62,0.0,0.022917651,0.01
4.299741896964666,3.1739941468175763,0.01,325.7374253504621,4.239283311454954,6.629999999999999,0.022917679654851343,6.63,0.0,0.022917651,0.01
4.300099833217637,3.176402026705856,0.01,325.7306039991324,4.238960264477006,6.640000000000001,0.022917679647366854,6.640000000000001,0.0,0.022917651,0.01
4.30045798650716,3.1788109776604783,0.01,325.72393232224664,4.238637014603198,6.65,0.02291767964017156,6.65,0.0,0.022917651,0.01
4.300816357273323,3.181221001853241,0.01,325.71741062329875,4.238313561422121,6.66,0.022917679633266057,6.66,0.0,0.022917651,0.01
4.301174945957398,3.183632101461817,0.01,325.7110392066043,4.237989904521247,6.67,0.02291767962665093,6.67,0.0,0.022917651,0.01
4.301533753001857,3.186044278669772,0.01,325.70481837730233,4.237666043486937,6.680000000000001,0.022917679620326762,6.68,0.0,0.022917651,0.01
4.301892778850365,3.1884575356665916,0.01,325.6987484413588,4.237341977904429,6.69,0.022917679614294154,6.69,0.0,0.022917651,0.01
4.302252023947795,3.190871874647694,0.01,325.6928297055689,4.237017707357837,6.700000000000001,0.022917679608553697,6.7,0.0,0.022917651,0.01
4.30260534568638,3.1932480038837814,0.01,325.6191278102784,4.236698274936216,6.710000000000001,0.022917679656390487,6.71,0.0,0.022917651,0.01
4.302958760808279,3.1956265394340844,0.01,325.5465516059965,4.236376808967001,6.720000000000001,0.022917679706718885,6.72,0.0,0.022917651,0.01
4.303311681779247,3.1980059729600834,0.01,325.4745068461089,4.236052468544265,6.729999999999999,0.022917679757893033,6.73,0.0,0.022917651,0.01
4.303664099926147,3.2003863202226803,0.01,325.4030028583113,4.235725203216772,6.74,0.022917679809927795,6.74,0.0,0.022917651,0.01
4.30401600637168,3.2027675973537875,0.01,325.33204918987167,4.235394961345668,6.75,0.02291767986283836,6.75,0.0,0.022917651,0.01
4.304367392028339,3.2051498208673093,0.01,325.2616556141297,4.235061690069338,6.76,0.02291767991664027,6.76,0.0,0.022917651,0.01
4.304718247592148,3.2075330076705146,0.01,325.1918321372283,4.234725335266986,6.770000000000001,0.022917679971349466,6.7700000000000005,0.0,0.022917651,0.01
4.305068563536186,3.209917175075817,0.01,325.1225890050861,4.234385841520928,6.780000000000001,0.022917680026982242,6.78,0.0,0.022917651,0.01
4.3054183301038575,3.21230234081299,0.01,325.053936710624,4.234043152077509,6.79,0.022917680083555304,6.79,0.0,0.022917651,0.01
4.305767537301938,3.2146885230418136,0.01,324.9858860012526,4.233697208806595,6.8,0.02291768014108575,6.8,0.0,0.022917651,0.01
4.306108505499357,3.217039472337733,0.01,325.7395363401072,4.233344150368716,6.810000000000001,0.022917680215235995,6.8100000000000005,0.0,0.022917651,0.01
4.306449581667765,3.2193908891122693,0.01,326.4963498946855,4.232991056241571,6.820000000000001,0.022917680288966603,6.82,0.0,0.022917651,0.01
4.306790765759744,3.221742773160106,0.01,327.2563252757085,4.232637926440833,6.830000000000001,0.022917680362277756,6.83,0.0,0.022917651,0.01
4.307132057727902,3.2240951242760474,0.01,328.01946109471083,4.23228476098217,6.839999999999999,0.022917680435169632,6.84,0.0,0.022917651,0.01
4.307473457524872,3.2264479422550183,0.01,328.7857559640399,4.231931559881236,6.8500000000000005,0.022917680507642424,6.8500000000000005,0.0,0.022917651,0.01
4.307814965103317,3.2288012268920627,0.01,329.555208496855,4.23157832315368,6.86,0.022917680579696308,6.86,0.0,0.022917651,0.01
4.308156580415928,3.2311549779823463,0.01,330.3278173071276,4.231225050815139,6.870000000000001,0.022917680651331474,6.87,0.0,0.022917651,0.01
4.308498303415423,3.2335091953211523,0.01,331.1035810096398,4.2308717428812415,6.879999999999999,0.022917680722548104,6.88,0.0,0.022917651,0.01
4.308840134054546,3.2358638787038854,0.01,331.88249821998465,4.230518399367608,6.8900000000000015,0.022917680793346377,6.890000000000001,0.0,0.022917651,0.01
4.309182072286072,3.2382190279260694,0.01,332.66456755456454,4.23016502028985,6.9,0.02291768086372649,6.9,0.0,0.022917651,0.01
4.309519156636286,3.2405177088972477,0.01,332.4667377248321,4.229839569449392,6.910000000000001,0.022917680920767194,6.91,0.0,0.022917651,0.01
4.309855852800585,3.242817708033514,0.01,332.2705169199388,4.229511247976259,6.920000000000001,0.0229176809798849,6.92,0.0,0.022917651,0.01
4.3101921562038665,3.2451190408705606,0.01,332.07592410360724,4.229180022037611,6.93,0.022917681041104088,6.93,0.0,0.022917651,0.01
4.310528062198854,3.24742172318918,0.01,331.8829785387399,4.228845857266846,6.940000000000001,0.022917681104449614,6.94,0.0,0.022917651,0.01
4.310863566260287,3.2497258716170574,0.01,331.6918266750971,4.228508619016945,6.95,0.0229176811695671,6.95,0.0,0.022917651,0.01
4.311198848396648,3.252034529530924,0.01,331.50550888188997,4.228165985920126,6.960000000000001,0.02291768122236436,6.96,0.0,0.022917651,0.01
4.311534068680642,3.254345341080457,0.01,331.32029951617585,4.227820951909083,6.970000000000001,0.022917681269266375,6.97,0.0,0.022917651,0.01
4.311869226478618,3.2566583283287,0.01,331.1362099333036,4.227473492387515,6.98,0.02291768131021275,6.98,0.0,0.022917651,0.01
4.312204321148239,3.2589735136410987,0.01,330.9532516442608,4.227123582421994,6.990000000000001,0.02291768134514227,6.99,0.0,0.022917651,0.01
4.312539352038337,3.2612909196906945,0.01,330.7714363183495,4.226771196736179,7.000000000000001,0.02291768137399286,7.0,0.0,0.022917651,0.01
4.312865986794205,3.263514319263327,0.01,335.9591886742972,4.226470368402229,7.010000000000001,0.0229176813886594,7.01,0.0,0.022917651,0.01
4.313192564159177,3.2657383399544364,0.01,341.18057355751876,4.226168689275545,7.020000000000001,0.022917681408576016,7.0200000000000005,0.0,0.022917651,0.01
4.313519083924361,3.2679629840247797,0.01,346.4357133842363,4.225866156259394,7.030000000000001,0.022917681433761834,7.03,0.0,0.022917651,0.01
4.3138455458798495,3.2701882537461,0.01,351.724731165492,4.225562766242004,7.04,0.022917681464236055,7.04,0.0,0.022917651,0.01
4.314171949814714,3.2724141514011897,0.01,357.04775051076314,4.225258516096458,7.050000000000001,0.022917681500017963,7.05,0.0,0.022917651,0.01
4.314498295516999,3.274640679283964,0.01,362.40489563160645,4.22495340268061,7.0600000000000005,0.022917681541126958,7.0600000000000005,0.0,0.022917651,0.01
4.314824582773715,3.2768678396995212,0.01,367.79629134532684,4.224647422836994,7.07,0.022917681587582516,7.07,0.0,0.022917651,0.01
4.315150811370831,3.279095634964217,0.01,373.2220630786772,4.2243405733927215,7.079999999999999,0.022917681639404223,7.08,0.0,0.022917651,0.01
4.315476981093274,3.2813240674057296,0.01,378.6823368715806,4.2240328511593965,7.09,0.022917681696611753,7.09,0.0,0.022917651,0.01
4.315803091724914,3.283553139363132,0.01,384.1772393808822,4.223724252933015,7.100000000000001,0.022917681759224873,7.1000000000000005,0.0,0.022917651,0.01
4.316133913599008,3.285790076742424,0.01,378.8449158264248,4.223418017865538,7.11,0.022917681899924765,7.11,0.0,0.022917651,0.01
4.316464648659942,3.288027758123402,0.01,373.48309556006245,4.223110691573061,7.12,0.022917682039591946,7.12,0.0,0.022917651,0.01
4.316795296126418,3.290266190201913,0.01,368.09151311802464,4.222802264234807,7.13,0.022917682178217116,7.13,0.0,0.022917651,0.01
4.317125855207732,3.292505379754395,0.01,362.66989984147006,4.222492725911793,7.1400000000000015,0.02291768231579089,7.140000000000001,0.0,0.022917651,0.01
4.3174563260999665,3.294745337840352,0.01,357.21798808052716,4.222182066328819,7.15,0.022917682452276773,7.15,0.0,0.022917651,0.01
4.317787038377952,3.296987460736233,0.01,351.73684878038137,4.221870207391286,7.16,0.02291768257696657,7.16,0.0,0.022917651,0.01
4.318117662204927,3.299230364209506,0.01,346.2247359963691,4.221557214056692,7.17,0.022917682696984194,7.17,0.0,0.022917651,0.01
4.318448196777637,3.301474055348838,0.01,340.68136844866933,4.221243076023223,7.18,0.022917682812287225,7.18,0.0,0.022917651,0.01
4.3187786412830755,3.303718541328987,0.01,335.10646144126656,4.220927782863951,7.190000000000001,0.02291768292283271,7.19,0.0,0.022917651,0.01
4.3191089948983326,3.3059638294121148,0.01,329.49972680993255,4.220611324024924,7.200000000000001,0.022917683028577194,7.2,0.0,0.022917651,0.01
4.3194321089212195,3.3081806715699313,0.01,329.460567009638,4.220285973490644,7.210000000000001,0.02291768316806982,7.21,0.0,0.022917651,0.01
4.319755139768576,3.310398289259407,0.01,329.4218969391356,4.219959514702143,7.220000000000001,0.022917683300706305,7.22,0.0,0.022917651,0.01
4.320078086662633,3.3126166897324567,0.01,329.38372117783763,4.219631937296249,7.23,0.02291768342642254,7.23,0.0,0.022917651,0.01
4.320400948815902,3.314835880331697,0.01,329.34604436243046,4.219303230780183,7.240000000000001,0.02291768354515362,7.24,0.0,0.022917651,0.01
4.320723725431004,3.317055868491862,0.01,329.3088711877727,4.218973384529521,7.25,0.022917683656833818,7.25,0.0,0.022917651,0.01
4.321046415700535,3.3192766617412577,0.01,329.27220640781024,4.218642387786126,7.260000000000001,0.022917683761396565,7.26,0.0,0.022917651,0.01
4.321369018806894,3.3214982677032365,0.01,329.2360548365088,4.218310229656034,7.2700000000000005,0.022917683858774473,7.2700000000000005,0.0,0.022917651,0.01
4.3216915339221185,3.323720694097703,0.01,329.20042134880435,4.217976899107309,7.280000000000001,0.022917683948899294,7.28,0.0,0.022917651,0.01
4.322013960207736,3.3259439487426454,0.01,329.165310881571,4.217642384967847,7.290000000000001,0.02291768403170192,7.29,0.0,0.022917651,0.01
4.322336296814579,3.3281680395557025,0.01,329.1307284346082,4.217306675923147,7.3,0.022917684107112344,7.3,0.0,0.022917651,0.01
4.3226496717359675,3.330355388902421,0.01,335.285517571364,4.216963713991567,7.310000000000001,0.02291768404268707,7.3100000000000005,0.0,0.022917651,0.01
4.322962970859323,3.3325439437777375,0.01,341.4913012387288,4.216619243496835,7.320000000000001,0.022917683997901922,7.32,0.0,0.022917651,0.01
4.323276193566426,3.3347337140141278,0.01,347.7484953558967,4.216273252134874,7.33,0.022917683972917085,7.33,0.0,0.022917651,0.01
4.3235893392323135,3.336924709551285,0.01,354.05752037745896,4.2159257274674475,7.34,0.0229176839678945,7.34,0.0,0.022917651,0.01
4.323902407225193,3.3391169404375898,0.01,360.41880135539486,4.215576656920305,7.3500000000000005,0.022917683982997865,7.3500000000000005,0.0,0.022917651,0.01
4.324215396906338,3.341310416831591,0.01,366.8327680020781,4.215226027781337,7.359999999999999,0.022917684018392684,7.36,0.0,0.022917651,0.01
4.324528399747329,3.343505942870332,0.01,373.30073059273485,4.214873401175765,7.37,0.022917684084198166,7.37,0.0,0.022917651,0.01
4.324841464167797,3.345704172636434,0.01,379.8240112680053,4.214518315785265,7.380000000000001,0.022917684176974668,7.38,0.0,0.022917651,0.01
4.325154412144639,3.3479036958722013,0.01,386.40159633787874,4.214161470698771,7.3900000000000015,0.02291768427343723,7.390000000000001,0.0,0.022917651,0.01
4.325467242635144,3.350104524160195,0.01,393.0339720789118,4.213802850158836,7.4,0.02291768437361887,7.4,0.0,0.022917651,0.01
4.325772873449095,3.352255237323609,0.01,393.2987363042755,4.213457611475106,7.41,0.022917684450552686,7.41,0.0,0.022917651,0.01
4.326078322617188,3.354407154665778,0.01,393.5662907846809,4.213110442341989,7.42,0.022917684503048978,7.42,0.0,0.022917651,0.01
4.326383588734079,3.3565602855030896,0.01,393.8366571075365,4.212761327824147,7.429999999999999,0.022917684530918678,7.43,0.0,0.022917651,0.01
4.326688670379893,3.3587146392482863,0.01,394.1098570835141,4.21241025283178,7.44,0.022917684533970768,7.44,0.0,0.022917651,0.01
4.326993566120028,3.360870225411709,0.01,394.3859127494424,4.212057202118614,7.45,0.022917684512012242,7.45,0.0,0.022917651,0.01
4.327298274504974,3.3630270536025706,0.01,394.6648463712465,4.211702160279879,7.46,0.022917684464848095,7.46,0.0,0.022917651,0.01
4.327602794070105,3.3651851335302423,0.01,394.9466804469319,4.211345111750239,7.47,0.02291768439228128,7.47,0.0,0.022917651,0.01
4.327907123335495,3.367344475005561,0.01,395.2314377096171,4.210986040801692,7.480000000000001,0.02291768429411271,7.48,0.0,0.022917651,0.01
4.32821126080571,3.3695050879421595,0.01,395.51914113061207,4.2106249315414415,7.490000000000001,0.022917684170141183,7.49,0.0,0.022917651,0.01
4.328515204969604,3.3716669823578154,0.01,395.8098139225467,4.210261767909736,7.500000000000001,0.022917684020163406,7.5,0.0,0.022917651,0.01
4.328820198360543,3.37379292108179,0.01,396.1115134461131,4.2099310355130335,7.510000000000001,0.02291768402084428,7.51,0.0,0.022917651,0.01
4.329125241221733,3.375920698877433,0.01,396.4159973085667,4.209598662273076,7.520000000000001,0.022917684065720447,7.5200000000000005,0.0,0.022917651,0.01
4.329430336064947,3.3780504121523287,0.01,396.7233626038001,4.2092645619894205,7.53,0.022917684160005614,7.53,0.0,0.022917651,0.01
4.329735370002184,3.3801811027463042,0.01,397.0321789541233,4.208929240698098,7.54,0.022917684254814035,7.54,0.0,0.022917651,0.01
4.330040342558764,3.3823127782762206,0.01,397.34245766852445,4.2085926888830265,7.55,0.022917684350149778,7.55,0.0,0.022917651,0.01
4.330345253255063,3.384445446438301,0.01,397.654210173815,4.208254896928977,7.5600000000000005,0.022917684446016964,7.5600000000000005,0.0,0.022917651,0.01
4.330650101606446,3.386579115009159,0.01,397.9674480161688,4.207915855120283,7.570000000000001,0.022917684542419756,7.57,0.0,0.022917651,0.01
4.330954887123204,3.3887137918468553,0.01,398.2821828626839,4.2075755536395265,7.580000000000001,0.022917684639362362,7.58,0.0,0.022917651,0.01
4.331259609310486,3.390849484891963,0.01,398.5984265029703,4.207233982566199,7.590000000000001,0.02291768473684904,7.59,0.0,0.022917651,0.01
4.331564267668226,3.3929862021686574,0.01,398.9161908507624,4.206891131875344,7.6000000000000005,0.022917684834884076,7.6000000000000005,0.0,0.022917651,0.01
4.331861824372456,3.395084459262023,0.01,399.02529479429023,4.206550816290459,7.61,0.022917685003299947,7.61,0.0,0.022917651,0.01
4.3321592933593775,3.397183554060431,0.01,399.1360276779972,4.206209311910242,7.620000000000001,0.02291768515653697,7.62,0.0,0.022917651,0.01
4.332456673809706,3.39928349438808,0.01,399.24840471624816,4.2058666076312985,7.629999999999999,0.02291768529445335,7.63,0.0,0.022917651,0.01
4.332753964893928,3.4013842881669096,0.01,399.3624413134698,4.205522692211526,7.640000000000001,0.022917685416905562,7.640000000000001,0.0,0.022917651,0.01
4.333051165772126,3.403485943418133,0.01,399.4781530671282,4.205177554267944,7.65,0.022917685523748264,7.65,0.0,0.022917651,0.01
4.333348275593833,3.405588468263795,0.01,399.5955557707619,4.2048311822744795,7.66,0.022917685614834277,7.66,0.0,0.022917651,0.01
4.333645293497851,3.407691870928366,0.01,399.7146654170732,4.20448356455971,7.67,0.022917685690014587,7.67,0.0,0.022917651,0.01
4.333942218612089,3.4097961597403548,0.01,399.83549820107635,4.2041346893045635,7.68,0.02291768574913828,7.68,0.0,0.022917651,0.01
4.33423905005339,3.411901343133966,0.01,399.95807052330804,4.203784544539983,7.690000000000001,0.022917685792052535,7.69,0.0,0.022917651,0.01
4.334535786927354,3.4140074296507747,0.01,400.082398993097,4.203433118144532,7.7,0.02291768581860258,7.7,0.0,0.022917651,0.01
4.334829242685635,3.4160790663719833,0.01,400.70771682600014,4.203095691381608,7.71,0.022917685820794752,7.71,0.0,0.022917651,0.01
4.335122637623507,3.4181514824106034,0.01,401.33445947679985,4.2027572421794215,7.72,0.02291768582304146,7.72,0.0,0.022917651,0.01
4.335415995416894,3.420225325471294,0.01,401.9636011994022,4.202417217825763,7.73,0.022917685863716425,7.73,0.0,0.022917651,0.01
4.3357092975850655,3.4223006759005763,0.01,402.595253177102,4.202075464040855,7.740000000000001,0.02291768594602606,7.74,0.0,0.022917651,0.01
4.336002510506376,3.4243768543606543,0.01,403.2283932224391,4.201732525354183,7.75,0.02291768602859549,7.75,0.0,0.022917651,0.01
4.336295633513912,3.4264538670391302,0.01,403.86303245525187,4.201388392911366,7.76,0.022917686111426645,7.76,0.0,0.022917651,0.01
4.3365886659341015,3.428531720185409,0.01,404.49918210644813,4.201043057769586,7.7700000000000005,0.022917686194521496,7.7700000000000005,0.0,0.022917651,0.01
4.3368816070866245,3.4306104201114738,0.01,405.13685351939597,4.200696510896471,7.780000000000001,0.022917686277882023,7.78,0.0,0.022917651,0.01
4.337174456284332,3.4326899731926703,0.01,405.7760581513346,4.20034874316898,7.790000000000001,0.02291768636151022,7.79,0.0,0.022917651,0.01
4.337467212833164,3.4347703858685064,0.01,406.4168075748072,4.199999745372259,7.800000000000001,0.022917686445408113,7.8,0.0,0.022917651,0.01
4.337760775116061,3.4368199075788426,0.01,406.64337691407343,4.199677721704564,7.81,0.02291768655376748,7.8100000000000005,0.0,0.022917651,0.01
4.338054242661078,3.4388704945187967,0.01,406.87208108279515,4.1993542535549135,7.820000000000001,0.022917686662740015,7.82,0.0,0.022917651,0.01
4.338347614722564,3.440922155072419,0.01,407.1029368834694,4.199029329554293,7.83,0.022917686772330515,7.83,0.0,0.022917651,0.01
4.338640890547026,3.4429748977119754,0.01,407.3359612953857,4.198702938214071,7.839999999999999,0.02291768688254388,7.84,0.0,0.022917651,0.01
4.338934069373021,3.4450287309991117,0.01,407.5711714769576,4.19837506792441,7.8500000000000005,0.02291768699338503,7.8500000000000005,0.0,0.022917651,0.01
4.339227150431048,3.4470836635860294,0.01,407.8085847680908,4.198045706952671,7.860000000000001,0.022917687104858947,7.86,0.0,0.022917651,0.01
4.339520132943454,3.449139704216696,0.01,408.0482186925895,4.197714843441788,7.87,0.02291768721697066,7.87,0.0,0.022917651,0.01
4.339813016124308,3.4511968617280573,0.01,408.29009096060065,4.197382465408605,7.88,0.022917687329725253,7.88,0.0,0.022917651,0.01
4.340105799179302,3.4532551450512794,0.01,408.5342194710971,4.197048560742208,7.890000000000001,0.022917687443127874,7.890000000000001,0.0,0.022917651,0.01
4.340398481305638,3.4553145632130065,0.01,408.78062231440157,4.196713117202205,7.9,0.022917687557183725,7.9,0.0,0.022917651,0.01
4.340680364908466,3.45733247816333,0.01,409.96260036873065,4.19636902487056,7.91,0.02291768763405815,7.91,0.0,0.022917651,0.01
4.340962155400567,3.4593518872696927,0.01,411.1473720628377,4.196023066181202,7.92,0.022917687703871304,7.92,0.0,0.022917651,0.01
4.341243857953315,3.461372810819437,0.01,412.33491598761617,4.1956752418156285,7.93,0.022917687778305412,7.930000000000001,0.0,0.022917651,0.01
4.341525494489931,3.4633945444897836,0.01,413.5237995985746,4.195326343420727,7.94,0.02291768785324207,7.94,0.0,0.022917651,0.01
4.3418070644456135,3.4654170952117087,0.01,414.7140343573822,4.194976361807652,7.95,0.022917687928685582,7.95,0.0,0.022917651,0.01
4.342088567249103,3.4674404699954797,0.01,415.90563185682885,4.19462528768244,7.96,0.02291768800464029,7.96,0.0,0.022917651,0.01
4.342370002322583,3.469464675931791,0.01,417.09860382270557,4.194273111644499,7.97,0.022917688081110603,7.97,0.0,0.022917651,0.01
4.342651369081589,3.47148972019292,0.01,418.29296211571756,4.193919824185074,7.98,0.02291768815810096,7.98,0.0,0.022917651,0.01
4.3429326669349155,3.473515610033905,0.01,419.4887187334299,4.1935654156856925,7.99,0.022917688235615876,7.99,0.0,0.022917651,0.01
4.343213895284512,3.475542352793743,0.01,420.6858858122477,4.193209876416573,8.0,0.02291768831365989,8.0,0.0,0.022917651,0.01
