log_Teff,LogL_lsun,Age_gyr,Step,Log_g,Mass_msun,feh,Mass_input,Metallicity_input,Z_used,Age_input
3.5409605839779044,-1.9189541851783314,7.5,308.6424671574542,4.95270262136455,0.3,0.02650195638925767,0.3,0.0,0.022917651,7.5
3.5411117256866476,-1.9163915011094268,7.5,308.70100362223565,4.951993892043898,0.301,0.026485993238681046,0.301,0.0,0.022917651,7.5
3.5412628607117553,-1.9138287867552406,7.5,308.75749748441916,4.951285105701629,0.302,0.026469754825706914,0.302,0.0,0.022917651,7.5
3.5414139890125886,-1.9112660419316267,7.5,308.81193632421093,4.950576261991034,0.30299999999999994,0.026453239476636106,0.303,0.0,0.022917651,7.5
3.5415651105481785,-1.9087032664529426,7.5,308.86430762092306,4.949867360562578,0.30400000000000005,0.02643644550417295,0.304,0.0,0.022917651,7.5
3.5417162252772223,-1.9061404601320362,7.5,308.91459875194744,4.94915840106389,0.305,0.026419371207286897,0.305,0.0,0.022917651,7.5
3.541867333158081,-1.9035776227802275,7.5,308.96279699171595,4.948449383139721,0.30600000000000005,0.026402014871072493,0.306,0.0,0.022917651,7.5
3.5420184341487735,-1.9010147542072948,7.5,309.0088895106493,4.9477403064319185,0.307,0.026384374766607627,0.307,0.0,0.022917651,7.5
3.542169528206977,-1.898451854221458,7.5,309.05286337409154,4.947031170579395,0.308,0.026366449150810014,0.308,0.0,0.022917651,7.5
3.54232061529002,-1.8958889226293645,7.5,309.0947055412323,4.946321975218102,0.309,0.02634823626629194,0.309,0.0,0.022917651,7.5
3.542471695354881,-1.8933259592360696,7.5,309.13440286401567,4.945612719980995,0.30999999999999994,0.026329734341213225,0.31,0.0,0.022917651,7.5
3.542622571435278,-1.8907986590653605,7.5,309.17530271690975,4.94493831112439,0.311,0.026309281687352692,0.311,0.0,0.022917651,7.5
3.5427734471660552,-1.888276450224265,7.5,309.21305017035394,4.944268992119928,0.312,0.026288260625488762,0.312,0.0,0.022917651,7.5
3.5429243438571834,-1.8857557352694692,7.5,309.2472651749591,4.94360125085723,0.313,0.02626683929335244,0.313,0.0,0.022917651,7.5
3.5430752613318726,-1.8832365016009245,7.5,309.2779775248407,4.942935074028979,0.314,0.026245021066986587,0.314,0.0,0.022917651,7.5
3.5432261994153182,-1.8807187367598863,7.5,309.30521667999255,4.942270448477088,0.31499999999999995,0.026222809284573947,0.315,0.0,0.022917651,7.5
3.54337715793467,-1.8782024284269352,7.5,309.32901177095755,4.941607361190622,0.316,0.026200207246966367,0.316,0.0,0.022917651,7.5
3.5435281367190035,-1.8756875644200355,7.5,309.34939160341963,4.940945799303735,0.317,0.026177218218205203,0.317,0.0,0.022917651,7.5
3.5436791355992967,-1.8731741326926261,7.5,309.36638466272063,4.940285750093666,0.318,0.026153845426033,0.318,0.0,0.022917651,7.5
3.5438301544084023,-1.8706621213317414,7.5,309.38001911830025,4.939627200978743,0.319,0.026130092062396727,0.319,0.0,0.022917651,7.5
3.5439811929810214,-1.8681515185561657,7.5,309.3903228280633,4.938970139516444,0.32,0.02610596128394255,0.32,0.0,0.022917651,7.5
3.544132251153677,-1.8656423127146167,7.5,309.3973233426745,4.938314553401472,0.32099999999999995,0.026081456212502567,0.321,0.0,0.022917651,7.5
3.5442833287646898,-1.8631344922839572,7.5,309.4010479097827,4.937660430463867,0.322,0.026056579935573372,0.322,0.0,0.022917651,7.5
3.5444344256541567,-1.8606280458674416,7.5,309.4015234781751,4.937007758667156,0.323,0.026031335506786848,0.323,0.0,0.022917651,7.5
3.544585541663921,-1.8581229621929845,7.5,309.39877670186365,4.936356526106526,0.32400000000000007,0.02600572594637319,0.324,0.0,0.022917651,7.5
3.544736676637551,-1.8556192301114627,7.5,309.3928339441045,4.935706721007025,0.325,0.025979754241616342,0.325,0.0,0.022917651,7.5
3.5448878304203206,-1.8531168385950427,7.5,309.383721281352,4.935058331721802,0.32600000000000007,0.02595342334730205,0.326,0.0,0.022917651,7.5
3.545039002859178,-1.8506157767355365,7.5,309.37146450714783,4.9344113467303625,0.327,0.02592673618615856,0.327,0.0,0.022917651,7.5
3.5451901938027284,-1.8481160337427802,7.5,309.3560891359479,4.933765754636868,0.328,0.025899695649290212,0.328,0.0,0.022917651,7.5
3.545341403101213,-1.8456175989430479,7.5,309.33762040688634,4.933121544168449,0.329,0.025872304596603998,0.329,0.0,0.022917651,7.5
3.545492630606482,-1.8431204617774792,7.5,309.31608328747956,4.932478704173549,0.33,0.02584456585722923,0.33,0.0,0.022917651,7.5
3.5456438761719773,-1.8406246118005427,7.5,309.29150247727006,4.931837223620307,0.33100000000000007,0.025816482229930465,0.331,0.0,0.022917651,7.5
3.545795139652708,-1.838130038678516,7.5,309.26390241141195,4.9311970915949415,0.33199999999999996,0.025788056483513788,0.332,0.0,0.022917651,7.5
3.5459464209052327,-1.835636732187997,7.5,309.23330726419937,4.930558297300187,0.333,0.025759291357226596,0.333,0.0,0.022917651,7.5
3.546097719787638,-1.8331446822144337,7.5,309.1997409525382,4.929920830053737,0.3340000000000001,0.025730189561150977,0.334,0.0,0.022917651,7.5
3.5462490361595136,-1.8306538787506796,7.5,309.16322713936205,4.9292846792867175,0.3350000000000001,0.025700753776590885,0.335,0.0,0.022917651,7.5
3.54640036988194,-1.8281643118955724,7.5,309.1237892369952,4.928649834542192,0.336,0.025670986656453055,0.336,0.0,0.022917651,7.5
3.546551720817464,-1.8256759718525333,7.5,309.08145041046106,4.928016285473676,0.3370000000000001,0.025640890825622,0.337,0.0,0.022917651,7.5
3.5467030888300806,-1.8231888489281918,7.5,309.0362335807391,4.927384021843687,0.338,0.02561046888132902,0.338,0.0,0.022917651,7.5
3.5468544737852117,-1.8207029335310287,7.5,308.98816142796977,4.926753033522307,0.339,0.025579723393515382,0.339,0.0,0.022917651,7.5
3.5470058755496927,-1.8182182161700418,7.5,308.93725639460996,4.926123310485785,0.34,0.025548656905189832,0.34,0.0,0.022917651,7.5
3.5471575063178733,-1.8157428033661323,7.5,308.8931042706402,4.925503807918217,0.341,0.025517440965742984,0.341,0.0,0.022917651,7.5
3.5473093079362674,-1.8132730151187963,7.5,308.8517906622376,4.9248906132372365,0.342,0.025486030206136073,0.342,0.0,0.022917651,7.5
3.5474611600617023,-1.8108039181730335,7.5,308.80759878266576,4.924278311880024,0.3430000000000001,0.025454329025599708,0.343,0.0,0.022917651,7.5
3.5476130626478906,-1.8083355118953062,7.5,308.7605312696963,4.923666903027897,0.344,0.02542233769028814,0.34400000000000003,0.0,0.022917651,7.5
3.5477650156486047,-1.805867795652849,7.5,308.7105907578788,4.923056385863172,0.3450000000000001,0.02539005646603049,0.34500000000000003,0.0,0.022917651,7.5
3.547917019017668,-1.8034007688136702,7.5,308.65777987854545,4.922446759569171,0.3460000000000001,0.025357485618331267,0.34600000000000003,0.0,0.022917651,7.5
3.5480690727089637,-1.8009344307465491,7.5,308.6021012598161,4.921838023330209,0.34700000000000003,0.02532462541237084,0.34700000000000003,0.0,0.022917651,7.5
3.5482211766764316,-1.7984687808210367,7.5,308.5435575266033,4.921230176331594,0.3480000000000001,0.025291476113005945,0.34800000000000003,0.0,0.022917651,7.5
3.5483733308740657,-1.796003818407451,7.5,308.482151300617,4.920623217759633,0.3490000000000001,0.025258037984770193,0.34900000000000003,0.0,0.022917651,7.5
3.5485255352559175,-1.7935395428768797,7.5,308.41788520036926,4.920017146801624,0.35000000000000003,0.02522431129187452,0.35000000000000003,0.0,0.022917651,7.5
3.548677789776094,-1.7910759536011767,7.5,308.35076184117963,4.919411962645852,0.35100000000000003,0.025190296298207727,0.35100000000000003,0.0,0.022917651,7.5
3.5488300943887587,-1.7886130499529622,7.5,308.2807838351796,4.918807664481597,0.35200000000000004,0.02515599326733693,0.352,0.0,0.022917651,7.5
3.5489824490481303,-1.7861508313056194,7.5,308.2079537913176,4.918204251499124,0.35300000000000004,0.025121402462508085,0.353,0.0,0.022917651,7.5
3.5491348537084844,-1.783689297033297,7.5,308.1322743153638,4.9176017228896844,0.35400000000000004,0.025086524146646454,0.354,0.0,0.022917651,7.5
3.54928730832415,-1.781228446510904,7.5,308.053748009915,4.917000077845515,0.355,0.025051358582357103,0.355,0.0,0.022917651,7.5
3.549439812849513,-1.7787682791141113,7.5,307.9723774743996,4.916399315559836,0.356,0.02501590603192538,0.356,0.0,0.022917651,7.5
3.5495923672390157,-1.7763087942193496,7.5,307.8881653050819,4.915799435226849,0.357,0.02498016675731742,0.357,0.0,0.022917651,7.5
3.549744971447155,-1.7738499912038084,7.5,307.80111409506765,4.915200436041739,0.358,0.024944141020180603,0.358,0.0,0.022917651,7.5
3.549897625428484,-1.7713918694454343,7.5,307.7112264343083,4.914602317200665,0.35900000000000004,0.024907829081844066,0.359,0.0,0.022917651,7.5
3.550050329137609,-1.7689344283229305,7.5,307.6185049096058,4.914005077900765,0.36,0.02487123120331917,0.36,0.0,0.022917651,7.5
3.5502030825291935,-1.7664776672157565,7.5,307.5229521046179,4.9134087173401575,0.361,0.024834347645299997,0.361,0.0,0.022917651,7.5
3.5503558855579547,-1.7640215855041235,7.5,307.4245705998624,4.912813234717929,0.36200000000000004,0.024797178668163805,0.362,0.0,0.022917651,7.5
3.550508738178665,-1.7615661825689979,7.5,307.323362972722,4.912218629234143,0.363,0.024759724531971537,0.363,0.0,0.022917651,7.5
3.5506616403461537,-1.7591114577920977,7.5,307.2193317974495,4.9116249000898335,0.36400000000000005,0.02472198549646829,0.364,0.0,0.022917651,7.5
3.5508145920153034,-1.7566574105558899,7.5,307.11247964517173,4.911032046487005,0.365,0.024683961821083795,0.365,0.0,0.022917651,7.5
3.55096759314105,-1.754204040243593,7.5,307.0028090838952,4.910440067628629,0.366,0.024645653764932905,0.366,0.0,0.022917651,7.5
3.5511206436783858,-1.7517513462391725,7.5,306.89032267851,4.909848962718645,0.36699999999999994,0.024607061586816043,0.367,0.0,0.022917651,7.5
3.551273743582359,-1.7492993279273423,7.5,306.7750229907954,4.909258730961959,0.368,0.024568185545219716,0.368,0.0,0.022917651,7.5
3.55142689280807,-1.7468479846935614,7.5,306.6569125794238,4.90866937156444,0.369,0.02452902589831697,0.369,0.0,0.022917651,7.5
3.5515800913106728,-1.7443973159240345,7.5,306.5359939999657,4.9080808837329215,0.37,0.02448958290396786,0.37,0.0,0.022917651,7.5
3.5517333390453802,-1.74194732100571,7.5,306.41226980489455,4.907493266675195,0.371,0.024449856819719958,0.371,0.0,0.022917651,7.5
3.5518866359674544,-1.7394979993262787,7.5,306.28574254359125,4.906906519600016,0.37199999999999994,0.02440984790280876,0.372,0.0,0.022917651,7.5
3.552039982032215,-1.7370493502741737,7.5,306.1564147623491,4.906320641717094,0.37300000000000005,0.024369556410158245,0.373,0.0,0.022917651,7.5
3.552193377195033,-1.7346013732385677,7.5,306.02428900437786,4.905735632237099,0.37399999999999994,0.024328982598381267,0.374,0.0,0.022917651,7.5
3.5523468214113367,-1.732154067609374,7.5,305.8893678098093,4.905151490371654,0.37500000000000006,0.024288126723780085,0.375,0.0,0.022917651,7.5
3.552500314636605,-1.7297074327772433,7.5,305.75165371570114,4.90456821533334,0.37600000000000006,0.024246989042346782,0.376,0.0,0.022917651,7.5
3.5526538568263737,-1.727261468133563,7.5,305.6111492560419,4.903985806335681,0.377,0.024205569809763787,0.377,0.0,0.022917651,7.5
3.552807413432333,-1.724816884139417,7.5,305.4699062736998,4.903404835759797,0.378,0.024163934464617887,0.378,0.0,0.022917651,7.5
3.552960859492173,-1.7223761672647426,7.5,305.3354953656161,4.902827290675876,0.379,0.024122321490760382,0.379,0.0,0.022917651,7.5
3.553114368409798,-1.7199356896198,7.5,305.1977246632391,4.902250236269663,0.38,0.024080403977265796,0.38,0.0,0.022917651,7.5
3.5532679406361014,-1.7174954529206343,7.5,305.05657006604696,4.901673676060895,0.381,0.024038179739606293,0.381,0.0,0.022917651,7.5
3.5534215766262975,-1.7150554588997442,7.5,304.91200724246113,4.901097613603054,0.382,0.0239956465723105,0.382,0.0,0.022917651,7.5
3.5535752768399766,-1.7126157093062777,7.5,304.7640116270706,4.900522052483766,0.38300000000000006,0.02395280224871196,0.383,0.0,0.022917651,7.5
3.5537290417411556,-1.7101762059062322,7.5,304.6125584178166,4.899946996325226,0.384,0.023909644520693843,0.384,0.0,0.022917651,7.5
3.5538828717983324,-1.7077369504826594,7.5,304.4576225731352,4.899372448784601,0.385,0.023866171118430066,0.385,0.0,0.022917651,7.5
3.554036767484541,-1.7052979448358712,7.5,304.2991788090603,4.898798413554464,0.386,0.02382237975012262,0.386,0.0,0.022917651,7.5
3.5541907292774044,-1.702859190783648,7.5,304.1372015962827,4.898224894363216,0.38700000000000007,0.02377826810173502,0.387,0.0,0.022917651,7.5
3.554344757659191,-1.7004206901614525,7.5,303.9716651571673,4.897651894975524,0.388,0.023733833836721955,0.388,0.0,0.022917651,7.5
3.554498853116873,-1.6979824448226444,7.5,303.8025434627263,4.897079419192767,0.38900000000000007,0.0236890745957549,0.389,0.0,0.022917651,7.5
3.554653016142182,-1.6955444566387001,7.5,303.6298102295484,4.896507470853477,0.39,0.023643987996443773,0.39,0.0,0.022917651,7.5
3.5548072472316674,-1.6931067274994325,7.5,303.45343891668193,4.895936053833801,0.391,0.023598571633054476,0.391,0.0,0.022917651,7.5
3.554961546886757,-1.690669259313218,7.5,303.2734027224732,4.895365172047958,0.392,0.02355282307622223,0.392,0.0,0.022917651,7.5
3.555115915613816,-1.688232054007225,7.5,303.08967458135777,4.8947948294487125,0.393,0.023506739872660772,0.393,0.0,0.022917651,7.5
3.555270353924207,-1.6857951135276446,7.5,302.90222716060345,4.894225030027843,0.3940000000000001,0.023460319544867134,0.394,0.0,0.022917651,7.5
3.5554248623343523,-1.6833584398399262,7.5,302.71103285700616,4.893655777816632,0.395,0.02341355959082215,0.395,0.0,0.022917651,7.5
3.5555794413658006,-1.6809220349290175,7.5,302.516063793536,4.893087076886353,0.396,0.023366457483686404,0.396,0.0,0.022917651,7.5
3.555734091545283,-1.6784859007996054,7.5,302.3172918159329,4.892518931348764,0.397,0.02331901067149172,0.397,0.0,0.022917651,7.5
3.555888813404785,-1.6760500394763627,7.5,302.11468848925216,4.891951345356619,0.3980000000000001,0.02327121657682802,0.398,0.0,0.022917651,7.5
3.5560436074816058,-1.6736144530041974,7.5,301.908225094358,4.891384323104173,0.399,0.023223072596525434,0.399,0.0,0.022917651,7.5
3.5561984743184323,-1.6711791434485068,7.5,301.6978726243638,4.890817868827709,0.4000000000000001,0.023174576101331723,0.4,0.0,0.022917651,7.5
3.5564232553742823,-1.668521357492093,7.5,301.8090541934241,4.890028307126812,0.401,0.0231721143229778,0.401,0.0,0.022917651,7.5
3.5566480296358614,-1.665863639223091,7.5,301.9201020196444,4.889238785936386,0.4020000000000001,0.023169654359371687,0.402,0.0,0.022917651,7.5
3.556872797026482,-1.6632059894054838,7.5,302.0310145934789,4.888449305713668,0.403,0.0231671962309963,0.403,0.0,0.022917651,7.5
3.5570975574683,-1.6605484088147953,7.5,302.1417903825786,4.887659866922806,0.404,0.023164739958643994,0.404,0.0,0.022917651,7.5
3.55732231088229,-1.6578908982383085,7.5,302.2524278313588,4.886870470034983,0.405,0.023162285563422386,0.405,0.0,0.022917651,7.5
3.557547057188224,-1.6552334584752906,7.5,302.3629253605573,4.886081115528555,0.4060000000000001,0.023159833066760387,0.406,0.0,0.022917651,7.5
3.5577717963046473,-1.6525760903372195,7.5,302.4732813667821,4.885291803889186,0.40700000000000003,0.02315738249041432,0.40700000000000003,0.0,0.022917651,7.5
3.5579965281488573,-1.6499187946480203,7.5,302.58349422204856,4.884502535609989,0.40800000000000003,0.02315493385647419,0.40800000000000003,0.0,0.022917651,7.5
3.5582212526368773,-1.647261572244304,7.5,302.69356227330655,4.883713311191672,0.4090000000000001,0.02315248718737014,0.40900000000000003,0.0,0.022917651,7.5
3.5584459696834325,-1.6446044239756117,7.5,302.8034838419557,4.882924131142678,0.41000000000000003,0.02315004250587898,0.41000000000000003,0.0,0.022917651,7.5
3.558670679201926,-1.6419473507046671,7.5,302.9132572233501,4.882134995979342,0.4110000000000001,0.023147599835130934,0.41100000000000003,0.0,0.022917651,7.5
3.5588953811044095,-1.639290353307632,7.5,303.02288068629133,4.881345906226042,0.41200000000000003,0.023145159198616528,0.41200000000000003,0.0,0.022917651,7.5
3.559120075301563,-1.6366334326743692,7.5,303.1323524725089,4.8805568624153555,0.41300000000000014,0.023142720620193614,0.41300000000000003,0.0,0.022917651,7.5
3.5593447617026603,-1.6339765897087104,7.5,303.2416707961295,4.879767865088217,0.41400000000000003,0.023140284124094596,0.41400000000000003,0.0,0.022917651,7.5
3.5595694402155487,-1.6313198253287347,7.5,303.35083384313305,4.878978914794092,0.41500000000000004,0.023137849734933782,0.41500000000000004,0.0,0.022917651,7.5
3.559794110746617,-1.628663140467046,7.5,303.459839770796,4.87819001209114,0.4160000000000001,0.023135417477714984,0.41600000000000004,0.0,0.022917651,7.5
3.5600187732007638,-1.6260065360710645,7.5,303.5686867071211,4.877401157546384,0.4170000000000001,0.02313298737783919,0.417,0.0,0.022917651,7.5
3.5602434274813732,-1.6233500131033203,7.5,303.6773727502541,4.87661235173589,0.418,0.023130559461112542,0.418,0.0,0.022917651,7.5
3.5604680734902825,-1.620693572541758,7.5,303.78589596788623,4.875823595244954,0.41899999999999993,0.023128133753754415,0.419,0.0,0.022917651,7.5
3.560692711127751,-1.618037215380044,7.5,303.89425439664154,4.875034888668279,0.42,0.023125710282405725,0.42,0.0,0.022917651,7.5
3.5609173402924266,-1.615380942627886,7.5,304.00244604145087,4.874246232610167,0.421,0.02312328907413744,0.421,0.0,0.022917651,7.5
3.5611419608813137,-1.6127247553113553,7.5,304.1104688749089,4.873457627684716,0.42200000000000004,0.023120870156459285,0.422,0.0,0.022917651,7.5
3.5613665727897437,-1.610068654473223,7.5,304.218320836617,4.872669074516016,0.42299999999999993,0.023118453557328663,0.423,0.0,0.022917651,7.5
3.561591175911336,-1.6074126411732976,7.5,304.325999832509,4.871880573738357,0.42400000000000004,0.023116039305159843,0.424,0.0,0.022917651,7.5
3.5618157701379634,-1.604756716488778,7.5,304.4335037341609,4.8710921259964355,0.425,0.02311362742883325,0.425,0.0,0.022917651,7.5
3.562040355359719,-1.6021008815146076,7.5,304.5408303780832,4.870303731945566,0.42599999999999993,0.023111217957705148,0.426,0.0,0.022917651,7.5
3.5622649314648767,-1.599445137363846,7.5,304.6479775649956,4.869515392251909,0.42699999999999994,0.023108810921617408,0.427,0.0,0.022917651,7.5
3.5624894983398554,-1.5967894851680409,7.5,304.7549430590843,4.868727107592689,0.42800000000000005,0.02310640635090765,0.428,0.0,0.022917651,7.5
3.5627140558691788,-1.5941339260776153,7.5,304.8617245872399,4.867938878656426,0.42899999999999994,0.023104004276419555,0.429,0.0,0.022917651,7.5
3.5629386039354363,-1.5914784612622637,7.5,304.9683198382763,4.867150706143173,0.42999999999999994,0.02310160472951344,0.43,0.0,0.022917651,7.5
3.563163142419242,-1.5888230919113555,7.5,305.07472646213074,4.866362590764762,0.431,0.023099207742077164,0.431,0.0,0.022917651,7.5
3.563387671199194,-1.5861678192343516,7.5,305.18094206904203,4.865574533245046,0.432,0.02309681334653723,0.432,0.0,0.022917651,7.5
3.5636121901518303,-1.5835126444612302,7.5,305.2869642287095,4.864786534320158,0.433,0.02309442157587023,0.433,0.0,0.022917651,7.5
3.5638366991515857,-1.5808575688429236,7.5,305.39279046942937,4.863998594738775,0.434,0.023092032463614555,0.434,0.0,0.022917651,7.5
3.564061198070748,-1.5782025936517667,7.5,305.49841827720934,4.86321071526238,0.435,0.0230896460438824,0.435,0.0,0.022917651,7.5
3.5642856867794075,-1.5755477201819554,7.5,305.60384509485993,4.862422896665539,0.43599999999999994,0.023087262351372095,0.436,0.0,0.022917651,7.5
3.564510165145416,-1.57289294975002,7.5,305.7090683210637,4.861635139736189,0.43699999999999994,0.023084881421380758,0.437,0.0,0.022917651,7.5
3.564734633034334,-1.5702382836953082,7.5,305.81408530941803,4.860847445275922,0.43800000000000006,0.02308250328981724,0.438,0.0,0.022917651,7.5
3.56495909030938,-1.5675837233804808,7.5,305.9188933674548,4.860059814100278,0.439,0.023080127993215464,0.439,0.0,0.022917651,7.5
3.5651835368313827,-1.5649292701920228,7.5,306.02348975563376,4.859272247039061,0.44,0.023077755568748082,0.44,0.0,0.022917651,7.5
3.5654079724587273,-1.5622749255407653,7.5,306.12787168630905,4.858484744936644,0.44100000000000006,0.023075386054240463,0.441,0.0,0.022917651,7.5
3.5656323970473025,-1.5596206908624222,7.5,306.23203632266876,4.857697308652292,0.44200000000000006,0.023073019488185135,0.442,0.0,0.022917651,7.5
3.5658568104504393,-1.556966567618141,7.5,306.3359807776459,4.856909939060493,0.443,0.023070655909756512,0.443,0.0,0.022917651,7.5
3.566081212518864,-1.5543125572950696,7.5,306.4397021128011,4.856122637051294,0.44399999999999995,0.02306829535882609,0.444,0.0,0.022917651,7.5
3.566305603100633,-1.5516586614069368,7.5,306.54319733717483,4.855335403530653,0.44500000000000006,0.023065937875978,0.445,0.0,0.022917651,7.5
3.5665299820410725,-1.5490048814946478,7.5,306.64646340610784,4.854548239420791,0.446,0.023063583502525017,0.446,0.0,0.022917651,7.5
3.566754349182724,-1.5463512191268978,7.5,306.7494972200319,4.853761145660561,0.447,0.02306123228052499,0.447,0.0,0.022917651,7.5
3.5669787043652716,-1.5436976759008014,7.5,306.8522956232254,4.8529741232058266,0.44800000000000006,0.023058884252797694,0.448,0.0,0.022917651,7.5
3.567203047425485,-1.5410442534425386,7.5,306.9548554025363,4.852187173029845,0.44900000000000007,0.023056539462942168,0.449,0.0,0.022917651,7.5
3.567427378197148,-1.5383909534080196,7.5,307.05717328606966,4.851400296123669,0.45000000000000007,0.023054197955354558,0.45,0.0,0.022917651,7.5
3.5676516965109935,-1.5357377774835665,7.5,307.159245941839,4.8506134934965495,0.451,0.023051859775246354,0.451,0.0,0.022917651,7.5
3.567876002194628,-1.5330847273866155,7.5,307.26106997638044,4.8498267661763625,0.452,0.02304952496866325,0.452,0.0,0.022917651,7.5
3.568100295072467,-1.5304318048664378,7.5,307.3626419333284,4.849040115210033,0.453,0.02304719358250444,0.453,0.0,0.022917651,7.5
3.568324574965652,-1.5277790117048793,7.5,307.463958291951,4.848253541663987,0.454,0.02304486566454251,0.454,0.0,0.022917651,7.5
3.568548841691981,-1.5251263497171248,7.5,307.5650154656451,4.847467046624599,0.45500000000000007,0.02304254126344384,0.455,0.0,0.022917651,7.5
3.5687730950658247,-1.5224738207524788,7.5,307.66580980038816,4.846680631198665,0.456,0.023040220428789615,0.456,0.0,0.022917651,7.5
3.568997334898051,-1.519821426695174,7.5,307.76633757314715,4.845894296513886,0.457,0.023037903211097437,0.457,0.0,0.022917651,7.5
3.569221560995936,-1.5171691694651954,7.5,307.866594990241,4.845108043719362,0.458,0.023035589661843502,0.458,0.0,0.022917651,7.5
3.569445773163082,-1.5145170510191375,7.5,307.96657818565734,4.8443218739861,0.459,0.023033279833485493,0.459,0.0,0.022917651,7.5
3.56966997119933,-1.5118650733510774,7.5,308.06628321932016,4.843535788507544,0.46,0.023030973779486024,0.46,0.0,0.022917651,7.5
3.569894154900667,-1.5092132384934775,7.5,308.16570607530764,4.8427497885001065,0.461,0.02302867155433689,0.461,0.0,0.022917651,7.5
3.570118324059133,-1.5065615485181152,7.5,308.2648426600186,4.841963875203736,0.4620000000000001,0.02302637321358389,0.462,0.0,0.022917651,7.5
3.570342478462728,-1.503910005537035,7.5,308.36368880028465,4.841178049882474,0.463,0.02302407881385247,0.463,0.0,0.022917651,7.5
3.57056661789531,-1.5012586117035347,7.5,308.4622402414282,4.840392313825059,0.464,0.023021788412874077,0.464,0.0,0.022917651,7.5
3.570790742136494,-1.4986073692131765,7.5,308.5604926452622,4.839606668345516,0.4650000000000001,0.02301950206951328,0.465,0.0,0.022917651,7.5
3.5710148509615487,-1.4959562803048272,7.5,308.6584415880312,4.838821114783794,0.466,0.023017219843795723,0.466,0.0,0.022917651,7.5
3.571238944141289,-1.4933053472617352,7.5,308.75608255829184,4.838035654506403,0.467,0.023014941796936896,0.467,0.0,0.022917651,7.5
3.5714630214419625,-1.490654572412631,7.5,308.853410954728,4.8372502889070725,0.468,0.023012667991371746,0.468,0.0,0.022917651,7.5
3.571687082625139,-1.488003958132869,7.5,308.95042208390305,4.836465019407436,0.4690000000000001,0.02301039849078521,0.46900000000000003,0.0,0.022917651,7.5
3.571911127447588,-1.4853535068455979,7.5,309.04711115794197,4.835679847457732,0.47000000000000003,0.02300813336014364,0.47000000000000003,0.0,0.022917651,7.5
3.5721351556611634,-1.4827032210229714,7.5,309.1434732921445,4.8348947745375295,0.47100000000000003,0.023005872665727223,0.47100000000000003,0.0,0.022917651,7.5
3.5723591670126735,-1.4800531031873898,7.5,309.2395035025249,4.834109802156467,0.47200000000000003,0.02300361647516333,0.47200000000000003,0.0,0.022917651,7.5
3.572583161243753,-1.4774031559127863,7.5,309.33519670327644,4.833324931855026,0.47300000000000003,0.023001364857460946,0.47300000000000003,0.0,0.022917651,7.5
3.572807138090733,-1.474753381825948,7.5,309.430547704158,4.832540165205322,0.47400000000000003,0.022999117883046104,0.47400000000000003,0.0,0.022917651,7.5
3.5730310972845025,-1.4721037836078805,7.5,309.52555120779954,4.831755503811921,0.47500000000000003,0.022996875623798464,0.47500000000000003,0.0,0.022917651,7.5
3.5732550385503656,-1.4694543639952133,7.5,309.6202018069237,4.830970949312676,0.4760000000000001,0.022994638153089032,0.47600000000000003,0.0,0.022917651,7.5
3.5734789616078975,-1.4668051257816501,7.5,309.7144939814808,4.8301865033796,0.47700000000000004,0.022992405545818984,0.47700000000000004,0.0,0.022917651,7.5
3.5737028661707964,-1.464156071819465,7.5,309.80842209569306,4.82940216771976,0.47800000000000004,0.022990177878459833,0.47800000000000004,0.0,0.022917651,7.5
3.5739267519467246,-1.4615072050210445,7.5,309.9019803950064,4.828617944076202,0.4790000000000001,0.02298795522909473,0.47900000000000004,0.0,0.022917651,7.5
3.574150618637151,-1.4588585283604807,7.5,309.99516300294425,4.8278338342288984,0.48000000000000004,0.02298573767746121,0.48,0.0,0.022917651,7.5
3.5743744659371854,-1.4562100448752129,7.5,310.08796391786177,4.8270498399957384,0.481,0.022983525304995193,0.481,0.0,0.022917651,7.5
3.5745982935354106,-1.4535617576677247,7.5,310.18037700959513,4.826265963233537,0.482,0.022981318194876473,0.482,0.0,0.022917651,7.5
3.5748221011137025,-1.450913669907293,7.5,310.272396016003,4.825482205839086,0.483,0.02297911643207563,0.483,0.0,0.022917651,7.5
3.5750458883470526,-1.4482657848317968,7.5,310.3640145393957,4.824698569750235,0.48400000000000004,0.0229769201034025,0.484,0.0,0.022917651,7.5
3.5752696549033773,-1.4456181057495812,7.5,310.4552260428475,4.823915056947005,0.485,0.022974729297556187,0.485,0.0,0.022917651,7.5
3.5754934004433294,-1.442970636041388,7.5,310.5460238463884,4.82313166945275,0.486,0.022972544105176778,0.486,0.0,0.022917651,7.5
3.575717124620091,-1.4403233791623438,7.5,310.6364011230694,4.822348409335338,0.48700000000000004,0.022970364618898686,0.487,0.0,0.022917651,7.5
3.575940827079174,-1.437676338644019,7.5,310.72635089489813,4.821565278708393,0.488,0.02296819093340584,0.488,0.0,0.022917651,7.5
3.5761645074582034,-1.435029518096553,7.5,310.8158660286381,4.820782279732561,0.489,0.02296602314548865,0.489,0.0,0.022917651,7.5
3.5763881653866947,-1.4323829212108523,7.5,310.90493923146755,4.819999414616819,0.49,0.022963861354102933,0.49,0.0,0.022917651,7.5
3.5766118004858316,-1.4297365517608593,7.5,310.99356304649143,4.819216685619854,0.49100000000000005,0.022961705660430817,0.491,0.0,0.022917651,7.5
3.5768354123682244,-1.4270904136059048,7.5,311.0817298481009,4.818434095051445,0.492,0.022959556167943675,0.492,0.0,0.022917651,7.5
3.5770590006376706,-1.4244445106931327,7.5,311.1694318371751,4.817651645273934,0.493,0.02295741298246728,0.493,0.0,0.022917651,7.5
3.577282564888901,-1.4217988470600147,7.5,311.25666103611775,4.816869338703721,0.49400000000000005,0.022955276212249097,0.494,0.0,0.022917651,7.5
3.577506104707316,-1.4191534268369461,7.5,311.3434092837221,4.816087177812818,0.495,0.022953145968028013,0.495,0.0,0.022917651,7.5
3.5777296196687223,-1.4165082542499388,7.5,311.4296682298586,4.81530516513047,0.496,0.022951022363106387,0.496,0.0,0.022917651,7.5
3.577953109339047,-1.4138633336234,7.5,311.51542932997575,4.814523303244803,0.497,0.022948905513424673,0.497,0.0,0.022917651,7.5
3.5781765732740536,-1.4112186693830153,7.5,311.6006838394087,4.81374159480456,0.49800000000000005,0.022946795537638655,0.498,0.0,0.022917651,7.5
3.5784000110190366,-1.4085742660587293,7.5,311.6854228074865,4.812960042520886,0.499,0.022944692557199393,0.499,0.0,0.022917651,7.5
3.57862342210852,-1.405930128287837,7.5,311.76963707142966,4.8121786491691685,0.5,0.02294259669643605,0.5,0.0,0.022917651,7.5
3.5789353133537842,-1.4030259565021088,7.5,311.9911336228045,4.811313855225389,0.501,0.022942492309443622,0.501,0.0,0.022917651,7.5
3.5792472705743825,-1.4001212956818196,7.5,312.2132009675159,4.810448836132534,0.5020000000000001,0.022942387529097177,0.502,0.0,0.022917651,7.5
3.579559294804058,-1.3972161381644481,7.5,312.435848049136,4.809583588362816,0.503,0.02294228234923338,0.503,0.0,0.022917651,7.5
3.579871387098268,-1.39431047612655,7.5,312.65908399906385,4.80871810831436,0.504,0.022942176763559464,0.504,0.0,0.022917651,7.5
3.580183548534751,-1.3914043015795128,7.5,312.88291814148084,4.807852392309249,0.505,0.0229420707656498,0.505,0.0,0.022917651,7.5
3.580495780214119,-1.3884976063651728,7.5,313.10735999846617,4.806986436591505,0.506,0.022941964348942377,0.506,0.0,0.022917651,7.5
3.58080808326047,-1.3855903821512912,7.5,313.33241929527475,4.806120237325008,0.507,0.02294185750673519,0.507,0.0,0.022917651,7.5
3.581120458822013,-1.3826826204268898,7.5,313.5581059657851,4.805253790591343,0.508,0.02294175023218244,0.508,0.0,0.022917651,7.5
3.581432908071724,-1.37977431249743,7.5,313.7844301581242,4.804387092387591,0.509,0.0229416425182907,0.509,0.0,0.022917651,7.5
3.5817454322080127,-1.3768654494798371,7.5,314.0114022404746,4.803520138624026,0.51,0.022941534357914874,0.51,0.0,0.022917651,7.5
3.5820580324554148,-1.3739560222973637,7.5,314.23903280707106,4.80265292512176,0.511,0.022941425743754105,0.511,0.0,0.022917651,7.5
3.582370710065315,-1.371046021674282,7.5,314.467332684396,4.8017854476102935,0.512,0.022941316668347474,0.512,0.0,0.022917651,7.5
3.5826834663166798,-1.3681354381303992,7.5,314.69631293757783,4.800917701724995,0.5130000000000001,0.022941207124069614,0.513,0.0,0.022917651,7.5
3.5829963025168237,-1.3652242619753956,7.5,314.9259848770033,4.800049683004486,0.514,0.022941097103126126,0.514,0.0,0.022917651,7.5
3.583309220002198,-1.3623124833029692,7.5,315.1563600651509,4.799181386887958,0.5150000000000001,0.0229409865975489,0.515,0.0,0.022917651,7.5
3.5836222201392123,-1.359400091984784,7.5,315.38745032365284,4.798312808712374,0.5160000000000001,0.02294087559919123,0.516,0.0,0.022917651,7.5
3.58393530432507,-1.3564870776642133,7.5,315.61926774059725,4.7974439437095935,0.517,0.022940764099722778,0.517,0.0,0.022917651,7.5
3.584248473988649,-1.3535734297498745,7.5,315.85182467807755,4.796574787003399,0.5180000000000001,0.022940652090624385,0.518,0.0,0.022917651,7.5
3.5845617305913993,-1.3506591374089372,7.5,316.0851337800011,4.795705333606407,0.519,0.022940539563182698,0.519,0.0,0.022917651,7.5
3.5848750756282777,-1.3477441895602034,7.5,316.31920798016495,4.79483557841689,0.52,0.022940426508484556,0.52,0.0,0.022917651,7.5
3.5851885106287145,-1.3448285748669488,7.5,316.55406051061215,4.793965516215478,0.521,0.0229403129174113,0.521,0.0,0.022917651,7.5
3.585502037157611,-1.3419122817295166,7.5,316.78970491027826,4.7930951416617456,0.522,0.02294019878063277,0.522,0.0,0.022917651,7.5
3.585815656816378,-1.3389952982776467,7.5,317.0261550339405,4.792224449290683,0.5230000000000001,0.02294008408860113,0.523,0.0,0.022917651,7.5
3.586129371244,-1.336077612362542,7.5,317.26342506148154,4.791353433509046,0.5240000000000001,0.022939968831544533,0.524,0.0,0.022917651,7.5
3.5864431821181504,-1.3331592115486475,7.5,317.50152950748225,4.790482088591568,0.525,0.022939852999460456,0.525,0.0,0.022917651,7.5
3.5867570911563353,-1.3302400831051417,7.5,317.7404832311548,4.7896104086770395,0.526,0.022939736582108898,0.526,0.0,0.022917651,7.5
3.587071100117087,-1.327320213997119,7.5,317.9803014466332,4.788738387764257,0.5270000000000001,0.02293961956900524,0.527,0.0,0.022917651,7.5
3.58738521080119,-1.3243995908764565,7.5,318.2209997336325,4.787866019707811,0.528,0.022939501949412966,0.528,0.0,0.022917651,7.5
3.5876994250529655,-1.3214782000723506,7.5,318.46259404849724,4.78699329821373,0.5290000000000001,0.02293938371233597,0.529,0.0,0.022917651,7.5
3.5880137447615867,-1.3185560275815056,7.5,318.705100735651,4.786120216834969,0.5300000000000001,0.02293926484651074,0.53,0.0,0.022917651,7.5
3.588328171862459,-1.3156330590579635,7.5,318.9485365394666,4.785246768966718,0.5310000000000001,0.02293914534039813,0.531,0.0,0.022917651,7.5
3.5886427083386363,-1.3127092798025588,7.5,319.1929186165754,4.784372947841555,0.532,0.02293902518217489,0.532,0.0,0.022917651,7.5
3.588957356222301,-1.309784674751981,7.5,319.43826454863313,4.7834987465244065,0.533,0.022938904359724885,0.533,0.0,0.022917651,7.5
3.589272117596291,-1.3068592284674279,7.5,319.68459235556344,4.782624157907327,0.5340000000000001,0.022938782860629937,0.534,0.0,0.022917651,7.5
3.5895870130609047,-1.30393312940108,7.5,319.93179787927073,4.781749452927261,0.535,0.022938660455364763,0.535,0.0,0.022917651,7.5
3.5899021144310628,-1.3010071383649993,7.5,320.1794335021234,4.780875679992658,0.536,0.022938536321249814,0.536,0.0,0.022917651,7.5
3.5902173347456805,-1.2980802565565115,7.5,320.4281082319152,4.780001492064415,0.537,0.02293841149803645,0.537,0.0,0.022917651,7.5
3.5905326763035323,-1.2951524667601475,7.5,320.67784215089455,4.779126881122178,0.538,0.022938285972406842,0.538,0.0,0.022917651,7.5
3.590848141463012,-1.2922237513139443,7.5,320.92865586215663,4.778251838937577,0.5390000000000001,0.02293815973069777,0.539,0.0,0.022917651,7.5
3.591163732644081,-1.2892940920948741,7.5,321.1805705066391,4.777376357067447,0.54,0.022938032758889306,0.54,0.0,0.022917651,7.5
3.591479452330286,-1.2863634705037006,7.5,321.4336077807883,4.776500426846764,0.5410000000000001,0.02293790504259316,0.541,0.0,0.022917651,7.5
3.591795303070867,-1.2834318674492338,7.5,321.6877899549252,4.775624039381308,0.542,0.022937776567040442,0.542,0.0,0.022917651,7.5
3.592111287482937,-1.2804992633319574,7.5,321.9431398923462,4.774747185540046,0.543,0.022937647317069043,0.543,0.0,0.022917651,7.5
3.592427408253764,-1.2775656380269969,7.5,322.19968106919106,4.773869855947188,0.544,0.022937517277110426,0.544,0.0,0.022917651,7.5
3.5927436681431297,-1.2746309708663959,7.5,322.4574375951149,4.77299204097393,0.545,0.02293738643117594,0.545,0.0,0.022917651,7.5
3.5930600699857984,-1.2716952406206763,7.5,322.71643423480367,4.772113730729873,0.546,0.022937254762842526,0.546,0.0,0.022917651,7.5
3.5933766166940764,-1.2687584254796351,7.5,322.97669643037136,4.7712349150540625,0.547,0.022937122255237894,0.547,0.0,0.022917651,7.5
3.5936933112604854,-1.265820503032352,7.5,323.2382503246829,4.770355583505684,0.548,0.022936988891025026,0.548,0.0,0.022917651,7.5
3.59401015676054,-1.262881450246364,7.5,323.5011227856476,4.76947572535436,0.549,0.022936854652386103,0.549,0.0,0.022917651,7.5
3.5943271563556456,-1.2599412434459671,7.5,323.76534143153026,4.768595329570035,0.5500000000000002,0.02293671952100567,0.55,0.0,0.022917651,7.5
3.5946443132961217,-1.256999858289604,7.5,324.03093465732917,4.767714384812451,0.551,0.02293658347805319,0.551,0.0,0.022917651,7.5
3.5949616309243444,-1.25405726974629,7.5,324.2979316622762,4.766832879420154,0.552,0.02293644650416478,0.552,0.0,0.022917651,7.5
3.595279112678031,-1.2511134520710305,7.5,324.566362478512,4.765950801399051,0.553,0.022936308579424202,0.553,0.0,0.022917651,7.5
3.5955967620936664,-1.2481683787791797,7.5,324.8362580009988,4.765068138410457,0.554,0.022936169683343027,0.554,0.0,0.022917651,7.5
3.5959145828100705,-1.2452220226196846,7.5,325.1076500187293,4.764184877758631,0.555,0.022936029794839937,0.555,0.0,0.022917651,7.5
3.596232578572133,-1.2422743555471616,7.5,325.38057124730267,4.763301006377773,0.556,0.02293588889221912,0.556,0.0,0.022917651,7.5
3.5965507532347005,-1.2393253486927416,7.5,325.65505536293296,4.762416510818436,0.557,0.022935746953147717,0.557,0.0,0.022917651,7.5
3.5968691107666477,-1.2363749723336215,7.5,325.93113703796814,4.76153137723334,0.5580000000000002,0.02293560395463228,0.558,0.0,0.022917651,7.5
3.597187655255119,-1.2334231958612556,7.5,326.208851977996,4.760645591362554,0.559,0.022935459872994134,0.559,0.0,0.022917651,7.5
3.5975063909099725,-1.230469987748113,7.5,326.4882369606216,4.759759138518012,0.56,0.0229353146838437,0.56,0.0,0.022917651,7.5
3.5978253220684184,-1.2275153155129288,7.5,326.7693298760036,4.758872003567321,0.5610000000000002,0.022935168362053584,0.561,0.0,0.022917651,7.5
3.59814445319987,-1.2245591456843643,7.5,327.05216976924515,4.7579841709168305,0.562,0.022935020881730474,0.562,0.0,0.022917651,7.5
3.5984639255641095,-1.2216019852050126,7.5,327.33626631037623,4.757096712179172,0.563,0.022934871383653556,0.5630000000000001,0.0,0.022917651,7.5
3.5987836840765106,-1.218643541291493,7.5,327.62189947442585,4.756209114405813,0.5640000000000001,0.02293472024050682,0.5640000000000001,0.0,0.022917651,7.5
3.5991036576894104,-1.2156834707958764,7.5,327.90940914409566,4.755320750466357,0.5650000000000001,0.022934567895296687,0.5650000000000001,0.0,0.022917651,7.5
3.5994238515431314,-1.2127217348472366,7.5,328.19884016281003,4.7544316020515005,0.5660000000000002,0.02293441431929709,0.5660000000000001,0.0,0.022917651,7.5
3.599744270943096,-1.2097582933261548,7.5,328.490238814316,4.753541650263864,0.5670000000000001,0.022934259482859293,0.5670000000000001,0.0,0.022917651,7.5
3.600064921366512,-1.20679310481419,7.5,328.7836528809781,4.752650875594194,0.5680000000000001,0.022934103355374585,0.5680000000000001,0.0,0.022917651,7.5
3.6003858084693805,-1.2038261265408712,7.5,329.0791317049279,4.7517592578963885,0.5690000000000001,0.022933945905235075,0.5690000000000001,0.0,0.022917651,7.5
3.60070693809385,-1.2008573143280774,7.5,329.3767262522327,4.750866776361307,0.5700000000000001,0.022933787099792616,0.5700000000000001,0.0,0.022917651,7.5
3.6010283162759418,-1.1978866225316465,7.5,329.6764891802576,4.74997340948926,0.5710000000000001,0.022933626905315634,0.5710000000000001,0.0,0.022917651,7.5
3.601349949253655,-1.1949140039800532,7.5,329.9784749084088,4.749079135061126,0.5720000000000002,0.02293346528694381,0.5720000000000001,0.0,0.022917651,7.5
3.6016718434754886,-1.1919394099099836,7.5,330.2827396924589,4.748183930108008,0.5730000000000001,0.02293330220864048,0.5730000000000001,0.0,0.022917651,7.5
3.6019940056093955,-1.1889627898986213,7.5,330.58934170266457,4.7472877708793355,0.5740000000000001,0.022933137633142586,0.5740000000000001,0.0,0.022917651,7.5
3.6023164425521985,-1.1859840917924471,7.5,330.8983411059074,4.746390632809329,0.5750000000000001,0.02293297152190807,0.5750000000000001,0.0,0.022917651,7.5
3.6026391614394937,-1.1830032616323398,7.5,331.20980015210023,4.745492490481719,0.5760000000000001,0.022932803835060484,0.5760000000000001,0.0,0.022917651,7.5
3.602962169656077,-1.1800202435747564,7.5,331.5237832651192,4.744593317592618,0.577,0.022932634531330803,0.577,0.0,0.022917651,7.5
3.603285474846912,-1.177034979808742,7.5,331.8403571385424,4.743693086911436,0.578,0.02293246356799605,0.578,0.0,0.022917651,7.5
3.6036090849286984,-1.1740474104685215,7.5,332.15959083649153,4.742791770239701,0.579,0.022932290900814705,0.579,0.0,0.022917651,7.5
3.6039330081020444,-1.1710574735413843,7.5,332.4815558998991,4.741889338367676,0.5800000000000001,0.02293211648395864,0.58,0.0,0.022917651,7.5
3.6042572528643144,-1.1680651047705706,7.5,332.8063264585438,4.740985761028612,0.581,0.022931940269941352,0.581,0.0,0.022917651,7.5
3.6045819183079395,-1.1650702646169901,7.5,333.1337677307481,4.740081394998532,0.582,0.02293176222804248,0.582,0.0,0.022917651,7.5
3.604907178406823,-1.1620729015654987,7.5,333.4636007962695,4.7391768845293445,0.583,0.022931582334806123,0.583,0.0,0.022917651,7.5
3.6052327976286485,-1.159072850044414,7.5,333.79650093476147,4.738271122053096,0.584,0.02293140048259214,0.584,0.0,0.022917651,7.5
3.605558786257507,-1.156070033064862,7.5,334.13255597704614,4.737364071716444,0.585,0.022931216615301904,0.585,0.0,0.022917651,7.5
3.6058851549739472,-1.153064370670029,7.5,334.47185713984476,4.7364556962838975,0.5860000000000001,0.022931030674674162,0.586,0.0,0.022917651,7.5
3.60621191487426,-1.1500557797907527,7.5,334.8144991905245,4.735545957070556,0.587,0.0229308426001798,0.587,0.0,0.022917651,7.5
3.6065390774909085,-1.1470441740925938,7.5,335.16058062155906,4.734634813870895,0.588,0.022930652328910478,0.588,0.0,0.022917651,7.5
3.6068666548141723,-1.1440294638138102,7.5,335.51020383537787,4.733722224883313,0.589,0.02293045979546048,0.589,0.0,0.022917651,7.5
3.607194659315093,-1.1410115555935751,7.5,335.8634753403326,4.7328081466301315,0.59,0.02293026493180159,0.59,0.0,0.022917651,7.5
3.6075231039698124,-1.1379903522897692,7.5,336.2205059585699,4.731892533872744,0.5910000000000001,0.02293006766715034,0.591,0.0,0.022917651,7.5
3.607852002285406,-1.1349657527855814,7.5,336.58141104666106,4.73097533952155,0.592,0.02292986792782704,0.592,0.0,0.022917651,7.5
3.608181368327324,-1.1319376517841255,7.5,336.94631072991393,4.730056514540308,0.593,0.022929665637106175,0.593,0.0,0.022917651,7.5
3.6085112167485365,-1.1289059395901793,7.5,337.3153301513647,4.729136007844492,0.5940000000000001,0.022929460715057328,0.594,0.0,0.022917651,7.5
3.6088415628205417,-1.125870501878113,7.5,337.68859973653605,4.728213766193217,0.595,0.0229292530783761,0.595,0.0,0.022917651,7.5
3.6091724265168375,-1.1228312296384657,7.5,338.06624228206925,4.727289760514149,0.5960000000000001,0.022929042632527655,0.596,0.0,0.022917651,7.5
3.609503985246034,-1.1197883781787248,7.5,338.44790078039455,4.726364957524629,0.597,0.022928829047713307,0.597,0.0,0.022917651,7.5
3.6098360969940915,-1.1167413907460617,7.5,338.8342683203861,4.725438230677924,0.598,0.022928612596281567,0.598,0.0,0.022917651,7.5
3.6101687802059534,-1.1136901293925685,7.5,339.2255019636248,4.724509515807253,0.599,0.022928393182621593,0.599,0.0,0.022917651,7.5
3.610502054156053,-1.110634449966696,7.5,339.6217658348924,4.7235787458601965,0.6,0.022928170706822838,0.6,0.0,0.022917651,7.5
3.6108803734051764,-1.1076990864009635,7.5,339.8144167796208,4.722826128231469,0.601,0.022928160173898763,0.601,0.0,0.022917651,7.5
3.6112588420428704,-1.1047626325655613,7.5,340.0084586676787,4.722073017903928,0.602,0.02292814957614514,0.602,0.0,0.022917651,7.5
3.6116374622863345,-1.1018250722788745,7.5,340.2039121432316,4.721319407565012,0.603,0.02292813891259976,0.603,0.0,0.022917651,7.5
3.6120162363968675,-1.0988863890374787,7.5,340.40079826100634,4.720565289756734,0.6040000000000001,0.022928128182281307,0.604,0.0,0.022917651,7.5
3.6123951666809617,-1.095946566008095,7.5,340.59913849654805,4.719810656872044,0.605,0.02292811738418884,0.605,0.0,0.022917651,7.5
3.6127742554914413,-1.0930055860193115,7.5,340.79895475678694,4.719055501151086,0.6060000000000001,0.02292810651730131,0.606,0.0,0.022917651,7.5
3.6131535052286297,-1.0900634315530484,7.5,341.000269390924,4.718299814677345,0.607,0.022928095580577058,0.607,0.0,0.022917651,7.5
3.6135329183415577,-1.0871200847357654,7.5,341.2031052016496,4.717543589373672,0.608,0.022928084572953294,0.608,0.0,0.022917651,7.5
3.6139124973292014,-1.0841755273294005,7.5,341.4074854567034,4.716786816998185,0.6090000000000001,0.022928073493345545,0.609,0.0,0.022917651,7.5
3.614292244741763,-1.0812297407220288,7.5,341.6134339007913,4.716029489140053,0.61,0.022928062340647103,0.61,0.0,0.022917651,7.5
3.6146721937764568,-1.0782826697818015,7.5,341.8208897221188,4.715271683347763,0.6110000000000001,0.02292805110862887,0.611,0.0,0.022917651,7.5
3.6150523926445293,-1.0753342400382284,7.5,342.02975162446876,4.7145135177999125,0.612,0.022928039788955544,0.612,0.0,0.022917651,7.5
3.6154327693884314,-1.07238451914085,7.5,342.2402528173617,4.713754772562263,0.613,0.022928028393129386,0.613,0.0,0.022917651,7.5
3.615813326805977,-1.0694334867810693,7.5,342.45241908524764,4.712995438516852,0.614,0.0229280169199526,0.614,0.0,0.022917651,7.5
3.616194067753965,-1.0664811222221322,7.5,342.66627675617895,4.712235506353495,0.615,0.022928005368202116,0.615,0.0,0.022917651,7.5
3.616574995149743,-1.063527404287784,7.5,342.8818527162121,4.711474966564681,0.6160000000000002,0.022927993736628943,0.616,0.0,0.022917651,7.5
3.6169561119728186,-1.0605723113505634,7.5,343.0991744242701,4.710713809440317,0.617,0.022927982023957495,0.617,0.0,0.022917651,7.5
3.617337421266524,-1.057615821319721,7.5,343.3182699274807,4.709952025062315,0.6180000000000001,0.022927970228884844,0.618,0.0,0.022917651,7.5
3.6177189261397342,-1.0546579116287482,7.5,343.53916787701286,4.70918960329898,0.619,0.022927958350080015,0.619,0.0,0.022917651,7.5
3.6181006297686444,-1.0516985592224977,7.5,343.7618975444248,4.708426533799233,0.6200000000000001,0.022927946386183194,0.62,0.0,0.022917651,7.5
3.6184825353985945,-1.0487377405438876,7.5,343.98648883854776,4.707662805986643,0.6210000000000001,0.022927934335804978,0.621,0.0,0.022917651,7.5
3.618864646345967,-1.0457754315201673,7.5,344.2129723229232,4.706898409053259,0.622,0.022927922197525548,0.622,0.0,0.022917651,7.5
3.6192469660001416,-1.0428116075487288,7.5,344.4413792338165,4.706133331953238,0.6230000000000001,0.022927909969893825,0.623,0.0,0.022917651,7.5
3.619629497825512,-1.0398462434824478,7.5,344.671741498828,4.7053675633962655,0.6240000000000001,0.02292789765142663,0.624,0.0,0.022917651,7.5
3.620012251760433,-1.03687930419119,7.5,344.90407191459377,4.704601107893391,0.625,0.022927885226729363,0.625,0.0,0.022917651,7.5
3.6203953283526826,-1.033910619010735,7.5,345.138104310631,4.703834195319098,0.6260000000000001,0.022927872486933336,0.626,0.0,0.022917651,7.5
3.620778628965835,-1.0309403103525385,7.5,345.3741912802624,4.703066555355354,0.6270000000000001,0.022927859655196184,0.627,0.0,0.022917651,7.5
3.6211621574070567,-1.0279683506260842,7.5,345.6123677403473,4.702298175640393,0.628,0.022927846729955403,0.628,0.0,0.022917651,7.5
3.6215459175702773,-1.0249947116121052,7.5,345.852669403455,4.701529043530741,0.629,0.02292783370961287,0.629,0.0,0.022917651,7.5
3.6219299134386707,-1.0220193644445692,7.5,346.09513280066085,4.700759146093146,0.6300000000000001,0.022927820592533843,0.63,0.0,0.022917651,7.5
3.622314149087228,-1.0190422795920433,7.5,346.3397953051302,4.699988470096227,0.6310000000000001,0.022927807377045882,0.631,0.0,0.022917651,7.5
3.62269862868542,-1.016063426838409,7.5,346.5866951565244,4.699217002001834,0.632,0.02292779406143779,0.632,0.0,0.022917651,7.5
3.623083356499949,-1.0130827752629046,7.5,346.8358714862583,4.698444727956105,0.633,0.022927780643958454,0.633,0.0,0.022917651,7.5
3.6234683368976017,-1.010100293219463,7.5,347.087364343648,4.697671633780209,0.6340000000000001,0.02292776712281569,0.634,0.0,0.022917651,7.5
3.6238535743482005,-1.0071159483153207,7.5,347.341214722983,4.696897704960765,0.6350000000000001,0.02292775349617502,0.635,0.0,0.022917651,7.5
3.6242390734276584,-1.0041297073888633,7.5,347.5974645915633,4.69612292663991,0.6360000000000001,0.02292773976215843,0.636,0.0,0.022917651,7.5
3.624624838821149,-1.0011415364866785,7.5,347.85615691873954,4.6953472836050185,0.637,0.022927725918843064,0.637,0.0,0.022917651,7.5
3.6250110688372805,-0.9981505111262453,7.5,348.11717370795895,4.694570647191371,0.638,0.02292771176406097,0.638,0.0,0.022917651,7.5
3.625397624345729,-0.9951572579991761,7.5,348.38068655677284,4.693793085665452,0.639,0.022927697443587917,0.639,0.0,0.022917651,7.5
3.625784460691263,-0.9921619691575341,7.5,348.64678374717477,4.693014611798063,0.64,0.02292768300658451,0.64,0.0,0.022917651,7.5
3.6261715829970482,-0.9891646074648359,7.5,348.91551242396645,4.692235208945835,0.6410000000000001,0.022927668450924962,0.641,0.0,0.022917651,7.5
3.6265589965116236,-0.9861651348757888,7.5,349.18692088568247,4.691454860058095,0.642,0.02292765377443144,0.642,0.0,0.022917651,7.5
3.626946706612763,-0.9831635124083208,7.5,349.46105862010097,4.690673547664339,0.643,0.022927638974872485,0.643,0.0,0.022917651,7.5
3.627334718811476,-0.9801597001145681,7.5,349.73797634107297,4.689891253861227,0.644,0.022927624049961376,0.644,0.0,0.022917651,7.5
3.6277230387561583,-0.9771536570507791,7.5,350.0177260267297,4.689107960299093,0.645,0.022927608997354364,0.645,0.0,0.022917651,7.5
3.628111672236903,-0.974145341246087,7.5,350.30036095912703,4.68832364816795,0.6460000000000001,0.02292759381464892,0.646,0.0,0.022917651,7.5
3.628500625189971,-0.9711347096700971,7.5,350.58593576539147,4.687538298182965,0.647,0.02292757849938185,0.647,0.0,0.022917651,7.5
3.628889926063505,-0.9681216375483028,7.5,350.8744509984644,4.686751899041993,0.648,0.02292756305252234,0.648,0.0,0.022917651,7.5
3.629279676210846,-0.9651057344287204,7.5,351.1657307480167,4.685964464365696,0.6489999999999999,0.022927547490051096,0.649,0.0,0.022917651,7.5
3.6296697665684676,-0.9620873687146095,7.5,351.4601223256388,4.685175927977348,0.65,0.022927531794024944,0.65,0.0,0.022917651,7.5
3.6300602037562433,-0.9590664924883606,7.5,351.75768628184375,4.684386268439639,0.6510000000000001,0.022927515961845134,0.651,0.0,0.022917651,7.5
3.6304509945669157,-0.9560430565810617,7.5,352.0584847483377,4.683595463755452,0.652,0.022927499990845073,0.652,0.0,0.022917651,7.5
3.630842145971774,-0.953017010531386,7.5,352.3625814899724,4.682803491349466,0.653,0.022927483878288073,0.653,0.0,0.022917651,7.5
3.6312336651265644,-0.9499883025428453,7.5,352.67004195875876,4.682010328049046,0.6540000000000001,0.02292746762136503,0.654,0.0,0.022917651,7.5
3.631625559377625,-0.9469568794393382,7.5,352.9809333500403,4.68121595006434,0.655,0.02292745121719202,0.655,0.0,0.022917651,7.5
3.6320178362682816,-0.9439226866189092,7.5,353.29532466092445,4.6804203329676035,0.6560000000000001,0.022927434662807798,0.656,0.0,0.022917651,7.5
3.6324105035454854,-0.940885668005634,7.5,353.6132867510802,4.679623451671671,0.657,0.022927417955171173,0.657,0.0,0.022917651,7.5
3.632803725914445,-0.9378451695171245,7.5,353.9345988863396,4.678825309832379,0.658,0.022927400994801807,0.658,0.0,0.022917651,7.5
3.6331973937551516,-0.9348015859847594,7.5,354.2595649677666,4.678025864542612,0.659,0.022927383847989657,0.659,0.0,0.022917651,7.5
3.633591480808088,-0.9317549891569599,7.5,354.58832791475635,4.677225082744413,0.66,0.022927366532390196,0.66,0.0,0.022917651,7.5
3.633985995809742,-0.9287053162359029,7.5,354.92096685492737,4.676422936584614,0.6610000000000001,0.02292734904448585,0.661,0.0,0.022917651,7.5
3.6343809477410565,-0.9256525026665958,7.5,355.25756312999806,4.675619397430678,0.662,0.02292733138066063,0.662,0.0,0.022917651,7.5
3.634776345836049,-0.9225964820749836,7.5,355.5982003737742,4.674814435843248,0.663,0.022927313537196643,0.663,0.0,0.022917651,7.5
3.635172199590782,-0.9195371862034204,7.5,355.94296459345566,4.6740080215475235,0.664,0.02292729551027049,0.664,0.0,0.022917651,7.5
3.635568518772723,-0.916474544843377,7.5,356.2919442544299,4.673200123403413,0.6650000000000001,0.022927277295949504,0.665,0.0,0.022917651,7.5
3.63596539198519,-0.913407886516392,7.5,356.6450667674068,4.672390424220818,0.666,0.022927258841937116,0.666,0.0,0.022917651,7.5
3.6363628164547057,-0.9103372324184094,7.5,357.00245740591527,4.671578934146014,0.667,0.022927240155620556,0.667,0.0,0.022917651,7.5
3.6367607385502274,-0.9072629949333878,7.5,357.3643477648317,4.670765851146143,0.6680000000000001,0.022927221273295374,0.668,0.0,0.022917651,7.5
3.637159169251725,-0.9041850949949564,7.5,357.73083712915025,4.669951140073784,0.6689999999999999,0.022927202190636695,0.669,0.0,0.022917651,7.5
3.6375581198645897,-0.9011034511934087,7.5,358.1020277264325,4.669134764739835,0.67,0.022927182903191474,0.67,0.0,0.022917651,7.5
3.6379576020317748,-0.8980179796882399,7.5,358.47802483663463,4.668316687874627,0.6710000000000002,0.022927163406373696,0.671,0.0,0.022917651,7.5
3.6383576277464975,-0.894928594116739,7.5,358.85893690689016,4.6674968710873,0.672,0.022927143695459378,0.672,0.0,0.022917651,7.5
3.6387583299755004,-0.8918348671621366,7.5,359.2447925565619,4.666675419830135,0.673,0.022927123772011938,0.673,0.0,0.022917651,7.5
3.6391601485060328,-0.8887355250034549,7.5,359.635421120774,4.665852822658831,0.674,0.022927103664105882,0.674,0.0,0.022917651,7.5
3.6395625657485073,-0.8856319731470486,7.5,360.03131341441286,4.665028410768359,0.675,0.022927083345680256,0.675,0.0,0.022917651,7.5
3.6399655956755006,-0.8825241133481369,7.5,360.43259228096423,4.664202141807297,0.676,0.022927062811822007,0.676,0.0,0.022917651,7.5
3.640369252697783,-0.8794118442808913,7.5,360.8393844164004,4.663373972096043,0.677,0.02292704205746401,0.677,0.0,0.022917651,7.5
3.6407735516816295,-0.8762950614166998,7.5,361.2518205213955,4.662543856574336,0.6780000000000002,0.022927021077378977,0.678,0.0,0.022917651,7.5
3.641178507966963,-0.873173656896614,7.5,361.67003546081565,4.661711748746272,0.679,0.02292699986617307,0.679,0.0,0.022917651,7.5
3.6415843974342117,-0.8700463625279409,7.5,362.09384391920435,4.6608774803871755,0.68,0.022926978238317092,0.68,0.0,0.022917651,7.5
3.641991155697457,-0.8669134318645346,7.5,362.5235187746109,4.660041048519986,0.6810000000000002,0.022926956250491223,0.681,0.0,0.022917651,7.5
3.6423986378428945,-0.8637754681565301,7.5,362.95941925878225,4.659202478932734,0.682,0.022926934010530167,0.682,0.0,0.022917651,7.5
3.64280686189717,-0.8606323460673432,7.5,363.40170040691146,4.658361718390342,0.683,0.02292691151215504,0.683,0.0,0.022917651,7.5
3.643215846490492,-0.8574839360639237,7.5,363.85052244501463,4.657518711875336,0.6840000000000002,0.022926888748876783,0.684,0.0,0.022917651,7.5
3.6436256108821037,-0.854330104239642,7.5,364.3060510090102,4.656673402512622,0.685,0.022926865713987204,0.685,0.0,0.022917651,7.5
3.644036451852712,-0.851169665826479,7.5,364.7683651381704,4.655825795339515,0.6860000000000002,0.022926842411307144,0.686,0.0,0.022917651,7.5
3.6444482331874446,-0.8480030961606352,7.5,365.23769132214807,4.654975819591532,0.687,0.022926818821903786,0.687,0.0,0.022917651,7.5
3.6448608586403166,-0.8448306969240107,7.5,365.71425048238206,4.65412339087854,0.6880000000000001,0.022926794932677807,0.6880000000000001,0.0,0.022917651,7.5
3.645274350210971,-0.841652316184689,7.5,366.19823112673805,4.653268445270672,0.6890000000000002,0.02292677073581515,0.6890000000000001,0.0,0.022917651,7.5
3.645688730670234,-0.8384677966848957,7.5,366.68982837108143,4.6524109165970495,0.6900000000000001,0.022926746223227833,0.6900000000000001,0.0,0.022917651,7.5
3.64610418119073,-0.8352760301816016,7.5,367.1892263981334,4.651550421562316,0.6910000000000001,0.02292672147583223,0.6910000000000001,0.0,0.022917651,7.5
3.6465208471882185,-0.8320760774343997,7.5,367.6966007536346,4.650686602741773,0.6920000000000001,0.022926696572195798,0.6920000000000001,0.0,0.022917651,7.5
3.6469384595305234,-0.8288695074688206,7.5,368.21218918766397,4.64981995213979,0.6930000000000002,0.022926671346259503,0.6930000000000001,0.0,0.022917651,7.5
3.6473570436792015,-0.8256561422475553,7.5,368.7362127013054,4.648950393566834,0.6940000000000002,0.022926645789351826,0.6940000000000001,0.0,0.022917651,7.5
3.6477766260174733,-0.8224357972886686,7.5,369.26890029548076,4.648077848075459,0.6950000000000001,0.022926619892487343,0.6950000000000001,0.0,0.022917651,7.5
3.6481972880941074,-0.8192076119651887,7.5,369.81041176007886,4.647201779889205,0.6960000000000002,0.022926593443709085,0.6960000000000001,0.0,0.022917651,7.5
3.648619049700697,-0.8159714104369482,7.5,370.3609686869597,4.646322092247155,0.6970000000000001,0.02292656643381795,0.6970000000000001,0.0,0.022917651,7.5
3.649041880819295,-0.8127276889200393,7.5,370.9208953654423,4.64543916265398,0.6980000000000001,0.022926539062496306,0.6980000000000001,0.0,0.022917651,7.5
3.649465811276124,-0.8094762376993176,7.5,371.490453096294,4.644552900699137,0.6990000000000002,0.022926511319664698,0.6990000000000001,0.0,0.022917651,7.5
3.6498908854877525,-0.8062167339994827,7.5,372.06990329309946,4.643663161181854,0.7,0.02292648319490366,0.7000000000000001,0.0,0.022917651,7.5
3.650314062394093,-0.8033873139785563,7.5,372.3789761823417,4.643106366654501,0.7010000000000002,0.02292648106969139,0.7010000000000001,0.0,0.022917651,7.5
3.6507375057866436,-0.800556004929905,7.5,372.6905246065768,4.642548749017404,0.7020000000000001,0.022926478929931982,0.7020000000000001,0.0,0.022917651,7.5
3.6511612194637935,-0.797722779928073,7.5,373.0045838511043,4.641990296538285,0.7030000000000001,0.022926476775418096,0.7030000000000001,0.0,0.022917651,7.5
3.6515852072964643,-0.7948876115334479,7.5,373.32118987501536,4.641430997260826,0.7039999999999998,0.02292647460593842,0.704,0.0,0.022917651,7.5
3.65200947322985,-0.7920504717799297,7.5,373.6403793273532,4.640870838999303,0.705,0.022926472421277586,0.705,0.0,0.022917651,7.5
3.652434021285206,-0.7892113321622435,7.5,373.96218956374,4.64030980933306,0.706,0.02292647022121608,0.706,0.0,0.022917651,7.5
3.65285885556169,-0.7863701636228818,7.5,374.2866586634883,4.6397478956008085,0.7070000000000001,0.022926468005530148,0.707,0.0,0.022917651,7.5
3.653284302114606,-0.783525139713018,7.5,374.6137560704458,4.639184577598935,0.7080000000000001,0.022926465774588276,0.708,0.0,0.022917651,7.5
3.653710070219349,-0.780677878258907,7.5,374.9436015897681,4.638620308448879,0.709,0.022926463527552447,0.709,0.0,0.022917651,7.5
3.6541361368855587,-0.7778285011676559,7.5,375.27624215678554,4.638055117926844,0.71,0.022926461264133006,0.71,0.0,0.022917651,7.5
3.654562506510594,-0.7749769772791361,7.5,375.61171893831437,4.6374889924624165,0.711,0.022926458984088637,0.711,0.0,0.022917651,7.5
3.654989183578593,-0.772123274818278,7.5,375.9500739135924,4.636921918217373,0.712,0.022926456687173274,0.712,0.0,0.022917651,7.5
3.6554161726626284,-0.7692673613798261,7.5,376.29134989442014,4.636353881079042,0.7130000000000001,0.022926454373135972,0.713,0.0,0.022917651,7.5
3.65584350269409,-0.7664087917885211,7.5,376.6355611307003,4.635784551609182,0.7140000000000001,0.022926452046378165,0.714,0.0,0.022917651,7.5
3.6562712165504343,-0.7635468907222233,7.5,376.98270893054615,4.635213425988257,0.715,0.022926449715159013,0.715,0.0,0.022917651,7.5
3.6566992578413373,-0.7606826672230348,7.5,377.33291469679455,4.634641287654799,0.7159999999999999,0.022926447368153323,0.716,0.0,0.022917651,7.5
3.6571276315373717,-0.7578160860356147,7.5,377.6862248504417,4.634068121235475,0.717,0.02292644500512146,0.717,0.0,0.022917651,7.5
3.657556342710225,-0.7549471111874084,7.5,378.0426867568451,4.633493911044211,0.7180000000000001,0.02292644262581891,0.718,0.0,0.022917651,7.5
3.657985396535289,-0.7520757059703154,7.5,378.40234874986055,4.632918641074193,0.719,0.02292644022999614,0.719,0.0,0.022917651,7.5
3.658414784714135,-0.7492017704117219,7.5,378.7652497688666,4.6323421781172796,0.7200000000000001,0.022926437817625978,0.72,0.0,0.022917651,7.5
3.6588443630803433,-0.7463245662479003,7.5,379.13132370206074,4.631763206776081,0.7209999999999999,0.0229264353912302,0.721,0.0,0.022917651,7.5
3.659274301557176,-0.7434448009349635,7.5,379.50074601751635,4.631183114692826,0.722,0.022926432948031747,0.722,0.0,0.022917651,7.5
3.659704605801919,-0.740562434237617,7.5,379.87356931784956,4.630601884260812,0.723,0.022926430487766658,0.723,0.0,0.022917651,7.5
3.6601352815909856,-0.7376774250733433,7.5,380.24984731331625,4.6300194975026,0.724,0.022926428010165402,0.724,0.0,0.022917651,7.5
3.660566334823062,-0.7347897314899824,7.5,380.6296348511205,4.629435936060198,0.7250000000000001,0.022926425514952754,0.725,0.0,0.022917651,7.5
3.660997833917106,-0.7318987974031838,7.5,381.0130084414355,4.628850918089098,0.726,0.022926422993077417,0.726,0.0,0.022917651,7.5
3.661429913148531,-0.7290035228801035,7.5,381.4000775939034,4.628263881971877,0.727,0.02292642042548646,0.727,0.0,0.022917651,7.5
3.661862386949704,-0.7261054398871719,7.5,381.79084385697996,4.627675615702378,0.728,0.022926417838378097,0.728,0.0,0.022917651,7.5
3.6622952616822992,-0.7232045031432501,7.5,382.1853668394154,4.627086099446777,0.729,0.02292641523143764,0.729,0.0,0.022917651,7.5
3.6627285438454873,-0.7203006663885125,7.5,382.58370743831836,4.6264953129425725,0.73,0.022926412604343614,0.73,0.0,0.022917651,7.5
3.663162240079674,-0.7173938823578612,7.5,382.98592787415225,4.625903235486935,0.7310000000000001,0.022926409956767552,0.731,0.0,0.022917651,7.5
3.6635965348729647,-0.7144824574959715,7.5,383.39198622029704,4.625308907691377,0.7319999999999999,0.02292640725177515,0.732,0.0,0.022917651,7.5
3.66403130988289,-0.711567517172183,7.5,383.8020255271526,4.624712984309711,0.7329999999999999,0.02292640451422537,0.733,0.0,0.022917651,7.5
3.664466523632966,-0.7086494626451282,7.5,384.21614164140215,4.624115701741957,0.734,0.022926401753688017,0.734,0.0,0.022917651,7.5
3.6649021834427082,-0.7057282419604566,7.5,384.63440257655105,4.623517037312772,0.735,0.02292639896977959,0.735,0.0,0.022917651,7.5
3.6653382967953583,-0.70280380200168,7.5,385.05687786746023,4.6229169678396005,0.736,0.022926396162108006,0.736,0.0,0.022917651,7.5
3.665774953487906,-0.6998749676406304,7.5,385.4836230723947,4.62231467854911,0.737,0.022926393177117366,0.737,0.0,0.022917651,7.5
3.6662121230726177,-0.6969422032155123,7.5,385.9147246258847,4.621710511316654,0.738,0.022926390089984195,0.738,0.0,0.022917651,7.5
3.666649769994782,-0.6940060456384839,7.5,386.3502665143572,4.621104860188931,0.739,0.022926386982445573,0.739,0.0,0.022917651,7.5
3.6670879024340377,-0.6910664367646145,7.5,386.7903248272357,4.620497699737962,0.7400000000000001,0.022926383854151845,0.74,0.0,0.022917651,7.5
3.6675265287579824,-0.6881233171128484,7.5,387.23497740241805,4.619889003951458,0.741,0.0229263807047453,0.741,0.0,0.022917651,7.5
3.667966367439817,-0.6851741998260068,7.5,387.6846712276234,4.619279161447194,0.7420000000000001,0.022926377730206553,0.742,0.0,0.022917651,7.5
3.668406860690033,-0.68222091267768,7.5,388.1392275073963,4.618667767730634,0.7430000000000001,0.022926374773109583,0.743,0.0,0.022917651,7.5
3.66884785813781,-0.679263931461497,7.5,388.5986500119503,4.618054696773502,0.744,0.0229263717889984,0.744,0.0,0.022917651,7.5
3.6692893685508166,-0.6763031919400151,7.5,389.06302336177697,4.617439919409674,0.7450000000000001,0.022926368777403224,0.745,0.0,0.022917651,7.5
3.669731542925513,-0.6733377482966817,7.5,389.5324771435643,4.616823093747436,0.7460000000000001,0.022926365736294026,0.746,0.0,0.022917651,7.5
3.670174618187882,-0.6703661258110384,7.5,390.00717750859855,4.616203692663351,0.7470000000000001,0.022926362662510018,0.747,0.0,0.022917651,7.5
3.670618234841347,-0.667390543827374,7.5,390.4871081993098,4.615582497671144,0.748,0.02292635955946538,0.748,0.0,0.022917651,7.5
3.6710624024752407,-0.664410932213486,7.5,390.972361857305,4.614959476996401,0.7490000000000001,0.022926356426641835,0.749,0.0,0.022917651,7.5
3.6715071309067104,-0.6614272191710558,7.5,391.4630333250583,4.614334598109851,0.75,0.02292635326350879,0.75,0.0,0.022917651,7.5
3.6719529560940267,-0.6584366442009089,7.5,391.95945201621333,4.613707244440929,0.751,0.022926349902588624,0.751,0.0,0.022917651,7.5
3.672399356346283,-0.6554417949030732,7.5,392.4615010491265,4.6130779167682725,0.752,0.02292634651367407,0.752,0.0,0.022917651,7.5
3.6728463395047144,-0.6524426070073515,7.5,392.9692808130672,4.612446582187411,0.753,0.022926343097064514,0.753,0.0,0.022917651,7.5
3.6732939161367124,-0.6494390018601388,7.5,393.48289519935327,4.611813204315494,0.7540000000000001,0.0229263396522579,0.754,0.0,0.022917651,7.5
3.6737422661432473,-0.6464286957146085,7.5,394.00258090323433,4.611176214434936,0.7550000000000001,0.022926336274583688,0.755,0.0,0.022917651,7.5
3.6741912418224296,-0.6434136832154943,7.5,394.5283340913608,4.6105370205185086,0.756,0.022926332869994598,0.756,0.0,0.022917651,7.5
3.674640844655014,-0.6403940087382357,7.5,395.06025898662233,4.60989567312476,0.7569999999999999,0.02292632943220605,0.757,0.0,0.022917651,7.5
3.675091107826489,-0.6373693454462812,7.5,395.59847019072544,4.609251978801385,0.758,0.022926325962731937,0.758,0.0,0.022917651,7.5
3.6755422197606435,-0.6343376231249709,7.5,396.1430914824963,4.608604626344368,0.759,0.022926322477991104,0.759,0.0,0.022917651,7.5
3.6759939948864218,-0.631300944546271,7.5,396.69424366233494,4.60795497036883,0.76,0.02292631895750654,0.76,0.0,0.022917651,7.5
3.6764464457179433,-0.6282592161878816,7.5,397.25204996509814,4.607302967408435,0.761,0.022926315400603785,0.761,0.0,0.022917651,7.5
3.676899668886786,-0.6252111958006106,7.5,397.8166110241546,4.606647760429173,0.762,0.022926311737175673,0.762,0.0,0.022917651,7.5
3.677353703955073,-0.6221564596009164,7.5,398.38805617585405,4.605989083524892,0.763,0.022926307954790653,0.763,0.0,0.022917651,7.5
3.67780845976005,-0.6190963531456114,7.5,398.96655379771414,4.6053279192552035,0.7640000000000001,0.022926304143583456,0.764,0.0,0.022917651,7.5
3.678263950269392,-0.6160307723606552,7.5,399.5522405646194,4.604664219415666,0.7650000000000001,0.02292630030299551,0.765,0.0,0.022917651,7.5
3.6787206784312763,-0.612956170135914,7.5,400.145636244151,4.603996449708761,0.7660000000000001,0.0229262965281091,0.766,0.0,0.022917651,7.5
3.6791781837232893,-0.6098757470197945,7.5,400.74653136026274,4.603325967874942,0.767,0.02292629271509948,0.767,0.0,0.022917651,7.5
3.679636459774295,-0.6067895402689042,7.5,401.3550563988884,4.602652785651766,0.768,0.02292628885877563,0.768,0.0,0.022917651,7.5
3.6800956476121676,-0.6036957996479231,7.5,401.971363832923,4.601975715674,0.7690000000000001,0.02292628487310677,0.769,0.0,0.022917651,7.5
3.6805557093041803,-0.6005951309092156,7.5,402.5956153668767,4.601295212305905,0.77,0.02292628080482293,0.77,0.0,0.022917651,7.5
3.681016592930311,-0.5974883036003419,7.5,403.22797044013686,4.600611838046676,0.7710000000000001,0.022926276701699097,0.771,0.0,0.022917651,7.5
3.6814783884906213,-0.5943738839585873,7.5,403.8686312799287,4.599924517896675,0.772,0.022926272663803475,0.772,0.0,0.022917651,7.5
3.681941120403449,-0.5912516359487697,7.5,404.5177787905623,4.599233113314674,0.7730000000000001,0.022926268691602473,0.773,0.0,0.022917651,7.5
3.6824047284992054,-0.588122821676618,7.5,405.1755471909531,4.5985386470131795,0.7739999999999999,0.022926264674533136,0.774,0.0,0.022917651,7.5
3.6828695612675046,-0.5849853624244954,7.5,405.84201136502145,4.597840437839194,0.775,0.022926260654934957,0.775,0.0,0.022917651,7.5
3.6833357104596116,-0.5818387276968131,7.5,406.51734707386873,4.597138323184421,0.7760000000000001,0.022926256642386737,0.776,0.0,0.022917651,7.5
3.683802811418825,-0.5786850468772616,7.5,407.20186719671426,4.596432969643866,0.777,0.022926252586049807,0.777,0.0,0.022917651,7.5
3.6842704780837354,-0.5755230346286934,7.5,407.89627685332283,4.595721544657403,0.778,0.022926248207780737,0.778,0.0,0.022917651,7.5
3.6847387991978535,-0.5723528992400065,7.5,408.6006330446786,4.595004612112739,0.7790000000000001,0.022926243576762824,0.779,0.0,0.022917651,7.5
3.685208085156434,-0.5691753463362714,7.5,409.3147562336339,4.594284121379169,0.7800000000000001,0.02292623889657587,0.78,0.0,0.022917651,7.5
3.6856790833065034,-0.5659871655449902,7.5,410.03880928811986,4.593559854064825,0.7810000000000001,0.02292623431903012,0.781,0.0,0.022917651,7.5
3.686151288942054,-0.5627904590105117,7.5,410.77305513744545,4.592831891746376,0.782,0.02292622973643596,0.782,0.0,0.022917651,7.5
3.68662466032031,-0.5595849987037339,7.5,411.51783083823636,4.59209983762178,0.7830000000000001,0.02292622512554903,0.783,0.0,0.022917651,7.5
3.6870997368969327,-0.5563667225319016,7.5,412.2738445665141,4.5913617814379295,0.7839999999999999,0.02292622054954318,0.784,0.0,0.022917651,7.5
3.6875758552520908,-0.5531401785499608,7.5,413.04070800984476,4.59061962411662,0.785,0.022926215916907564,0.785,0.0,0.022917651,7.5
3.6880531356777473,-0.5499031757025092,7.5,413.8189216557727,4.589871663005696,0.786,0.02292621116486346,0.786,0.0,0.022917651,7.5
3.688531556579697,-0.5466563217664623,7.5,414.6086186581782,4.589118417462652,0.787,0.022926206324479195,0.787,0.0,0.022917651,7.5
3.6890110447462847,-0.5434002093739851,7.5,415.409887724314,4.588360181837895,0.788,0.022926201436830735,0.788,0.0,0.022917651,7.5
3.689491499112423,-0.5401325933113575,7.5,416.2230552523339,4.587594302714346,0.789,0.02292619650276385,0.789,0.0,0.022917651,7.5
3.6899730992243653,-0.5368558032683568,7.5,417.04831053544547,4.5868238324775525,0.79,0.022926191519487438,0.79,0.0,0.022917651,7.5
3.690455937364385,-0.533567410620125,7.5,417.886092564914,4.586046708092001,0.791,0.022926186508176252,0.791,0.0,0.022917651,7.5
3.6909399820494806,-0.5302689288410805,7.5,418.73655053766805,4.585264319957952,0.792,0.022926181444734527,0.792,0.0,0.022917651,7.5
3.6914254303674787,-0.5269578607434031,7.5,419.6000281867645,4.584474964563708,0.793,0.022926176330517956,0.793,0.0,0.022917651,7.5
3.6919122807969966,-0.5236344476022384,7.5,420.4768143916509,4.583678876378106,0.7940000000000002,0.022926171162154403,0.794,0.0,0.022917651,7.5
3.692400503160611,-0.5202992746781151,7.5,421.36720854699524,4.5828765133548,0.7949999999999999,0.02292616592103561,0.795,0.0,0.022917651,7.5
3.6928901853048184,-0.5169510573262103,7.5,422.2715657277439,4.58206693999117,0.796,0.022926160603022595,0.796,0.0,0.022917651,7.5
3.6933812912058785,-0.5135909384644859,7.5,423.1901059255908,4.581251161315182,0.797,0.02292615519030802,0.797,0.0,0.022917651,7.5
3.693874033261682,-0.5102165639303515,7.5,424.12322374474013,4.580427674956291,0.7980000000000002,0.02292614961266537,0.798,0.0,0.022917651,7.5
3.694368141307217,-0.5068301488092006,7.5,425.0712117769399,4.579597610966753,0.799,0.022926144044227142,0.799,0.0,0.022917651,7.5
3.6948635819511786,-0.5034296820047254,7.5,426.03452087864986,4.578758822520732,0.8000000000000002,0.022926138656430596,0.8,0.0,0.022917651,7.5
3.695252354476992,-0.5007196436173869,7.5,426.40664958099813,4.578115397974069,0.801,0.02292613803711927,0.801,0.0,0.022917651,7.5
3.695641440871734,-0.498005728488023,7.5,426.782544429517,4.577469354293216,0.8020000000000002,0.022926137214986382,0.802,0.0,0.022917651,7.5
3.6960308487859157,-0.4952878606150774,7.5,427.16226258615274,4.576820645976912,0.803,0.022926136187379747,0.803,0.0,0.022917651,7.5
3.696420398596191,-0.49256732233615097,7.5,427.5458278035609,4.576169834680961,0.804,0.022926135157464198,0.804,0.0,0.022917651,7.5
3.6968100920114884,-0.48984408149014225,7.5,427.9332864139143,4.575516895078075,0.805,0.022926134125211918,0.805,0.0,0.022917651,7.5
3.6972000826193305,-0.4871167271303739,7.5,428.3247405142881,4.574861030873856,0.8060000000000002,0.022926133358108305,0.806,0.0,0.022917651,7.5
3.6975903160449306,-0.48438570662266717,7.5,428.72022818493133,4.574202472050108,0.807,0.02292613276339244,0.807,0.0,0.022917651,7.5
3.6979806955242287,-0.48165187335210174,7.5,429.11976496986864,4.573541684795307,0.808,0.022926132168999396,0.808,0.0,0.022917651,7.5
3.698371222841255,-0.4789151929610919,7.5,429.5234003285809,4.572878641889419,0.8090000000000002,0.022926131574933107,0.809,0.0,0.022917651,7.5
3.698762022376686,-0.4761737053869447,7.5,429.93133814999555,4.572211874042921,0.8100000000000002,0.02292613066618584,0.81,0.0,0.022917651,7.5
3.699152989843815,-0.47342897478988966,7.5,430.3435135991774,4.571542533671084,0.8110000000000003,0.02292612970119801,0.811,0.0,0.022917651,7.5
3.6995441065375427,-0.47068128234681195,7.5,430.7599542154047,4.570870828225514,0.8120000000000002,0.022926128731576758,0.812,0.0,0.022917651,7.5
3.699935441310231,-0.46792989688445236,7.5,431.18075477135454,4.570196304350992,0.8130000000000002,0.02292612780878978,0.8130000000000001,0.0,0.022917651,7.5
3.7003271498309216,-0.4651731928034136,7.5,431.6060713375514,4.56951796466358,0.8140000000000002,0.02292612704835682,0.8140000000000001,0.0,0.022917651,7.5
3.7007190146335485,-0.46241340966042416,7.5,432.03582496488866,4.568837170968463,0.8150000000000002,0.022926126279816057,0.8150000000000001,0.0,0.022917651,7.5
3.701111037674729,-0.45965050890626147,7.5,432.4700712044601,4.568153892541968,0.8160000000000002,0.02292612550306599,0.8160000000000001,0.0,0.022917651,7.5
3.701503044417301,-0.4568825638901881,7.5,432.9089621742971,4.567465498590811,0.8170000000000002,0.022926124713001303,0.8170000000000001,0.0,0.022917651,7.5
3.701895152510912,-0.45411073234608135,7.5,433.35250006771963,4.566773621452637,0.8180000000000001,0.022926123912655486,0.8180000000000001,0.0,0.022917651,7.5
3.702287429111993,-0.4513356632489121,7.5,433.8007093138346,4.566079180950731,0.8190000000000001,0.022926123103743198,0.8190000000000001,0.0,0.022917651,7.5
3.7026799462535465,-0.4485566954895142,7.5,434.2537010821736,4.565381805470686,0.8200000000000001,0.022926122289057868,0.8200000000000001,0.0,0.022917651,7.5
3.7030727720391328,-0.44577318504357,7.5,434.71158913743824,4.564681124621226,0.8210000000000001,0.022926121471234896,0.8210000000000001,0.0,0.022917651,7.5
3.7034657722646847,-0.44298629039093435,7.5,435.17433661104195,4.5639777573777405,0.822,0.0229261206444992,0.8220000000000001,0.0,0.022917651,7.5
3.7038589593925346,-0.4401958141165361,7.5,435.64201519501324,4.563271556091769,0.8230000000000002,0.02292611979592378,0.8230000000000001,0.0,0.022917651,7.5
3.7042525155063983,-0.43739902063163877,7.5,436.1148491312869,4.562560512004945,0.8240000000000001,0.022926118703599837,0.8240000000000001,0.0,0.022917651,7.5
3.7046462554809247,-0.4345987012103736,7.5,436.5927434722405,4.561846677388769,0.8250000000000001,0.022926117606226763,0.8250000000000001,0.0,0.022917651,7.5
3.705040181722264,-0.43179480970946577,7.5,437.0757644424505,4.561130015724103,0.8260000000000002,0.02292611650373848,0.8260000000000001,0.0,0.022917651,7.5
3.7054343819974083,-0.4289853678961087,7.5,437.56424211964554,4.560408903118062,0.8270000000000002,0.02292611574658943,0.8270000000000001,0.0,0.022917651,7.5
3.705828780937235,-0.42617196601775503,7.5,438.05803823126206,4.559684625602436,0.8280000000000002,0.02292611503910053,0.8280000000000001,0.0,0.022917651,7.5
3.7062233677096534,-0.4233548475784711,7.5,438.5571839256295,4.558957382860849,0.8290000000000002,0.022926114328356763,0.8290000000000001,0.0,0.022917651,7.5
3.706618366118064,-0.4205315202652127,7.5,439.0619415003703,4.558225574115384,0.8300000000000003,0.02292611334918953,0.8300000000000001,0.0,0.022917651,7.5
3.7070136178203716,-0.41770369008655023,7.5,439.5722588517089,4.557490274690346,0.8310000000000001,0.022926112295727465,0.8310000000000001,0.0,0.022917651,7.5
3.7074090633619967,-0.4148719881367012,7.5,440.0881576919387,4.556751878894084,0.8320000000000002,0.02292611124243238,0.8320000000000001,0.0,0.022917651,7.5
3.70780482514078,-0.4120339929196133,7.5,440.60982560008006,4.556008450749379,0.8330000000000001,0.022926110317930792,0.833,0.0,0.022917651,7.5
3.7082008204312995,-0.4091913767901713,7.5,441.1372632411281,4.555261334529298,0.8340000000000001,0.022926109418038815,0.834,0.0,0.022917651,7.5
3.7085970205718035,-0.40634471093599,7.5,441.67051937845133,4.5545109878303,0.8350000000000001,0.022926108507450017,0.835,0.0,0.022917651,7.5
3.7089935773422744,-0.4034917710337645,7.5,442.20991445893327,4.553755804456379,0.8360000000000001,0.022926107584056908,0.836,0.0,0.022917651,7.5
3.709390362554591,-0.40063438996071415,7.5,442.7553301191662,4.552997095123519,0.8370000000000001,0.022926106649185894,0.837,0.0,0.022917651,7.5
3.7097873794831764,-0.39777253170594484,7.5,443.30683594014744,4.552234835130671,0.838,0.022926105702637176,0.838,0.0,0.022917651,7.5
3.71018485975631,-0.39490314775610974,7.5,443.86472329539845,4.5514668972281385,0.8390000000000001,0.022926104740991892,0.839,0.0,0.022917651,7.5
3.710582560039934,-0.39202940238490286,7.5,444.4288659241775,4.550695477886037,0.8400000000000001,0.0229261037677191,0.84,0.0,0.022917651,7.5
3.710980535472694,-0.3891502361835529,7.5,444.9994898846009,4.54991973893204,0.8410000000000001,0.022926102687324246,0.841,0.0,0.022917651,7.5
3.7113788366555656,-0.38626462464675637,7.5,445.57682892268946,4.549138858924267,0.8420000000000001,0.022926101412788755,0.842,0.0,0.022917651,7.5
3.7117773631971804,-0.3833744643625851,7.5,446.1607058545242,4.5483543315463475,0.8430000000000001,0.022926100133543067,0.843,0.0,0.022917651,7.5
3.712176198870774,-0.38047765903958874,7.5,446.75150228313913,4.547564391928688,0.844,0.022926098964462596,0.844,0.0,0.022917651,7.5
3.7125752993753642,-0.3775752194241907,7.5,447.3491717499833,4.546769875708735,0.8449999999999999,0.022926097840269524,0.845,0.0,0.022917651,7.5
3.712974639169825,-0.3746677454761585,7.5,447.95369110370245,4.545971283257849,0.8460000000000001,0.02292609674300782,0.846,0.0,0.022917651,7.5
3.713374305717275,-0.37175283159760547,7.5,448.5652805973673,4.545166565538988,0.8469999999999999,0.02292609597933098,0.847,0.0,0.022917651,7.5
3.713774214764961,-0.36883300478357145,7.5,449.18391003893737,4.544357904871525,0.848,0.022926095217248657,0.848,0.0,0.022917651,7.5
3.7141740662006333,-0.36590582700000646,7.5,449.81007624182894,4.5435416568009686,0.849,0.02292609422799833,0.849,0.0,0.022917651,7.5
3.7145739293981834,-0.3629718988232909,7.5,450.4437840594993,4.542718701028404,0.8500000000000001,0.022926093072877567,0.85,0.0,0.022917651,7.5
3.714973976132953,-0.36003255456897304,7.5,451.08495792257565,4.541891063989182,0.851,0.022926091928729887,0.851,0.0,0.022917651,7.5
3.7153739910782235,-0.3570863449510384,7.5,451.7342163458451,4.541056439571646,0.8520000000000001,0.02292609087500557,0.852,0.0,0.022917651,7.5
3.715774226470788,-0.3541348576268011,7.5,452.3910824813786,4.540217419417885,0.853,0.02292608980605629,0.853,0.0,0.022917651,7.5
3.7161747684006423,-0.351175147198376,7.5,453.05619795436866,4.5393714049627345,0.854,0.02292608852049104,0.854,0.0,0.022917651,7.5
3.7165755501811475,-0.34820904882837356,7.5,453.72933895581053,4.538519962751739,0.855,0.022926087160140555,0.855,0.0,0.022917651,7.5
3.7169764307793463,-0.34523588236581754,7.5,454.4104401706599,4.5376618421161625,0.856,0.02292608589389233,0.856,0.0,0.022917651,7.5
3.7173773888388775,-0.34225499763624506,7.5,455.09962500724,4.536796305565812,0.857,0.022926084751282366,0.857,0.0,0.022917651,7.5
3.7177786289224937,-0.3392679812772578,7.5,455.79706435862187,4.53592576797987,0.858,0.022926083587289644,0.858,0.0,0.022917651,7.5
3.7181803293621285,-0.3362728629626869,7.5,456.5030647887289,4.5350489832049234,0.859,0.022926082375611247,0.859,0.0,0.022917651,7.5
3.7185822816154643,-0.333271818635331,7.5,457.2175425140801,4.534167279804137,0.86,0.02292608114984665,0.86,0.0,0.022917651,7.5
3.7189846764030183,-0.33026114925194294,7.5,457.941133734632,4.53327771801588,0.861,0.022926079670567052,0.861,0.0,0.022917651,7.5
3.719387340053581,-0.3272441700409414,7.5,458.6735063020696,4.532382921582152,0.862,0.022926078173861233,0.862,0.0,0.022917651,7.5
3.7197903359842464,-0.32421796175363676,7.5,459.4152400546095,4.531480222182093,0.863,0.02292607689883663,0.863,0.0,0.022917651,7.5
3.720193612705806,-0.3211846724629492,7.5,460.16613630881926,4.530571564006618,0.864,0.02292607566662468,0.864,0.0,0.022917651,7.5
3.720597158351708,-0.31814274105918067,7.5,460.92652781102817,4.52965533894178,0.865,0.022926074751484,0.865,0.0,0.022917651,7.5
3.7210009730176172,-0.315093306853833,7.5,461.69639770876597,4.528732687238339,0.866,0.0229260739820734,0.866,0.0,0.022917651,7.5
3.7214050886832792,-0.3120340148848346,7.5,462.4761962470265,4.527801386064006,0.867,0.022926072774103235,0.867,0.0,0.022917651,7.5
3.7218094867058906,-0.3089662159793828,7.5,463.26588559849654,4.526862709406558,0.8680000000000001,0.022926071324844,0.868,0.0,0.022917651,7.5
3.722214126851344,-0.30588971218819033,7.5,464.0659248026833,4.525916292406288,0.8690000000000001,0.022926069965619512,0.869,0.0,0.022917651,7.5
3.722619019658137,-0.30280527016568454,7.5,464.87623235736834,4.524962946081285,0.8700000000000001,0.022926068641123298,0.87,0.0,0.022917651,7.5
3.723024093394642,-0.2997115285754424,7.5,465.69710577050495,4.524001020051749,0.871,0.02292606731124718,0.871,0.0,0.022917651,7.5
3.7234293935907203,-0.2966096395833247,7.5,466.5284761297011,4.52303185045936,0.872,0.02292606596806647,0.872,0.0,0.022917651,7.5
3.7238350905743944,-0.29349690206569884,7.5,467.37079417515395,4.52205342985007,0.8730000000000001,0.022926064429060946,0.873,0.0,0.022917651,7.5
3.7242410936931085,-0.29037579205647457,7.5,468.223897627049,4.521067864067584,0.874,0.022926062835649613,0.874,0.0,0.022917651,7.5
3.7246473018383073,-0.28724356076733687,7.5,469.08849929286646,4.520071983859302,0.875,0.022926061394185963,0.875,0.0,0.022917651,7.5
3.725053831015603,-0.28410284678514347,7.5,469.9642501541784,4.519068905340436,0.876,0.022926059952219992,0.876,0.0,0.022917651,7.5
3.7254610794197274,-0.2809496154566737,7.5,470.8518434919568,4.5180561967222905,0.877,0.022926058527539737,0.877,0.0,0.022917651,7.5
3.725868773919818,-0.27778691832500896,7.5,471.7510231877669,4.517035803416147,0.878,0.022926057015401752,0.878,0.0,0.022917651,7.5
3.7262771062745386,-0.27461293813337734,7.5,472.6621911792015,4.516006672208239,0.879,0.022926055353772817,0.879,0.0,0.022917651,7.5
3.726685531996045,-0.2714290311155381,7.5,473.5857153490742,4.514967995723355,0.88,0.022926053782987406,0.88,0.0,0.022917651,7.5
3.727094106804006,-0.2682355929374301,7.5,474.5216361528197,4.513920390126136,0.8809999999999999,0.022926052262440606,0.881,0.0,0.022917651,7.5
3.7275030519071533,-0.26502922809774093,7.5,475.4704505415404,4.512861332747569,0.882,0.0229260511403841,0.882,0.0,0.022917651,7.5
3.7279122889347893,-0.2618127504083614,7.5,476.43194686804884,4.511793328777714,0.883,0.022926050023452625,0.883,0.0,0.022917651,7.5
3.7283217887608844,-0.2585843318662126,7.5,477.40666670404653,4.51071443279289,0.8840000000000001,0.02292604877063334,0.884,0.0,0.022917651,7.5
3.728731718278417,-0.25534415803495275,7.5,478.3945634458825,4.509625500418547,0.885,0.022926047336653897,0.885,0.0,0.022917651,7.5
3.7291420592380566,-0.2520928949520635,7.5,479.3957993728939,4.50852712438875,0.8860000000000001,0.022926045754029848,0.886,0.0,0.022917651,7.5
3.7295506786040185,-0.24882868294074353,7.5,480.4118309940694,4.507408920719944,0.8870000000000001,0.02292604414403394,0.887,0.0,0.022917651,7.5
3.7299594128775655,-0.24555349967507956,7.5,481.44191214896625,4.506280204142342,0.888,0.022926042459179438,0.888,0.0,0.022917651,7.5
3.730368207181549,-0.24226676404071676,7.5,482.486418507037,4.505140173379445,0.889,0.02292604069688222,0.889,0.0,0.022917651,7.5
3.7307771282607805,-0.2389650551525641,7.5,483.54565138997077,4.503985673786921,0.89,0.022926039001835936,0.89,0.0,0.022917651,7.5
3.731186243725533,-0.23565110757495575,7.5,484.61961313453196,4.502819707489636,0.8910000000000001,0.0229260372722359,0.891,0.0,0.022917651,7.5
3.7315955374834164,-0.23232436983992313,7.5,485.70867905906414,4.501641656409963,0.892,0.02292603549716548,0.892,0.0,0.022917651,7.5
3.7320051586469294,-0.22898311962675394,7.5,486.81348128091145,4.500450421204785,0.893,0.02292603376262458,0.893,0.0,0.022917651,7.5
3.7324150125958195,-0.2256284920102675,7.5,487.93390867983493,4.499246735578746,0.894,0.022926031991250213,0.894,0.0,0.022917651,7.5
3.7328251134827264,-0.2222600431994415,7.5,489.07025720327874,4.498030210534054,0.895,0.02292603018290978,0.895,0.0,0.022917651,7.5
3.733235941633343,-0.21887508066402908,7.5,490.22312093028205,4.49680009694123,0.896,0.022926028346586393,0.896,0.0,0.022917651,7.5
3.733646940393161,-0.21547575708506697,7.5,491.39265982156775,4.495556301903708,0.897,0.022926027115381237,0.897,0.0,0.022917651,7.5
3.7340582434062233,-0.21206202036497937,7.5,492.57914523377195,4.494299304400823,0.898,0.022926026026811968,0.898,0.0,0.022917651,7.5
3.734470017538583,-0.20863337933318796,7.5,493.7829577076043,4.493029275413751,0.899,0.02292602453524113,0.899,0.0,0.022917651,7.5
3.7348820334251154,-0.20518800457537395,7.5,495.0045537450385,4.491743487931573,0.9000000000000001,0.022926022672728672,0.9,0.0,0.022917651,7.5
3.7351890821871385,-0.20251667230739243,7.5,495.6162822757262,4.490757924771789,0.901,0.022926022230775736,0.901,0.0,0.022917651,7.5
3.7354960340253553,-0.1998400266001554,7.5,496.23422978815455,4.489766660370787,0.902,0.022926021782738188,0.902,0.0,0.022917651,7.5
3.73580290523935,-0.19715945830113202,7.5,496.85825838682933,4.488771150920971,0.903,0.02292602133546027,0.903,0.0,0.022917651,7.5
3.7361095397914257,-0.19447306663623073,7.5,497.48885224051503,4.487768872111212,0.904,0.022926020894086775,0.904,0.0,0.022917651,7.5
3.736416126499605,-0.19178308446674552,7.5,498.1255793975061,4.48676281167449,0.905,0.02292602045220552,0.905,0.0,0.022917651,7.5
3.7367225714993024,-0.18908599053661226,7.5,498.76912222334613,4.485749074424661,0.906,0.02292602001192404,0.906,0.0,0.022917651,7.5
3.737028958801454,-0.18638502049338632,7.5,499.4189925592599,4.4847312302848295,0.907,0.02292601957122299,0.907,0.0,0.022917651,7.5
3.7373351160903203,-0.18367814990057596,7.5,500.0757156634277,4.4837065671110325,0.908,0.022926019130146746,0.908,0.0,0.022917651,7.5
3.7376411655643107,-0.18096689223982307,7.5,500.73903141533947,4.482677085917144,0.9090000000000003,0.02292601868860311,0.909,0.0,0.022917651,7.5
3.7379470563962864,-0.1782500311220051,7.5,501.40926130852523,4.481641357518222,0.91,0.022926018238758037,0.91,0.0,0.022917651,7.5
3.738252835661343,-0.1755283126034638,7.5,502.08631246018666,4.48060032053057,0.911,0.022926017784068446,0.911,0.0,0.022917651,7.5
3.7385584475341136,-0.17280063066252643,7.5,502.7703689309598,4.47955265726606,0.912,0.022926017335472944,0.912,0.0,0.022917651,7.5
3.738863910494754,-0.17006727347079353,7.5,503.4614606940043,4.4784987286493605,0.9130000000000003,0.022926016891799232,0.913,0.0,0.022917651,7.5
3.7391693210707286,-0.1673283487917836,7.5,504.15972102421586,4.477439022922448,0.9140000000000001,0.02292601644235159,0.914,0.0,0.022917651,7.5
3.7394746761643565,-0.16458373537367507,7.5,504.8652653338501,4.476373406245493,0.915,0.022926015986989713,0.915,0.0,0.022917651,7.5
3.7397800075169543,-0.16183354065587735,7.5,505.5781704806527,4.475302113296855,0.9160000000000003,0.022926015536158216,0.916,0.0,0.022917651,7.5
3.7400853150429647,-0.1590775033022459,7.5,506.2985877929872,4.474224882538701,0.9170000000000001,0.022926015090495102,0.917,0.0,0.022917651,7.5
3.7403905557347503,-0.15631573532537996,7.5,507.0264765584129,4.473141654374885,0.918,0.02292601463836425,0.918,0.0,0.022917651,7.5
3.740695730409647,-0.15354804307883319,7.5,507.761946068662,4.472052238463286,0.9189999999999999,0.022926014179284113,0.919,0.0,0.022917651,7.5
3.7410007269578376,-0.15077414026355462,7.5,508.5051670229231,4.470955898104364,0.9200000000000002,0.022926013786603014,0.92,0.0,0.022917651,7.5
3.741305553334987,-0.14799420069342617,7.5,509.2561968061438,4.469852839213061,0.921,0.022926013451037966,0.921,0.0,0.022917651,7.5
3.7416091048502182,-0.1452083244915267,7.5,510.01504128178726,4.468738748033854,0.922,0.022926013422947762,0.922,0.0,0.022917651,7.5
3.741911848391219,-0.14241705311863778,7.5,510.78168915966364,4.467616031964351,0.9230000000000002,0.022926013580463308,0.923,0.0,0.022917651,7.5
3.742214654137809,-0.13961945833270686,7.5,511.5565302831744,4.466487226188378,0.9240000000000002,0.022926013278402723,0.924,0.0,0.022917651,7.5
3.742517449296296,-0.13681662688703725,7.5,512.3393879415627,4.465353135796259,0.9250000000000002,0.022926012800356024,0.925,0.0,0.022917651,7.5
3.7428197423214327,-0.1340060944369138,7.5,513.1307229307063,4.464209354095725,0.926,0.022926012319169367,0.926,0.0,0.022917651,7.5
3.743121908788123,-0.1311903266624514,7.5,513.9302022726258,4.463059833541342,0.9270000000000003,0.0229260118372715,0.927,0.0,0.022917651,7.5
3.7434239742053883,-0.12836600901191314,7.5,514.7383755099878,4.461901344758154,0.9280000000000002,0.02292601136815885,0.928,0.0,0.022917651,7.5
3.743726014425981,-0.12553603995549495,7.5,515.5549698102698,4.460737107288693,0.929,0.022926010896086254,0.929,0.0,0.022917651,7.5
3.744028078007928,-0.12269816291182206,7.5,516.3805277066022,4.4595650679835455,0.9300000000000003,0.02292601041567811,0.93,0.0,0.022917651,7.5
3.7443300065203355,-0.11985383248689489,7.5,517.2148487345513,4.458386030773259,0.9310000000000002,0.022926009933310468,0.931,0.0,0.022917651,7.5
3.744631778850802,-0.11700268844157229,7.5,518.0581041401864,4.457199550159126,0.932,0.022926009448509574,0.932,0.0,0.022917651,7.5
3.744933322851177,-0.11414373473402425,7.5,518.9104680374355,4.456004343326857,0.933,0.022926008964784982,0.933,0.0,0.022917651,7.5
3.74523473209127,-0.11127862504735643,7.5,519.771820680287,4.454802440163063,0.9340000000000003,0.0229260084812693,0.934,0.0,0.022917651,7.5
3.7455358222170703,-0.10840433603667791,7.5,520.6428713250383,4.45359009338667,0.935,0.0229260080072097,0.935,0.0,0.022917651,7.5
3.745836496652383,-0.10552363428553849,7.5,521.5232735867355,4.452369665561469,0.9360000000000002,0.022926007529475375,0.936,0.0,0.022917651,7.5
3.746136347167531,-0.10263501478402608,7.5,522.4134779184934,4.451138012603969,0.937,0.0229260070446167,0.937,0.0,0.022917651,7.5
3.746435653738128,-0.09973903907927995,7.5,523.3134125547804,4.449896845052184,0.9380000000000001,0.022926006558380136,0.9380000000000001,0.0,0.022917651,7.5
3.746734605347073,-0.09683656161643914,7.5,524.2230343355176,4.448647763925954,0.9390000000000001,0.022926006071236106,0.9390000000000001,0.0,0.022917651,7.5
3.747033666920929,-0.09392415495840865,7.5,525.1428188454405,4.447389168232013,0.9400000000000002,0.022926005585588702,0.9400000000000001,0.0,0.022917651,7.5
3.7473323972615136,-0.09100451943214767,7.5,526.0724914923522,4.446122026328581,0.9410000000000001,0.02292600509732664,0.9410000000000001,0.0,0.022917651,7.5
3.747630734151804,-0.08807689581485946,7.5,527.0122460307455,4.4448453328179145,0.9420000000000001,0.022926004605444264,0.9420000000000001,0.0,0.022917651,7.5
3.747928437998866,-0.0851409047940891,7.5,527.9621999785435,4.443557733487053,0.9430000000000001,0.02292600411816718,0.9430000000000001,0.0,0.022917651,7.5
3.7482258967182145,-0.08219728821397727,7.5,528.9225117860276,4.442261526358815,0.9440000000000001,0.022926003631453157,0.9440000000000001,0.0,0.022917651,7.5
3.7485232329486067,-0.07924423618470477,7.5,529.8935872881573,4.4409553917622695,0.9450000000000002,0.022926003144286285,0.9450000000000001,0.0,0.022917651,7.5
3.74882013199554,-0.07628247069188884,7.5,530.8752398606043,4.439638789890215,0.9460000000000001,0.022926003128780934,0.9460000000000001,0.0,0.022917651,7.5
3.7491166355252825,-0.07331271204712675,7.5,531.8675758825751,4.438312614341593,0.9470000000000001,0.022926003114126972,0.9470000000000001,0.0,0.022917651,7.5
3.7494125768379627,-0.07033327680530463,7.5,532.870835130798,4.436974523958411,0.9480000000000002,0.022926002607290018,0.9480000000000001,0.0,0.022917651,7.5
3.7497080556658453,-0.06734507667043665,7.5,533.8849268936588,4.435625812736021,0.9490000000000001,0.022926002094145626,0.9490000000000001,0.0,0.022917651,7.5
3.7500032057418786,-0.06434866295496076,7.5,534.9100005307181,4.434267573684924,0.9500000000000001,0.022926001580031153,0.9500000000000001,0.0,0.022917651,7.5
3.750298066248202,-0.061342951221838034,7.5,535.9461819899813,4.432898885702833,0.9510000000000002,0.022926001070275873,0.9510000000000001,0.0,0.022917651,7.5
3.7505924134515762,-0.058327078091592495,7.5,536.9938085178306,4.431517982885369,0.9520000000000001,0.022926000549845938,0.9520000000000001,0.0,0.022917651,7.5
3.7508863264666763,-0.05530231156131745,7.5,538.0529783113651,4.430126442928157,0.9530000000000001,0.022926000030015443,0.9530000000000001,0.0,0.022917651,7.5
3.75117978357837,-0.05226853504644428,7.5,539.1238492597082,4.42872405893589,0.9540000000000002,0.022925999514207783,0.9540000000000001,0.0,0.022917651,7.5
3.7514726373793383,-0.04922312668798181,7.5,540.2063927385522,4.4273076468271775,0.9550000000000001,0.022925999003786845,0.9550000000000001,0.0,0.022917651,7.5
3.7517643271542473,-0.04616892116718852,7.5,541.3004287798387,4.425877771086012,0.9560000000000001,0.022925998486034598,0.9560000000000001,0.0,0.022917651,7.5
3.7520551606463908,-0.04310574756055412,7.5,542.406229330971,4.424435498738922,0.9570000000000001,0.022925997964825712,0.9570000000000001,0.0,0.022917651,7.5
3.752345586843337,-0.040033011883257336,7.5,543.5241140929859,4.422982043983414,0.9580000000000002,0.022925997448610524,0.9580000000000001,0.0,0.022917651,7.5
3.752635569957716,-0.03694818288321147,7.5,544.6543368391063,4.421514730730911,0.9590000000000002,0.022925996922256976,0.9590000000000001,0.0,0.022917651,7.5
3.752925160715142,-0.033852662277649735,7.5,545.7969348142839,4.4200351474249375,0.96,0.022925996401491133,0.96,0.0,0.022917651,7.5
3.7532143424765585,-0.030746524305734203,7.5,546.9520162360219,4.418543306412262,0.961,0.02292599588501819,0.961,0.0,0.022917651,7.5
3.753503078657923,-0.027629843109441336,7.5,548.119680745526,4.41703915128906,0.962,0.02292599536548445,0.962,0.0,0.022917651,7.5
3.753791367241836,-0.024501034477165215,7.5,549.3001978688807,4.415521068231024,0.9630000000000001,0.022925994837800803,0.963,0.0,0.022917651,7.5
3.754079249512215,-0.0213613727596846,7.5,550.4937339470636,4.413990512774922,0.964,0.022925994307123925,0.964,0.0,0.022917651,7.5
3.7543666404654683,-0.018210404380100197,7.5,551.7004149906923,4.412446684418874,0.965,0.022925993781562296,0.965,0.0,0.022917651,7.5
3.7546534421242215,-0.015047863644544003,7.5,552.9203883042334,4.4108889220094065,0.9660000000000001,0.02292599326263834,0.966,0.0,0.022917651,7.5
3.7549395289110223,-0.011873846611697532,7.5,554.1538223721352,4.409316827757948,0.967,0.022925992736466474,0.967,0.0,0.022917651,7.5
3.755225183794962,-0.008686254069557678,7.5,555.4006175795673,4.407729436703429,0.9680000000000001,0.022925992205320874,0.968,0.0,0.022917651,7.5
3.755510290257264,-0.0054868631282087195,7.5,556.6611066659156,4.406128043366825,0.969,0.022925991671738703,0.969,0.0,0.022917651,7.5
3.755794742021557,-0.0022752585116956915,7.5,557.935478254511,4.404511813651479,0.9700000000000002,0.022925991412553783,0.97,0.0,0.022917651,7.5
3.7560782209166397,0.00094922628518163,7.5,559.2238662953998,4.402878816310473,0.9709999999999999,0.022925991139499415,0.971,0.0,0.022917651,7.5
3.7563606597837342,0.004186666719611797,7.5,560.5264949600784,4.401228710945968,0.972,0.022925990588746184,0.972,0.0,0.022917651,7.5
3.75664256155104,0.007436064082096512,7.5,561.8437366202506,4.3995645046361656,0.9730000000000001,0.022925990036616984,0.973,0.0,0.022917651,7.5
3.7569236101401753,0.01069867845043096,7.5,563.1755090478279,4.397883666634876,0.974,0.022925989477560773,0.974,0.0,0.022917651,7.5
3.757203857371061,0.01397613496437929,7.5,564.5220515299451,4.396184765277893,0.975,0.022925988932977724,0.975,0.0,0.022917651,7.5
3.757483332259992,0.017267549132570982,7.5,565.8836255266914,4.394468823883357,0.976,0.02292598837026649,0.976,0.0,0.022917651,7.5
3.7577615836750926,0.02057213115113519,7.5,567.2605992121644,4.392734827938691,0.9770000000000001,0.022925987823551944,0.977,0.0,0.022917651,7.5
3.7580376160391675,0.02389111035497181,7.5,568.6528944219805,4.390977551018914,0.978,0.022925987264251352,0.978,0.0,0.022917651,7.5
3.758311498681596,0.027223320597598393,7.5,570.0612588542307,4.389198447940876,0.979,0.022925986709625923,0.979,0.0,0.022917651,7.5
3.7585835811033865,0.03056901917592568,7.5,571.4860314894142,4.387398648856131,0.9800000000000001,0.022925986152611908,0.98,0.0,0.022917651,7.5
3.7588544393410035,0.03392989314627865,7.5,572.9272106644479,4.385578780264494,0.981,0.022925985587274524,0.981,0.0,0.022917651,7.5
3.7591243211817664,0.037306374672665926,7.5,574.3849972962391,4.383739409188253,0.982,0.022925985028961128,0.982,0.0,0.022917651,7.5
3.7593927346456475,0.04069768611195497,7.5,575.8596306820833,4.381879321921952,0.983,0.02292598446856871,0.983,0.0,0.022917651,7.5
3.7596596464184167,0.04410352569893069,7.5,577.3516327976583,4.379998694286945,0.9840000000000001,0.02292598390607684,0.984,0.0,0.022917651,7.5
3.75992552361111,0.04752442141536788,7.5,578.861654501742,4.3780988855556195,0.985,0.02292598334624873,0.985,0.0,0.022917651,7.5
3.7601902813265324,0.050960619786401776,7.5,580.3901974784366,4.376179292139609,0.986,0.02292598278428652,0.986,0.0,0.022917651,7.5
3.7604535926265465,0.05441228589003006,7.5,581.9378724639151,4.374238445268377,0.9870000000000001,0.022925982221993168,0.987,0.0,0.022917651,7.5
3.76071548784924,0.05788000417804045,7.5,583.505212843658,4.3722758791082335,0.988,0.022925981652755896,0.988,0.0,0.022917651,7.5
3.7609759781008525,0.06136345653345151,7.5,585.0929490103132,4.370291963507649,0.989,0.02292598108932045,0.989,0.0,0.022917651,7.5
3.761234764893882,0.06486237083345536,7.5,586.70182544547,4.368285782384628,0.99,0.02292598051627929,0.99,0.0,0.022917651,7.5
3.7614919369986675,0.06837705155840888,7.5,588.3325544055583,4.366257358686929,0.9910000000000001,0.022925979952627563,0.991,0.0,0.022917651,7.5
3.7617477113834874,0.07190824783565883,7.5,589.9860476333697,4.364206841040546,0.992,0.022925979381541086,0.992,0.0,0.022917651,7.5
3.7620019527016644,0.07545568398790849,7.5,591.6632672407101,4.362133937913934,0.993,0.022925978811638003,0.993,0.0,0.022917651,7.5
3.762254372229764,0.07901902149625253,7.5,593.3653779205882,4.360037848258374,0.9940000000000001,0.022925978243971797,0.994,0.0,0.022917651,7.5
3.7625046620660068,0.08259808132524667,7.5,595.0938205407114,4.35791753119418,0.995,0.02292597766523716,0.995,0.0,0.022917651,7.5
3.7627527038746025,0.08619280192409905,7.5,596.8494082414028,4.355772555727733,0.996,0.022925977124792617,0.996,0.0,0.022917651,7.5
3.762997827766404,0.08980279971143193,7.5,598.6337042573456,4.35360063725953,0.997,0.022925976570940736,0.997,0.0,0.022917651,7.5
3.7632402865163472,0.09342588614467788,7.5,600.4481537630227,4.351404955527037,0.9980000000000001,0.022925975983741523,0.998,0.0,0.022917651,7.5
3.7634799990640158,0.09706291659236271,7.5,602.2939460596273,4.349184353675982,0.999,0.02292597538657814,0.999,0.0,0.022917651,7.5
3.763716854872699,0.10071546052901241,7.5,604.1734759956496,4.346936795102118,1.0,0.02292597658863992,1.0,0.0,0.022917651,7.5
3.7639089675635353,0.10344202510519371,7.5,605.5095628661463,4.345392620532233,1.0010000000000001,0.02292597655247333,1.0010000000000001,0.0,0.022917651,7.5
3.7640996594381573,0.10617171247447647,7.5,606.8676088484515,4.343839630743876,1.0020000000000002,0.022925976502334345,1.002,0.0,0.022917651,7.5
3.7642888933126426,0.10890454522681817,7.5,608.2478640440456,4.342277658561354,1.0030000000000001,0.02292597644965035,1.0030000000000001,0.0,0.022917651,7.5
3.7644765496463317,0.11164065119029955,7.5,609.6510528351891,4.340706101217544,1.004,0.02292597640406857,1.004,0.0,0.022917651,7.5
3.764662400949059,0.11437893446657149,7.5,611.079451261401,4.339125136418411,1.0050000000000001,0.02292597635645551,1.0050000000000001,0.0,0.022917651,7.5
3.7648467658069045,0.11711985596680818,7.5,612.5317490885113,4.337535599283665,1.0060000000000002,0.02292597630311322,1.006,0.0,0.022917651,7.5
3.765029471090392,0.11986327893989546,7.5,614.0084414448785,4.335936931713675,1.0070000000000001,0.022925976247836145,1.0070000000000001,0.0,0.022917651,7.5
3.7652102805326897,0.12260904434972549,7.5,615.5101969607184,4.334328343658302,1.008,0.022925976195421863,1.008,0.0,0.022917651,7.5
3.765388847313049,0.12535624843782156,7.5,617.0390012846917,4.332709325732659,1.0090000000000001,0.022925976153378637,1.0090000000000001,0.0,0.022917651,7.5
3.765565618860947,0.1281054057670683,7.5,618.5929043614528,4.331081186300427,1.0100000000000002,0.02292597610169478,1.01,0.0,0.022917651,7.5
3.765740514321994,0.13085659349674839,7.5,620.1722032499993,4.329443511058836,1.0110000000000003,0.0229259760448855,1.0110000000000001,0.0,0.022917651,7.5
3.7659134513772874,0.13360988549997524,7.5,621.7770727995626,4.3277958841429855,1.012,0.022925975988780184,1.012,0.0,0.022917651,7.5
3.766084069448818,0.13636509822236773,7.5,623.4086395733411,4.326137070257663,1.0130000000000001,0.022925975950372542,1.0130000000000001,0.0,0.022917651,7.5
3.7662526414375566,0.13912208210706553,7.5,625.0647576591089,4.324468301845424,1.014,0.022925975898078987,1.014,0.0,0.022917651,7.5
3.766419176651436,0.1418808305487662,7.5,626.7445676861399,4.322789618171756,1.0150000000000003,0.022925975840995046,1.0150000000000001,0.0,0.022917651,7.5
3.766583632456279,0.14464151320828683,7.5,628.4473936870437,4.32110068097012,1.016,0.022925975787437856,1.016,0.0,0.022917651,7.5
3.766745783478035,0.1474046537998845,7.5,630.1728620122773,4.319400081426013,1.0170000000000001,0.02292597575145878,1.0170000000000001,0.0,0.022917651,7.5
3.7669054437838785,0.1501695449965457,7.5,631.9189871138108,4.317687761750886,1.0180000000000002,0.022925975697035188,1.018,0.0,0.022917651,7.5
3.7670630565217555,0.1529374443110965,7.5,633.6833608046906,4.315964236193325,1.0190000000000003,0.02292597564012593,1.0190000000000001,0.0,0.022917651,7.5
3.7672186761674578,0.15570899467312338,7.5,635.4644148072312,4.314229083208327,1.0200000000000002,0.022925975589459555,1.02,0.0,0.022917651,7.5
3.767372067339555,0.15848461316666412,7.5,637.2603959205021,4.312480948660163,1.0210000000000001,0.022925975549693535,1.0210000000000001,0.0,0.022917651,7.5
3.7675212594482366,0.16126417904768442,7.5,639.0679945978318,4.31071207449625,1.022,0.02292597550959691,1.022,0.0,0.022917651,7.5
3.76766859884757,0.1640482013909546,7.5,640.8837547035752,4.308931336220795,1.0230000000000004,0.022925975454088806,1.0230000000000001,0.0,0.022917651,7.5
3.767814101831034,0.16683794813687253,7.5,642.7053315634272,4.307137540558346,1.024,0.022925975407549815,1.024,0.0,0.022917651,7.5
3.7679577571440968,0.16963403513827266,7.5,644.5298428768524,4.305330007061555,1.0250000000000001,0.022925975359422247,1.025,0.0,0.022917651,7.5
3.768099546753975,0.17243735129239124,7.5,646.3540119045545,4.303507767124297,1.0260000000000002,0.0229259753015143,1.026,0.0,0.022917651,7.5
3.7682394133957478,0.17524963699473103,7.5,648.173805480664,4.301668877637352,1.027,0.02292597524413466,1.027,0.0,0.022917651,7.5
3.7683771724636,0.17807247135896995,7.5,649.9810918244309,4.299811000530649,1.028,0.02292597520130156,1.028,0.0,0.022917651,7.5
3.768513549631117,0.18090552292455145,7.5,651.7769786573713,4.29793738091136,1.0290000000000001,0.022925975146767648,1.029,0.0,0.022917651,7.5
3.7686485104580782,0.1837518114800571,7.5,653.5729060135845,4.296044859964859,1.03,0.022925975089109187,1.03,0.0,0.022917651,7.5
3.7687824921993562,0.18661273735475764,7.5,655.3739196375191,4.294133796535456,1.031,0.022925975036296075,1.031,0.0,0.022917651,7.5
3.7689155861378887,0.18948831726188983,7.5,657.1814008469863,4.29220453038538,1.032,0.022925974986562365,1.032,0.0,0.022917651,7.5
3.7690476183757387,0.1923793395955517,7.5,658.9945582405148,4.290255563345731,1.033,0.022925974932964017,1.033,0.0,0.022917651,7.5
3.769178623733325,0.19528876343443047,7.5,660.8117977418525,4.288284083452505,1.0340000000000003,0.022925974883287795,1.034,0.0,0.022917651,7.5
3.7693087327826853,0.19821899477388502,7.5,662.6315829877403,4.2862882226756085,1.035,0.022925974858280775,1.035,0.0,0.022917651,7.5
3.7694381182733707,0.20117211892991266,7.5,664.4613614143558,4.284266563217502,1.036,0.022925974810328174,1.036,0.0,0.022917651,7.5
3.769568175764569,0.20415394288104663,7.5,666.3397746613111,4.282218886113533,1.037,0.022925974751046893,1.037,0.0,0.022917651,7.5
3.7696993245865684,0.207166158653563,7.5,668.2963702230459,4.280145201999808,1.0380000000000003,0.02292597469248291,1.038,0.0,0.022917651,7.5
3.7698299713125274,0.21020362691981304,7.5,670.3253604517253,4.278044241846771,1.039,0.02292597464271233,1.039,0.0,0.022917651,7.5
3.7699598255774607,0.21326432314937022,7.5,672.4279974487159,4.275916907334414,1.04,0.022925974600669728,1.04,0.0,0.022917651,7.5
3.7700888446812986,0.2163488923241205,7.5,674.6055593378062,4.273762320803506,1.041,0.02292597454138845,1.041,0.0,0.022917651,7.5
3.7702165939102,0.21946145501794156,7.5,676.8572774362982,4.27157468974686,1.0420000000000003,0.022925974482107172,1.042,0.0,0.022917651,7.5
3.7703434610071613,0.2226018208994785,7.5,679.1810884102061,4.26935570833568,1.043,0.022925974428692052,1.043,0.0,0.022917651,7.5
3.7704695638892525,0.225769074709404,7.5,681.575910718893,4.267106792738281,1.044,0.022925974378925948,1.044,0.0,0.022917651,7.5
3.770594379971662,0.22896231833350195,7.5,684.0412737765826,4.264826754199613,1.0450000000000002,0.022925974319370004,1.045,0.0,0.022917651,7.5
3.770717900889394,0.2321822840268707,7.5,686.5756190434176,4.262514793378112,1.046,0.02292597430467247,1.046,0.0,0.022917651,7.5
3.7708398426351053,0.2354287628126157,7.5,689.1779588112977,4.2601700111334795,1.047,0.022925974258430497,1.047,0.0,0.022917651,7.5
3.7709600743029177,0.23870205021490926,7.5,691.8548262922696,4.257791578885085,1.048,0.02292597419783282,1.048,0.0,0.022917651,7.5
3.771078477799511,0.24200108071825718,7.5,694.5989607514678,4.255380084572498,1.049,0.022925974137178215,1.049,0.0,0.022917651,7.5
3.77119489265575,0.24532520157012006,7.5,697.4095851564094,4.252935554094291,1.0500000000000003,0.022925974085581013,1.05,0.0,0.022917651,7.5
3.7713092707243145,0.24867452658157538,7.5,700.2869096583819,4.250457652662028,1.051,0.022925974029327653,1.051,0.0,0.022917651,7.5
3.771420551989415,0.2520486016888339,7.5,703.2386187585312,4.247942641459698,1.052,0.022925973968398378,1.052,0.0,0.022917651,7.5
3.771529659190075,0.2554473726325212,7.5,706.2604104563675,4.245394222163761,1.0530000000000002,0.022925973907469102,1.053,0.0,0.022917651,7.5
3.771635859100302,0.25887012828693406,7.5,709.3504535421984,4.242810200181344,1.054,0.02292597384746458,1.054,0.0,0.022917651,7.5
3.7717392889680528,0.2623187107217747,7.5,712.5172354669879,4.2401892635633445,1.055,0.022925973810486413,1.055,0.0,0.022917651,7.5
3.7718396699551087,0.2657921912395562,7.5,715.7608743847114,4.237531231866892,1.056,0.02292597379834286,1.056,0.0,0.022917651,7.5
3.7719374334608573,0.2692902684878419,7.5,719.094856269855,4.2348381407676134,1.057,0.022925973738461308,1.057,0.0,0.022917651,7.5
3.772040495828531,0.27282142985974883,7.5,723.9157577147877,4.232133145954686,1.0580000000000003,0.022925973684235688,1.058,0.0,0.022917651,7.5
3.772129787351257,0.2763668255660513,7.5,728.8826183620724,4.229358838214654,1.059,0.022925973625666757,1.059,0.0,0.022917651,7.5
3.7722221209527773,0.2799570674597574,7.5,734.566681134154,4.226551857928677,1.06,0.022925973563364146,1.06,0.0,0.022917651,7.5
3.7723044506710135,0.2835474510738132,7.5,740.5812762760322,4.223704720665872,1.061,0.022925973501061535,1.061,0.0,0.022917651,7.5
3.7723814293293474,0.2871727269098726,7.5,746.6684404968581,4.220801293821501,1.062,0.022925973458283427,1.062,0.0,0.022917651,7.5
3.7724539326747077,0.2908243814050342,7.5,752.8248649336717,4.217853577081943,1.063,0.0229259734374323,1.063,0.0,0.022917651,7.5
3.7725217956865396,0.2945035423970596,7.5,759.0536779517597,4.214859794097105,1.064,0.022925973380730408,1.064,0.0,0.022917651,7.5
3.772585251592789,0.2982087865617086,7.5,765.352858382859,4.21182230263802,1.065,0.02292597332738651,1.065,0.0,0.022917651,7.5
3.7726429124978944,0.3019429782382353,7.5,771.7294295014602,4.208732681734516,1.0660000000000003,0.022925973273047136,1.066,0.0,0.022917651,7.5
3.772695755346648,0.30570519234085275,7.5,778.1793329267941,4.205595757736485,1.067,0.022925973223145307,1.067,0.0,0.022917651,7.5
3.772742879417303,0.3094951504906637,7.5,784.7056118928941,4.202408226243912,1.068,0.022925973197881904,1.068,0.0,0.022917651,7.5
3.772783693893479,0.31331540733336066,7.5,791.3125439069227,4.199165163955015,1.069,0.02292597314079796,1.069,0.0,0.022917651,7.5
3.772818182239085,0.3171651770799827,7.5,797.9980841804448,4.19586726700232,1.07,0.022925973081791104,1.07,0.0,0.022917651,7.5
3.772846332158729,0.32104484212849266,7.5,804.763991427101,4.192514144743243,1.071,0.02292597307447466,1.071,0.0,0.022917651,7.5
3.7728674430655706,0.3249551360747924,7.5,811.6142398562039,4.189102215286011,1.072,0.02292597302447945,1.072,0.0,0.022917651,7.5
3.772878480122639,0.32890576483548495,7.5,818.5721912349518,4.185609649392944,1.073,0.022925972969089214,1.073,0.0,0.022917651,7.5
3.7728816453426273,0.3328877674998323,7.5,825.6238406147042,4.182054240421911,1.074,0.022925972931390003,1.074,0.0,0.022917651,7.5
3.7728838626435808,0.33688019701310534,7.5,832.7210182131564,4.178484612887996,1.075,0.022925972892200747,1.075,0.0,0.022917651,7.5
3.772876544732349,0.34090888345917,7.5,839.9130548940979,4.174840584475776,1.076,0.02292597286268404,1.076,0.0,0.022917651,7.5
3.772854939879784,0.34498824305557596,7.5,847.2277172289084,4.171088730382342,1.077,0.02292597284743454,1.077,0.0,0.022917651,7.5
3.7728323271603426,0.3490785238902289,7.5,854.5896498497144,4.167321923563901,1.078,0.022925972828437464,1.078,0.0,0.022917651,7.5
3.7727948978074495,0.35321402014869285,7.5,862.0670710413029,4.163450633909578,1.079,0.022925972822910826,1.079,0.0,0.022917651,7.5
3.7727441835266062,0.3573910590477188,7.5,869.6530863123445,4.1594846611175775,1.08,0.022925972828085207,1.08,0.0,0.022917651,7.5
3.7726923766063867,0.361579501519788,7.5,877.2881735538876,4.155502914167938,1.081,0.022925972828428266,1.081,0.0,0.022917651,7.5
3.77261683239138,0.36583199802192234,7.5,885.0786452617431,4.151362165891368,1.082,0.02292597282147678,1.082,0.0,0.022917651,7.5
3.772534796035271,0.3701088023598335,7.5,892.9447131345312,4.1471711414807295,1.083,0.022925972807316584,1.083,0.0,0.022917651,7.5
3.7724447544556217,0.374411173136054,7.5,900.8908465607037,4.142922530612723,1.0839999999999999,0.02292597282122723,1.084,0.0,0.022917651,7.5
3.7723290066918485,0.378774412968276,7.5,908.9928969734791,4.138510229916935,1.0850000000000002,0.022925972943926804,1.085,0.0,0.022917651,7.5
3.7722121217120144,0.38315005224459575,7.5,917.1472906720498,4.13408098121575,1.086,0.022925973044561006,1.086,0.0,0.022917651,7.5
3.772067756084823,0.3875840846826439,7.5,925.4566731191785,4.12948341635036,1.087,0.022925973084337543,1.087,0.0,0.022917651,7.5
3.771913705997564,0.39204578068750195,7.5,933.8528315161948,4.124819449779876,1.0880000000000003,0.022925973100898205,1.088,0.0,0.022917651,7.5
3.771742560691998,0.3965440427368135,7.5,942.3599625482093,4.120050534993958,1.0890000000000002,0.02292597316365243,1.089,0.0,0.022917651,7.5
3.7715477544919036,0.40108893628621034,7.5,951.0023552690897,4.115140343601636,1.09,0.022925973277483448,1.09,0.0,0.022917651,7.5
3.7713432849821844,0.4056570714581353,7.5,959.7264576637119,4.110168255776284,1.0910000000000002,0.022925973379290553,1.091,0.0,0.022917651,7.5
3.771101264179017,0.41028090077360857,7.5,968.6187234016851,4.104990260674084,1.092,0.022925973535326407,1.092,0.0,0.022917651,7.5
3.770854153543268,0.41492222045549093,7.5,977.5789169138064,4.099774417237533,1.093,0.022925973645073885,1.093,0.0,0.022917651,7.5
3.7705603550945748,0.41961878907907946,7.5,986.7238727115563,4.094316594864957,1.0940000000000003,0.02292597374272347,1.094,0.0,0.022917651,7.5
3.770261098515511,0.42433267358980814,7.5,995.9380663754703,4.088819623267137,1.095,0.02292597380977204,1.095,0.0,0.022917651,7.5
3.769910880356288,0.42909463147751864,7.5,1005.3382699756777,4.083070717862377,1.0960000000000003,0.022925974008083574,1.096,0.0,0.022917651,7.5
3.769545669142802,0.4338754795747762,7.5,1014.8224181712466,4.07724294973715,1.097,0.022925974137829788,1.097,0.0,0.022917651,7.5
3.7691174707359356,0.43868883669413405,7.5,1024.475374384636,4.071130722052554,1.098,0.022925974262930696,1.098,0.0,0.022917651,7.5
3.7686592631219287,0.4435220016328681,7.5,1034.2438561763722,4.06487865034578,1.0990000000000002,0.022925974347557564,1.099,0.0,0.022917651,7.5
3.768158665296938,0.448377170638929,7.5,1044.1520572502943,4.05843501504455,1.1000000000000003,0.022925974363229566,1.1,0.0,0.022917651,7.5
3.767781897190997,0.45178408721934316,7.5,1048.2793652009884,4.053898909379098,1.101,0.022925974736385274,1.101,0.0,0.022917651,7.5
3.767377218284419,0.455172949314114,7.5,1052.4561164891093,4.049269213475628,1.102,0.022925975214593663,1.102,0.0,0.022917651,7.5
3.766964934249095,0.4585455086449444,7.5,1056.6480551133777,4.044625399781338,1.103,0.0229259757061485,1.103,0.0,0.022917651,7.5
3.7665228171759284,0.46189188891028604,7.5,1060.8882649613438,4.039888436987073,1.1040000000000005,0.02292597629060562,1.104,0.0,0.022917651,7.5
3.766049988363415,0.4652101814420621,7.5,1065.1781831389212,4.0350567191264055,1.1050000000000002,0.02292597697621789,1.105,0.0,0.022917651,7.5
3.765568941107688,0.46850938068885967,7.5,1069.4845122631205,4.030211220816666,1.106,0.022925977683845713,1.106,0.0,0.022917651,7.5
3.765040099109796,0.47176304224596005,7.5,1073.8553237447425,4.0252200767070425,1.107,0.022925978757222666,1.107,0.0,0.022917651,7.5
3.76449052952807,0.47498792718753574,7.5,1078.2572354936863,4.020174797424407,1.1080000000000003,0.022925979975275398,1.108,0.0,0.022917651,7.5
3.7639144634445767,0.478174978092166,7.5,1082.6938598147997,4.015061367603555,1.1090000000000002,0.022925981564685036,1.109,0.0,0.022917651,7.5
3.7632866623734165,0.4812992645096162,7.5,1087.1908368648292,4.009803766088147,1.1100000000000003,0.02292598399362729,1.11,0.0,0.022917651,7.5
3.7626451872363784,0.4843953045235918,7.5,1091.708292224137,4.004519714719123,1.111,0.022925986478921183,1.111,0.0,0.022917651,7.5
3.7619116991711827,0.4873817131963127,7.5,1096.3013951835208,3.998977240030656,1.112,0.022925989223806963,1.112,0.0,0.022917651,7.5
3.7611641589768663,0.4903349728450704,7.5,1100.9160815784599,3.993411705326144,1.113,0.02292599217101844,1.113,0.0,0.022917651,7.5
3.7603374518702553,0.49316232566970714,7.5,1105.597356812925,3.9876553996351545,1.114,0.022925997273862495,1.114,0.0,0.022917651,7.5
3.7594804446137244,0.49592759878008774,7.5,1110.3085814321755,3.981839977355266,1.115,0.022926002976100902,1.115,0.0,0.022917651,7.5
3.758550062832794,0.49855932704340267,7.5,1115.0735246795311,3.975864615842675,1.1160000000000003,0.022926010442658445,1.116,0.0,0.022917651,7.5
3.7575536093753903,0.5010546485885895,7.5,1119.8847460301731,3.969761369991133,1.117,0.022926020020417815,1.117,0.0,0.022917651,7.5
3.75649421565665,0.5034203878954501,7.5,1124.7379767623402,3.9635359412193423,1.1180000000000003,0.022926031699890947,1.118,0.0,0.022917651,7.5
3.7553004464535245,0.5055441128347101,7.5,1129.6431786745438,3.9570150133048285,1.1190000000000002,0.02292604876181631,1.119,0.0,0.022917651,7.5
3.7540077215203613,0.5074396187793778,7.5,1134.587602728903,3.9503264966883624,1.1200000000000003,0.022926072735788745,1.12,0.0,0.022917651,7.5
3.752610906971914,0.5090703137624462,7.5,1139.5713856257664,3.943486438552804,1.1210000000000002,0.022926104549713083,1.121,0.0,0.022917651,7.5
3.751073865084741,0.510358103722428,7.5,1144.5934972820837,3.936428367963358,1.122,0.02292614911771268,1.122,0.0,0.022917651,7.5
3.749357300089803,0.5112210045963631,7.5,1149.647236027002,3.9290770893103057,1.123,0.02292621768989108,1.123,0.0,0.022917651,7.5
3.747464861201539,0.5115915897232323,7.5,1154.726516203301,3.9215146221121753,1.124,0.0229263187593557,1.124,0.0,0.022917651,7.5
3.745347815025818,0.5113267521370299,7.5,1159.8265846453426,3.913689172870629,1.125,0.022926486095069164,1.125,0.0,0.022917651,7.5
3.7429385028194537,0.5102688490654147,7.5,1164.9311961102885,3.9054877092718456,1.1260000000000003,0.022926777667673162,1.1260000000000001,0.0,0.022917651,7.5
3.740241963991686,0.5083230238271941,7.5,1170.0361044535928,3.8970252665198757,1.127,0.02292728563439528,1.127,0.0,0.022917651,7.5
3.737185273321487,0.5053517338033158,7.5,1175.1195580144533,3.8881476778021797,1.1280000000000003,0.022928240569720044,1.1280000000000001,0.0,0.022917651,7.5
3.733745742843719,0.5012931976682732,7.5,1180.1682950823663,3.8788259896436577,1.129,0.022930254320973485,1.129,0.0,0.022917651,7.5
3.7299137166460405,0.49626130267632024,7.5,1185.1632755880055,3.8689076542130203,1.1300000000000001,0.022934633605734507,1.1300000000000001,0.0,0.022917651,7.5
3.725730908581063,0.4906403468377171,7.5,1190.0918731491743,3.8581752564576073,1.131,0.022944513933409384,1.131,0.0,0.022917651,7.5
3.721276813334098,0.48503238323787634,7.5,1194.9614055217924,3.846344743823026,1.1320000000000001,0.022964519613543326,1.1320000000000001,0.0,0.022917651,7.5
3.716654821447236,0.48010971738871766,7.5,1199.7933145188802,3.833157310488078,1.133,0.022994841844985167,1.133,0.0,0.022917651,7.5
3.7120227773537042,0.4767722209743308,7.5,1204.6064305313068,3.818344525734563,1.1340000000000001,0.0230407688081917,1.1340000000000001,0.0,0.022917651,7.5
3.70756748830805,0.47609334254447355,7.5,1209.4227739855844,3.8015801267536546,1.135,0.023109949959859665,1.135,0.0,0.022917651,7.5
3.7034647842403223,0.4789107202872696,7.5,1214.2769426746843,3.7827298325070173,1.1360000000000003,0.02321056206188545,1.1360000000000001,0.0,0.022917651,7.5
3.6998708513660503,0.48583682374979215,7.5,1219.2184152693724,3.761805870342101,1.1370000000000002,0.02336708989293674,1.137,0.0,0.022917651,7.5
3.69679659922766,0.49656970296893427,7.5,1224.3010907224366,3.7391538690830313,1.1380000000000001,0.023584373441088973,1.1380000000000001,0.0,0.022917651,7.5
3.6942288897875644,0.5109367247393384,7.5,1229.5918742136078,3.7148938992093967,1.139,0.02386362702165666,1.139,0.0,0.022917651,7.5
3.6920683632779023,0.5282061101075208,7.5,1235.1375364343928,3.689360292599253,1.1400000000000003,0.024191071872347876,1.1400000000000001,0.0,0.022917651,7.5
3.69028669028074,0.5481096147577683,7.5,1241.0128810784213,3.662707977945238,1.141,0.024597822185390392,1.141,0.0,0.022917651,7.5
3.6887642581210094,0.570174248274988,7.5,1247.2663214058127,3.634931508280915,1.1420000000000001,0.02507897263829707,1.1420000000000001,0.0,0.022917651,7.5
3.6874570194265335,0.5941920933750401,7.5,1253.9606693432465,3.6060625878651558,1.143,0.025684368849051318,1.143,0.0,0.022917651,7.5
3.68630782592839,0.6200598122048111,7.5,1261.1582652132531,3.5759759750245808,1.1440000000000003,0.026373647731896304,1.1440000000000001,0.0,0.022917651,7.5
3.6852660891533575,0.6477611277425191,7.5,1268.9441421418132,3.5444856038911214,1.145,0.02719348546207736,1.145,0.0,0.022917651,7.5
3.6843007122231675,0.6773260672902598,7.5,1277.3845590867086,3.5114370412272162,1.1460000000000001,0.02808203040296402,1.1460000000000001,0.0,0.022917651,7.5
3.683356369429547,0.7088784335651416,7.5,1286.5828387373379,3.47648519462858,1.1469999999999998,0.02907423278879441,1.147,0.0,0.022917651,7.5
3.6824032844218606,0.7426340042418983,7.5,1296.6525996943733,3.4392951631437616,1.1480000000000001,0.03008016278436977,1.1480000000000001,0.0,0.022917651,7.5
3.6814082023336248,0.7788301092753004,7.5,1307.7265886838786,3.3994966150779464,1.149,0.031118733882326055,1.149,0.0,0.022917651,7.5
3.680334965518092,0.8179345958546016,7.5,1319.9810904095918,3.3564770652324456,1.1500000000000001,0.03219349806447593,1.1500000000000001,0.0,0.022917651,7.5
3.6791041392759576,0.860328217571238,7.5,1333.6344800777617,3.3095380350351333,1.151,0.033170434330198395,1.151,0.0,0.022917651,7.5
3.677697411969325,0.9067759290614161,7.5,1348.95761038402,3.2578413001092636,1.1520000000000001,0.03404157320721276,1.1520000000000001,0.0,0.022917651,7.5
3.67603178791428,0.9581474244109273,7.5,1366.3238339991829,3.2001851850171668,1.1530000000000002,0.03481917765587502,1.153,0.0,0.022917651,7.5
3.6740233729320377,1.0154787424577782,7.5,1386.2511489520123,3.1351980959717003,1.154,0.035409571925981376,1.154,0.0,0.022917651,7.5
3.671586566361838,1.0806436696286281,7.5,1409.4455563696345,3.0606638314762256,1.155,0.03587726319818197,1.155,0.0,0.022917651,7.5
3.668529502610304,1.1557428021248584,7.5,1437.0637930294088,2.9737143234297436,1.156,0.03616848469528669,1.156,0.0,0.022917651,7.5
3.6646014754517116,1.244185561098533,7.5,1471.186047685681,2.8699373463524416,1.157,0.03626996858734168,1.157,0.0,0.022917651,7.5
3.659703595604176,1.3478699317521392,7.5,1515.566465724834,2.7470393392331247,1.158,0.03625362820688312,1.158,0.0,0.022917651,7.5
3.652912701172365,1.4800889912120598,7.5,1580.888603503482,2.588034592376767,1.159,0.03623728782642455,1.159,0.0,0.022917651,7.5
3.6472407808207192,1.5874367205094764,7.5,1690.0439178795764,2.458377070347792,1.1600000000000001,0.03622094744596598,1.16,0.0,0.022917651,7.5
3.641561997865763,1.6910392328140675,7.5,1860.1314703358798,2.3324373006507875,1.161,0.03620460706550742,1.161,0.0,0.022917651,7.5
3.623272334597947,1.978193836176453,7.5,2220.4243023711583,1.9725019389919132,1.1620000000000001,0.03618826668504885,1.162,0.0,0.022917651,7.5
3.575662438039794,2.6183880967849484,7.5,3752.5858161930737,1.1422459792587574,1.163,0.036171926304590284,1.163,0.0,0.022917651,7.5
