log_Teff,LogL_lsun,Age_gyr,Step,Log_g,Mass_msun,feh,Mass_input,Metallicity_input,Z_used,Age_input
3.5402721923820004,-1.9528451492993129,1.5,283.45226812158825,4.983840027174505,0.3,0.023770013426243904,0.3,0.0,0.022917651,1.5
3.540435270223386,-1.9502891673862057,1.5,283.44418967298895,4.98318574372498,0.301,0.023768877231628766,0.301,0.0,0.022917651,1.5
3.5405981425038737,-1.9477327945479486,1.5,283.43762244536265,4.982530247108751,0.302,0.023767724590053677,0.302,0.0,0.022917651,1.5
3.540760803626961,-1.9451760201414023,1.5,283.4326075824775,4.981873504296727,0.30299999999999994,0.023766555053741683,0.303,0.0,0.022917651,1.5
3.5409232477911297,-1.9426188331335381,1.5,283.4291877353273,4.981215481049864,0.30400000000000005,0.02376536815851237,0.304,0.0,0.022917651,1.5
3.5410854689803695,-1.9400612220834155,1.5,283.42740713178677,4.980556141863236,0.305,0.023764163423023753,0.305,0.0,0.022917651,1.5
3.5412474609541724,-1.937503175123157,1.5,283.42731165016727,4.979895449906995,0.30600000000000005,0.023762940347971797,0.306,0.0,0.022917651,1.5
3.541409217236962,-1.9349446799378442,1.5,283.4289488969269,4.979233366963985,0.307,0.023761698415244642,0.307,0.0,0.022917651,1.5
3.5415707311069204,-1.9323857237442714,1.5,283.43236828881413,4.978569853363794,0.308,0.023760437087028612,0.308,0.0,0.022917651,1.5
3.541731995584174,-1.92982629326847,1.5,283.43762113974253,4.977904867913025,0.309,0.023759155804862788,0.309,0.0,0.022917651,1.5
3.541893003418283,-1.9272663747219303,1.5,283.44476075271456,4.977238367821488,0.30999999999999994,0.02375785398863852,0.31,0.0,0.022917651,1.5
3.5420540640212024,-1.9247020831288444,1.5,283.4531406177352,4.976567705700319,0.311,0.023756470413171946,0.311,0.0,0.022917651,1.5
3.542216602832085,-1.9221161137822842,1.5,283.4594324677356,4.975881278341281,0.312,0.023754745056235812,0.312,0.0,0.022917651,1.5
3.5423790047682417,-1.9195282399908653,1.5,283.4670930615035,4.975192399044717,0.313,0.023752995882052135,0.313,0.0,0.022917651,1.5
3.542541265773133,-1.9169384053127918,1.5,283.47616296432767,4.974500995142859,0.314,0.02375122218475211,0.314,0.0,0.022917651,1.5
3.5427033816283227,-1.914346551053671,1.5,283.4866843604619,4.973806991067762,0.31499999999999995,0.02374942323029563,0.315,0.0,0.022917651,1.5
3.54286534794532,-1.9117526161530023,1.5,283.4987011347048,4.973110308205161,0.316,0.023747598255051742,0.316,0.0,0.022917651,1.5
3.5430271601569214,-1.9091565370637347,1.5,283.51225895896414,4.972410864739405,0.317,0.023745746464292342,0.317,0.0,0.022917651,1.5
3.543188813508024,-1.906558247624391,1.5,283.5274053841619,4.971708575488814,0.318,0.02374386703059297,0.318,0.0,0.022917651,1.5
3.5433503030458566,-1.9039576789232204,1.5,283.54418993787056,4.9710033517307854,0.319,0.023741959092133846,0.319,0.0,0.022917651,1.5
3.543511623609606,-1.9013547591537867,1.5,283.5626642281016,4.970295101015859,0.32,0.023740021750893864,0.32,0.0,0.022917651,1.5
3.5436727698193735,-1.898749413461364,1.5,283.58288205370195,4.969583726969963,0.32099999999999995,0.023738054070729618,0.321,0.0,0.022917651,1.5
3.5438337360644256,-1.8961415637794496,1.5,283.604899521857,4.968869129083916,0.322,0.02373605507533075,0.322,0.0,0.022917651,1.5
3.543994516490681,-1.8935311286556336,1.5,283.628775173237,4.968151202489248,0.323,0.023734023746042283,0.323,0.0,0.022917651,1.5
3.5441551049873703,-1.8909180230660203,1.5,283.6545701153748,4.9674298377192665,0.32400000000000007,0.023731959019543784,0.324,0.0,0.022917651,1.5
3.544315495172813,-1.888302158217308,1.5,283.6823481649134,4.966704920454238,0.325,0.023729859785374084,0.325,0.0,0.022917651,1.5
3.544475680379236,-1.88568344133556,1.5,283.7121759994192,4.965976331249436,0.32600000000000007,0.023727724883289655,0.326,0.0,0.022917651,1.5
3.544635653636558,-1.8830617754406085,1.5,283.7441233195191,4.965243945244688,0.327,0.02372555310044328,0.327,0.0,0.022917651,1.5
3.544795407655063,-1.8804370591049409,1.5,283.77826302219097,4.964507631853947,0.328,0.023723343168368622,0.328,0.0,0.022917651,1.5
3.544954934806864,-1.8778091861958104,1.5,283.81467138611293,4.963767254433265,0.329,0.023721093759755056,0.329,0.0,0.022917651,1.5
3.5451142271060627,-1.8751780455991873,1.5,283.85342827006065,4.963022669925387,0.33,0.023718803484995353,0.33,0.0,0.022917651,1.5
3.5452732761874977,-1.8725435209240493,1.5,283.894617325439,4.962273728479021,0.33100000000000007,0.023716470888487478,0.331,0.0,0.022917651,1.5
3.545432073283957,-1.8699054901853476,1.5,283.93832622413487,4.961520273040673,0.33199999999999996,0.023714094444669757,0.332,0.0,0.022917651,1.5
3.5455906092017324,-1.867263825463844,1.5,283.9846469029972,4.960762138916694,0.333,0.023711672553766733,0.333,0.0,0.022917651,1.5
3.5457488742943655,-1.8646183925408206,1.5,284.0336758263762,4.959999153302966,0.3340000000000001,0.023709203537220763,0.334,0.0,0.022917651,1.5
3.545906853018781,-1.8619832134815442,1.5,284.0668189169592,4.9592452764124575,0.3350000000000001,0.023706268040513945,0.335,0.0,0.022917651,1.5
3.546064618846387,-1.85934525912671,1.5,284.10093674864356,4.958487772666255,0.336,0.023703253174658285,0.336,0.0,0.022917651,1.5
3.546222166733006,-1.8567034366429294,1.5,284.1373618687542,4.957725529032487,0.3370000000000001,0.023700185367434328,0.337,0.0,0.022917651,1.5
3.5463794883299418,-1.8540575978532223,1.5,284.17618266292607,4.9569583639395915,0.338,0.023697062590809337,0.338,0.0,0.022917651,1.5
3.5465365748565607,-1.8514075869144004,1.5,284.217492089586,4.956186086422065,0.339,0.023693882711826614,0.339,0.0,0.022917651,1.5
3.5466934170719964,-1.8487532398147926,1.5,284.2613879795556,4.955408495504992,0.34,0.023690643485731015,0.34,0.0,0.022917651,1.5
3.5468500052445924,-1.8460943838319501,1.5,284.307973359521,4.954625379539541,0.341,0.02368734254854686,0.341,0.0,0.022917651,1.5
3.5470063291188825,-1.8434308369465704,1.5,284.35735680161997,4.953836515484791,0.342,0.023683977409056547,0.342,0.0,0.022917651,1.5
3.5471623778798658,-1.8407624072084574,1.5,284.40965280163914,4.953041668130813,0.3430000000000001,0.02368054544012272,0.343,0.0,0.022917651,1.5
3.5473181401143217,-1.8380888920498746,1.5,284.46498218858926,4.95224058925726,0.344,0.023677043869290464,0.34400000000000003,0.0,0.022917651,1.5
3.547473603768865,-1.8354100775411257,1.5,284.52347256874174,4.951433016721192,0.3450000000000001,0.023673469768598732,0.34500000000000003,0.0,0.022917651,1.5
3.547628756104424,-1.832725737582616,1.5,284.58525880755366,4.950618673467039,0.3460000000000001,0.023669820043522482,0.34600000000000003,0.0,0.022917651,1.5
3.54778358364678,-1.830035633026974,1.5,284.6504835533104,4.949797266450889,0.34700000000000003,0.023666091420957516,0.34700000000000003,0.0,0.022917651,1.5
3.5479380721327622,-1.8273395107240717,1.5,284.7192978067589,4.9489684854702745,0.3480000000000001,0.023662280436150124,0.34800000000000003,0.0,0.022917651,1.5
3.548092206451642,-1.824637102480924,1.5,284.79186154151455,4.948132001889665,0.3490000000000001,0.023658383418461642,0.34900000000000003,0.0,0.022917651,1.5
3.548246040059483,-1.821929440433746,1.5,284.8666190388016,4.947289061704133,0.35000000000000003,0.023654355501580158,0.35000000000000003,0.0,0.022917651,1.5
3.5484005726369774,-1.8192348841576635,1.5,284.9193513748209,4.946462023668928,0.35100000000000003,0.02364962286990508,0.35100000000000003,0.0,0.022917651,1.5
3.5485548078834763,-1.8165340099426033,1.5,284.9753467215032,4.94562747834902,0.35200000000000004,0.02364478659169618,0.352,0.0,0.022917651,1.5
3.5487087323644864,-1.813826532321198,1.5,285.03475251348874,4.944785086538097,0.35300000000000004,0.023639841983827646,0.353,0.0,0.022917651,1.5
3.5488623318237824,-1.8111121483651667,1.5,285.097725203415,4.943934488281929,0.35400000000000004,0.023634784076725295,0.354,0.0,0.022917651,1.5
3.5490155911195993,-1.8083905363295596,1.5,285.16443096211714,4.9430753012674,0.355,0.023629607592125314,0.355,0.0,0.022917651,1.5
3.5491684941547916,-1.8056613541686994,1.5,285.23504644509916,4.942207119059075,0.356,0.02362430691872803,0.356,0.0,0.022917651,1.5
3.549321023800276,-1.8029242379094055,1.5,285.3097596327094,4.941329509166183,0.357,0.0236188760855105,0.357,0.0,0.022917651,1.5
3.549473161810989,-1.8001787998652445,1.5,285.38877075242254,4.940442010920706,0.358,0.023613308732431074,0.358,0.0,0.022917651,1.5
3.5496248887335,-1.7974246266733729,1.5,285.4722932927464,4.939544133144657,0.35900000000000004,0.023607598078223567,0.359,0.0,0.022917651,1.5
3.549776183804289,-1.7946612771330688,1.5,285.56055511955043,4.938635351581717,0.36,0.023601736884938128,0.36,0.0,0.022917651,1.5
3.5499270248375745,-1.7918882798221798,1.5,285.6537997070942,4.937715106064983,0.361,0.023595717418838754,0.361,0.0,0.022917651,1.5
3.5500780242567873,-1.7891270716346963,1.5,285.73949175019845,4.936807282878245,0.36200000000000004,0.02358908104627291,0.362,0.0,0.022917651,1.5
3.550229377054821,-1.786383673124958,1.5,285.81433410764873,4.935918682514086,0.363,0.023581714318141052,0.363,0.0,0.022917651,1.5
3.550380324192977,-1.7836317835002609,1.5,285.893737761934,4.935019968403589,0.36400000000000005,0.02357415061372039,0.364,0.0,0.022917651,1.5
3.550530845795371,-1.7808709867263548,1.5,285.97792620027735,4.934110645009369,0.365,0.023566380281877602,0.365,0.0,0.022917651,1.5
3.5506809206661,-1.7781008391388111,1.5,286.0671377524112,4.93319018388381,0.366,0.023558393030516416,0.366,0.0,0.022917651,1.5
3.5508305261778044,-1.7753208671105325,1.5,286.16162684355396,4.932258020890828,0.36699999999999994,0.023550177872468676,0.367,0.0,0.022917651,1.5
3.5509796381487533,-1.7725305644789222,1.5,286.26166537649675,4.931313553141385,0.368,0.023541723065809966,0.368,0.0,0.022917651,1.5
3.551128230707041,-1.7697293897033082,1.5,286.3675442585891,4.93035613560771,0.369,0.023533016047917812,0.369,0.0,0.022917651,1.5
3.5512762761402934,-1.7669167627190516,1.5,286.4795750916657,4.929385077376223,0.37,0.023524043362493443,0.37,0.0,0.022917651,1.5
3.551423744729048,-1.764092061449886,1.5,286.59809204556433,4.9283996374934,0.371,0.023514790578655288,0.371,0.0,0.022917651,1.5
3.551571832882962,-1.7613120017602593,1.5,286.69108914968587,4.927461317784088,0.37199999999999994,0.02350430852860784,0.372,0.0,0.022917651,1.5
3.5517195905485504,-1.758529367026842,1.5,286.7844091110314,4.926519101100911,0.37300000000000005,0.02349339339836221,0.373,0.0,0.022917651,1.5
3.55186684142764,-1.7557363469549128,1.5,286.8823515066483,4.9255644719115335,0.37399999999999994,0.02348215150770546,0.374,0.0,0.022917651,1.5
3.552013559315195,-1.7529324045369166,1.5,286.985155354468,4.924596788387132,0.37500000000000006,0.023470565960432503,0.375,0.0,0.022917651,1.5
3.5521597161678047,-1.750116965092345,1.5,287.09307644036363,4.923615363672349,0.37600000000000006,0.023458618675010503,0.376,0.0,0.022917651,1.5
3.5523052819395926,-1.7472894129051497,1.5,287.2063888148106,4.922619461866352,0.377,0.02344629027877976,0.377,0.0,0.022917651,1.5
3.552450224400239,-1.744449087494451,1.5,287.3253864527678,4.921608293565601,0.378,0.023433559990616606,0.378,0.0,0.022917651,1.5
3.55259450893278,-1.7415952794710112,1.5,287.4503850979269,4.920581010911517,0.379,0.02342040549056308,0.379,0.0,0.022917651,1.5
3.5527398390723297,-1.7387696765120173,1.5,287.56316557274715,4.919586115727162,0.38,0.02340636365056827,0.38,0.0,0.022917651,1.5
3.5528862892191144,-1.7359724235237228,1.5,287.662736324591,4.918624050558754,0.381,0.023391462223960657,0.381,0.0,0.022917651,1.5
3.553032259886575,-1.7331639767972529,1.5,287.76603877819207,4.91764887375845,0.382,0.02337610112970478,0.382,0.0,0.022917651,1.5
3.5531777259622537,-1.7303437500669465,1.5,287.87326837930436,4.916659898611998,0.38300000000000006,0.02336025629296939,0.383,0.0,0.022917651,1.5
3.5533226605488673,-1.7275111153992588,1.5,287.9846344646728,4.91565638959804,0.384,0.02334390192784352,0.384,0.0,0.022917651,1.5
3.553467034802868,-1.7246653994239476,1.5,288.10036151845765,4.914637557973566,0.385,0.023327010382571296,0.385,0.0,0.022917651,1.5
3.5536108177551675,-1.7218058791486652,1.5,288.2206905675414,4.913602556871392,0.386,0.02330955196767927,0.386,0.0,0.022917651,1.5
3.553753976111663,-1.7189317773022157,1.5,288.34588073396554,4.9125504758455465,0.38700000000000007,0.023291494764748646,0.387,0.0,0.022917651,1.5
3.553900205753115,-1.7161699374000674,1.5,288.4285345554068,4.911622942709444,0.388,0.023271598619996708,0.388,0.0,0.022917651,1.5
3.5540472313945206,-1.713439030630098,1.5,288.49821735489945,4.910729527015919,0.38900000000000007,0.023250791172145013,0.389,0.0,0.022917651,1.5
3.5541939758341545,-1.71070183579285,1.5,288.56867378671814,4.909828698536658,0.39,0.023229426885109674,0.39,0.0,0.022917651,1.5
3.554340428662664,-1.707958120120512,1.5,288.63993248870906,4.908920182869716,0.391,0.023207485146159897,0.391,0.0,0.022917651,1.5
3.5544865789505047,-1.7052076392131346,1.5,288.7120235298414,4.908003691900414,0.392,0.023184944312482032,0.392,0.0,0.022917651,1.5
3.5546324152150417,-1.7024501363028193,1.5,288.7849785007355,4.907078922933932,0.393,0.023161781646019924,0.393,0.0,0.022917651,1.5
3.554777925385111,-1.6996853414613384,1.5,288.85883061115123,4.906145557761188,0.3940000000000001,0.02313797324330571,0.394,0.0,0.022917651,1.5
3.554923096762822,-1.6969129707460444,1.5,288.9336147950673,4.905203261651981,0.395,0.02311349395982602,0.395,0.0,0.022917651,1.5
3.555067915982357,-1.694132725278392,1.5,289.00936782405375,4.904251682268699,0.396,0.023088317328420378,0.396,0.0,0.022917651,1.5
3.5552144543920545,-1.6914058107700196,1.5,289.0506353479799,4.903360308557981,0.397,0.023062162922172544,0.397,0.0,0.022917651,1.5
3.5553623360027284,-1.6887197956331683,1.5,289.06409150677075,4.90251520536851,0.3980000000000001,0.02303518532826084,0.398,0.0,0.022917651,1.5
3.5555100482229283,-1.686029703378207,1.5,289.07546162696667,4.901665347409402,0.399,0.023007585774992553,0.399,0.0,0.022917651,1.5
3.5556575861310042,-1.6833354155442666,1.5,289.0846850986126,4.900810596530591,0.4000000000000001,0.022979346191307686,0.4,0.0,0.022917651,1.5
3.5558795542501036,-1.6808023318547174,1.5,289.0555738262483,4.900134486238484,0.401,0.02297815727705147,0.401,0.0,0.022917651,1.5
3.556101379474664,-1.6782672963378995,1.5,289.02588557118105,4.899455852510246,0.4020000000000001,0.022976992068986013,0.402,0.0,0.022917651,1.5
3.556323064843817,-1.675730350505964,1.5,288.99563260488276,4.898774749015207,0.403,0.022975850062919672,0.403,0.0,0.022917651,1.5
3.556544613311117,-1.673191534702156,1.5,288.9648268532829,4.898091227911467,0.404,0.022974730768857938,0.404,0.0,0.022917651,1.5
3.5567660277475333,-1.6706508881416693,1.5,288.93347990884627,4.897405339898715,0.405,0.022973633710507188,0.405,0.0,0.022917651,1.5
3.5569873109443186,-1.6681084489508005,1.5,288.90160304214663,4.8967171342688545,0.4060000000000001,0.022972558424799176,0.406,0.0,0.022917651,1.5
3.5572084656157514,-1.6655642542044808,1.5,288.86920721296235,4.896026658954514,0.40700000000000003,0.022971504461435126,0.40700000000000003,0.0,0.022917651,1.5
3.557429494401776,-1.6630183399622718,1.5,288.8363030809166,4.8953339605756,0.40800000000000003,0.0229704713824486,0.40800000000000003,0.0,0.022917651,1.5
3.5576514277451405,-1.6605032269616415,1.5,288.78425762256427,4.894675680450281,0.4090000000000001,0.02296941676019772,0.40900000000000003,0.0,0.022917651,1.5
3.557873451546562,-1.6579939407665172,1.5,288.7275547451626,4.894023588657466,0.41000000000000003,0.022968375879661596,0.41000000000000003,0.0,0.022917651,1.5
3.5580952808438813,-1.655481483247816,1.5,288.67141135523923,4.893367547551354,0.4110000000000001,0.02296736015100384,0.41100000000000003,0.0,0.022917651,1.5
3.5583169214194657,-1.6529659486850914,1.5,288.615810819919,4.892707674540177,0.41200000000000003,0.02296636882649001,0.41200000000000003,0.0,0.022917651,1.5
3.558538378828729,-1.650447427657479,1.5,288.5607371591572,4.892044082423963,0.41300000000000014,0.022965401187733808,0.41300000000000003,0.0,0.022917651,1.5
3.558759658411156,-1.6479260072234827,1.5,288.506175014022,4.8913768796184245,0.41400000000000003,0.022964456544271195,0.41400000000000003,0.0,0.022917651,1.5
3.5589807653006953,-1.6454017710903777,1.5,288.452109616808,4.89070617036592,0.41500000000000004,0.022963534232216833,0.41500000000000004,0.0,0.022917651,1.5
3.5592017044355515,-1.642874799773926,1.5,288.3985267628592,4.890032054934358,0.4160000000000001,0.022962633612997402,0.41600000000000004,0.0,0.022917651,1.5
3.5594224805674273,-1.6403451707490442,1.5,288.3454127839878,4.889354629804813,0.4170000000000001,0.022961754072156615,0.417,0.0,0.022917651,1.5
3.559643098270247,-1.6378129585920158,1.5,288.29275452338544,4.888673987848639,0.418,0.02296089501822736,0.418,0.0,0.022917651,1.5
3.559863561948393,-1.6352782351147965,1.5,288.2405393119285,4.887990218494714,0.41899999999999993,0.022960055881666493,0.419,0.0,0.022917651,1.5
3.560083875844488,-1.63274106949192,1.5,288.18875494578987,4.887303407887481,0.42,0.022959236113848376,0.42,0.0,0.022917651,1.5
3.5603040440467555,-1.630201528380476,1.5,288.1373896652717,4.886613639036362,0.421,0.0229584351861133,0.421,0.0,0.022917651,1.5
3.560524070495977,-1.6276596760335982,1.5,288.0864321347838,4.8859209919570805,0.42200000000000004,0.022957652588867394,0.422,0.0,0.022917651,1.5
3.5607439589920844,-1.6251155744078685,1.5,288.03587142389586,4.88522554380542,0.42299999999999993,0.022956887830730847,0.423,0.0,0.022917651,1.5
3.560963713200392,-1.622569283265013,1.5,287.9856969893957,4.884527369003865,0.42400000000000004,0.022956140437731316,0.424,0.0,0.022917651,1.5
3.5611833366575105,-1.6200208602682413,1.5,287.93589865829296,4.883826539361574,0.425,0.022955409952539866,0.425,0.0,0.022917651,1.5
3.56140283277694,-1.6174703610735564,1.5,287.88646661171055,4.883123124188092,0.42599999999999993,0.022954695933746785,0.426,0.0,0.022917651,1.5
3.5616222048543884,-1.614917839416337,1.5,287.8373913696093,4.882417190401171,0.42699999999999994,0.0229539979551749,0.427,0.0,0.022917651,1.5
3.5618414560728047,-1.6123633471934786,1.5,287.788663776297,4.881708802629063,0.42800000000000005,0.022953315605228126,0.428,0.0,0.022917651,1.5
3.562060589507158,-1.6098069345413508,1.5,287.74027498667436,4.880998023307603,0.42899999999999994,0.022952648486273153,0.429,0.0,0.022917651,1.5
3.5622796081289847,-1.607248649909825,1.5,287.69221645317583,4.880284912772392,0.42999999999999994,0.022951996214052348,0.43,0.0,0.022917651,1.5
3.562498514810696,-1.6046885401325972,1.5,287.644479913363,4.879569529346381,0.431,0.022951358417126037,0.431,0.0,0.022917651,1.5
3.5627173123296796,-1.6021266504940186,1.5,287.5970573781335,4.8788519294230825,0.432,0.022950734736342435,0.432,0.0,0.022917651,1.5
3.5629360779100865,-1.599569764088135,1.5,287.5469635868408,4.878139205091986,0.433,0.022950133142762057,0.433,0.0,0.022917651,1.5
3.563154998507494,-1.5970376639207589,1.5,287.48543386714437,4.877451887485184,0.434,0.022949579369659516,0.434,0.0,0.022917651,1.5
3.5633737441487057,-1.5945021764938188,1.5,287.42490880620096,4.876760482804391,0.435,0.022949039181029387,0.435,0.0,0.022917651,1.5
3.563592321321977,-1.591963427423956,1.5,287.36535114620455,4.87606514261889,0.43599999999999994,0.022948512073091013,0.436,0.0,0.022917651,1.5
3.5638107361986613,-1.5894215361923276,1.5,287.3067254491303,4.875366011094879,0.43699999999999994,0.02294799756666989,0.437,0.0,0.022917651,1.5
3.5640289946523183,-1.5868766165146801,1.5,287.24899798696936,4.874663225442,0.43800000000000006,0.022947495205713445,0.438,0.0,0.022917651,1.5
3.5642471022764646,-1.5843287766849563,1.5,287.1921366398159,4.873956916327934,0.439,0.022947004555913034,0.439,0.0,0.022917651,1.5
3.564465064401069,-1.5817781198946226,1.5,287.1361108011553,4.873247208263707,0.44,0.022946525203423312,0.44,0.0,0.022917651,1.5
3.5646828861078927,-1.579224744529682,1.5,287.0808912897697,4.87253421996206,0.44100000000000006,0.022946056753671045,0.441,0.0,0.022917651,1.5
3.564900572244771,-1.5766687444471876,1.5,287.0264502677247,4.871818064671097,0.44200000000000006,0.022945598830246192,0.442,0.0,0.022917651,1.5
3.5651181274389154,-1.5741102092328725,1.5,286.97276116395614,4.871098850485139,0.443,0.02294515107386865,0.443,0.0,0.022917651,1.5
3.5653355561093347,-1.5715492244413973,1.5,286.91979860301313,4.870376680634605,0.44399999999999995,0.0229447131414248,0.444,0.0,0.022917651,1.5
3.565552862478403,-1.5689858718205587,1.5,286.867538338558,4.869651653756547,0.44500000000000006,0.022944284705068284,0.445,0.0,0.022917651,1.5
3.5657700505826844,-1.5664202295206988,1.5,286.8159571912554,4.86892386414732,0.446,0.022943865451380205,0.446,0.0,0.022917651,1.5
3.5659871242830383,-1.563852372290443,1.5,286.76503299071675,4.868193401998759,0.447,0.022943455080584117,0.447,0.0,0.022917651,1.5
3.566204087274079,-1.561282371659793,1.5,286.71474452119486,4.867460353619106,0.44800000000000006,0.022943053305811728,0.448,0.0,0.022917651,1.5
3.5664209430930276,-1.5587102961115227,1.5,286.66507147074833,4.866724801639808,0.44900000000000007,0.022942659852415552,0.449,0.0,0.022917651,1.5
3.5666376951280045,-1.556136211241735,1.5,286.61599438362015,4.865986825209252,0.45000000000000007,0.02294227445732498,0.45,0.0,0.022917651,1.5
3.566854346625805,-1.5535601799103735,1.5,286.56749461559605,4.865246500174368,0.451,0.02294189686844265,0.451,0.0,0.022917651,1.5
3.5670709006991905,-1.5509822623824152,1.5,286.5195542921274,4.864503899250993,0.452,0.022941526844078228,0.452,0.0,0.022917651,1.5
3.5672873603337347,-1.5484025164604072,1.5,286.4721562690201,4.863759092183795,0.453,0.022941164152416847,0.453,0.0,0.022917651,1.5
3.5675037283942546,-1.545820997608965,1.5,286.4252840955091,4.8630121458964854,0.454,0.022940808571019836,0.454,0.0,0.022917651,1.5
3.567720007630854,-1.5432377590717905,1.5,286.37892197955057,4.862263124633021,0.45500000000000007,0.02294045988635539,0.455,0.0,0.022917651,1.5
3.5679362006846076,-1.5406528519817337,1.5,286.33305475517795,4.861512090090395,0.456,0.022940117893357228,0.456,0.0,0.022917651,1.5
3.568152310092915,-1.5380663254643716,1.5,286.2876678517807,4.8607591015436284,0.457,0.02293978239500913,0.457,0.0,0.022917651,1.5
3.568368338294533,-1.5354782267355476,1.5,286.2427472651734,4.860004215963447,0.458,0.022939453201953793,0.458,0.0,0.022917651,1.5
3.5685842876343234,-1.5328886011932785,1.5,286.19827953033666,4.8592474881271865,0.459,0.022939130132124244,0.459,0.0,0.022917651,1.5
3.568800160367737,-1.5302974925044053,1.5,286.15425169571716,4.858488970723344,0.46,0.022938813010396325,0.46,0.0,0.022917651,1.5
3.569015958665023,-1.5277049426863314,1.5,286.110651298983,4.857728714450198,0.461,0.022938501668260867,0.461,0.0,0.022917651,1.5
3.569231684615223,-1.5251109921841766,1.5,286.06746634414094,4.856966768108911,0.4620000000000001,0.022938195943514306,0.462,0.0,0.022917651,1.5
3.5694473402299307,-1.5225156799436363,1.5,286.0246852799254,4.856203178691435,0.463,0.02293789567996644,0.463,0.0,0.022917651,1.5
3.5696629274468497,-1.5199190434798318,1.5,285.9822969793786,4.855437991463586,0.464,0.02293760072716434,0.464,0.0,0.022917651,1.5
3.569878448133154,-1.5173211189423956,1.5,285.9402907205456,4.854671250043584,0.4650000000000001,0.02293731094013132,0.465,0.0,0.022917651,1.5
3.570094838144048,-1.5147275639014737,1.5,285.8964831612827,4.853912355244516,0.466,0.022937042760420464,0.466,0.0,0.022917651,1.5
3.5703112611303514,-1.5121331683127563,1.5,285.8529891400831,4.853152751778889,0.467,0.02293678000233968,0.467,0.0,0.022917651,1.5
3.570527618568732,-1.5095373598746094,1.5,285.8100351174739,4.852391473270618,0.468,0.02293652071457896,0.468,0.0,0.022917651,1.5
3.5707439123885814,-1.5069401801740012,1.5,285.7676051986941,4.85162856902428,0.4690000000000001,0.02293626479499006,0.46900000000000003,0.0,0.022917651,1.5
3.5709601444443044,-1.5043416691816176,1.5,285.725684106734,4.850864086428224,0.47000000000000003,0.022936012145394733,0.47000000000000003,0.0,0.022917651,1.5
3.5711763165189288,-1.5017418653296304,1.5,285.684257152613,4.850098071046776,0.47100000000000003,0.022935762671393734,0.47100000000000003,0.0,0.022917651,1.5
3.5713924303275046,-1.4991408055850113,1.5,285.64331020735676,4.849330566707146,0.47200000000000003,0.022935516282186697,0.47200000000000003,0.0,0.022917651,1.5
3.5716084875203156,-1.4965385255187014,1.5,285.602829675562,4.848561615581448,0.47300000000000003,0.022935272890402293,0.47300000000000003,0.0,0.022917651,1.5
3.571824489685904,-1.493935059370893,1.5,285.5628024704445,4.847791258264086,0.47400000000000003,0.022935032411937836,0.47400000000000003,0.0,0.022917651,1.5
3.572040438353938,-1.491330440112685,1.5,285.5232159902746,4.847019533844855,0.47500000000000003,0.02293479476580786,0.47500000000000003,0.0,0.022917651,1.5
3.572256334997905,-1.4887246995043386,1.5,285.4840580961107,4.846246479978012,0.4760000000000001,0.022934559874001028,0.47600000000000003,0.0,0.022917651,1.5
3.5724721810376754,-1.4861178681503582,1.5,285.44531709074784,4.845472132947572,0.47700000000000004,0.02293432766134484,0.47700000000000004,0.0,0.022917651,1.5
3.572687977841915,-1.4835099755515888,1.5,285.40698169880585,4.844696527729074,0.47800000000000004,0.02293409805537767,0.47800000000000004,0.0,0.022917651,1.5
3.5729037267303743,-1.4809010501545212,1.5,285.36904104788414,4.843919698048041,0.4790000000000001,0.022933870986227643,0.47900000000000004,0.0,0.022917651,1.5
3.573119428976054,-1.4782911193979793,1.5,285.33148465071787,4.843141676435329,0.48000000000000004,0.022933646386497985,0.48,0.0,0.022917651,1.5
3.5733350858072557,-1.4756802097573447,1.5,285.29430238827484,4.842362494279559,0.481,0.022933424191158375,0.481,0.0,0.022917651,1.5
3.5735506984095284,-1.473068346786477,1.5,285.2574844937336,4.841582181876812,0.482,0.022933204337441986,0.482,0.0,0.022917651,1.5
3.5737662679275135,-1.4704555551574603,1.5,285.22102153729185,4.840800768477761,0.483,0.022932986764747868,0.483,0.0,0.022917651,1.5
3.57398179546669,-1.467841858698313,1.5,285.18490441175396,4.840018282332368,0.48400000000000004,0.022932771414548303,0.484,0.0,0.022917651,1.5
3.5741972820950387,-1.4652272804287758,1.5,285.14912431885205,4.839234750732324,0.485,0.022932558230300906,0.485,0.0,0.022917651,1.5
3.5744127288446186,-1.462611842594298,1.5,285.11367275625685,4.8384502000513345,0.486,0.02293234715736516,0.486,0.0,0.022917651,1.5
3.5746281367130623,-1.459995566698319,1.5,285.07854150523906,4.837664655783398,0.48700000000000004,0.02293213814292311,0.487,0.0,0.022917651,1.5
3.5748435066650024,-1.4573784735329518,1.5,285.0437226189422,4.836878142579175,0.488,0.022931931135903996,0.488,0.0,0.022917651,1.5
3.5750588396334226,-1.454760583208153,1.5,285.00920841123343,4.836090684280583,0.489,0.022931726086912626,0.489,0.0,0.022917651,1.5
3.575274136520947,-1.452141915179473,1.5,284.97499144609776,4.835302303953684,0.49,0.022931522948161174,0.49,0.0,0.022917651,1.5
3.5754893982010625,-1.4495224882744584,1.5,284.9410645275463,4.834513023919995,0.49100000000000005,0.02293132167340437,0.491,0.0,0.022917651,1.5
3.575704625519287,-1.4469023207177887,1.5,284.9074206900091,4.833722865786291,0.492,0.022931122217877728,0.492,0.0,0.022917651,1.5
3.575919819294281,-1.4442814301552163,1.5,284.8740531891858,4.8329318504729795,0.493,0.022930924538238764,0.493,0.0,0.022917651,1.5
3.5761349803189018,-1.441659833676371,1.5,284.8409554933285,4.832139998241144,0.49400000000000005,0.02293072859251097,0.494,0.0,0.022917651,1.5
3.5763501093612162,-1.4390375478364983,1.5,284.808121274934,4.83134732871831,0.495,0.02293053434003042,0.495,0.0,0.022917651,1.5
3.5765652071654603,-1.4364145886771853,1.5,284.77554440282245,4.830553860923026,0.496,0.022930341741394876,0.496,0.0,0.022917651,1.5
3.5767802744529553,-1.4337909717461272,1.5,284.74321893458136,4.829759613288292,0.497,0.022930150758415202,0.497,0.0,0.022917651,1.5
3.5769953119229845,-1.4311667121159921,1.5,284.71113910935685,4.828964603683922,0.49800000000000005,0.022929961354069075,0.498,0.0,0.022917651,1.5
3.5772103202536276,-1.428541824402422,1.5,284.67929934097236,4.8281688494378985,0.499,0.022929773492456732,0.499,0.0,0.022917651,1.5
3.5774253001025595,-1.4259163227812284,1.5,284.6476942113572,4.827372367356745,0.5,0.022929587138758752,0.5,0.0,0.022917651,1.5
3.577728481360517,-1.4230526419969898,1.5,284.7666112340814,4.826513224012392,0.501,0.022929555492348253,0.501,0.0,0.022917651,1.5
3.5780316619871217,-1.420188969586274,1.5,284.8855036519429,4.8256540865161925,0.5020000000000001,0.022929523858237436,0.502,0.0,0.022917651,1.5
3.57833484197745,-1.4173253056143789,1.5,285.0043712730673,4.8247949549137505,0.503,0.022929492236522218,0.503,0.0,0.022917651,1.5
3.5786380213265274,-1.4144616501472846,1.5,285.1232139035797,4.823935829251146,0.504,0.022929460627299513,0.504,0.0,0.022917651,1.5
3.5789412000293273,-1.41159800325166,1.5,285.24203134757914,4.823076709574942,0.505,0.02292942903066724,0.505,0.0,0.022917651,1.5
3.5792443780807712,-1.4087343649948727,1.5,285.3608234071116,4.822217595932188,0.506,0.022929397446724373,0.506,0.0,0.022917651,1.5
3.5795475554757252,-1.4058707354449982,1.5,285.4795898821429,4.8213584883704295,0.507,0.022929365875570894,0.507,0.0,0.022917651,1.5
3.579850732209002,-1.4030071146708292,1.5,285.598330570532,4.820499386937713,0.508,0.02292933431730785,0.508,0.0,0.022917651,1.5
3.580153908275361,-1.4001435027418854,1.5,285.71704526800283,4.819640291682589,0.509,0.022929302772037367,0.509,0.0,0.022917651,1.5
3.5804570836695047,-1.397279899728421,1.5,285.8357337681154,4.818781202654127,0.51,0.02292927123986263,0.51,0.0,0.022917651,1.5
3.580760258386079,-1.394416305701439,1.5,285.9543958622382,4.817922119901913,0.511,0.02292923972088794,0.511,0.0,0.022917651,1.5
3.581063432419674,-1.3915527207326956,1.5,286.07303133951825,4.817063043476064,0.512,0.02292920821521869,0.512,0.0,0.022917651,1.5
3.5813666057648224,-1.3886891448947154,1.5,286.19163998685167,4.816203973427231,0.5130000000000001,0.022929176722961415,0.513,0.0,0.022917651,1.5
3.581669778415996,-1.3858255782607976,1.5,286.31022158885366,4.8153449098066075,0.514,0.02292914524422379,0.514,0.0,0.022917651,1.5
3.5819729503676103,-1.3829620209050284,1.5,286.4287759278277,4.814485852665936,0.5150000000000001,0.02292911377911462,0.515,0.0,0.022917651,1.5
3.5822761216140178,-1.380098472902292,1.5,286.5473027837348,4.8136268020575175,0.5160000000000001,0.022929082327743922,0.516,0.0,0.022917651,1.5
3.5825792921495117,-1.3772349343282795,1.5,286.6658019341614,4.812767758034213,0.517,0.02292905089022286,0.517,0.0,0.022917651,1.5
3.5828824619683237,-1.3743714052595015,1.5,286.7842731542877,4.811908720649462,0.5180000000000001,0.022929019466663828,0.518,0.0,0.022917651,1.5
3.583185631064622,-1.3715078857732994,1.5,286.90271621685474,4.811049689957276,0.519,0.02292898805718043,0.519,0.0,0.022917651,1.5
3.5834887994325126,-1.368644375947855,1.5,287.0211308921316,4.810190666012261,0.52,0.022928956661887507,0.52,0.0,0.022917651,1.5
3.583791967066035,-1.365780875862203,1.5,287.13951694788125,4.809331648869614,0.521,0.022928925280901145,0.521,0.0,0.022917651,1.5
3.584095133959166,-1.3629173855962426,1.5,287.2578741493264,4.808472638585139,0.522,0.022928893914338708,0.522,0.0,0.022917651,1.5
3.5843983001058146,-1.3600539052307499,1.5,287.3762022591151,4.807613635215249,0.5230000000000001,0.02292886256231885,0.523,0.0,0.022917651,1.5
3.5847014654998244,-1.3571904348473882,1.5,287.4945010372845,4.8067546388169795,0.5240000000000001,0.022928831224961525,0.524,0.0,0.022917651,1.5
3.585004630134969,-1.354326974528723,1.5,287.612770241226,4.805895649447995,0.525,0.022928799902388,0.525,0.0,0.022917651,1.5
3.585307794004955,-1.3514635243582311,1.5,287.73100962564735,4.805036667166597,0.526,0.022928768594720914,0.526,0.0,0.022917651,1.5
3.585610957103418,-1.3486000844203168,1.5,287.84921894253665,4.804177692031733,0.5270000000000001,0.022928737302084227,0.527,0.0,0.022917651,1.5
3.5859141194239235,-1.3457366548003216,1.5,287.96739794112386,4.803318724103008,0.528,0.022928706024603302,0.528,0.0,0.022917651,1.5
3.5862172809599646,-1.3428732355845387,1.5,288.0855463678425,4.802459763440689,0.5290000000000001,0.022928674762404892,0.529,0.0,0.022917651,1.5
3.5865204417049634,-1.340009826860228,1.5,288.2036639662905,4.80160081010572,0.5300000000000001,0.02292864351561717,0.53,0.0,0.022917651,1.5
3.5868236016522657,-1.337146428715626,1.5,288.32175047719085,4.800741864159725,0.5310000000000001,0.022928612284369754,0.531,0.0,0.022917651,1.5
3.5871267607951447,-1.3342830412399618,1.5,288.43980563835055,4.799882925665023,0.532,0.0229285810687937,0.532,0.0,0.022917651,1.5
3.5874299191267958,-1.3314196645234715,1.5,288.55782918461995,4.799023994684635,0.533,0.022928549869021552,0.533,0.0,0.022917651,1.5
3.587733076640339,-1.3285562986574115,1.5,288.67582084785096,4.798165071282298,0.5340000000000001,0.022928518685187367,0.534,0.0,0.022917651,1.5
3.5880362333288156,-1.3256929437340723,1.5,288.7937803568542,4.797306155522468,0.535,0.0229284875174267,0.535,0.0,0.022917651,1.5
3.5883393891851876,-1.322829599846795,1.5,288.9117074373562,4.796447247470332,0.536,0.02292845636587666,0.536,0.0,0.022917651,1.5
3.5886425442023375,-1.3199662670899848,1.5,289.029601811955,4.795588347191826,0.537,0.02292842523067591,0.537,0.0,0.022917651,1.5
3.588945698373065,-1.317102945559127,1.5,289.14746320007583,4.794729454753639,0.538,0.022928394111964713,0.538,0.0,0.022917651,1.5
3.5892488516900882,-1.3142396353508017,1.5,289.2652913179253,4.793870570223222,0.5390000000000001,0.022928363009884937,0.539,0.0,0.022917651,1.5
3.5895520041460425,-1.3113763365627014,1.5,289.38308587844534,4.793011693668804,0.54,0.022928331924580075,0.54,0.0,0.022917651,1.5
3.589855155733476,-1.3085130492936439,1.5,289.50084659126594,4.792152825159402,0.5410000000000001,0.022928300856195277,0.541,0.0,0.022917651,1.5
3.5901583064448515,-1.3056497736435912,1.5,289.6185731626572,4.7912939647648285,0.542,0.022928269804877378,0.542,0.0,0.022917651,1.5
3.590461456272545,-1.3027865097136662,1.5,289.73626529548096,4.79043511255571,0.543,0.022928238770774913,0.543,0.0,0.022917651,1.5
3.590764605208844,-1.2999232576061672,1.5,289.85392268914086,4.789576268603493,0.544,0.022928207754038143,0.544,0.0,0.022917651,1.5
3.591067753245943,-1.2970600174245868,1.5,289.97154503953186,4.788717432980456,0.545,0.022928176754819098,0.545,0.0,0.022917651,1.5
3.59137090037595,-1.2941967892736304,1.5,290.08913203898936,4.7878586057597285,0.546,0.022928145773271562,0.546,0.0,0.022917651,1.5
3.5916740465908763,-1.2913335732592306,1.5,290.20668337623636,4.786999787015293,0.547,0.02292811480955115,0.547,0.0,0.022917651,1.5
3.5919771918826413,-1.2884703694885693,1.5,290.32419873633063,4.786140976822008,0.548,0.02292808386381529,0.548,0.0,0.022917651,1.5
3.5922803362430678,-1.2856071780700933,1.5,290.4416778006106,4.785282175255612,0.549,0.02292805293622328,0.549,0.0,0.022917651,1.5
3.5925834796638814,-1.2827439991135334,1.5,290.55912024664036,4.784423382392745,0.5500000000000002,0.0229280220269363,0.55,0.0,0.022917651,1.5
3.5928866221367124,-1.279880832729925,1.5,290.67652574815315,4.783564598310952,0.551,0.022927991136117452,0.551,0.0,0.022917651,1.5
3.593189763653087,-1.2770176790316263,1.5,290.79389397499483,4.782705823088707,0.552,0.022927960263931773,0.552,0.0,0.022917651,1.5
3.593492904204434,-1.2741545381323374,1.5,290.9112245930657,4.781847056805419,0.553,0.022927929410546274,0.553,0.0,0.022917651,1.5
3.5937960437820764,-1.2712914101471227,1.5,291.0285172642612,4.780988299541449,0.554,0.02292789857612997,0.554,0.0,0.022917651,1.5
3.594099182377234,-1.2684282951924288,1.5,291.1457716464118,4.780129551378128,0.555,0.022927867760853912,0.555,0.0,0.022917651,1.5
3.594402319981023,-1.2655651933861072,1.5,291.26298739322175,4.779270812397759,0.556,0.022927836964891205,0.556,0.0,0.022917651,1.5
3.5947054565844487,-1.2627021048474345,1.5,291.38016415420685,4.7784120826836505,0.557,0.02292780618841705,0.557,0.0,0.022917651,1.5
3.5950085921784085,-1.259839029697135,1.5,291.4973015746305,4.777553362320116,0.5580000000000002,0.022927775431608777,0.558,0.0,0.022917651,1.5
3.5953117267536894,-1.2569759680574009,1.5,291.61439929543945,4.776694651392496,0.559,0.02292774469464588,0.559,0.0,0.022917651,1.5
3.595614860300966,-1.2541129200519172,1.5,291.73145695319783,4.775835949987173,0.56,0.022927713977710026,0.56,0.0,0.022917651,1.5
3.595917992810799,-1.251249885805883,1.5,291.8484741800199,4.774977258191587,0.5610000000000002,0.02292768328098512,0.561,0.0,0.022917651,1.5
3.596221124273631,-1.2483868654460335,1.5,291.9654506035019,4.774118576094253,0.562,0.022927652604657324,0.562,0.0,0.022917651,1.5
3.5965242546797898,-1.2455238591006674,1.5,292.0823858466525,4.7732599037847745,0.563,0.02292762194891509,0.5630000000000001,0.0,0.022917651,1.5
3.596827384019482,-1.2426608668996675,1.5,292.1992795278218,4.772401241353863,0.5640000000000001,0.022927591313949204,0.5640000000000001,0.0,0.022917651,1.5
3.597130512282794,-1.2397978889745267,1.5,292.3161312606292,4.771542588893354,0.5650000000000001,0.022927560699952807,0.5650000000000001,0.0,0.022917651,1.5
3.5974336394596866,-1.2369349254583728,1.5,292.4329406538901,4.770683946496225,0.5660000000000002,0.022927530107121452,0.5660000000000001,0.0,0.022917651,1.5
3.5977367655399983,-1.234071976485994,1.5,292.5497073115405,4.769825314256616,0.5670000000000001,0.022927499535653127,0.5670000000000001,0.0,0.022917651,1.5
3.5980398905134385,-1.2312090421938657,1.5,292.6664308325612,4.768966692269841,0.5680000000000001,0.022927468985748295,0.5680000000000001,0.0,0.022917651,1.5
3.5983430143695876,-1.228346122720175,1.5,292.7831108108998,4.768108080632412,0.5690000000000001,0.02292743845760993,0.5690000000000001,0.0,0.022917651,1.5
3.5986461370978966,-1.2254832182048498,1.5,292.8997468353916,4.7672494794420555,0.5700000000000001,0.022927407951443584,0.5700000000000001,0.0,0.022917651,1.5
3.5989492586876812,-1.2226203287895847,1.5,293.01633848967873,4.766390888797732,0.5710000000000001,0.022927377467457377,0.5710000000000001,0.0,0.022917651,1.5
3.5992523791281212,-1.21975745461787,1.5,293.132885352128,4.765532308799656,0.5720000000000002,0.02292734700586208,0.5720000000000001,0.0,0.022917651,1.5
3.5995554984082623,-1.2168945958350195,1.5,293.2493869957472,4.764673739549318,0.5730000000000001,0.022927316566871143,0.5730000000000001,0.0,0.022917651,1.5
3.5998586165170066,-1.2140317525882,1.5,293.3658429880994,4.7638151811495,0.5740000000000001,0.022927286150700738,0.5740000000000001,0.0,0.022917651,1.5
3.600161733443117,-1.211168925026461,1.5,293.4822528912162,4.762956633704299,0.5750000000000001,0.022927255757569806,0.5750000000000001,0.0,0.022917651,1.5
3.60046484917521,-1.2083061133007642,1.5,293.5986162615088,4.762098097319149,0.5760000000000001,0.022927225387700076,0.5760000000000001,0.0,0.022917651,1.5
3.6007679637017582,-1.205443317564016,1.5,293.71493264967773,4.761239572100842,0.577,0.022927195041316156,0.577,0.0,0.022917651,1.5
3.601071077011083,-1.2025805379710957,1.5,293.83120160062026,4.760381058157544,0.578,0.02292716471864555,0.578,0.0,0.022917651,1.5
3.6013741890913553,-1.1997177746788914,1.5,293.94742265333696,4.759522555598831,0.579,0.022927134419918706,0.579,0.0,0.022917651,1.5
3.6016772999305924,-1.1968550278463295,1.5,294.06359534083543,4.758664064535698,0.5800000000000001,0.02292710414536906,0.58,0.0,0.022917651,1.5
3.6019804095166545,-1.1939922976344093,1.5,294.1797191900329,4.757805585080587,0.581,0.02292707389523311,0.581,0.0,0.022917651,1.5
3.6022835178372454,-1.1911295842062375,1.5,294.2957937216565,4.756947117347415,0.582,0.022927043669750426,0.582,0.0,0.022917651,1.5
3.6025866248799043,-1.1882668877270606,1.5,294.4118184501415,4.7560886614515905,0.583,0.02292701346916375,0.583,0.0,0.022917651,1.5
3.602889730632007,-1.1854042083643026,1.5,294.5277928835281,4.755230217510045,0.584,0.022926983293719002,0.584,0.0,0.022917651,1.5
3.6031928350807645,-1.1825415462875999,1.5,294.6437165233555,4.7543717856412515,0.585,0.022926953143665354,0.585,0.0,0.022917651,1.5
3.6034959382132166,-1.1796789016688374,1.5,294.7595888645542,4.7535133659652615,0.5860000000000001,0.022926923019255287,0.586,0.0,0.022917651,1.5
3.6037990400162307,-1.1768162746821864,1.5,294.8754093953363,4.752654958603714,0.587,0.022926892920744634,0.587,0.0,0.022917651,1.5
3.6041021404764995,-1.1739536655041436,1.5,294.9911775970832,4.751796563679876,0.588,0.022926862848392654,0.588,0.0,0.022917651,1.5
3.604405239580536,-1.1710910743135683,1.5,295.1068929442315,4.750938181318668,0.589,0.022926832802462067,0.589,0.0,0.022917651,1.5
3.6047083373146758,-1.1682285012917237,1.5,295.2225549041559,4.750079811646682,0.59,0.022926802783219118,0.59,0.0,0.022917651,1.5
3.605011433665066,-1.1653659466223163,1.5,295.3381629370508,4.749221454792223,0.5910000000000001,0.02292677279093366,0.591,0.0,0.022917651,1.5
3.605314528617667,-1.1625034104915373,1.5,295.4537164958084,4.748363110885327,0.592,0.022926742825879178,0.592,0.0,0.022917651,1.5
3.605617622158251,-1.159640893088106,1.5,295.5692150258952,4.7475047800578,0.593,0.022926712888332885,0.593,0.0,0.022917651,1.5
3.605920714272396,-1.1567783946033112,1.5,295.6846579652251,4.7466464624432385,0.5940000000000001,0.02292668297857575,0.594,0.0,0.022917651,1.5
3.6062238049454796,-1.1539159152310559,1.5,295.8000447440308,4.7457881581770645,0.595,0.022926653096892603,0.595,0.0,0.022917651,1.5
3.606526894162683,-1.151053455167902,1.5,295.91537478473225,4.744929867396562,0.5960000000000001,0.02292662324357217,0.596,0.0,0.022917651,1.5
3.6068299819089815,-1.1481910146131167,1.5,296.0306475018016,4.7440715902409,0.597,0.02292659341890714,0.597,0.0,0.022917651,1.5
3.607133068169143,-1.1453285937687179,1.5,296.1458623016268,4.743213326851168,0.598,0.022926563623194264,0.598,0.0,0.022917651,1.5
3.6074361529277237,-1.1424661928395217,1.5,296.261018582371,4.742355077370414,0.599,0.022926533856734377,0.599,0.0,0.022917651,1.5
3.6077392361690674,-1.1396038120331937,1.5,296.37611573383003,4.741496841943674,0.6,0.022926504119832533,0.6,0.0,0.022917651,1.5
3.6081012703673223,-1.1367561674896838,1.5,296.46882794579017,4.7407668021834946,0.601,0.022926500903129112,0.601,0.0,0.022917651,1.5
3.608463321432555,-1.133908406365534,1.5,296.56168520907545,4.740036713311614,0.602,0.02292649767682473,0.602,0.0,0.022917651,1.5
3.6088253895668907,-1.1310605272637138,1.5,296.65468926189124,4.7393065747395084,0.603,0.022926494440804322,0.603,0.0,0.022917651,1.5
3.609187474975693,-1.1282125287647813,1.5,296.74784187032736,4.738576385869209,0.6040000000000001,0.022926491194950997,0.604,0.0,0.022917651,1.5
3.6095495778676363,-1.1253644094264341,1.5,296.8411448289191,4.737846146093122,0.605,0.022926487939145968,0.605,0.0,0.022917651,1.5
3.6099116984547703,-1.1225161677830429,1.5,296.93459996122215,4.737115854793825,0.6060000000000001,0.022926484673268542,0.606,0.0,0.022917651,1.5
3.610273836952584,-1.1196678023451818,1.5,297.02820912040187,4.73638551134387,0.607,0.02292648139719606,0.607,0.0,0.022917651,1.5
3.610635993580084,-1.1168193115991425,1.5,297.12197418983675,4.735655115105579,0.608,0.02292647811080385,0.608,0.0,0.022917651,1.5
3.6109981685598584,-1.1139706940064362,1.5,297.2158970837365,4.734924665430838,0.6090000000000001,0.022926474813965213,0.609,0.0,0.022917651,1.5
3.611360362118157,-1.111121948003286,1.5,297.30997974777534,4.734194161660875,0.61,0.022926471506551367,0.61,0.0,0.022917651,1.5
3.6117225744849613,-1.108273072000104,1.5,297.4042241597417,4.733463603126049,0.6110000000000001,0.022926468188431408,0.611,0.0,0.022917651,1.5
3.6120848058940673,-1.1054240643809563,1.5,297.49863233020307,4.732732989145618,0.612,0.022926464859472244,0.612,0.0,0.022917651,1.5
3.6124470565831595,-1.1025749235030176,1.5,297.59320630318814,4.7320023190275124,0.613,0.02292646151953859,0.613,0.0,0.022917651,1.5
3.6128093267938954,-1.0997256476960051,1.5,297.6879481568855,4.731271592068097,0.614,0.022926458168492887,0.614,0.0,0.022917651,1.5
3.6131716167719885,-1.0968762352616066,1.5,297.7828600043607,4.730540807551924,0.615,0.02292645480619527,0.615,0.0,0.022917651,1.5
3.613533926767293,-1.0940266844728876,1.5,297.8779439942908,4.729809964751494,0.6160000000000002,0.02292645143250352,0.616,0.0,0.022917651,1.5
3.6138962570338924,-1.091176993573686,1.5,297.9732023117175,4.7290790629269885,0.617,0.022926448047273004,0.617,0.0,0.022917651,1.5
3.6142586078301875,-1.0883271607779923,1.5,298.06863717882004,4.728348101326021,0.6180000000000001,0.02292644465035664,0.618,0.0,0.022917651,1.5
3.614620979418989,-1.0854771842693123,1.5,298.16425085570745,4.727617079183362,0.619,0.022926441241604836,0.619,0.0,0.022917651,1.5
3.614983372067616,-1.0826270622000127,1.5,298.26004564123116,4.726885995720659,0.6200000000000001,0.022926437820865415,0.62,0.0,0.022917651,1.5
3.615345786047986,-1.0797767926906527,1.5,298.3560238738189,4.726154850146166,0.6210000000000001,0.022926434387983613,0.621,0.0,0.022917651,1.5
3.6157082216367202,-1.0769263738292956,1.5,298.4521879323301,4.725423641654444,0.622,0.02292643094280196,0.622,0.0,0.022917651,1.5
3.616070679115242,-1.0740758036708045,1.5,298.5485402369332,4.72469236942607,0.6230000000000001,0.022926427485160272,0.623,0.0,0.022917651,1.5
3.616433158769884,-1.0712250802361156,1.5,298.64508325000645,4.723961032627328,0.6240000000000001,0.022926424014895565,0.624,0.0,0.022917651,1.5
3.6167956608919942,-1.0683742015114996,1.5,298.74181947706217,4.723229630409896,0.625,0.022926420531841993,0.625,0.0,0.022917651,1.5
3.617158185778047,-1.0655231654477961,1.5,298.83875146769543,4.722498161910528,0.6260000000000001,0.022926417035830805,0.626,0.0,0.022917651,1.5
3.6175207337297564,-1.0626719699596316,1.5,298.93588181655764,4.7217666262507265,0.6270000000000001,0.022926413526690247,0.627,0.0,0.022917651,1.5
3.61788330505419,-1.0598206129246175,1.5,299.03321316435654,4.721035022536392,0.628,0.022926410004245553,0.628,0.0,0.022917651,1.5
3.618245900063892,-1.0569690921825226,1.5,299.13074819888226,4.720303349857492,0.629,0.022926406468318793,0.629,0.0,0.022917651,1.5
3.618608519077004,-1.054117405534428,1.5,299.2284896560618,4.71957160728769,0.6300000000000001,0.022926402918728894,0.63,0.0,0.022917651,1.5
3.6189711624173904,-1.051265550741857,1.5,299.3264403210411,4.718839793883988,0.6310000000000001,0.022926399355291498,0.631,0.0,0.022917651,1.5
3.6193338304147695,-1.048413525525879,1.5,299.4246030292972,4.7181079086863456,0.632,0.022926395777818926,0.632,0.0,0.022917651,1.5
3.619696523404842,-1.045561327566196,1.5,299.5229806677801,4.717375950717294,0.633,0.022926392186120092,0.633,0.0,0.022917651,1.5
3.6200592417294346,-1.0427089545001953,1.5,299.62157617608614,4.716643918981542,0.6340000000000001,0.02292638858000042,0.634,0.0,0.022917651,1.5
3.620421985736633,-1.0398564039219829,1.5,299.7203925476634,4.715911812465562,0.6350000000000001,0.022926384959261782,0.635,0.0,0.022917651,1.5
3.62078475578093,-1.0370036733813872,1.5,299.819432831051,4.715179630137174,0.6360000000000001,0.02292638132370238,0.636,0.0,0.022917651,1.5
3.621147552223372,-1.0341507603829363,1.5,299.91870013115187,4.714447370945115,0.637,0.022926377673116706,0.637,0.0,0.022917651,1.5
3.6215103754317126,-1.0312976623848047,1.5,300.0181976105416,4.713715033818599,0.638,0.022926374007295438,0.638,0.0,0.022917651,1.5
3.6218732257805684,-1.028444376797734,1.5,300.1179284908137,4.71298261766685,0.639,0.02292637032602533,0.639,0.0,0.022917651,1.5
3.6222361036515776,-1.025590900983919,1.5,300.21789605396293,4.712250121378648,0.64,0.022926366629089145,0.64,0.0,0.022917651,1.5
3.6225990094335714,-1.0227372322558672,1.5,300.3181036438072,4.711517543821834,0.6410000000000001,0.022926362916265562,0.641,0.0,0.022917651,1.5
3.6229619435227347,-1.019883367875221,1.5,300.4185546674504,4.71078488384283,0.642,0.022926359187329055,0.642,0.0,0.022917651,1.5
3.6233249063227904,-1.01702930505155,1.5,300.5192525967867,4.7100521402661135,0.643,0.02292635544204983,0.643,0.0,0.022917651,1.5
3.623687898245174,-1.0141750409411068,1.5,300.620200970048,4.709319311893706,0.644,0.02292635168019368,0.644,0.0,0.022917651,1.5
3.62405091970922,-1.0113205726455472,1.5,300.7214033933958,4.708586397504627,0.645,0.022926347901521916,0.645,0.0,0.022917651,1.5
3.624413971142353,-1.0084658972106142,1.5,300.82286354255956,4.707853395854343,0.6460000000000001,0.02292634410579124,0.646,0.0,0.022917651,1.5
3.6247770529802823,-1.0056110116247836,1.5,300.9245851645221,4.707120305674195,0.647,0.02292634029275365,0.647,0.0,0.022917651,1.5
3.6251401656672053,-1.0027559128178682,1.5,301.0265720792546,4.706387125670811,0.648,0.022926336462156287,0.648,0.0,0.022917651,1.5
3.625503309656014,-0.9999005976595832,1.5,301.12882818150257,4.7056538545255,0.6489999999999999,0.022926332613741364,0.649,0.0,0.022917651,1.5
3.6258664854085083,-0.9970450629580688,1.5,301.23135744262464,4.704920490893636,0.65,0.022926328747246018,0.65,0.0,0.022917651,1.5
3.6262296933956195,-0.9941893054583683,1.5,301.33416391248534,4.7041870334040095,0.6510000000000001,0.022926324862402175,0.651,0.0,0.022917651,1.5
3.626592934097632,-0.9913333218408608,1.5,301.4372517214047,4.703453480658168,0.652,0.02292632095893647,0.652,0.0,0.022917651,1.5
3.6269562080044206,-0.9884771087196486,1.5,301.5406250821662,4.702719831229743,0.653,0.022926317036570037,0.653,0.0,0.022917651,1.5
3.6273195156156883,-0.9856206626408934,1.5,301.64428829208526,4.701986083663742,0.6540000000000001,0.02292631309501845,0.654,0.0,0.022917651,1.5
3.627682857441217,-0.982763980081105,1.5,301.74824573513985,4.701252236475831,0.655,0.02292630913399153,0.655,0.0,0.022917651,1.5
3.628046234001122,-0.9799070574453755,1.5,301.85250188416654,4.700518288151591,0.6560000000000001,0.022926305153193213,0.656,0.0,0.022917651,1.5
3.6284096458261113,-0.9770498910655612,1.5,301.95706130312294,4.699784237145748,0.657,0.022926301152321416,0.657,0.0,0.022917651,1.5
3.628773093457763,-0.9741924771984078,1.5,302.0619286494202,4.69905008188139,0.658,0.022926297131067863,0.658,0.0,0.022917651,1.5
3.6291365774487994,-0.9713348120236186,1.5,302.16710867632736,4.698315820749147,0.659,0.02292629308911794,0.659,0.0,0.022917651,1.5
3.6295000983633807,-0.9684768916418613,1.5,302.27260623545016,4.697581452106356,0.66,0.0229262890261505,0.66,0.0,0.022917651,1.5
3.6298636567773963,-0.9656187120727141,1.5,302.3784262792871,4.696846974276192,0.6610000000000001,0.022926284941837762,0.661,0.0,0.022917651,1.5
3.630227253278776,-0.9627602692525463,1.5,302.4845738638662,4.696112385546777,0.662,0.02292628083584505,0.662,0.0,0.022917651,1.5
3.6305908884678035,-0.9599015590323338,1.5,302.5910541514642,4.695377684170261,0.663,0.022926276707830675,0.663,0.0,0.022917651,1.5
3.6309545629574442,-0.9570425771754022,1.5,302.69787241341254,4.694642868361864,0.664,0.02292627255744573,0.664,0.0,0.022917651,1.5
3.631318277373681,-0.9541833193551015,1.5,302.805034032992,4.693907936298912,0.6650000000000001,0.022926268384333887,0.665,0.0,0.022917651,1.5
3.6316820845429216,-0.9513241637951073,1.5,302.9137574164515,4.693173477498251,0.666,0.022926264184104952,0.666,0.0,0.022917651,1.5
3.632046334562599,-0.9484676378768364,1.5,303.032094197247,4.692443419643211,0.667,0.022926259928860087,0.667,0.0,0.022917651,1.5
3.632410628210832,-0.9456107789386765,1.5,303.15069296402646,4.691713203276979,0.6680000000000001,0.022926255648564306,0.668,0.0,0.022917651,1.5
3.632774966330493,-0.9427535805469224,1.5,303.26955877817056,4.690982825337236,0.6689999999999999,0.02292625134273364,0.669,0.0,0.022917651,1.5
3.6331393497863074,-0.9398960361010696,1.5,303.3886968322814,4.690252282682263,0.67,0.02292624701087158,0.67,0.0,0.022917651,1.5
3.6335037794655656,-0.9370381388283721,1.5,303.5081124544627,4.689521572088362,0.6710000000000002,0.022926242652468662,0.671,0.0,0.022917651,1.5
3.633868256278862,-0.9341798817781876,1.5,303.6278111127688,4.688790690247158,0.672,0.022926238267002016,0.672,0.0,0.022917651,1.5
3.634232781160868,-0.931321257816098,1.5,303.7477984198299,4.688059633762803,0.673,0.02292623385393499,0.673,0.0,0.022917651,1.5
3.6345973550711346,-0.9284622596177955,1.5,303.8680801376624,4.687328399149064,0.674,0.0229262294127166,0.674,0.0,0.022917651,1.5
3.6349619789949212,-0.9256028796627221,1.5,303.988662182672,4.686596982826299,0.675,0.022926224942781147,0.675,0.0,0.022917651,1.5
3.635326653944064,-0.9227431102274527,1.5,304.1095506308595,4.685865381118299,0.676,0.022926220443547626,0.676,0.0,0.022917651,1.5
3.63569138095788,-0.9198829433788078,1.5,304.23075172323894,4.685133590249025,0.677,0.022926215914419294,0.677,0.0,0.022917651,1.5
3.636056161104105,-0.9170223709666845,1.5,304.35227187147774,4.684401606339178,0.6780000000000002,0.02292621135478306,0.678,0.0,0.022917651,1.5
3.636420995479872,-0.914161384616591,1.5,304.4741176637694,4.68366942540266,0.679,0.022926206764008975,0.679,0.0,0.022917651,1.5
3.6367858852127295,-0.9112999757218708,1.5,304.5962958709508,4.682937043342863,0.68,0.02292620214144961,0.68,0.0,0.022917651,1.5
3.6371508314617023,-0.9084381354356008,1.5,304.71881345287625,4.6822044559488205,0.6810000000000002,0.022926197486439464,0.681,0.0,0.022917651,1.5
3.637515835418399,-0.9055758546621485,1.5,304.8416775650587,4.681471658891181,0.682,0.022926192798294342,0.682,0.0,0.022917651,1.5
3.637880898308164,-0.9027131240483708,1.5,304.9648955655947,4.680738647718025,0.683,0.02292618807631066,0.683,0.0,0.022917651,1.5
3.6382460213912804,-0.8998499339744346,1.5,305.0884750223847,4.680005417850493,0.6840000000000002,0.022926183319764787,0.684,0.0,0.022917651,1.5
3.638611205964225,-0.8969862745442447,1.5,305.2124237206643,4.6792719645782315,0.685,0.022926178527912303,0.685,0.0,0.022917651,1.5
3.638976453360976,-0.8941221355754541,1.5,305.33674967086245,4.678538283054634,0.6860000000000002,0.02292617369998725,0.686,0.0,0.022917651,1.5
3.6393417649543762,-0.8912575065890386,1.5,305.46146111680326,4.677804368291882,0.687,0.022926168835201367,0.687,0.0,0.022917651,1.5
3.6397071421575666,-0.888392376798413,1.5,305.58656654426903,4.677070215155767,0.6880000000000001,0.022926163932743247,0.6880000000000001,0.0,0.022917651,1.5
3.640072586425466,-0.8855267350980632,1.5,305.712074689942,4.676335818360271,0.6890000000000002,0.022926158991777492,0.6890000000000001,0.0,0.022917651,1.5
3.640438099256334,-0.8826605700516715,1.5,305.837994550747,4.675601172461923,0.6900000000000001,0.022926154011443826,0.6900000000000001,0.0,0.022917651,1.5
3.6408036821933933,-0.8797938698797074,1.5,305.9643353936141,4.674866271853888,0.6910000000000001,0.022926148990856147,0.6910000000000001,0.0,0.022917651,1.5
3.641169336826531,-0.8769266224464541,1.5,306.09110676568343,4.674131110759795,0.6920000000000001,0.022926143929101573,0.6920000000000001,0.0,0.022917651,1.5
3.641535064794074,-0.8740588152464445,1.5,306.2183185049778,4.673395683227277,0.6930000000000002,0.02292613882523939,0.6930000000000001,0.0,0.022917651,1.5
3.6419008677846474,-0.8711904353902695,1.5,306.3459807515652,4.672659983121217,0.6940000000000002,0.022926133678300015,0.6940000000000001,0.0,0.022917651,1.5
3.642266747539125,-0.8683214695897316,1.5,306.47410395924084,4.671924004116683,0.6950000000000001,0.02292612848728386,0.6950000000000001,0.0,0.022917651,1.5
3.642632705852659,-0.8654519041422992,1.5,306.6026989077543,4.671187739691531,0.6960000000000002,0.02292612325116018,0.6960000000000001,0.0,0.022917651,1.5
3.6429987445768153,-0.8625817249148335,1.5,306.731776715614,4.67045118311865,0.6970000000000001,0.02292611796886583,0.6970000000000001,0.0,0.022917651,1.5
3.643364865621808,-0.8597109173265373,1.5,306.86134885349946,4.669714327457859,0.6980000000000001,0.022926112639303987,0.6980000000000001,0.0,0.022917651,1.5
3.643731070958839,-0.8568394663310905,1.5,306.9914271583162,4.668977165547391,0.6990000000000002,0.022926107261342817,0.6990000000000001,0.0,0.022917651,1.5
3.6440973626225492,-0.8539673563979224,1.5,307.12202384792863,4.668239689994985,0.7,0.022926101833814053,0.7000000000000001,0.0,0.022917651,1.5
3.6444932598882254,-0.8513016278327805,1.5,307.25311450585457,4.667737469754129,0.7010000000000002,0.02292610124546341,0.7010000000000001,0.0,0.022917651,1.5
3.6448892050464785,-0.848635479904179,1.5,307.38446518233906,4.667235021718784,0.7020000000000001,0.022926100653822824,0.7020000000000001,0.0,0.022917651,1.5
3.645285198866232,-0.8459689058791776,1.5,307.5160800520172,4.666732342231678,0.7030000000000001,0.02292610005883948,0.7030000000000001,0.0,0.022917651,1.5
3.645681242132956,-0.8433018988799301,1.5,307.6479633793705,4.666229427556826,0.7039999999999998,0.022926099460459416,0.704,0.0,0.022917651,1.5
3.6460773356491187,-0.840634451879763,1.5,307.7801195211575,4.665726273877404,0.705,0.022926098858627505,0.705,0.0,0.022917651,1.5
3.6464734802346457,-0.8379665576991308,1.5,307.912552928923,4.6652228772935445,0.706,0.02292609825328743,0.706,0.0,0.022917651,1.5
3.6468696767273983,-0.8352982090014336,1.5,308.0452681515898,4.664719233820072,0.7070000000000001,0.02292609764438163,0.707,0.0,0.022917651,1.5
3.647265925983668,-0.8326293982887006,1.5,308.1782698381365,4.664215339384157,0.7080000000000001,0.02292609703185129,0.708,0.0,0.022917651,1.5
3.647662228878684,-0.8299601178971275,1.5,308.31156274036283,4.66371118982289,0.709,0.022926096415636275,0.709,0.0,0.022917651,1.5
3.648058586307141,-0.827290359992467,1.5,308.44515171574915,4.663206780880775,0.71,0.022926095795675134,0.71,0.0,0.022917651,1.5
3.648454999183744,-0.8246201165652639,1.5,308.5790417304099,4.6627021082071485,0.711,0.022926095171905022,0.711,0.0,0.022917651,1.5
3.6488514684437674,-0.8219493794259298,1.5,308.7132378621482,4.6621971673535,0.712,0.022926094544261706,0.712,0.0,0.022917651,1.5
3.649247995043643,-0.81927814019965,1.5,308.8477453036129,4.661691953770706,0.7130000000000001,0.022926093912679472,0.713,0.0,0.022917651,1.5
3.649644579961552,-0.8166063903211171,1.5,308.9825693655643,4.661186462806166,0.7140000000000001,0.02292609327709113,0.714,0.0,0.022917651,1.5
3.650041224198056,-0.8139341210290842,1.5,309.1177154802518,4.660680689700849,0.715,0.02292609263742795,0.715,0.0,0.022917651,1.5
3.6504380737078463,-0.8112615296835283,1.5,309.2513431126211,4.660175415650748,0.7159999999999999,0.022926091991146577,0.716,0.0,0.022917651,1.5
3.6508355795986,-0.8085892600704367,1.5,309.37784576406705,4.659673088924735,0.717,0.022926091330753934,0.717,0.0,0.022917651,1.5
3.6512331494113104,-0.8059164665440767,1.5,309.5048726805367,4.65917049396922,0.7180000000000001,0.022926090666484156,0.718,0.0,0.022917651,1.5
3.6516307842412967,-0.8032431401270534,1.5,309.63243284545194,4.658667626188018,0.719,0.0229260899982708,0.719,0.0,0.022917651,1.5
3.652028485209048,-0.8005692716356878,1.5,309.7605354486582,4.658164480879333,0.7200000000000001,0.022926089326045913,0.72,0.0,0.022917651,1.5
3.652426253460947,-0.7978948516740556,1.5,309.88918989238755,4.657661053232704,0.7209999999999999,0.022926088649739954,0.721,0.0,0.022917651,1.5
3.6528240901700277,-0.7952198706278218,1.5,310.0184057974305,4.657157338325851,0.722,0.02292608796928178,0.722,0.0,0.022917651,1.5
3.6532219965367476,-0.7925443186578562,1.5,310.148193009523,4.656653331121402,0.723,0.022926087284598575,0.723,0.0,0.022917651,1.5
3.6536199737898007,-0.7898681856936255,1.5,310.27856160596014,4.656149026463517,0.724,0.02292608659561582,0.724,0.0,0.022917651,1.5
3.654018023186946,-0.7871914614263492,1.5,310.40952190244315,4.6556444190743775,0.7250000000000001,0.02292608590225722,0.725,0.0,0.022917651,1.5
3.6544161460158775,-0.7845141353019135,1.5,310.54108446017227,4.655139503550559,0.726,0.02292608520444467,0.726,0.0,0.022917651,1.5
3.654814343595117,-0.7818361965135283,1.5,310.6732600931931,4.654634274359277,0.727,0.0229260845020982,0.727,0.0,0.022917651,1.5
3.6552126172749433,-0.7791576339941205,1.5,310.80605987600904,4.6541287258344886,0.728,0.022926083795135905,0.728,0.0,0.022917651,1.5
3.6556109684383533,-0.7764784364084505,1.5,310.9394951514704,4.653622852172854,0.729,0.022926083083473905,0.729,0.0,0.022917651,1.5
3.656009398502061,-0.7737985921449397,1.5,311.0735775389515,4.6531166474295595,0.73,0.022926082367026274,0.73,0.0,0.022917651,1.5
3.6564079089175285,-0.7711180893071988,1.5,311.2083189428294,4.652610105513973,0.7310000000000001,0.022926081645704963,0.731,0.0,0.022917651,1.5
3.6568065011720403,-0.7684369157052401,1.5,311.34373156127566,4.652103220185147,0.7319999999999999,0.022926080919419774,0.732,0.0,0.022917651,1.5
3.6572051767898133,-0.7657550588463655,1.5,311.4798278953762,4.651595985047158,0.7329999999999999,0.02292608018807825,0.733,0.0,0.022917651,1.5
3.6576039373331524,-0.7630725059257102,1.5,311.61662075859283,4.65108839354426,0.734,0.022926079451585632,0.734,0.0,0.022917651,1.5
3.6580027844036453,-0.7603892438164317,1.5,311.75412328658166,4.650580438955861,0.735,0.02292607870984478,0.735,0.0,0.022917651,1.5
3.6584017196434075,-0.7577052590595251,1.5,311.89234894738365,4.650072114391314,0.736,0.022926077962756086,0.736,0.0,0.022917651,1.5
3.658800744736371,-0.7550205378532501,1.5,312.0313115520057,4.649563412784497,0.737,0.022926077210217416,0.737,0.0,0.022917651,1.5
3.659199861409624,-0.7523350660421516,1.5,312.171025265407,4.6490543268882005,0.738,0.02292607645212402,0.738,0.0,0.022917651,1.5
3.659599071434802,-0.7496488291056547,1.5,312.3115046179114,4.648544849268278,0.739,0.022926075688368432,0.739,0.0,0.022917651,1.5
3.6599983766295354,-0.7469618121462165,1.5,312.45276451706394,4.648034972297591,0.7400000000000001,0.02292607491884041,0.74,0.0,0.022917651,1.5
3.6603977788589472,-0.7442739998770135,1.5,312.59482025995214,4.647524688149695,0.741,0.022926074143426827,0.741,0.0,0.022917651,1.5
3.6607972800372206,-0.7415853766091416,1.5,312.7376875460132,4.647013988792294,0.7420000000000001,0.02292607336201158,0.742,0.0,0.022917651,1.5
3.6611968821292185,-0.73889592623831,1.5,312.8813824903502,4.646502865980423,0.7430000000000001,0.022926072574475483,0.743,0.0,0.022917651,1.5
3.661596587152173,-0.7362056322310025,1.5,313.0259216375802,4.645991311249369,0.744,0.022926071780696194,0.744,0.0,0.022917651,1.5
3.6619963971774427,-0.7335144776100805,1.5,313.17132197624045,4.645479315907292,0.7450000000000001,0.022926070980548073,0.745,0.0,0.022917651,1.5
3.6623967386100325,-0.7308237750475364,1.5,313.31903204114855,4.644969898676028,0.7460000000000001,0.02292607019527089,0.746,0.0,0.022917651,1.5
3.662797200876955,-0.7281322705777199,1.5,313.4678299566268,4.644460162904689,0.7470000000000001,0.02292606940370374,0.747,0.0,0.022917651,1.5
3.663197773207621,-0.7254399079083618,1.5,313.6176951695247,4.643950009206268,0.748,0.0229260686050553,0.748,0.0,0.022917651,1.5
3.6635984577969207,-0.7227466699252407,1.5,313.76864896389435,4.643439429246463,0.7490000000000001,0.022926067799184345,0.749,0.0,0.022917651,1.5
3.6639992568984985,-0.7200525390560352,1.5,313.92071319350356,4.642928414467883,0.75,0.022926066985945882,0.75,0.0,0.022917651,1.5
3.664400172826727,-0.7173574972548915,1.5,314.0739103010271,4.642416956082533,0.751,0.02292606616519102,0.751,0.0,0.022917651,1.5
3.66480120795877,-0.7146615259863649,1.5,314.2282633380177,4.641905045064002,0.752,0.0229260653367668,0.752,0.0,0.022917651,1.5
3.6652023647367233,-0.7119646062087034,1.5,314.38379598569657,4.641392672139313,0.753,0.022926064500516114,0.753,0.0,0.022917651,1.5
3.6656036456698513,-0.7092667183564406,1.5,314.5405325766001,4.6408798277804495,0.7540000000000001,0.022926063656277515,0.754,0.0,0.022917651,1.5
3.666005053336909,-0.7065678423222663,1.5,314.69849811712743,4.640366502195531,0.7550000000000001,0.02292606280388509,0.755,0.0,0.022917651,1.5
3.6664065903885623,-0.7038679574381387,1.5,314.85771831102994,4.639852685319608,0.756,0.02292606194316831,0.756,0.0,0.022917651,1.5
3.666808259549919,-0.7011670424556006,1.5,315.0182195838912,4.639338366805078,0.7569999999999999,0.022926061073951832,0.757,0.0,0.022917651,1.5
3.667210063623153,-0.6984650755252605,1.5,315.1800291086445,4.638823536011699,0.758,0.02292606019605538,0.758,0.0,0.022917651,1.5
3.6676120054902537,-0.6957620341753982,1.5,315.343174832181,4.638308181996166,0.759,0.022926059309293527,0.759,0.0,0.022917651,1.5
3.6680140881158874,-0.693057895289648,1.5,315.5076855031031,4.637792293501242,0.76,0.022926058413475534,0.76,0.0,0.022917651,1.5
3.6684163145503788,-0.6903526350837159,1.5,315.6735907006803,4.637275858944421,0.761,0.022926057508405148,0.761,0.0,0.022917651,1.5
3.668818687932832,-0.6876462290810805,1.5,315.84092086506917,4.636758866406097,0.762,0.022926056593880403,0.762,0.0,0.022917651,1.5
3.6692212114943814,-0.6849386520876234,1.5,316.0097073288626,4.636241303617204,0.763,0.02292605566969342,0.763,0.0,0.022917651,1.5
3.6696238885615924,-0.6822298781651394,1.5,316.17998235003665,4.635723157946326,0.7640000000000001,0.022926054735630166,0.764,0.0,0.022917651,1.5
3.6700267225600083,-0.6795198806036599,1.5,316.3517791463672,4.635204416386209,0.7650000000000001,0.02292605379147026,0.765,0.0,0.022917651,1.5
3.6704297170178575,-0.6768086318925357,1.5,316.5251319313955,4.634685065539681,0.7660000000000001,0.022926052836986687,0.766,0.0,0.022917651,1.5
3.6708331698810066,-0.6740973956788388,1.5,316.6998272150364,4.634167560640671,0.767,0.022926051848299774,0.767,0.0,0.022917651,1.5
3.671236844555574,-0.6713851331376337,1.5,316.876107162472,4.633649916615879,0.768,0.022926050845628286,0.768,0.0,0.022917651,1.5
3.671640691242122,-0.6686715842851935,1.5,317.0540541328376,4.633131674316669,0.7690000000000001,0.02292604983315668,0.769,0.0,0.022917651,1.5
3.672044713853107,-0.6659567198640325,1.5,317.23370604300527,4.63261282013513,0.77,0.02292604881066206,0.77,0.0,0.022917651,1.5
3.6724489164205476,-0.6632405097225954,1.5,317.41510196853744,4.632093340047518,0.7710000000000001,0.0229260477779147,0.771,0.0,0.022917651,1.5
3.6728533031006223,-0.6605229227808402,1.5,317.5982821882878,4.631573219598237,0.772,0.022926046734677807,0.772,0.0,0.022917651,1.5
3.6732578781784877,-0.6578039269942226,1.5,317.78328823107836,4.6310524438830925,0.7730000000000001,0.022926045680707254,0.773,0.0,0.022917651,1.5
3.6736626460733217,-0.6550834893159887,1.5,317.97016292456607,4.630530997531757,0.7739999999999999,0.022926044615751245,0.774,0.0,0.022917651,1.5
3.674067611343603,-0.6523615756576859,1.5,318.1589504464203,4.630008864689397,0.775,0.022926043539550082,0.775,0.0,0.022917651,1.5
3.674472778692643,-0.649638150847791,1.5,318.34969637793887,4.629486028997435,0.7760000000000001,0.0229260424518358,0.776,0.0,0.022917651,1.5
3.6748781529743866,-0.6469131785883511,1.5,318.54244776024063,4.628962473573379,0.777,0.022926041352331845,0.777,0.0,0.022917651,1.5
3.6752837391994886,-0.6441866214095253,1.5,318.737253153178,4.628438180989687,0.778,0.022926040240752756,0.778,0.0,0.022917651,1.5
3.675689542541689,-0.6414584406219065,1.5,318.93416269712753,4.627913133251581,0.7790000000000001,0.02292603911680375,0.779,0.0,0.022917651,1.5
3.676095568344507,-0.6387285962664951,1.5,319.1332281778201,4.627387311773787,0.7800000000000001,0.022926037980180405,0.78,0.0,0.022917651,1.5
3.6765018221282575,-0.6359970470621932,1.5,319.33450309439,4.62686069735611,0.7810000000000001,0.022926036830568194,0.781,0.0,0.022917651,1.5
3.676908309597425,-0.6332637503506674,1.5,319.53804273082886,4.6263332701577955,0.782,0.02292603566764213,0.782,0.0,0.022917651,1.5
3.677315234851409,-0.6305295929074854,1.5,319.74013261536027,4.625806733091455,0.7830000000000001,0.02292603447316659,0.783,0.0,0.022917651,1.5
3.6777224820211516,-0.627793987346897,1.5,319.9429668355783,4.625280035459699,0.7839999999999999,0.022926033257329847,0.784,0.0,0.022917651,1.5
3.678129980989131,-0.6250565340484997,1.5,320.1480243032909,4.624752497272807,0.785,0.022926032026582523,0.785,0.0,0.022917651,1.5
3.6785377382158218,-0.6223171856042518,1.5,320.3553620611206,4.624224096964368,0.786,0.022926030780542037,0.786,0.0,0.022917651,1.5
3.678945760384615,-0.6195758929703018,1.5,320.56503911993946,4.623694812223825,0.787,0.02292602951881264,0.787,0.0,0.022917651,1.5
3.6793540544115184,-0.6168326053958209,1.5,320.77711654450064,4.623164619964094,0.788,0.02292602824098478,0.788,0.0,0.022917651,1.5
3.6797626274553656,-0.6140872703480866,1.5,320.99165754357944,4.6226334962874995,0.789,0.022926026946634526,0.789,0.0,0.022917651,1.5
3.6801714869285664,-0.6113398334335854,1.5,321.2087275649043,4.622101416449863,0.79,0.02292602563532297,0.79,0.0,0.022917651,1.5
3.680580640508437,-0.608590238314887,1.5,321.42839439517644,4.621568354822704,0.791,0.02292602430659546,0.791,0.0,0.022917651,1.5
3.6809900961491366,-0.6058384266230218,1.5,321.6507282654995,4.621034284853367,0.792,0.022926022959980995,0.792,0.0,0.022917651,1.5
3.6813998620942656,-0.6030843378650752,1.5,321.8758019625644,4.620499179023002,0.793,0.02292602159499142,0.793,0.0,0.022917651,1.5
3.681809946890146,-0.6003279093266931,1.5,322.1036909459575,4.619963008802195,0.7940000000000002,0.02292602021112064,0.794,0.0,0.022917651,1.5
3.6822203593998504,-0.5975690759691655,1.5,322.3344734719919,4.619425744604159,0.7949999999999999,0.022926018807843826,0.795,0.0,0.022917651,1.5
3.682631655610269,-0.5948082433403687,1.5,322.56860253511024,4.618890016130327,0.796,0.022926017330056205,0.796,0.0,0.022917651,1.5
3.683043314187602,-0.5920448928228714,1.5,322.80582060675374,4.6183532192339,0.797,0.022926015829046603,0.797,0.0,0.022917651,1.5
3.6834553357140773,-0.5892789443035127,1.5,323.0462092804917,4.617815276126969,0.7980000000000002,0.02292601430511593,0.798,0.0,0.022917651,1.5
3.6838677306348475,-0.5865103230155502,1.5,323.289859801674,4.6172761538232425,0.799,0.022926012757604544,0.799,0.0,0.022917651,1.5
3.6842805097997426,-0.5837389512955493,1.5,323.53686695077516,4.616735818058454,0.8000000000000002,0.022926011185827256,0.8,0.0,0.022917651,1.5
3.6846500941990827,-0.5812991076163773,1.5,323.5793679601552,4.6162858369553215,0.801,0.022926011032983282,0.801,0.0,0.022917651,1.5
3.6850197321313654,-0.5788585930948543,1.5,323.62256255484107,4.615835399141684,0.8020000000000002,0.022926010878657692,0.802,0.0,0.022917651,1.5
3.685389424344763,-0.5764173983553446,1.5,323.66646042832224,4.615384498234593,0.803,0.022926010722829758,0.803,0.0,0.022917651,1.5
3.685759171601454,-0.5739755138466839,1.5,323.7110714555674,4.614933127731603,0.804,0.022926010565478404,0.804,0.0,0.022917651,1.5
3.686128974677953,-0.5715329298380526,1.5,323.75640569729114,4.614481281007953,0.805,0.022926010406582122,0.805,0.0,0.022917651,1.5
3.686498834365453,-0.5690896364147311,1.5,323.8024734043429,4.614028951313694,0.8060000000000002,0.02292601024611902,0.806,0.0,0.022917651,1.5
3.6868687514701652,-0.5666456234737354,1.5,323.8492850222188,4.613576131770691,0.807,0.022926010084066802,0.807,0.0,0.022917651,1.5
3.6872387268136873,-0.5642008807193268,1.5,323.8968511957043,4.613122815369594,0.808,0.022926009920402696,0.808,0.0,0.022917651,1.5
3.687608761233365,-0.5617553976583938,1.5,323.9451827736499,4.6126689949666755,0.8090000000000002,0.022926009755103553,0.809,0.0,0.022917651,1.5
3.6879788602909995,-0.5593095247365447,1.5,323.9943348871982,4.612215043333208,0.8100000000000002,0.0229260095934272,0.81,0.0,0.022917651,1.5
3.6883490253803735,-0.5568636522237056,1.5,324.04444480423234,4.611761356401314,0.8110000000000003,0.02292600944210933,0.811,0.0,0.022917651,1.5
3.6887192456154003,-0.5544170560047346,1.5,324.0954765501979,4.611307166356492,0.8120000000000002,0.022926009291156922,0.812,0.0,0.022917651,1.5
3.6890895217693416,-0.5519697259317095,1.5,324.14744305112663,4.610852466144015,0.8130000000000002,0.022926009140575108,0.8130000000000001,0.0,0.022917651,1.5
3.6894598546299826,-0.5495216516660889,1.5,324.200357475853,4.610397248576636,0.8140000000000002,0.02292600899036911,0.8140000000000001,0.0,0.022917651,1.5
3.689830244999977,-0.5470728226742166,1.5,324.2542332417421,4.609941506331468,0.8150000000000002,0.022926008840544247,0.8150000000000001,0.0,0.022917651,1.5
3.690200693697199,-0.5446232282226957,1.5,324.3090840205804,4.609485231946765,0.8160000000000002,0.022926008691105944,0.8160000000000001,0.0,0.022917651,1.5
3.6905712015551053,-0.5421728573736321,1.5,324.36492374463506,4.609028417818618,0.8170000000000002,0.022926008542059714,0.8170000000000001,0.0,0.022917651,1.5
3.6909417694231057,-0.5397216989797412,1.5,324.42176661288704,4.608571056197553,0.8180000000000001,0.02292600839341119,0.8180000000000001,0.0,0.022917651,1.5
3.6913123981669513,-0.5372697416793126,1.5,324.47962709744394,4.608113139185023,0.8190000000000001,0.022926008245166114,0.8190000000000001,0.0,0.022917651,1.5
3.691683088669128,-0.5348169738910307,1.5,324.5385199501393,4.607654658729825,0.8200000000000001,0.022926008097330332,0.8200000000000001,0.0,0.022917651,1.5
3.692053841829257,-0.5323633838086409,1.5,324.5984602093236,4.60719560662437,0.8210000000000001,0.02292600794990981,0.8210000000000001,0.0,0.022917651,1.5
3.692424658564523,-0.5299089593954642,1.5,324.6594632068541,4.606735974500886,0.822,0.022926007802910615,0.8220000000000001,0.0,0.022917651,1.5
3.692795539810097,-0.5274536883787467,1.5,324.7215445752912,4.606275753827484,0.8230000000000002,0.02292600765633896,0.8230000000000001,0.0,0.022917651,1.5
3.69316648651958,-0.5249975582438439,1.5,324.7847202553059,4.605814935904113,0.8240000000000001,0.022926007510201154,0.8240000000000001,0.0,0.022917651,1.5
3.693537499665465,-0.5225405562282313,1.5,324.84900650330883,4.605353511858399,0.8250000000000001,0.022926007364503637,0.8250000000000001,0.0,0.022917651,1.5
3.6939086014050115,-0.5200829321899053,1.5,324.91457673820605,4.604891819911729,0.8260000000000002,0.022926007220717203,0.8260000000000001,0.0,0.022917651,1.5
3.6942798076330288,-0.5176249404539636,1.5,324.98161849994744,4.604430177716107,0.8270000000000002,0.022926007077866215,0.8270000000000001,0.0,0.022917651,1.5
3.6946510768494156,-0.5151660817491761,1.5,325.0498640630404,4.603967920500845,0.8280000000000002,0.022926006932001305,0.8280000000000001,0.0,0.022917651,1.5
3.695022409974251,-0.5127063434116399,1.5,325.11933101153517,4.603505039282289,0.8290000000000002,0.02292600678307843,0.8290000000000001,0.0,0.022917651,1.5
3.695393807945619,-0.510245712529601,1.5,325.1900372736275,4.603041524900958,0.8300000000000003,0.02292600663105272,0.8300000000000001,0.0,0.022917651,1.5
3.695765271720055,-0.5077841759373611,1.5,325.2620011301184,4.60257736801723,0.8310000000000001,0.022926006475878394,0.8310000000000001,0.0,0.022917651,1.5
3.696136802273,-0.5053217202090043,1.5,325.3352412231264,4.602112559106886,0.8320000000000002,0.022926006317508782,0.8320000000000001,0.0,0.022917651,1.5
3.696508400599268,-0.5028583316519362,1.5,325.409776565058,4.601647088456525,0.8330000000000001,0.02292600615589628,0.833,0.0,0.022917651,1.5
3.696880067713535,-0.5003939963002277,1.5,325.4856265478478,4.6011809461588475,0.8340000000000001,0.02292600599099235,0.834,0.0,0.022917651,1.5
3.6972518046508314,-0.49792869990776356,1.5,325.5628109524761,4.600714122107792,0.8350000000000001,0.022926005822747453,0.835,0.0,0.022917651,1.5
3.697623612467058,-0.495462427941178,1.5,325.64134995877436,4.600246605993524,0.8360000000000001,0.022926005651111067,0.836,0.0,0.022917651,1.5
3.6979954922395137,-0.49299516557257916,1.5,325.72126415552873,4.599778387297276,0.8370000000000001,0.022926005476031654,0.837,0.0,0.022917651,1.5
3.698367445067441,-0.4905268976720498,1.5,325.80257455089287,4.59930945528602,0.838,0.0229260052974566,0.838,0.0,0.022917651,1.5
3.698739472072587,-0.4880576087999187,1.5,325.8853025831198,4.598839799007005,0.8390000000000001,0.022926005115332243,0.839,0.0,0.022917651,1.5
3.699111568856246,-0.48558768061014446,1.5,325.9686600292023,4.598369782954049,0.8400000000000001,0.022926004929577155,0.84,0.0,0.022917651,1.5
3.6994837321973235,-0.48311716235502644,1.5,326.0524996736372,4.597899443535107,0.8410000000000001,0.02292600474010444,0.841,0.0,0.022917651,1.5
3.6998559680488525,-0.4806456017267256,1.5,326.13771937284014,4.5974283517654735,0.8420000000000001,0.02292600454687718,0.842,0.0,0.022917651,1.5
3.700228277526048,-0.4781729826934868,1.5,326.2243403521266,4.596956496073953,0.8430000000000001,0.022926004349837624,0.843,0.0,0.022917651,1.5
3.7006006617671097,-0.47569928889310176,1.5,326.3123842743177,4.596483864650842,0.844,0.022926004148926843,0.844,0.0,0.022917651,1.5
3.7009731219338233,-0.47322450362435087,1.5,326.4018732510701,4.596010445441749,0.8449999999999999,0.022926003944084675,0.845,0.0,0.022917651,1.5
3.7013456592121714,-0.47074860983817707,1.5,326.4928298545612,4.595536226141225,0.8460000000000001,0.022926003735249716,0.846,0.0,0.022917651,1.5
3.7017182748129627,-0.468271590128583,1.5,326.58527712954094,4.595061194186194,0.8469999999999999,0.022926003522359267,0.847,0.0,0.022917651,1.5
3.7020909699724913,-0.4657934267232411,1.5,326.67923860576457,4.594585336749173,0.848,0.022926003305349312,0.848,0.0,0.022917651,1.5
3.702463745953209,-0.4633141014738044,1.5,326.7747383108189,4.594108640731284,0.849,0.022926003084154486,0.849,0.0,0.022917651,1.5
3.702836604044417,-0.46083359584591044,1.5,326.87180078335905,4.593631092755033,0.8500000000000001,0.02292600285870803,0.85,0.0,0.022917651,1.5
3.703209545562991,-0.4583518909088616,1.5,326.9704510867685,4.593152679156863,0.851,0.02292600262894175,0.851,0.0,0.022917651,1.5
3.7035826160013676,-0.45586903007561136,1.5,327.07101031854586,4.59267362544084,0.8520000000000001,0.022926002394880924,0.852,0.0,0.022917651,1.5
3.7039558987616372,-0.4533851029413573,1.5,327.1740704945454,4.592194355079168,0.853,0.022926002156638755,0.853,0.0,0.022917651,1.5
3.7043292741442806,-0.45089991270639085,1.5,327.27885795592596,4.591714192165548,0.854,0.022926001913886544,0.854,0.0,0.022917651,1.5
3.7047027436781352,-0.4484134385217889,1.5,327.38540121350985,4.591233121967388,0.855,0.02292600166654985,0.855,0.0,0.022917651,1.5
3.7050763089258725,-0.44592565907724285,1.5,327.4937294090626,4.590751129426063,0.856,0.022926001414552585,0.856,0.0,0.022917651,1.5
3.705449971484937,-0.4434365525882242,1.5,327.60387233284314,4.590268199147851,0.857,0.02292600115781696,0.857,0.0,0.022917651,1.5
3.7058237329885224,-0.44094609678271984,1.5,327.7158604417439,4.589784315394554,0.858,0.02292600089626345,0.858,0.0,0.022917651,1.5
3.7061975951065746,-0.43845426888751965,1.5,327.82972487804267,4.589299462073811,0.859,0.02292600062981074,0.859,0.0,0.022917651,1.5
3.7065715595468287,-0.4359610456140381,1.5,327.94549748879075,4.588813622729076,0.86,0.022926000358375682,0.86,0.0,0.022917651,1.5
3.7069456280558915,-0.4334664031436522,1.5,328.06321084586375,4.588326780529265,0.861,0.02292600008187322,0.861,0.0,0.022917651,1.5
3.7073198024203444,-0.4309703171125361,1.5,328.18289826670025,4.587838918258027,0.862,0.022925999800216368,0.862,0.0,0.022917651,1.5
3.707694089677466,-0.42847303782830465,1.5,328.3046671261085,4.587350313397556,0.863,0.022925999566652398,0.863,0.0,0.022917651,1.5
3.7080684913996547,-0.4259745670425459,1.5,328.4285594019955,4.586860973854076,0.864,0.02292599938767817,0.864,0.0,0.022917651,1.5
3.7084430037876124,-0.4234745931135937,1.5,328.5545344829936,4.586370573788236,0.865,0.02292599920831806,0.865,0.0,0.022917651,1.5
3.7088176287743826,-0.42097308978544223,1.5,328.68262875029615,4.585879094675464,0.866,0.02292599902856533,0.866,0.0,0.022917651,1.5
3.7091923683382917,-0.41847003018700485,1.5,328.8128794373725,4.585386517557229,0.867,0.02292599884841309,0.867,0.0,0.022917651,1.5
3.709567224504285,-0.4159653868139979,1.5,328.9453246550716,4.584892823028255,0.8680000000000001,0.02292599866785426,0.868,0.0,0.022917651,1.5
3.709942199345309,-0.4134591315101782,1.5,329.0800034176185,4.584397991223286,0.8690000000000001,0.022925998486881625,0.869,0.0,0.022917651,1.5
3.710317294983735,-0.41095123544791085,1.5,329.2169556695414,4.583902001803374,0.8700000000000001,0.022925998305487787,0.87,0.0,0.022917651,1.5
3.7106925135928512,-0.4084416691080371,1.5,329.3562223135664,4.583404833941674,0.871,0.022925998123665154,0.871,0.0,0.022917651,1.5
3.711067857398391,-0.405930402259014,1.5,329.4978452395232,4.58290646630873,0.872,0.022925997941405984,0.872,0.0,0.022917651,1.5
3.711443269553442,-0.4034176020231971,1.5,329.6418454973703,4.582406840331092,0.8730000000000001,0.02292599761012372,0.873,0.0,0.022917651,1.5
3.7118187943057177,-0.4009030921064559,1.5,329.7882734201314,4.581905955313065,0.874,0.022925997252574,0.874,0.0,0.022917651,1.5
3.712194441949012,-0.39838681355974465,1.5,329.9371754793299,4.581403793235945,0.875,0.0229259968902133,0.875,0.0,0.022917651,1.5
3.712570214725101,-0.3958687341197056,1.5,330.0885968081761,4.580900330803613,0.876,0.022925996522953858,0.876,0.0,0.022917651,1.5
3.7129461149306247,-0.3933488207334491,1.5,330.2425836443567,4.580395544149858,0.877,0.022925996150705768,0.877,0.0,0.022917651,1.5
3.7133221449187674,-0.3908270395342538,1.5,330.39918336402786,4.579889408820833,0.878,0.02292599577337691,0.878,0.0,0.022917651,1.5
3.713698307101018,-0.38830335581636327,1.5,330.55844451707173,4.579381899756862,0.879,0.022925995390872873,0.879,0.0,0.022917651,1.5
3.7140746039489745,-0.3857777340088407,1.5,330.72041686367123,4.578872991273547,0.88,0.022925995003096895,0.88,0.0,0.022917651,1.5
3.714451054136079,-0.38325022273697756,1.5,330.88518279329134,4.578362806538135,0.8809999999999999,0.022925994609667696,0.881,0.0,0.022917651,1.5
3.714827697712252,-0.3807209779438426,1.5,331.0528665781933,4.577851661329265,0.882,0.022925994209945413,0.882,0.0,0.022917651,1.5
3.7152044867474947,-0.3781896919281552,1.5,331.2234229418574,4.577339056694667,0.883,0.02292599380478449,0.883,0.0,0.022917651,1.5
3.715581424031546,-0.3756563255415693,1.5,331.39690697710427,4.576824964644204,0.8840000000000001,0.02292599339408061,0.884,0.0,0.022917651,1.5
3.7159585124259453,-0.37312083862820256,1.5,331.5733751946431,4.576309356467369,0.885,0.022925992977726777,0.885,0.0,0.022917651,1.5
3.7163357548663547,-0.37058318999201434,1.5,331.7528855689814,4.575792202709971,0.8860000000000001,0.02292599255561324,0.886,0.0,0.022917651,1.5
3.7167131543649723,-0.36804333736290634,1.5,331.9354975861299,4.575273473149893,0.8870000000000001,0.022925992127627363,0.887,0.0,0.022917651,1.5
3.7170907140130467,-0.3655012373614899,1.5,332.1212722931849,4.574753136771899,0.888,0.022925991693653572,0.888,0.0,0.022917651,1.5
3.7174684178737585,-0.3629570051962719,1.5,332.31037196730745,4.574231244688727,0.889,0.022925991259061647,0.889,0.0,0.022917651,1.5
3.7178462602567124,-0.36041065807391137,1.5,332.5028831242902,4.573707791312932,0.89,0.022925990823680627,0.89,0.0,0.022917651,1.5
3.718224267076634,-0.3578619556909794,1.5,332.69874343439403,4.573182640463929,0.8910000000000001,0.022925990379822417,0.891,0.0,0.022917651,1.5
3.7186024416231236,-0.3553108509298967,1.5,332.8980198982684,4.572655758183339,0.892,0.022925989927317425,0.892,0.0,0.022917651,1.5
3.7189807872741194,-0.35275729540784817,1.5,333.1007813157132,4.572127109600911,0.893,0.022925989465991517,0.893,0.0,0.022917651,1.5
3.7193593074988796,-0.350201239434027,1.5,333.3070983464775,4.571596658903698,0.894,0.02292598899566584,0.894,0.0,0.022917651,1.5
3.719738005861088,-0.34764263196513345,1.5,333.51704357353947,4.571064369303996,0.895,0.022925988516156674,0.895,0.0,0.022917651,1.5
3.720116951195411,-0.3450813077264613,1.5,333.7307261240495,4.570530351960981,0.896,0.022925988119562913,0.896,0.0,0.022917651,1.5
3.720496202417007,-0.34251711824317727,1.5,333.9482538005705,4.569994694904201,0.897,0.022925987885724464,0.897,0.0,0.022917651,1.5
3.72087564744737,-0.3399502092260822,1.5,334.1696449799584,4.569457093542935,0.898,0.022925987651213713,0.898,0.0,0.022917651,1.5
3.7212552903623903,-0.3373805234820811,1.5,334.39498091352357,4.56891750698753,0.899,0.022925987416016515,0.899,0.0,0.022917651,1.5
3.7216351353530572,-0.3348080022030265,1.5,334.62434514699953,4.568375893193669,0.9000000000000001,0.022925987180118335,0.9,0.0,0.022917651,1.5
3.72193865275168,-0.33258993734092096,1.5,334.68875881131066,4.567829474299795,0.901,0.022925987200490938,0.901,0.0,0.022917651,1.5
3.7222422126666057,-0.3303708734052146,1.5,334.75426660166966,4.567282226383219,0.902,0.022925987218527386,0.902,0.0,0.022917651,1.5
3.7225458156342643,-0.3281507977905211,1.5,334.82088232274634,4.566734138984101,0.903,0.022925987234198204,0.903,0.0,0.022917651,1.5
3.722849505775887,-0.32592969917847037,1.5,334.8888368942937,4.566185376392171,0.904,0.022925987133153032,0.904,0.0,0.022917651,1.5
3.7231532605204154,-0.32370759052725,1.5,334.9581376446216,4.565635861678301,0.905,0.022925986970078947,0.905,0.0,0.022917651,1.5
3.7234570563460085,-0.32148446406806536,1.5,335.0287033007021,4.565085493455107,0.906,0.0229259868067631,0.906,0.0,0.022917651,1.5
3.7237608937668494,-0.3192603070616872,1.5,335.10054969452386,4.564534261039779,0.907,0.022925986643202494,0.907,0.0,0.022917651,1.5
3.7240647733057406,-0.3170351065553976,1.5,335.173692923394,4.563982153570479,0.908,0.022925986479394023,0.908,0.0,0.022917651,1.5
3.7243686954942814,-0.3148088493784992,1.5,335.24814935551933,4.563429160002577,0.9090000000000003,0.02292598631533458,0.909,0.0,0.022917651,1.5
3.7246726608730554,-0.3125815221377098,1.5,335.3239356357286,4.562875269104785,0.91,0.022925986151020965,0.91,0.0,0.022917651,1.5
3.724976669991819,-0.31035311121244075,1.5,335.40106869134166,4.562320469455206,0.911,0.022925985986449963,0.911,0.0,0.022917651,1.5
3.725280723409704,-0.30812360274995426,1.5,335.47956573818755,4.561764749437268,0.912,0.022925985821618262,0.912,0.0,0.022917651,1.5
3.7255848251705976,-0.3058929966010034,1.5,335.5595933613939,4.561208124972883,0.9130000000000003,0.02292598565654036,0.913,0.0,0.022917651,1.5
3.7258889900411143,-0.3036613696070391,1.5,335.6419653900527,4.560650731522181,0.9140000000000001,0.022925985491304677,0.914,0.0,0.022917651,1.5
3.7261931965773516,-0.30142864516085216,1.5,335.7258972265467,4.560092407344077,0.915,0.02292598532580936,0.915,0.0,0.022917651,1.5
3.7264974453056072,-0.2991948094000118,1.5,335.81140857353637,4.559533140682119,0.9160000000000003,0.02292598516005114,0.916,0.0,0.022917651,1.5
3.7268017367610815,-0.29695984822762933,1.5,335.89851946691624,4.5589729195810165,0.9170000000000001,0.02292598499402665,0.917,0.0,0.022917651,1.5
3.7271060714880657,-0.29472374730738093,1.5,335.9872502828905,4.558411731882418,0.918,0.02292598482773253,0.918,0.0,0.022917651,1.5
3.7274104500401357,-0.292486492058402,1.5,336.07762174522844,4.557849565220583,0.9189999999999999,0.022925984661165313,0.919,0.0,0.022917651,1.5
3.727714872980349,-0.290248067650051,1.5,336.1696549327073,4.557286407017938,0.9200000000000002,0.0229259844943215,0.92,0.0,0.022917651,1.5
3.72801934088145,-0.28800845899653793,1.5,336.26337128674663,4.556722244480526,0.921,0.022925984327197516,0.921,0.0,0.022917651,1.5
3.7283238431563346,-0.28576772229939873,1.5,336.3589423419226,4.556157091660253,0.922,0.02292598415984738,0.922,0.0,0.022917651,1.5
3.7286283653332815,-0.28352593304989265,1.5,336.45653845276917,4.555590966257837,0.9230000000000002,0.02292598399232438,0.923,0.0,0.022917651,1.5
3.7289329263440303,-0.28128295554839233,1.5,336.5559089761586,4.555023807890904,0.9240000000000002,0.02292598382451984,0.924,0.0,0.022917651,1.5
3.729237526683245,-0.2790387746589355,1.5,336.65707651457024,4.554455603401545,0.9250000000000002,0.02292598365643015,0.925,0.0,0.022917651,1.5
3.7295421668540287,-0.2767933749873947,1.5,336.7600640560009,4.553886339407424,0.926,0.022925983488051686,0.926,0.0,0.022917651,1.5
3.729846847368103,-0.2745467408759491,1.5,336.8648949822196,4.553316002296973,0.9270000000000003,0.022925983319380724,0.927,0.0,0.022917651,1.5
3.7301515687459887,-0.27229885639741397,1.5,336.9715930772353,4.552744578224462,0.9280000000000002,0.022925983150413484,0.928,0.0,0.022917651,1.5
3.730456331517205,-0.27004970534942363,1.5,337.08018253598425,4.552172053104941,0.929,0.022925982981146148,0.929,0.0,0.022917651,1.5
3.7307611264521525,-0.2677992778512062,1.5,337.1904857048653,4.551598380268133,0.9300000000000003,0.022925982818662437,0.93,0.0,0.022917651,1.5
3.7310659045480445,-0.2655476041064617,1.5,337.3015254490037,4.551023394559715,0.9310000000000002,0.02292598269516808,0.931,0.0,0.022917651,1.5
3.731370717941613,-0.26329464260142904,1.5,337.41441303810007,4.550447262325452,0.932,0.02292598257040748,0.932,0.0,0.022917651,1.5
3.7316755670883466,-0.26104037671851194,1.5,337.5291723172297,4.5498699687702695,0.933,0.022925982444364303,0.933,0.0,0.022917651,1.5
3.7319804524516087,-0.258784789552962,1.5,337.64582754351164,4.549291498843442,0.9340000000000003,0.022925982317021924,0.934,0.0,0.022917651,1.5
3.7322853745028004,-0.25652786390664917,1.5,337.76440339504626,4.548711837233033,0.935,0.022925982188363437,0.935,0.0,0.022917651,1.5
3.732590333721542,-0.25426958228166924,1.5,337.8849249800888,4.548130968360214,0.9360000000000002,0.022925982058371635,0.936,0.0,0.022917651,1.5
3.7328953305958503,-0.25200992687378426,1.5,338.007417846462,4.547548876373415,0.937,0.022925981927029007,0.937,0.0,0.022917651,1.5
3.7332004592903822,-0.24974860260819962,1.5,338.1323545999484,4.54696564173979,0.9380000000000001,0.022925981824037746,0.9380000000000001,0.0,0.022917651,1.5
3.733505727352843,-0.2474855698957398,1.5,338.25982125247117,4.546381254963197,0.9390000000000001,0.022925981749882172,0.9390000000000001,0.0,0.022917651,1.5
3.733811037476618,-0.24522109904255773,1.5,338.38938773164045,4.545795598285644,0.9400000000000002,0.022925981672882675,0.9400000000000001,0.0,0.022917651,1.5
3.7341163902257066,-0.24295517076467987,1.5,338.5210821939508,4.545208654679079,0.9410000000000001,0.022925981593001122,0.9410000000000001,0.0,0.022917651,1.5
3.734421786174235,-0.24068776543181394,1.5,338.654933301556,4.544620406809641,0.9420000000000001,0.0229259815101987,0.9420000000000001,0.0,0.022917651,1.5
3.734727225906689,-0.23841886305953952,1.5,338.79097023367206,4.544030837030774,0.9430000000000001,0.022925981424435887,0.9430000000000001,0.0,0.022917651,1.5
3.735032710018144,-0.23614844330128654,1.5,338.92922269828887,4.543439927376135,0.9440000000000001,0.022925981335672443,0.9440000000000001,0.0,0.022917651,1.5
3.735338245343901,-0.23387647386278382,1.5,339.0698625106444,4.542847673340188,0.9450000000000002,0.022925981210522972,0.9450000000000001,0.0,0.022917651,1.5
3.7356438395896716,-0.23160293336843982,1.5,339.2130684894423,4.542254084763365,0.9460000000000001,0.022925981017607802,0.9460000000000001,0.0,0.022917651,1.5
3.735949481414313,-0.2293278293160439,1.5,339.35859317329493,4.541659122859087,0.9470000000000001,0.02292598082434365,0.9470000000000001,0.0,0.022917651,1.5
3.7362551714726155,-0.22705114018756856,1.5,339.50646847272765,4.541062768727322,0.9480000000000002,0.022925980630725717,0.9480000000000001,0.0,0.022917651,1.5
3.736560910431441,-0.22477284406831882,1.5,339.65672688651097,4.540465003119632,0.9490000000000001,0.022925980436749108,0.9490000000000001,0.0,0.022917651,1.5
3.73686669897,-0.22249291863774967,1.5,339.80940151527733,4.539865806431104,0.9500000000000001,0.022925980242408845,0.9500000000000001,0.0,0.022917651,1.5
3.737172537780141,-0.22021134116002725,1.5,339.9645260755189,4.539265158692065,0.9510000000000002,0.02292598004769985,0.9510000000000001,0.0,0.022917651,1.5
3.7374784328573374,-0.21792794085004696,1.5,340.1222281718842,4.538662913677255,0.9520000000000001,0.022925979852128017,0.9520000000000001,0.0,0.022917651,1.5
3.7377843788076874,-0.21564276689114073,1.5,340.28250274322653,4.538059098950584,0.9530000000000001,0.02292597965589996,0.9530000000000001,0.0,0.022917651,1.5
3.738090372045671,-0.21335589114548423,1.5,340.4453261229267,4.5374537717167405,0.9540000000000002,0.02292597945931978,0.9540000000000001,0.0,0.022917651,1.5
3.738396413235183,-0.21106728972079564,1.5,340.6107340950493,4.536846910740838,0.9550000000000001,0.022925979262382535,0.9550000000000001,0.0,0.022917651,1.5
3.7387025030526067,-0.20877693827544228,1.5,340.7787631166639,4.536238494388621,0.9560000000000001,0.022925979065083188,0.9560000000000001,0.0,0.022917651,1.5
3.7390086421871054,-0.20648481200782579,1.5,340.9494503337408,4.535628500617023,0.9570000000000001,0.022925978867416614,0.9570000000000001,0.0,0.022917651,1.5
3.7393148728177334,-0.2041907460351304,1.5,341.12292098811844,4.5350169325805965,0.9580000000000002,0.022925978669262215,0.9580000000000001,0.0,0.022917651,1.5
3.7396212517888223,-0.20189453200325944,1.5,341.29933222612556,4.534403808206946,0.9590000000000002,0.02292597847047384,0.9590000000000001,0.0,0.022917651,1.5
3.7399276836764765,-0.19959647087311297,1.5,341.478520868307,4.533789048243676,0.96,0.022925978271321968,0.96,0.0,0.022917651,1.5
3.7402341692431706,-0.19729653602985353,1.5,341.6605269342765,4.53317262912358,0.961,0.022925978071801363,0.961,0.0,0.022917651,1.5
3.7405407092660994,-0.19499470034485236,1.5,341.8453912162152,4.532554526824488,0.962,0.02292597787190669,0.962,0.0,0.022917651,1.5
3.7408473045375326,-0.1926909361632302,1.5,342.03315529760465,4.531934716858245,0.9630000000000001,0.022925977671632496,0.963,0.0,0.022917651,1.5
3.741153943844625,-0.19038513181692718,1.5,342.22399385408573,4.531313044580761,0.964,0.02292597751159775,0.964,0.0,0.022917651,1.5
3.7414606181889956,-0.18807719578688986,1.5,342.4180623618387,4.530689384211528,0.965,0.022925977421614393,0.965,0.0,0.022917651,1.5
3.7417673503382023,-0.18576725379211914,1.5,342.61516553138944,4.53006394921048,0.9660000000000001,0.022925977325896494,0.966,0.0,0.022917651,1.5
3.74207414114752,-0.18345527615256363,1.5,342.8153482632874,4.529436713320341,0.967,0.022925977224359205,0.967,0.0,0.022917651,1.5
3.742380991489181,-0.18114123259974568,1.5,343.0186563482641,4.528807649763272,0.9680000000000001,0.022925977116915998,0.968,0.0,0.022917651,1.5
3.7426879022527917,-0.1788250922621065,1.5,343.2251364894039,4.5281767312279015,0.969,0.022925977003478624,0.969,0.0,0.022917651,1.5
3.742994798204735,-0.17650654464881435,1.5,343.4350877023146,4.527543340673264,0.9700000000000002,0.022925976809476615,0.97,0.0,0.022917651,1.5
3.743301729271642,-0.17418574426547348,1.5,343.6484006228364,4.5269078357712305,0.9709999999999999,0.022925976587534192,0.971,0.0,0.022917651,1.5
3.7436087237856897,-0.17186275995738362,1.5,343.8650349472979,4.5262704006919305,0.972,0.022925976365154692,0.972,0.0,0.022917651,1.5
3.743915782712134,-0.1695375584991986,1.5,344.0850412061926,4.5256310060704275,0.9730000000000001,0.02292597614233146,0.973,0.0,0.022917651,1.5
3.7442229070359145,-0.1672101059881678,1.5,344.308470960239,4.5249896219430905,0.974,0.022925975919057706,0.974,0.0,0.022917651,1.5
3.744530162517534,-0.16488015660392794,1.5,344.5355136836911,4.524346267198589,0.975,0.022925975693852057,0.975,0.0,0.022917651,1.5
3.744837578001864,-0.1625475892880661,1.5,344.7662813091169,4.52370093685244,0.976,0.02292597546602467,0.976,0.0,0.022917651,1.5
3.7451450647687223,-0.16021266293857764,1.5,345.0006387101191,4.523053532600226,0.9770000000000001,0.02292597523759113,0.977,0.0,0.022917651,1.5
3.7454526239313184,-0.15787534071476586,1.5,345.23864194771846,4.522404022054046,0.978,0.022925975008541963,0.978,0.0,0.022917651,1.5
3.7457602566261623,-0.15553558500480516,1.5,345.48034825637376,4.521752372148076,0.979,0.022925974778867514,0.979,0.0,0.022917651,1.5
3.746067989524623,-0.15319308998095127,1.5,345.7259389580305,4.521098384277039,0.9800000000000001,0.022925974550665754,0.98,0.0,0.022917651,1.5
3.746375842575551,-0.15084764777234969,1.5,345.9755539158362,4.520441930668768,0.981,0.022925974325233547,0.981,0.0,0.022917651,1.5
3.7466837776752655,-0.1484996433408348,1.5,346.2290601737658,4.519783243000183,0.982,0.02292597409919911,0.982,0.0,0.022917651,1.5
3.746991796145169,-0.14614903542161056,1.5,346.48652040150535,4.51912228529157,0.983,0.022925973872552748,0.983,0.0,0.022917651,1.5
3.7472998993351907,-0.1437957818590015,1.5,346.74799862173813,4.518459020786441,0.9840000000000001,0.022925973645284543,0.984,0.0,0.022917651,1.5
3.7476080936413565,-0.14143960914684367,1.5,347.01389054665003,4.5177931998647365,0.985,0.022925973419035857,0.985,0.0,0.022917651,1.5
3.7479163750600923,-0.13908058410068144,1.5,347.28413708573385,4.517124874040133,0.986,0.022925973192915537,0.986,0.0,0.022917651,1.5
3.7482247409753877,-0.13671881260869523,1.5,347.55859868999363,4.516454139818058,0.9870000000000001,0.022925972965812676,0.987,0.0,0.022917651,1.5
3.7485331927710126,-0.13435424969329637,1.5,347.8373443880871,4.515780957757023,0.988,0.022925972737711187,0.988,0.0,0.022917651,1.5
3.7488417198116077,-0.13198681965896006,1.5,348.120479578307,4.515105209720949,0.989,0.022925972511902395,0.989,0.0,0.022917651,1.5
3.749150208670795,-0.12961617707333078,1.5,348.4084320537521,4.514426097475191,0.99,0.02292597231765713,0.99,0.0,0.022917651,1.5
3.749458797497429,-0.1272425978465604,1.5,348.700900878224,4.513744448350949,0.9910000000000001,0.022925972115493576,0.991,0.0,0.022917651,1.5
3.749767487977108,-0.12486603246258479,1.5,348.99796220397195,4.513060219572741,0.992,0.022925971905278213,0.992,0.0,0.022917651,1.5
3.7500762818335382,-0.12248643028583,1.5,349.299693904973,4.512373367397975,0.993,0.022925971686874515,0.993,0.0,0.022917651,1.5
3.750385272202278,-0.12010299800636161,1.5,349.6065302496833,4.5116834717989915,0.9940000000000001,0.022925971441800395,0.994,0.0,0.022917651,1.5
3.7506944000347615,-0.11771617898328732,1.5,349.91831853152155,4.510990739680052,0.995,0.022925971189556284,0.995,0.0,0.022917651,1.5
3.751003639911546,-0.11532614050303436,1.5,350.2350368784204,4.510295236461638,0.996,0.02292597093658188,0.996,0.0,0.022917651,1.5
3.7513129937849192,-0.11293282646898373,1.5,350.55677119305415,4.509596913859428,0.997,0.02292597068286445,0.997,0.0,0.022917651,1.5
3.7516224709893122,-0.11053562393804489,1.5,350.88398113952076,4.508895196153896,0.9980000000000001,0.02292597042826358,0.998,0.0,0.022917651,1.5
3.7519320687909388,-0.1081347698362193,1.5,351.2165713834513,4.50819030924798,0.999,0.022925970173017337,0.999,0.0,0.022917651,1.5
3.752241785311306,-0.10573048959825529,1.5,351.55444538605616,4.507482471092186,1.0,0.02292596991721804,1.0,0.0,0.022917651,1.5
3.7524863171553906,-0.1036884152797897,1.5,351.77219039139237,4.506832451758371,1.0010000000000001,0.02292596993178318,1.0010000000000001,0.0,0.022917651,1.5
3.7527308877061247,-0.10164490075983076,1.5,351.99108862600394,4.506181147139546,1.0020000000000002,0.022925969946202496,1.002,0.0,0.022917651,1.5
3.7529754792431325,-0.0995993911464457,1.5,352.2114740909658,4.505527931997955,1.0030000000000001,0.022925969960090987,1.0030000000000001,0.0,0.022917651,1.5
3.75322011914385,-0.09755243020684014,1.5,352.4330292652198,4.504873458930066,1.004,0.022925969973883856,1.004,0.0,0.022917651,1.5
3.7534648079814743,-0.09550400074016058,1.5,352.65576801194635,4.5042177130271694,1.0050000000000001,0.022925969987579977,1.0050000000000001,0.0,0.022917651,1.5
3.7537095463382966,-0.09345408527266205,1.5,352.8797044142664,4.50356067914402,1.0060000000000002,0.022925970001178183,1.006,0.0,0.022917651,1.5
3.7539543348058846,-0.0914026660522712,1.5,353.1048527796211,4.502902341894142,1.0070000000000001,0.02292597001467732,1.0070000000000001,0.0,0.022917651,1.5
3.7541991091014326,-0.08934969549880545,1.5,353.33147001741463,4.502242396162299,1.008,0.022925970026722454,1.008,0.0,0.022917651,1.5
3.754443825070352,-0.08729519540580478,1.5,353.5597509996151,4.501580686902594,1.0090000000000001,0.022925970036543383,1.0090000000000001,0.0,0.022917651,1.5
3.7546885837248256,-0.08523922110625923,1.5,353.7893410347873,4.500917674146347,1.0100000000000002,0.02292597004630925,1.01,0.0,0.022917651,1.5
3.754933385561651,-0.08318175544259916,1.5,354.02025535835827,4.500253342722799,1.0110000000000003,0.02292597005601942,1.0110000000000001,0.0,0.022917651,1.5
3.7551782310853623,-0.08112278098996842,1.5,354.2525094430993,4.499587677224855,1.012,0.02292597006567324,1.012,0.0,0.022917651,1.5
3.7554231208083872,-0.07906228005099544,1.5,354.4861190037663,4.498920662004461,1.0130000000000001,0.022925970075270044,1.0130000000000001,0.0,0.022917651,1.5
3.755668203872417,-0.07699922524881261,1.5,354.72169445492506,4.498251864033221,1.014,0.022925970088443645,1.014,0.0,0.022917651,1.5
3.755913352259792,-0.07493447455192855,1.5,354.9587513320464,4.4975816313115615,1.0150000000000003,0.022925970101832473,1.0150000000000001,0.0,0.022917651,1.5
3.756158553335233,-0.07286809878051605,1.5,355.19725443345175,4.496909984325172,1.016,0.022925970115101318,1.016,0.0,0.022917651,1.5
3.756403807738431,-0.07080007820439853,1.5,355.43722131788,4.496236905903334,1.0170000000000001,0.02292597012824872,1.0170000000000001,0.0,0.022917651,1.5
3.7566491161194735,-0.06873039277270898,1.5,355.67866982946794,4.495562378596245,1.0180000000000002,0.022925970141273205,1.018,0.0,0.022917651,1.5
3.756894484855484,-0.06665862865623687,1.5,355.9223539914093,4.494886017380982,1.0190000000000003,0.022925970154191892,1.0190000000000001,0.0,0.022917651,1.5
3.757139911958221,-0.06458499726722057,1.5,356.1679401318,4.49420802377529,1.0200000000000002,0.02292597016699206,1.02,0.0,0.022917651,1.5
3.75738539571967,-0.06250965138110481,1.5,356.4151377412668,4.493528542268135,1.0210000000000001,0.02292597017966391,1.0210000000000001,0.0,0.022917651,1.5
3.757630936837801,-0.0604325698773444,1.5,356.663966671174,4.4928475545303606,1.022,0.02292597019220587,1.022,0.0,0.022917651,1.5
3.757876536022091,-0.05835373128705555,1.5,356.91444710029083,4.492165041930504,1.0230000000000004,0.02292597020461633,1.0230000000000001,0.0,0.022917651,1.5
3.7581216225556555,-0.05627345760737349,1.5,357.1673945658049,4.491479038470401,1.024,0.02292597021662056,1.024,0.0,0.022917651,1.5
3.758366517584582,-0.05419161598036027,1.5,357.42242949493186,4.4907906988542425,1.0250000000000001,0.022925970228375406,1.025,0.0,0.022917651,1.5
3.758611470581483,-0.05210805058283403,1.5,357.6792351011723,4.49010086740053,1.0260000000000002,0.02292597023999912,1.026,0.0,0.022917651,1.5
3.758856482251952,-0.050022740432800895,1.5,357.9378329374752,4.489409525950392,1.027,0.02292597025149012,1.027,0.0,0.022917651,1.5
3.7591015533130827,-0.04793566420634987,1.5,358.1982449080092,4.488716656049046,1.028,0.022925970262846776,1.028,0.0,0.022917651,1.5
3.7593467272983316,-0.045845933434401645,1.5,358.4613624440226,4.488021551951973,1.0290000000000001,0.02292597050585306,1.029,0.0,0.022917651,1.5
3.7595919793987242,-0.043754173709635615,1.5,358.7265247312516,4.4873247326984504,1.03,0.022925970781051956,1.03,0.0,0.022917651,1.5
3.7598373044138524,-0.041660494368337034,1.5,358.9936197188538,4.486626285432484,1.031,0.022925971050721822,1.031,0.0,0.022917651,1.5
3.760082703280542,-0.03956487074680347,1.5,359.2626722386351,4.485926189236971,1.032,0.022925971314791623,1.032,0.0,0.022917651,1.5
3.760328100706385,-0.03746748119653289,1.5,359.53412494115497,4.485224319896281,1.033,0.02292597151418922,1.033,0.0,0.022917651,1.5
3.7605733008956617,-0.03536888563659134,1.5,359.8090690985423,4.484520450795905,1.0340000000000003,0.022925971508840102,1.034,0.0,0.022917651,1.5
3.760818559176059,-0.033268419529526264,1.5,360.0861296814255,4.483814943533337,1.035,0.0229259715034463,1.035,0.0,0.022917651,1.5
3.7610638762635613,-0.031166059820468325,1.5,360.3653327751734,4.4831077779179,1.036,0.022925971498007264,1.036,0.0,0.022917651,1.5
3.761309252885968,-0.029061783074112557,1.5,360.64670489559956,4.482398933425742,1.037,0.022925971492522443,1.037,0.0,0.022917651,1.5
3.7615547280711983,-0.026954730773106728,1.5,360.93166981259134,4.481687708689164,1.0380000000000003,0.022925971485983583,1.038,0.0,0.022917651,1.5
3.761800280504048,-0.024845418933508282,1.5,361.2194192614882,4.4809745336786975,1.039,0.02292597147897276,1.039,0.0,0.022917651,1.5
3.762045898213617,-0.02273411005068446,1.5,361.5095115764608,4.480259622631199,1.04,0.022925971471824888,1.04,0.0,0.022917651,1.5
3.7622915820223026,-0.020620778964580738,1.5,361.8019762744666,4.479542953674944,1.041,0.02292597146453823,1.041,0.0,0.022917651,1.5
3.7625372617277315,-0.018505371647486484,1.5,362.0976597500955,4.478824191431261,1.0420000000000003,0.022925971456716383,1.042,0.0,0.022917651,1.5
3.76278290686572,-0.016387892519406432,1.5,362.3968898446439,4.478103218385553,1.043,0.022925971448221744,1.043,0.0,0.022917651,1.5
3.7630286068299617,-0.01426836866599057,1.5,362.69865383916783,4.477380419936222,1.044,0.022925971439560038,1.044,0.0,0.022917651,1.5
3.7632743623054323,-0.012146774541375279,1.5,363.00298339105643,4.476655773277509,1.0450000000000002,0.022925971430729174,1.045,0.0,0.022917651,1.5
3.763520220975528,-0.010022635695821236,1.5,363.3106441895271,4.475928994194759,1.046,0.02292597142092888,1.046,0.0,0.022917651,1.5
3.7637662672533385,-0.007895142996397455,1.5,363.622979643819,4.4751996103878975,1.047,0.022925971408868102,1.047,0.0,0.022917651,1.5
3.7640123785571866,-0.005765455797052784,1.5,363.9381007701728,4.474468292233553,1.048,0.022925971396717478,1.048,0.0,0.022917651,1.5
3.764258555724541,-0.003633545834867004,1.5,364.25604344520366,4.473735014819304,1.049,0.02292597138447585,1.049,0.0,0.022917651,1.5
3.764504743654258,-0.0014996495266037047,1.5,364.5778439233101,4.47299979575402,1.0500000000000003,0.022925971372989032,1.05,0.0,0.022917651,1.5
3.764750839283503,0.0006357395725433751,1.5,364.9053446233403,4.472262719137685,1.051,0.022925971363646703,1.051,0.0,0.022917651,1.5
3.764996990923424,0.002773331335664653,1.5,365.23591710640505,4.471523664036449,1.052,0.022925971354107812,1.052,0.0,0.022917651,1.5
3.7652431992823976,0.004913153620223968,1.5,365.5696002218652,4.470782605428081,1.0530000000000002,0.022925971344369887,1.053,0.0,0.022917651,1.5
3.7654894200376243,0.007055517123326577,1.5,365.9078054997656,4.470039053958681,1.054,0.022925971335327266,1.054,0.0,0.022917651,1.5
3.765735626880954,0.009200619834875445,1.5,366.25149281705023,4.469292705402159,1.055,0.022925971327656464,1.055,0.0,0.022917651,1.5
3.7659818925894215,0.011348039330106408,1.5,366.59855298558165,4.468544275395169,1.056,0.022925971319985135,1.056,0.0,0.022917651,1.5
3.766228217919757,0.013497805391981114,1.5,366.94902936439377,4.4677937371800285,1.057,0.022925971312313265,1.057,0.0,0.022917651,1.5
3.766474568187565,0.015650059392006924,1.5,367.30555417308466,4.467040812351947,1.0580000000000003,0.022925971301921613,1.058,0.0,0.022917651,1.5
3.766720953891477,0.01780476042029596,1.5,367.6672347997929,4.466285583220882,1.059,0.022925971289821195,1.059,0.0,0.022917651,1.5
3.766967395637588,0.019961867421937837,1.5,368.0326144877254,4.465528172280513,1.06,0.02292597127759634,1.06,0.0,0.022917651,1.5
3.767213894150198,0.022121411492267772,1.5,368.40174104437426,4.46476855133265,1.061,0.022925971265245447,1.061,0.0,0.022917651,1.5
3.7674604800271965,0.02428436957427086,1.5,368.78024994080624,4.464005863295313,1.062,0.02292597125415154,1.062,0.0,0.022917651,1.5
3.767707122450737,0.026449830634210872,1.5,369.16286751077797,4.46324089845016,1.063,0.022925971242844657,1.063,0.0,0.022917651,1.5
3.7679538218242463,0.028617817032499177,1.5,369.5495880113837,4.462473636077701,1.064,0.022925971231306526,1.064,0.0,0.022917651,1.5
3.7682005541628096,0.030788459552118033,1.5,369.94311223640733,4.461703847265732,1.065,0.022925971218229525,1.065,0.0,0.022917651,1.5
3.7684473153521387,0.03296176988208502,1.5,370.34398399876784,4.460931503600418,1.0660000000000003,0.022925971203537048,1.066,0.0,0.022917651,1.5
3.7686941335582946,0.03513765808636398,1.5,370.7493129684787,4.460156810170076,1.067,0.022925971188740617,1.067,0.0,0.022917651,1.5
3.768941003406451,0.03731618656844531,1.5,371.1595388681127,4.459379683441955,1.068,0.022925971173978384,1.068,0.0,0.022917651,1.5
3.769187821430637,0.03949786008039918,1.5,371.58123587767795,4.458599210960119,1.069,0.022925971161510274,1.069,0.0,0.022917651,1.5
3.7694346954081115,0.041682195907280395,1.5,372.00781520966444,4.457816299968273,1.07,0.022925971148791312,1.07,0.0,0.022917651,1.5
3.7696816260760935,0.043869229126606415,1.5,372.4393411914564,4.457030918337657,1.071,0.022925971135818207,1.071,0.0,0.022917651,1.5
3.7699284120810375,0.04605899750568277,1.5,372.87875456703296,4.456242221909023,1.072,0.02292597112634197,1.072,0.0,0.022917651,1.5
3.7701751782576447,0.04825150147226764,1.5,373.32435631916445,4.455450710315291,1.073,0.022925971118131168,1.073,0.0,0.022917651,1.5
3.770421995803223,0.05044677120048836,1.5,373.7752114788904,4.454656638532143,1.074,0.022925971109886634,1.074,0.0,0.022917651,1.5
3.770668200778495,0.05264500225502369,1.5,374.22961720709,4.453857152829614,1.075,0.022925971098158138,1.075,0.0,0.022917651,1.5
3.7709137940387625,0.05484618366379609,1.5,374.68760688133216,4.453052267516825,1.076,0.022925971083070765,1.076,0.0,0.022917651,1.5
3.7711593914830175,0.057050189248029126,1.5,375.15087892418603,4.4522445745713,1.077,0.022925971067859187,1.077,0.0,0.022917651,1.5
3.771404966648744,0.05925764445440047,1.5,375.6200607039049,4.451433344924169,1.078,0.022925971052879558,1.078,0.0,0.022917651,1.5
3.771650496308758,0.0614690162603183,1.5,376.09564556481814,4.450618020543748,1.079,0.022925971038283095,1.079,0.0,0.022917651,1.5
3.7718960243040742,0.06368332913505637,1.5,376.576750592981,4.449799748591016,1.08,0.02292597102340026,1.08,0.0,0.022917651,1.5
3.7721414835916423,0.0659007959215069,1.5,377.0639163701286,4.448978047405397,1.081,0.0229259710076837,1.081,0.0,0.022917651,1.5
3.7723867877759916,0.06812166350296998,1.5,377.5577924686854,4.44815232352428,1.082,0.02292597099058877,1.082,0.0,0.022917651,1.5
3.772632080896179,0.0703455886455272,1.5,378.05743373907427,4.447323497642771,1.083,0.022925970973366083,1.083,0.0,0.022917651,1.5
3.77287731679997,0.07257307779959753,1.5,378.5632554013054,4.4464908793946085,1.0839999999999999,0.022925970956427438,1.084,0.0,0.022917651,1.5
3.773122450425913,0.07480461669735775,1.5,379.0756630170107,4.445653803708806,1.0850000000000002,0.022925970940067524,1.085,0.0,0.022917651,1.5
3.7733675705125433,0.07703934224015349,1.5,379.5940804512252,4.444813487409049,1.086,0.022925970923431002,1.086,0.0,0.022917651,1.5
3.773612723919311,0.07927788216510127,1.5,380.1191193104778,4.4439694903907325,1.087,0.022925970906818055,1.087,0.0,0.022917651,1.5
3.7738579220766426,0.08152040434490088,1.5,380.6509908947751,4.44312169035872,1.0880000000000003,0.022925970890410395,1.088,0.0,0.022917651,1.5
3.7741031073627673,0.08376623115444884,1.5,381.1891301754939,4.442270534142194,1.0890000000000002,0.022925970873876864,1.089,0.0,0.022917651,1.5
3.7743481331591835,0.08601597407266501,1.5,381.73445711039705,4.441414820644177,1.09,0.022925970861467273,1.09,0.0,0.022917651,1.5
3.774593058240108,0.0882694232045222,1.5,382.28670534751285,4.4405549963330735,1.0910000000000002,0.022925970851354675,1.091,0.0,0.022917651,1.5
3.7748379640882117,0.09052630256671014,1.5,382.8454934425938,4.439691664924502,1.092,0.022925970841139724,1.092,0.0,0.022917651,1.5
3.7750828057815706,0.09278780609345337,1.5,383.412073779177,4.438823458128763,1.093,0.02292597082310905,1.093,0.0,0.022917651,1.5
3.7753276227570676,0.09505296492008895,1.5,383.98551985069304,4.437951497829402,1.0940000000000003,0.02292597080408732,1.094,0.0,0.022917651,1.5
3.7755724311047314,0.09732199825116741,1.5,384.5661184849602,4.437075626572464,1.095,0.022925970785017357,1.095,0.0,0.022917651,1.5
3.7758172555441023,0.09959561298829972,1.5,385.1546889545487,4.436195231634798,1.0960000000000003,0.022925970766020407,1.096,0.0,0.022917651,1.5
3.7760620582222595,0.10187289963974956,1.5,385.75029751354805,4.435311077555458,1.097,0.022925970746697444,1.097,0.0,0.022917651,1.5
3.7763068044360093,0.10415455699862432,1.5,386.35394597863785,4.434422332613139,1.098,0.022925970726954292,1.098,0.0,0.022917651,1.5
3.776551506120492,0.10644034176813215,1.5,386.96534658348446,4.43352928547942,1.0990000000000002,0.02292597070693986,1.099,0.0,0.022917651,1.5
3.7767961681889854,0.10873002347835647,1.5,387.5842621669429,4.432632182565925,1.1000000000000003,0.022925970686726423,1.1,0.0,0.022917651,1.5
3.776997737966353,0.11076401895979031,1.5,387.8277044220574,4.431782351351605,1.101,0.02292597066534914,1.101,0.0,0.022917651,1.5
3.777199362097496,0.11279728527283028,1.5,388.0702919464221,4.430933466271348,1.102,0.02292597064397186,1.102,0.0,0.022917651,1.5
3.777401053727816,0.11482974327518371,1.5,388.3118629142443,4.430085659508528,1.103,0.022925970622594577,1.103,0.0,0.022917651,1.5
3.7776028126124257,0.11686139589942074,1.5,388.552421013614,4.429238927150989,1.1040000000000005,0.022925970601217295,1.104,0.0,0.022917651,1.5
3.7778046385076185,0.11889224606394103,1.5,388.79196991480217,4.42839326530547,1.1050000000000002,0.02292597057984001,1.105,0.0,0.022917651,1.5
3.778006531170866,0.12092229667306272,1.5,389.0305132703681,4.427548670097503,1.106,0.022925970558462717,1.106,0.0,0.022917651,1.5
3.778208490360807,0.12295155061710365,1.5,389.268054715266,4.4267051376712905,1.107,0.022925970537085432,1.107,0.0,0.022917651,1.5
3.778410515837243,0.12498001077246933,1.5,389.5045978669513,4.425862664189599,1.1080000000000003,0.022925970515708154,1.108,0.0,0.022917651,1.5
3.778612607361132,0.12700768000173285,1.5,389.74014632548585,4.425021245833646,1.1090000000000002,0.02292597049433087,1.109,0.0,0.022917651,1.5
3.778814764694577,0.12903456115372153,1.5,389.97470367364184,4.424180878802986,1.1100000000000003,0.022925970472953583,1.11,0.0,0.022917651,1.5
3.7790169876008246,0.1310606570635957,1.5,390.20827347700595,4.423341559315406,1.111,0.022925970451576305,1.111,0.0,0.022917651,1.5
3.7792192758442535,0.1330859705529344,1.5,390.44085928408185,4.4225032836068126,1.112,0.02292597043019902,1.112,0.0,0.022917651,1.5
3.779421629190373,0.1351105044298126,1.5,390.672464626393,4.421666047931125,1.113,0.022925970408821737,1.113,0.0,0.022917651,1.5
3.7796240353630592,0.13713444131992703,1.5,390.9033730679846,4.420829621612508,1.114,0.022925970387444452,1.114,0.0,0.022917651,1.5
3.7798264992280264,0.1391577044925785,1.5,391.1334672042515,4.4199941002924374,1.115,0.022925970366067167,1.115,0.0,0.022917651,1.5
3.780029026497815,0.1411802072679357,1.5,391.36261177527246,4.419159592958897,1.1160000000000003,0.02292597034468988,1.116,0.0,0.022917651,1.5
3.780231616938396,0.14320195245262685,1.5,391.590810285896,4.418326095869258,1.117,0.022925970323312596,1.117,0.0,0.022917651,1.5
3.7804342703168943,0.14522294283948656,1.5,391.8180662237437,4.41749360529929,1.1180000000000003,0.022925970301935314,1.118,0.0,0.022917651,1.5
3.7806369864015745,0.14724318120763683,1.5,392.0443830593151,4.416662117543044,1.1190000000000002,0.022925970280558032,1.119,0.0,0.022917651,1.5
3.7808397649618395,0.1492626703225748,1.5,392.26976424609313,4.415831628912744,1.1200000000000003,0.02292597025918075,1.12,0.0,0.022917651,1.5
3.781042605768221,0.15128141293625252,1.5,392.4942132206483,4.41500213573867,1.1210000000000002,0.02292597023780347,1.121,0.0,0.022917651,1.5
3.781245508592373,0.15329941178716336,1.5,392.7177334027418,4.414173634369056,1.122,0.022925970216426183,1.122,0.0,0.022917651,1.5
3.7814484732070652,0.15531666960042056,1.5,392.9403281954288,4.413346121169973,1.123,0.0229259701950489,1.123,0.0,0.022917651,1.5
3.781651499386176,0.15733318908784255,1.5,393.1620009851593,4.412519592525225,1.124,0.022925970173671616,1.124,0.0,0.022917651,1.5
3.7818545869046862,0.1593489729480302,1.5,393.3827551418803,4.411694044836238,1.125,0.02292597015229433,1.125,0.0,0.022917651,1.5
3.78205773553867,0.16136402386645082,1.5,393.6025940191355,4.410869474521952,1.1260000000000003,0.022925970130917045,1.1260000000000001,0.0,0.022917651,1.5
3.7822609231572195,0.1633784106023279,1.5,393.8217985230656,4.410045723933142,1.127,0.022925970109539763,1.127,0.0,0.022917651,1.5
3.7824641410831505,0.1653921467953386,1.5,394.04045886492054,4.4092227446814825,1.1280000000000003,0.022925970088162478,1.1280000000000001,0.0,0.022917651,1.5
3.7826674153774253,0.1674051502193776,1.5,394.258237646387,4.408400723715176,1.129,0.022925970066785192,1.129,0.0,0.022917651,1.5
3.782870745843,0.16941742343596441,1.5,394.4751379491093,4.407579657684372,1.1300000000000001,0.02292597004540791,1.1300000000000001,0.0,0.022917651,1.5
3.7830741322837467,0.17142896899469162,1.5,394.69116284038523,4.406759543254817,1.131,0.02292597002403063,1.131,0.0,0.022917651,1.5
3.783277574504448,0.17343978943329788,1.5,394.9063153732496,4.405940377107762,1.1320000000000001,0.022925970002653343,1.1320000000000001,0.0,0.022917651,1.5
3.7834810723107966,0.17544988727773322,1.5,395.12059858655664,4.405122155939871,1.133,0.02292596998127606,1.133,0.0,0.022917651,1.5
3.783684625509384,0.17745926504223075,1.5,395.33401550506284,4.404304876463133,1.1340000000000001,0.022925969959898776,1.1340000000000001,0.0,0.022917651,1.5
3.7838882339076996,0.17946792522937127,1.5,395.5465691395081,4.403488535404775,1.135,0.022925969938521494,1.135,0.0,0.022917651,1.5
3.7840918973141218,0.1814758703301539,1.5,395.758262486697,4.4026731295071695,1.1360000000000003,0.022925969917144212,1.1360000000000001,0.0,0.022917651,1.5
3.784295615537917,0.18348310282405964,1.5,395.9690985295793,4.401858655527754,1.1370000000000002,0.022925969895766927,1.137,0.0,0.022917651,1.5
3.7844993883892313,0.18548962517912163,1.5,396.1790802373302,4.4010451102389325,1.1380000000000001,0.02292596987438964,1.1380000000000001,0.0,0.022917651,1.5
3.7847032156790865,0.18749543985198716,1.5,396.38821056542923,4.400232490428004,1.139,0.02292596985301236,1.139,0.0,0.022917651,1.5
3.7849070972193766,0.18950054928798704,1.5,396.5964924557397,4.3994207928970654,1.1400000000000003,0.022925969831635074,1.1400000000000001,0.0,0.022917651,1.5
3.785110983659888,0.19150511537872525,1.5,396.8045107861444,4.3986096581824885,1.141,0.022925969809505998,1.141,0.0,0.022917651,1.5
3.7853149080081767,0.19350902330340092,1.5,397.0118691612991,4.39779933320048,1.1420000000000001,0.022925969787196694,1.1420000000000001,0.0,0.022917651,1.5
3.785518883634511,0.19551223033056728,1.5,397.2184092448799,4.396989914204574,1.143,0.022925969764922064,1.143,0.0,0.022917651,1.5
3.785722910365609,0.19751473882873585,1.5,397.4241338021021,4.396181398133212,1.1440000000000003,0.022925969742681983,1.1440000000000001,0.0,0.022917651,1.5
3.7859269880289688,0.1995165511557565,1.5,397.6290455857352,4.395373781938617,1.145,0.022925969720476346,1.145,0.0,0.022917651,1.5
3.786131116452865,0.20151766965888113,1.5,397.83314733617385,4.394567062586712,1.1460000000000001,0.022925969698305033,1.1460000000000001,0.0,0.022917651,1.5
3.7863352954663423,0.2035180966748195,1.5,398.03644178150677,4.393761237057045,1.1469999999999998,0.022925969676167925,1.147,0.0,0.022917651,1.5
3.7865395248992137,0.20551783452980196,1.5,398.23893163758623,4.3929563023427125,1.1480000000000001,0.022925969654064904,1.1480000000000001,0.0,0.022917651,1.5
3.7867438045820507,0.20751688553963457,1.5,398.440619608096,4.392152255450281,1.149,0.022925969631995863,1.149,0.0,0.022917651,1.5
3.786948134346188,0.20951525200976093,1.5,398.6415083846197,4.391349093399718,1.1500000000000001,0.022925969609960684,1.1500000000000001,0.0,0.022917651,1.5
3.787152514023712,0.21151293623531653,1.5,398.84160064670874,4.390546813224309,1.151,0.02292596958795926,1.151,0.0,0.022917651,1.5
3.7873569434474583,0.2135099405011899,1.5,399.04089906194895,4.389745411970589,1.1520000000000001,0.022925969565991463,1.1520000000000001,0.0,0.022917651,1.5
3.7875614224510095,0.21550626708207613,1.5,399.2394062860275,4.388944886698265,1.1530000000000002,0.022925969544057196,1.153,0.0,0.022917651,1.5
3.787765950868688,0.2175019182425368,1.5,399.4371249627993,4.38814523448015,1.154,0.022925969522156336,1.154,0.0,0.022917651,1.5
3.787970469021038,0.21949707395001514,1.5,399.63459697188074,4.387346037018367,1.155,0.02292596950065925,1.155,0.0,0.022917651,1.5
3.7881750042141844,0.22149165449245906,1.5,399.83158171237227,4.386547483103213,1.156,0.0229259694793659,1.156,0.0,0.022917651,1.5
3.788379586940882,0.22348557059647375,1.5,400.0278051860054,4.385749783786224,1.157,0.022925969458079475,1.157,0.0,0.022917651,1.5
3.7885842170411013,0.22547882449901244,1.5,400.22326995572473,4.384952936190239,1.158,0.022925969436799948,1.158,0.0,0.022917651,1.5
3.7887888943555295,0.22747141842699975,1.5,400.4179785729831,4.384156937450998,1.159,0.0229259694155273,1.159,0.0,0.022917651,1.5
3.7889936187255677,0.2294633545973846,1.5,400.6119335778057,4.383361784717068,1.1600000000000001,0.02292596939426151,1.16,0.0,0.022917651,1.5
3.789198389993325,0.23145463521719922,1.5,400.80513749885404,4.382567475149773,1.161,0.02292596937300255,1.161,0.0,0.022917651,1.5
3.7894032080016173,0.23344526248361128,1.5,400.99759285348927,4.381774005923124,1.1620000000000001,0.0229259693517504,1.162,0.0,0.022917651,1.5
3.7896080725939627,0.23543523858398233,1.5,401.1893021478357,4.3809813742237464,1.163,0.022925969330505037,1.163,0.0,0.022917651,1.5
3.789812983614576,0.2374245656959189,1.5,401.3802678768428,4.380189577250809,1.164,0.022925969309266436,1.164,0.0,0.022917651,1.5
3.7900179409083674,0.23941324598733055,1.5,401.5704925243481,4.379398612215957,1.1650000000000003,0.02292596928803458,1.165,0.0,0.022917651,1.5
3.7902229443209334,0.24140128161647986,1.5,401.759978563138,4.378608476343239,1.166,0.022925969266809437,1.166,0.0,0.022917651,1.5
3.790427993698562,0.24338867473204004,1.5,401.9487284550104,4.377819166869043,1.167,0.022925969245590993,1.167,0.0,0.022917651,1.5
3.7906330888882183,0.24537542747314425,1.5,402.13674465083466,4.37703068104202,1.168,0.022925969224379224,1.168,0.0,0.022917651,1.5
3.7908382254372914,0.24736155062769083,1.5,402.32407771063737,4.376242990203205,1.1690000000000003,0.02292596920317918,1.169,0.0,0.022917651,1.5
3.791043326137734,0.2493471970540558,1.5,402.5115852438114,4.375455631584827,1.1700000000000002,0.022925969182076563,1.17,0.0,0.022917651,1.5
3.791248469430891,0.2513322066375208,1.5,402.69838384380296,4.374669080180126,1.171,0.022925969160973947,1.171,0.0,0.022917651,1.5
3.7914536551783073,0.25331658144826585,1.5,402.8844758151365,4.373883333365099,1.172,0.022925969139871327,1.172,0.0,0.022917651,1.5
3.7916588832421274,0.2553003235475098,1.5,403.06986345235873,4.3730983885271035,1.173,0.02292596911876871,1.173,0.0,0.022917651,1.5
3.7918641534850903,0.25728343498755535,1.5,403.25454904009297,4.372314243064796,1.174,0.022925969097666095,1.174,0.0,0.022917651,1.5
3.792069465770529,0.2592659178118404,1.5,403.4385348530921,4.371530894388071,1.175,0.02292596907656348,1.175,0.0,0.022917651,1.5
3.7922748199623664,0.2612477740549825,1.5,403.62182315629235,4.3707483399179985,1.176,0.022925969055460863,1.176,0.0,0.022917651,1.5
3.7924802159251105,0.26322900574283015,1.5,403.80441620486624,4.36996657708677,1.177,0.022925969034358246,1.177,0.0,0.022917651,1.5
3.792685653523855,0.265209614892506,1.5,403.98631624427463,4.369185603337631,1.178,0.02292596901325563,1.178,0.0,0.022917651,1.5
3.7928911326242734,0.26718960351245774,1.5,404.16752551031954,4.36840541612483,1.179,0.02292596899215301,1.179,0.0,0.022917651,1.5
3.7930966530926145,0.2691689736025008,1.5,404.34804622919523,4.36762601291355,1.1800000000000002,0.022925968971050394,1.18,0.0,0.022917651,1.5
3.793302214795704,0.27114772715386853,1.5,404.5278806175408,4.3668473911798555,1.181,0.022925968949947778,1.181,0.0,0.022917651,1.5
3.793507817600936,0.2731258661492545,1.5,404.70703088249064,4.366069548410634,1.182,0.02292596892884516,1.182,0.0,0.022917651,1.5
3.7937134613762744,0.27510339256286154,1.5,404.88549922172535,4.365292482103537,1.183,0.022925968907742546,1.183,0.0,0.022917651,1.5
3.7939191459902477,0.2770803083604442,1.5,405.06328782352267,4.364516189766923,1.184,0.022925968886639926,1.184,0.0,0.022917651,1.5
3.794124786351964,0.27905696946490444,1.5,405.24135447397475,4.363739975830912,1.1850000000000003,0.022925968865537306,1.185,0.0,0.022917651,1.5
3.7943304611328865,0.28103304645923377,1.5,405.41881760534073,4.362964483717608,1.186,0.02292596884443469,1.186,0.0,0.022917651,1.5
3.794536175072321,0.2830085209248454,1.5,405.595624677464,4.362189750761357,1.187,0.022925968823332074,1.187,0.0,0.022917651,1.5
3.7947419280449184,0.28498339479047363,1.5,405.77177779043484,4.361415774532046,1.188,0.022925968802229458,1.188,0.0,0.022917651,1.5
3.7949477199258648,0.2869576699766316,1.5,405.94727903538967,4.360642552609922,1.1890000000000003,0.022925968781126838,1.189,0.0,0.022917651,1.5
3.7951535505908764,0.2889313483956509,1.5,406.1221304945587,4.359870082585537,1.19,0.022925968760024222,1.19,0.0,0.022917651,1.5
3.795359419916199,0.29090443195172927,1.5,406.2963342413133,4.359098362059698,1.1910000000000003,0.022925968738921606,1.191,0.0,0.022917651,1.5
3.7955653277786046,0.2928769225409697,1.5,406.46989234021316,4.358327388643404,1.192,0.02292596871781899,1.192,0.0,0.022917651,1.5
3.795771274055388,0.2948488220514273,1.5,406.64280684705335,4.357557159957797,1.1930000000000003,0.02292596869671637,1.193,0.0,0.022917651,1.5
3.7959772586243643,0.29682013236314825,1.5,406.81507980890973,4.356787673634112,1.1940000000000002,0.022925968675613754,1.194,0.0,0.022917651,1.5
3.796183281363866,0.29879085534821564,1.5,406.98671326418645,4.356018927313612,1.195,0.022925968654511138,1.195,0.0,0.022917651,1.5
3.7963893421527417,0.3007609928707882,1.5,407.1577092426609,4.355250918647548,1.1960000000000002,0.02292596863340852,1.196,0.0,0.022917651,1.5
3.7965954408703504,0.30273054678714617,1.5,407.32806976552973,4.354483645297098,1.197,0.022925968612305905,1.197,0.0,0.022917651,1.5
3.7968015773965624,0.3046995189457282,1.5,407.497796845454,4.353717104933317,1.198,0.02292596859120329,1.198,0.0,0.022917651,1.5
3.797007751611752,0.30666791118717746,1.5,407.66689248660407,4.352951295237084,1.199,0.02292596857010067,1.199,0.0,0.022917651,1.5
3.797213915339938,0.30863576838283907,1.5,407.83569720361726,4.352185978931146,1.2,0.022925968548998053,1.2,0.0,0.022917651,1.5
3.797390349480491,0.3104540000818066,1.5,408.0347878167704,4.351421104557239,1.201,0.022925968529818104,1.201,0.0,0.022917651,1.5
3.7975666898132188,0.3122724374910574,1.5,408.2345517147315,4.350655649533479,1.202,0.02292596851063815,1.202,0.0,0.022917651,1.5
3.797742984255654,0.31409103806753524,1.5,408.4346513980897,4.34988984777503,1.203,0.022925968491458202,1.203,0.0,0.022917651,1.5
3.7979192326679,0.3159098023086568,1.5,408.63508789049155,4.349123698224866,1.2040000000000002,0.022925968472278253,1.204,0.0,0.022917651,1.5
3.7980954349094906,0.3177287307138644,1.5,408.8358622197484,4.348357199821659,1.205,0.022925968453098296,1.205,0.0,0.022917651,1.5
3.7982715908393865,0.31954782378463287,1.5,409.0369754178574,4.347590351499761,1.2060000000000002,0.022925968433918344,1.206,0.0,0.022917651,1.5
3.7984477003159745,0.3213670820244829,1.5,409.23842852102405,4.346823152189178,1.207,0.0229259684147384,1.207,0.0,0.022917651,1.5
3.798623763197064,0.323186505938989,1.5,409.4402225696823,4.346055600815553,1.2080000000000002,0.022925968395558455,1.208,0.0,0.022917651,1.5
3.7987997793398813,0.32500609603579267,1.5,409.6423586085172,4.345287696300129,1.2089999999999999,0.0229259683763785,1.209,0.0,0.022917651,1.5
3.798975748601071,0.3268258528246098,1.5,409.8448376864855,4.344519437559749,1.2100000000000002,0.02292596835719855,1.21,0.0,0.022917651,1.5
3.799151670836689,0.3286457768172445,1.5,410.04766085683895,4.3437508235068165,1.211,0.022925968338018597,1.211,0.0,0.022917651,1.5
3.799327545902203,0.3304658685275968,1.5,410.25082917714496,4.342981853049279,1.2120000000000002,0.022925968318838648,1.212,0.0,0.022917651,1.5
3.799503373652487,0.3322861284716763,1.5,410.45434370930946,4.342212525090603,1.213,0.0229259682996587,1.213,0.0,0.022917651,1.5
3.799679153941819,0.33410655716761023,1.5,410.65820551959905,4.341442838529755,1.2140000000000002,0.022925968280478746,1.214,0.0,0.022917651,1.5
3.7998548866238777,0.3359271551356569,1.5,410.86241567866335,4.340672792261172,1.215,0.022925968261298793,1.215,0.0,0.022917651,1.5
3.8000305715517406,0.3377479228982139,1.5,411.0669752615575,4.339902385174742,1.2160000000000002,0.022925968242118844,1.216,0.0,0.022917651,1.5
3.8002062085778796,0.3395688609798326,1.5,411.2718853477651,4.339131616155786,1.217,0.022925968222938894,1.217,0.0,0.022917651,1.5
3.8003817975541585,0.341389969907225,1.5,411.4771470212205,4.338360484085022,1.2180000000000002,0.022925968203758945,1.218,0.0,0.022917651,1.5
3.8005573383318287,0.3432112502092793,1.5,411.6827613703324,4.33758898783855,1.2190000000000003,0.022925968184578996,1.219,0.0,0.022917651,1.5
3.8007328307615276,0.34503270241706724,1.5,411.8887294880064,4.336817126287827,1.2200000000000002,0.022925968165399047,1.22,0.0,0.022917651,1.5
3.8009082746932736,0.34685432706385866,1.5,412.09505247166857,4.336044898299641,1.221,0.0229259681462191,1.221,0.0,0.022917651,1.5
3.8010836699764683,0.3486761246851298,1.5,412.301731423289,4.335272302736093,1.2220000000000002,0.022925968127039148,1.222,0.0,0.022917651,1.5
3.801259016459885,0.35049809581857805,1.5,412.50876744940507,4.33449933845456,1.223,0.022925968107859195,1.223,0.0,0.022917651,1.5
3.80143431399167,0.3523202410041299,1.5,412.7161616611448,4.3337260043076835,1.2240000000000002,0.022925968088679242,1.224,0.0,0.022917651,1.5
3.8016095624193396,0.35414256078395595,1.5,412.92391517425153,4.332952299143337,1.225,0.022925968069499293,1.225,0.0,0.022917651,1.5
3.8017847615897775,0.35596505570247944,1.5,413.1320291091073,4.332178221804607,1.2260000000000002,0.02292596805031934,1.226,0.0,0.022917651,1.5
3.8019599113492277,0.357787726306391,1.5,413.34050459075706,4.331403771129762,1.227,0.02292596803113939,1.227,0.0,0.022917651,1.5
3.802135011543295,0.35961057314465755,1.5,413.549342748933,4.330628945952231,1.2280000000000002,0.02292596801195944,1.228,0.0,0.022917651,1.5
3.8023100620169408,0.3614335967685366,1.5,413.75854471807935,4.329853745100578,1.229,0.022925967992779486,1.229,0.0,0.022917651,1.5
3.8024850626144766,0.36325679773158626,1.5,413.96811163737596,4.329078167398477,1.23,0.022925967973599543,1.23,0.0,0.022917651,1.5
3.8026600131795676,0.3650801765896793,1.5,414.1780446507645,4.328302211664685,1.231,0.02292596795441959,1.231,0.0,0.022917651,1.5
3.8028349135552197,0.36690373390101255,1.5,414.3883449069721,4.3275258767130165,1.2320000000000002,0.022925967935239638,1.232,0.0,0.022917651,1.5
3.8030097635837854,0.3687274702261224,1.5,414.59901355953696,4.32674916135232,1.233,0.02292596791605969,1.233,0.0,0.022917651,1.5
3.803184563106955,0.37055138612789357,1.5,414.81005176683345,4.325972064386447,1.234,0.02292596789687974,1.234,0.0,0.022917651,1.5
3.803359311965754,0.3723754821715747,1.5,415.02146069209766,4.3251945846142315,1.235,0.02292596787769979,1.235,0.0,0.022917651,1.5
3.8035340100005395,0.37419975892478763,1.5,415.23324150345263,4.324416720829461,1.236,0.022925967858519837,1.236,0.0,0.022917651,1.5
3.803708657050999,0.3760242169575433,1.5,415.4453953739343,4.323638471820848,1.237,0.022925967839339888,1.237,0.0,0.022917651,1.5
3.803883252956143,0.3778488568422505,1.5,415.6579234815171,4.322859836372007,1.2380000000000002,0.02292596782015994,1.238,0.0,0.022917651,1.5
3.804057797554305,0.37967367915373235,1.5,415.8708270091404,4.322080813261427,1.239,0.02292596780097999,1.239,0.0,0.022917651,1.5
3.8042322906831365,0.38149868446923546,1.5,416.0841071447343,4.3213014012624384,1.24,0.022925967781800036,1.24,0.0,0.022917651,1.5
3.8044066435203745,0.38332382719530933,1.5,416.29831383945674,4.320521291150406,1.2410000000000003,0.022925967762620087,1.241,0.0,0.022917651,1.5
3.804580935301772,0.38514913998623496,1.5,416.5129464750953,4.319740766789438,1.2420000000000002,0.022925967743440134,1.242,0.0,0.022917651,1.5
3.8047551724574418,0.386974626447769,1.5,416.7279650166976,4.318959850259127,1.2430000000000003,0.02292596772426019,1.243,0.0,0.022917651,1.5
3.8049293548266983,0.3888002870907738,1.5,416.94337059943047,4.318178540405886,1.244,0.022925967705080236,1.244,0.0,0.022917651,1.5
3.8051034822482266,0.39062612242811895,1.5,417.1591643629172,4.317396836071591,1.2450000000000003,0.022925967685900286,1.245,0.0,0.022917651,1.5
3.8052775545600763,0.3924521329746876,1.5,417.37534745125987,4.316614736093574,1.246,0.022925967666720337,1.246,0.0,0.022917651,1.5
3.805451571599661,0.3942783192473904,1.5,417.59192101306076,4.315832239304588,1.2470000000000003,0.022925967647540384,1.247,0.0,0.022917651,1.5
3.8056255332037527,0.39610468176517105,1.5,417.80888620144486,4.315049344532794,1.248,0.02292596762836043,1.248,0.0,0.022917651,1.5
3.805799439208482,0.39793122104902096,1.5,418.0262441740823,4.314266050601733,1.249,0.022925967609180482,1.249,0.0,0.022917651,1.5
3.805973289449331,0.3997579376219849,1.5,418.24399609321034,4.3134823563303035,1.25,0.022925967590000533,1.25,0.0,0.022917651,1.5
3.806147083761134,0.40158483200917505,1.5,418.46214312565627,4.31269826053274,1.2510000000000003,0.022925967570820584,1.2510000000000001,0.0,0.022917651,1.5
3.806320821978071,0.4034119047377777,1.5,418.68068644285984,4.311913762018589,1.252,0.02292596755164063,1.252,0.0,0.022917651,1.5
3.806494503933667,0.405239156337067,1.5,418.8996272208963,4.31112885959269,1.2530000000000001,0.022925967532460678,1.2530000000000001,0.0,0.022917651,1.5
3.8066681294607854,0.40706658733841145,1.5,419.118966640499,4.310343552055143,1.254,0.022925967513280732,1.254,0.0,0.022917651,1.5
3.8068416983916293,0.4088941982752887,1.5,419.3387058870832,4.309557838201296,1.2550000000000001,0.02292596749410078,1.2550000000000001,0.0,0.022917651,1.5
3.807015210557735,0.41072198968329143,1.5,419.5588461507683,4.30877171682171,1.256,0.02292596747492083,1.256,0.0,0.022917651,1.5
3.8071886657899707,0.41254996210014205,1.5,419.77938862640224,4.307985186702148,1.2570000000000001,0.02292596745574088,1.2570000000000001,0.0,0.022917651,1.5
3.8073620639185286,0.41437811606569935,1.5,420.0003345135837,4.307198246623538,1.258,0.022925967436560928,1.258,0.0,0.022917651,1.5
3.8075354047729286,0.416206452121973,1.5,420.22168501668733,4.30641089536196,1.2590000000000001,0.02292596741738098,1.2590000000000001,0.0,0.022917651,1.5
3.8077086881820095,0.41803497081313074,1.5,420.4434413448864,4.305623131688615,1.26,0.022925967398201026,1.26,0.0,0.022917651,1.5
3.807881913973928,0.41986367268551217,1.5,420.665604712177,4.304834954369804,1.2610000000000001,0.022925967379021077,1.2610000000000001,0.0,0.022917651,1.5
3.8080550819761547,0.4216925582876368,1.5,420.8881763374022,4.304046362166901,1.262,0.022925967359841128,1.262,0.0,0.022917651,1.5
3.80822819201547,0.4235216281702177,1.5,421.1111574442761,4.303257353836331,1.2630000000000001,0.02292596734066118,1.2630000000000001,0.0,0.022917651,1.5
3.808401243917962,0.4253508828861696,1.5,421.3345492614087,4.302467928129543,1.264,0.022925967321481226,1.264,0.0,0.022917651,1.5
3.8085742375090224,0.4271803229906232,1.5,421.55835302232964,4.301678083792987,1.2650000000000001,0.02292596730230128,1.2650000000000001,0.0,0.022917651,1.5
3.808747172613343,0.42900994904093265,1.5,421.7825699655133,4.3008878195680875,1.2660000000000002,0.022925967283121323,1.266,0.0,0.022917651,1.5
3.8089200490549113,0.4308397615966899,1.5,422.00720133440365,4.300097134191218,1.2670000000000001,0.022925967263941378,1.2670000000000001,0.0,0.022917651,1.5
3.8090928666570094,0.43266976121973333,1.5,422.232248377439,4.299306026393681,1.268,0.022925967244761425,1.268,0.0,0.022917651,1.5
3.8092656252422064,0.4344999484741619,1.5,422.4577123480772,4.29851449490167,1.2690000000000001,0.02292596722558148,1.2690000000000001,0.0,0.022917651,1.5
3.80943832463236,0.4363303239263429,1.5,422.683594504821,4.297722538436259,1.27,0.022925967206401526,1.27,0.0,0.022917651,1.5
3.809610964648609,0.43816088814492754,1.5,422.9098961112432,4.296930155713368,1.2710000000000004,0.022925967187221577,1.2710000000000001,0.0,0.022917651,1.5
3.8097835451113706,0.439991641700858,1.5,423.13661843601204,4.296137345443737,1.272,0.022925967168041624,1.272,0.0,0.022917651,1.5
3.8099560658403377,0.44182258516738354,1.5,423.36376275291803,4.2953441063329,1.2730000000000001,0.02292596714886167,1.2730000000000001,0.0,0.022917651,1.5
3.810128526654474,0.4436537191200679,1.5,423.591330340898,4.294550437081164,1.274,0.022925967129681722,1.274,0.0,0.022917651,1.5
3.810300927372012,0.4454850441368046,1.5,423.81932248406315,4.293756336383575,1.2750000000000001,0.022925967110501773,1.2750000000000001,0.0,0.022917651,1.5
3.810473267810446,0.44731656079782567,1.5,424.0477404717233,4.2929618029298995,1.2760000000000002,0.02292596709132182,1.276,0.0,0.022917651,1.5
3.810645467799923,0.44914834869177234,1.5,424.2769659719297,4.2921664361611915,1.2770000000000001,0.02292596707214187,1.2770000000000001,0.0,0.022917651,1.5
3.810817527947967,0.4509804080166326,1.5,424.506991718767,4.291370238322539,1.278,0.022925967052961925,1.278,0.0,0.022917651,1.5
3.8109895240442024,0.4528126644634288,1.5,424.73745616788136,4.2905735871610915,1.2790000000000001,0.02292596703378197,1.2790000000000001,0.0,0.022917651,1.5
3.8111614558833775,0.45464511866383894,1.5,424.9683607250972,4.289776481224173,1.2800000000000002,0.02292596701460202,1.28,0.0,0.022917651,1.5
3.811333323259358,0.45647777125224354,1.5,425.1997068022522,4.2889789190528935,1.281,0.02292596699542207,1.281,0.0,0.022917651,1.5
3.811505125965129,0.4583106228657399,1.5,425.43149581722906,4.288180899182117,1.282,0.022925966976242117,1.282,0.0,0.022917651,1.5
3.811676863792788,0.4601436741441549,1.5,425.66372919398793,4.287382420140427,1.2829999999999997,0.022925966957062168,1.283,0.0,0.022917651,1.5
3.811848536533541,0.4619769257300624,1.5,425.8964083625998,4.286583480450093,1.284,0.02292596693788222,1.284,0.0,0.022917651,1.5
3.8120201439776977,0.46381037826879484,1.5,426.12953475927804,4.285784078627039,1.285,0.02292596691870227,1.285,0.0,0.022917651,1.5
3.812191685914663,0.4656440324084617,1.5,426.3631098264124,4.2849842131808025,1.286,0.022925966899522317,1.286,0.0,0.022917651,1.5
3.8123631621329386,0.4674778887999604,1.5,426.59713501260194,4.284183882614509,1.2869999999999997,0.022925966880342367,1.287,0.0,0.022917651,1.5
3.8125345724201125,0.46931194809699533,1.5,426.83161177268846,4.283383085424831,1.288,0.022925966861162418,1.288,0.0,0.022917651,1.5
3.812705916562858,0.4711462109560895,1.5,427.0665415677899,4.2825818201019565,1.289,0.022925966841982465,1.289,0.0,0.022917651,1.5
3.8128771943469255,0.4729806780366026,1.5,427.3019258653349,4.2817800851295535,1.29,0.022925966822802516,1.29,0.0,0.022917651,1.5
3.81304840555714,0.47481535000074376,1.5,427.53776613909605,4.2809778789847295,1.291,0.022925966803622563,1.291,0.0,0.022917651,1.5
3.813219549977396,0.4766502275135897,1.5,427.77406386922513,4.280175200138008,1.292,0.022925966784442614,1.292,0.0,0.022917651,1.5
3.8133906273906497,0.47848531124309723,1.5,428.01082054228675,4.279372047053281,1.2929999999999997,0.022925966765262665,1.293,0.0,0.022917651,1.5
3.8135616375789185,0.4803206018601221,1.5,428.2480376512939,4.278568418187778,1.294,0.022925966746082715,1.294,0.0,0.022917651,1.5
3.813732580323269,0.48215610003843157,1.5,428.4857166957423,4.277764311992028,1.295,0.022925966726902766,1.295,0.0,0.022917651,1.5
3.8139034554038207,0.48399180645472295,1.5,428.7238591816463,4.27695972690983,1.296,0.022925966707722817,1.296,0.0,0.022917651,1.5
3.8140742625997333,0.4858277217886372,1.5,428.96246662157347,4.276154661378204,1.297,0.022925966688542864,1.297,0.0,0.022917651,1.5
3.8142450016892067,0.48766384672277746,1.5,429.20154053468127,4.275349113827366,1.298,0.02292596666936291,1.298,0.0,0.022917651,1.5
3.814415672449471,0.4895001819427222,1.5,429.44108244675215,4.274543082680684,1.299,0.022925966650182962,1.299,0.0,0.022917651,1.5
3.8145862746567856,0.49133672813704493,1.5,429.68109389023033,4.27373656635464,1.3,0.022925966631003013,1.3,0.0,0.022917651,1.5
3.8147308538793894,0.49296498277008927,1.5,430.02086166610724,4.273008475369651,1.3010000000000002,0.022925966649358965,1.301,0.0,0.022917651,1.5
3.814875377055563,0.49459327320637136,1.5,430.36081907832147,4.2722801243956665,1.302,0.022925966667714914,1.302,0.0,0.022917651,1.5
3.8150198438810485,0.49622159964025425,1.5,430.7009671563468,4.271551512021291,1.303,0.02292596668607087,1.303,0.0,0.022917651,1.5
3.8151642540493826,0.4978499622675124,1.5,431.0413069371222,4.270822636824895,1.304,0.02292596670442682,1.304,0.0,0.022917651,1.5
3.8153086072518736,0.49947836128534073,1.5,431.3818394651191,4.2700934973745195,1.3050000000000002,0.022925966722782767,1.305,0.0,0.022917651,1.5
3.8154529031775857,0.5011067968923706,1.5,431.72256579241093,4.2693640922277885,1.306,0.022925966741138715,1.306,0.0,0.022917651,1.5
3.815597141513314,0.5027352692886807,1.5,432.06348697874125,4.268634419931805,1.3070000000000002,0.02292596675949466,1.307,0.0,0.022917651,1.5
3.8157413219435674,0.5043637786758118,1.5,432.40460409159454,4.267904479023062,1.308,0.022925966777850616,1.308,0.0,0.022917651,1.5
3.8158854441505463,0.505992325256779,1.5,432.74591820626677,4.267174268027342,1.3090000000000002,0.02292596679620656,1.309,0.0,0.022917651,1.5
3.816029507814119,0.5076209092360862,1.5,433.0874304059372,4.266443785459621,1.3100000000000003,0.022925966814562514,1.31,0.0,0.022917651,1.5
3.816173512611805,0.5092495308197384,1.5,433.42914178174016,4.265713029823967,1.3110000000000002,0.02292596683291847,1.311,0.0,0.022917651,1.5
3.8163174582187485,0.5108781902152577,1.5,433.77105343283887,4.264981999613442,1.312,0.02292596685127441,1.312,0.0,0.022917651,1.5
3.8164613443077027,0.5125068876316948,1.5,434.11316646649925,4.264250693309998,1.3130000000000002,0.022925966869630367,1.313,0.0,0.022917651,1.5
3.8166051705490007,0.5141356232796452,1.5,434.4554819981646,4.263519109384376,1.314,0.02292596688798632,1.314,0.0,0.022917651,1.5
3.8167489366105385,0.5157643973712617,1.5,434.79800115153085,4.262787246296005,1.315,0.022925966906342268,1.315,0.0,0.022917651,1.5
3.8168926421577485,0.5173932101202706,1.5,435.14072505862424,4.26205510249289,1.3160000000000005,0.02292596692469822,1.316,0.0,0.022917651,1.5
3.817036286853578,0.5190220617419844,1.5,435.483654859877,4.261322676411512,1.317,0.02292596694305417,1.317,0.0,0.022917651,1.5
3.817179870358471,0.5206509524533187,1.5,435.8267917042071,4.260589966476721,1.3180000000000003,0.022925966961410117,1.318,0.0,0.022917651,1.5
3.817323392330335,0.522279882472805,1.5,436.17013674909595,4.259856971101625,1.3190000000000002,0.022925966979766073,1.319,0.0,0.022917651,1.5
3.817466852424526,0.5239088520206077,1.5,436.51369116066974,4.259123688687479,1.3200000000000003,0.02292596699812202,1.32,0.0,0.022917651,1.5
3.817610250293821,0.5255378613185373,1.5,436.8574561137788,4.258390117623578,1.3210000000000002,0.022925967016477974,1.321,0.0,0.022917651,1.5
3.8177535855883926,0.5271669105900681,1.5,437.20143279208065,4.2576562562871425,1.322,0.022925967034833922,1.322,0.0,0.022917651,1.5
3.8178968579557884,0.528796000060352,1.5,437.5456223881217,4.256922103043207,1.323,0.02292596705318987,1.323,0.0,0.022917651,1.5
3.8180403307721003,0.5304253285096584,1.5,437.890165742251,4.256188512572381,1.324,0.022925967071545823,1.324,0.0,0.022917651,1.5
3.8181839366820145,0.5320548393160984,1.5,438.2350196127768,4.25545527208864,1.3250000000000002,0.022925967089901772,1.325,0.0,0.022917651,1.5
3.818327501788545,0.5336844003006809,1.5,438.5800907145398,4.254721818212249,1.3260000000000003,0.02292596710825772,1.326,0.0,0.022917651,1.5
3.818471025919328,0.5353140116753685,1.5,438.92537996517126,4.253988150041793,1.327,0.022925967126613676,1.327,0.0,0.022917651,1.5
3.818614508901031,0.5369436736533207,1.5,439.27088828747895,4.253254266670768,1.328,0.022925967144969625,1.328,0.0,0.022917651,1.5
3.8187579505593394,0.5385733864488997,1.5,439.61661660948215,4.252520167187556,1.329,0.02292596716332557,1.329,0.0,0.022917651,1.5
3.8189013507189538,0.5402031502776815,1.5,439.96256586444946,4.251785850675378,1.33,0.02292596718168152,1.33,0.0,0.022917651,1.5
3.8190447092035815,0.5418329653564615,1.5,440.30873699093553,4.251051316212265,1.331,0.022925967200037475,1.331,0.0,0.022917651,1.5
3.8191880258359303,0.5434628319032667,1.5,440.65513093281896,4.250316562871015,1.3319999999999999,0.022925967218393423,1.332,0.0,0.022917651,1.5
3.819331300437702,0.5450927501373608,1.5,441.00174863933967,4.249581589719166,1.3330000000000002,0.022925967236749376,1.333,0.0,0.022917651,1.5
3.8194745328295814,0.5467227202792564,1.5,441.3485910651371,4.248846395818942,1.3340000000000003,0.022925967255105324,1.334,0.0,0.022917651,1.5
3.819617722831234,0.5483527425507202,1.5,441.69565917028893,4.248110980227236,1.3350000000000002,0.02292596727346128,1.335,0.0,0.022917651,1.5
3.8197608702612955,0.5499828171747864,1.5,442.04295392034976,4.247375341995553,1.3360000000000003,0.02292596729181723,1.336,0.0,0.022917651,1.5
3.819903974937367,0.551612944375761,1.5,442.3904762863898,4.246639480169979,1.337,0.022925967310173177,1.337,0.0,0.022917651,1.5
3.820047036676004,0.5532431243792354,1.5,442.7382272450349,4.245903393791148,1.3380000000000003,0.022925967328529126,1.338,0.0,0.022917651,1.5
3.8201900552927124,0.5548733574120914,1.5,443.0862077785062,4.245167081894198,1.339,0.02292596734688508,1.339,0.0,0.022917651,1.5
3.8203330306019403,0.5565036437025145,1.5,443.43441887465985,4.2444305435087255,1.3400000000000003,0.02292596736524103,1.34,0.0,0.022917651,1.5
3.820475962417068,0.5581339834799989,1.5,443.782861527028,4.243693777658755,1.3409999999999997,0.02292596738359698,1.341,0.0,0.022917651,1.5
3.820618850550402,0.559764376975362,1.5,444.13153673485925,4.242956783362695,1.342,0.022925967401952928,1.342,0.0,0.022917651,1.5
3.8207616948131693,0.5613948244207485,1.5,444.48044550315996,4.242219559633299,1.343,0.02292596742030888,1.343,0.0,0.022917651,1.5
3.820904495015506,0.5630253260496451,1.5,444.8295888427361,4.241482105477623,1.3440000000000003,0.022925967438664832,1.344,0.0,0.022917651,1.5
3.821047250966451,0.5646558820968854,1.5,445.17896777023435,4.240744419896983,1.345,0.02292596745702078,1.345,0.0,0.022917651,1.5
3.821189962473938,0.5662864927986643,1.5,445.5285833081854,4.240006501886917,1.346,0.02292596747537673,1.346,0.0,0.022917651,1.5
3.8213326293447896,0.5679171583925438,1.5,445.87843648504537,4.239268350437144,1.347,0.022925967493732678,1.347,0.0,0.022917651,1.5
3.821475251384705,0.569547879117466,1.5,446.2285283352401,4.238529964531518,1.348,0.02292596751208863,1.348,0.0,0.022917651,1.5
3.821617828398254,0.5711786552137602,1.5,446.57885989920743,4.237791343147984,1.349,0.022925967530444583,1.349,0.0,0.022917651,1.5
3.8217603601888697,0.5728094869231566,1.5,446.92943222344144,4.237052485258539,1.35,0.02292596754880053,1.35,0.0,0.022917651,1.5
3.82190284655884,0.5744403744887928,1.5,447.2802463605367,4.236313389829191,1.351,0.022925967567156483,1.351,0.0,0.022917651,1.5
3.8220452873092974,0.576071318155227,1.5,447.63130336923246,4.2355740558199075,1.352,0.022925967585512436,1.352,0.0,0.022917651,1.5
3.8221876822402114,0.5777023181684462,1.5,447.9826043144576,4.234834482184578,1.3530000000000002,0.022925967603868384,1.353,0.0,0.022917651,1.5
3.8223300311503827,0.5793333747758785,1.5,448.33415026737623,4.2340946678709654,1.354,0.022925967622224333,1.354,0.0,0.022917651,1.5
3.8224723338374296,0.580964488226402,1.5,448.6859423054332,4.233354611820667,1.355,0.022925967640580285,1.355,0.0,0.022917651,1.5
3.8226145900977824,0.582595658770357,1.5,449.03798151240005,4.232614312969058,1.3560000000000003,0.022925967658936237,1.356,0.0,0.022917651,1.5
3.822756799726676,0.584226886659555,1.5,449.3902689784216,4.23187377024526,1.357,0.022925967677292186,1.357,0.0,0.022917651,1.5
3.8228989625181393,0.5858581721472917,1.5,449.74280580006314,4.231132982572083,1.358,0.022925967695648135,1.358,0.0,0.022917651,1.5
3.8230410782649833,0.5874895154883556,1.5,450.0955930803575,4.230391948865985,1.3589999999999998,0.022925967714004084,1.359,0.0,0.022917651,1.5
3.8231831467587982,0.5891209169390413,1.5,450.44863192885276,4.229650668037026,1.3600000000000003,0.022925967732360036,1.36,0.0,0.022917651,1.5
3.8233251677899407,0.5907523767571582,1.5,450.8019234616604,4.228909138988816,1.3610000000000002,0.022925967750715988,1.361,0.0,0.022917651,1.5
3.8234671411475247,0.5923838952020443,1.5,451.15546880150447,4.228167360618469,1.362,0.022925967769071937,1.362,0.0,0.022917651,1.5
3.8236090666194142,0.5940154725345751,1.5,451.5092690777696,4.227425331816558,1.363,0.022925967787427885,1.363,0.0,0.022917651,1.5
3.823750943992211,0.5956471090171775,1.5,451.8633254265515,4.226683051467063,1.364,0.02292596780578384,1.364,0.0,0.022917651,1.5
3.8238927730512495,0.597278804913839,1.5,452.21763899070623,4.225940518447323,1.3650000000000002,0.02292596782413979,1.365,0.0,0.022917651,1.5
3.824034553580581,0.5989105604901206,1.5,452.572210919901,4.2251977316279845,1.366,0.02292596784249574,1.366,0.0,0.022917651,1.5
3.8241762853629724,0.6005423760131681,1.5,452.92704237066425,4.224454689872957,1.367,0.02292596786085169,1.367,0.0,0.022917651,1.5
3.8243179681798893,0.602174251751725,1.5,453.28213450643796,4.223711392039356,1.368,0.02292596787920764,1.368,0.0,0.022917651,1.5
3.8244596018114887,0.6038061879761422,1.5,453.6374884976285,4.222967836977459,1.369,0.02292596789756359,1.369,0.0,0.022917651,1.5
3.824601186036612,0.6054381849583929,1.5,453.99310552165946,4.222224023530645,1.37,0.02292596791591954,1.37,0.0,0.022917651,1.5
3.82474272063277,0.6070702429720819,1.5,454.34898676302345,4.221479950535354,1.3710000000000002,0.022925967934275492,1.371,0.0,0.022917651,1.5
3.824884205376138,0.6087023622924604,1.5,454.7051334133365,4.220735616821027,1.3720000000000003,0.022925967952631444,1.372,0.0,0.022917651,1.5
3.8250256400415417,0.6103345431964367,1.5,455.06154667139054,4.219991021210053,1.373,0.02292596797098739,1.373,0.0,0.022917651,1.5
3.8251670244024503,0.6119667859625896,1.5,455.4182277432082,4.219246162517721,1.3740000000000003,0.022925967989343342,1.374,0.0,0.022917651,1.5
3.8253083582309615,0.6135990908711798,1.5,455.77517784209675,4.218501039552165,1.375,0.02292596800769929,1.375,0.0,0.022917651,1.5
3.8254496412977974,0.6152314582041649,1.5,456.13239818870414,4.217755651114306,1.3760000000000001,0.02292596802605524,1.3760000000000001,0.0,0.022917651,1.5
3.825590873372291,0.6168638882452095,1.5,456.4898900110736,4.2170099959978,1.377,0.022925968044411195,1.377,0.0,0.022917651,1.5
3.825732054222372,0.6184963812797006,1.5,456.8476545447004,4.216264072988984,1.3780000000000001,0.022925968062767144,1.3780000000000001,0.0,0.022917651,1.5
3.8258731836145645,0.6201289375947584,1.5,457.2056930325882,4.2155178808668206,1.379,0.022925968081123096,1.379,0.0,0.022917651,1.5
3.8260142613139685,0.621761557479252,1.5,457.56400672530634,4.214771418402836,1.3800000000000003,0.02292596809947904,1.3800000000000001,0.0,0.022917651,1.5
3.826155287084252,0.6233942412238099,1.5,457.92259688104696,4.214024684361071,1.381,0.022925968117834997,1.381,0.0,0.022917651,1.5
3.8262962606876423,0.6250269891208365,1.5,458.2814647656841,4.213277677498023,1.3820000000000001,0.02292596813619095,1.3820000000000001,0.0,0.022917651,1.5
3.82643718188491,0.6266598014645225,1.5,458.64061165283147,4.21253039656258,1.383,0.022925968154546898,1.383,0.0,0.022917651,1.5
3.8265780504353644,0.6282926785508618,1.5,459.0000388239025,4.211782840295976,1.3840000000000001,0.022925968172902846,1.3840000000000001,0.0,0.022917651,1.5
3.8267188660968348,0.6299256206776619,1.5,459.3597475681692,4.211035007431718,1.385,0.0229259681912588,1.385,0.0,0.022917651,1.5
3.826859628625665,0.6315586281445614,1.5,459.7197391828237,4.2102868966955365,1.3860000000000001,0.022925968209614747,1.3860000000000001,0.0,0.022917651,1.5
3.8270003377766995,0.6331917012530404,1.5,460.0800149730379,4.209538506805323,1.3869999999999998,0.022925968227970696,1.387,0.0,0.022917651,1.5
3.827140993303273,0.6348248403064388,1.5,460.4405762520261,4.208789836471069,1.3880000000000003,0.022925968246326648,1.3880000000000001,0.0,0.022917651,1.5
3.827281594957196,0.6364580456099662,1.5,460.80142434110616,4.208040884394803,1.389,0.0229259682646826,1.389,0.0,0.022917651,1.5
3.8274207363947905,0.6380903372200507,1.5,461.1627597842584,4.20728700544916,1.3900000000000001,0.02292596828303855,1.3900000000000001,0.0,0.022917651,1.5
3.827559460488634,0.6397225338601601,1.5,461.5244750229852,4.206531552175212,1.3910000000000002,0.0229259683013945,1.391,0.0,0.022917651,1.5
3.827698083995445,0.6413548677437119,1.5,461.8865324006556,4.205775559317814,1.3920000000000003,0.02292596831975045,1.3920000000000001,0.0,0.022917651,1.5
3.8278366058729865,0.6429873402927632,1.5,462.2489354623665,4.205019021286033,1.3930000000000002,0.022925968338106402,1.393,0.0,0.022917651,1.5
3.827975025064568,0.6446199529490866,1.5,462.611687802362,4.204261932411428,1.3940000000000003,0.022925968356462347,1.3940000000000001,0.0,0.022917651,1.5
3.8281133404988013,0.6462527071745111,1.5,462.97479306488697,4.203504286946702,1.395,0.0229259683748183,1.395,0.0,0.022917651,1.5
3.8282515510893416,0.6478856044512739,1.5,463.338254945061,4.202746079064322,1.3960000000000001,0.022925968393174248,1.3960000000000001,0.0,0.022917651,1.5
3.828389655734623,0.6495186462823753,1.5,463.702077189768,4.201987302855121,1.397,0.022925968411530204,1.397,0.0,0.022917651,1.5
3.8285276533175976,0.6511518341919472,1.5,464.0662635985665,4.2012279523268585,1.3980000000000001,0.02292596842988615,1.3980000000000001,0.0,0.022917651,1.5
3.8286655427054557,0.6527851697256216,1.5,464.4308180246182,4.200468021402755,1.3990000000000002,0.022925968448242105,1.399,0.0,0.022917651,1.5
3.828803322749349,0.6544186544509145,1.5,464.79574437563724,4.199707503920002,1.4000000000000001,0.022925968466598053,1.4000000000000001,0.0,0.022917651,1.5
3.828939961355383,0.6558770190173007,1.5,465.1576015759664,4.1990953271899985,1.4010000000000002,0.022925968466323388,1.401,0.0,0.022917651,1.5
3.829076252411519,0.6573356653466926,1.5,465.52025181623105,4.19848147846056,1.4020000000000001,0.02292596846604872,1.4020000000000001,0.0,0.022917651,1.5
3.8292121927365286,0.6587945960181524,1.5,465.8837023553669,4.197865942427369,1.403,0.022925968465774053,1.403,0.0,0.022917651,1.5
3.8293477791102366,0.6602538136423155,1.5,466.2479605411721,4.197248703598753,1.4040000000000001,0.022925968465499384,1.4040000000000001,0.0,0.022917651,1.5
3.8294830082729288,0.6617133208618727,1.5,466.6130338116704,4.196629746292813,1.4049999999999998,0.022925968465224718,1.405,0.0,0.022917651,1.5
3.8296178769247393,0.6631731203520668,1.5,466.97892969650127,4.196009054634493,1.4060000000000004,0.02292596846495005,1.4060000000000001,0.0,0.022917651,1.5
3.829752381725031,0.6646332148211922,1.5,467.34565581833397,4.195386612552601,1.407,0.022925968464675386,1.407,0.0,0.022917651,1.5
3.829886519291766,0.6660936070111099,1.5,467.7132198943093,4.194762403776764,1.4080000000000001,0.022925968464400724,1.408,0.0,0.022917651,1.5
3.830020286200861,0.6675542996977671,1.5,468.0816297375076,4.194136411834335,1.409,0.022925968464126055,1.409,0.0,0.022917651,1.5
3.83015367898553,0.6690152956917287,1.5,468.4508932584439,4.193508620047244,1.41,0.02292596846385139,1.41,0.0,0.022917651,1.5
3.8302866240517432,0.6704765454519915,1.5,468.8212591587267,4.192878783390401,1.4110000000000003,0.022925968463576724,1.411,0.0,0.022917651,1.5
3.8304186348325255,0.6719376943149253,1.5,469.19438075627204,4.192245309004076,1.4120000000000001,0.022925968463302054,1.412,0.0,0.022917651,1.5
3.830550255650832,0.6733991576700988,1.5,469.5683734310834,4.191609960314266,1.413,0.02292596846302739,1.413,0.0,0.022917651,1.5
3.8306814827426043,0.6748609385531051,1.5,469.9432455911157,4.190972719229513,1.414,0.02292596846275272,1.414,0.0,0.022917651,1.5
3.830812312295181,0.676323040038732,1.5,470.31900575288256,4.190333567424767,1.4150000000000005,0.022925968462478054,1.415,0.0,0.022917651,1.5
3.830942740446518,0.6777854652415946,1.5,470.69566254321296,4.189692486337616,1.4159999999999997,0.022925968462203385,1.416,0.0,0.022917651,1.5
3.831072763284383,0.6792482173167843,1.5,471.07322470104424,4.189049457164427,1.4169999999999998,0.022925968461928715,1.417,0.0,0.022917651,1.5
3.8312023768455354,0.6807112994605262,1.5,471.45170107924787,4.1884044608564075,1.4180000000000001,0.022925968461654053,1.418,0.0,0.022917651,1.5
3.831331577114895,0.682174714910854,1.5,471.83110064649384,4.187757478115602,1.419,0.022925968461379388,1.419,0.0,0.022917651,1.5
3.831460360024692,0.6836384669482932,1.5,472.2114324891489,4.187108489390807,1.4200000000000002,0.022925968461104722,1.42,0.0,0.022917651,1.5
3.831588721453599,0.6851025588965635,1.5,472.59270581321425,4.186457474873403,1.421,0.022925968460830056,1.421,0.0,0.022917651,1.5
3.8317166572258463,0.6865669941232886,1.5,472.9749299463009,4.185804414493097,1.4220000000000002,0.02292596846055539,1.422,0.0,0.022917651,1.5
3.8318441631103184,0.6880317760407274,1.5,473.35811433964443,4.185149287913596,1.4230000000000003,0.02292596846028072,1.423,0.0,0.022917651,1.5
3.8319706943705696,0.6894968848650764,1.5,473.7437364994969,4.184489936600254,1.4239999999999997,0.022925968460006052,1.424,0.0,0.022917651,1.5
3.832096486145781,0.6909623360656835,1.5,474.1311521230658,4.183827285283108,1.4250000000000003,0.022925968459731383,1.425,0.0,0.022917651,1.5
3.83222183340112,0.6924281464317037,1.5,474.5195571257329,4.183162496668648,1.426,0.022925968459456717,1.426,0.0,0.022917651,1.5
3.832346731679269,0.693894319564584,1.5,474.9089614282642,4.182495549325627,1.427,0.02292596845918205,1.427,0.0,0.022917651,1.5
3.832471176463116,0.6953608591140823,1.5,475.2993750845076,4.1818264215353125,1.428,0.022925968458907386,1.428,0.0,0.022917651,1.5
3.832595163174752,0.6968277687790818,1.5,475.6908082836327,4.18115509128664,1.4290000000000003,0.022925968458632717,1.429,0.0,0.022917651,1.5
3.8327186871744416,0.6982950523084184,1.5,476.0832713524147,4.180481536271287,1.4299999999999997,0.022925968458358054,1.43,0.0,0.022917651,1.5
3.832841743759578,0.6997627135017292,1.5,476.476774757566,4.179805733878634,1.431,0.02292596845808339,1.431,0.0,0.022917651,1.5
3.832964328163612,0.7012307562103136,1.5,476.8713291081129,4.179127661190624,1.432,0.02292596845780872,1.432,0.0,0.022917651,1.5
3.8330864355549643,0.7026991843380164,1.5,477.26694515782503,4.178447294976525,1.433,0.022925968457534054,1.433,0.0,0.022917651,1.5
3.83320806103591,0.7041680018421249,1.5,477.66363380769025,4.177764611687575,1.434,0.022925968457259388,1.434,0.0,0.022917651,1.5
3.8333290223055996,0.7056369554349834,1.5,478.0620498772918,4.177079135459603,1.435,0.02292596845698472,1.435,0.0,0.022917651,1.5
3.833449050181542,0.7071056596030554,1.5,478.46322795797755,4.176390175219718,1.436,0.022925968456710053,1.436,0.0,0.022917651,1.5
3.8335686043087285,0.708574788742597,1.5,478.86552954623244,4.175698895052582,1.437,0.022925968456435387,1.437,0.0,0.022917651,1.5
3.833687679984087,0.7100443470724517,1.5,479.2689657955178,4.175005271927448,1.4380000000000002,0.02292596845616072,1.438,0.0,0.022917651,1.5
3.833806272442084,0.7115143388674915,1.5,479.67354800741754,4.174309282507709,1.439,0.022925968455886056,1.439,0.0,0.022917651,1.5
3.83392437685369,0.7129847684595488,1.5,480.0792876341055,4.173610903145807,1.44,0.022925968455611387,1.44,0.0,0.022917651,1.5
3.8340419883253123,0.7144556402383705,1.5,480.486196280862,4.172910109878036,1.441,0.022925968455336718,1.441,0.0,0.022917651,1.5
3.8341591018977166,0.7159269586525862,1.5,480.8942857086405,4.17220687841924,1.442,0.022925968455062052,1.442,0.0,0.022917651,1.5
3.834275712544922,0.7173987282107015,1.5,481.30356783668776,4.171501184157402,1.443,0.02292596845478739,1.443,0.0,0.022917651,1.5
3.8343918151730736,0.7188709534821067,1.5,481.71405474521475,4.1707930021481365,1.444,0.022925968454512724,1.444,0.0,0.022917651,1.5
3.8345074046192917,0.72034363909811,1.5,482.1257586781239,4.170082307109043,1.4450000000000003,0.022925968454238055,1.445,0.0,0.022917651,1.5
3.834621641241505,0.7218164104762055,1.5,482.54062770191035,4.16936611507877,1.4460000000000002,0.02292596845396339,1.446,0.0,0.022917651,1.5
3.8347351038055884,0.7232895354231715,1.5,482.9573050003381,4.168646473240939,1.447,0.02292596845368872,1.447,0.0,0.022917651,1.5
3.834848032872316,0.7247631302152513,1.5,483.3752307828511,4.167924227547866,1.448,0.022925968453414054,1.448,0.0,0.022917651,1.5
3.8349604229431673,0.7262371996949318,1.5,483.7944179170242,4.1671993511627665,1.449,0.022925968453139385,1.449,0.0,0.022917651,1.5
3.8350722684437986,0.7277117487714737,1.5,484.21487944786867,4.166471816878786,1.45,0.022925968452864723,1.45,0.0,0.022917651,1.5
3.8351835637227323,0.7291867824220698,1.5,484.63662860090193,4.165741597112611,1.451,0.022925968452590054,1.451,0.0,0.022917651,1.5
3.8352943030500213,0.7306623056930202,1.5,485.0596787852802,4.165008663897919,1.452,0.022925968452315384,1.452,0.0,0.022917651,1.5
3.8354044806158787,0.7321383237009393,1.5,485.4840435969966,4.164272988878729,1.4530000000000003,0.02292596845204072,1.453,0.0,0.022917651,1.5
3.8355140905292826,0.7336148416339825,1.5,485.90973682214735,4.1635345433025694,1.4540000000000002,0.022925968451766053,1.454,0.0,0.022917651,1.5
3.835623468575337,0.7350918675718583,1.5,486.3367298510716,4.162794662119885,1.455,0.022925968451491387,1.455,0.0,0.022917651,1.5
3.835735164688657,0.7365694207426765,1.5,486.7647475329573,4.162063524984182,1.456,0.02292596845121672,1.456,0.0,0.022917651,1.5
3.8358461171020046,0.7380474758555969,1.5,487.1942103637755,4.16132891107279,1.457,0.022925968450942052,1.457,0.0,0.022917651,1.5
3.835956316959185,0.7395260388878894,1.5,487.6251355527746,4.160590778983262,1.4579999999999997,0.022925968450667383,1.458,0.0,0.022917651,1.5
3.83606575526283,0.7410051159121094,1.5,488.05754058353614,4.159849086653158,1.459,0.02292596845039272,1.459,0.0,0.022917651,1.5
3.836174422871568,0.7424847130980002,1.5,488.49144321946227,4.15910379134684,1.4600000000000002,0.022925968450118052,1.46,0.0,0.022917651,1.5
3.836282310497137,0.7439648367144489,1.5,488.9268615093963,4.158354849641945,1.461,0.022925968449843386,1.461,0.0,0.022917651,1.5
3.8363894087014168,0.7454454931314831,1.5,489.36381379337985,4.15760221741554,1.462,0.02292596844956872,1.462,0.0,0.022917651,1.5
3.836495707893397,0.7469266888223203,1.5,489.8023187085489,4.156845849829931,1.4630000000000003,0.02292596844929405,1.463,0.0,0.022917651,1.5
3.836601097878024,0.7484083517386003,1.5,490.24247507135465,4.156085378161721,1.4640000000000002,0.022925968449019386,1.464,0.0,0.022917651,1.5
3.8367015138466023,0.7498871859268678,1.5,490.68759166813544,4.155307839520059,1.4649999999999999,0.02292596844874472,1.465,0.0,0.022917651,1.5
3.8368012695758433,0.7513664567937492,1.5,491.13431176049414,4.154527223252736,1.4660000000000002,0.02292596844847005,1.466,0.0,0.022917651,1.5
3.836900357999536,0.7528461690127963,1.5,491.5826525098348,4.153743496421473,1.4670000000000003,0.02292596844819539,1.467,0.0,0.022917651,1.5
3.8369987719502774,0.7543263273244891,1.5,492.0326313233308,4.152956625616288,1.468,0.02292596844792072,1.468,0.0,0.022917651,1.5
3.8370965041576492,0.7558069365374424,1.5,492.4842658583415,4.152166576947007,1.469,0.022925968447646057,1.469,0.0,0.022917651,1.5
3.837193547246363,0.7572880015296305,1.5,492.9375740269218,4.151373316034615,1.47,0.022925968447371388,1.47,0.0,0.022917651,1.5
3.8372898937343605,0.7587695272496454,1.5,493.39257400043255,4.150576808002404,1.471,0.02292596844709672,1.471,0.0,0.022917651,1.5
3.837385536030875,0.7602515187179771,1.5,493.84928421424866,4.149777017466937,1.4719999999999998,0.022925968446822056,1.472,0.0,0.022917651,1.5
3.8374794184373053,0.7617359018611178,1.5,494.3089654600182,4.1489677959736,1.4730000000000003,0.022925968446547387,1.473,0.0,0.022917651,1.5
3.837572109553601,0.7632217770649288,1.5,494.7709700519543,4.1481523173748105,1.4740000000000002,0.022925968446272718,1.474,0.0,0.022917651,1.5
3.8376640662557184,0.7647083267144082,1.5,495.2347699844602,4.147333226668423,1.4750000000000003,0.022925968445998056,1.475,0.0,0.022917651,1.5
3.837755280036016,0.7661955586225049,1.5,495.70038605521603,4.146510482010869,1.476,0.022925968445723383,1.476,0.0,0.022917651,1.5
3.8378457422549395,0.7676834807233135,1.5,496.1678393843819,4.14568404090977,1.477,0.02292596844544872,1.477,0.0,0.022917651,1.5
3.837935444138449,0.769172101074428,1.5,496.63715142087136,4.144853860211316,1.478,0.022925968445174055,1.478,0.0,0.022917651,1.5
3.8380243767753996,0.7706614278593578,1.5,497.1083439487742,4.144019896087347,1.4789999999999999,0.022925968444899383,1.479,0.0,0.022917651,1.5
3.838112513547614,0.7721514613471913,1.5,497.58147638264904,4.143182041789587,1.4800000000000002,0.02292596844462472,1.48,0.0,0.022917651,1.5
3.838198621549211,0.7736416373160369,1.5,498.0591567052859,4.142335929499398,1.4810000000000003,0.022925968444350055,1.481,0.0,0.022917651,1.5
3.838283932952485,0.7751325203524118,1.5,498.53876061330664,4.1414859238027635,1.4819999999999998,0.022925968444075386,1.482,0.0,0.022917651,1.5
3.838368438413257,0.7766241187502919,1.5,499.02031067056714,4.140631979029622,1.483,0.02292596844380072,1.483,0.0,0.022917651,1.5
3.8384521284406263,0.7781164409338802,1.5,499.50382979521,4.139774048792823,1.484,0.022925968443526054,1.484,0.0,0.022917651,1.5
3.8385349933940867,0.7796094954601749,1.5,499.9893412666463,4.138912085973998,1.485,0.022925968443251385,1.485,0.0,0.022917651,1.5
3.8386170234805608,0.7811032910215939,1.5,500.47686873270123,4.138046042709089,1.486,0.02292596844297672,1.486,0.0,0.022917651,1.5
3.8386982087513744,0.7825978364486674,1.5,500.9664362169326,4.137175870373548,1.487,0.022925968442702054,1.487,0.0,0.022917651,1.5
3.838777223829782,0.7840931677652145,1.5,501.4603697890916,4.136296233645061,1.488,0.022925968442427384,1.488,0.0,0.022917651,1.5
3.838855161780281,0.7855892898366301,1.5,501.9567554767362,4.1354114980762695,1.489,0.022925968442152722,1.489,0.0,0.022917651,1.5
3.8389322132027544,0.787086209339722,1.5,502.4552660131992,4.134522419054098,1.49,0.022925968441878053,1.49,0.0,0.022917651,1.5
3.8390083673529793,0.7885839359389161,1.5,502.9559271504585,4.133628943938323,1.491,0.022925968441603387,1.491,0.0,0.022917651,1.5
3.8390836133124093,0.7900824794554405,1.5,503.458765058312,4.132731019234646,1.492,0.022925968441328718,1.492,0.0,0.022917651,1.5
3.839157939984627,0.7915818498705213,1.5,503.9638063328874,4.131828590577298,1.493,0.022925968441054056,1.493,0.0,0.022917651,1.5
3.8392310279809814,0.7930820277131176,1.5,504.47166228006853,4.1309203987125125,1.4940000000000002,0.022925968440779387,1.494,0.0,0.022917651,1.5
3.839302059599134,0.7945829598619926,1.5,504.9838877686911,4.130003222771431,1.495,0.022925968440504717,1.495,0.0,0.022917651,1.5
3.8393721397846967,0.7960847733492723,1.5,505.4983923023182,4.129081359673422,1.496,0.022925968440230055,1.496,0.0,0.022917651,1.5
3.8394412567835423,0.7975874790631327,1.5,506.015204036583,4.12815475151271,1.497,0.02292596843995539,1.497,0.0,0.022917651,1.5
3.8395093986471265,0.7990910880718411,1.5,506.5343515928208,4.127223339425741,1.4980000000000002,0.02292596843968072,1.498,0.0,0.022917651,1.5
3.83957655322845,0.8005956116274997,1.5,507.05586406773836,4.126287063571294,1.499,0.022925968439406055,1.499,0.0,0.022917651,1.5
3.839642708177925,0.802101061169874,1.5,507.57977104332343,4.125345863110107,1.5,0.02292596843913139,1.5,0.0,0.022917651,1.5
3.839740775304397,0.8034797230145133,1.5,508.1138871938999,4.124639756751825,1.5010000000000003,0.022925968439406055,1.5010000000000001,0.0,0.022917651,1.5
3.839838404948412,0.8048587317159288,1.5,508.64897155375763,4.123931553608086,1.5020000000000002,0.02292596843968072,1.502,0.0,0.022917651,1.5
3.839935596997074,0.8062380916026559,1.5,509.1850259053274,4.1232212488933015,1.5030000000000001,0.02292596843995539,1.5030000000000001,0.0,0.022917651,1.5
3.8400323477036697,0.8076178056815618,1.5,509.72205855373096,4.122508824613703,1.5039999999999998,0.022925968440230055,1.504,0.0,0.022917651,1.5
3.840128653278589,0.8089978769939398,1.5,510.2600778991738,4.121794262569519,1.5050000000000003,0.02292596844050472,1.5050000000000001,0.0,0.022917651,1.5
3.8402245098887082,0.8103783086160007,1.5,510.7990924383085,4.121077544352016,1.5060000000000002,0.022925968440779383,1.506,0.0,0.022917651,1.5
3.8403199136567707,0.8117591036593781,1.5,511.33911076562435,4.120358651340488,1.507,0.022925968441054052,1.5070000000000001,0.0,0.022917651,1.5
3.840414860660745,0.8131402652716376,1.5,511.880141574859,4.1196375646992,1.5080000000000002,0.02292596844132872,1.508,0.0,0.022917651,1.5
3.8405093469331733,0.8145217966367988,1.5,512.4221936604347,4.118914265374275,1.5090000000000003,0.022925968441603387,1.5090000000000001,0.0,0.022917651,1.5
3.840603368460521,0.8159037009758622,1.5,512.9652759189208,4.118188734090523,1.51,0.022925968441878056,1.51,0.0,0.022917651,1.5
3.840696068953251,0.8172857698033481,1.5,513.5108447389249,4.11745775531702,1.5110000000000003,0.022925968442152722,1.5110000000000001,0.0,0.022917651,1.5
3.840788232881219,0.8186682350078728,1.5,514.0575685926325,4.11672423397418,1.512,0.022925968442427388,1.512,0.0,0.022917651,1.5
3.8408799187943545,0.8200511169204614,1.5,514.6053501200906,4.115988383846061,1.5130000000000001,0.022925968442702057,1.5130000000000001,0.0,0.022917651,1.5
3.8409711225108043,0.8214344191866301,1.5,515.1541985742199,4.11525018455959,1.5140000000000002,0.02292596844297672,1.514,0.0,0.022917651,1.5
3.841061839799797,0.8228181454945428,1.5,515.7041233161881,4.114509615503354,1.5150000000000003,0.022925968443251385,1.5150000000000001,0.0,0.022917651,1.5
3.8411520663809195,0.8242022995756355,1.5,516.2551338169964,4.113766655824111,1.516,0.022925968443526054,1.516,0.0,0.022917651,1.5
3.841241797923394,0.8255868852052552,1.5,516.8072396590952,4.113021284423226,1.517,0.022925968443800716,1.5170000000000001,0.0,0.022917651,1.5
3.8413310300453243,0.8269719062033047,1.5,517.3604505380289,4.112273479953059,1.518,0.022925968444075386,1.518,0.0,0.022917651,1.5
3.841419758312948,0.828357366434904,1.5,517.9147762641088,4.111523220813273,1.5190000000000003,0.022925968444350055,1.5190000000000001,0.0,0.022917651,1.5
3.8415074415110846,0.8297431893944367,1.5,518.4710957032325,4.110768417813083,1.5200000000000002,0.022925968444624724,1.52,0.0,0.022917651,1.5
3.84159416710583,0.8311293898375128,1.5,519.0292545864149,4.11000940622382,1.5210000000000001,0.022925968444899386,1.5210000000000001,0.0,0.022917651,1.5
3.8416803644434414,0.8325160359256631,1.5,519.5885559766032,4.10924783595019,1.5220000000000002,0.02292596844517406,1.522,0.0,0.022917651,1.5
3.8417660287379967,0.833903131696359,1.5,520.1490102247227,4.108483683810936,1.5230000000000001,0.022925968445448724,1.5230000000000001,0.0,0.022917651,1.5
3.841851155145585,0.83529068123599,1.5,520.7106278071135,4.107716926343928,1.5240000000000002,0.022925968445723387,1.524,0.0,0.022917651,1.5
3.841935738763426,0.83667868868061,1.5,521.2734193274375,4.106947539801891,1.5250000000000004,0.022925968445998052,1.5250000000000001,0.0,0.022917651,1.5
3.8420197746289757,0.8380671582166908,1.5,521.8373955186172,4.106175500148075,1.5260000000000002,0.022925968446272718,1.526,0.0,0.022917651,1.5
3.8421032577190086,0.839456094081895,1.5,522.4025672448116,4.105400783051813,1.5270000000000001,0.022925968446547387,1.5270000000000001,0.0,0.022917651,1.5
3.8421861829486903,0.8408455005658598,1.5,522.9689455034288,4.104623363884028,1.5279999999999998,0.022925968446822053,1.528,0.0,0.022917651,1.5
3.8422676977812373,0.8422352966783322,1.5,523.5379208331958,4.103839914954058,1.5290000000000001,0.022925968447096715,1.5290000000000001,0.0,0.022917651,1.5
3.842348418526296,0.8436255433054081,1.5,524.1084853692032,4.103052839524757,1.53,0.022925968447371384,1.53,0.0,0.022917651,1.5
3.8424285638357993,0.8450162666063624,1.5,524.6802850301626,4.102262985655329,1.531,0.022925968447646054,1.5310000000000001,0.0,0.022917651,1.5
3.842508128432826,0.8464074709524381,1.5,525.2533311425417,4.101470327866643,1.5319999999999998,0.02292596844792072,1.532,0.0,0.022917651,1.5
3.842587106975741,0.8477991607684896,1.5,525.8276351717225,4.100674840367073,1.5330000000000001,0.02292596844819539,1.5330000000000001,0.0,0.022917651,1.5
3.842665494057194,0.8491913405338068,1.5,526.403208724137,4.099876497047703,1.534,0.02292596844847005,1.534,0.0,0.022917651,1.5
3.8427432842031046,0.8505840147829563,1.5,526.9800635494443,4.09907527147742,1.5350000000000001,0.02292596844874472,1.5350000000000001,0.0,0.022917651,1.5
3.8428204718716352,0.8519771881066335,1.5,527.5582115427441,4.098271136897944,1.536,0.022925968449019386,1.536,0.0,0.022917651,1.5
3.8428963967345107,0.8533709432604835,1.5,528.1388277144856,4.097461368747358,1.5370000000000001,0.02292596844929405,1.537,0.0,0.022917651,1.5
3.8429712518151105,0.8547652824518157,1.5,528.7215721546331,4.096646737118953,1.538,0.02292596844956872,1.538,0.0,0.022917651,1.5
3.843045479064105,0.8561601626870625,1.5,529.3056621954497,4.095829053161157,1.539,0.022925968449843386,1.539,0.0,0.022917651,1.5
3.843119072551111,0.8575555890768275,1.5,529.8911105472351,4.095008288042225,1.54,0.022925968450118052,1.54,0.0,0.022917651,1.5
3.84319202627082,0.8589515667962804,1.5,530.4779300808725,4.094184412566139,1.541,0.02292596845039272,1.541,0.0,0.022917651,1.5
3.8432643341418102,0.8603481010861841,1.5,531.0661338303744,4.09335739716685,1.5420000000000003,0.022925968450667383,1.542,0.0,0.022917651,1.5
3.843335990005338,0.8617451972539337,1.5,531.655734995474,4.092527211902388,1.5430000000000001,0.022925968450942056,1.543,0.0,0.022917651,1.5
3.8434069876241033,0.8631428606746222,1.5,532.2467469442686,4.09169382644887,1.544,0.02292596845121672,1.544,0.0,0.022917651,1.5
3.843478872212485,0.8645370514546158,1.5,532.8400136046611,4.090867461649398,1.5450000000000002,0.02292596845149139,1.545,0.0,0.022917651,1.5
3.843550193358218,0.8659314506091748,1.5,533.4347771235182,4.090038634686936,1.5460000000000003,0.022925968451766057,1.546,0.0,0.022917651,1.5
3.843620771380805,0.8673265077470692,1.5,534.0309617279371,4.08920617721678,1.547,0.02292596845204072,1.547,0.0,0.022917651,1.5
3.843690597808036,0.8687222303698467,1.5,534.6285836194529,4.088370047848183,1.548,0.022925968452315384,1.548,0.0,0.022917651,1.5
3.843759664038423,0.8701186260935196,1.5,535.2276592468199,4.08753020455881,1.549,0.022925968452590054,1.549,0.0,0.022917651,1.5
3.8438279613387247,0.8715157026507606,1.5,535.8282053107472,4.0866866046826535,1.55,0.022925968452864723,1.55,0.0,0.022917651,1.5
3.8438954808414136,0.8729134678931412,1.5,536.4302387687399,4.085839204897652,1.551,0.022925968453139385,1.551,0.0,0.022917651,1.5
3.84396175958973,0.8743127182247723,1.5,537.0345005237101,4.084985356815605,1.552,0.022925968453414054,1.552,0.0,0.022917651,1.5
3.8440265802618807,0.8757137749142404,1.5,537.6413336524536,4.084123869791121,1.553,0.02292596845368872,1.553,0.0,0.022917651,1.5
3.8440905880320346,0.8771154886573285,1.5,538.249709827343,4.083258474043004,1.554,0.022925968453963386,1.554,0.0,0.022917651,1.5
3.8441537735236393,0.8785178670329309,1.5,538.8596468469028,4.08238912448543,1.555,0.022925968454238055,1.555,0.0,0.022917651,1.5
3.8442161272153745,0.8799209177369535,1.5,539.4711627844476,4.081515775336491,1.556,0.02292596845451272,1.556,0.0,0.022917651,1.5
3.8442776394383555,0.8813246485845776,1.5,540.0842759934053,4.080638380104723,1.5570000000000002,0.022925968454787386,1.557,0.0,0.022917651,1.5
3.8443383003732565,0.8827290675125821,1.5,540.6990051127656,4.079756891575297,1.5580000000000003,0.022925968455062052,1.558,0.0,0.022917651,1.5
3.844397934314033,0.8841345799929637,1.5,541.3163657720854,4.0788702021966134,1.559,0.022925968455336718,1.559,0.0,0.022917651,1.5
3.844456509134729,0.8855412990129281,1.5,541.9367166999705,4.077978070831527,1.56,0.022925968455611387,1.56,0.0,0.022917651,1.5
3.8445142530257788,0.8869486837053956,1.5,542.5587319604663,4.077081950144717,1.5609999999999997,0.022925968455886056,1.561,0.0,0.022917651,1.5
3.8445711569444807,0.8883567413146352,1.5,543.1824296658921,4.076181796721866,1.562,0.02292596845616072,1.562,0.0,0.022917651,1.5
3.8446272117164435,0.8897654791904132,1.5,543.8078281923358,4.075277566516411,1.563,0.022925968456435387,1.563,0.0,0.022917651,1.5
3.8446824080331834,0.8911749047899229,1.5,544.4349461844752,4.074369214837997,1.564,0.022925968456710053,1.564,0.0,0.022917651,1.5
3.8447367364496614,0.8925850256797524,1.5,545.0638025605012,4.07345669634067,1.565,0.02292596845698472,1.565,0.0,0.022917651,1.5
3.8447900011691303,0.8940047598258068,1.5,545.7019329812167,4.072530308002981,1.566,0.022925968457259388,1.566,0.0,0.022917651,1.5
3.8448423724976255,0.8954274784676326,1.5,546.3436983630038,4.071597361203593,1.5670000000000002,0.022925968457534054,1.567,0.0,0.022917651,1.5
3.8448938843823064,0.8968513151930763,1.5,546.9875306093174,4.070659858537403,1.568,0.02292596845780872,1.568,0.0,0.022917651,1.5
3.8449445274089356,0.8982762822494837,1.5,547.6334523603292,4.069717750100024,1.5690000000000002,0.02292596845808339,1.569,0.0,0.022917651,1.5
3.8449942920252727,0.8997023920637318,1.5,548.2814865880869,4.068770985255536,1.5699999999999998,0.022925968458358054,1.57,0.0,0.022917651,1.5
3.8450431685385413,0.9011296572455277,1.5,548.9316566026159,4.067819512623032,1.571,0.02292596845863272,1.571,0.0,0.022917651,1.5
3.845088975013992,0.9025487401038127,1.5,549.5848071467555,4.066863942127213,1.572,0.02292596845890739,1.572,0.0,0.022917651,1.5
3.8451323155465,0.903962234563823,1.5,550.2407025358075,4.065904096315766,1.5730000000000002,0.02292596845918205,1.573,0.0,0.022917651,1.5
3.845174635967228,0.9053764071912025,1.5,550.898810281343,4.064939491988757,1.574,0.022925968459456717,1.574,0.0,0.022917651,1.5
3.845215924289722,0.9067912659545108,1.5,551.5591563788545,4.063970073232976,1.5750000000000002,0.022925968459731383,1.575,0.0,0.022917651,1.5
3.845256168339002,0.9082068189476412,1.5,552.2217672327037,4.062995783255782,1.5760000000000003,0.022925968460006052,1.576,0.0,0.022917651,1.5
3.845295355747834,0.9096230743922926,1.5,552.8866696641909,4.062016564367749,1.577,0.02292596846028072,1.577,0.0,0.022917651,1.5
3.8453329997296293,0.9110410868762622,1.5,553.5553809559912,4.061029413473613,1.5779999999999998,0.022925968460555387,1.578,0.0,0.022917651,1.5
3.845369446751391,0.9124601572660673,1.5,554.2268497176631,4.060036416256348,1.5790000000000002,0.022925968460830053,1.579,0.0,0.022917651,1.5
3.8454048217745087,0.9138800020182305,1.5,554.9006778126487,4.059038356453408,1.5800000000000003,0.022925968461104722,1.58,0.0,0.022917651,1.5
3.845439112272868,0.9153006301810382,1.5,555.5768928093407,4.058035174909377,1.581,0.022925968461379384,1.581,0.0,0.022917651,1.5
3.8454723055244378,0.9167220509442998,1.5,556.2555227073208,4.0570268115436035,1.582,0.022925968461654053,1.582,0.0,0.022917651,1.5
3.8455039244317493,0.9181441448338794,1.5,556.9371114931088,4.056011479168091,1.583,0.02292596846192872,1.583,0.0,0.022917651,1.5
3.8455330030692445,0.9195666608220829,1.5,557.6227345608496,4.054985568875022,1.5839999999999999,0.022925968462203385,1.584,0.0,0.022917651,1.5
3.8455609192030336,0.9209899970579898,1.5,558.3108690683301,4.053954188524229,1.585,0.022925968462478054,1.585,0.0,0.022917651,1.5
3.845587658851499,0.92241416340685,1.5,559.001545221036,4.052917272326459,1.586,0.02292596846275272,1.586,0.0,0.022917651,1.5
3.8456132078079093,0.923839169892751,1.5,559.6947937107838,4.051874753433198,1.587,0.02292596846302739,1.587,0.0,0.022917651,1.5
3.8456375189128913,0.9252650924542228,1.5,560.3907263606307,4.0508263669921805,1.588,0.022925968463302054,1.588,0.0,0.022917651,1.5
3.8456595655360943,0.9266936967549235,1.5,561.0917190042913,4.049766232335136,1.589,0.02292596846357672,1.589,0.0,0.022917651,1.5
3.8456803115590747,0.9281227607843113,1.5,561.7952490829305,4.04870043547083,1.59,0.02292596846385139,1.59,0.0,0.022917651,1.5
3.8456997408909093,0.9295522902301129,1.5,562.5013479894914,4.047628906346889,1.591,0.022925968464126055,1.591,0.0,0.022917651,1.5
3.8457178371741425,0.930982290874268,1.5,563.2100476369162,4.046551573750572,1.592,0.02292596846440072,1.592,0.0,0.022917651,1.5
3.845734423376699,0.9324126387187667,1.5,563.9215854889226,4.045467854158784,1.593,0.022925968464675386,1.593,0.0,0.022917651,1.5
3.8457478004932613,0.9338421342322182,1.5,564.6381369587539,4.044372157799541,1.5940000000000003,0.02292596846495005,1.594,0.0,0.022917651,1.5
3.8457599233603514,0.9352725152280934,1.5,565.3572077012828,4.0432705590282385,1.595,0.022925968465224718,1.595,0.0,0.022917651,1.5
3.845770777585559,0.9367037918672324,1.5,566.0788266249596,4.042162990115177,1.596,0.022925968465499387,1.596,0.0,0.022917651,1.5
3.845780348555425,0.9381359744665302,1.5,566.8030230822285,4.041049382290422,1.597,0.022925968465774053,1.597,0.0,0.022917651,1.5
3.8457891152283685,0.9395751480380873,1.5,567.5305002786648,4.039925564094782,1.5980000000000003,0.02292596846604872,1.598,0.0,0.022917651,1.5
3.8457973920494397,0.9410255963285737,1.5,568.2617195665754,4.038788507955788,1.599,0.022925968466323384,1.599,0.0,0.022917651,1.5
3.8458043598649327,0.9424775470318151,1.5,568.9956079258516,4.03764471323936,1.6000000000000003,0.022925968466598053,1.6,0.0,0.022917651,1.5
3.8458419446171295,0.9438151196658524,1.5,569.6215276049328,4.036720767138121,1.601,0.022925968409058202,1.601,0.0,0.022917651,1.5
3.845878789501988,0.9451530796074741,1.5,570.2491036669895,4.035793474307455,1.6020000000000003,0.02292596835151835,1.602,0.0,0.022917651,1.5
3.8459141553792073,0.9464891644177579,1.5,570.8784612490389,4.034862140888749,1.603,0.022925968293978503,1.603,0.0,0.022917651,1.5
3.845943555467611,0.9478096320954135,1.5,571.5103298863228,4.033922563336733,1.6040000000000003,0.022925968236438648,1.604,0.0,0.022917651,1.5
3.8459722089722854,0.9491306477644971,1.5,572.1439155667376,4.032979451452179,1.6050000000000002,0.022925968178898793,1.605,0.0,0.022917651,1.5
3.8460001115753877,0.9504522145943005,1.5,572.7792282207473,4.032032784794387,1.6060000000000003,0.02292596812135894,1.606,0.0,0.022917651,1.5
3.846027258925714,0.9517743357786004,1.5,573.4162778555404,4.031082542764731,1.6070000000000002,0.02292596806381909,1.607,0.0,0.022917651,1.5
3.846053646638377,0.9530970145358979,1.5,574.055074555772,4.030128704605126,1.608,0.022925968006279246,1.608,0.0,0.022917651,1.5
3.8460791810074,0.9544216850291,1.5,574.6963909050717,4.029169461413403,1.6090000000000002,0.02292596794873939,1.609,0.0,0.022917651,1.5
3.846103838900153,0.9557484461905975,1.5,575.3402947481077,4.0282046217683405,1.61,0.02292596789119954,1.61,0.0,0.022917651,1.5
3.8461277082963834,0.9570757451246162,1.5,575.9859697891512,4.027236090405445,1.6110000000000004,0.02292596783365969,1.611,0.0,0.022917651,1.5
3.846150784466883,0.9584035850565811,1.5,576.6334266514025,4.026263845182722,1.612,0.02292596777611983,1.612,0.0,0.022917651,1.5
3.8461730626445574,0.9597319692377615,1.5,577.2826760431855,4.025287863780754,1.6129999999999998,0.022925967718579982,1.613,0.0,0.022917651,1.5
3.84619453802403,0.9610609009455322,1.5,577.9337287588025,4.0243081237009175,1.614,0.02292596766104013,1.614,0.0,0.022917651,1.5
3.8462159410824155,0.9623892749580392,1.5,578.588046982728,4.023328653688761,1.6149999999999998,0.02292596760350028,1.615,0.0,0.022917651,1.5
3.846236517388126,0.9637181845771634,1.5,579.244196888817,4.022345340958578,1.6160000000000003,0.022925967545960428,1.616,0.0,0.022917651,1.5
3.8462562435364074,0.9650476599531285,1.5,579.9021554079133,4.021358061699674,1.617,0.022925967488420573,1.617,0.0,0.022917651,1.5
3.8462751139354334,0.9663777048071469,1.5,580.5619344359962,4.020366789822583,1.6180000000000003,0.022925967430880722,1.618,0.0,0.022917651,1.5
3.8462931229442265,0.9677083228931357,1.5,581.2235459736002,4.019371499008542,1.619,0.022925967373340878,1.619,0.0,0.022917651,1.5
3.84630965989518,0.9690389574305414,1.5,581.8879330233187,4.0183703026377495,1.6200000000000003,0.022925967315801026,1.62,0.0,0.022917651,1.5
3.8463248496571087,0.9703696605702724,1.5,582.5549259285849,4.017363648370539,1.6210000000000002,0.022925967258261175,1.621,0.0,0.022917651,1.5
3.846339165390163,0.971700858625775,1.5,583.2238054852706,4.016353003162165,1.6219999999999999,0.022925967200721317,1.622,0.0,0.022917651,1.5
3.8463526014622427,0.9730325547862074,1.5,583.8945838506563,4.015338341295643,1.623,0.022925967143181465,1.623,0.0,0.022917651,1.5
3.846365152192751,0.9743647522681875,1.5,584.5672732867,4.014319636832551,1.6240000000000003,0.022925967085641617,1.624,0.0,0.022917651,1.5
3.8463763011065453,0.9756976317049959,1.5,585.2424762716936,4.013294643091386,1.6250000000000002,0.022925967028101762,1.625,0.0,0.022917651,1.5
3.8463854016226504,0.9770314494696003,1.5,585.9209248034111,4.01226051711886,1.6260000000000003,0.022925966970561908,1.6260000000000001,0.0,0.022917651,1.5
3.8463935787257078,0.9783658324685621,1.5,586.6013138710629,4.011222132237881,1.6270000000000002,0.022925966913022056,1.627,0.0,0.022917651,1.5
3.846400826280266,0.9797007844574802,1.5,587.2836563681917,4.010179460150897,1.628,0.02292596685548221,1.6280000000000001,0.0,0.022917651,1.5
3.846407138096397,0.9810363092252969,1.5,587.9679653028189,4.009132472309108,1.629,0.022925966797942357,1.629,0.0,0.022917651,1.5
3.8464120586196224,0.9823720830004145,1.5,588.6547274985944,4.008079669294631,1.6300000000000001,0.02292596674040251,1.6300000000000001,0.0,0.022917651,1.5
3.8464146440158893,0.9837074271065064,1.5,589.3449317111216,4.007017952474448,1.6309999999999998,0.022925966682862654,1.631,0.0,0.022917651,1.5
3.8464162585300032,0.9850433454170954,1.5,590.0371384079752,4.005951777950509,1.6320000000000001,0.022925966625322803,1.6320000000000001,0.0,0.022917651,1.5
3.846416895600273,0.9863798418129331,1.5,590.731361122915,4.004881115595489,1.6329999999999998,0.02292596656778295,1.633,0.0,0.022917651,1.5
3.8464165486057413,0.9877169202098222,1.5,591.4276135119336,4.003805935009965,1.6340000000000001,0.0229259665102431,1.6340000000000001,0.0,0.022917651,1.5
3.846415347891185,0.9890577979747132,1.5,592.1284849945984,4.002723542577039,1.6350000000000002,0.02292596645270325,1.635,0.0,0.022917651,1.5
3.846413358641045,0.9904048215287754,1.5,592.8358939185965,4.001631854468183,1.6360000000000001,0.0229259663951634,1.6360000000000001,0.0,0.022917651,1.5
3.84641031241838,0.9917521809420486,1.5,593.545207658803,4.000535602637065,1.6370000000000002,0.022925966337623546,1.637,0.0,0.022917651,1.5
3.846406201595923,0.9930998786381422,1.5,594.2564399606488,3.9994347541511974,1.6380000000000003,0.022925966280083695,1.6380000000000001,0.0,0.022917651,1.5
3.846401018472843,0.9944479170640398,1.5,594.9696047021358,3.998329275760475,1.6390000000000002,0.022925966222543843,1.639,0.0,0.022917651,1.5
3.846391807551597,0.9957893845636779,1.5,595.6877315077143,3.9972142541320657,1.6400000000000003,0.022925966165003992,1.6400000000000001,0.0,0.022917651,1.5
3.8463794998047782,0.9971266392360892,1.5,596.4098770682683,3.996091055895332,1.641,0.02292596610746414,1.641,0.0,0.022917651,1.5
3.8463661624864565,0.9984645899471747,1.5,597.1339329026888,3.994963043280064,1.6420000000000001,0.022925966049924286,1.6420000000000001,0.0,0.022917651,1.5
3.8463517889051726,0.9998032412206725,1.5,597.8599114263491,3.9938301849963462,1.6430000000000002,0.022925965992384438,1.643,0.0,0.022917651,1.5
3.846336295465752,1.0011425762139223,1.5,598.5879152378869,3.9926921636855477,1.6440000000000001,0.022925965934844583,1.6440000000000001,0.0,0.022917651,1.5
3.8463184798254444,1.0024822480804776,1.5,599.319342822871,3.9915445195786194,1.6450000000000002,0.022925965877304732,1.645,0.0,0.022917651,1.5
3.8462995817283865,1.0038225922282817,1.5,600.0527318107655,3.990391873290769,1.6460000000000001,0.02292596581976488,1.6460000000000001,0.0,0.022917651,1.5
3.846279593922755,1.0051636131612218,1.5,600.7880953418114,3.9892341913103357,1.647,0.02292596576222503,1.647,0.0,0.022917651,1.5
3.8462585090918093,1.0065053154235073,1.5,601.52544667389,3.9880714398256463,1.6480000000000001,0.022925965704685178,1.6480000000000001,0.0,0.022917651,1.5
3.8462354990646688,1.0078490545900038,1.5,602.2658397879835,3.9868989498703984,1.6490000000000002,0.022925965647145326,1.649,0.0,0.022917651,1.5
3.846210944030696,1.0091942786141441,1.5,603.0088019292991,3.985718794666296,1.65,0.022925965589605475,1.6500000000000001,0.0,0.022917651,1.5
3.8461852709245203,1.0105402947395028,1.5,603.7537970060663,3.984533375100373,1.651,0.022925965532065624,1.651,0.0,0.022917651,1.5
3.846158472243414,1.0118871082814072,1.5,604.5008386601246,3.983342655846578,1.6520000000000004,0.022925965474525772,1.6520000000000001,0.0,0.022917651,1.5
3.846129762631088,1.013234373992343,1.5,605.2530433334862,3.982143841116278,1.653,0.022925965416985918,1.653,0.0,0.022917651,1.5
3.8460985656829605,1.0145818580537578,1.5,606.0127428585488,3.980934859468488,1.654,0.02292596535944607,1.6540000000000001,0.0,0.022917651,1.5
3.846066161354848,1.0159301547840365,1.5,606.7748366145402,3.979720235798899,1.655,0.02292596530190622,1.655,0.0,0.022917651,1.5
3.8460325409724687,1.0172792700217037,1.5,607.5393418025327,3.9784999295730636,1.6560000000000001,0.022925965244366367,1.6560000000000001,0.0,0.022917651,1.5
3.845997377040842,1.0186277014967013,1.5,608.3071373612302,3.977274132733288,1.657,0.022925965186826512,1.657,0.0,0.022917651,1.5
3.845959854646228,1.0199717364527925,1.5,609.0803534393095,3.9760432973820405,1.6580000000000004,0.022925965129286664,1.6580000000000001,0.0,0.022917651,1.5
3.845921009010047,1.0213163850689866,1.5,609.8561427168748,3.9748065552965133,1.659,0.02292596507174681,1.659,0.0,0.022917651,1.5
3.8458808297822986,1.0226616521451517,1.5,610.634525320728,3.9735638602759864,1.6600000000000004,0.02292596501420696,1.6600000000000001,0.0,0.022917651,1.5
3.8458392694658574,1.0240075359362795,1.5,611.4157768870426,3.9723150239962934,1.661,0.022925964956667107,1.661,0.0,0.022917651,1.5
3.845796171384402,1.0253540264388146,1.5,612.2007207078026,3.9710594296212047,1.6620000000000004,0.022925964899127255,1.6620000000000001,0.0,0.022917651,1.5
3.8457516570516406,1.0267011600250422,1.5,612.9883244158392,3.9697975272422075,1.663,0.022925964841587404,1.663,0.0,0.022917651,1.5
3.8457057146483704,1.0280489420617616,1.5,613.7786102090122,3.9685292642164005,1.6640000000000004,0.022925964784047556,1.6640000000000001,0.0,0.022917651,1.5
3.8456579285498855,1.029397121312152,1.5,614.5718826802199,3.9672532282290054,1.665,0.0229259647265077,1.665,0.0,0.022917651,1.5
3.8456074835329432,1.0307451936961556,1.5,615.3687147446265,3.9659666602097823,1.6660000000000001,0.02292596466896785,1.666,0.0,0.022917651,1.5
3.845555572153348,1.032093931334299,1.5,616.1682803795215,3.964673561307399,1.667,0.022925964611428,1.667,0.0,0.022917651,1.5
3.84550218217011,1.0334433397800296,1.5,616.9706024043676,3.963373877002959,1.668,0.022925964553888147,1.668,0.0,0.022917651,1.5
3.8454462293023095,1.0347930742674185,1.5,617.7765645102834,3.9620636202345185,1.6690000000000005,0.022925964496348296,1.669,0.0,0.022917651,1.5
3.8453872968194966,1.0361430238250258,1.5,618.5865117853585,3.960741237197746,1.6700000000000002,0.02292596443880844,1.67,0.0,0.022917651,1.5
3.8453268063145702,1.0374936695736774,1.5,619.399315362698,3.9594119261146465,1.6709999999999998,0.022925964381268593,1.671,0.0,0.022917651,1.5
3.845264744359708,1.0388450175134987,1.5,620.2149998593599,3.958075627275812,1.6720000000000002,0.022925964323728742,1.672,0.0,0.022917651,1.5
3.8451996382533706,1.040196291285261,1.5,621.0348056610293,3.9567272183093314,1.6729999999999998,0.022925964266188887,1.673,0.0,0.022917651,1.5
3.8451324018795763,1.0415479854422007,1.5,621.857971592031,3.955369864861162,1.6740000000000002,0.022925964208649036,1.674,0.0,0.022917651,1.5
3.845063557549957,1.042900392011765,1.5,622.6840739763855,3.9540053670021376,1.6750000000000003,0.022925964151109188,1.675,0.0,0.022917651,1.5
3.8449928606521033,1.0442545569534074,1.5,623.5135677318209,3.952631700678397,1.676,0.022925964093569333,1.676,0.0,0.022917651,1.5
3.8449192370638663,1.0456154266269275,1.5,624.3484735228176,3.9512396248452037,1.6769999999999998,0.022925964036029485,1.677,0.0,0.022917651,1.5
3.8448439787656974,1.0469772485626654,1.5,625.1864015416638,3.949840057999704,1.6779999999999997,0.02292596397848963,1.678,0.0,0.022917651,1.5
3.844767071927398,1.0483400308170832,1.5,626.0273773574337,3.9484329367653905,1.6790000000000003,0.022925963920949782,1.679,0.0,0.022917651,1.5
3.8446849377854586,1.0496933577040588,1.5,626.8717119598061,3.947014363833727,1.6800000000000002,0.02292596386340993,1.68,0.0,0.022917651,1.5
3.8445992516815006,1.051042368505559,1.5,627.7192873775194,3.9455859000449247,1.6810000000000003,0.022925963805870076,1.681,0.0,0.022917651,1.5
3.8445116965526887,1.0523920785125203,1.5,628.5699949119418,3.9441492608213484,1.682,0.022925963748330225,1.682,0.0,0.022917651,1.5
3.8444227688603005,1.053742262022737,1.5,629.42468705157,3.9427066570199303,1.6829999999999998,0.022925963690790373,1.683,0.0,0.022917651,1.5
3.8443329925689746,1.0550926487966015,1.5,630.2841325424837,3.9412604543366165,1.684,0.022925963633250522,1.684,0.0,0.022917651,1.5
3.844241402538534,1.0564436575727405,1.5,631.1467790562893,3.939806374903842,1.6850000000000003,0.02292596357571067,1.685,0.0,0.022917651,1.5
3.844147868423635,1.057795394709641,1.5,632.0128421116693,3.938343790904018,1.6860000000000002,0.02292596351817082,1.686,0.0,0.022917651,1.5
3.8440505238612377,1.0591492755801886,1.5,632.8852178302674,3.9368638201195516,1.6870000000000003,0.022925963460630968,1.687,0.0,0.022917651,1.5
3.843951268521227,1.0605034124939912,1.5,633.7606497780396,3.935375950161426,1.688,0.022925963403091113,1.688,0.0,0.022917651,1.5
3.843850085175269,1.0618578077596375,1.5,634.639165511169,3.9338801098075367,1.689,0.022925963345551265,1.689,0.0,0.022917651,1.5
3.8437440920193993,1.0632094216337495,1.5,635.5232785653548,3.9323678129031365,1.6900000000000002,0.022925963288011414,1.69,0.0,0.022917651,1.5
3.8436357939695833,1.0645612199986065,1.5,636.4107054390007,3.930846112036305,1.691,0.02292596323047156,1.691,0.0,0.022917651,1.5
3.8435256376394547,1.0659137199408149,1.5,637.3010604438413,3.9293162763591387,1.6920000000000002,0.02292596317293171,1.692,0.0,0.022917651,1.5
3.8434126860802293,1.0672658865982756,1.5,638.195273134252,3.92777559277377,1.693,0.022925963115391856,1.693,0.0,0.022917651,1.5
3.8432972739043243,1.0686184950722106,1.5,639.0928299585796,3.926224624851302,1.694,0.02292596305785201,1.694,0.0,0.022917651,1.5
3.843179610479469,1.0699718631731263,1.5,639.9935098507146,3.9246638923140975,1.695,0.022925963000312157,1.695,0.0,0.022917651,1.5
3.8430579406905836,1.0713255118554488,1.5,640.9086801178356,3.923086855613477,1.696,0.022925962942772302,1.696,0.0,0.022917651,1.5
3.84293337563186,1.0726797998653193,1.5,641.8310632631612,3.9214975991924432,1.697,0.022925962885232454,1.697,0.0,0.022917651,1.5
3.842806449322776,1.0740348973854508,1.5,642.7570545940699,3.919898088349624,1.698,0.0229259628276926,1.698,0.0,0.022917651,1.5
3.842676415109239,1.0753971677286782,1.5,643.6973253631076,3.9182789663430584,1.699,0.022925962770152748,1.699,0.0,0.022917651,1.5
3.8425438530146008,1.0767618255911673,1.5,644.6437748135914,3.9166473436729317,1.7,0.022925962712612897,1.7,0.0,0.022917651,1.5
3.8424541734613125,1.0780305393712544,1.5,645.4292178231698,3.915268142741816,1.7009999999999998,0.02292596278823403,1.701,0.0,0.022917651,1.5
3.842358035672851,1.0792888570431702,1.5,646.2187788659623,3.913873506741391,1.702,0.022925962863855166,1.702,0.0,0.022917651,1.5
3.842258893430357,1.0805440354804667,1.5,647.0112061354348,3.912469992733223,1.703,0.022925962939476303,1.703,0.0,0.022917651,1.5
3.8421585113246293,1.0817997493845408,1.5,647.8058499987986,3.9110609838036443,1.7039999999999997,0.022925963015097438,1.704,0.0,0.022917651,1.5
3.8420573032060417,1.0830549548577875,1.5,648.602823283622,3.909649182573283,1.705,0.022925963090718576,1.705,0.0,0.022917651,1.5
3.8419553899626973,1.084309267373217,1.5,649.4021674818126,3.908235458279966,1.7059999999999997,0.022925963166339706,1.706,0.0,0.022917651,1.5
3.841852173747152,1.0855641324372984,1.5,650.2037522694262,3.9068159694205247,1.707,0.022925963241960844,1.707,0.0,0.022917651,1.5
3.8417477865985603,1.0868196482584573,1.5,651.0079194013101,3.9053911453448884,1.708,0.022925963317581982,1.708,0.0,0.022917651,1.5
3.841643088066079,1.0880763963965887,1.5,651.8167723646785,3.90396383898396,1.709,0.022925963393203116,1.709,0.0,0.022917651,1.5
3.841537005987956,1.0893336430928293,1.5,652.6278441275143,3.9025305000229613,1.7100000000000004,0.02292596346882425,1.71,0.0,0.022917651,1.5
3.841429531949412,1.0905913913794305,1.5,653.4411481846424,3.9010910917713826,1.7110000000000003,0.022925963544445385,1.711,0.0,0.022917651,1.5
3.8413187444227375,1.0918479197897217,1.5,654.2581524228801,3.8996396462745144,1.712,0.02292596362006652,1.712,0.0,0.022917651,1.5
3.841206176056266,1.093104623533852,1.5,655.0776868870048,3.89818090133958,1.713,0.022925963695687657,1.713,0.0,0.022917651,1.5
3.841092181893544,1.0943618337377932,1.5,655.8994877771399,3.896715946622266,1.714,0.022925963771308788,1.714,0.0,0.022917651,1.5
3.8409752697171533,1.095618531958714,1.5,656.7244610955778,3.8952398329048528,1.715,0.02292596384692993,1.715,0.0,0.022917651,1.5
3.840856052423592,1.0968751691586773,1.5,657.5522712890163,3.8937545605647115,1.716,0.02292596392255106,1.716,0.0,0.022917651,1.5
3.8407353629728953,1.0981323326772818,1.5,658.3824317527449,3.892262873474608,1.717,0.02292596399817219,1.717,0.0,0.022917651,1.5
3.8406120556697725,1.0993891933732471,1.5,659.2156662733785,3.890761019890161,1.7180000000000002,0.022925964073793336,1.718,0.0,0.022917651,1.5
3.8404861589413795,1.1006457734067505,1.5,660.0519773642344,3.889249091052867,1.719,0.022925964149414467,1.719,0.0,0.022917651,1.5
3.8403587727682917,1.1019028852895327,1.5,660.8906911665647,3.8877306724442,1.7200000000000002,0.02292596422503561,1.72,0.0,0.022917651,1.5
3.8402288331168704,1.103159863650679,1.5,661.7330183316948,3.886202174562478,1.721,0.022925964300656736,1.721,0.0,0.022917651,1.5
3.840096056326531,1.1044165682137859,1.5,662.5793704427439,3.8846626033869804,1.7219999999999998,0.022925964376277874,1.722,0.0,0.022917651,1.5
3.83996174503082,1.105673845494213,1.5,663.428308550594,3.883116321372271,1.7230000000000005,0.02292596445189901,1.723,0.0,0.022917651,1.5
3.8398249446498744,1.1069304594106284,1.5,664.2824599202423,3.881560741139899,1.724,0.02292596452752014,1.724,0.0,0.022917651,1.5
3.83968537866387,1.1081860595883846,1.5,665.142722497449,3.8799951059866653,1.7250000000000003,0.02292596460314128,1.725,0.0,0.022917651,1.5
3.8395441724309394,1.1094421372913423,1.5,666.0060320862349,3.878422432430062,1.726,0.022925964678762414,1.726,0.0,0.022917651,1.5
3.839399994643758,1.1106973525318142,1.5,666.8729274995994,3.8768387413273078,1.727,0.02292596475438355,1.727,0.0,0.022917651,1.5
3.8392528779226005,1.1119517275825683,1.5,667.7433899204997,3.875244140414618,1.7280000000000002,0.022925964830004687,1.728,0.0,0.022917651,1.5
3.8391040372238856,1.113206504512412,1.5,668.6169511416874,3.873642241698853,1.729,0.022925964905625817,1.729,0.0,0.022917651,1.5
3.8389546836353983,1.114463120175728,1.5,669.4993044134009,3.872036451872324,1.73,0.022925964981246952,1.73,0.0,0.022917651,1.5
3.838804184144547,1.1157208603988817,1.5,670.38768840362,3.870424953347429,1.731,0.022925965056868086,1.731,0.0,0.022917651,1.5
3.838651849424702,1.116978937062139,1.5,671.2790087504725,3.8688057773560107,1.732,0.02292596513248922,1.732,0.0,0.022917651,1.5
3.8384932332645554,1.1182334668455678,1.5,672.1838611031483,3.8671650129867405,1.733,0.02292596520811036,1.733,0.0,0.022917651,1.5
3.8383316639090355,1.1194874201252787,1.5,673.0941300976851,3.865513010079933,1.734,0.022925965283731496,1.734,0.0,0.022917651,1.5
3.8381681863729322,1.1207415872501068,1.5,674.0072026781912,3.863853161258692,1.735,0.02292596535935263,1.735,0.0,0.022917651,1.5
3.8380013973584512,1.1219917936092618,1.5,674.9245263496324,3.862184038496306,1.7360000000000002,0.022925965434973765,1.736,0.0,0.022917651,1.5
3.8378327338655027,1.1232424897282245,1.5,675.8446198821389,3.860506927973213,1.737,0.0229259655105949,1.737,0.0,0.022917651,1.5
3.8376614422249373,1.1244927645841816,1.5,676.7684083795275,3.8588197244804263,1.738,0.022925965586216034,1.738,0.0,0.022917651,1.5
3.837486816417875,1.1257417745857272,1.5,677.6967653072462,3.8571204461639894,1.7390000000000003,0.02292596566183717,1.739,0.0,0.022917651,1.5
3.8373102983747995,1.1269913240042952,1.5,678.6279337753843,3.8554130595708607,1.7399999999999998,0.022925965737458306,1.74,0.0,0.022917651,1.5
3.8371305647005114,1.1282400099773056,1.5,679.5626634150293,3.8536936749748656,1.7410000000000005,0.022925965813079444,1.741,0.0,0.022917651,1.5
3.8369483460549985,1.1294885916076685,1.5,680.5005691239201,3.8519644552139334,1.742,0.022925965888700578,1.742,0.0,0.022917651,1.5
3.8367639912193194,1.1307375748220572,1.5,681.4415189800255,3.850226288910481,1.7430000000000003,0.022925965964321712,1.743,0.0,0.022917651,1.5
3.8365750285875726,1.131985590743447,1.5,682.3873902429142,3.848470657649613,1.7439999999999998,0.02292596603994285,1.744,0.0,0.022917651,1.5
3.836384039676841,1.1332341318788481,1.5,683.3362275318622,3.846706396052616,1.745,0.022925966115563984,1.745,0.0,0.022917651,1.5
3.8361899475216092,1.1344820312260704,1.5,684.2886489652236,3.84493036443369,1.7460000000000002,0.022925966191185122,1.746,0.0,0.022917651,1.5
3.83599288853832,1.1357294309761505,1.5,685.2445884486754,3.8431429662717775,1.7470000000000003,0.02292596626680625,1.747,0.0,0.022917651,1.5
3.8357937542203455,1.1369772471779005,1.5,686.2035733486357,3.8413468504595585,1.7480000000000002,0.022925966342427388,1.748,0.0,0.022917651,1.5
3.8355921443321,1.1382231555593894,1.5,687.1662100395918,3.839542738397038,1.749,0.022925966418048525,1.749,0.0,0.022917651,1.5
3.8353883268481868,1.139469587436302,1.5,688.1319002561231,3.837729272368333,1.7500000000000002,0.02292596649366966,1.75,0.0,0.022917651,1.5
3.8351821266722097,1.140714267135693,1.5,689.10692576773,3.8359080290002074,1.751,0.022925966569290794,1.7510000000000001,0.0,0.022917651,1.5
3.8349733820058116,1.1419576698733733,1.5,690.0901773480309,3.8340778856354807,1.752,0.02292596664491193,1.752,0.0,0.022917651,1.5
3.8347621227766915,1.1432011883913324,1.5,691.0782176796591,3.8322375678404517,1.7530000000000001,0.022925966720533063,1.7530000000000001,0.0,0.022917651,1.5
3.8345483214809444,1.1444430902499105,1.5,692.077602154774,3.830388695902184,1.7540000000000002,0.0229259667961542,1.754,0.0,0.022917651,1.5
3.8343321501824366,1.1456854247766328,1.5,693.0809124168591,3.8285299114069793,1.7550000000000001,0.022925966871775335,1.7550000000000001,0.0,0.022917651,1.5
3.8341124395714385,1.1469261383735787,1.5,694.0896739605068,3.8266585916621594,1.756,0.02292596694739647,1.756,0.0,0.022917651,1.5
3.833889957446468,1.1481665182995364,1.5,695.10296694034,3.824776519739136,1.7570000000000001,0.022925967023017607,1.7570000000000001,0.0,0.022917651,1.5
3.833663729720592,1.1494067557949168,1.5,696.1217383211314,3.822879606689937,1.7580000000000002,0.02292596709863874,1.758,0.0,0.022917651,1.5
3.833432795269737,1.1506464611895724,1.5,697.146898217051,3.820964397268355,1.7590000000000001,0.022925967174259876,1.7590000000000001,0.0,0.022917651,1.5
3.8331991572637736,1.1518862520562345,1.5,698.1770471591267,3.819038288720433,1.76,0.02292596724988101,1.76,0.0,0.022917651,1.5
3.8329598354939223,1.1531228082448248,1.5,699.2239861038053,3.8170926852130584,1.7610000000000003,0.022925967325502145,1.7610000000000001,0.0,0.022917651,1.5
3.83271803686765,1.1543598284485392,1.5,700.2743901510057,3.8151367102873404,1.7620000000000002,0.02292596740112328,1.762,0.0,0.022917651,1.5
3.8324721796486347,1.155593647213546,1.5,701.3284778917961,3.813167693696745,1.7630000000000001,0.022925967476744417,1.7630000000000001,0.0,0.022917651,1.5
3.8322235270576304,1.1568272085117257,1.5,702.3860873811004,3.8111877509606638,1.7640000000000002,0.022925967552365555,1.764,0.0,0.022917651,1.5
3.83196957605078,1.1580606010600565,1.5,703.4498593772062,3.809186787160643,1.7650000000000003,0.02292596762798669,1.7650000000000001,0.0,0.022917651,1.5
3.8317111612053076,1.1592940543257915,1.5,704.5190240674907,3.8071679098284696,1.7660000000000005,0.022925967703607823,1.766,0.0,0.022917651,1.5
3.8314533038265095,1.1605268364897259,1.5,705.5917345791307,3.8051519328709893,1.7670000000000001,0.022925967779228958,1.7670000000000001,0.0,0.022917651,1.5
3.8311966879018393,1.1617586149285162,1.5,706.6679650186612,3.8031419247633997,1.7680000000000002,0.022925967854850092,1.768,0.0,0.022917651,1.5
3.830937969879278,1.1629900649580922,1.5,707.7484692636086,3.80112383945335,1.7690000000000003,0.02292596793047123,1.7690000000000001,0.0,0.022917651,1.5
3.830678607588228,1.164219641869793,1.5,708.8342294819578,3.7991050583742263,1.77,0.022925968006092364,1.77,0.0,0.022917651,1.5
3.830415780693864,1.1654490667612158,1.5,709.9238203021396,3.7970725699410743,1.7710000000000001,0.022925968081713502,1.7710000000000001,0.0,0.022917651,1.5
3.8301434115362296,1.1666724194884024,1.5,711.0175010429066,3.795007971930689,1.772,0.022925968157334636,1.772,0.0,0.022917651,1.5
3.8298679846626746,1.1678961344476526,1.5,712.1150760598674,3.792930780778184,1.773,0.022925968232955767,1.7730000000000001,0.0,0.022917651,1.5
3.8295873636954987,1.1691179239962246,1.5,713.2201773813474,3.7908347382187415,1.774,0.0229259683085769,1.774,0.0,0.022917651,1.5
3.8293036470434814,1.1703400464492846,1.5,714.3293284972981,3.7887259799012263,1.7750000000000004,0.02292596838419804,1.7750000000000001,0.0,0.022917651,1.5
3.8290151155452783,1.1715605673897695,1.5,715.4706666509677,3.7865995691740966,1.776,0.022925968459819174,1.776,0.0,0.022917651,1.5
3.828723271242854,1.1727812944489107,1.5,716.6191677872274,3.784459701491716,1.7770000000000001,0.022925968535440308,1.7770000000000001,0.0,0.022917651,1.5
3.828424761886693,1.1740006299132986,1.5,717.7743194716346,3.7822945708525717,1.778,0.022925968611061446,1.778,0.0,0.022917651,1.5
3.828122626027872,1.1752201644081313,1.5,718.9347168096198,3.7801147359446774,1.7790000000000001,0.022925968686682577,1.7790000000000001,0.0,0.022917651,1.5
3.8278139975489833,1.1764385761691223,1.5,720.103652839421,3.7779100426562864,1.78,0.022925968762303718,1.78,0.0,0.022917651,1.5
3.8275017717428512,1.1776572798203129,1.5,721.2778173007648,3.775690667311144,1.7810000000000001,0.022925968837924852,1.7810000000000001,0.0,0.022917651,1.5
3.8271953656315256,1.1788738098118687,1.5,722.4665262467686,3.7734967568716,1.782,0.022925968913545987,1.782,0.0,0.022917651,1.5
3.8268857947906927,1.1800907745097147,1.5,723.6599398489271,3.771289752908982,1.7830000000000001,0.02292596898916712,1.7830000000000001,0.0,0.022917651,1.5
3.8265746745183327,1.1813055785497437,1.5,724.859556990492,3.7690787014464537,1.784,0.022925969064788256,1.784,0.0,0.022917651,1.5
3.8262596505440865,1.1825207576792334,1.5,726.0639103807902,3.766851660380365,1.7850000000000001,0.02292596914040939,1.7850000000000001,0.0,0.022917651,1.5
3.825938172536274,1.1837337425580534,1.5,727.2738184908291,3.7646009982489916,1.786,0.022925969216030524,1.786,0.0,0.022917651,1.5
3.8256122245557354,1.1849465049656507,1.5,728.4886038231263,3.762332677885066,1.7870000000000001,0.022925969291651662,1.7870000000000001,0.0,0.022917651,1.5
3.8252789528619098,1.18615568478098,1.5,729.7088071317601,3.760038643344472,1.788,0.0229259693672728,1.788,0.0,0.022917651,1.5
3.8249399258169485,1.1873629499443266,1.5,730.933825747054,3.757723502776911,1.7890000000000001,0.022925969442893934,1.7890000000000001,0.0,0.022917651,1.5
3.8245925491559967,1.1885650159233023,1.5,732.1636865640262,3.755380164424302,1.79,0.02292596951851507,1.79,0.0,0.022917651,1.5
3.8242397095916,1.1897664580071272,1.5,733.3990356203466,3.7530155999567922,1.7910000000000001,0.022925969594136206,1.7910000000000001,0.0,0.022917651,1.5
3.8238813401396334,1.1909672601003445,1.5,734.6399193501849,3.750629557705893,1.792,0.02292596966975734,1.792,0.0,0.022917651,1.5
3.8235226998784047,1.1921677295533453,1.5,735.904194674036,3.7482427612508826,1.793,0.022925969745378475,1.793,0.0,0.022917651,1.5
3.8231615516715713,1.1933683353188338,1.5,737.1812800514286,3.74584579518774,1.794,0.022925969820999606,1.794,0.0,0.022917651,1.5
3.8228069669122724,1.1945700283170546,1.5,738.47696856855,3.7434739956711365,1.7950000000000002,0.022925969896620744,1.795,0.0,0.022917651,1.5
3.8224485204273146,1.1957721041394824,1.5,739.7823923032837,3.741086367496531,1.796,0.022925969972241878,1.796,0.0,0.022917651,1.5
3.8220818029981167,1.1969736347641395,1.5,741.1115762049138,3.738666206700005,1.797,0.022925970047863013,1.797,0.0,0.022917651,1.5
3.821709707511666,1.1981757021795971,1.5,742.4483747922945,3.7362239988458614,1.798,0.02292597012348415,1.798,0.0,0.022917651,1.5
3.821331806228449,1.199378338696433,1.5,743.7933605180739,3.7337580016876277,1.799,0.022925970199105285,1.799,0.0,0.022917651,1.5
3.8209477602594704,1.200580607390818,1.5,745.1448760038722,3.731267784249955,1.8000000000000003,0.02292597027472642,1.8,0.0,0.022917651,1.5
3.8206507411841764,1.2016876022559062,1.5,746.2245712099043,3.7292075192713003,1.8010000000000002,0.02292597023719052,1.801,0.0,0.022917651,1.5
3.8203470005385314,1.2027895626667344,1.5,747.3078514618765,3.727125400918791,1.802,0.022925970199654616,1.802,0.0,0.022917651,1.5
3.820039489975863,1.203890301653929,1.5,748.3947492980068,3.7250294240171495,1.8030000000000002,0.022925970162118718,1.803,0.0,0.022917651,1.5
3.8197300370849434,1.20499148025217,1.5,749.4860230257453,3.7229252447883945,1.8040000000000003,0.02292597012458282,1.804,0.0,0.022917651,1.5
3.819418460451399,1.206093357383729,1.5,750.5813347998591,3.7208118743441494,1.8050000000000002,0.022925970087046915,1.805,0.0,0.022917651,1.5
3.819122009440527,1.2071963598344018,1.5,751.6833812543707,3.718757882041019,1.806,0.02292597004951101,1.806,0.0,0.022917651,1.5
3.8188291099249048,1.2083003184422894,1.5,752.7905436567133,3.7167171397596315,1.807,0.022925970011975112,1.807,0.0,0.022917651,1.5
3.818534483155719,1.2094048532634285,1.5,753.9025920529298,3.714668914220086,1.808,0.022925969974439218,1.808,0.0,0.022917651,1.5
3.8182377794895643,1.210510115985461,1.5,755.0192107249561,3.7126116544040357,1.809,0.022925969936903313,1.809,0.0,0.022917651,1.5
3.8179385750504804,1.2116183385317436,1.5,756.1523185469946,3.7105414282912523,1.8100000000000003,0.02292596989936741,1.81,0.0,0.022917651,1.5
3.817636876589636,1.2127291006727539,1.5,757.2988190092525,3.708458683667301,1.811,0.022925969861831513,1.811,0.0,0.022917651,1.5
3.8173322369019766,1.2138433669532824,1.5,758.4628821708176,3.7063606650456844,1.8119999999999998,0.02292596982429561,1.812,0.0,0.022917651,1.5
3.8170247319440556,1.2149611700601421,1.5,759.6439625095142,3.704247644054911,1.8129999999999997,0.02292596978675971,1.813,0.0,0.022917651,1.5
3.8167144078335546,1.2160817015364562,1.5,760.8296738846952,3.702120622304056,1.814,0.022925969749223812,1.814,0.0,0.022917651,1.5
3.8164012064220896,1.2172052352272027,1.5,762.0201587836722,3.699979093736143,1.8150000000000002,0.022925969711687907,1.815,0.0,0.022917651,1.5
3.816085986225248,1.2183321328458554,1.5,763.214919634545,3.6978261285959393,1.8160000000000003,0.022925969674152006,1.816,0.0,0.022917651,1.5
3.8157688818282263,1.2194629524310354,1.5,764.4141310296222,3.695661707205297,1.817,0.022925969636616108,1.817,0.0,0.022917651,1.5
3.8154567979521525,1.220595698288676,1.5,765.6190819994818,3.693515439748736,1.818,0.022925969599080206,1.818,0.0,0.022917651,1.5
3.815151078099484,1.2217307013336194,1.5,766.8303098253143,3.6913923696400186,1.8190000000000002,0.022925969561544305,1.819,0.0,0.022917651,1.5
3.814850375995975,1.2228709051188875,1.5,768.0493475124873,3.689284166770907,1.8200000000000003,0.022925969524008407,1.82,0.0,0.022917651,1.5
3.8145583581152955,1.2240182307401395,1.5,769.2786400235005,3.6872035738747666,1.8210000000000004,0.02292596948647251,1.821,0.0,0.022917651,1.5
3.8142646738901,1.2251703032784385,1.5,770.5133334602152,3.685111571869083,1.822,0.0229259694489366,1.822,0.0,0.022917651,1.5
3.813970716592082,1.226332714414022,1.5,771.7545696165416,3.683008148685046,1.8229999999999997,0.022925969411400703,1.823,0.0,0.022917651,1.5
3.8136749642462524,1.2274994772667551,1.5,773.0044714033863,3.6808931922554375,1.8240000000000003,0.022925969373864805,1.824,0.0,0.022917651,1.5
3.8133810500027394,1.22868450069279,1.5,774.2869043253617,3.6787673187102667,1.8249999999999997,0.0229259693363289,1.825,0.0,0.022917651,1.5
3.8130849611151167,1.229872289865058,1.5,775.5739428225075,3.6766299809329808,1.8260000000000003,0.022925969298792995,1.826,0.0,0.022917651,1.5
3.8127924256580807,1.2310837883315078,1.5,776.8826134769412,3.6744831478461144,1.827,0.022925969261257097,1.827,0.0,0.022917651,1.5
3.812498073310012,1.2322990994079936,1.5,778.1961442384224,3.672325234915081,1.828,0.0229259692237212,1.828,0.0,0.022917651,1.5
3.812208357389097,1.233539222974038,1.5,779.5175683389122,3.6701610594956007,1.829,0.022925969186185297,1.829,0.0,0.022917651,1.5
3.811918372207977,1.2347878831083208,1.5,780.8443084848819,3.6679872711632027,1.83,0.022925969148649396,1.83,0.0,0.022917651,1.5
3.811638396508708,1.2360661797271257,1.5,782.1905042278141,3.665823883997989,1.8310000000000002,0.022925969111113494,1.831,0.0,0.022917651,1.5
3.8113637628137536,1.2373634949652343,1.5,783.5504999145354,3.6636628461112086,1.832,0.022925969073577593,1.832,0.0,0.022917651,1.5
3.8111017794494355,1.2386853842883234,1.5,784.9203579974467,3.661527833620872,1.8330000000000002,0.022925969036041695,1.833,0.0,0.022917651,1.5
3.8108612118786143,1.2400450581431683,1.5,786.3028553692862,3.6594406968375237,1.8339999999999999,0.022925968998505797,1.834,0.0,0.022917651,1.5
3.8106199861321084,1.2414113222056498,1.5,787.6916626598468,3.657344337145138,1.8350000000000002,0.022925968960969892,1.835,0.0,0.022917651,1.5
3.8104118313036257,1.2428752332058777,1.5,789.113890354634,3.6552826230887607,1.836,0.022925968923433994,1.836,0.0,0.022917651,1.5
3.8102084298230965,1.2443598448405218,1.5,790.545776603033,3.6532192227830853,1.8370000000000004,0.022925968885898092,1.837,0.0,0.022917651,1.5
3.8100181989930872,1.2458845281873074,1.5,792.0013565039869,3.651168432674734,1.838,0.02292596884836219,1.838,0.0,0.022917651,1.5
3.8098915661932917,1.2475713468070295,1.5,793.5501637164218,3.649209896509315,1.839,0.022925968810826293,1.839,0.0,0.022917651,1.5
3.8097683388776624,1.249273227961889,1.5,795.1079765866513,3.647249919786274,1.84,0.022925968773290388,1.84,0.0,0.022917651,1.5
3.809657522645378,1.2510059332517018,1.5,796.6883437435703,3.6453087630223187,1.841,0.02292596873575449,1.841,0.0,0.022917651,1.5
3.809621855834909,1.2528796134614875,1.5,798.3870097685437,3.6435272268714733,1.842,0.02292596869821859,1.842,0.0,0.022917651,1.5
3.809593032237327,1.2547742808487738,1.5,800.1019903403779,3.6417520763839,1.8430000000000002,0.022925968660682687,1.843,0.0,0.022917651,1.5
3.809583442385589,1.256710297089024,1.5,801.8313451021794,3.640012510263486,1.8440000000000003,0.022925968623146786,1.844,0.0,0.022917651,1.5
3.809613058932359,1.2587196611548752,1.5,803.573925945975,3.638356417491723,1.845,0.022925968585610884,1.845,0.0,0.022917651,1.5
3.8096514719187398,1.2607521900693073,1.5,805.336124366179,3.6367123456352966,1.8459999999999999,0.022925968548074986,1.846,0.0,0.022917651,1.5
3.8097330185344567,1.2628899800726527,1.5,807.1396681073425,3.635135556980734,1.8469999999999998,0.022925968510539088,1.847,0.0,0.022917651,1.5
3.809837071638181,1.2650821050814094,1.5,808.9721088934191,3.6335944630385235,1.8480000000000003,0.022925968473003183,1.848,0.0,0.022917651,1.5
3.809974936469729,1.2673575152238734,1.5,810.8654333519219,3.632105327055699,1.849,0.022925968435467285,1.849,0.0,0.022917651,1.5
3.8102006328088653,1.269848342156915,1.5,812.9072096187706,3.630752088050905,1.85,0.02292596839793138,1.85,0.0,0.022917651,1.5
3.810443134023834,1.2723779127691741,1.5,814.9844923466713,3.6294273253828107,1.851,0.022925968360395482,1.851,0.0,0.022917651,1.5
3.8108942990220247,1.2754441012364286,1.5,817.5328979941534,3.628400613150633,1.852,0.02292596832285958,1.852,0.0,0.022917651,1.5
3.811491429788015,1.2788598058716163,1.5,820.4027940142655,3.6276082403279126,1.853,0.02292596828532368,1.853,0.0,0.022917651,1.5
3.8123313640754315,1.2828555523377447,1.5,823.7865752903672,3.627207037857672,1.854,0.02292596824778778,1.854,0.0,0.022917651,1.5
3.813499979294574,1.2876190244558807,1.5,827.8245924826502,3.627352835162319,1.8550000000000002,0.02292596821025188,1.855,0.0,0.022917651,1.5
3.8152461103906044,1.2936900943617935,1.5,832.9043222055055,3.628501111751051,1.8560000000000003,0.02292596817271598,1.856,0.0,0.022917651,1.5
3.8178930310504295,1.301619383863872,1.5,839.5183677026854,3.6313943090741967,1.857,0.02292596813518008,1.857,0.0,0.022917651,1.5
3.8221335892213872,1.312738223609997,1.5,848.6920250626126,3.637472516273987,1.858,0.022925968097644175,1.858,0.0,0.022917651,1.5
3.8303781781150295,1.3318962413242763,1.5,863.955584692968,3.651527658413492,1.859,0.022925968060108277,1.859,0.0,0.022917651,1.5
3.852870191107321,1.3856646820023235,1.5,888.4716698734404,3.687962092395091,1.86,0.022925968022572372,1.86,0.0,0.022917651,1.5
3.820280443833072,1.383918226646206,1.5,894.1135281800324,3.559584364546523,1.861,0.022925967985036474,1.861,0.0,0.022917651,1.5
3.8009850126939693,1.385194613015027,1.5,899.4035215612531,3.4813610595720275,1.862,0.022925967957937908,1.862,0.0,0.022917651,1.5
3.78853136437256,1.375900698464958,1.5,904.6984382260769,3.441075188077202,1.863,0.02292596803664316,1.863,0.0,0.022917651,1.5
3.7774023891234334,1.3593917286584667,1.5,910.0410473586921,3.4133030760799383,1.864,0.022925969470390366,1.864,0.0,0.022917651,1.5
3.7655824056192553,1.3323875756280472,1.5,915.3000835046445,3.393262102826348,1.8650000000000002,0.022925992379620022,1.865,0.0,0.022917651,1.5
3.7520148308030046,1.2878817878643884,1.5,920.2762866544398,3.3837323989423296,1.8660000000000003,0.022926637086424936,1.866,0.0,0.022917651,1.5
3.7363767568911777,1.2243656538069039,1.5,924.7028855866673,3.384931040939775,1.8669999999999998,0.022941568510887134,1.867,0.0,0.022917651,1.5
3.721106502114016,1.177952749627577,1.5,928.5046751038849,3.370497750900475,1.8679999999999999,0.02304733506964336,1.868,0.0,0.022917651,1.5
3.707958199490396,1.1760940821212853,1.5,932.1507046903482,3.3199980158678857,1.8690000000000002,0.02344303174594056,1.869,0.0,0.022917651,1.5
3.6977014078369903,1.2291679413257384,1.5,935.9193341139015,3.2261318144367475,1.8699999999999999,0.024178965839979753,1.87,0.0,0.022917651,1.5
3.6908094830152542,1.314762194883628,1.5,940.2098676134708,3.1132046578590837,1.871,0.02545445486267015,1.871,0.0,0.022917651,1.5
3.6849129797944276,1.4073024059933952,1.5,945.450076665236,2.997313245527339,1.8720000000000003,0.026926126754112264,1.872,0.0,0.022917651,1.5
3.679192041175507,1.5023275721596456,1.5,951.9896213118708,2.87963912784399,1.873,0.02837698426540886,1.873,0.0,0.022917651,1.5
3.6733966292698828,1.5979866848153876,1.5,960.2156175175282,2.7610331912645965,1.8740000000000003,0.02980078616406839,1.874,0.0,0.022917651,1.5
3.6675354376494944,1.6937922272196306,1.5,970.5636247945249,2.64201769366324,1.875,0.032192177895862595,1.875,0.0,0.022917651,1.5
3.6613915383101716,1.7918757716438705,1.5,983.6196778654873,2.5195933640552517,1.8760000000000001,0.034181896363974944,1.8760000000000001,0.0,0.022917651,1.5
3.6546465175017904,1.8941502008224944,1.5,1000.2423648850493,2.3905736482378037,1.8770000000000002,0.035337447477685455,1.877,0.0,0.022917651,1.5
3.6475882047956265,1.9976657332796595,1.5,1021.5890213926123,2.2590596806239263,1.8780000000000001,0.03585078447093687,1.8780000000000001,0.0,0.022917651,1.5
3.6421231799531695,2.0764406149178063,1.5,1048.836962396293,2.1586595206547736,1.8790000000000002,0.03591612171483219,1.879,0.0,0.022917651,1.5
3.6370549222125614,2.147384164281478,1.5,1081.2787817611272,2.067677750335082,1.8800000000000001,0.0359276108039718,1.8800000000000001,0.0,0.022917651,1.5
3.642714241084824,2.0722425841919043,1.5,1118.6736218149688,2.1656914150754973,1.8810000000000002,0.035939099893111406,1.881,0.0,0.022917651,1.5
3.6514928320898603,1.9549835378391633,1.5,1154.1281202110727,2.318299641262521,1.8820000000000003,0.03595058898225103,1.8820000000000001,0.0,0.022917651,1.5
3.648455038591824,1.9992671428832134,1.5,1200.0363942000047,2.2620996666853697,1.883,0.03596207807139064,1.883,0.0,0.022917651,1.5
3.6421246634756574,2.088942242902529,1.5,1257.8634309096024,2.1473378866570334,1.8840000000000003,0.035973567160530254,1.8840000000000001,0.0,0.022917651,1.5
3.635741006349369,2.177820482642199,1.5,1335.6894386384129,2.0331598206609067,1.885,0.03598505624966987,1.885,0.0,0.022917651,1.5
3.6290025586384047,2.270825703450566,1.5,1441.6742164414857,1.9134356113523128,1.8860000000000001,0.035996545338809485,1.8860000000000001,0.0,0.022917651,1.5
3.6215190968712347,2.3721416906179247,1.5,1589.324778461796,1.7824205898054002,1.887,0.03600803442794909,1.887,0.0,0.022917651,1.5
3.6129634217404534,2.486690783475748,1.5,1802.5513518330883,1.6338836276669084,1.8880000000000003,0.03601952351708871,1.8880000000000001,0.0,0.022917651,1.5
3.602586003124668,2.6211023194718153,1.5,2127.7861259599777,1.4581972158658734,1.8890000000000002,0.03603101260622832,1.889,0.0,0.022917651,1.5
3.589532791289981,2.7858441475387377,1.5,2666.78044651708,1.2414773491687028,1.8900000000000001,0.036042501695367934,1.8900000000000001,0.0,0.022917651,1.5
