log_Teff,LogL_lsun,Age_gyr,Step,Log_g,Mass_msun,feh,Mass_input,Metallicity_input,Z_used,Age_input
3.5412207656678065,-1.9091058355329147,11.5,328.15138868599337,4.943894985409271,0.3,0.027865335493712423,0.3,0.0,0.022917651,11.5
3.541372272099021,-1.9066577366477033,11.5,328.1206523367546,4.943302299280822,0.301,0.027833119825096956,0.301,0.0,0.022917651,11.5
3.5415238237255817,-1.9042098097709428,11.5,328.08750026349,4.942709965954311,0.302,0.02780068518958832,0.302,0.0,0.022917651,11.5
3.5416754208207233,-1.9017620559425392,11.5,328.05191786152017,4.94211798756266,0.30299999999999994,0.0277680302633841,0.303,0.0,0.022917651,11.5
3.54182706365989,-1.8993144762107999,11.5,328.0138904082008,4.941526366256023,0.30400000000000005,0.02773515371198928,0.304,0.0,0.022917651,11.5
3.541978752520753,-1.8968670716325151,11.5,327.97340306172964,4.940935104201957,0.305,0.027702054190108096,0.305,0.0,0.022917651,11.5
3.5421304876832393,-1.8944198432730468,11.5,327.9304408599387,4.940344203585596,0.30600000000000005,0.02766873034153453,0.306,0.0,0.022917651,11.5
3.542282269429546,-1.891972792206414,11.5,327.88498871907126,4.939753666609829,0.307,0.027635180799041478,0.307,0.0,0.022917651,11.5
3.542434098044171,-1.889525919515381,11.5,327.83703143254417,4.939163495495492,0.308,0.02760140418426858,0.308,0.0,0.022917651,11.5
3.5425859738139334,-1.8870792262915488,11.5,327.78655366969554,4.938573692481531,0.309,0.02756739910760867,0.309,0.0,0.022917651,11.5
3.542737897027996,-1.8846327136354402,11.5,327.7335399745163,4.937984259825203,0.30999999999999994,0.02753316416809282,0.31,0.0,0.022917651,11.5
3.5428898679778924,-1.8821863826565977,11.5,327.67797476436635,4.9373951998022605,0.311,0.027498697953273983,0.311,0.0,0.022917651,11.5
3.543041886957548,-1.8797402344736718,11.5,327.6198423286754,4.936806514707137,0.312,0.027463999039109198,0.312,0.0,0.022917651,11.5
3.543193954263308,-1.8772942702145157,11.5,327.55912682762727,4.936218206853143,0.313,0.027429065989840375,0.313,0.0,0.022917651,11.5
3.5433460701939588,-1.8748484910162797,11.5,327.4958122908278,4.935630278572656,0.314,0.027393897357873533,0.314,0.0,0.022917651,11.5
3.5434982350507562,-1.8724028980255092,11.5,327.42988261595735,4.935042732217324,0.31499999999999995,0.027358491683656602,0.315,0.0,0.022917651,11.5
3.54365044913745,-1.8699574923982392,11.5,327.36132156740456,4.934455570158262,0.316,0.027322847495555715,0.316,0.0,0.022917651,11.5
3.543802712760307,-1.867512275300094,11.5,327.2901127748852,4.933868794786249,0.317,0.027286963309729878,0.317,0.0,0.022917651,11.5
3.543955026228144,-1.865067247906387,11.5,327.2162397320424,4.93328240851194,0.318,0.027250837630004205,0.318,0.0,0.022917651,11.5
3.544107389852346,-1.8626224114022216,11.5,327.13968579503023,4.932696413766066,0.319,0.02721446894774145,0.319,0.0,0.022917651,11.5
3.544259803946899,-1.8601777669825932,11.5,327.06043418107924,4.932110812999654,0.32,0.027177855741711988,0.32,0.0,0.022917651,11.5
3.5444122688284163,-1.8577333158524914,11.5,326.97846796704334,4.9315256086842245,0.32099999999999995,0.02714099647796218,0.321,0.0,0.022917651,11.5
3.544564784816162,-1.8552890592270066,11.5,326.89377008792974,4.930940803312016,0.322,0.027103889609681037,0.322,0.0,0.022917651,11.5
3.544717352232085,-1.8528449983314355,11.5,326.8063233354093,4.930356399396203,0.323,0.02706653357706523,0.323,0.0,0.022917651,11.5
3.5448699714008423,-1.8504011344013884,11.5,326.71611035630843,4.929772399471113,0.32400000000000007,0.027028926807182403,0.324,0.0,0.022917651,11.5
3.5450226426498292,-1.8479574686828963,11.5,326.62311365108224,4.929188806092446,0.325,0.026991067713832737,0.325,0.0,0.022917651,11.5
3.5451753663092096,-1.845514002432525,11.5,326.5273155722674,4.92860562183751,0.32600000000000007,0.02695295469740877,0.326,0.0,0.022917651,11.5
3.5453281427119436,-1.8430707369174817,11.5,326.4286983229167,4.9280228493054405,0.327,0.026914586144753443,0.327,0.0,0.022917651,11.5
3.545480972193816,-1.8406276734157312,11.5,326.3272439550123,4.927440491117437,0.328,0.026875960429016313,0.328,0.0,0.022917651,11.5
3.545633855093471,-1.8381848132161105,11.5,326.2229343678596,4.926858549916999,0.329,0.026837075909507953,0.329,0.0,0.022917651,11.5
3.5457867917524375,-1.835742157618442,11.5,326.11575130646025,4.926277028370158,0.33,0.026797930931552492,0.33,0.0,0.022917651,11.5
3.545939782515163,-1.8332997079336542,11.5,326.00567635986454,4.925695929165721,0.33100000000000007,0.026758523826338258,0.331,0.0,0.022917651,11.5
3.546092827729042,-1.830857465483896,11.5,325.89269095950243,4.925115255015518,0.33199999999999996,0.026718852910766488,0.332,0.0,0.022917651,11.5
3.546245927744453,-1.828415431602663,11.5,325.77677637749304,4.924535008654642,0.333,0.026678916487298133,0.333,0.0,0.022917651,11.5
3.5463990829147845,-1.8259736076349142,11.5,325.6579137249325,4.923955192841703,0.3340000000000001,0.026638712843798623,0.334,0.0,0.022917651,11.5
3.5465522935964704,-1.823531994937198,11.5,325.53608395015976,4.923375810359081,0.3350000000000001,0.02659824025338071,0.335,0.0,0.022917651,11.5
3.5467055601490225,-1.821090594877777,11.5,325.41126783699957,4.9227968640131845,0.336,0.026557496974245174,0.336,0.0,0.022917651,11.5
3.546858882935063,-1.818649408836754,11.5,325.283446002983,4.922218356634704,0.3370000000000001,0.026516481249519573,0.337,0.0,0.022917651,11.5
3.547012262320363,-1.816208438206202,11.5,325.15259889754475,4.921640291078883,0.338,0.02647519130709479,0.338,0.0,0.022917651,11.5
3.547165310864101,-1.8137811012286367,11.5,325.0363785033609,4.92107453599251,0.339,0.026433888143736022,0.339,0.0,0.022917651,11.5
3.547318365700621,-1.811355265475824,11.5,324.91954825860364,4.920510307318162,0.34,0.026392383650902615,0.34,0.0,0.022917651,11.5
3.5474714765546396,-1.8089292069587117,11.5,324.7998452912792,4.919946079943187,0.341,0.02635064374716316,0.341,0.0,0.022917651,11.5
3.5476246442735113,-1.8065029223076314,11.5,324.6772261468479,4.919381853887235,0.342,0.026308664871549894,0.342,0.0,0.022917651,11.5
3.5477778697217652,-1.8040764080846092,11.5,324.5516464899029,4.918817629170362,0.3430000000000001,0.026266443390910582,0.343,0.0,0.022917651,11.5
3.5479311537815494,-1.8016496607816241,11.5,324.4230610817352,4.918253405813029,0.344,0.026223975598070198,0.34400000000000003,0.0,0.022917651,11.5
3.5480844973530727,-1.7992226768188175,11.5,324.29142375721204,4.917689183836121,0.3450000000000001,0.026181257709936012,0.34500000000000003,0.0,0.022917651,11.5
3.5482379013550767,-1.7967954525426413,11.5,324.15668740093884,4.917124963260943,0.3460000000000001,0.0261382858655443,0.34600000000000003,0.0,0.022917651,11.5
3.54839136672531,-1.794367984223955,11.5,324.01880392268333,4.91656074410925,0.34700000000000003,0.026095056124046292,0.34700000000000003,0.0,0.022917651,11.5
3.5485448944210276,-1.7919402680560592,11.5,323.87772423203194,4.915996526403247,0.3480000000000001,0.026051564462631408,0.34800000000000003,0.0,0.022917651,11.5
3.548698485419493,-1.7895123001526683,11.5,323.7333982122516,4.915432310165601,0.3490000000000001,0.026007806774385307,0.34900000000000003,0.0,0.022917651,11.5
3.5488521407185116,-1.7870840765458216,11.5,323.58577469332783,4.914868095419456,0.35000000000000003,0.02596377886608041,0.35000000000000003,0.0,0.022917651,11.5
3.5490058613369704,-1.7846555931837234,11.5,323.43480142414774,4.914303882188448,0.35100000000000003,0.025919476455896418,0.35100000000000003,0.0,0.022917651,11.5
3.549159648315395,-1.7822268459285202,11.5,323.28042504379783,4.913739670496711,0.35200000000000004,0.025874895171068214,0.352,0.0,0.022917651,11.5
3.5493135027165312,-1.7797978305540014,11.5,323.122591051941,4.913175460368898,0.35300000000000004,0.02583003054545839,0.353,0.0,0.022917651,11.5
3.5494674256259398,-1.7773685427432304,11.5,322.9612437782413,4.912611251830189,0.35400000000000004,0.02578487801705167,0.354,0.0,0.022917651,11.5
3.54962141815261,-1.774938978086094,11.5,322.7963263507973,4.9120470449063065,0.355,0.025739432925368143,0.355,0.0,0.022917651,11.5
3.549775481429598,-1.7725091320767774,11.5,322.627780663549,4.911482839623534,0.356,0.025693690508792333,0.356,0.0,0.022917651,11.5
3.549929616614684,-1.7700790001111542,11.5,322.45554734261776,4.910918636008727,0.357,0.02564764590181486,0.357,0.0,0.022917651,11.5
3.5500838248910442,-1.7676485774840873,11.5,322.27956571153794,4.910354434089329,0.358,0.025601294132183303,0.358,0.0,0.022917651,11.5
3.550238107467959,-1.7652178593866474,11.5,322.0997737553388,4.909790233893393,0.35900000000000004,0.025554630117958804,0.359,0.0,0.022917651,11.5
3.550392465581531,-1.7627868409032323,11.5,321.916108083431,4.909226035449588,0.36,0.025507648664474736,0.36,0.0,0.022917651,11.5
3.5505469004954375,-1.7603555170085947,11.5,321.7285038912516,4.908661838787228,0.361,0.025460344461193597,0.361,0.0,0.022917651,11.5
3.550701413501698,-1.7579238825647656,11.5,321.5368949206179,4.908097643936281,0.36200000000000004,0.025412712078458178,0.362,0.0,0.022917651,11.5
3.5508560059214775,-1.7554919323178777,11.5,321.3412134187404,4.907533450927393,0.363,0.025364745964132768,0.363,0.0,0.022917651,11.5
3.551010679105914,-1.7530596608948792,11.5,321.14139009584096,4.906969259791907,0.36400000000000005,0.025316440440130098,0.364,0.0,0.022917651,11.5
3.551165434436968,-1.7506270628001332,11.5,320.93735408132085,4.906405070561876,0.365,0.025267789698819418,0.365,0.0,0.022917651,11.5
3.551320273328313,-1.748194132411903,11.5,320.729032878419,4.905840883270092,0.366,0.025218787799310936,0.366,0.0,0.022917651,11.5
3.5514751972262437,-1.7457608639787137,11.5,320.51635231730205,4.905276697950103,0.36699999999999994,0.02516942866361166,0.367,0.0,0.022917651,11.5
3.551630207610629,-1.7433272516155887,11.5,320.2992365065208,4.904712514636236,0.368,0.02511970607264736,0.368,0.0,0.022917651,11.5
3.5517853059958875,-1.740893289300153,11.5,320.07760778276577,4.904148333363619,0.369,0.02506961366214526,0.369,0.0,0.022917651,11.5
3.551940493932001,-1.7384589708685994,11.5,319.8513866588537,4.903584154168204,0.37,0.025019144918371667,0.37,0.0,0.022917651,11.5
3.552095773005571,-1.7360242900115133,11.5,319.62049176987097,4.903019977086795,0.371,0.02496829317371853,0.371,0.0,0.022917651,11.5
3.5522511448408984,-1.7335892402695476,11.5,319.3848398173964,4.9024558021570686,0.37199999999999994,0.024917051602132763,0.372,0.0,0.022917651,11.5
3.552406611101115,-1.7311538150289403,11.5,319.14434551172525,4.901891629417602,0.37300000000000005,0.024865413214381606,0.373,0.0,0.022917651,11.5
3.5525621734893487,-1.7287180075168744,11.5,318.898921512008,4.9013274589078994,0.37399999999999994,0.024813370853147186,0.374,0.0,0.022917651,11.5
3.552717833749936,-1.7262818107966686,11.5,318.6484783642169,4.900763290668426,0.37500000000000006,0.024760917187943137,0.375,0.0,0.022917651,11.5
3.5528735936696716,-1.7238452177627879,11.5,318.3929244368484,4.900199124740624,0.37600000000000006,0.02470804470984548,0.376,0.0,0.022917651,11.5
3.55302945507911,-1.7214082211356776,11.5,318.13216585426164,4.899634961166956,0.377,0.024654745726030033,0.377,0.0,0.022917651,11.5
3.5531850478247766,-1.7189781533652742,11.5,317.8795446489741,4.899076651921912,0.378,0.024601449708288713,0.378,0.0,0.022917651,11.5
3.5533404668329287,-1.7165528111785047,11.5,317.63130662630067,4.898522373415669,0.379,0.024548035265041252,0.379,0.0,0.022917651,11.5
3.5534960033883864,-1.714126384528646,11.5,317.37679009318026,4.897967480637107,0.38,0.02449414921997586,0.38,0.0,0.022917651,11.5
3.553651661252708,-1.7116988387124503,11.5,317.11579413480047,4.8974119539292715,0.381,0.024439776481648207,0.381,0.0,0.022917651,11.5
3.5538074443496814,-1.709270137530017,11.5,316.84810917145074,4.896855772787454,0.382,0.024384901307761876,0.382,0.0,0.022917651,11.5
3.553963356774158,-1.7068402432032268,11.5,316.5735164863153,4.8962989158129995,0.38300000000000006,0.024329507269699183,0.383,0.0,0.022917651,11.5
3.5541194028014806,-1.7044091162887882,11.5,316.29178772204517,4.895741360664047,0.384,0.024273577214706774,0.384,0.0,0.022917651,11.5
3.5542755868975413,-1.701976715585469,11.5,316.00268434367365,4.89518308400299,0.385,0.024217093225553363,0.385,0.0,0.022917651,11.5
3.5544319137295126,-1.6995429980350567,11.5,315.7059570652224,4.894624061440365,0.386,0.024160036577459944,0.386,0.0,0.022917651,11.5
3.5545883881773195,-1.6971079186165434,11.5,315.40134523709975,4.8940642674749295,0.38700000000000007,0.024102387692085066,0.387,0.0,0.022917651,11.5
3.5547450153458993,-1.6946714302329988,11.5,315.088576191129,4.893503675429574,0.388,0.02404412608832755,0.388,0.0,0.022917651,11.5
3.554901800578326,-1.6922334835905204,11.5,314.7673645397466,4.892942257382758,0.38900000000000007,0.023985230329686653,0.389,0.0,0.022917651,11.5
3.5550587494698562,-1.689794027068619,11.5,314.4374114255856,4.8923799840950934,0.39,0.023925677967895593,0.39,0.0,0.022917651,11.5
3.5552158678829864,-1.6873530065813145,11.5,314.0984037172976,4.891816824930664,0.391,0.023865445482516758,0.391,0.0,0.022917651,11.5
3.5553731619636,-1.684910365428162,11.5,313.7500131470636,4.891252747772641,0.392,0.023804508216157063,0.392,0.0,0.022917651,11.5
3.5555306381583027,-1.682466044134345,11.5,313.3918953848039,4.890687718932712,0.393,0.02374284030492841,0.393,0.0,0.022917651,11.5
3.555688303233039,-1.6800199802788827,11.5,313.023689043596,4.890121703053767,0.3940000000000001,0.023680414603741033,0.394,0.0,0.022917651,11.5
3.555846164293117,-1.6775721083099158,11.5,312.6450146102645,4.889554663005271,0.395,0.023617202605976235,0.395,0.0,0.022917651,11.5
3.556004228804755,-1.6751223593459186,11.5,312.2554732944917,4.888986559770671,0.396,0.023553174357038797,0.396,0.0,0.022917651,11.5
3.55616250461829,-1.6726706609615687,11.5,311.8546457891105,4.888417352326097,0.397,0.023488298361238176,0.397,0.0,0.022917651,11.5
3.5563209999932046,-1.670216936956876,11.5,311.44209093348263,4.887846997509596,0.3980000000000001,0.023422541481389874,0.398,0.0,0.022917651,11.5
3.5564797236251313,-1.6677611071080287,11.5,311.0173442710029,4.887275449880004,0.399,0.02335586883046435,0.399,0.0,0.022917651,11.5
3.5566386846750286,-1.6653030868982344,11.5,310.5799164908163,4.886702661564484,0.4000000000000001,0.023288243654538736,0.4,0.0,0.022917651,11.5
3.556866335769962,-1.6626205426048661,11.5,310.74055973991784,4.885899821693004,0.401,0.023285100459921045,0.401,0.0,0.022917651,11.5
3.5570940013179464,-1.6599378823764266,11.5,310.9014206813272,4.885096923696463,0.4020000000000001,0.023281954232780785,0.402,0.0,0.022917651,11.5
3.557321681481431,-1.6572551049098176,11.5,311.06250176188166,4.884293966921542,0.403,0.023278804939032744,0.403,0.0,0.022917651,11.5
3.5575493764253117,-1.6545722088823398,11.5,311.22380546522606,4.883490950705093,0.404,0.02327565254407897,0.404,0.0,0.022917651,11.5
3.5577770863169715,-1.6518891929513217,11.5,311.3853343125073,4.882687874373955,0.405,0.023272497012799074,0.405,0.0,0.022917651,11.5
3.558004811326333,-1.6492060557537405,11.5,311.54709086308515,4.881884737244768,0.4060000000000001,0.023269338309540376,0.406,0.0,0.022917651,11.5
3.5582325516259017,-1.646522795905835,11.5,311.7090777152588,4.881081538623769,0.40700000000000003,0.023266176398107755,0.40700000000000003,0.0,0.022917651,11.5
3.5584603073908183,-1.6438394120027124,11.5,311.87129750701024,4.8802782778066,0.40800000000000003,0.023263011241753274,0.40800000000000003,0.0,0.022917651,11.5
3.5586880787989115,-1.641155902617939,11.5,312.0337529167648,4.879474954078112,0.4090000000000001,0.023259842803165637,0.40900000000000003,0.0,0.022917651,11.5
3.5589158660307416,-1.638472266303129,11.5,312.1964466641691,4.878671566712138,0.41000000000000003,0.0232566710444593,0.41000000000000003,0.0,0.022917651,11.5
3.559143669269663,-1.63578850158752,11.5,312.35938151088743,4.877868114971303,0.4110000000000001,0.023253495927163415,0.41100000000000003,0.0,0.022917651,11.5
3.5593714887018715,-1.6331046069775388,11.5,312.5225602614158,4.877064598106789,0.41200000000000003,0.023250317412210456,0.41200000000000003,0.0,0.022917651,11.5
3.5595993245164625,-1.630420580956357,11.5,312.68598576391594,4.876261015358121,0.41300000000000014,0.02324713545992464,0.41300000000000003,0.0,0.022917651,11.5
3.559827176905488,-1.627736421983437,11.5,312.8496609110683,4.875457365952938,0.41400000000000003,0.02324395003001001,0.41400000000000003,0.0,0.022917651,11.5
3.560055046064011,-1.6250521284940678,11.5,313.0135886409456,4.874653649106757,0.41500000000000004,0.02324076108153829,0.41500000000000004,0.0,0.022917651,11.5
3.5602829321901717,-1.6223676988988873,11.5,313.17777193790613,4.873849864022738,0.4160000000000001,0.023237568572936424,0.41600000000000004,0.0,0.022917651,11.5
3.56051083548524,-1.6196831315833964,11.5,313.34221383350945,4.873046009891438,0.4170000000000001,0.02323437246197383,0.417,0.0,0.022917651,11.5
3.560738756153683,-1.6169984249074596,11.5,313.50691740745265,4.8722420858905595,0.418,0.023231172705749356,0.418,0.0,0.022917651,11.5
3.560966694403229,-1.6143135772047934,11.5,313.67188578853,4.871438091184699,0.41899999999999993,0.02322796926067791,0.419,0.0,0.022917651,11.5
3.56119465044493,-1.611628586782445,11.5,313.8371221556155,4.870634024925079,0.42,0.02322476208247678,0.42,0.0,0.022917651,11.5
3.561422624493231,-1.6089434519202543,11.5,314.0026297386682,4.869829886249282,0.421,0.023221551126151607,0.421,0.0,0.022917651,11.5
3.561650616766034,-1.6062581708703065,11.5,314.1684118197631,4.869025674280974,0.42200000000000004,0.023218336345982058,0.422,0.0,0.022917651,11.5
3.5618786274847727,-1.6035727418563697,11.5,314.3344717341462,4.868221388129627,0.42299999999999993,0.023215117695507097,0.423,0.0,0.022917651,11.5
3.5621066568744855,-1.60088716307332,11.5,314.50081287131593,4.8674170268902275,0.42400000000000004,0.023211895127509947,0.424,0.0,0.022917651,11.5
3.562334705163881,-1.5982014326865488,11.5,314.6674386761303,4.866612589642977,0.425,0.023208668594002634,0.425,0.0,0.022917651,11.5
3.5625627725854234,-1.5955155488313633,11.5,314.83435264994245,4.865808075452996,0.42599999999999993,0.02320543804621023,0.426,0.0,0.022917651,11.5
3.562790859375402,-1.5928295096123621,11.5,315.00155835176275,4.865003483370008,0.42699999999999994,0.02320220343455457,0.427,0.0,0.022917651,11.5
3.563018965774015,-1.590143313102804,11.5,315.1690593994511,4.864198812428026,0.42800000000000005,0.023198964708637738,0.428,0.0,0.022917651,11.5
3.563247092025446,-1.5874569573439552,11.5,315.33685947093807,4.863394061645018,0.42899999999999994,0.023195721817225,0.429,0.0,0.022917651,11.5
3.5634752383779533,-1.5847704403444243,11.5,315.504962305477,4.862589230022586,0.42999999999999994,0.02319247470822737,0.43,0.0,0.022917651,11.5
3.5637034050839507,-1.5820837600794786,11.5,315.67337170492755,4.861784316545613,0.431,0.023189223328683752,0.431,0.0,0.022917651,11.5
3.5639315924000945,-1.579396914490342,11.5,315.8420915350708,4.860979320181911,0.432,0.023185967624742582,0.432,0.0,0.022917651,11.5
3.5641598005873765,-1.5767099014834778,11.5,316.0111257269592,4.860174239881867,0.433,0.023182707541643078,0.433,0.0,0.022917651,11.5
3.564388029911211,-1.5740227189298515,11.5,316.18047827829946,4.8593690745780735,0.434,0.023179443023695904,0.434,0.0,0.022917651,11.5
3.564616280641537,-1.5713353646641761,11.5,316.3501532548716,4.8585638231849435,0.435,0.023176174014263473,0.435,0.0,0.022917651,11.5
3.5648445224140466,-1.5686488359783823,11.5,316.52070750878977,4.857759361565731,0.43599999999999994,0.023172894367098074,0.436,0.0,0.022917651,11.5
3.565072786619089,-1.5659621267671122,11.5,316.69156309516853,4.856954809153101,0.43699999999999994,0.023169610431710144,0.437,0.0,0.022917651,11.5
3.565301073732302,-1.5632752295787484,11.5,316.8627216787166,4.8561501603978785,0.43800000000000006,0.023166322175623682,0.438,0.0,0.022917651,11.5
3.5655293840894107,-1.5605881416584213,11.5,317.0341876999608,4.855345413888133,0.439,0.02316302953551738,0.439,0.0,0.022917651,11.5
3.565757718032735,-1.5579008601971676,11.5,317.20596568662387,4.854540568184203,0.44,0.023159732446826526,0.44,0.0,0.022917651,11.5
3.56598607591135,-1.5552133823305931,11.5,317.3780602557751,4.8537356218180205,0.44100000000000006,0.023156430843712335,0.441,0.0,0.022917651,11.5
3.5662144580812525,-1.5525257051374999,11.5,317.5504761160454,4.852930573292406,0.44200000000000006,0.023153124659030376,0.442,0.0,0.022917651,11.5
3.5664428649055346,-1.5498378256384704,11.5,317.72321806990806,4.8521254210803395,0.443,0.023149813824298024,0.443,0.0,0.022917651,11.5
3.566671296754561,-1.5471497407944106,11.5,317.89629101602856,4.851320163624213,0.44399999999999995,0.02314649826966098,0.444,0.0,0.022917651,11.5
3.5668997540061533,-1.5444614475050487,11.5,318.069699951685,4.85051479933507,0.44500000000000006,0.02314317792385873,0.445,0.0,0.022917651,11.5
3.567128237045773,-1.5417729426073852,11.5,318.2434499752617,4.849709326591794,0.446,0.023139852714189012,0.446,0.0,0.022917651,11.5
3.567356746266726,-1.5390842228741028,11.5,318.4175462888196,4.848903743740317,0.447,0.023136522566471134,0.447,0.0,0.022917651,11.5
3.5675852820703526,-1.5363952850119196,11.5,318.5919942007453,4.848098049092752,0.44800000000000006,0.023133187405008238,0.448,0.0,0.022917651,11.5
3.5678138448662398,-1.5337061256598963,11.5,318.7667991284808,4.847292240926541,0.44900000000000007,0.023129847152548316,0.449,0.0,0.022917651,11.5
3.5680424350724333,-1.53101674138769,11.5,318.941966601339,4.846486317483556,0.45000000000000007,0.023126501730244137,0.45,0.0,0.022917651,11.5
3.568271053115655,-1.5283271286937539,11.5,319.1175022634063,4.845680276969172,0.451,0.023123151057611778,0.451,0.0,0.022917651,11.5
3.5684996994315314,-1.5256372840034778,11.5,319.2934118765362,4.84487411755132,0.452,0.023119795052488,0.452,0.0,0.022917651,11.5
3.5687283744648255,-1.5229472036672762,11.5,319.4697013234365,4.844067837359502,0.453,0.023116433630986182,0.453,0.0,0.022917651,11.5
3.568957078669679,-1.5202568839586084,11.5,319.6463766108554,4.8432614344837805,0.454,0.02311306670745091,0.454,0.0,0.022917651,11.5
3.5691858125098603,-1.5175663210719426,11.5,319.82344387286764,4.842454906973733,0.45500000000000007,0.023109694194411112,0.455,0.0,0.022917651,11.5
3.56941457645902,-1.514875511120649,11.5,320.00090937426637,4.841648252837372,0.456,0.02310631600253169,0.456,0.0,0.022917651,11.5
3.5696433710009576,-1.5121844501348314,11.5,320.1787795140637,4.840841470040034,0.457,0.023102932040563594,0.457,0.0,0.022917651,11.5
3.569872196629892,-1.5094931340590805,11.5,320.3570608291048,4.8400345565032294,0.458,0.023099542215292302,0.458,0.0,0.022917651,11.5
3.5701010538507463,-1.5068015587501635,11.5,320.53575999779855,4.839227510103456,0.459,0.023096146431484606,0.459,0.0,0.022917651,11.5
3.570329943179437,-1.504109719974632,11.5,320.7148838439714,4.8384203286709715,0.46,0.023092744591833674,0.46,0.0,0.022917651,11.5
3.5705588651431768,-1.5014176134063517,11.5,320.894439340846,4.837613009988536,0.461,0.02308933659690229,0.461,0.0,0.022917651,11.5
3.5707878202807835,-1.4987252346239552,11.5,321.07443361515317,4.8368055517900945,0.4620000000000001,0.02308592234506424,0.462,0.0,0.022917651,11.5
3.571016809143001,-1.4960325791082032,11.5,321.25487395137867,4.835997951759431,0.463,0.023082501732443753,0.463,0.0,0.022917651,11.5
3.5712458322928358,-1.493339642239264,11.5,321.4357677961528,4.835190207528781,0.464,0.02307907465285288,0.464,0.0,0.022917651,11.5
3.5714748903058933,-1.490646419293899,11.5,321.617122762787,4.83438231667737,0.4650000000000001,0.023075640997726833,0.465,0.0,0.022917651,11.5
3.5717039837707345,-1.4879529054425504,11.5,321.7989466359641,4.8335742767299426,0.466,0.023072200656057106,0.466,0.0,0.022917651,11.5
3.5719331132892473,-1.4852590957463363,11.5,321.9812473765869,4.832766085155206,0.467,0.02306875351432229,0.467,0.0,0.022917651,11.5
3.5721622794770194,-1.4825649851539375,11.5,322.16403312679296,4.831957739364242,0.468,0.023065299456416614,0.468,0.0,0.022917651,11.5
3.5723914829637335,-1.4798705684983806,11.5,322.34731221514204,4.8311492367088595,0.4690000000000001,0.02306183836357594,0.46900000000000003,0.0,0.022917651,11.5
3.5726207243935706,-1.4771758404937076,11.5,322.5310931619815,4.830340574479881,0.47000000000000003,0.023058370114301275,0.47000000000000003,0.0,0.022917651,11.5
3.572850004425636,-1.474480795731533,11.5,322.71538468499926,4.829531749905388,0.47100000000000003,0.023054894584279575,0.47100000000000003,0.0,0.022917651,11.5
3.5730793237343854,-1.4717854286774765,11.5,322.9001957049702,4.828722760148881,0.47200000000000003,0.023051411646301794,0.47200000000000003,0.0,0.022917651,11.5
3.573308683010081,-1.4690897336674753,11.5,323.0855353517048,4.827913602307396,0.47300000000000003,0.02304792117017808,0.47300000000000003,0.0,0.022917651,11.5
3.5735380829592533,-1.4663937049039606,11.5,323.27141297020773,4.827104273409547,0.47400000000000003,0.02304442302264993,0.47400000000000003,0.0,0.022917651,11.5
3.5737675243051856,-1.463697336451902,11.5,323.457838127056,4.826294770413494,0.47500000000000003,0.023040917067299247,0.47500000000000003,0.0,0.022917651,11.5
3.5739970077884133,-1.4610006222347094,11.5,323.64482061700494,4.825485090204845,0.4760000000000001,0.023037403164454167,0.47600000000000003,0.0,0.022917651,11.5
3.5742265341672392,-1.4583035560299868,11.5,323.8323704698319,4.824675229594477,0.47700000000000004,0.023033881171091404,0.47700000000000004,0.0,0.022917651,11.5
3.574456104218272,-1.4556061314651327,11.5,324.02049795742835,4.823865185316287,0.47800000000000004,0.023030350940735196,0.47800000000000004,0.0,0.022917651,11.5
3.574685718736981,-1.4529083420127795,11.5,324.20921360114903,4.823054954024847,0.4790000000000001,0.023026812323352436,0.47900000000000004,0.0,0.022917651,11.5
3.5749153785382735,-1.4502101809860684,11.5,324.3985281794324,4.82224453229299,0.48000000000000004,0.023023265165244073,0.48,0.0,0.022917651,11.5
3.575145084457089,-1.4475116415337455,11.5,324.58845273569995,4.821433916609288,0.481,0.0230197093089324,0.481,0.0,0.022917651,11.5
3.5753748373490217,-1.444812716635081,11.5,324.7789985865504,4.820623103375457,0.482,0.02301614459304426,0.482,0.0,0.022917651,11.5
3.5756046380909616,-1.442113399094595,11.5,324.970177330259,4.819812088903648,0.483,0.023012570852189815,0.483,0.0,0.022917651,11.5
3.5758344875817625,-1.4394136815365866,11.5,325.1620008555959,4.819000869413643,0.48400000000000004,0.02300898791683683,0.484,0.0,0.022917651,11.5
3.5760643867429307,-1.4367135563994557,11.5,325.3544813509787,4.818189441029948,0.485,0.02300539561318011,0.485,0.0,0.022917651,11.5
3.5762943365193505,-1.4340130159298106,11.5,325.54763131397254,4.817377799778772,0.486,0.023001793763006075,0.486,0.0,0.022917651,11.5
3.576524337880019,-1.4313120521763458,11.5,325.7414635611544,4.816565941584887,0.48700000000000004,0.022998182183552075,0.487,0.0,0.022917651,11.5
3.5767543918188314,-1.4286106569834887,11.5,325.9359912383568,4.815753862268375,0.488,0.022994560687360326,0.488,0.0,0.022917651,11.5
3.5769844993553797,-1.4259088219847966,11.5,326.13122783131024,4.81494155754124,0.489,0.02299092908212614,0.489,0.0,0.022917651,11.5
3.5772146615357894,-1.4232065385960981,11.5,326.3271871766991,4.814129023003899,0.49,0.022987287170540265,0.49,0.0,0.022917651,11.5
3.577444879433588,-1.420503798008363,11.5,326.52388347365377,4.813316254141517,0.49100000000000005,0.022983634750125045,0.491,0.0,0.022917651,11.5
3.5776751541506098,-1.417800591180291,11.5,326.7213312956959,4.812503246320222,0.492,0.022979971613064018,0.492,0.0,0.022917651,11.5
3.577905486817936,-1.4150969088306062,11.5,326.91954560316043,4.811689994783148,0.493,0.022976297546024857,0.493,0.0,0.022917651,11.5
3.5781358785968664,-1.4123927414300428,11.5,327.1185417561145,4.8108764946463225,0.49400000000000005,0.022972612329975075,0.494,0.0,0.022917651,11.5
3.5783663306799407,-1.4096880791930042,11.5,327.3183355277981,4.810062740894405,0.495,0.022968915739990416,0.495,0.0,0.022917651,11.5
3.578596844291994,-1.4069829120688886,11.5,327.5189431186109,4.809248728376229,0.496,0.02296520754505538,0.496,0.0,0.022917651,11.5
3.578827420691258,-1.404277229733055,11.5,327.72038117067024,4.80843445180018,0.497,0.02296148750785562,0.497,0.0,0.022917651,11.5
3.5790580611705054,-1.4015710215774206,11.5,327.92266678297,4.80761990572937,0.49800000000000005,0.022957755384561813,0.498,0.0,0.022917651,11.5
3.579288767058244,-1.3988642767006658,11.5,328.12581752716676,4.806805084576618,0.499,0.022954010924604522,0.499,0.0,0.022917651,11.5
3.5795195397199637,-1.396156983898032,11.5,328.3298514640255,4.805989982599233,0.5,0.02295025387043968,0.5,0.0,0.022917651,11.5
3.579837498268004,-1.3932142817862174,11.5,328.5973259702184,4.805110927460698,0.501,0.02295011380639007,0.501,0.0,0.022917651,11.5
3.5801555813255588,-1.390270647570097,11.5,328.8658638441838,4.804231438245774,0.5020000000000001,0.022949973063154248,0.502,0.0,0.022917651,11.5
3.5804737908926634,-1.3873260662769653,11.5,329.13548216715606,4.803351507981744,0.503,0.022949831629822226,0.503,0.0,0.022917651,11.5
3.5807921290124245,-1.3843805226117099,11.5,329.4061983881805,4.802471129545752,0.504,0.02294968949524907,0.504,0.0,0.022917651,11.5
3.58111059777218,-1.381434000948083,11.5,329.67803033406807,4.801590295660731,0.505,0.022949546648048578,0.505,0.0,0.022917651,11.5
3.5814291993047034,-1.3784864853196952,11.5,329.95099621967364,4.800708998891212,0.506,0.022949403076586695,0.506,0.0,0.022917651,11.5
3.581747935789447,-1.375537959410707,11.5,330.22511465851227,4.799827231638986,0.507,0.02294925876897475,0.507,0.0,0.022917651,11.5
3.582066809453825,-1.3725884065462175,11.5,330.50040467372594,4.798944986138638,0.508,0.022949113713062404,0.508,0.0,0.022917651,11.5
3.582385822574546,-1.3696378096823318,11.5,330.776885709414,4.798062254452909,0.509,0.022948967896430486,0.509,0.0,0.022917651,11.5
3.5827049774789748,-1.3666861513958968,11.5,331.0545776423418,4.79717902846792,0.51,0.022948821306383455,0.51,0.0,0.022917651,11.5
3.583024373822912,-1.363734212169427,11.5,331.3327231081323,4.796296487285094,0.511,0.022948670849686728,0.511,0.0,0.022917651,11.5
3.5833439200955275,-1.3607812006748716,11.5,331.61209366905564,4.795413473559112,0.512,0.022948519532399556,0.512,0.0,0.022917651,11.5
3.583663615675913,-1.3578270725223978,11.5,331.8927356088689,4.794529940417167,0.5130000000000001,0.022948367441163648,0.513,0.0,0.022917651,11.5
3.583983463124412,-1.3548718085634353,11.5,332.17467072931504,4.793645878952258,0.514,0.022948214562707254,0.514,0.0,0.022917651,11.5
3.5843034650602483,-1.3519153892090796,11.5,332.45792133348147,4.792761280052563,0.5150000000000001,0.022948060883453424,0.515,0.0,0.022917651,11.5
3.584623624163224,-1.3489577944173645,11.5,332.74251024029354,4.791876134395514,0.5160000000000001,0.022947906389511184,0.516,0.0,0.022917651,11.5
3.584943943175478,-1.3459990036800846,11.5,333.0284607995145,4.790990432441672,0.517,0.022947751066666435,0.517,0.0,0.022917651,11.5
3.585264424903319,-1.3430389960091618,11.5,333.3157969072724,4.790104164428387,0.5180000000000001,0.02294759490037246,0.518,0.0,0.022917651,11.5
3.5855850722191023,-1.3400777499225243,11.5,333.6045430221342,4.789217320363224,0.519,0.022947437875740176,0.519,0.0,0.022917651,11.5
3.5859058880631918,-1.337115243429487,11.5,333.89472418175166,4.788329890017168,0.52,0.022947279977527973,0.52,0.0,0.022917651,11.5
3.5862268754459814,-1.334151454015611,11.5,334.1863660201012,4.7874418629175715,0.521,0.022947121190131224,0.521,0.0,0.022917651,11.5
3.5865480374499943,-1.3311863586270158,11.5,334.479494785344,4.786553228340874,0.522,0.02294696149757143,0.522,0.0,0.022917651,11.5
3.586869377232055,-1.328219933654127,11.5,334.77413735833113,4.7856639753050265,0.5230000000000001,0.022946800883484945,0.523,0.0,0.022917651,11.5
3.587190898025541,-1.3252521549148293,11.5,335.07032127178235,4.784774092561665,0.5240000000000001,0.022946639331111292,0.524,0.0,0.022917651,11.5
3.587512603142721,-1.3222829976370085,11.5,335.36807473016694,4.783883568587983,0.525,0.022946476823281065,0.525,0.0,0.022917651,11.5
3.587834495977169,-1.3193124364404454,11.5,335.6674266303156,4.782992391578314,0.526,0.0229463133424034,0.526,0.0,0.022917651,11.5
3.5881565800062836,-1.316340445318041,11.5,335.96840658279774,4.782100549435398,0.5270000000000001,0.022946148870452925,0.527,0.0,0.022917651,11.5
3.588478858793883,-1.3133669976163422,11.5,336.2710449340934,4.781208029761319,0.528,0.022945983388956308,0.528,0.0,0.022917651,11.5
3.5888013359929123,-1.310392066015336,11.5,336.5753727895994,4.780314819848113,0.5290000000000001,0.022945816878978204,0.529,0.0,0.022917651,11.5
3.5891240153482467,-1.3074156225074829,11.5,336.88142203750175,4.779420906668008,0.5300000000000001,0.02294564932110677,0.53,0.0,0.022917651,11.5
3.589446900699598,-1.3044376383759497,11.5,337.18922537355627,4.778526276863305,0.5310000000000001,0.022945480695438537,0.531,0.0,0.022917651,11.5
3.5897700905431975,-1.3014582928630587,11.5,337.4980290226993,4.7776315035583945,0.532,0.02294530954346608,0.532,0.0,0.022917651,11.5
3.590093497711143,-1.2984773496155029,11.5,337.8086346786558,4.7767360018285565,0.533,0.022945137265695907,0.533,0.0,0.022917651,11.5
3.5904171235842925,-1.2954947712986917,11.5,338.12110104013203,4.775839739865963,0.5340000000000001,0.022944963883920238,0.534,0.0,0.022917651,11.5
3.590740972434308,-1.2925105259770953,11.5,338.4354644496971,4.7749427028220435,0.535,0.022944789376576066,0.535,0.0,0.022917651,11.5
3.591065048644826,-1.2895245808780635,11.5,338.7517622025607,4.77404487545901,0.536,0.022944613721535164,0.536,0.0,0.022917651,11.5
3.5913893567151476,-1.2865369023642166,11.5,339.070032577993,4.773146242137011,0.537,0.022944436896085434,0.537,0.0,0.022917651,11.5
3.5917139012640815,-1.283547455904735,11.5,339.3903148719972,4.77224678680079,0.538,0.022944258876911528,0.538,0.0,0.022917651,11.5
3.5920386870339347,-1.2805562060454987,11.5,339.712649431291,4.771346492965792,0.5390000000000001,0.022944079640074676,0.539,0.0,0.022917651,11.5
3.592363718894669,-1.277563116378018,11.5,340.037077688662,4.77044534370373,0.54,0.022943899160991717,0.54,0.0,0.022917651,11.5
3.592689001848227,-1.274568149507105,11.5,340.36364219975883,4.769543321627542,0.5410000000000001,0.022943717414413263,0.541,0.0,0.022917651,11.5
3.593014541033032,-1.27157126701722,11.5,340.69238668138826,4.7686404088757515,0.542,0.022943534374400984,0.542,0.0,0.022917651,11.5
3.5933403417286764,-1.2685724294374303,11.5,341.02335605139217,4.767736587096174,0.543,0.02294335001430394,0.543,0.0,0.022917651,11.5
3.593666409360802,-1.2655715962049172,11.5,341.3565964701767,4.766831837428943,0.544,0.02294316430673396,0.544,0.0,0.022917651,11.5
3.593992749506184,-1.262568725626956,11.5,341.6921553839783,4.7659261404888404,0.545,0.022942977223539936,0.545,0.0,0.022917651,11.5
3.594319367898034,-1.2595637748412976,11.5,342.0300815699499,4.765019476346874,0.546,0.0229427887357811,0.546,0.0,0.022917651,11.5
3.5946462704315203,-1.2565566997748716,11.5,342.37042518315775,4.76411182451107,0.547,0.022942598813699137,0.547,0.0,0.022917651,11.5
3.5949734985122497,-1.253547537953629,11.5,342.7129080260237,4.763203387527906,0.548,0.022942406800613335,0.548,0.0,0.022917651,11.5
3.5953010788997273,-1.2505362847525905,11.5,343.057401883549,4.762294267433456,0.549,0.02294221233750036,0.549,0.0,0.022917651,11.5
3.5956289633704523,-1.247522761136363,11.5,343.4044761828561,4.761384093217457,0.5500000000000002,0.022942016376735336,0.55,0.0,0.022917651,11.5
3.5959571585735897,-1.2445069174594545,11.5,343.7541873485598,4.760472841830213,0.551,0.022941818885570207,0.551,0.0,0.022917651,11.5
3.596285671353583,-1.24148870261833,11.5,344.10659346241397,4.759560489545076,0.552,0.022941619830295145,0.552,0.0,0.022917651,11.5
3.5966145087573764,-1.2384680639974899,11.5,344.4617543245971,4.758647011933418,0.553,0.02294141917620297,0.553,0.0,0.022917651,11.5
3.596943678041964,-1.2354449474131362,11.5,344.8197315177385,4.757732383838469,0.554,0.022941216887551994,0.554,0.0,0.022917651,11.5
3.5972731866822674,-1.2324192970543004,11.5,345.180588473828,4.756816579347991,0.555,0.02294101292752718,0.555,0.0,0.022917651,11.5
3.5976030423793866,-1.2293910554213028,11.5,345.5443905441631,4.755899571765695,0.556,0.022940807258199553,0.556,0.0,0.022917651,11.5
3.5979332530692125,-1.2263601632613919,11.5,345.91120507249394,4.754981333581372,0.557,0.022940599840483755,0.557,0.0,0.022917651,11.5
3.598263826931447,-1.2233265595014238,11.5,346.28110147154075,4.75406183643963,0.5580000000000002,0.022940390634093616,0.558,0.0,0.022917651,11.5
3.598594772399038,-1.22029018117741,11.5,346.65415130306263,4.753141051107178,0.559,0.022940179597495707,0.559,0.0,0.022917651,11.5
3.5989260981680578,-1.217250963360772,11.5,347.03042836167623,4.752218947438602,0.56,0.02293996668786066,0.56,0.0,0.022917651,11.5
3.599257813208045,-1.2142088390811139,11.5,347.4100087626257,4.751295494340497,0.5610000000000002,0.022939751861012277,0.561,0.0,0.022917651,11.5
3.5995901664035443,-1.2111630155501127,11.5,347.7920424817538,4.750370896398796,0.562,0.022939532984925383,0.562,0.0,0.022917651,11.5
3.5999229390444003,-1.2081140927308478,11.5,348.17751866050696,4.749444877059187,0.563,0.022939312109674186,0.5630000000000001,0.0,0.022917651,11.5
3.6002561345247006,-1.205062015604216,11.5,348.56654758518516,4.748517394830493,0.5640000000000001,0.022939089247384224,0.5640000000000001,0.0,0.022917651,11.5
3.6005897632007366,-1.202006706914115,11.5,348.9592162705497,4.747588413883264,0.5650000000000001,0.02293886434938844,0.5650000000000001,0.0,0.022917651,11.5
3.600923835769783,-1.198948086860774,11.5,349.35561459633544,4.746657897208355,0.5660000000000002,0.022938637365417406,0.5660000000000001,0.0,0.022917651,11.5
3.6012583632842463,-1.1958860729951972,11.5,349.7558354261416,4.745725806567978,0.5670000000000001,0.022938408243532823,0.5670000000000001,0.0,0.022917651,11.5
3.601593357166526,-1.1928205801083052,11.5,350.1599747322923,4.744792102444288,0.5680000000000001,0.022938176930057695,0.5680000000000001,0.0,0.022917651,11.5
3.6019288292246276,-1.1897515201144637,11.5,350.5681317270203,4.743856743985365,0.5690000000000001,0.022937943369502955,0.5690000000000001,0.0,0.022917651,11.5
3.602264791668575,-1.1866788019290662,11.5,350.98040900034965,4.742919688948438,0.5700000000000001,0.02293770750449035,0.5700000000000001,0.0,0.022917651,11.5
3.6026012571276635,-1.183602331339805,11.5,351.39691266508055,4.741980893640192,0.5710000000000001,0.022937469275671356,0.5710000000000001,0.0,0.022917651,11.5
3.6029382386686124,-1.1805220108712633,11.5,351.81775250930724,4.741040312853958,0.5720000000000002,0.022937228621641853,0.5720000000000001,0.0,0.022917651,11.5
3.6032758094706985,-1.1774376904238546,11.5,352.2422070948021,4.740098087366629,0.5730000000000001,0.022936985165716864,0.5730000000000001,0.0,0.022917651,11.5
3.603613932718824,-1.1743492912207307,11.5,352.6711953973565,4.739153992784662,0.5740000000000001,0.022936739150984445,0.5740000000000001,0.0,0.022917651,11.5
3.603952620022725,-1.1712567060835941,11.5,353.10488630386914,4.738207968466375,0.5750000000000001,0.022936490526783683,0.5750000000000001,0.0,0.022917651,11.5
3.604291886647405,-1.1681598217288072,11.5,353.5434070805802,4.737259962187447,0.5760000000000001,0.022936239222494704,0.5760000000000001,0.0,0.022917651,11.5
3.6046317484137,-1.1650585207478052,11.5,353.9868896277969,4.736309919821951,0.577,0.022935985164926228,0.577,0.0,0.022917651,11.5
3.604972221723813,-1.1619526814176229,11.5,354.43547069275263,4.735357785254996,0.578,0.022935728278197395,0.578,0.0,0.022917651,11.5
3.605313323588267,-1.1588421775008826,11.5,354.8892920943084,4.734403500290525,0.579,0.022935468483613122,0.579,0.0,0.022917651,11.5
3.6056550716543674,-1.1557268780345482,11.5,355.34850096027105,4.733447004553928,0.5800000000000001,0.022935205699532397,0.58,0.0,0.022917651,11.5
3.605997484236281,-1.1526066471067073,11.5,355.8132499781638,4.732488235389142,0.581,0.022934939841229126,0.581,0.0,0.022917651,11.5
3.606340707957989,-1.1494806604868002,11.5,356.2832202786123,4.731526956139629,0.582,0.02293466927451116,0.582,0.0,0.022917651,11.5
3.6066846902933722,-1.1463491613250782,11.5,356.7588575314202,4.730563199240604,0.583,0.022934394967816605,0.583,0.0,0.022917651,11.5
3.6070293974726977,-1.1432122886610805,11.5,357.24053742956374,4.729596968193495,0.584,0.022934117521628918,0.584,0.0,0.022917651,11.5
3.6073748507877035,-1.14006988465227,11.5,357.72843747114706,4.728628190322086,0.585,0.02293383684372788,0.585,0.0,0.022917651,11.5
3.6077210723722795,-1.1369217852129763,11.5,358.22274217484454,4.727656790075606,0.5860000000000001,0.0229335528382457,0.586,0.0,0.022917651,11.5
3.6080680852445184,-1.133767819702642,11.5,358.72364343047207,4.726682688885184,0.587,0.02293326540548485,0.587,0.0,0.022917651,11.5
3.6084159133513145,-1.1306078105952062,11.5,359.2313408707781,4.72570580501162,0.588,0.02293297444172493,0.588,0.0,0.022917651,11.5
3.608764581615689,-1.1274415731282672,11.5,359.7460422659663,4.724726053383856,0.589,0.02293267983901766,0.589,0.0,0.022917651,11.5
3.6091142680383204,-1.1242679331775682,11.5,360.267297380865,4.72374297047984,0.59,0.022932381279203818,0.59,0.0,0.022917651,11.5
3.609464877794708,-1.1210874749022683,11.5,360.7959061235112,4.722756762331782,0.5910000000000001,0.022932078806593776,0.591,0.0,0.022917651,11.5
3.6098164145253575,-1.11790014755341,11.5,361.3322159515646,4.721767392983677,0.592,0.02293177233182552,0.592,0.0,0.022917651,11.5
3.610168907838986,-1.1147057317242033,11.5,361.876472847313,4.720774761462848,0.593,0.022931461727065134,0.593,0.0,0.022917651,11.5
3.6105223886188655,-1.1115039985631296,11.5,362.4289333817584,4.7197787624500815,0.5940000000000001,0.02293114685897584,0.594,0.0,0.022917651,11.5
3.6108768890921508,-1.10829470926021,11.5,362.9898652905764,4.7187792860432,0.595,0.02293082758841876,0.595,0.0,0.022917651,11.5
3.611232502811179,-1.105077295622036,11.5,363.55946349588305,4.717776138436114,0.5960000000000001,0.022930503637438534,0.596,0.0,0.022917651,11.5
3.6115896480091685,-1.101849472183277,11.5,364.1374905185411,4.716768708215319,0.597,0.022930174121106713,0.597,0.0,0.022917651,11.5
3.6119479281480698,-1.0986132847899301,11.5,364.72487208647294,4.715757453761005,0.598,0.02292983993614474,0.598,0.0,0.022917651,11.5
3.612307381850388,-1.0953684488131785,11.5,365.3219265387047,4.714742244932928,0.599,0.02292950092367719,0.599,0.0,0.022917651,11.5
3.612668049511192,-1.0921146665613115,11.5,365.92898682426824,4.713722945618133,0.6,0.02292915691753716,0.6,0.0,0.022917651,11.5
3.613056829122419,-1.0891070043993705,11.5,366.2049803889516,4.712939869918023,0.601,0.022929141394386333,0.601,0.0,0.022917651,11.5
3.6134458629145154,-1.0860975550263396,11.5,366.4832086498584,4.712156023785824,0.602,0.02292912578186023,0.602,0.0,0.022917651,11.5
3.613835154670924,-1.0830862918398503,11.5,366.76370487010564,4.711371395753766,0.603,0.022929110078628506,0.603,0.0,0.022917651,11.5
3.61422478022615,-1.0800725106180453,11.5,367.0461738645967,4.710585587003305,0.6040000000000001,0.02292909408478562,0.604,0.0,0.022917651,11.5
3.614614686936156,-1.0770567462836766,11.5,367.33091973039217,4.7097989200064925,0.605,0.022929077966519457,0.605,0.0,0.022917651,11.5
3.615004868251286,-1.074039072660959,11.5,367.6180272920229,4.709011442064352,0.6060000000000001,0.022929061752605662,0.606,0.0,0.022917651,11.5
3.615395328364652,-1.0710194605958059,11.5,367.90753261166003,4.708223140794063,0.607,0.02292904544158374,0.607,0.0,0.022917651,11.5
3.6157860715551733,-1.067997880337533,11.5,368.19947248943856,4.707434003559413,0.608,0.02292902903196329,0.608,0.0,0.022917651,11.5
3.616177102189783,-1.0649743015235178,11.5,368.4938844824298,4.706644017464274,0.6090000000000001,0.022929012522223274,0.609,0.0,0.022917651,11.5
3.6165684247256973,-1.0619486931633846,11.5,368.7908069242046,4.705853169345888,0.61,0.022928995910811194,0.61,0.0,0.022917651,11.5
3.6169600437127696,-1.0589210236226982,11.5,369.0902789450051,4.705061445767938,0.6110000000000001,0.0229289791961423,0.611,0.0,0.022917651,11.5
3.617351963795901,-1.0558912606061424,11.5,369.3923404925488,4.704268833013414,0.612,0.02292896237659872,0.612,0.0,0.022917651,11.5
3.6177442872296135,-1.0528588205324798,11.5,369.6969109711251,4.703475155128715,0.613,0.022928945507849362,0.613,0.0,0.022917651,11.5
3.618137124216085,-1.0498230825761798,11.5,370.00390914086313,4.702680230707466,0.614,0.022928928647295725,0.614,0.0,0.022917651,11.5
3.6185302791194816,-1.0467851490513513,11.5,370.31363143826553,4.701884382435564,0.615,0.02292891167382106,0.615,0.0,0.022917651,11.5
3.6189237570100095,-1.0437449849426053,11.5,370.62612130829405,4.701087595579244,0.6160000000000002,0.022928894585624488,0.616,0.0,0.022917651,11.5
3.6193175630662657,-1.0407025544859954,11.5,370.94142312467375,4.7002898550897605,0.617,0.022928877380866613,0.617,0.0,0.022917651,11.5
3.619711702578149,-1.037657821148909,11.5,371.25958221484507,4.699491145594936,0.6180000000000001,0.022928860057668515,0.618,0.0,0.022917651,11.5
3.6201061809498674,-1.0346107476093032,11.5,371.5806448857249,4.698691451390411,0.619,0.022928842614110673,0.619,0.0,0.022917651,11.5
3.6205010037030423,-1.0315612957342664,11.5,371.9046584503066,4.69789075643063,0.6200000000000001,0.022928825048231863,0.62,0.0,0.022917651,11.5
3.620896176479915,-1.0285094265578767,11.5,372.2316712551327,4.697089044319524,0.6210000000000001,0.022928807358028016,0.621,0.0,0.022917651,11.5
3.6212921850044766,-1.0254532819725513,11.5,372.561541252579,4.696286401738833,0.622,0.02292878945773598,0.622,0.0,0.022917651,11.5
3.621688750482488,-1.0223938800314847,11.5,372.8944472298331,4.695482730421633,0.6230000000000001,0.02292877139980146,0.623,0.0,0.022917651,11.5
3.6220856810534445,-1.019331925215705,11.5,373.23052213883005,4.694677966623752,0.6240000000000001,0.02292875321752601,0.624,0.0,0.022917651,11.5
3.622482982785281,-1.0162673750958153,11.5,373.56981864798416,4.693872092187897,0.625,0.022928734908843038,0.625,0.0,0.022917651,11.5
3.622880661881146,-1.0132001862969318,11.5,373.91239059936055,4.69306508855216,0.6260000000000001,0.022928716471639927,0.626,0.0,0.022917651,11.5
3.6232787246831952,-1.0101303144721991,11.5,374.2582930415505,4.692256936738689,0.6270000000000001,0.0229286979037567,0.627,0.0,0.022917651,11.5
3.6236771776765,-1.0070577142754125,11.5,374.6075822636574,4.691447617341967,0.628,0.022928679202984716,0.628,0.0,0.022917651,11.5
3.624076027493102,-1.0039823393327068,11.5,374.96031583043845,4.690637110516697,0.629,0.022928660367065284,0.629,0.0,0.022917651,11.5
3.6244755555361166,-1.0009024449315171,11.5,375.31633345493555,4.689824796065366,0.6300000000000001,0.02292864090719153,0.63,0.0,0.022917651,11.5
3.624875517441611,-0.9978195221921865,11.5,375.67590815548067,4.689011188621607,0.6310000000000001,0.022928621264283647,0.631,0.0,0.022917651,11.5
3.6252758947698487,-0.9947336785185463,11.5,376.03912228025024,4.688196321930437,0.632,0.02292860148098794,0.632,0.0,0.022917651,11.5
3.625676694700855,-0.9916448634261558,11.5,376.4060387318216,4.687380174227447,0.633,0.022928581554878008,0.633,0.0,0.022917651,11.5
3.6260779245810784,-0.9885530252604247,11.5,376.77672187075433,4.6865627232437665,0.6340000000000001,0.022928561483471194,0.634,0.0,0.022917651,11.5
3.6264795919282364,-0.9854581111625129,11.5,377.1512375580786,4.68574394619136,0.6350000000000001,0.022928541264226956,0.635,0.0,0.022917651,11.5
3.6268817044363426,-0.9823600670340308,11.5,377.52965319927824,4.684923819747806,0.6360000000000001,0.022928520894545185,0.636,0.0,0.022917651,11.5
3.6272844950402305,-0.9792573588369389,11.5,377.91176472085124,4.684101741668426,0.637,0.022928500245054835,0.637,0.0,0.022917651,11.5
3.6276878058234927,-0.9761510125368181,11.5,378.29784863096404,4.683278106169004,0.638,0.02292847941006406,0.638,0.0,0.022917651,11.5
3.6280915874535187,-0.9730413474119091,11.5,378.688047669617,4.682453035177578,0.639,0.022928458419678638,0.639,0.0,0.022917651,11.5
3.6284958484052923,-0.9699283037251871,11.5,379.08243590686493,4.681626502856078,0.64,0.02292843727110154,0.64,0.0,0.022917651,11.5
3.628900597358418,-0.9668118202973299,11.5,379.4810892011196,4.680798482742603,0.6410000000000001,0.022928415961468225,0.641,0.0,0.022917651,11.5
3.6293058432033343,-0.9636918344629228,11.5,379.88408525345017,4.679968947732463,0.642,0.02292839448784455,0.642,0.0,0.022917651,11.5
3.6297116790972197,-0.9605676617927335,11.5,380.2913960601024,4.679137586327413,0.643,0.02292837284170277,0.643,0.0,0.022917651,11.5
3.6301182728498573,-0.9574380827965455,11.5,380.7029059742853,4.678303850866805,0.644,0.022928351010210055,0.644,0.0,0.022917651,11.5
3.63052539793365,-0.9543047818629481,11.5,381.11900437154486,4.677468518787629,0.645,0.02292832900612,0.645,0.0,0.022917651,11.5
3.630933064281176,-0.9511676894149173,11.5,381.5397770279062,4.676631560243073,0.6460000000000001,0.022928306826206103,0.646,0.0,0.022917651,11.5
3.6313412820741378,-0.9480267341303467,11.5,381.96531187076914,4.675792944637725,0.647,0.02292828446716095,0.647,0.0,0.022917651,11.5
3.6317500617512213,-0.9448818428869906,11.5,382.3956990467831,4.674952640603962,0.648,0.022928261925593645,0.648,0.0,0.022917651,11.5
3.632159446620631,-0.9417324997692158,11.5,382.8309368259106,4.674110305369549,0.6489999999999999,0.02292823923704893,0.649,0.0,0.022917651,11.5
3.6325695153186066,-0.9385777038804203,11.5,383.27092870713705,4.673265252412396,0.65,0.02292821647612449,0.65,0.0,0.022917651,11.5
3.632980179141025,-0.9354187225556645,11.5,383.7160631663727,4.672418394534226,0.6510000000000001,0.022928193517762683,0.651,0.0,0.022917651,11.5
3.6333914496384043,-0.9322554745615972,11.5,384.1664400137321,4.671569696704094,0.652,0.022928170358131546,0.652,0.0,0.022917651,11.5
3.6338033386621142,-0.9290878765490146,11.5,384.6221616590448,4.670719122978616,0.653,0.022928146993299283,0.653,0.0,0.022917651,11.5
3.634215858374236,-0.9259158429835194,11.5,385.08333319705275,4.669866636472069,0.6540000000000001,0.022928123419231023,0.654,0.0,0.022917651,11.5
3.6346290529541263,-0.9227377261074072,11.5,385.55008708273004,4.6690107656348045,0.655,0.022928099335609155,0.655,0.0,0.022917651,11.5
3.6350429106587874,-0.9195542695068026,11.5,386.0225336136605,4.668152207350293,0.6560000000000001,0.022928074904549494,0.656,0.0,0.022917651,11.5
3.635457427803516,-0.9163661250962541,11.5,386.5007765276448,4.667291599036917,0.657,0.02292805026463972,0.657,0.0,0.022917651,11.5
3.6358726175798455,-0.9131731991001433,11.5,386.9849317763564,4.666428899685608,0.658,0.02292802541170197,0.658,0.0,0.022917651,11.5
3.6362884935335167,-0.9099753952248595,11.5,387.47511842491434,4.66556406718615,0.659,0.022928000341446188,0.659,0.0,0.022917651,11.5
3.636705192635717,-0.9067714349556649,11.5,387.9711560631601,4.664696370759246,0.66,0.022927974929217644,0.66,0.0,0.022917651,11.5
3.637122730551262,-0.9035612211470339,11.5,388.47318393722793,4.663825776002042,0.6610000000000001,0.022927949180163876,0.661,0.0,0.022917651,11.5
3.6375410050243655,-0.9003457766292251,11.5,388.9816252167909,4.662952896893978,0.662,0.02292792320777491,0.662,0.0,0.022917651,11.5
3.6379600313579696,-0.8971249927274558,11.5,389.4966131486864,4.6620776859746975,0.663,0.022927897007410665,0.663,0.0,0.022917651,11.5
3.6383798252818895,-0.8938987577354679,11.5,390.01828469666094,4.661200094459938,0.664,0.022927870574301627,0.664,0.0,0.022917651,11.5
3.638800609348407,-0.8906649180965001,11.5,390.5465468311454,4.66031885778915,0.6650000000000001,0.02292784388132152,0.665,0.0,0.022917651,11.5
3.6392222841104127,-0.8874244962199771,11.5,391.0816837851656,4.65943460101214,0.666,0.022927816935307998,0.666,0.0,0.022917651,11.5
3.6396447776930105,-0.8841782482843975,11.5,391.6239465520428,4.6585477932830965,0.667,0.02292778974053878,0.667,0.0,0.022917651,11.5
3.6400681076799852,-0.8809260491778927,11.5,392.1734881552456,4.657658379821531,0.6680000000000001,0.022927762291671958,0.668,0.0,0.022917651,11.5
3.6404923435102847,-0.8776671641115005,11.5,392.73040644154213,4.656765904336962,0.6689999999999999,0.022927734520577978,0.669,0.0,0.022917651,11.5
3.640917639755319,-0.8743998481208048,11.5,393.29470973325164,4.655869242245363,0.67,0.022927706247611826,0.67,0.0,0.022917651,11.5
3.6413438277403567,-0.8711261764340748,11.5,393.86678501378884,4.65496979142384,0.6710000000000002,0.02292767769053927,0.671,0.0,0.022917651,11.5
3.6417709271083765,-0.8678460090499642,11.5,394.44680348216815,4.654067490443094,0.672,0.022927648843102097,0.672,0.0,0.022917651,11.5
3.642198983712619,-0.8645591292876597,11.5,395.0349147550554,4.653162306004812,0.673,0.022927619704603452,0.673,0.0,0.022917651,11.5
3.642629123248499,-0.861262284257726,11.5,395.63018545177005,4.65225548673259,0.674,0.022927590520914663,0.674,0.0,0.022917651,11.5
3.643060284926054,-0.8579584055730233,11.5,396.233963084886,4.6513457224220565,0.675,0.02292756104714422,0.675,0.0,0.022917651,11.5
3.643492492252097,-0.8546473314763203,11.5,396.8464432935867,4.650432945344374,0.676,0.022927531276620942,0.676,0.0,0.022917651,11.5
3.643925851642299,-0.8513283621525003,11.5,397.46778064498795,4.649516881346044,0.677,0.022927501180114808,0.677,0.0,0.022917651,11.5
3.644360977375915,-0.8479975064667775,11.5,398.0978526020436,4.648595996397558,0.6780000000000002,0.02292747059974156,0.678,0.0,0.022917651,11.5
3.644797232869962,-0.8446588859131973,11.5,398.73725934113025,4.647671865682945,0.679,0.022927439716233865,0.679,0.0,0.022917651,11.5
3.645234644898192,-0.841312316475197,11.5,399.3862220835926,4.646744412282071,0.68,0.022927408522407846,0.68,0.0,0.022917651,11.5
3.6456737966179524,-0.8379555820896721,11.5,400.04489996850566,4.645813752832783,0.6810000000000002,0.02292737681299618,0.681,0.0,0.022917651,11.5
3.6461148393402403,-0.8345880495522763,11.5,400.7135069163835,4.64487985930919,0.682,0.022927344535847986,0.682,0.0,0.022917651,11.5
3.646557124455273,-0.8312119945777825,11.5,401.3923661770617,4.643942412869452,0.683,0.022927311924224827,0.683,0.0,0.022917651,11.5
3.6470006876593657,-0.8278271278204995,11.5,402.08171641404516,4.643001266921567,0.6840000000000002,0.022927278976985634,0.684,0.0,0.022917651,11.5
3.6474457975076944,-0.8244297132093794,11.5,402.7813971052764,4.642053758287276,0.685,0.022927245980698098,0.685,0.0,0.022917651,11.5
3.647892247887125,-0.821023078253177,11.5,403.4921161915182,4.641102391293503,0.6860000000000002,0.022927212624786007,0.686,0.0,0.022917651,11.5
3.6483400721437063,-0.8176069935934899,11.5,404.21414825562255,4.640147069962587,0.687,0.02292717890030361,0.687,0.0,0.022917651,11.5
3.648789598455003,-0.8141786327963018,11.5,404.94753381579983,4.639186285496673,0.6880000000000001,0.022927144835819997,0.6880000000000001,0.0,0.022917651,11.5
3.649240649204028,-0.8107396391650781,11.5,405.69275069726086,4.63822096740423,0.6890000000000002,0.022927110396133744,0.6890000000000001,0.0,0.022917651,11.5
3.6496931831964416,-0.8072904482839961,11.5,406.4501671453536,4.637251385217008,0.6900000000000001,0.022927075561613896,0.6900000000000001,0.0,0.022917651,11.5
3.6501474135879537,-0.8038277532089034,11.5,407.2199970555865,4.636275081904918,0.6910000000000001,0.0229270398004727,0.6910000000000001,0.0,0.022917651,11.5
3.6506032506653083,-0.8003532831903233,11.5,408.0025920625021,4.63529342948656,0.6920000000000001,0.022927003442014045,0.6920000000000001,0.0,0.022917651,11.5
3.6510606683683378,-0.796867871468913,11.5,408.79831331881877,4.634307157926505,0.6930000000000002,0.022926966665227925,0.6930000000000001,0.0,0.022917651,11.5
3.651520628409102,-0.7933659278038927,11.5,409.606980045417,4.633314516838367,0.6940000000000002,0.022926929938991824,0.6940000000000001,0.0,0.022917651,11.5
3.6519824472350777,-0.7898513651629125,11.5,410.4293957953396,4.632316690414657,0.6950000000000001,0.02292689289596933,0.6950000000000001,0.0,0.022917651,11.5
3.6524460206897924,-0.7863244439952795,11.5,411.26598887438354,4.63131352463207,0.6960000000000002,0.02292685536623109,0.6960000000000001,0.0,0.022917651,11.5
3.652911537242015,-0.7827819934353751,11.5,412.11686418745245,4.630302608701696,0.6970000000000001,0.02292681681823258,0.6970000000000001,0.0,0.022917651,11.5
3.6533788774773828,-0.7792269497922664,11.5,412.98272215948936,4.629286394426657,0.6980000000000001,0.022926777802803285,0.6980000000000001,0.0,0.022917651,11.5
3.6538481646397054,-0.7756569813759929,11.5,413.86373348426116,4.6282630435205325,0.6990000000000002,0.02292673867272864,0.6990000000000001,0.0,0.022917651,11.5
3.6543194401671784,-0.7720718418178666,11.5,414.76033003253985,4.6272324754005,0.7,0.02292669941398722,0.7000000000000001,0.0,0.022917651,11.5
3.654761496206527,-0.7691045422836986,11.5,415.20604465264233,4.626613320257274,0.7010000000000002,0.022926696500574127,0.7010000000000001,0.0,0.022917651,11.5
3.655204020376175,-0.7661335134646848,11.5,415.65561589135643,4.625992308221001,0.7020000000000001,0.022926693566563076,0.7020000000000001,0.0,0.022917651,11.5
3.655647163443294,-0.7631571969473165,11.5,416.10894584381475,4.625368483949033,0.7030000000000001,0.02292669061247625,0.7030000000000001,0.0,0.022917651,11.5
3.656090724582278,-0.7601777853736574,11.5,416.56631012890097,4.624743236968706,0.7039999999999998,0.02292668763915485,0.704,0.0,0.022917651,11.5
3.6565347096158756,-0.7571952356369227,11.5,417.027764935288,4.624116547465067,0.705,0.02292668464633099,0.705,0.0,0.022917651,11.5
3.6569791244754684,-0.7542095038260949,11.5,417.49336749994865,4.623488395253489,0.706,0.022926681633731776,0.706,0.0,0.022917651,11.5
3.6574242387881886,-0.7512178296255257,11.5,417.9630441218099,4.622857097976241,0.7070000000000001,0.022926678216049864,0.707,0.0,0.022917651,11.5
3.6578698012189816,-0.7482226580601454,11.5,418.4370170606736,4.622224095741262,0.7080000000000001,0.022926674744828037,0.708,0.0,0.022917651,11.5
3.6583157952830336,-0.7452241681918491,11.5,418.9153593680392,4.621589501713271,0.709,0.022926671251609913,0.709,0.0,0.022917651,11.5
3.6587622270642863,-0.7422223132486112,11.5,419.3981326308744,4.620953293455682,0.71,0.022926667736085465,0.71,0.0,0.022917651,11.5
3.6592094204630814,-0.7392145364050435,11.5,419.88513729295124,4.6203142081185495,0.711,0.022926664181428275,0.711,0.0,0.022917651,11.5
3.659657157826122,-0.7362026155801799,11.5,420.3766309440217,4.6196731542873035,0.712,0.022926660603044494,0.712,0.0,0.022917651,11.5
3.6601053613624432,-0.7331871741896351,11.5,420.8727495472057,4.61903044466223,0.7130000000000001,0.02292665700552833,0.713,0.0,0.022917651,11.5
3.6605540377787826,-0.7301681615837661,11.5,421.3735596407229,4.618386055421769,0.7140000000000001,0.02292665338860455,0.714,0.0,0.022917651,11.5
3.661004740652156,-0.7271416054190784,11.5,421.8790457246204,4.617742233577038,0.715,0.022926650057670438,0.715,0.0,0.022917651,11.5
3.6614562277606884,-0.724110541054936,11.5,422.38938439005835,4.61709704132534,0.7159999999999999,0.022926646763958097,0.716,0.0,0.022917651,11.5
3.661908189548003,-0.7210757095234888,11.5,422.90466664893614,4.616449980420305,0.717,0.02292664344444282,0.717,0.0,0.022917651,11.5
3.6623606562685285,-0.718036753123071,11.5,423.4249571640101,4.615800813852623,0.7180000000000001,0.02292664007271119,0.718,0.0,0.022917651,11.5
3.662813928684976,-0.7149897986103216,11.5,423.9502558453198,4.615146867536317,0.719,0.02292663632291268,0.719,0.0,0.022917651,11.5
3.663267694723239,-0.7119389204133297,11.5,424.48074421406875,4.6144909721457985,0.7200000000000001,0.02292663255170783,0.72,0.0,0.022917651,11.5
3.66372196158962,-0.7088840612508812,11.5,425.0164980336417,4.613833099226855,0.7209999999999999,0.022926628758784144,0.721,0.0,0.022917651,11.5
3.6641766747306233,-0.7058242231438332,11.5,425.55747479023046,4.6131720340354,0.722,0.02292662493904255,0.722,0.0,0.022917651,11.5
3.66463183032841,-0.7027591741807467,11.5,426.1037372901955,4.6125075295013085,0.723,0.02292662109155233,0.723,0.0,0.022917651,11.5
3.6650875079643974,-0.6996899452606578,11.5,426.65550735552364,4.61184093311012,0.724,0.022926617221640685,0.724,0.0,0.022917651,11.5
3.665543715416064,-0.6966164741093174,11.5,427.21286703956895,4.61117221369672,0.7250000000000001,0.02292661332897357,0.725,0.0,0.022917651,11.5
3.666000651586557,-0.6935363453577796,11.5,427.77571293899877,4.61049974459247,0.726,0.02292660957495276,0.726,0.0,0.022917651,11.5
3.6664581350004877,-0.6904517952834943,11.5,428.34432761355015,4.609825043021939,0.727,0.02292660579738246,0.727,0.0,0.022917651,11.5
3.6669161705941145,-0.6873627978036959,11.5,428.9188015011604,4.609148102765856,0.728,0.0229266019930803,0.728,0.0,0.022917651,11.5
3.667374902690654,-0.6842667331043656,11.5,429.4990610336784,4.60846688490678,0.729,0.02292659818117859,0.729,0.0,0.022917651,11.5
3.6678342850633903,-0.6811645837833478,11.5,430.08527314226734,4.607782185669509,0.73,0.022926594352795444,0.73,0.0,0.022917651,11.5
3.6682942479898246,-0.6780577579200459,11.5,430.67762670700176,4.607095132160644,0.7310000000000001,0.022926590496091012,0.731,0.0,0.022917651,11.5
3.668754996140148,-0.6749445641384556,11.5,431.2761682293914,4.606404849899052,0.7319999999999999,0.022926586538797596,0.732,0.0,0.022917651,11.5
3.6692166244363524,-0.6718241906600432,11.5,431.8809865171491,4.605710905933705,0.7329999999999999,0.02292658245024007,0.733,0.0,0.022917651,11.5
3.669678856902438,-0.6686989103180182,11.5,432.4922556981086,4.605014471764526,0.734,0.022926578335204895,0.734,0.0,0.022917651,11.5
3.670141807750454,-0.6655674755815888,11.5,433.1100112175628,4.604314758414974,0.735,0.022926574166474756,0.735,0.0,0.022917651,11.5
3.670605622275857,-0.6624282911101946,11.5,433.73428032468826,4.603610753908417,0.736,0.02292656990836364,0.736,0.0,0.022917651,11.5
3.6710700710357034,-0.6592839501101769,11.5,434.365320922094,4.602904129769106,0.737,0.022926565621321872,0.737,0.0,0.022917651,11.5
3.6715352579048948,-0.656133112567224,11.5,435.00325436347896,4.602193960348017,0.738,0.022926561388101355,0.738,0.0,0.022917651,11.5
3.6720013012241917,-0.6529741843445998,11.5,435.64822236683835,4.601479123503559,0.739,0.022926557308891905,0.739,0.0,0.022917651,11.5
3.672468002238583,-0.6498098522717284,11.5,436.30031249375173,4.60076151353736,0.7400000000000001,0.02292655320040594,0.74,0.0,0.022917651,11.5
3.672935601204896,-0.6466381957750703,11.5,436.959516263352,4.600040171549129,0.741,0.02292654894086119,0.741,0.0,0.022917651,11.5
3.673404192313351,-0.6434584693536289,11.5,437.62591446517996,4.5993147291490954,0.7420000000000001,0.02292654447845013,0.742,0.0,0.022917651,11.5
3.6738734779742575,-0.6402730501005798,11.5,438.2997933709,4.598586372251261,0.7430000000000001,0.022926539972533945,0.743,0.0,0.022917651,11.5
3.6743438303763147,-0.6370790397805366,11.5,438.9811753121908,4.597853691433399,0.744,0.022926535435189736,0.744,0.0,0.022917651,11.5
3.674815102266316,-0.6338775682814008,11.5,439.6702412503658,4.597117227532837,0.7450000000000001,0.022926530877833907,0.745,0.0,0.022917651,11.5
3.675287103233269,-0.6306701085853237,11.5,440.3671759760684,4.596377691854749,0.7460000000000001,0.022926526296770496,0.746,0.0,0.022917651,11.5
3.675760197521644,-0.6274527621823909,11.5,441.0719750471006,4.595632641465952,0.7470000000000001,0.02292652141557908,0.747,0.0,0.022917651,11.5
3.6762340621653182,-0.6242290217260945,11.5,441.7849133888291,4.594884278171132,0.748,0.022926516485281535,0.748,0.0,0.022917651,11.5
3.6767088107831785,-0.6209973031300424,11.5,442.5060306535131,4.59413147334774,0.7490000000000001,0.022926511708170193,0.749,0.0,0.022917651,11.5
3.6771845593856924,-0.617756085659289,11.5,443.23538779680973,4.593373171412845,0.75,0.022926507240767748,0.75,0.0,0.022917651,11.5
3.6776611055645105,-0.614508312038037,11.5,443.9733177749744,4.592611503916927,0.751,0.02292650273463483,0.751,0.0,0.022917651,11.5
3.6781399318155477,-0.6112476381788088,11.5,444.7209607388021,4.591846051707708,0.752,0.02292649789530619,0.752,0.0,0.022917651,11.5
3.6786198072192797,-0.6079789892431249,11.5,445.4777034747934,4.591076819943606,0.753,0.022926492968503687,0.753,0.0,0.022917651,11.5
3.679100530931295,-0.6047018359335296,11.5,446.2434452140867,4.590302479491809,0.7540000000000001,0.02292648811358426,0.754,0.0,0.022917651,11.5
3.679582150993141,-0.6014154467162528,11.5,447.0183252473004,4.589522492083083,0.7550000000000001,0.022926483364346578,0.755,0.0,0.022917651,11.5
3.680064626318348,-0.5981215873852275,11.5,447.8025865975397,4.5887384557635755,0.756,0.022926478546379,0.756,0.0,0.022917651,11.5
3.680548529712493,-0.5948157258682333,11.5,448.5963849714589,4.587948131689349,0.7569999999999999,0.02292647329882114,0.757,0.0,0.022917651,11.5
3.6810332593193915,-0.5915024802562437,11.5,449.39990333465596,4.587153728213283,0.758,0.022926468004497977,0.758,0.0,0.022917651,11.5
3.6815191723602245,-0.5881779798766164,11.5,450.21329883401506,4.586352799690163,0.759,0.022926462939639885,0.759,0.0,0.022917651,11.5
3.6820060253698914,-0.5848448868556542,11.5,451.0367623998893,4.585547037644602,0.76,0.02292645791134664,0.76,0.0,0.022917651,11.5
3.682493934363652,-0.5815013011457203,11.5,451.8701559739425,4.584735005684745,0.761,0.022926452628050317,0.761,0.0,0.022917651,11.5
3.682982865525295,-0.5781478733487923,11.5,452.713763147662,4.583917219329967,0.762,0.022926447143829774,0.762,0.0,0.022917651,11.5
3.6834729056205457,-0.5747839333408805,11.5,453.56799064477633,4.58309335608923,0.763,0.022926441773434083,0.763,0.0,0.022917651,11.5
3.6839641126754485,-0.5714087449109589,11.5,454.43303654102783,4.582262911645149,0.7640000000000001,0.0229264365641514,0.764,0.0,0.022917651,11.5
3.684456384124391,-0.5680234215972809,11.5,455.3090737094955,4.581426591991331,0.7650000000000001,0.022926431278082336,0.765,0.0,0.022917651,11.5
3.6849498350162406,-0.5646265304997838,11.5,456.1962947991451,4.580583426485923,0.7660000000000001,0.022926425890923523,0.766,0.0,0.022917651,11.5
3.6854444944081113,-0.5612188114518927,11.5,457.09492596422405,4.579734267093133,0.767,0.022926420480197097,0.767,0.0,0.022917651,11.5
3.6859405987452116,-0.5577981158347883,11.5,458.00517476635986,4.578877910549984,0.768,0.022926415056345573,0.768,0.0,0.022917651,11.5
3.6864376850139617,-0.554366428140331,11.5,458.9270977487047,4.57801449030253,0.7690000000000001,0.022926409413792214,0.769,0.0,0.022917651,11.5
3.686935781893979,-0.5509222902590863,11.5,459.8608114061317,4.577142663483556,0.77,0.022926403422814462,0.77,0.0,0.022917651,11.5
3.687435072258655,-0.5474667524682441,11.5,460.8066326070997,4.576264205198208,0.7710000000000001,0.022926397500680817,0.771,0.0,0.022917651,11.5
3.6879356026633143,-0.5439992743512503,11.5,461.7647719253216,4.575378760160531,0.772,0.022926391676812163,0.772,0.0,0.022917651,11.5
3.688437311027552,-0.5405187689940217,11.5,462.73577234118915,4.574485009599632,0.7730000000000001,0.02292638591065596,0.773,0.0,0.022917651,11.5
3.6889401827438144,-0.5370261376218111,11.5,463.7198483780709,4.573583793191393,0.7739999999999999,0.02292638017195169,0.774,0.0,0.022917651,11.5
3.689444442079966,-0.5335179562812318,11.5,464.71726913416916,4.572672566379007,0.775,0.0229263740947786,0.775,0.0,0.022917651,11.5
3.6899499275709915,-0.5299977954675935,11.5,465.7282543705826,4.571754261764406,0.7760000000000001,0.02292636789123454,0.776,0.0,0.022917651,11.5
3.69045762334869,-0.5264602533385613,11.5,466.75432688883905,4.570827418614154,0.777,0.022926362045677932,0.777,0.0,0.022917651,11.5
3.6909665631799293,-0.522910235622085,11.5,467.7942253734894,4.569893079084701,0.778,0.02292635597069528,0.778,0.0,0.022917651,11.5
3.691476998485805,-0.5193450424023208,11.5,468.8480050466246,4.568949553611266,0.7790000000000001,0.022926349397941304,0.779,0.0,0.022917651,11.5
3.6919881317682472,-0.5157645534454969,11.5,469.91661165655097,4.567993511266752,0.7800000000000001,0.02292634312913486,0.78,0.0,0.022917651,11.5
3.6925001149300067,-0.5121702230211517,11.5,471.0001994658946,4.5670270186821815,0.7810000000000001,0.022926337032474223,0.781,0.0,0.022917651,11.5
3.6930136343343474,-0.5085602949120894,11.5,472.0990195468039,4.566051092992136,0.782,0.022926330779403897,0.782,0.0,0.022917651,11.5
3.69352850795218,-0.5049358343975013,11.5,473.2132216122769,4.565066053291262,0.7830000000000001,0.022926324173631257,0.783,0.0,0.022917651,11.5
3.6940448584909706,-0.5012950852139618,11.5,474.343098750649,4.564070634547829,0.7839999999999999,0.022926317028636397,0.784,0.0,0.022917651,11.5
3.694562754106242,-0.49763626094198804,11.5,475.48888063363813,4.563063317217079,0.785,0.022926310585761004,0.785,0.0,0.022917651,11.5
3.695081991596889,-0.4939620774724707,11.5,476.6509239948482,4.562046002353564,0.786,0.02292630424876836,0.786,0.0,0.022917651,11.5
3.6956025945950146,-0.49027138758758915,11.5,477.82953520228205,4.561017630729612,0.787,0.022926297857490327,0.787,0.0,0.022917651,11.5
3.6961249767955944,-0.4865610764055814,11.5,479.0248596343772,4.559976780577868,0.788,0.02292629058878884,0.788,0.0,0.022917651,11.5
3.6966488384957685,-0.48283359835738887,11.5,480.2374112805481,4.558924675149977,0.789,0.02292628339248502,0.789,0.0,0.022917651,11.5
3.6971741521800836,-0.4790883764016626,11.5,481.46758507204004,4.5578606107141075,0.79,0.022926276731992868,0.79,0.0,0.022917651,11.5
3.697701136631257,-0.4753238672636631,11.5,482.71579562505383,4.556783956682254,0.791,0.022926269993700493,0.791,0.0,0.022917651,11.5
3.698229695864071,-0.471540751435418,11.5,483.98226696859996,4.555695005658067,0.792,0.02292626268721774,0.792,0.0,0.022917651,11.5
3.6987598182620403,-0.46773841618500206,11.5,485.2674117596427,4.554593088550294,0.793,0.022926255042594674,0.793,0.0,0.022917651,11.5
3.699291416172167,-0.4639154421851803,11.5,486.57174762455674,4.553476402752846,0.7940000000000002,0.02292624808254782,0.794,0.0,0.022917651,11.5
3.699825548972656,-0.4600702201052057,11.5,487.8955008622937,4.552347646348084,0.7949999999999999,0.02292624121644525,0.795,0.0,0.022917651,11.5
3.7003614658259365,-0.45620419428672976,11.5,489.23892729430895,4.551205210155545,0.796,0.02292623362335025,0.796,0.0,0.022917651,11.5
3.700898973317806,-0.4523173285738343,11.5,490.6024390670956,4.550048287193415,0.797,0.02292622571781673,0.797,0.0,0.022917651,11.5
3.70143794762462,-0.448409775218855,11.5,491.98648422850937,4.548876560579639,0.7980000000000002,0.022926218556508393,0.798,0.0,0.022917651,11.5
3.701978881073575,-0.44447839501985476,11.5,493.3914429424648,4.547688832578091,0.799,0.022926211497939743,0.799,0.0,0.022917651,11.5
3.702520829478864,-0.44052391383992473,11.5,494.8178698015453,4.546482059605114,0.8000000000000002,0.022926203186701407,0.8,0.0,0.022917651,11.5
3.7029215026362094,-0.4375446959480846,11.5,495.4323059702089,4.545617058972171,0.801,0.022926201740229135,0.801,0.0,0.022917651,11.5
3.703322049261188,-0.4345592847574986,11.5,496.05282054712194,4.544745366809471,0.8020000000000002,0.022926200851063394,0.802,0.0,0.022917651,11.5
3.7037227535477037,-0.43156959523807265,11.5,496.679462110104,4.543870026814047,0.803,0.022926199950737778,0.803,0.0,0.022917651,11.5
3.704123747273955,-0.4285717587500263,11.5,497.3123501281083,4.5429876868926335,0.804,0.022926199006987624,0.804,0.0,0.022917651,11.5
3.704524885581584,-0.4255690354020094,11.5,497.95156570358387,4.542101037213504,0.805,0.022926198048084934,0.805,0.0,0.022917651,11.5
3.704926227696565,-0.4225590756977903,11.5,498.597199115691,4.541207968011652,0.8060000000000002,0.0229261966988818,0.806,0.0,0.022917651,11.5
3.705327743876534,-0.41954274357627624,11.5,499.24934474427295,4.540309223711737,0.807,0.02292619508945048,0.807,0.0,0.022917651,11.5
3.705729266229693,-0.41652032524298466,11.5,499.9080703732839,4.539404421711789,0.808,0.022926193673786538,0.808,0.0,0.022917651,11.5
3.706130707009564,-0.41349053444551215,11.5,500.5734562343694,4.5384919275604725,0.8090000000000002,0.022926192600825596,0.809,0.0,0.022917651,11.5
3.7065322695737977,-0.4104555976442902,11.5,501.24558704291906,4.5375747713786,0.8100000000000002,0.022926191441892306,0.81,0.0,0.022917651,11.5
3.70693393012457,-0.4074134926824827,11.5,501.9245658381775,4.536650823679881,0.8110000000000003,0.02292618989537863,0.811,0.0,0.022917651,11.5
3.7073357212250833,-0.4043665294340617,11.5,502.61045616445136,4.535722539981853,0.8120000000000002,0.022926188353117043,0.812,0.0,0.022917651,11.5
3.7077377783737955,-0.40131031333394174,11.5,503.3034022627313,4.53478607808076,0.8130000000000002,0.02292618738027917,0.8130000000000001,0.0,0.022917651,11.5
3.7081399659156054,-0.39824918022557027,11.5,504.0034451549523,4.533845220854272,0.8140000000000002,0.022926186394406932,0.8140000000000001,0.0,0.022917651,11.5
3.7085423875762284,-0.3951788545424584,11.5,504.71074353236884,4.532896109182203,0.8150000000000002,0.02292618510951373,0.8150000000000001,0.0,0.022917651,11.5
3.708944949724912,-0.3921030452725679,11.5,505.4253342999567,4.531942075905806,0.8160000000000002,0.022926183786584082,0.8160000000000001,0.0,0.022917651,11.5
3.7093478001750353,-0.38901824454384903,11.5,506.1472989331521,4.530980204639179,0.8170000000000002,0.02292618237784033,0.8170000000000001,0.0,0.022917651,11.5
3.70975081742592,-0.38592752714605605,11.5,506.87673559625136,4.530013084108859,0.8180000000000001,0.02292618094736743,0.8180000000000001,0.0,0.022917651,11.5
3.71015417451607,-0.38282742981404505,11.5,507.6138642219197,4.52903793853992,0.8190000000000001,0.02292617957114405,0.8190000000000001,0.0,0.022917651,11.5
3.710557709998126,-0.3797211038699906,11.5,508.35870113870124,4.528057277083343,0.8200000000000001,0.022926178214805942,0.8200000000000001,0.0,0.022917651,11.5
3.7109615534551916,-0.3766054798656486,11.5,509.1113998983604,4.527068549283819,0.8210000000000001,0.02292617694930155,0.8210000000000001,0.0,0.022917651,11.5
3.711365568015407,-0.37348364538045564,11.5,509.87200532874306,4.526074295252365,0.822,0.02292617569640182,0.8220000000000001,0.0,0.022917651,11.5
3.7117697856049547,-0.37035230325369095,11.5,510.6405877601353,4.525071347007472,0.8230000000000002,0.02292617463309858,0.8230000000000001,0.0,0.022917651,11.5
3.7121741498771215,-0.36721489511233973,11.5,511.41727380522866,4.524062919640592,0.8240000000000001,0.022926173577539097,0.8240000000000001,0.0,0.022917651,11.5
3.712578805689345,-0.3640670191748068,11.5,512.2022479017861,4.5230451970267564,0.8250000000000001,0.02292617180037294,0.8250000000000001,0.0,0.022917651,11.5
3.712983592682248,-0.3609127886765515,11.5,512.9955676978468,4.522021643587357,0.8260000000000002,0.022926170103804485,0.8260000000000001,0.0,0.022917651,11.5
3.713388464610083,-0.35774884870294843,11.5,513.7974506189973,4.5209887139658065,0.8270000000000002,0.022926169012989637,0.8270000000000001,0.0,0.022917651,11.5
3.7137936082215965,-0.35457721451951424,11.5,514.6079537725535,4.519949177724412,0.8280000000000002,0.02292616770149489,0.8280000000000001,0.0,0.022917651,11.5
3.7141992136681603,-0.3513952645834558,11.5,515.4272900266479,4.518901175135781,0.8290000000000002,0.02292616588455042,0.8290000000000001,0.0,0.022917651,11.5
3.7146045876521607,-0.3482046258305366,11.5,516.2554796317855,4.517843558414251,0.8300000000000003,0.022926164418203453,0.8300000000000001,0.0,0.022917651,11.5
3.715009729737906,-0.3450051744869231,11.5,517.0926460195359,4.5167762021066835,0.8310000000000001,0.022926163298626994,0.8310000000000001,0.0,0.022917651,11.5
3.715414627867633,-0.3417976630724272,11.5,517.9387559696888,4.5156998033900475,0.8320000000000002,0.022926161867952335,0.8320000000000001,0.0,0.022917651,11.5
3.7158195263146316,-0.33858312552416486,11.5,518.7939933249747,4.514616377134388,0.8330000000000001,0.022926160318176025,0.833,0.0,0.022917651,11.5
3.7162246855474015,-0.33535714075920825,11.5,519.6585768701492,4.513522554428305,0.8340000000000001,0.022926158857463092,0.834,0.0,0.022917651,11.5
3.716629916645107,-0.3321229073216478,11.5,520.5325885110553,4.512420769799405,0.8350000000000001,0.02292615729482847,0.835,0.0,0.022917651,11.5
3.7170351274432063,-0.3288778885357392,11.5,521.4161678565562,4.511308116671121,0.8360000000000001,0.022926155494245617,0.836,0.0,0.022917651,11.5
3.7174408377722665,-0.3256223506346374,11.5,522.3095737432906,4.510186951575156,0.8370000000000001,0.02292615402278511,0.837,0.0,0.022917651,11.5
3.7178469158531793,-0.32235755957721346,11.5,523.2129063038974,4.509058009891443,0.838,0.022926152751395097,0.838,0.0,0.022917651,11.5
3.7182533780939777,-0.31908029678542155,11.5,524.1263967549801,4.507918128264274,0.8390000000000001,0.022926151359566972,0.839,0.0,0.022917651,11.5
3.7186599470704764,-0.31579399437395783,11.5,525.0500150051483,4.506769627919746,0.8400000000000001,0.022926149856756284,0.84,0.0,0.022917651,11.5
3.7190665819050994,-0.312497193854021,11.5,525.9838952214443,4.505610882296669,0.8410000000000001,0.02292614817781601,0.841,0.0,0.022917651,11.5
3.719472439916661,-0.30918928314303606,11.5,526.9286971243924,4.504437928888471,0.8420000000000001,0.022926146795130546,0.842,0.0,0.022917651,11.5
3.71987817111691,-0.30587177167334645,11.5,527.8842617102763,4.503254867900408,0.8430000000000001,0.022926145471108123,0.843,0.0,0.022917651,11.5
3.7202842688005275,-0.30254261244626746,11.5,528.8506498376111,4.50206161423237,0.844,0.02292614397094404,0.844,0.0,0.022917651,11.5
3.7206902864538267,-0.2992011225401498,11.5,529.8280927876225,4.50085572478336,0.8449999999999999,0.022926142165790225,0.845,0.0,0.022917651,11.5
3.7210961770910194,-0.29584895270645556,11.5,530.816595087722,4.499638652106363,0.8460000000000001,0.022926140322564723,0.846,0.0,0.022917651,11.5
3.721501586438982,-0.2924853560630485,11.5,531.8158872471583,4.498408213673163,0.8469999999999999,0.022926139019543955,0.847,0.0,0.022917651,11.5
3.7219071614153765,-0.28911038920287196,11.5,532.8262674369565,4.49716706717493,0.848,0.022926137255408215,0.848,0.0,0.022917651,11.5
3.7223129055033395,-0.28572421634932066,11.5,533.8480775219601,4.495915393480719,0.849,0.022926135418392623,0.849,0.0,0.022917651,11.5
3.722718904222211,-0.28232440667393827,11.5,534.8816917698762,4.494651108869968,0.8500000000000001,0.02292613406952689,0.85,0.0,0.022917651,11.5
3.7231248996487922,-0.27891138694024836,11.5,535.9269589721824,4.4933735933388865,0.851,0.0229261322109701,0.851,0.0,0.022917651,11.5
3.7235309392821287,-0.2754862044521301,11.5,536.9841025183986,4.492084094403401,0.8520000000000001,0.022926130373010646,0.852,0.0,0.022917651,11.5
3.7239370431793266,-0.2720484233559962,11.5,538.053282140116,4.490782261857129,0.853,0.022926128792822225,0.853,0.0,0.022917651,11.5
3.724342868975086,-0.2685958626563102,11.5,539.1343319136681,4.489464516152511,0.854,0.02292612696765078,0.854,0.0,0.022917651,11.5
3.724748119937094,-0.26513207187246757,11.5,540.2273320151428,4.4881332634505995,0.855,0.022926125066275147,0.855,0.0,0.022917651,11.5
3.7251532442813415,-0.2616560729471085,11.5,541.3324922798402,4.486789301460343,0.856,0.022926123233444215,0.856,0.0,0.022917651,11.5
3.7255589666533986,-0.25816605711867474,11.5,542.4500152286994,4.485433690056317,0.857,0.022926121694465427,0.857,0.0,0.022917651,11.5
3.7259645223201816,-0.2546601297452708,11.5,543.5801554896975,4.484061514069375,0.858,0.022926119667284535,0.858,0.0,0.022917651,11.5
3.726369851433088,-0.25114067295014975,11.5,544.7233386974378,4.482674898640815,0.859,0.022926117977050058,0.859,0.0,0.022917651,11.5
3.7267752472813434,-0.24760697524858616,11.5,545.8794871965321,4.481274307542735,0.86,0.02292611627020338,0.86,0.0,0.022917651,11.5
3.72718100164397,-0.24405820131577255,11.5,547.04853659711,4.479860075390242,0.861,0.02292611429821911,0.861,0.0,0.022917651,11.5
3.7275866571378473,-0.24049336824800566,11.5,548.2308625389247,4.4784293772524935,0.862,0.022926113461690264,0.862,0.0,0.022917651,11.5
3.7279920398859514,-0.23691209194984691,11.5,549.4264648222701,4.47698116092893,0.863,0.02292611173911183,0.863,0.0,0.022917651,11.5
3.7283971184942786,-0.23331612082780132,11.5,550.635514875256,4.475517030014293,0.864,0.022926109722938365,0.864,0.0,0.022917651,11.5
3.728802078855566,-0.2297048183031767,11.5,551.8582326723382,4.47403709381524,0.865,0.022926107847627476,0.865,0.0,0.022917651,11.5
3.729207084009186,-0.2260770763327905,11.5,553.0948277541677,4.472540901800855,0.866,0.02292610613876336,0.866,0.0,0.022917651,11.5
3.7296120602453815,-0.22243213076113727,11.5,554.3453709682934,4.471027390124101,0.867,0.02292610401815335,0.867,0.0,0.022917651,11.5
3.7300169970232666,-0.21876942361992358,11.5,555.6095897264555,4.469495949309376,0.8680000000000001,0.02292610232655632,0.868,0.0,0.022917651,11.5
3.730421624047049,-0.21508803350607802,11.5,556.8876204197587,4.467944606412066,0.8690000000000001,0.022926100279533807,0.869,0.0,0.022917651,11.5
3.730824094682954,-0.2113899645197571,11.5,558.1801964363797,4.466367932575296,0.8700000000000001,0.02292609817567589,0.87,0.0,0.022917651,11.5
3.731225517888954,-0.20767541147336246,11.5,559.4869929862892,4.464770592081383,0.871,0.022926096298531845,0.871,0.0,0.022917651,11.5
3.7316265149086343,-0.20394243093702324,11.5,560.8075676657617,4.463153126636629,0.872,0.022926094309048642,0.872,0.0,0.022917651,11.5
3.732026888072469,-0.20019050625573023,11.5,562.141701456312,4.461514220840545,0.8730000000000001,0.02292609229225437,0.873,0.0,0.022917651,11.5
3.7324264770669657,-0.19642050387227972,11.5,563.4895980153997,4.459854100951923,0.874,0.022926090362549202,0.874,0.0,0.022917651,11.5
3.732825673870097,-0.19263152445016085,11.5,564.8515779365613,4.458173437534975,0.875,0.022926088192648977,0.875,0.0,0.022917651,11.5
3.733224901098329,-0.18882165014846788,11.5,566.2276607071169,4.456472007485368,0.876,0.022926086029020697,0.876,0.0,0.022917651,11.5
3.7336239149239066,-0.1849907230853815,11.5,567.6179697691915,4.454748657256483,0.877,0.022926084020935784,0.877,0.0,0.022917651,11.5
3.734022474350562,-0.18113886474924695,11.5,569.022356497215,4.453002558289237,0.878,0.022926081932343304,0.878,0.0,0.022917651,11.5
3.7344208535869288,-0.17726496265287114,11.5,570.4406543797601,4.451233691443057,0.879,0.022926079763202465,0.879,0.0,0.022917651,11.5
3.734819284593499,-0.17336874204312908,11.5,571.873045383093,4.449442716805068,0.88,0.022926077795466248,0.88,0.0,0.022917651,11.5
3.7352171974072186,-0.16944946268095828,11.5,573.3196223628216,4.447626623324416,0.8809999999999999,0.02292607588139633,0.881,0.0,0.022917651,11.5
3.735614763854906,-0.1655073962694528,11.5,574.7800464622186,4.445786345963233,0.882,0.02292607478503465,0.882,0.0,0.022917651,11.5
3.736011822522428,-0.16154313282243185,11.5,576.254056870296,4.44392184834343,0.883,0.022926072690133744,0.883,0.0,0.022917651,11.5
3.7364082896866098,-0.1575545303104659,11.5,577.7416770701517,4.442030636848957,0.8840000000000001,0.022926070490258,0.884,0.0,0.022917651,11.5
3.7368043492869982,-0.15354081211968698,11.5,579.2432041923689,4.44011267164375,0.885,0.022926068203435908,0.885,0.0,0.022917651,11.5
3.7372002318636257,-0.14950082767947084,11.5,580.7582853559007,4.438167746049984,0.8860000000000001,0.022926066056853718,0.886,0.0,0.022917651,11.5
3.737594842456929,-0.14543432973543716,11.5,582.2870573342642,4.436191222752484,0.8870000000000001,0.02292606384691084,0.887,0.0,0.022917651,11.5
3.7379885332338043,-0.14134418214985314,11.5,583.8294196041588,4.434187356725796,0.888,0.022926061548942417,0.888,0.0,0.022917651,11.5
3.7383814060525173,-0.13722731582662026,11.5,585.3852020403277,4.432153512838776,0.889,0.022926059390674804,0.889,0.0,0.022917651,11.5
3.738773186639327,-0.13308090071145967,11.5,586.952795666152,4.430085743135971,0.89,0.02292605705252952,0.89,0.0,0.022917651,11.5
3.739163940616698,-0.12890618674489995,11.5,588.5337268917579,4.427985576095226,0.8910000000000001,0.02292605473987903,0.891,0.0,0.022917651,11.5
3.739550767278756,-0.12470295647480872,11.5,590.1281119247897,4.425841175878966,0.892,0.02292605246550925,0.892,0.0,0.022917651,11.5
3.739935618400624,-0.1204723005509969,11.5,591.7359822848656,4.423661448142274,0.893,0.022926050099229572,0.893,0.0,0.022917651,11.5
3.7403195592934697,-0.11621220887388153,11.5,593.3568730124952,4.421448647479636,0.894,0.022926047724819862,0.894,0.0,0.022917651,11.5
3.740701822231353,-0.1119191947459944,11.5,594.9900538547184,4.419196215509172,0.895,0.02292604541022767,0.895,0.0,0.022917651,11.5
3.7410828349800265,-0.10759481222346376,11.5,596.6366521087947,4.416907408552879,0.896,0.022926043004536854,0.896,0.0,0.022917651,11.5
3.741463182744616,-0.1032373421836963,11.5,598.296601868553,4.414582849850403,0.897,0.022926040624427615,0.897,0.0,0.022917651,11.5
3.7418425501677612,-0.09884631520195496,11.5,599.9692757484338,4.412220815661881,0.898,0.022926038209451043,0.898,0.0,0.022917651,11.5
3.742220566838914,-0.0944217686622469,11.5,601.6555176502827,4.409819852455163,0.899,0.022926035768321987,0.899,0.0,0.022917651,11.5
3.7425972994791996,-0.08996304205330845,11.5,603.3563956786651,4.407379587466859,0.9000000000000001,0.022926033329402306,0.9,0.0,0.022917651,11.5
3.742875706864557,-0.08673382877670056,11.5,604.3043317854381,4.405721569306934,0.901,0.022926032782400834,0.901,0.0,0.022917651,11.5
3.7431533987061703,-0.08349391017917912,11.5,605.2608353607255,4.404049996929421,0.902,0.02292603224155002,0.902,0.0,0.022917651,11.5
3.743430352178334,-0.080243836162609,11.5,606.2263056667473,4.4023653182822935,0.903,0.022926031703990296,0.903,0.0,0.022917651,11.5
3.743706560552885,-0.07698371201452844,11.5,607.201089574108,4.400667601997524,0.904,0.02292603151604552,0.904,0.0,0.022917651,11.5
3.7439819985817575,-0.07371281536977652,11.5,608.1854209891453,4.398956023049295,0.905,0.022926032332527845,0.905,0.0,0.022917651,11.5
3.744256272342828,-0.07042831234204878,11.5,609.1790129682641,4.3972262025832,0.906,0.022926031771684462,0.906,0.0,0.022917651,11.5
3.744529195519593,-0.06713205717354846,11.5,610.18314808014,4.395479217209487,0.907,0.022926031198587642,0.907,0.0,0.022917651,11.5
3.744801021513419,-0.06382681681916871,11.5,611.1982682653066,4.393718857309304,0.908,0.02292603063627832,0.908,0.0,0.022917651,11.5
3.74507158149923,-0.06051202456358183,11.5,612.2246040720045,4.3919438793158445,0.9090000000000003,0.022926030148102114,0.909,0.0,0.022917651,11.5
3.7453408573043228,-0.05718633762804301,11.5,613.2626375703846,4.390152867197128,0.91,0.02292602969179398,0.91,0.0,0.022917651,11.5
3.745609049842777,-0.05384889490716586,11.5,614.3131031226444,4.3883457667158705,0.911,0.022926029139417648,0.911,0.0,0.022917651,11.5
3.7458762451468512,-0.05049972277772748,11.5,615.3766830686322,4.386522947592715,0.912,0.022926028587283476,0.912,0.0,0.022917651,11.5
3.746142329436333,-0.04713879900830604,11.5,616.4539775136003,4.384683939443893,0.9130000000000003,0.022926028039686602,0.913,0.0,0.022917651,11.5
3.746407159998579,-0.0437660140041042,11.5,617.5456188330413,4.382828041145114,0.9140000000000001,0.022926027480992373,0.914,0.0,0.022917651,11.5
3.7466706622805503,-0.0403823617372718,11.5,618.6525011119207,4.380955974811191,0.915,0.022926026935452332,0.915,0.0,0.022917651,11.5
3.746932049011753,-0.03698705078149274,11.5,619.7755246427339,4.3790637926562646,0.9160000000000003,0.022926026389299196,0.916,0.0,0.022917651,11.5
3.747190154728702,-0.03358174817835374,11.5,620.915433710936,4.377148485708479,0.9170000000000001,0.022926025836464255,0.917,0.0,0.022917651,11.5
3.747445928451211,-0.030168303580981097,11.5,622.072940252208,4.3752157117731345,0.918,0.022926025275409285,0.918,0.0,0.022917651,11.5
3.747700112600374,-0.02674550974288009,11.5,623.2491137869849,4.373267236030064,0.9189999999999999,0.022926024718439384,0.919,0.0,0.022917651,11.5
3.747952402271569,-0.0233121024903577,11.5,624.4450448365277,4.371300564184428,0.9200000000000002,0.022926024165963663,0.92,0.0,0.022917651,11.5
3.7482025409071373,-0.01986810650387221,11.5,625.6617378128556,4.369314696596473,0.921,0.022926023609767577,0.921,0.0,0.022917651,11.5
3.7484506892305025,-0.016413734247684258,11.5,626.9003234281852,4.367310495942509,0.922,0.022926023053137255,0.922,0.0,0.022917651,11.5
3.7486968874137556,-0.012949658761880319,11.5,628.1619756951416,4.365288785151371,0.9230000000000002,0.02292602249664385,0.923,0.0,0.022917651,11.5
3.74894096126239,-0.009476593617280031,11.5,629.4478814605528,4.363249581958908,0.9240000000000002,0.022926021935944618,0.924,0.0,0.022917651,11.5
3.7491827437763248,-0.005995143980773468,11.5,630.758919332059,4.361192841326095,0.9250000000000002,0.022926021377256474,0.925,0.0,0.022917651,11.5
3.749422145246356,-0.0025050319877261886,11.5,632.0957496633137,4.359117904737787,0.926,0.022926020819908702,0.926,0.0,0.022917651,11.5
3.749658701150886,0.000993530046407311,11.5,633.4591574328128,4.35702314236253,0.9270000000000003,0.022926020258397233,0.927,0.0,0.022917651,11.5
3.7498918532388994,0.00449984182246122,11.5,634.8500444180854,4.354907019344698,0.9280000000000002,0.02292601969907397,0.928,0.0,0.022917651,11.5
3.750122034316078,0.008013630965514554,11.5,636.2690028669588,4.35277152923798,0.929,0.022926019143645372,0.929,0.0,0.022917651,11.5
3.7503487710870655,0.011534945542587334,11.5,637.7156031631513,4.350614730974086,0.9300000000000003,0.022926018582805966,0.93,0.0,0.022917651,11.5
3.750571952906782,0.0150633110611825,11.5,639.18907432663,4.348436664620349,0.9310000000000002,0.022926018012414874,0.931,0.0,0.022917651,11.5
3.7507920398567944,0.01859852850220824,11.5,640.6883333073304,4.346239373568397,0.932,0.02292601744473309,0.932,0.0,0.022917651,11.5
3.7510086276319647,0.022140848548007117,11.5,642.2122846773344,4.344020978031503,0.933,0.022926016878586815,0.933,0.0,0.022917651,11.5
3.7512215904640827,0.025691316545689645,11.5,643.7588916252945,4.341779938206633,0.9340000000000003,0.02292601630737153,0.934,0.0,0.022917651,11.5
3.7514311100619864,0.02925058408492987,11.5,645.3243856722436,4.339516325129882,0.935,0.02292601573817371,0.935,0.0,0.022917651,11.5
3.751637320480914,0.03281858883220606,11.5,646.9055318216507,4.337230741314617,0.9360000000000002,0.022926015177195686,0.936,0.0,0.022917651,11.5
3.751840170077002,0.0363968580857115,11.5,648.4986457444459,4.334921447686233,0.937,0.022926014614145788,0.937,0.0,0.022917651,11.5
3.7520396098438713,0.03998696201327424,11.5,650.0976592941711,4.332586677688195,0.9380000000000001,0.02292601406026067,0.9380000000000001,0.0,0.022917651,11.5
3.7522358845663235,0.04359043116636289,11.5,651.7000960048686,4.330225880586412,0.9390000000000001,0.022926013578505388,0.9390000000000001,0.0,0.022917651,11.5
3.7524299666383714,0.0472111767622773,11.5,653.3289140804171,4.327839023923641,0.9400000000000002,0.022926013055268094,0.9400000000000001,0.0,0.022917651,11.5
3.7526224261074472,0.05085395823723106,11.5,655.0126444964956,4.325423664696276,0.9410000000000001,0.02292601247889038,0.9410000000000001,0.0,0.022917651,11.5
3.7528121241621535,0.05451468760305149,11.5,656.7507177026846,4.322979307026835,0.9420000000000001,0.022926011970775453,0.9420000000000001,0.0,0.022917651,11.5
3.7529987206152717,0.058194410728825835,11.5,658.543674157312,4.320503542937767,0.9430000000000001,0.02292601189247746,0.9430000000000001,0.0,0.022917651,11.5
3.753182435157796,0.061895394488946126,11.5,660.392018913519,4.317994989601965,0.9440000000000001,0.022926011762897817,0.9440000000000001,0.0,0.022917651,11.5
3.753363003556819,0.0656222969918794,11.5,662.2925119945725,4.315447938729326,0.9450000000000002,0.022926011162577337,0.9450000000000001,0.0,0.022917651,11.5
3.753540685828804,0.06937665721870423,11.5,664.2421272378202,4.312861871589411,0.9460000000000001,0.02292601058118632,0.9460000000000001,0.0,0.022917651,11.5
3.7537137937829734,0.07316348057742927,11.5,666.2414794009661,4.3102250720954896,0.9470000000000001,0.022926009985169332,0.9470000000000001,0.0,0.022917651,11.5
3.7538831693195136,0.07698254738953321,11.5,668.2850698586496,4.307541078908332,0.9480000000000002,0.022926009454684714,0.9480000000000001,0.0,0.022917651,11.5
3.7540492143310233,0.0808378688964469,11.5,670.3715361260392,4.304807508709013,0.9490000000000001,0.022926009016556736,0.9490000000000001,0.0,0.022917651,11.5
3.754211741644098,0.08472920824866624,11.5,672.4980674028682,4.302023848192682,0.9500000000000001,0.022926008440495877,0.9500000000000001,0.0,0.022917651,11.5
3.754370912560819,0.08866365508303571,11.5,674.6672375403818,4.29918366153944,0.9510000000000002,0.022926007832322574,0.9510000000000001,0.0,0.022917651,11.5
3.754525972987822,0.09264083934130837,11.5,676.879277048476,4.296284300755168,0.9520000000000001,0.022926007234854544,0.9520000000000001,0.0,0.022917651,11.5
3.754677538335885,0.09665447173033558,11.5,679.1313111789296,4.293334492044694,0.9530000000000001,0.022926006655237762,0.9530000000000001,0.0,0.022917651,11.5
3.7548235487550263,0.10070747158748819,11.5,681.4383257369085,4.290323114552749,0.9540000000000002,0.022926006201256743,0.9540000000000001,0.0,0.022917651,11.5
3.754964871768386,0.10480078671071293,11.5,683.7986196460192,4.287252678174512,0.9550000000000001,0.022926005629231718,0.9550000000000001,0.0,0.022917651,11.5
3.7550995724791116,0.10893899995310072,11.5,686.2309787708132,4.284110836133323,0.9560000000000001,0.022926005021106175,0.9560000000000001,0.0,0.022917651,11.5
3.7552296898344477,0.11312375902870146,11.5,688.7550068841815,4.2809041305987305,0.9570000000000001,0.022926004555339722,0.9570000000000001,0.0,0.022917651,11.5
3.755363453520538,0.11736752855246557,11.5,691.4162836204563,4.277652975671972,0.9580000000000002,0.022926004600650307,0.9580000000000001,0.0,0.022917651,11.5
3.755496966116742,0.12165357576072512,11.5,694.2197474556983,4.274358548353157,0.9590000000000002,0.022926004281614544,0.9590000000000001,0.0,0.022917651,11.5
3.755628873058767,0.12598754794202485,11.5,697.183562860164,4.271009782037053,0.96,0.022926003655661262,0.96,0.0,0.022917651,11.5
3.755767381853942,0.130393696142337,11.5,701.1180567982499,4.267615241142271,0.961,0.022926003014097775,0.961,0.0,0.022917651,11.5
3.7558914753508312,0.1348168399255766,11.5,705.9095783487476,4.264146051838702,0.962,0.022926002366020663,0.962,0.0,0.022917651,11.5
3.7560093630685643,0.139329914744812,11.5,710.9493001180589,4.26056211023553,0.9630000000000001,0.022926001786707496,0.963,0.0,0.022917651,11.5
3.7562063105751933,0.14412212470978805,11.5,718.0311527125842,4.257015256431803,0.964,0.022926001181908056,0.964,0.0,0.022917651,11.5
3.7563078933848315,0.14868043919475407,11.5,725.487397493952,4.253320846481872,0.965,0.02292600080542656,0.965,0.0,0.022917651,11.5
3.7563918760266763,0.15330568976492742,11.5,733.0475088956839,4.2494891138497755,0.9660000000000001,0.022926000812486802,0.966,0.0,0.022917651,11.5
3.7564667593941756,0.15798277742821756,11.5,740.7142913901222,4.2455691265287205,0.967,0.022926000149417324,0.967,0.0,0.022917651,11.5
3.756531619442273,0.1627076356953897,11.5,748.4892641730636,4.24156129444687,0.9680000000000001,0.022925999601381676,0.968,0.0,0.022917651,11.5
3.75658460527439,0.16748234960670969,11.5,756.374803164015,4.237456083711683,0.969,0.02292599980065351,0.969,0.0,0.022917651,11.5
3.756626088385502,0.17230622229198536,11.5,764.3727399610217,4.233255729727553,0.9700000000000002,0.0229259991025294,0.97,0.0,0.022917651,11.5
3.7566560088736414,0.17718096118663126,11.5,772.4864108048707,4.2289582338166944,0.9709999999999999,0.022925999387594376,0.971,0.0,0.022917651,11.5
3.7566724044038193,0.1821086570058812,11.5,780.7231487303142,4.224553687658675,0.972,0.022925999182127673,0.972,0.0,0.022917651,11.5
3.756666012875121,0.18711982624013634,11.5,789.1736494052086,4.219974538022365,0.9730000000000001,0.022925998885791006,0.973,0.0,0.022917651,11.5
3.7566580257466162,0.19214460626103655,11.5,797.6800548030457,4.215375395236088,0.974,0.022925998565889696,0.974,0.0,0.022917651,11.5
3.7566253378401178,0.19724472166250975,11.5,806.3482541409828,4.210602103240646,0.975,0.02292599860349966,0.975,0.0,0.022917651,11.5
3.7565808050237464,0.20238616923843064,11.5,815.1206635363316,4.205740094830883,0.976,0.02292599876091962,0.976,0.0,0.022917651,11.5
3.756517541163034,0.2075819686102212,11.5,824.0216395554987,4.200748811312553,0.9770000000000001,0.022925999013812214,0.977,0.0,0.022917651,11.5
3.7564321001060694,0.21284032012385215,11.5,833.0661920587382,4.195606267643898,0.978,0.022925999377772073,0.978,0.0,0.022917651,11.5
3.7563310997760393,0.21814076429984477,11.5,842.2210399344273,4.190359397043922,0.979,0.022925999771065995,0.979,0.0,0.022917651,11.5
3.7561989011758548,0.22351444373916338,11.5,851.5440300158842,4.184914504505995,0.9800000000000001,0.02292600029524311,0.98,0.0,0.022917651,11.5
3.7560506561923477,0.22892655068364343,11.5,860.974386042479,4.179366995272668,0.981,0.02292600109743861,0.981,0.0,0.022917651,11.5
3.7558649189989146,0.23441242709714039,11.5,870.5819567781878,4.173595737725591,0.982,0.022926002725752657,0.982,0.0,0.022917651,11.5
3.7556580763871796,0.23994124469551353,11.5,880.3100693864614,4.167697122833108,0.983,0.022926004262999976,0.983,0.0,0.022917651,11.5
3.7554135838885285,0.24553697962551907,11.5,890.209093742099,4.161581002169094,0.9840000000000001,0.02292600566034405,0.984,0.0,0.022917651,11.5
3.75513507552138,0.2511842483348491,11.5,900.2573507291593,4.155277273311556,0.985,0.022926007754403482,0.985,0.0,0.022917651,11.5
3.7548236005338373,0.25688204404872805,11.5,910.4531172266119,4.148791140033149,0.986,0.02292601050170247,0.986,0.0,0.022917651,11.5
3.7544559432128803,0.26264165835633746,11.5,920.8414247130405,4.142018476508837,0.9870000000000001,0.02292601430448754,0.987,0.0,0.022917651,11.5
3.7540604361472587,0.26843739288532,11.5,931.3557069082585,4.135098297820382,0.988,0.022926018315353857,0.988,0.0,0.022917651,11.5
3.7535933346187327,0.27429299211603403,11.5,942.0850668454381,4.127831863676968,0.989,0.02292602293406491,0.989,0.0,0.022917651,11.5
3.7530733030982533,0.28018111307881355,11.5,952.9745687768036,4.120321187158026,0.99,0.022926028480913803,0.99,0.0,0.022917651,11.5
3.7525011323787902,0.2860994232620018,11.5,964.0216589194926,4.112571765546383,0.9910000000000001,0.02292603507462768,0.991,0.0,0.022917651,11.5
3.7518326991875353,0.2920422141086647,11.5,975.2856659719563,4.10441283207206,0.992,0.022926044581949495,0.992,0.0,0.022917651,11.5
3.751064576842982,0.29798151969254694,11.5,986.7293101686272,4.095858614840974,0.993,0.022926058813006273,0.993,0.0,0.022917651,11.5
3.75019539333997,0.3039063947665032,11.5,998.3571000930109,4.086914574659193,0.9940000000000001,0.022926076398247754,0.994,0.0,0.022917651,11.5
3.74921093258636,0.3097953827397343,11.5,1010.1803201745738,4.0775453075565915,0.995,0.02292609842631132,0.995,0.0,0.022917651,11.5
3.748089197135547,0.3156118768637599,11.5,1022.2036994278674,4.067699441089707,0.996,0.022926129461821317,0.996,0.0,0.022917651,11.5
3.746804519456839,0.32130496533505004,11.5,1034.4311975609419,4.057325235956681,0.997,0.02292617486675165,0.997,0.0,0.022917651,11.5
3.745306769887248,0.3267982991381455,11.5,1046.8610094365117,4.046298481939609,0.9980000000000001,0.02292624284196996,0.998,0.0,0.022917651,11.5
3.74353246534754,0.3319913601560593,11.5,1059.4847253129947,4.034465774814546,0.999,0.022926348573896096,0.999,0.0,0.022917651,11.5
3.7414894124967324,0.33680813621892614,11.5,1072.2965424152476,4.021934348559734,1.0,0.022926510591418293,1.0,0.0,0.022917651,11.5
3.7400511395730174,0.33999071031566863,11.5,1080.4883812641865,4.013412609880661,1.0010000000000001,0.022926692056553517,1.0010000000000001,0.0,0.022917651,11.5
3.7384296193929742,0.3429073776116405,11.5,1088.7664297588665,4.004423794424939,1.0020000000000002,0.022926939178509458,1.002,0.0,0.022917651,11.5
3.736605986841404,0.3454716254728405,11.5,1097.1308756310546,3.9949789300446548,1.0030000000000001,0.022927350822008932,1.0030000000000001,0.0,0.022917651,11.5
3.7345127612155755,0.34761061989219616,11.5,1105.5699772724683,3.9848809719905067,1.004,0.022927984741528473,1.004,0.0,0.022917651,11.5
3.732157686947557,0.34930356335565216,11.5,1114.0733801957153,3.974181661410596,1.0050000000000001,0.022929046446417963,1.0050000000000001,0.0,0.022917651,11.5
3.7294260978804528,0.35038850916973185,11.5,1122.6319044613226,3.962584285433109,1.0060000000000002,0.02293087914998358,1.006,0.0,0.022917651,11.5
3.726333082394678,0.35093400015502274,11.5,1131.2265022675936,3.9500806566471622,1.0070000000000001,0.022934466868868617,1.0070000000000001,0.0,0.022917651,11.5
3.722814379674147,0.3510023627041647,11.5,1139.8451173300703,3.936351412122201,1.008,0.022941614772469924,1.008,0.0,0.022917651,11.5
3.7188555023373033,0.35084047808202223,11.5,1148.4778450993756,3.921091719205097,1.0090000000000001,0.02295653236558568,1.0090000000000001,0.0,0.022917651,11.5
3.714516633783437,0.35090769001710315,11.5,1157.1272303588873,3.9040829576935763,1.0100000000000002,0.022981800964437738,1.01,0.0,0.022917651,11.5
3.7098800598812844,0.3519626521513343,11.5,1165.800571563329,3.884895618820512,1.0110000000000003,0.02302168326620877,1.0110000000000001,0.0,0.022917651,11.5
3.705137231334214,0.35521038706813945,11.5,1174.517683883467,3.8630904998344997,1.012,0.02308886623560528,1.012,0.0,0.022917651,11.5
3.700542700468802,0.3620551214339315,11.5,1183.325521738536,3.8382815668161734,1.0130000000000001,0.023202459777383957,1.0130000000000001,0.0,0.022917651,11.5
3.696359502361152,0.37364112973723473,11.5,1192.3068145161938,3.810376688352338,1.014,0.02339192324193612,1.014,0.0,0.022917651,11.5
3.6927248969031417,0.39038606085710287,11.5,1201.5777841247718,3.779507274878363,1.0150000000000003,0.02368809199802829,1.0150000000000001,0.0,0.022917651,11.5
3.689616415549606,0.4120105705588535,11.5,1211.2704124962008,3.7458627622200007,1.016,0.02408816442744221,1.016,0.0,0.022917651,11.5
3.686984801843408,0.43821716493840984,11.5,1221.506229581959,3.709543635123246,1.0170000000000001,0.024612822571229976,1.0170000000000001,0.0,0.022917651,11.5
3.68482959712261,0.4689591692951694,11.5,1232.4071726615118,3.67059474580106,1.0180000000000002,0.025296736396769957,1.018,0.0,0.022917651,11.5
3.6830906739844522,0.5039900874347879,11.5,1244.1246720209706,3.629022064831552,1.0190000000000003,0.026160350775280703,1.0190000000000001,0.0,0.022917651,11.5
3.6816403690047412,0.5429506587687437,11.5,1256.834874704738,3.584674190673928,1.0200000000000002,0.027201706156313638,1.02,0.0,0.022917651,11.5
3.68037157081007,0.5857836198775518,11.5,1270.7683864136743,3.537179962969272,1.0210000000000001,0.028429233525175696,1.0210000000000001,0.0,0.022917651,11.5
3.6791897933380486,0.6327436602530674,11.5,1286.1739950844049,3.485906747671113,1.022,0.02988950296955097,1.022,0.0,0.022917651,11.5
3.6779551732426863,0.6843865112043377,11.5,1303.4022224621315,3.429739337297078,1.0230000000000004,0.03135377998768959,1.0230000000000001,0.0,0.022917651,11.5
3.6765727185754735,0.7417134452267602,11.5,1322.889782717984,3.3672965132556905,1.024,0.0328278976383459,1.024,0.0,0.022917651,11.5
3.6749133684530557,0.8060945354308198,11.5,1345.260066359149,3.296691945259504,1.0250000000000001,0.034190073430620825,1.025,0.0,0.022917651,11.5
3.672800767685895,0.8796528578350932,11.5,1371.4226421271173,3.2150971398637878,1.0260000000000002,0.035401471703703814,1.026,0.0,0.022917651,11.5
3.670044507145248,0.9657416705473914,11.5,1402.7898490737184,3.118397221450118,1.027,0.03625803108173226,1.027,0.0,0.022917651,11.5
3.6662439512970613,1.0693087671830752,11.5,1441.7092321598532,3.000041833050786,1.028,0.03681211983791677,1.028,0.0,0.022917651,11.5
3.661118140222065,1.1943661007216257,11.5,1493.2833172680866,2.854895169535935,1.0290000000000001,0.0369571143482894,1.029,0.0,0.022917651,11.5
3.6531496517395845,1.3639002561334561,11.5,1567.4263807883733,2.6539009872660473,1.03,0.03696055457258785,1.03,0.0,0.022917651,11.5
3.6477612598214963,1.4796528469057912,11.5,1702.9522470409202,2.5170087644303156,1.031,0.036963994796886314,1.031,0.0,0.022917651,11.5
3.632575200868211,1.7439575146107598,11.5,1985.931295278085,2.1923738029986093,1.032,0.03696743502118477,1.032,0.0,0.022917651,11.5
3.580148020111255,2.4834887993489634,11.5,3401.5381042256586,1.2435477058492717,1.033,0.03697087524548323,1.033,0.0,0.022917651,11.5
