log_Teff,LogL_lsun,Age_gyr,Step,Log_g,Mass_msun,feh,Mass_input,Metallicity_input,Z_used,Age_input
3.5431539068738744,-0.6827000683600659,0.003,148.30392473627987,3.7252217905805045,0.3,0.02292557061793084,0.3,0.0,0.022917651,0.003
3.545455601938839,-0.6657357138350043,0.003,152.56603921293421,3.7299580886672192,0.30999999999999994,0.022925708890899985,0.31,0.0,0.022917651,0.003
3.547696833880389,-0.6505381458664897,0.003,158.19691085904583,3.736219335544545,0.32,0.022925817701359343,0.32,0.0,0.022917651,0.003
3.5499251906102978,-0.6368722408178779,0.003,165.30539512551567,3.7439607126597383,0.33,0.022925892316707806,0.33,0.0,0.022917651,0.003
3.5520945226526175,-0.6246977631829216,0.003,173.17140225696,3.7529574357986615,0.34,0.022925935778619067,0.34,0.0,0.022917651,0.003
3.554195519796432,-0.6136878062064388,0.003,180.10818643375197,3.7628453440389387,0.35000000000000003,0.022925956475065394,0.35000000000000003,0.0,0.022917651,0.003
3.556203585995378,-0.6035835311905334,0.003,184.62670377145918,3.7732671965741487,0.36,0.022925963667140992,0.36,0.0,0.022917651,0.003
3.558154251989785,-0.5938554388076018,0.003,186.6230290864188,3.7838356593468347,0.37,0.022925964663567958,0.37,0.0,0.022917651,0.003
3.5600545635454326,-0.5844749683294981,0.003,187.5029627121539,3.7945503149264233,0.38,0.02292596465258129,0.38,0.0,0.022917651,0.003
3.56189348003767,-0.5750395733547145,0.003,187.8500497231345,3.804964451782327,0.39,0.022925964641594625,0.39,0.0,0.022917651,0.003
3.5636589197652437,-0.566098364383201,0.003,188.06594568874164,3.8155788596377143,0.4000000000000001,0.02292596463060796,0.4,0.0,0.022917651,0.003
3.565570496890148,-0.5535876607359888,0.003,187.1014715067547,3.8204054744421336,0.41000000000000003,0.02292596482240746,0.41000000000000003,0.0,0.022917651,0.003
3.5674733817737225,-0.5412799831455964,0.003,186.1521035498311,3.8254003513999866,0.42,0.022925965014206965,0.42,0.0,0.022917651,0.003
3.5693322001089167,-0.529135416032725,0.003,185.20314345853708,3.830382046888887,0.42999999999999994,0.022925965206006472,0.43,0.0,0.022917651,0.003
3.571152238401928,-0.5172945228778093,0.003,184.2708683873256,3.8355123016702386,0.44,0.02292596539780598,0.44,0.0,0.022917651,0.003
3.5729319970008566,-0.5058768143731647,0.003,183.36040968985077,3.8409046282324604,0.45000000000000007,0.022925965589605482,0.45,0.0,0.022917651,0.003
3.5746764481284083,-0.4948264405292561,0.003,182.47290526222477,3.8465230694792405,0.46,0.02292596578140499,0.46,0.0,0.022917651,0.003
3.576400063695248,-0.4841157712307647,0.003,181.60900203203153,3.8523978809182227,0.47000000000000003,0.022925965973204492,0.47000000000000003,0.0,0.022917651,0.003
3.578109578332031,-0.47364554129215347,0.003,180.7701820096046,3.8584567098855067,0.48000000000000004,0.022925966165004,0.48,0.0,0.022917651,0.003
3.579769450194939,-0.4636900335802328,0.003,179.94515329058754,3.8648316812033534,0.49,0.022925966356803502,0.49,0.0,0.022917651,0.003
3.5813769239257045,-0.4542085926188714,0.003,179.1521308077382,3.8714711310791174,0.5,0.022925966548603006,0.5,0.0,0.022917651,0.003
3.5829361166534888,-0.44353709569045585,0.003,179.2150720816688,3.8749545294537917,0.51,0.022925966734909178,0.51,0.0,0.022917651,0.003
3.584487832421555,-0.43281060287531703,0.003,179.27375428225304,3.8783530197378306,0.52,0.02292596692121535,0.52,0.0,0.022917651,0.003
3.586032546557974,-0.4222004454155403,0.003,179.3398309887963,3.881839838957738,0.5300000000000001,0.022925967107521518,0.53,0.0,0.022917651,0.003
3.5875723738245076,-0.4116666985898833,0.003,179.41134962427734,3.8853835253704467,0.54,0.02292596729382769,0.54,0.0,0.022917651,0.003
3.5891093061290706,-0.40114063441219994,0.003,179.4842695135655,3.888923322856667,0.5500000000000002,0.02292596748013386,0.55,0.0,0.022917651,0.003
3.5906398095971075,-0.39069511968614096,0.003,179.56191100831248,3.89251795331129,0.56,0.022925967666440034,0.56,0.0,0.022917651,0.003
3.5921637292833526,-0.3802948383946538,0.003,179.64132759826694,3.8961314746806806,0.5700000000000001,0.022925967852746202,0.5700000000000001,0.0,0.022917651,0.003
3.5936806332488924,-0.36997577709106894,0.003,179.72507506258304,3.89979814798744,0.5800000000000001,0.022925968039052374,0.58,0.0,0.022917651,0.003
3.5951904248558373,-0.35976799461482767,0.003,179.8156640280132,3.9035476508655362,0.59,0.022925968225358546,0.59,0.0,0.022917651,0.003
3.5967022893732,-0.3494783978996503,0.003,179.90413974499234,3.907223640957296,0.6,0.022925968411664714,0.6,0.0,0.022917651,0.003
3.5980222760378617,-0.33996269934753465,0.003,179.69749355931177,3.9096825677987965,0.61,0.02292596822535855,0.61,0.0,0.022917651,0.003
3.599341805856296,-0.3304407955271551,0.003,179.490297017332,3.9121334615777026,0.6200000000000001,0.022925968039052377,0.62,0.0,0.022917651,0.003
3.600660926639188,-0.3209137780696642,0.003,179.28266380049217,3.9145776053268753,0.6300000000000001,0.022925967852746205,0.63,0.0,0.022917651,0.003
3.6019795988741463,-0.31138449885822733,0.003,179.074789378316,3.917017692881039,0.64,0.022925967666440034,0.64,0.0,0.022917651,0.003
3.6032978329985914,-0.3018530105223881,0.003,178.86667936349497,3.9194538186252177,0.65,0.02292596748013386,0.65,0.0,0.022917651,0.003
3.6046156391286046,-0.29231936407138437,0.003,178.65833919592234,3.921886074038597,0.66,0.02292596729382769,0.66,0.0,0.022917651,0.003
3.605933027071203,-0.28278360895602717,0.003,178.44977414929275,3.9243145478055075,0.67,0.022925967107521518,0.67,0.0,0.022917651,0.003
3.6072500063360513,-0.273245793127766,0.003,178.24098933740098,3.9267393259213472,0.68,0.022925966921215353,0.68,0.0,0.022917651,0.003
3.6085665861466487,-0.26370596309508715,0.003,178.0319897201566,3.929160491793726,0.6900000000000001,0.022925966734909178,0.6900000000000001,0.0,0.022917651,0.003
3.609883063045763,-0.2541537381040498,0.003,177.82214011907266,3.9315688510244233,0.7,0.022925966548603006,0.7000000000000001,0.0,0.022917651,0.003
3.611015111279329,-0.24561694634369122,0.003,178.1579994868156,3.9333594482650502,0.71,0.022925966167750663,0.71,0.0,0.022917651,0.003
3.6121471597702977,-0.23708014585731946,0.003,178.49385840563022,3.9351500378095126,0.7200000000000001,0.022925965786898324,0.72,0.0,0.022917651,0.003
3.613279208510669,-0.22854333691608178,0.003,178.8297168894661,3.936940619896955,0.73,0.022925965406045974,0.73,0.0,0.022917651,0.003
3.614411257492775,-0.22000651978000607,0.003,179.16557495170107,3.9387311947567203,0.7400000000000001,0.02292596502519363,0.74,0.0,0.022917651,0.003
3.615543306709256,-0.21146969469856602,0.003,179.50143260516975,3.9405217626088365,0.75,0.02292596464434129,0.75,0.0,0.022917651,0.003
3.616675356153048,-0.2029328619112108,0.003,179.83728986219108,3.942312323664494,0.76,0.022925964263488946,0.76,0.0,0.022917651,0.003
3.6178074058173677,-0.19439602164786335,0.003,180.17314673459404,3.9441028781264795,0.77,0.022925963882636603,0.77,0.0,0.022917651,0.003
3.6189394556957026,-0.18585917412938968,0.003,180.50900323374154,3.9458934261895937,0.7800000000000001,0.022925963501784257,0.78,0.0,0.022917651,0.003
3.6200715057817896,-0.17732231956804073,0.003,180.8448593705532,3.9476839680410363,0.79,0.022925963120931914,0.79,0.0,0.022917651,0.003
3.6212035560696103,-0.16878545816786794,0.003,181.18071515552694,3.9494745038607757,0.8000000000000002,0.022925962740079568,0.8,0.0,0.022917651,0.003
3.6222136917998893,-0.16096740188909908,0.003,181.04854117889016,3.950812245848764,0.8100000000000002,0.022925963493544255,0.81,0.0,0.022917651,0.003
3.6232233056104493,-0.15315909944156647,0.003,180.91570163518145,3.9521576535200547,0.8200000000000001,0.02292596424700894,0.8200000000000001,0.0,0.022917651,0.003
3.6242323959855005,-0.1453605791529132,0.003,180.78219459142227,3.953510749137773,0.8300000000000003,0.022925965000473628,0.8300000000000001,0.0,0.022917651,0.003
3.625240961403377,-0.1375718694605829,0.003,180.6480181071416,3.9548715550513327,0.8400000000000001,0.022925965753938307,0.84,0.0,0.022917651,0.003
3.6262490003365113,-0.12979299891235227,0.003,180.5131702343399,3.956240093696865,0.8500000000000001,0.022925966507402994,0.85,0.0,0.022917651,0.003
3.6272565112514017,-0.12202399616686696,0.003,180.37764901745206,3.9576163875976325,0.86,0.02292596726086768,0.86,0.0,0.022917651,0.003
3.6282639448005707,-0.11424903986696879,0.003,180.2405374375221,3.95898641794947,0.8700000000000001,0.022925968014332367,0.87,0.0,0.022917651,0.003
3.6292709125835163,-0.10648169159424545,0.003,180.10266228932105,3.9603621928146597,0.88,0.02292596876779705,0.88,0.0,0.022917651,0.003
3.6302773852059285,-0.09872296660159936,0.003,179.96408173643385,3.961744609872814,0.89,0.022925969521261736,0.89,0.0,0.022917651,0.003
3.6312833618740807,-0.09097287871185589,0.003,179.82479464812073,3.963133679771144,0.9000000000000001,0.02292597027472642,0.9,0.0,0.022917651,0.003
3.632221522525412,-0.08369060680929859,0.003,179.7829870037005,3.9641797980038427,0.91,0.022925969726794577,0.91,0.0,0.022917651,0.003
3.6331600757708613,-0.07640794497930153,0.003,179.74122323327293,3.965227096467291,0.9200000000000002,0.022925969178862728,0.92,0.0,0.022917651,0.003
3.6340990186108124,-0.06912489620110633,0.003,179.69950300161872,3.9662755661439304,0.9300000000000003,0.022925968630930882,0.93,0.0,0.022917651,0.003
3.635038390117209,-0.06184014870066993,0.003,179.6577581232723,3.967324051571874,0.9400000000000002,0.022925968082999036,0.9400000000000001,0.0,0.022917651,0.003
3.6359793945938192,-0.0545140037385996,0.003,179.6139141361202,3.9683376719618795,0.9500000000000001,0.022925967535067187,0.9500000000000001,0.0,0.022917651,0.003
3.6369205031825347,-0.047192407192359,0.003,179.57031850475602,3.9693562570095358,0.96,0.022925966987135345,0.96,0.0,0.022917651,0.003
3.6378617159025084,-0.039875359898701196,0.003,179.52697127486869,3.970379807628172,0.9700000000000002,0.0229259664392035,0.97,0.0,0.022917651,0.003
3.6388030327728984,-0.03256286269458482,0.003,179.48387249215844,3.9714083247313376,0.9800000000000001,0.02292596589127165,0.98,0.0,0.022917651,0.003
3.639744453812867,-0.0252549164171737,0.003,179.44102220233663,3.9724418092328095,0.99,0.022925965343339804,0.99,0.0,0.022917651,0.003
3.640685979041582,-0.017951521903836903,0.003,179.39842045112593,3.973480262046587,1.0,0.022925964795407955,1.0,0.0,0.022917651,0.003
3.6415839476137495,-0.011059098583515736,0.003,180.72616429692468,3.974318982695963,1.0100000000000002,0.022925965159780303,1.01,0.0,0.022917651,0.003
3.6424818023713623,-0.0041674466306029865,0.003,182.05395215331174,3.9751580194356486,1.0200000000000002,0.022925965524152644,1.02,0.0,0.022917651,0.003
3.643379545251195,0.002723447081223687,0.003,183.38178327136097,3.975997366886748,1.03,0.022925965888524986,1.03,0.0,0.022917651,0.003
3.6442771781463312,0.009613595382139718,0.003,184.70965691904314,3.976837019791726,1.04,0.02292596625289733,1.04,0.0,0.022917651,0.003
3.645174702907379,0.016503010814478546,0.003,186.03757238075178,3.9776769730109933,1.0500000000000003,0.022925966617269672,1.05,0.0,0.022917651,0.003
3.6460721213436615,0.02339170564075894,0.003,187.36552895684537,3.978517221519625,1.06,0.022925966981642017,1.06,0.0,0.022917651,0.003
3.646969435224362,0.03027969185144471,0.003,188.69352596320454,3.9793577604041785,1.07,0.022925967346014358,1.07,0.0,0.022917651,0.003
3.6478666462796268,0.03716698117244819,0.003,190.02156273080405,3.98019858485962,1.08,0.022925967710386703,1.08,0.0,0.022917651,0.003
3.6487637562016406,0.04405358507238565,0.003,191.34963860529874,3.9810396901863476,1.09,0.022925968074759044,1.09,0.0,0.022917651,0.003
3.6496607666456584,0.050939514769596794,0.003,192.67775294662292,3.98188107178732,1.1000000000000003,0.02292596843913139,1.1,0.0,0.022917651,0.003
3.6505182652721557,0.05766244779327763,0.003,192.35697873652893,3.9823669884934576,1.1100000000000003,0.022925968252825217,1.11,0.0,0.022917651,0.003
3.6513733675594926,0.06436780408432935,0.003,192.03635391353959,3.9828608966076455,1.1200000000000003,0.02292596806651905,1.12,0.0,0.022917651,0.003
3.652226160286672,0.0710562201516895,0.003,191.71587306787652,3.9833625067357876,1.1300000000000001,0.022925967880212873,1.1300000000000001,0.0,0.022917651,0.003
3.653076726092613,0.07772830213752575,0.003,191.39553104785284,3.9838715432902947,1.1400000000000003,0.0229259676939067,1.1400000000000001,0.0,0.022917651,0.003
3.6539251437201425,0.0843846276068254,0.003,191.07532294466307,3.984387743676428,1.1500000000000001,0.022925967507600533,1.1500000000000001,0.0,0.022917651,0.003
3.654771528814811,0.09102722687462186,0.003,190.75517461453273,3.9849095401764925,1.1600000000000001,0.022925967321273846,1.16,0.0,0.022917651,0.003
3.655616538538414,0.09767606672811524,0.003,190.43422327696445,3.9854195948622326,1.1700000000000002,0.022925967134594317,1.17,0.0,0.022917651,0.003
3.6564596751763467,0.1043093403982318,0.003,190.11355792932147,3.9859377234004043,1.1800000000000002,0.0229259669478192,1.18,0.0,0.022917651,0.003
3.6573010051420773,0.1109275998107312,0.003,189.79316843134,3.986463639518708,1.19,0.02292596676095189,1.19,0.0,0.022917651,0.003
3.6581405917460112,0.11753137110352327,0.003,189.47304511654374,3.986997070320457,1.2,0.022925966573995617,1.2,0.0,0.022917651,0.003
3.658976252663019,0.1242254931721058,0.003,188.09287536399626,3.987121803702594,1.2100000000000002,0.0229259665701979,1.21,0.0,0.022917651,0.003
3.6598033667352934,0.13083605893338274,0.003,186.71296079889004,3.987295905024354,1.2200000000000002,0.022925966566728986,1.22,0.0,0.022917651,0.003
3.6606224851866953,0.1373684573035957,0.003,185.33328496305708,3.9875161903287113,1.23,0.022925966563567678,1.23,0.0,0.022917651,0.003
3.661437109923982,0.14391749340227453,0.003,183.95047713410366,3.987701864360609,1.24,0.022925966559994022,1.24,0.0,0.022917651,0.003
3.662245182016361,0.15042294780191376,0.003,182.56690259963858,3.9879049098580257,1.25,0.02292596655675767,1.25,0.0,0.022917651,0.003
3.663046088650799,0.156858534754497,0.003,181.18368521562945,3.988149160670172,1.26,0.022925966554100584,1.26,0.0,0.022917651,0.003
3.6638402639983294,0.16322848768403297,0.003,179.80080334153584,3.988432120075385,1.27,0.022925966551987663,1.27,0.0,0.022917651,0.003
3.6646281078478964,0.16953670476885588,0.003,178.41823705053588,3.9887514890678775,1.2800000000000002,0.02292596655038659,1.28,0.0,0.022917651,0.003
3.665410818678937,0.1758108279482921,0.003,177.03508252536224,3.9890844196941377,1.29,0.022925966549297933,1.29,0.0,0.022917651,0.003
3.6661899146881867,0.18208488003835882,0.003,175.6502297937437,3.989402962194548,1.3,0.022925966548603006,1.3,0.0,0.022917651,0.003
3.6670052177563535,0.18873384825743256,0.003,175.6264188278915,3.9892336749152317,1.3100000000000003,0.022925966734909178,1.31,0.0,0.022917651,0.003
3.6678070581098465,0.19524461051961423,0.003,175.60325623345946,3.989148742434574,1.3200000000000003,0.02292596692121535,1.32,0.0,0.022917651,0.003
3.6685965636111306,0.20162874527063068,0.003,175.580687691998,3.9891410977818014,1.33,0.022925967107521514,1.33,0.0,0.022917651,0.003
3.6693784645675365,0.20798891360788874,0.003,175.55544916370908,3.9891270014382956,1.3400000000000003,0.022925967292838828,1.34,0.0,0.022917651,0.003
3.6701521975407765,0.2143057490200336,0.003,175.52848490020224,3.989123567419887,1.35,0.02292596747798225,1.35,0.0,0.022917651,0.003
3.6709159576297896,0.22052475392169388,0.003,175.50192746110287,3.9891780737373286,1.3600000000000003,0.02292596766370804,1.36,0.0,0.022917651,0.003
3.671670450965708,0.22665285521261347,0.003,175.4757480411653,3.9892864179189518,1.37,0.02292596784997496,1.37,0.0,0.022917651,0.003
3.672416318553174,0.23269634092441002,0.003,175.44992049185248,3.9894448758641468,1.3800000000000003,0.022925968036745584,1.3800000000000001,0.0,0.022917651,0.003
3.673157225476825,0.23873236651694982,0.003,175.42196979140041,3.9895909496471247,1.3900000000000001,0.022925968223956723,1.3900000000000001,0.0,0.022917651,0.003
3.6738937047129356,0.2447625171634913,0.003,175.39204163484177,3.989725184674628,1.4000000000000001,0.022925968411664714,1.4000000000000001,0.0,0.022917651,0.003
3.6747384575007667,0.25187194313609823,0.003,175.35346201712147,3.988991088901986,1.41,0.022925968412137065,1.41,0.0,0.022917651,0.003
3.6755468256436736,0.2585573464984069,0.003,175.31925293924022,3.988535479718103,1.4200000000000002,0.022925968411712967,1.42,0.0,0.022917651,0.003
3.676338683773227,0.26517597246603475,0.003,175.2795728249241,3.988080605680526,1.4299999999999997,0.022925968411664714,1.43,0.0,0.022917651,0.003
3.6771060847792754,0.27151971376847145,0.003,175.24221644704735,3.9878027874513533,1.44,0.022925968411664714,1.44,0.0,0.022917651,0.003
3.6778511241731864,0.2776052053011118,0.003,175.2073951808676,3.987693772399661,1.45,0.022925968411664714,1.45,0.0,0.022917651,0.003
3.6785827898963945,0.2836226980714504,0.003,175.16957067306453,3.987599264346723,1.4600000000000002,0.022925968411664714,1.46,0.0,0.022917651,0.003
3.6793009194701747,0.289541894878666,0.003,175.1303261805624,3.987548909878577,1.47,0.022925968411664714,1.47,0.0,0.022917651,0.003
3.68000315887799,0.29528183779733486,0.003,175.09275036886757,3.9876142490094684,1.4800000000000002,0.022925968411664718,1.48,0.0,0.022917651,0.003
3.6806909750823147,0.30085907534738243,0.003,175.05668918722097,3.9877846010348144,1.49,0.022925968411664718,1.49,0.0,0.022917651,0.003
3.6813739453359586,0.30644669258077806,0.003,175.01712300809243,3.9879251878555553,1.5,0.022925968411664714,1.5,0.0,0.022917651,0.003
3.6824317524739665,0.31613831776121565,0.003,175.2966716788612,3.9852676594293404,1.51,0.022925968414669085,1.51,0.0,0.022917651,0.003
3.6833630092990046,0.3244774475225659,0.003,175.58330125398314,3.983456430985166,1.5200000000000002,0.022925968417158053,1.52,0.0,0.022917651,0.003
3.6841887567557774,0.33155678180805864,0.003,175.88311633140927,3.982482959844411,1.53,0.022925968419904717,1.53,0.0,0.022917651,0.003
3.6849560750192403,0.3380949481490181,0.003,176.1815856735668,3.9818169376540875,1.54,0.022925968422651384,1.54,0.0,0.022917651,0.003
3.6856582917448195,0.34380417536864466,0.003,176.49105870226214,3.981719450634741,1.55,0.02292596842539805,1.55,0.0,0.022917651,0.003
3.6863360763455097,0.349402387602473,0.003,176.79414721047345,3.9816352509914483,1.56,0.02292596842814472,1.56,0.0,0.022917651,0.003
3.6869703728389145,0.35438677423360504,0.003,177.1071480343085,3.9819909230839206,1.5699999999999998,0.022925968430891383,1.57,0.0,0.022917651,0.003
3.6875945205177802,0.35933507582160557,0.003,177.41543039594143,3.9823420841479265,1.5800000000000003,0.022925968433638054,1.58,0.0,0.022917651,0.003
3.6881972590681804,0.36400775457808865,0.003,177.72667131143766,3.9828832311297067,1.59,0.02292596843638472,1.59,0.0,0.022917651,0.003
3.6887737222855597,0.3682994094780811,0.003,178.04438818517295,3.983700300241034,1.6000000000000003,0.02292596843913139,1.6,0.0,0.022917651,0.003
3.6897956584071356,0.37775176007676947,0.003,178.5430701599218,3.980968586124332,1.61,0.02292596786647954,1.61,0.0,0.022917651,0.003
3.690713791933635,0.38597394957947856,0.003,179.0512416688848,3.9790518233353542,1.6200000000000003,0.022925967293827693,1.62,0.0,0.022917651,0.003
3.6915611566393256,0.3935786334095449,0.003,179.55330725160096,3.9774694890206233,1.6300000000000001,0.02292596672117584,1.6300000000000001,0.0,0.022917651,0.003
3.692330858500364,0.40023509534023416,0.003,180.06346682765698,3.976524724453147,1.6400000000000003,0.02292596614852399,1.6400000000000001,0.0,0.022917651,0.003
3.6930493823776556,0.4063835937806037,0.003,180.57276217063873,3.9758832158845165,1.65,0.02292596557587214,1.6500000000000001,0.0,0.022917651,0.003
3.6937289834262947,0.41214341514897856,0.003,181.08130825790778,3.9754746966306187,1.6600000000000004,0.02292596500322029,1.6600000000000001,0.0,0.022917651,0.003
3.694361725658387,0.41728602404937365,0.003,181.5969723828153,3.9754959538029193,1.6700000000000002,0.022925964430568442,1.67,0.0,0.022917651,0.003
3.6949820105951527,0.4223877262916439,0.003,182.10672409705055,3.9755082849815646,1.6800000000000002,0.0229259638579166,1.68,0.0,0.022917651,0.003
3.6955822251726818,0.4272703850957663,0.003,182.61648801842773,3.975659376971669,1.6900000000000002,0.022925963285264746,1.69,0.0,0.022917651,0.003
3.696154054392501,0.4317677815334578,0.003,183.13111068637252,3.976082190090933,1.7,0.022925962712612897,1.7,0.0,0.022917651,0.003
3.69705037492999,0.4398338657848873,0.003,183.44485558310643,3.9740837484128813,1.7100000000000004,0.02292596346882425,1.71,0.0,0.022917651,0.003
3.697923908825674,0.4478471688367418,0.003,183.74658734122815,3.9720469452916713,1.7200000000000002,0.02292596422503561,1.72,0.0,0.022917651,0.003
3.6987490183802905,0.45529870823913265,0.003,184.04964436836036,3.970378207057034,1.73,0.022925964981246952,1.73,0.0,0.022917651,0.003
3.6995268338654856,0.4622015961069587,0.003,184.35399573142377,3.969068942713297,1.7399999999999998,0.022925965737458306,1.74,0.0,0.022917651,0.003
3.7002713139434342,0.4688071495493371,0.003,184.6534565026422,3.9679236674377774,1.7500000000000002,0.02292596649366966,1.75,0.0,0.022917651,0.003
3.7009886843828568,0.47518278948053694,0.003,184.94782994320633,3.96689986333902,1.76,0.02292596724988101,1.76,0.0,0.022917651,0.003
3.701667800996592,0.48109074640172655,0.003,185.24436710093283,3.966190726092632,1.77,0.022925968006092364,1.77,0.0,0.022917651,0.003
3.702311296939164,0.4865632126913505,0.003,185.5429190390414,3.9657745959971087,1.78,0.022925968762303718,1.78,0.0,0.022917651,0.003
3.702934446639904,0.4918707440676649,0.003,185.8382141944171,3.9654420183903096,1.79,0.02292596951851507,1.79,0.0,0.022917651,0.003
3.703548426573429,0.49718871290497074,0.003,186.12789304368684,3.96506233022687,1.8000000000000003,0.02292597027472642,1.8,0.0,0.022917651,0.003
3.704436855903653,0.5055895065593519,0.003,185.9018340280724,3.962563367261875,1.8100000000000003,0.02292596989936741,1.81,0.0,0.022917651,0.003
3.7052940322996695,0.513618378537411,0.003,185.67459746634256,3.960311314037486,1.8200000000000003,0.022925969524008407,1.82,0.0,0.022917651,0.003
3.7061174364260747,0.5212453477999431,0.003,185.44608843513439,3.95832607423527,1.83,0.022925969148649396,1.83,0.0,0.022917651,0.003
3.7069264477553987,0.5288497386390354,0.003,185.20659043705936,3.9563058371030215,1.84,0.022925968773290388,1.84,0.0,0.022917651,0.003
3.7077012862650847,0.5360783274169496,0.003,184.96418150894698,3.9545247098652316,1.85,0.02292596839793138,1.85,0.0,0.022917651,0.003
3.7084329938314093,0.5427739045253038,0.003,184.72217487865277,3.953104071146022,1.86,0.022925968022572372,1.86,0.0,0.022917651,0.003
3.7091200129857227,0.5489172227856173,0.003,184.48058507324694,3.952056938271754,1.8699999999999999,0.022925967647213368,1.87,0.0,0.022917651,0.003
3.70978605770616,0.5549447283079325,0.003,184.23101202714756,3.9510417235670885,1.8800000000000001,0.022925967269404827,1.8800000000000001,0.0,0.022917651,0.003
3.7104182889466633,0.5605880737218646,0.003,183.98038006243016,3.950275416479267,1.8900000000000001,0.022925966890182302,1.8900000000000001,0.0,0.022917651,0.003
3.7110104658674925,0.56572471825156,0.003,183.73139811672817,3.9498555936372712,1.9000000000000001,0.02292596651022966,1.9000000000000001,0.0,0.022917651,0.003
3.7118673252627556,0.5740318928439442,0.003,183.4370527525857,3.9472034984187307,1.9100000000000001,0.022925965750577447,1.9100000000000001,0.0,0.022917651,0.003
3.712708457349684,0.5821540286682787,0.003,183.14059491174942,3.9446735326113274,1.9200000000000004,0.022925964991201274,1.92,0.0,0.022917651,0.003
3.7135452806075935,0.590302890165647,0.003,182.83812308151454,3.9420996036239533,1.9299999999999997,0.02292596423245514,1.93,0.0,0.022917651,0.003
3.7143690898876396,0.5983397370175401,0.003,182.53159702925097,3.93958563230348,1.94,0.022925963474154553,1.94,0.0,0.022917651,0.003
3.715169979691679,0.606104087515926,0.003,182.2229674744079,3.9372524795728787,1.95,0.02292596271613251,1.95,0.0,0.022917651,0.003
3.7159452616804827,0.6135639792094458,0.003,181.91198768671543,3.9351213545430572,1.9600000000000002,0.022925961958421694,1.96,0.0,0.022917651,0.003
3.716691809969303,0.6206822475401028,0.003,181.59837077887173,3.933216918252169,1.97,0.022925961201060087,1.97,0.0,0.022917651,0.003
3.717405968335329,0.627415422605545,0.003,181.28178119023332,3.931568015733712,1.9800000000000002,0.022925960444092133,1.98,0.0,0.022917651,0.003
3.718102020436017,0.6340296016761416,0.003,180.95846513276638,3.929965686133315,1.9900000000000002,0.022925959687767446,1.99,0.0,0.022917651,0.003
3.7187656763579975,0.6402692427147353,0.003,180.63220490306605,3.928608310572609,2.0,0.022925958931556085,2.0,0.0,0.022917651,0.003
3.7197542486710238,0.6503747170741795,0.003,180.1957351853175,3.9245760542659873,2.0100000000000007,0.022925958931556085,2.0100000000000002,0.0,0.022917651,0.003
3.720723442484509,0.6602231881060734,0.003,179.75638379861368,3.9207232868579425,2.0200000000000005,0.022925958931556092,2.02,0.0,0.022917651,0.003
3.7216701064181876,0.6697728612838083,0.003,179.3136821187115,3.9170791972839596,2.0300000000000002,0.022925958931556085,2.0300000000000002,0.0,0.022917651,0.003
3.7226065398210184,0.6792418244144319,0.003,178.86506215352154,3.9134748956551104,2.04,0.02292595893155609,2.04,0.0,0.022917651,0.003
3.7235222089285465,0.6884798687979985,0.003,178.41117937219383,3.910018457483279,2.05,0.022925958931556085,2.05,0.0,0.022917651,0.003
3.724398988281021,0.697210844999099,0.003,177.9528645898165,3.9069135308363676,2.06,0.02292595893155609,2.06,0.0,0.022917651,0.003
3.7252283573741414,0.7053236575216767,0.003,177.4891467824284,3.904237129710877,2.07,0.022925958931556085,2.07,0.0,0.022917651,0.003
3.7260245251513755,0.7130553274146072,0.003,177.0165751342601,3.9018090583350964,2.0800000000000005,0.02292595893155609,2.08,0.0,0.022917651,0.003
3.7267621709495478,0.7200087228685459,0.003,176.53687732396904,3.8999251662746617,2.0900000000000003,0.02292595893155609,2.09,0.0,0.022917651,0.003
3.7274121366925352,0.7257645393074119,0.003,176.0498705250415,3.8988881292340127,2.1,0.022925958931556085,2.1,0.0,0.022917651,0.003
3.728228407661262,0.7349044069630397,0.003,176.8322544558583,3.89503369145851,2.1100000000000003,0.022925959304168436,2.11,0.0,0.022917651,0.003
3.729057386938559,0.7441641510688851,0.003,177.6200001677633,3.891110210266314,2.1200000000000006,0.022925959676780787,2.12,0.0,0.022917651,0.003
3.7298993226933055,0.7535421217008585,0.003,178.41336412469605,3.8871203280489657,2.13,0.022925960049393127,2.13,0.0,0.022917651,0.003
3.7307578739964247,0.7630853165353526,0.003,179.21260906705456,3.883031682178583,2.14,0.02292596042200548,2.14,0.0,0.022917651,0.003
3.731659327322552,0.7731470528300771,0.003,180.0180891663402,3.878596092736352,2.15,0.022925960794617825,2.15,0.0,0.022917651,0.003
3.7325768969286313,0.7833602043471581,0.003,180.83012075252773,3.874073555345486,2.16,0.022925961167230176,2.16,0.0,0.022917651,0.003
3.7335113764157177,0.7937322271050141,0.003,181.6490264352348,3.8694597884978497,2.17,0.02292596153984252,2.17,0.0,0.022917651,0.003
3.7344854931159843,0.8046712097452258,0.003,182.4758601859169,3.8644376145774357,2.1800000000000006,0.02292596191245487,2.18,0.0,0.022917651,0.003
3.735480650656231,0.8158211942098749,0.003,183.31041821911558,3.859288601816852,2.1900000000000004,0.022925962285067217,2.19,0.0,0.022917651,0.003
3.7365046763761733,0.8273086167409756,0.003,184.15348425946635,3.8539176230573835,2.2000000000000006,0.02292596265767956,2.2,0.0,0.022917651,0.003
3.7376419620637145,0.8404794944274991,0.003,183.653952904525,3.847226400863372,2.21,0.022925962657679565,2.21,0.0,0.022917651,0.003
3.7387909442545713,0.8538012816097622,0.003,183.15860694175865,3.8404310552064587,2.22,0.022925962657679565,2.22,0.0,0.022917651,0.003
3.7399531060786995,0.8672931137838967,0.003,182.66797708366747,3.8335183831128212,2.23,0.022925962657679568,2.23,0.0,0.022917651,0.003
3.7411301924823523,0.8809775044269536,0.003,182.18268772920143,3.8264728508933383,2.2400000000000007,0.022925962657679565,2.24,0.0,0.022917651,0.003
3.7423242706683473,0.8948811248035302,0.003,181.70347859126994,3.819276056098141,2.25,0.02292596265767956,2.25,0.0,0.022917651,0.003
3.7435470606256853,0.9091584412115751,0.003,181.23365731134865,3.8118204122091788,2.2600000000000002,0.022925962657679565,2.2600000000000002,0.0,0.022917651,0.003
3.7447951065198217,0.9237573280311555,0.003,180.7735405129358,3.804144221989429,2.2700000000000005,0.022925962657679565,2.27,0.0,0.022917651,0.003
3.7460685835186793,0.9386773677062037,0.003,180.32377161881521,3.7962486038379772,2.2800000000000002,0.02292596265767956,2.2800000000000002,0.0,0.022917651,0.003
3.7473714357557744,0.9539683681296593,0.003,179.88595549502003,3.7880995264742534,2.29,0.022925962657679565,2.29,0.0,0.022917651,0.003
3.7487344542473373,0.96998720088882,0.003,179.47447770548436,3.7794632797619956,2.3000000000000003,0.02292596265767956,2.3000000000000003,0.0,0.022917651,0.003
3.7500526862050476,0.9863006895148775,0.003,179.46042852208177,3.7702710582035923,2.31,0.022925963044025242,2.31,0.0,0.022917651,0.003
3.7514232422952225,1.0032058393830534,0.003,179.47579801318207,3.7606964749809197,2.32,0.022925963430370924,2.32,0.0,0.022917651,0.003
3.752857346818631,1.0207865642082112,0.003,179.53079469070107,3.750700511190035,2.33,0.022925963816716598,2.33,0.0,0.022917651,0.003
3.7543522612529863,1.0390364843002757,0.003,179.63599895819885,3.7402785905429075,2.3400000000000003,0.022925964203062275,2.34,0.0,0.022917651,0.003
3.7559008227985373,1.05782684113383,0.003,179.78966143045088,3.7295308232193056,2.35,0.022925964589407953,2.35,0.0,0.022917651,0.003
3.757529067419105,1.0771854483866723,0.003,180.00808724513857,3.7185335384120717,2.36,0.02292596497575363,2.36,0.0,0.022917651,0.003
3.759221331102789,1.0969586141106678,0.003,180.29390330032228,3.7073777700608606,2.37,0.02292596536209931,2.37,0.0,0.022917651,0.003
3.7609640029291946,1.1170010635264958,0.003,180.64460363638116,3.6961543436152624,2.3800000000000003,0.022925965748444993,2.38,0.0,0.022917651,0.003
3.762765384723241,1.1372347140803885,0.003,181.0643933996457,3.684974552299005,2.39,0.022925966134790667,2.39,0.0,0.022917651,0.003
3.7646298970610688,1.157543480130827,0.003,181.55476922118254,3.673972202804023,2.4,0.022925966521136345,2.4,0.0,0.022917651,0.003
3.766480944839901,1.1768042950579176,0.003,182.0654939572836,3.6638884418454385,2.41,0.022925966521136345,2.41,0.0,0.022917651,0.003
3.7683848554616066,1.1960842271661827,0.003,182.6371918496895,3.653997024887835,2.4200000000000004,0.02292596652113635,2.42,0.0,0.022917651,0.003
3.7703425370694363,1.2153952973580577,0.003,183.27544888364258,3.644289562377136,2.43,0.02292596652113634,2.43,0.0,0.022917651,0.003
3.772357680175568,1.2347313183600308,0.003,183.99373973040707,3.6347869922272844,2.44,0.022925966521136345,2.44,0.0,0.022917651,0.003
3.774437180253669,1.2541181710628213,0.003,184.79489455778287,3.625491017915188,2.4499999999999997,0.022925966521136345,2.45,0.0,0.022917651,0.003
3.7765943831339266,1.2735952183479347,0.003,185.6839933036936,3.6164156609704206,2.46,0.022925966521136345,2.46,0.0,0.022917651,0.003
3.7788393580657007,1.2931893566226123,0.003,186.67231191337444,3.6075742978307095,2.4700000000000006,0.022925966521136345,2.47,0.0,0.022917651,0.003
3.781158023122928,1.312918470493596,0.003,187.77055921184862,3.5988927180222396,2.48,0.02292596652113635,2.48,0.0,0.022917651,0.003
3.783617466674328,1.3328145359763033,0.003,189.00415980676038,3.590607305703425,2.49,0.02292596652113635,2.49,0.0,0.022917651,0.003
3.786183145948652,1.3529057856046156,0.003,190.378875199111,3.582551644892392,2.5,0.022925966521136345,2.5,0.0,0.022917651,0.003
3.7886208981437592,1.3707828120280616,0.003,192.48300521383254,3.576128955582822,2.5100000000000002,0.02292596671018918,2.5100000000000002,0.0,0.022917651,0.003
3.791230118604185,1.3888891111512283,0.003,194.54724025823614,3.570162869858639,2.5200000000000005,0.02292596689924202,2.52,0.0,0.022917651,0.003
3.7941270973312444,1.4072489801479544,0.003,196.36877077160747,3.565094259944467,2.5300000000000002,0.022925967088294853,2.5300000000000002,0.0,0.022917651,0.003
3.7971698985956377,1.4258791154704058,0.003,197.7763513202922,3.5603386585667276,2.5399999999999996,0.022925967277347692,2.54,0.0,0.022917651,0.003
3.800530256713643,1.4447910566394004,0.003,198.9314021624908,3.5565714809604096,2.5500000000000007,0.022925967466400528,2.5500000000000003,0.0,0.022917651,0.003
3.8043676753199653,1.4640199064444073,0.003,199.96888636743526,3.554395640791868,2.56,0.022925967655453367,2.56,0.0,0.022917651,0.003
3.808729408727663,1.4835765808193235,0.003,200.96330263725312,3.553989237695896,2.57,0.022925967844506203,2.57,0.0,0.022917651,0.003
3.8137735487151727,1.5034957433942464,0.003,201.96239805897596,3.555949958026921,2.5800000000000005,0.022925968033559042,2.58,0.0,0.022917651,0.003
3.819586498690679,1.5238169701599467,0.003,202.9768199446776,3.560583867202748,2.59,0.02292596822261188,2.59,0.0,0.022917651,0.003
3.826063950139342,1.5445362708860535,0.003,204.01623684706,3.5674777142636698,2.6,0.022925968411664714,2.6,0.0,0.022917651,0.003
3.8328447371628345,1.5646437408715936,0.003,203.47962776172568,3.5761324404449457,2.61,0.02292596841166472,2.61,0.0,0.022917651,0.003
3.840074024948043,1.5850668176364446,0.003,202.9705129222829,3.5862655631237943,2.6200000000000006,0.02292596841166472,2.62,0.0,0.022917651,0.003
3.847605381192926,1.6057879797464607,0.003,202.48894054610605,3.5973088525409973,2.63,0.022925968411664714,2.63,0.0,0.022917651,0.003
3.8554108844779726,1.6267960110113562,0.003,202.0360192028502,3.6091618717909704,2.6400000000000006,0.022925968411664714,2.64,0.0,0.022917651,0.003
3.863486712480279,1.6480807858812445,0.003,201.61346388520295,3.6218194586251387,2.65,0.022925968411664714,2.65,0.0,0.022917651,0.003
3.871828875675937,1.6696227590489563,0.003,201.22329367632608,3.6352851816678724,2.66,0.022925968411664714,2.66,0.0,0.022917651,0.003
3.880440652710635,1.6913962290562503,0.003,200.86748267711607,3.649597865282056,2.67,0.022925968411664714,2.67,0.0,0.022917651,0.003
3.8893249892775352,1.7133594994245576,0.003,200.54904455895547,3.6648109896729544,2.68,0.022925968411664718,2.68,0.0,0.022917651,0.003
3.8984811276649998,1.7354799997663335,0.003,200.2685567320108,3.680954066114781,2.69,0.022925968411664718,2.69,0.0,0.022917651,0.003
3.9079019359641816,1.75771120856551,0.003,200.03215402965424,3.6980451338338134,2.7,0.022925968411664714,2.7,0.0,0.022917651,0.003
3.916208005617794,1.7773045433844579,0.003,200.73056239518226,3.7132555132386065,2.71,0.022925967652706707,2.71,0.0,0.022917651,0.003
3.9247119747068178,1.796902924462382,0.003,201.47017692300003,3.7292524321502047,2.72,0.022925966893748696,2.72,0.0,0.022917651,0.003
3.9334115041830806,1.8164471234944743,0.003,202.25479407081917,3.7460857798363136,2.73,0.022925966134790678,2.73,0.0,0.022917651,0.003
3.9422988841510853,1.8358563732888116,0.003,203.09039624261914,3.7638054636677074,2.74,0.022925965375832663,2.74,0.0,0.022917651,0.003
3.9513543248544667,1.8550396628655728,0.003,204.00684381411844,3.782423380477755,2.75,0.022925964616874656,2.75,0.0,0.022917651,0.003
3.9605559533259806,1.8738910310317871,0.003,205.11282691867422,3.8019579600234525,2.7600000000000002,0.02292596385791664,2.7600000000000002,0.0,0.022917651,0.003
3.969878955496081,1.892298847405368,0.003,206.52709958634122,3.822421574801224,2.77,0.022925963098958627,2.77,0.0,0.022917651,0.003
3.9792731955949896,1.9100244871556955,0.003,208.51613983339877,3.843852317190197,2.7800000000000002,0.022925962340000616,2.7800000000000002,0.0,0.022917651,0.003
3.9886670127186563,1.9268042385349768,0.003,210.88269819586264,3.8662272507499154,2.79,0.022925961581042605,2.79,0.0,0.022917651,0.003
3.9979328052847105,1.9421809603451332,0.003,213.65348435876132,3.889493130955803,2.8000000000000007,0.022925960822084594,2.8000000000000003,0.0,0.022917651,0.003
4.006262754909624,1.9545324105345125,0.003,216.78191047671046,3.9119854848014812,2.8100000000000005,0.022925960822084594,2.81,0.0,0.022917651,0.003
4.014338826719063,1.9651396378761066,0.003,221.3648323544345,3.935206527272887,2.8200000000000003,0.022925960822084594,2.82,0.0,0.022917651,0.003
4.022245831726203,1.9744175384604739,0.003,232.24054982907856,3.959080643710314,2.8299999999999996,0.022925960822084587,2.83,0.0,0.022917651,0.003
4.0296705336064935,1.9812917797326786,0.003,244.7456468963178,3.9834292156687146,2.84,0.02292596082208459,2.84,0.0,0.022917651,0.003
4.036249332512745,1.9845433878544778,0.003,256.5583376936621,4.008016788738246,2.85,0.022925960822084594,2.85,0.0,0.022917651,0.003
4.041467446770774,1.9824292947993616,0.003,266.8615358953788,4.032527341541899,2.86,0.02292596082208459,2.86,0.0,0.022917651,0.003
4.044938912212665,1.9738145025031715,0.003,275.05022184329226,4.0565519895980335,2.8700000000000006,0.022925960822084587,2.87,0.0,0.022917651,0.003
4.046502136295204,1.9586233155086523,0.003,280.5887429647858,4.079520071788488,2.8800000000000003,0.02292596082208459,2.88,0.0,0.022917651,0.003
4.046604288817828,1.9390016484535801,0.003,284.1586990839626,4.101074352693837,2.89,0.022925960822084594,2.89,0.0,0.022917651,0.003
4.045529946462381,1.9166927364506827,0.003,286.3742054438187,4.120609880732034,2.9000000000000004,0.022925960822084594,2.9,0.0,0.022917651,0.003
4.044226001051215,1.899300080601475,0.003,287.40883611290155,4.134259083560285,2.9100000000000006,0.022925960301619402,2.91,0.0,0.022917651,0.003
4.043097396250645,1.8849868036527404,0.003,288.2852980220283,4.145530272362733,2.9200000000000004,0.022925959781154213,2.92,0.0,0.022917651,0.003
4.042315671369266,1.874083509177951,0.003,289.11964771320584,4.154778995684945,2.9299999999999997,0.022925959260689015,2.93,0.0,0.022917651,0.003
4.042265524666715,1.8683589336616195,0.003,289.85802822078966,4.161775311596417,2.9400000000000004,0.02292595874022383,2.94,0.0,0.022917651,0.003
4.042493242406705,1.8645412336850997,0.003,290.57785677931906,4.167976209683683,2.95,0.022925958219758638,2.95,0.0,0.022917651,0.003
4.0428346365291725,1.8615177022472331,0.003,291.29879951594046,4.173837644802626,2.9600000000000004,0.022925957699293446,2.96,0.0,0.022917651,0.003
4.043253035854091,1.8590321463128816,0.003,292.02049700484787,4.179469125255247,2.9700000000000006,0.022925957178828255,2.97,0.0,0.022917651,0.003
4.043726010920037,1.8569278686665247,0.003,292.742729407813,4.1849376304033825,2.98,0.022925956658363066,2.98,0.0,0.022917651,0.003
4.0442390721437125,1.8551036418505358,0.003,293.465354707858,4.190286429366329,2.99,0.022925956137897878,2.99,0.0,0.022917651,0.003
4.0447824421354355,1.8534911588418725,0.003,294.1882770737017,4.195544719604917,3.0,0.022925955617432686,3.0,0.0,0.022917651,0.003
4.047324547101746,1.8631189998991995,0.003,294.87844922204,4.1975093449207925,3.0100000000000002,0.022925951458737125,3.0100000000000002,0.0,0.022917651,0.003
4.050138059265591,1.8738036416315458,0.003,295.5152404460477,4.199502795367201,3.0200000000000005,0.022925947300041567,3.02,0.0,0.022917651,0.003
4.053222958525667,1.8854009272879728,0.003,296.0813073716708,4.201669145902555,3.03,0.022925943141346,3.0300000000000002,0.0,0.022917651,0.003
4.0562524469842804,1.8969334282353256,0.003,296.56259641606414,4.203678628825525,3.04,0.022925938982650444,3.04,0.0,0.022917651,0.003
4.059607546229469,1.9093949478745993,0.003,297.07808099281726,4.206061545268047,3.0500000000000007,0.022925934823954885,3.0500000000000003,0.0,0.022917651,0.003
4.063199022400103,1.922362878673618,0.003,297.6366975754879,4.208883567785191,3.06,0.022925930665259324,3.06,0.0,0.022917651,0.003
4.066985182570844,1.9356263081638254,0.003,298.30032018444825,4.212188832549793,3.0700000000000007,0.022925926506563762,3.0700000000000003,0.0,0.022917651,0.003
4.070953680619233,1.9491791518860837,0.003,299.1472479268042,4.215934023922037,3.0800000000000005,0.0229259223478682,3.08,0.0,0.022917651,0.003
4.0751579633990564,1.963208584814858,0.003,300.3263887911719,4.220145757452514,3.09,0.02292591818917264,3.09,0.0,0.022917651,0.003
4.079659818090891,1.9779007373606954,0.003,302.1112664617549,4.224885074201171,3.1,0.02292591403047708,3.1,0.0,0.022917651,0.003
4.083379299885326,1.989602762628477,0.003,302.8831860778693,4.2294398055219,3.1100000000000003,0.022925906074710487,3.11,0.0,0.022917651,0.003
4.086883087927193,2.0002242782834116,0.003,302.85560924581154,4.234212273269614,3.1200000000000006,0.022925898118943886,3.12,0.0,0.022917651,0.003
4.090136421593282,2.009343395014476,0.003,301.907650307208,4.239485314763015,3.13,0.022925890163177278,3.13,0.0,0.022917651,0.003
4.093075560338924,2.0170613111222107,0.003,300.5025158798598,4.244902768269841,3.14,0.022925882207410684,3.14,0.0,0.022917651,0.003
4.095688729256633,2.0235939068923186,0.003,298.839809567782,4.250201682551959,3.15,0.022925874251644086,3.15,0.0,0.022917651,0.003
4.097907499649323,2.0285652317374474,0.003,297.0810938126387,4.255484257760336,3.16,0.022925866295877485,3.16,0.0,0.022917651,0.003
4.099748752693213,2.0320540302859644,0.003,295.24810583958566,4.260739303818076,3.1699999999999995,0.022925858340110888,3.17,0.0,0.022917651,0.003
4.101354581019915,2.034792089860214,0.003,293.33852151078656,4.265803388086733,3.1800000000000006,0.02292585038434429,3.18,0.0,0.022917651,0.003
4.102823509639689,2.0372863157928185,0.003,291.1706178674259,4.270563705002317,3.1900000000000004,0.02292584242857769,3.19,0.0,0.022917651,0.003
4.104242392407178,2.0399804545420235,0.003,288.53774241189734,4.274923928017581,3.2000000000000006,0.02292583447281109,3.2,0.0,0.022917651,0.003
4.107387731808755,2.0479958091419266,0.003,287.6265761069829,4.280826329281712,3.2100000000000004,0.022925821810413218,3.21,0.0,0.022917651,0.003
4.110202939036451,2.0550257632567477,0.003,286.7098045482902,4.286393601294328,3.2200000000000006,0.02292580914801534,3.22,0.0,0.022917651,0.003
4.112524820421577,2.0605512586797676,0.003,285.78459498751516,4.291492028001825,3.23,0.022925796485617468,3.23,0.0,0.022917651,0.003
4.114654322080734,2.065461662764427,0.003,284.8566541297703,4.296436026876856,3.24,0.022925783823219595,3.24,0.0,0.022917651,0.003
4.11647467103551,2.0694445148041076,0.003,283.9231002337005,4.301070966619903,3.2500000000000004,0.02292577116082172,3.25,0.0,0.022917651,0.003
4.118342037597006,2.073477431374401,0.003,282.9920477188798,4.305843912488992,3.2600000000000002,0.02292575849842385,3.2600000000000002,0.0,0.022917651,0.003
4.120257753856175,2.077561034860036,0.003,282.06363365660746,4.310759570473995,3.27,0.02292574583602598,3.27,0.0,0.022917651,0.003
4.12217531625789,2.0816279048819184,0.003,281.1368729543074,4.315699346602511,3.2800000000000002,0.0229257331736281,3.2800000000000002,0.0,0.022917651,0.003
4.1241334070681654,2.08573213032317,0.003,280.21275071431575,4.320763881175158,3.29,0.022925720511230232,3.29,0.0,0.022917651,0.003
4.12596103266076,2.0896313212678876,0.003,279.2871860975812,4.325511589091617,3.3000000000000007,0.022925707848832355,3.3000000000000003,0.0,0.022917651,0.003
4.127149678702279,2.0907417505147836,0.003,283.0378828150503,4.330452240022918,3.31,0.022925691331677343,3.31,0.0,0.022917651,0.003
4.128257543719621,2.091416089285968,0.003,286.83347520662244,4.33550585684541,3.32,0.022925674814522328,3.3200000000000003,0.0,0.022917651,0.003
4.129262286673059,2.0915337311055575,0.003,290.68637975313686,4.340703681741139,3.33,0.022925658297367316,3.33,0.0,0.022917651,0.003
4.130105137023677,2.0917524988008656,0.003,294.5808494713975,4.345152811351904,3.34,0.022925641780212305,3.34,0.0,0.022917651,0.003
4.130771330794466,2.0922050864846957,0.003,298.512837588701,4.348661496352073,3.3500000000000005,0.022925625263057293,3.35,0.0,0.022917651,0.003
4.1312491615305555,2.0916855750458767,0.003,302.5441350525639,4.35238882794198,3.36,0.022925608745902278,3.36,0.0,0.022917651,0.003
4.1318253931715265,2.093409002422217,0.003,306.637252644525,4.35426682497893,3.3700000000000006,0.022925592228747266,3.37,0.0,0.022917651,0.003
4.1325231542641,2.096722840788237,0.003,310.7893603734445,4.355040529408099,3.3800000000000003,0.022925575711592254,3.38,0.0,0.022917651,0.003
4.133198062197301,2.1000004203552396,0.003,315.03628800124767,4.355759080073227,3.39,0.022925559194437246,3.39,0.0,0.022917651,0.003
4.133848236879036,2.103238758171054,0.003,319.38583620613576,4.356417939564237,3.4,0.02292554267728223,3.4,0.0,0.022917651,0.003
4.134610270313744,2.107496078786671,0.003,319.55061733255985,4.356469849564463,3.41,0.022924948215200847,3.41,0.0,0.022917651,0.003
4.1353685751304985,2.111735580521868,0.003,319.71858896452477,4.35652466399095,3.4200000000000004,0.02292435375311947,3.42,0.0,0.022917651,0.003
4.136122995892682,2.1159565205527535,0.003,319.8898841061076,4.356582503921854,3.4299999999999997,0.022923759291038084,3.43,0.0,0.022917651,0.003
4.136873368402255,2.120158114185023,0.003,320.06464325836515,4.356643497260094,3.44,0.022923164828956705,3.44,0.0,0.022917651,0.003
4.137619519073612,2.1243395318616787,0.003,320.2430149551074,4.356707779221072,3.4500000000000006,0.022922570366875325,3.45,0.0,0.022917651,0.003
4.138361264252974,2.1284998959104158,0.003,320.42515634528434,4.35677549286285,3.4600000000000004,0.022921975904793942,3.46,0.0,0.022917651,0.003
4.139098409477692,2.1326382770038657,0.003,320.6112338267869,4.356846789663116,3.47,0.02292138144271256,3.47,0.0,0.022917651,0.003
4.139830748669178,2.1367536903026716,0.003,320.8014237370364,4.356921830147855,3.4800000000000004,0.02292078698063118,3.48,0.0,0.022917651,0.003
4.140558063252434,2.1408450912477446,0.003,320.9959131063896,4.357000784577192,3.49,0.0229201925185498,3.49,0.0,0.022917651,0.003
4.141280121194254,2.1449113709638983,0.003,321.1949004811269,4.357083833694593,3.5000000000000004,0.022919598056468416,3.5,0.0,0.022917651,0.003
4.141973636999175,2.1488431577568483,0.003,321.090076967034,4.357149555261661,3.5100000000000002,0.022919524731764288,3.5100000000000002,0.0,0.022917651,0.003
4.142724282012547,2.153133291163806,0.003,320.9011505207539,4.357085447047677,3.520000000000001,0.022919451433652403,3.52,0.0,0.022917651,0.003
4.143509414268613,2.1576401605879174,0.003,320.66082521448584,4.35694255181141,3.5300000000000002,0.02291937815156793,3.5300000000000002,0.0,0.022917651,0.003
4.144294452723136,2.1621474096462343,0.003,320.4216329720647,4.3567989017429625,3.54,0.022919304869702357,3.54,0.0,0.022917651,0.003
4.145079396651653,2.166655041270808,0.003,320.18358254454944,4.356654491012495,3.5500000000000007,0.02291923158805737,3.5500000000000003,0.0,0.022917651,0.003
4.14586424532222,2.17116305842396,0.003,319.94668277334864,4.356509313729976,3.56,0.022919158306634678,3.56,0.0,0.022917651,0.003
4.14664899799532,2.1756714640986785,0.003,319.71094259138926,4.356363363944411,3.5700000000000007,0.022919085025436003,3.5700000000000003,0.0,0.022917651,0.003
4.147433653923757,2.18018026131901,0.003,319.4763710243038,4.3562166356430385,3.58,0.0229190117444631,3.58,0.0,0.022917651,0.003
4.148218212352563,2.1846894531404666,0.003,319.2429771916361,4.35606912275054,3.59,0.022918938463717713,3.59,0.0,0.022917651,0.003
4.149002672518897,2.1891990426504377,0.003,319.01077030806596,4.355920819128219,3.6000000000000005,0.022918865183201638,3.6,0.0,0.022917651,0.003
4.149764833636275,2.193576925885814,0.003,318.9428252421603,4.355781504079655,3.6100000000000003,0.02291882541309684,3.61,0.0,0.022917651,0.003
4.15052681571616,2.1979548940789164,0.003,318.87460724035975,4.3556413878859,3.6200000000000006,0.022918785643447695,3.62,0.0,0.022917651,0.003
4.151288614237126,2.202332949375273,0.003,318.80610940992335,4.355500450314779,3.6300000000000003,0.0229187458742657,3.63,0.0,0.022917651,0.003
4.152050224524212,2.206711093993269,0.003,318.737324624047,4.35535867044708,3.6399999999999997,0.02291870610556277,3.64,0.0,0.022917651,0.003
4.152811641742341,2.2110893302272667,0.003,318.6682455118426,4.3552160266471285,3.65,0.022918666337351207,3.65,0.0,0.022917651,0.003
4.153572860889417,2.2154676604508876,0.003,318.59886444779875,4.35507249653186,3.66,0.02291862656964373,3.66,0.0,0.022917651,0.003
4.154333876789038,2.21984608712046,0.003,318.52917354069007,4.354928056938262,3.6699999999999995,0.02291858680245352,3.67,0.0,0.022917651,0.003
4.155094684082847,2.2242246127786585,0.003,318.45916462190166,4.354782683889108,3.68,0.022918547035794223,3.68,0.0,0.022917651,0.003
4.15585527722246,2.2286032400583284,0.003,318.3888292331328,4.354636352556856,3.6900000000000004,0.022918507269679946,3.69,0.0,0.022917651,0.003
4.156615650460971,2.232981971686519,0.003,318.31815861344074,4.354489037225623,3.7,0.02291846750412532,3.7,0.0,0.022917651,0.003
4.157354284205895,2.2372482655703534,0.003,318.38489178744624,4.354335465603808,3.71,0.02291844680413343,3.71,0.0,0.022917651,0.003
4.1580920390569736,2.2415127317445314,0.003,318.4529342709116,4.354180206176964,3.7200000000000006,0.02291842610464213,3.72,0.0,0.022917651,0.003
4.158828853998644,2.245775243323725,0.003,318.5223769601992,4.35402314177238,3.7300000000000004,0.022918405405686192,3.73,0.0,0.022917651,0.003
4.159564662233695,2.2500356613993406,0.003,318.59331936473313,4.353864144114421,3.74,0.02291838470730365,3.74,0.0,0.022917651,0.003
4.160299390481836,2.2542938335808547,0.003,318.6658706519377,4.353703072477509,3.7499999999999996,0.02291836400953625,3.75,0.0,0.022917651,0.003
4.161032958173612,2.2585495923195062,0.003,318.7401508480851,4.3535397721381415,3.7600000000000002,0.022918343312429874,3.7600000000000002,0.0,0.022917651,0.003
4.161765276520971,2.262802752975505,0.003,318.8162922228837,4.353374072590044,3.77,0.0229183226160351,3.77,0.0,0.022917651,0.003
4.162496247441916,2.2670531115817623,0.003,318.89444089146616,4.353205785479076,3.7800000000000007,0.02291830192040779,3.7800000000000002,0.0,0.022917651,0.003
4.163225762311751,2.271300442247061,0.003,318.97475867467045,4.3530347022051865,3.7900000000000005,0.02291828122560982,3.79,0.0,0.022917651,0.003
4.163953700507451,2.2755444941289698,0.003,319.05742526754125,4.3528605911270315,3.8000000000000003,0.022918260531709887,3.8000000000000003,0.0,0.022917651,0.003
4.164659574486644,2.2796736919253107,0.003,318.71727357762694,4.352682989872977,3.8100000000000005,0.022918249470001404,3.81,0.0,0.022917651,0.003
4.165365017175893,2.283802101933689,0.003,318.3785935992929,4.35250445119947,3.8200000000000003,0.022918238411005418,3.8200000000000003,0.0,0.022917651,0.003
4.166070020643972,2.287929709667041,0.003,318.0414123966495,4.352324957867792,3.8299999999999996,0.02291822735477181,3.83,0.0,0.022917651,0.003
4.166774576763987,2.2920565002808972,0.003,317.7057577014953,4.352144492213934,3.8400000000000003,0.022918216301351685,3.84,0.0,0.022917651,0.003
4.1674786772073,2.2961824585622943,0.003,317.37165793403534,4.351963036135397,3.85,0.022918205250797432,3.85,0.0,0.022917651,0.003
4.168182313437239,2.3003075689182655,0.003,317.0391422243761,4.351780571077509,3.86,0.02291819420316274,3.86,0.0,0.022917651,0.003
4.168885476702554,2.304431815363907,0.003,316.7082404348298,4.351597078019212,3.8700000000000006,0.022918183158502643,3.87,0.0,0.022917651,0.003
4.169588493537183,2.308556926527258,0.003,316.37615682509994,4.351412134474556,3.8800000000000003,0.02291817211599164,3.88,0.0,0.022917651,0.003
4.170296664150653,2.312709624708407,0.003,316.00003705636726,4.351220219181133,3.8900000000000006,0.02291816106197356,3.89,0.0,0.022917651,0.003
4.171004879921781,2.3168625705835724,0.003,315.62453199460515,4.351028236940551,3.9000000000000004,0.022918150010088012,3.9,0.0,0.022917651,0.003
4.171700059322064,2.3208904881733066,0.003,314.62221280151465,4.35088057529624,3.910000000000001,0.022918108110416627,3.91,0.0,0.022917651,0.003
4.17239503957858,2.3249186573646092,0.003,313.62060114050627,4.350731865443049,3.920000000000001,0.02291806621125331,3.92,0.0,0.022917651,0.003
4.173089816922135,2.328947082919533,0.003,312.6197104030139,4.350582087541568,3.9299999999999993,0.022918024312607668,3.93,0.0,0.022917651,0.003
4.173784387487825,2.3329757697210707,0.003,311.61955432056357,4.350431221248538,3.94,0.022917982414489575,3.94,0.0,0.022917651,0.003
4.174478747311956,2.3370047227770163,0.003,310.62014697563694,4.350279245700763,3.9500000000000006,0.02291794051690913,3.95,0.0,0.022917651,0.003
4.17517289232888,2.3410339472239765,0.003,309.6215028129573,4.350126139498381,3.9600000000000004,0.02291789861987672,3.96,0.0,0.022917651,0.003
4.175866818367694,2.345063448331544,0.003,308.62363665121103,4.349971880687507,3.9700000000000006,0.02291785672340297,3.97,0.0,0.022917651,0.003
4.176560521148804,2.3490932315066235,0.003,307.6265636952295,4.349816446742181,3.9800000000000004,0.02291781482749881,3.98,0.0,0.022917651,0.003
4.177253996280373,2.353123302297938,0.003,306.6302995486487,4.349659814545613,3.99,0.02291777293217544,3.99,0.0,0.022917651,0.003
4.17794723925461,2.3571536664007064,0.003,305.6348602270707,4.349501960370688,4.0,0.02291773103744436,4.0,0.0,0.022917651,0.003
4.178619168184304,2.361068904721805,0.003,305.51847320860605,4.349346824171355,4.01,0.02291772668809749,4.01,0.0,0.022917651,0.003
4.179290629388649,2.3649844596369958,0.003,305.40381615240375,4.349189500414892,4.0200000000000005,0.02291772234000109,4.0200000000000005,0.0,0.022917651,0.003
4.179961610079411,2.3689003398023774,0.003,305.29093635791554,4.349029929290598,4.03,0.022917717993189354,4.03,0.0,0.022917651,0.003
4.180632096997883,2.372816554192514,0.003,305.17988286475907,4.348868048787315,4.04,0.02291771364769774,4.04,0.0,0.022917651,0.003
4.1813020763930275,2.376733112115208,0.003,305.07070653348654,4.3487037945912945,4.05,0.022917709303562996,4.05,0.0,0.022917651,0.003
4.1819715339984285,2.3806500232271204,0.003,304.96346013089584,4.3485370999783095,4.0600000000000005,0.022917704960823265,4.0600000000000005,0.0,0.022917651,0.003
4.1826404550079,2.3845672975502636,0.003,304.8581984201822,4.348367895699675,4.07,0.02291770061951814,4.07,0.0,0.022917651,0.003
4.183308824049732,2.388484945489447,0.003,304.7549782562553,4.348196109861703,4.08,0.02291769627968871,4.08,0.0,0.022917651,0.003
4.183976625159419,2.3924029778507307,0.003,304.6538586865701,4.348021667798211,4.09,0.022917691941377664,4.09,0.0,0.022917651,0.003
4.184643841750809,2.396321405860954,0.003,304.5549010578469,4.347844491935566,4.1,0.02291768760462934,4.1,0.0,0.022917651,0.003
4.185283966924226,2.400141835360682,0.003,304.6184613109526,4.347631106670313,4.110000000000001,0.022917685426830973,4.11,0.0,0.022917651,0.003
4.185923664714656,2.40396198541713,0.003,304.6818655677089,4.347416291238602,4.120000000000001,0.02291768324805313,4.12,0.0,0.022917651,0.003
4.186562916902036,2.407781844117156,0.003,304.7451071777266,4.347199984670014,4.13,0.02291768106825406,4.13,0.0,0.022917651,0.003
4.187201704215709,2.4116013988606904,0.003,304.80817910714455,4.3469821224784715,4.14,0.022917678887389593,4.14,0.0,0.022917651,0.003
4.1878400062575825,2.4154206363104924,0.003,304.87107391058515,4.346762636405138,4.15,0.022917676705412986,4.15,0.0,0.022917651,0.003
4.188477801418459,2.4192395423374426,0.003,304.933783700613,4.346541454138414,4.16,0.022917674522274712,4.16,0.0,0.022917651,0.003
4.189115066786801,2.4230581019608906,0.003,304.99630011443224,4.346318499008623,4.17,0.022917672337922263,4.17,0.0,0.022917651,0.003
4.189751778049112,2.4268762992835176,0.003,305.0586142775282,4.346093689654669,4.18,0.022917670152299913,4.18,0.0,0.022917651,0.003
4.190387909381038,2.430694117420138,0.003,305.12071676391844,4.345866939659636,4.19,0.022917667965348488,4.19,0.0,0.022917651,0.003
4.191023433328167,2.4345115384197515,0.003,305.18259755264125,4.345638157151867,4.2,0.022917665777005065,4.2,0.0,0.022917651,0.003
4.191651075516531,2.4382379923326662,0.003,305.23524676886007,4.3454441881879875,4.21,0.02291766463050208,4.21,0.0,0.022917651,0.003
4.1922785239417975,2.4419644599357855,0.003,305.2884051356774,4.345249430604599,4.22,0.022917663484200525,4.22,0.0,0.022917651,0.003
4.192905774994922,2.4456909414841044,0.003,305.3420821365687,4.3450538697128165,4.2299999999999995,0.02291766233810416,4.23,0.0,0.022917651,0.003
4.193533898054458,2.4494214303723796,0.003,305.38975573556576,4.344857789907161,4.24,0.022917661202391578,4.24,0.0,0.022917651,0.003
4.194163161815536,2.4531570998631826,0.003,305.42950005075954,4.344661092741594,4.250000000000001,0.022917660080332396,4.25,0.0,0.022917651,0.003
4.194792169992346,2.456892838932805,0.003,305.46968145670854,4.344463303731088,4.26,0.02291765895902348,4.26,0.0,0.022917651,0.003
4.195420916268114,2.4606286493008915,0.003,305.51031075613423,4.344264395890636,4.2700000000000005,0.02291765783848337,4.2700000000000005,0.0,0.022917651,0.003
4.1960493941161685,2.464364532744225,0.003,305.55139911070137,4.344064341338598,4.28,0.022917656718731232,4.28,0.0,0.022917651,0.003
4.196677596791167,2.4681004910991207,0.003,305.59295805605177,4.343863111259147,4.29,0.02291765559978686,4.29,0.0,0.022917651,0.003
4.197305517319846,2.471836526263939,0.003,305.63499951759877,4.34366067586281,4.3,0.022917654481670723,4.3,0.0,0.022917651,0.003
4.197914194979414,2.4754739438984332,0.003,305.04632358515016,4.343456392844767,4.310000000000001,0.02291765389354255,4.3100000000000005,0.0,0.022917651,0.003
4.198521990936832,2.4791107002204167,0.003,304.4593394783105,4.343249244137905,4.32,0.022917653301196952,4.32,0.0,0.022917651,0.003
4.1991288694689,2.4827467684360367,0.003,303.8741157433819,4.343039113635472,4.33,0.022917652704463064,4.33,0.0,0.022917651,0.003
4.199734792896181,2.486382120284178,0.003,303.29072468034025,4.342825878872581,4.34,0.022917652103160657,4.34,0.0,0.022917651,0.003
4.200339721447219,2.490016725934634,0.003,302.7092426033454,4.342609410584946,4.3500000000000005,0.02291765149709949,4.3500000000000005,0.0,0.022917651,0.003
4.200943613111323,2.4936505538776728,0.003,302.12975012325353,4.34238957223034,4.36,0.02291765088607862,4.36,0.0,0.022917651,0.003
4.201546423478718,2.497283570804155,0.003,301.5523324543288,4.342166219469089,4.37,0.02291765026988561,4.37,0.0,0.022917651,0.003
4.202148105566801,2.5009157414752177,0.003,300.9770797476087,4.341939199599386,4.380000000000001,0.022917649648295745,4.38,0.0,0.022917651,0.003
4.202748609631102,2.5045470285804803,0.003,300.4040874536646,4.341708350942846,4.39,0.022917649021071077,4.39,0.0,0.022917651,0.003
4.203347882959298,2.5081773925835567,0.003,299.83345671782706,4.34147350217505,4.400000000000001,0.02291764838795947,4.4,0.0,0.022917651,0.003
4.203940805726556,2.5117255645574095,0.003,301.9326169469687,4.341273004414334,4.41,0.022917647867312756,4.41,0.0,0.022917651,0.003
4.2045336274914,2.515273883440574,0.003,304.0319889054666,4.341071955802032,4.42,0.02291764734375743,4.42,0.0,0.022917651,0.003
4.2051263472575435,2.5188223506821594,0.003,306.1315746818148,4.340870350904556,4.430000000000001,0.022917646817264797,4.43,0.0,0.022917651,0.003
4.205718964015557,2.5223709677503994,0.003,308.2313763920662,4.340668184216618,4.44,0.02291764628780579,4.44,0.0,0.022917651,0.003
4.206311476742643,2.5259197361329613,0.003,310.3313961802872,4.340465450160048,4.45,0.022917645755350952,4.45,0.0,0.022917651,0.003
4.20690388440242,2.5294686573372775,0.003,312.43163621902477,4.340262143082578,4.46,0.02291764521987044,4.46,0.0,0.022917651,0.003
4.207496185944692,2.533017732890869,0.003,314.5320987097796,4.3400582572566115,4.47,0.02291764468133401,4.47,0.0,0.022917651,0.003
4.208088380305226,2.5365669643416813,0.003,316.6327858834906,4.339853786877967,4.48,0.02291764413971102,4.48,0.0,0.022917651,0.003
4.208680466405503,2.5401163532584285,0.003,318.733700001028,4.339648726064586,4.49,0.02291764359497041,4.49,0.0,0.022917651,0.003
4.209272443152489,2.543665901230944,0.003,320.83484335369775,4.339443068855227,4.5,0.022917643047080695,4.5,0.0,0.022917651,0.003
4.20984850317044,2.547128370892344,0.003,320.56882073153474,4.339239369739809,4.51,0.022917642954409897,4.51,0.0,0.022917651,0.003
4.210424570856706,2.5505912676366886,0.003,320.3030502511438,4.339035274207675,4.520000000000001,0.022917642863769842,4.5200000000000005,0.0,0.022917651,0.003
4.211000999523888,2.554055530519159,0.003,320.0365606512764,4.338831256378363,4.53,0.0229176427790588,4.53,0.0,0.022917651,0.003
4.211579131200789,2.557524753845985,0.003,319.7655467431736,4.338629089843491,4.54,0.022917642715624437,4.54,0.0,0.022917651,0.003
4.212157194416458,2.560994234255718,0.003,319.494786037678,4.338426392510384,4.55,0.022917642654236414,4.55,0.0,0.022917651,0.003
4.212735189132961,2.5644639718908095,0.003,319.22427867509225,4.338223164084924,4.56,0.022917642594895853,4.5600000000000005,0.0,0.022917651,0.003
4.213313115312338,2.5679339668938184,0.003,318.95402479582265,4.338019404272766,4.57,0.0229176425376039,4.57,0.0,0.022917651,0.003
4.213890972916593,2.571404219407407,0.003,318.6840245403793,4.33781511277936,4.58,0.022917642482361687,4.58,0.0,0.022917651,0.003
4.214468761907709,2.5748747295743457,0.003,318.4142780493762,4.337610289309928,4.59,0.022917642429170357,4.59,0.0,0.022917651,0.003
4.215046482247637,2.578345497537508,0.003,318.14478546353126,4.337404933569476,4.6000000000000005,0.02291764237803104,4.6000000000000005,0.0,0.022917651,0.003
4.215603426523813,2.5817258435564385,0.003,318.30773524581144,4.337186366177308,4.61,0.022917642437944193,4.61,0.0,0.022917651,0.003
4.216159730120169,2.585106175784668,0.003,318.4713757292032,4.33696524989246,4.62,0.02291764248349483,4.62,0.0,0.022917651,0.003
4.216715372278951,2.5884864937753815,0.003,318.63572929212677,4.3367415021319005,4.63,0.022917642514217604,4.63,0.0,0.022917651,0.003
4.217270331335897,2.5918667970622553,0.003,318.80081929029194,4.336515036706111,4.639999999999999,0.022917642529626865,4.64,0.0,0.022917651,0.003
4.217824584670195,2.5952470851583738,0.003,318.9666701106361,4.336285763620034,4.65,0.022917642529215496,4.65,0.0,0.022917651,0.003
4.218378108651108,2.5986273575550816,0.003,319.1333072288742,4.336053588860698,4.66,0.022917642512453755,4.66,0.0,0.022917651,0.003
4.218930878580975,2.6020076137207595,0.003,319.30075727094663,4.335818414170458,4.67,0.022917642478787983,4.67,0.0,0.022917651,0.003
4.219482868634306,2.6053878530995114,0.003,319.4690480786761,4.335580136804701,4.68,0.02291764242763923,4.68,0.0,0.022917651,0.003
4.220034051792663,2.6087680751097624,0.003,319.6382087799735,4.335338649272767,4.690000000000001,0.02291764235840181,4.69,0.0,0.022917651,0.003
4.220584399774975,2.612148279142759,0.003,319.80826986396545,4.335093839060705,4.700000000000001,0.022917642270441733,4.7,0.0,0.022917651,0.003
4.2211267921057525,2.6154457236294477,0.003,319.55471018315325,4.334880303849799,4.71,0.022917642194983587,4.71,0.0,0.022917651,0.003
4.221668492813014,2.618742934619576,0.003,319.302124411893,4.334664235491766,4.720000000000001,0.022917642131256532,4.72,0.0,0.022917651,0.003
4.222209480122118,2.622039904761885,0.003,319.05054321214146,4.334445554234594,4.73,0.022917642079629895,4.73,0.0,0.022917651,0.003
4.222749731334677,2.6253366263932536,0.003,318.79999854662907,4.334224176942945,4.74,0.022917642040488684,4.74,0.0,0.022917651,0.003
4.223289222779048,2.628633091521981,0.003,318.5505237485773,4.334000016916823,4.75,0.0229176420142344,4.75,0.0,0.022917651,0.003
4.2238279297576025,2.631929291809989,0.003,318.3021535959491,4.333772983698448,4.76,0.022917642001285966,4.76,0.0,0.022917651,0.003
4.224365826490528,2.6352252185538476,0.003,318.05492439058014,4.333542982866432,4.7700000000000005,0.022917642002080643,4.7700000000000005,0.0,0.022917651,0.003
4.224910803775478,2.638532184402725,0.003,317.80640752080166,4.333330265370766,4.78,0.022917642045422293,4.78,0.0,0.022917651,0.003
4.225459137860396,2.6418443714485487,0.003,317.5574616384444,4.333125753987313,4.790000000000001,0.022917642101415427,4.79,0.0,0.022917651,0.003
4.226008220884603,2.645157964333624,0.003,317.3088348634508,4.332922832507155,4.8,0.022917642158258613,4.8,0.0,0.022917651,0.003
4.2265400182322335,2.6484004689990908,0.003,317.1320441257798,4.332703001500338,4.8100000000000005,0.022917642225296027,4.8100000000000005,0.0,0.022917651,0.003
4.227070917543222,2.651642278317366,0.003,316.9557734389654,4.332480273686292,4.82,0.02291764229116355,4.82,0.0,0.022917651,0.003
4.227600852451828,2.6548833409016463,0.003,316.7800612352481,4.332254434988271,4.829999999999999,0.022917642355774714,4.83,0.0,0.022917651,0.003
4.228129749887838,2.6581236001738753,0.003,316.6049498294143,4.332025249702833,4.84,0.022917642419034337,4.84,0.0,0.022917651,0.003
4.228657529207988,2.6613629936922054,0.003,316.4304859217825,4.331792457698071,4.8500000000000005,0.02291764248083737,4.8500000000000005,0.0,0.022917651,0.003
4.22918410118878,2.6646014523711385,0.003,316.256721181466,4.331555771164708,4.86,0.022917642541067564,4.86,0.0,0.022917651,0.003
4.229709366854152,2.6678388995737943,0.003,316.083712925264,4.33131487083451,4.87,0.022917642599595986,4.87,0.0,0.022917651,0.003
4.230233216105539,2.67107525005117,0.003,315.9115249109901,4.331069401561257,4.88,0.022917642656279213,4.88,0.0,0.022917651,0.003
4.23075552611434,2.6743104086974325,0.003,315.74022826839234,4.3308189671353,4.89,0.02291764271095723,4.89,0.0,0.022917651,0.003
4.231276159427273,2.6775442690829014,0.003,315.5699025963339,4.330563124171996,4.9,0.022917642763450968,4.9,0.0,0.022917651,0.003
4.231794911748918,2.6807038239875634,0.003,314.8137989440974,4.330355970055983,4.91,0.022917642792656453,4.91,0.0,0.022917651,0.003
4.232313471549534,2.683863564008368,0.003,314.05806705791207,4.33014786079674,4.920000000000001,0.02291764282462557,4.92,0.0,0.022917651,0.003
4.232831836293863,2.6870234915830626,0.003,313.30271183346844,4.32993878381623,4.93,0.022917642859394727,4.93,0.0,0.022917651,0.003
4.233350003401935,2.6901836091923848,0.003,312.54773825279636,4.329728726314601,4.940000000000001,0.02291764289700095,4.94,0.0,0.022917651,0.003
4.233867970248076,2.6933439193610154,0.003,311.7931513861765,4.329517675265258,4.95,0.022917642937481938,4.95,0.0,0.022917651,0.003
4.2343857341599,2.6965044246585563,0.003,311.03895639410285,4.329305617409835,4.96,0.022917642980876046,4.96,0.0,0.022917651,0.003
4.234903292417252,2.6996651277005346,0.003,310.2851585292988,4.3290925392530095,4.97,0.022917643027222323,4.97,0.0,0.022917651,0.003
4.235420642251151,2.7028260311494305,0.003,309.53176313878606,4.328878427057185,4.98,0.022917643076560523,4.98,0.0,0.022917651,0.003
4.235937780842681,2.7059871377157387,0.003,308.77877566601086,4.328663266837031,4.99,0.022917643128931107,4.99,0.0,0.022917651,0.003
4.236454705321858,2.709148450159054,0.003,308.02620165302704,4.328447044353878,5.0,0.022917643184375273,5.0,0.0,0.022917651,0.003
4.23695794145765,2.712239511813472,0.003,308.25587923760736,4.328228945675431,5.01,0.022917643289518803,5.01,0.0,0.022917651,0.003
4.237460781173115,2.715330635635688,0.003,308.48257789249027,4.328009199036906,5.020000000000001,0.022917643389981434,5.0200000000000005,0.0,0.022917651,0.003
4.2379632181753815,2.718421822612566,0.003,308.7062503294317,4.327787778278189,5.03,0.022917643485688876,5.03,0.0,0.022917651,0.003
4.238465246037678,2.7215130737519724,0.003,308.92684825397697,4.327564656682529,5.040000000000001,0.022917643576565238,5.04,0.0,0.022917651,0.003
4.238966858195749,2.7246043900833326,0.003,309.1443223385542,4.3273398069616436,5.05,0.022917643662533013,5.05,0.0,0.022917651,0.003
4.239468047944162,2.7276957726582127,0.003,309.3586221947005,4.32711320124036,5.0600000000000005,0.022917643743513013,5.0600000000000005,0.0,0.022917651,0.003
4.239969498854309,2.730788331898024,0.003,309.56863702822653,4.326886463417866,5.07,0.022917643814819026,5.07,0.0,0.022917651,0.003
4.240473536766766,2.7338858240386474,0.003,309.7697089636043,4.326665140871673,5.08,0.022917643864464734,5.08,0.0,0.022917651,0.003
4.240977159627949,2.7369834433703626,0.003,309.9656521446191,4.326442031025359,5.090000000000001,0.022917643914921248,5.09,0.0,0.022917651,0.003
4.241480360246685,2.7400811920968806,0.003,310.1563777105273,4.3262171029121825,5.100000000000001,0.0229176439662026,5.1000000000000005,0.0,0.022917651,0.003
4.241989055417482,2.743121951396775,0.003,310.13550158990853,4.32605444148306,5.110000000000001,0.022917643945403725,5.11,0.0,0.022917651,0.003
4.242497759359539,2.7461627811846956,0.003,310.11461234777335,4.325891744629367,5.120000000000001,0.02291764392556347,5.12,0.0,0.022917651,0.003
4.243006472077007,2.7492036814940497,0.003,310.0937099779028,4.325729012334317,5.13,0.022917643906682286,5.13,0.0,0.022917651,0.003
4.24351519357405,2.752244652358268,0.003,310.0727944740741,4.3255662445811085,5.14,0.02291764388876063,5.14,0.0,0.022917651,0.003
4.244023923854829,2.7552856938108006,0.003,310.0518658300604,4.3254034413529325,5.15,0.022917643871798957,5.15,0.0,0.022917651,0.003
4.2445326629235085,2.758326805885117,0.003,310.0309240396308,4.325240602632964,5.16,0.022917643855797715,5.16,0.0,0.022917651,0.003
4.245041410784258,2.761367988614712,0.003,310.0099690965507,4.325077728404374,5.170000000000001,0.022917643840757368,5.17,0.0,0.022917651,0.003
4.245550167441246,2.764409242033098,0.003,309.9890009945814,4.324914818650319,5.180000000000001,0.022917643826678363,5.18,0.0,0.022917651,0.003
4.246058932898646,2.767450566173811,0.003,309.9680197274801,4.324751873353945,5.19,0.022917643813561164,5.19,0.0,0.022917651,0.003
4.246567707160634,2.770491961070406,0.003,309.9470252890006,4.324588892498388,5.2,0.022917643801406228,5.2,0.0,0.022917651,0.003
4.247041017706408,2.7734533201623743,0.003,309.44874656731105,4.324348025973531,5.21,0.02291764387898239,5.21,0.0,0.022917651,0.003
4.247514052971267,2.776414821350445,0.003,308.95078916211907,4.324105916302543,5.22,0.02291764395644533,5.22,0.0,0.022917651,0.003
4.247986806938069,2.7793764677405797,0.003,308.4531600968169,4.323862536312517,5.23,0.022917644033792595,5.23,0.0,0.022917651,0.003
4.248459273413028,2.782338262529925,0.003,307.95586660099093,4.323617858032803,5.24,0.022917644111021627,5.24,0.0,0.022917651,0.003
4.248931446019166,2.785300209010184,0.003,307.4589161180438,4.323371852665509,5.25,0.022917644188129808,5.25,0.0,0.022917651,0.003
4.249403318189508,2.788262310571138,0.003,306.96231631315817,4.3231244905546955,5.260000000000001,0.02291764426511443,5.26,0.0,0.022917651,0.003
4.249874883159938,2.7912245707043275,0.003,306.46607508161895,4.322875741154181,5.270000000000001,0.022917644341972725,5.2700000000000005,0.0,0.022917651,0.003
4.250346133961757,2.7941869930068957,0.003,305.97020055751244,4.322625572993878,5.28,0.022917644418701814,5.28,0.0,0.022917651,0.003
4.25081706341388,2.7971495811856166,0.003,305.474701122824,4.3223739536446,5.29,0.022917644495298747,5.29,0.0,0.022917651,0.003
4.251287664114688,2.8001123390611,0.003,304.97958541695436,4.322120849681243,5.3,0.022917644571760487,5.3,0.0,0.022917651,0.003
4.251768115358312,2.8030254165928374,0.003,304.8116273239841,4.3219413668008295,5.3100000000000005,0.022917644634036633,5.3100000000000005,0.0,0.022917651,0.003
4.252249081200365,2.8059392957641327,0.003,304.6437998709374,4.32176314064855,5.320000000000001,0.022917644696338328,5.32,0.0,0.022917651,0.003
4.252730541585184,2.808853945332343,0.003,304.4760979663284,4.321586122245396,5.33,0.022917644758664573,5.33,0.0,0.022917651,0.003
4.253212477485924,2.8117693356575177,0.003,304.3085167798553,4.321410265124899,5.339999999999999,0.022917644821014434,5.34,0.0,0.022917651,0.003
4.2536948708394196,2.8146854386009275,0.003,304.1410517258643,4.321235525174049,5.3500000000000005,0.022917644883387007,5.3500000000000005,0.0,0.022917651,0.003
4.254177704485943,2.817602227431207,0.003,303.97369844805445,4.321061860486162,5.36,0.02291764494578144,5.36,0.0,0.022917651,0.003
4.254660962113415,2.820519676737463,0.003,303.8064528053156,4.320889231224644,5.37,0.022917645008196926,5.37,0.0,0.022917651,0.003
4.255144628205707,2.8234377623487217,0.003,303.6393108586036,4.320717599496733,5.379999999999999,0.022917645070632688,5.38,0.0,0.022917651,0.003
4.255628687994673,2.8263564612592242,0.003,303.4722688587635,4.320546929236361,5.390000000000001,0.022917645133088003,5.39,0.0,0.022917651,0.003
4.256113127415621,2.829275751559042,0.003,303.30532323522385,4.32037718609539,5.4,0.02291764519556216,5.4,0.0,0.022917651,0.003
4.256565254328253,2.8321106428537624,0.003,304.3255258805768,4.320147695947313,5.41,0.022917645294013602,5.41,0.0,0.022917651,0.003
4.257015563494813,2.8349444831104615,0.003,305.34654016012865,4.319911986053973,5.420000000000001,0.02291764538452803,5.42,0.0,0.022917651,0.003
4.257463932661951,2.8377772016410923,0.003,306.3684206607113,4.319669638103541,5.43,0.022917645466571657,5.43,0.0,0.022917651,0.003
4.257910228361969,2.8406087212733673,0.003,307.39122697642864,4.319420195412274,5.44,0.0229176455395617,5.44,0.0,0.022917651,0.003
4.2583543045967716,2.8434389575897994,0.003,308.415024296281,4.319163158421409,5.45,0.02291764560286067,5.45,0.0,0.022917651,0.003
4.258797264187115,2.846269451215618,0.003,309.4350730013158,4.318901397546214,5.46,0.02291764563688573,5.46,0.0,0.022917651,0.003
4.259240785003893,2.8491024018074547,0.003,310.4493940384309,4.3186394243810104,5.470000000000001,0.02291764564156391,5.47,0.0,0.022917651,0.003
4.259683700886723,2.851936313022347,0.003,311.4642966623487,4.318374070915413,5.48,0.02291764564491481,5.48,0.0,0.022917651,0.003
4.260126000725636,2.8547712025027057,0.003,312.4797915542548,4.318105275068202,5.49,0.022917645646914057,5.49,0.0,0.022917651,0.003
4.26056767313693,2.857607088325621,0.003,313.4958896585013,4.317832973228584,5.5,0.02291764564753667,5.5,0.0,0.022917651,0.003
4.261030754501206,2.860408760902558,0.003,313.6122616249535,4.3176661590109795,5.51,0.022917645698220825,5.51,0.0,0.022917651,0.003
4.261493832888195,2.8632104406770793,0.003,313.728638131349,4.317499325683089,5.520000000000001,0.02291764574891083,5.5200000000000005,0.0,0.022917651,0.003
4.261956908265241,2.8660121277281325,0.003,313.8450192274848,4.317332473035298,5.53,0.022917645799606753,5.53,0.0,0.022917651,0.003
4.262419980599209,2.8688138221358237,0.003,313.96140496388864,4.317165600854919,5.539999999999999,0.022917645850308664,5.54,0.0,0.022917651,0.003
4.262883049856472,2.871615523981439,0.003,314.0777953918328,4.316998708926125,5.55,0.022917645901016623,5.55,0.0,0.022917651,0.003
4.2633461160029125,2.8744172333474673,0.003,314.1941905633477,4.316831797029902,5.5600000000000005,0.0229176459517307,5.5600000000000005,0.0,0.022917651,0.003
4.2638091790039,2.877218950317622,0.003,314.3105905312359,4.316664864943987,5.569999999999999,0.022917646002450963,5.57,0.0,0.022917651,0.003
4.264272238824292,2.8800206749768615,0.003,314.4269953490868,4.316497912442801,5.58,0.02291764605317748,5.58,0.0,0.022917651,0.003
4.264735295428418,2.8828224074114184,0.003,314.5434050712906,4.316330939297395,5.59,0.02291764610391032,5.59,0.0,0.022917651,0.003
4.265198348780075,2.8856241477088154,0.003,314.6598197530544,4.316163945275382,5.6000000000000005,0.022917646154649557,5.6000000000000005,0.0,0.022917651,0.003
4.265623728580072,2.8883486503706424,0.003,314.52185471945876,4.315909642440051,5.61,0.022917646196612927,5.61,0.0,0.022917651,0.003
4.266048422590454,2.891073279615586,0.003,314.38460589791055,4.3156524700396375,5.62,0.022917646252388253,5.62,0.0,0.022917651,0.003
4.2664724126638545,2.8937980387932862,0.003,314.2480922408112,4.315392352139713,5.629999999999999,0.02291764632234101,5.63,0.0,0.022917651,0.003
4.266895680006928,2.896522931372622,0.003,314.1123333752042,4.315129210102843,5.640000000000001,0.022917646406849717,5.64,0.0,0.022917651,0.003
4.267318205151339,2.8992479609470614,0.003,313.97734963306317,4.314862962467232,5.65,0.02291764650630647,5.65,0.0,0.022917651,0.003
4.267739967923184,2.901973131240303,0.003,313.84316208322696,4.314593524818765,5.66,0.022917646621117563,5.66,0.0,0.022917651,0.003
4.268160947410743,2.904698446112237,0.003,313.7097925650862,4.314320809656047,5.670000000000001,0.022917646751704168,5.67,0.0,0.022917651,0.003
4.26858112193043,2.90742390956522,0.003,313.5772637241353,4.31404472624796,5.68,0.022917646898502998,5.68,0.0,0.022917651,0.003
4.269000468990853,2.9101495257507164,0.003,313.4455990495109,4.313765180483262,5.690000000000001,0.02291764706196704,5.69,0.0,0.022917651,0.003
4.269418965254841,2.912875298976302,0.003,313.314822913648,4.313482074711699,5.7,0.022917647242566303,5.7,0.0,0.022917651,0.003
4.269852734207376,2.915560189415859,0.003,312.9572907514751,4.313287573893262,5.710000000000001,0.022917647193744266,5.71,0.0,0.022917651,0.003
4.270286281716185,2.9182453217803483,0.003,312.60005935814934,4.313091945409924,5.72,0.022917647140647816,5.72,0.0,0.022917651,0.003
4.270719795175694,2.920930881860177,0.003,312.24284914068164,4.312895753067771,5.7299999999999995,0.022917647081557916,5.73,0.0,0.022917651,0.003
4.271156027191885,2.9236195078898297,0.003,311.88157315748526,4.312707369301675,5.740000000000001,0.022917646999567973,5.74,0.0,0.022917651,0.003
4.271592070292627,2.926308412453835,0.003,311.52057599612544,4.312517951341705,5.75,0.022917646926456866,5.75,0.0,0.022917651,0.003
4.27202792194267,2.9289975992901285,0.003,311.15986139839475,4.312327485308965,5.76,0.022917646862343755,5.76,0.0,0.022917651,0.003
4.272463579561198,2.9316870722038293,0.003,310.79943317333954,4.312135957075106,5.770000000000001,0.02291764680734994,5.7700000000000005,0.0,0.022917651,0.003
4.272899040520801,2.9343768350687554,0.003,310.4392951987782,4.311943352256693,5.78,0.0229176467615989,5.78,0.0,0.022917651,0.003
4.273334302146414,2.9370668918289873,0.003,310.0794514228602,4.311749656209419,5.79,0.02291764672521636,5.79,0.0,0.022917651,0.003
4.273769361714234,2.939757246500462,0.003,309.71990586566756,4.311554854022173,5.800000000000001,0.022917646698330334,5.8,0.0,0.022917651,0.003
4.274191398193822,2.9423929959108244,0.003,309.81308430503526,4.311349653998899,5.810000000000001,0.022917646851300946,5.8100000000000005,0.0,0.022917651,0.003
4.274613395606732,2.9450291938162394,0.003,309.90623019253076,4.311143849099694,5.82,0.02291764699698745,5.82,0.0,0.022917651,0.003
4.275035353758147,2.9476658424532407,0.003,309.9993433658257,4.310937436308192,5.830000000000001,0.022917647135353547,5.83,0.0,0.022917651,0.003
4.2754572724519555,2.9503029440732584,0.003,310.092423661511,4.310730412587936,5.84,0.02291764726636267,5.84,0.0,0.022917651,0.003
4.2758791514907335,2.952940500942744,0.003,310.1854709150872,4.310522774882212,5.8500000000000005,0.022917647389977997,5.8500000000000005,0.0,0.022917651,0.003
4.276300990675741,2.95557851534329,0.003,310.2784849609555,4.310314520113881,5.86,0.022917647506162483,5.86,0.0,0.022917651,0.003
4.276722789806907,2.958216989571764,0.003,310.37146563240884,4.310105645185208,5.87,0.022917647614878817,5.87,0.0,0.022917651,0.003
4.277144548682818,2.960855925940433,0.003,310.4644127616224,4.3098961469776835,5.880000000000001,0.02291764771608945,5.88,0.0,0.022917651,0.003
4.277566267100711,2.963495326777092,0.003,310.55732617964424,4.309686022351862,5.89,0.022917647809756574,5.89,0.0,0.022917651,0.003
4.277987944856454,2.9661351944251972,0.003,310.6502057163858,4.309475268147171,5.9,0.022917647895842125,5.9,0.0,0.022917651,0.003
4.278398184612587,2.96872024637575,0.003,310.54662413483425,4.30926109889372,5.910000000000001,0.022917647969118143,5.91,0.0,0.022917651,0.003
4.278808267481859,2.9713054866674153,0.003,310.44319919381945,4.309046113854988,5.920000000000001,0.022917648049488933,5.92,0.0,0.022917651,0.003
4.279218191447007,2.9738909177218975,0.003,310.3399329074366,4.308830302541551,5.930000000000001,0.02291764813704572,5.93,0.0,0.022917651,0.003
4.279627954456038,2.976476542002597,0.003,310.2368273244594,4.308613654283378,5.94,0.02291764823188131,5.94,0.0,0.022917651,0.003
4.280037554421471,2.9790623620155112,0.003,310.1338845290895,4.308396158225928,5.95,0.022917648334090098,5.95,0.0,0.022917651,0.003
4.280446989219573,2.9816483803101606,0.003,310.0311066417258,4.308177803326147,5.96,0.022917648443768122,5.96,0.0,0.022917651,0.003
4.280856256689567,2.9842345994805375,0.003,309.9284958197533,4.307958578348351,5.970000000000001,0.0229176485610131,5.97,0.0,0.022917651,0.003
4.281265354632819,2.9868210221660805,0.003,309.8260542583541,4.307738471860016,5.98,0.02291764868592445,5.98,0.0,0.022917651,0.003
4.281674280812006,2.9894076510526713,0.003,309.7237841913373,4.3075174722274445,5.99,0.022917648818603368,5.99,0.0,0.022917651,0.003
4.282083032950263,2.9919944888736656,0.003,309.6216878919935,4.307295567611318,6.0,0.0229176489591528,6.0,0.0,0.022917651,0.003
4.282502899462313,2.9945461395474333,0.003,309.76328028000347,4.3071412424542705,6.010000000000001,0.02291764897169124,6.01,0.0,0.022917651,0.003
4.282922640479805,2.997097931655567,0.003,309.9050853654641,4.306986273861382,6.0200000000000005,0.022917648984984027,6.0200000000000005,0.0,0.022917651,0.003
4.2833422537124,2.9996498677793153,0.003,310.0471070302141,4.306830650089614,6.03,0.022917648999044922,6.03,0.0,0.022917651,0.003
4.283761736813681,3.002201950563127,0.003,310.18934925113064,4.306674359108427,6.04,0.022917649013888045,6.04,0.0,0.022917651,0.003
4.284181087379435,3.004754182716591,0.003,310.33181610305667,4.306517388590922,6.050000000000001,0.02291764902952783,6.05,0.0,0.022917651,0.003
4.284600302945851,3.007306567016457,0.003,310.47451176183546,4.306359725904662,6.0600000000000005,0.022917649045979094,6.0600000000000005,0.0,0.022917651,0.003
4.285019380987675,3.0098591063087325,0.003,310.61744050745966,4.306201358102144,6.070000000000001,0.02291764906325702,6.07,0.0,0.022917651,0.003
4.2854383189162695,3.0124118035108474,0.003,310.76060672733917,4.306042271910917,6.08,0.02291764908137716,6.08,0.0,0.022917651,0.003
4.285857114077622,3.0149646616139183,0.003,310.9040149196914,4.305882453723321,6.09,0.022917649100355476,6.09,0.0,0.022917651,0.003
4.286275763750265,3.0175176836850834,0.003,311.0476696970621,4.30572188958584,6.100000000000001,0.022917649120208317,6.1000000000000005,0.0,0.022917651,0.003
4.286663281604011,3.020001765073845,0.003,310.6917848763655,4.305494063667633,6.109999999999999,0.022917649241801966,6.11,0.0,0.022917651,0.003
4.287052963390382,3.0224882567523896,0.003,310.33283453459484,4.305272483173521,6.120000000000001,0.022917649340842394,6.12,0.0,0.022917651,0.003
4.287442105732053,3.024975129899384,0.003,309.9744025952601,4.305048363650645,6.13,0.022917649430231224,6.13,0.0,0.022917651,0.003
4.287830695580642,3.0274623937419993,0.003,309.61650159776605,4.304821643683572,6.140000000000001,0.022917649509735013,6.140000000000001,0.0,0.022917651,0.003
4.28821871946351,3.029950057807412,0.003,309.25914448921833,4.304592259860036,6.15,0.022917649579112704,6.15,0.0,0.022917651,0.003
4.288606163466387,3.0324381319351015,0.003,308.9023446411287,4.304360146689116,6.16,0.02291764963811535,6.16,0.0,0.022917651,0.003
4.288993013215128,3.0349266262897503,0.003,308.54611586694887,4.30412523651536,6.17,0.022917649686485773,6.17,0.0,0.022917651,0.003
4.289379253856548,3.0374155513747914,0.003,308.19047244048056,4.303887459428616,6.18,0.02291764972395822,6.18,0.0,0.022917651,0.003
4.289764870038302,3.0399049180466364,0.003,307.83542911521397,4.303646743169316,6.190000000000001,0.022917649750258017,6.19,0.0,0.022917651,0.003
4.290149845887743,3.0423947375296345,0.003,307.4810011446493,4.3034030130289445,6.2,0.022917649765101175,6.2,0.0,0.022917651,0.003
4.29053169418242,3.0448363850028475,0.003,307.3048077608718,4.303183643189386,6.21,0.022917649720944695,6.21,0.0,0.022917651,0.003
4.290913448562822,3.047278095432725,0.003,307.12869699802826,4.302963834674915,6.220000000000001,0.022917649679987048,6.22,0.0,0.022917651,0.003
4.29129510759208,3.049719869782493,0.003,306.95267012020304,4.302743580773888,6.2299999999999995,0.022917649642277195,6.23,0.0,0.022917651,0.003
4.291676669803862,3.052161709035126,0.003,306.7767284174,4.302522874637047,6.24,0.022917649607865076,6.24,0.0,0.022917651,0.003
4.292058133701613,3.054603614193858,0.003,306.60087320620977,4.302301709273965,6.25,0.022917649576801664,6.25,0.0,0.022917651,0.003
4.292439497757778,3.0570455862827077,0.003,306.42510583049847,4.3020800775494035,6.260000000000001,0.022917649549138983,6.26,0.0,0.022917651,0.003
4.292820760412987,3.059487626347018,0.003,306.24942766211745,4.301857972179532,6.2700000000000005,0.02291764952493016,6.2700000000000005,0.0,0.022917651,0.003
4.293201920075228,3.061929735454014,0.003,306.07384010163616,4.301635385728042,6.28,0.02291764950422941,6.28,0.0,0.022917651,0.003
4.293582975118991,3.0643719146933788,0.003,305.8983445790967,4.301412310602141,6.29,0.022917649487092108,6.29,0.0,0.022917651,0.003
4.293963923884374,3.06681416517785,0.003,305.72294255479414,4.3011887390484125,6.3,0.022917649473574785,6.3,0.0,0.022917651,0.003
4.294355839989228,3.069233161365842,0.003,305.5278369455742,4.301021352056808,6.3100000000000005,0.02291764965508433,6.3100000000000005,0.0,0.022917651,0.003
4.294747806093082,3.071652549875827,0.003,305.33270965313125,4.300853772802192,6.320000000000001,0.02291764983660679,6.32,0.0,0.022917651,0.003
4.295139822115918,3.0740723300799515,0.003,305.13756071216574,4.300686001592252,6.329999999999999,0.02291765001814215,6.33,0.0,0.022917651,0.003
4.295531887977894,3.0764925013517046,0.003,304.94239015730454,4.300518038734019,6.34,0.022917650199690387,6.34,0.0,0.022917651,0.003
4.295924003599332,3.0789130630659076,0.003,304.74719802310057,4.300349884533871,6.3500000000000005,0.02291765038125148,6.3500000000000005,0.0,0.022917651,0.003
4.296316168900726,3.081334014598713,0.003,304.5519843440331,4.300181539297533,6.359999999999999,0.022917650562825406,6.36,0.0,0.022917651,0.003
4.296708383802744,3.0837553553276047,0.003,304.356749154508,4.300013003330079,6.370000000000001,0.022917650744412155,6.37,0.0,0.022917651,0.003
4.297100648226216,3.0861770846313896,0.003,304.161492488858,4.299844276935933,6.38,0.022917650926011696,6.38,0.0,0.022917651,0.003
4.297492962092144,3.088599201890196,0.003,303.96621438134275,4.299675360418871,6.390000000000001,0.02291765110762401,6.390000000000001,0.0,0.022917651,0.003
4.297885325321696,3.0910217064854697,0.003,303.77091486614904,4.299506254082024,6.400000000000001,0.022917651289249084,6.4,0.0,0.022917651,0.003
4.298252290361522,3.093377727938841,0.003,304.96399477976047,4.299291428965586,6.410000000000001,0.022917651279523915,6.41,0.0,0.022917651,0.003
4.298618987694707,3.0957339870092273,0.003,306.1573478507011,4.299075295393168,6.42,0.022917651270691557,6.42,0.0,0.022917651,0.003
4.298985412789975,3.0980904877185975,0.003,307.3509787025064,4.298857831217494,6.43,0.022917651262767125,6.43,0.0,0.022917651,0.003
4.2993516506290135,3.1004473063633067,0.003,308.5447864318824,4.298639300068467,6.440000000000001,0.02291765125535583,6.44,0.0,0.022917651,0.003
4.299719642335037,3.1028060171750695,0.003,309.7364679216811,4.2984258922162395,6.450000000000001,0.022917651239559387,6.45,0.0,0.022917651,0.003
4.30008727089499,3.105164927347703,0.003,310.92850400683767,4.298210832435366,6.46,0.02291765122505582,6.46,0.0,0.022917651,0.003
4.300454528179263,3.107524041344221,0.003,312.12090262554136,4.297994083744759,6.47,0.022917651211874057,6.47,0.0,0.022917651,0.003
4.300821405813762,3.1098833637618575,0.003,313.3136719547087,4.297775608051187,6.480000000000001,0.022917651200043933,6.48,0.0,0.022917651,0.003
4.301187895170648,3.112242899337145,0.003,314.5068204190246,4.297555366107158,6.49,0.02291765118959616,6.49,0.0,0.022917651,0.003
4.301553987358656,3.1146026529512327,0.003,315.70035670040005,4.297333317466862,6.5,0.022917651180562385,6.5,0.0,0.022917651,0.003
4.301937509197171,3.1169447021700174,0.003,315.8150026619787,4.297188413331114,6.51,0.02291765127245205,6.51,0.0,0.022917651,0.003
4.302321061922011,3.1192868595619094,0.003,315.9296267179913,4.297043524574959,6.520000000000001,0.02291765136426021,6.5200000000000005,0.0,0.022917651,0.003
4.30270464534749,3.1216291244766032,0.003,316.04422900012725,4.296898651105939,6.529999999999999,0.022917651455987363,6.53,0.0,0.022917651,0.003
4.303088259289417,3.123971496268997,0.003,316.1588096390232,4.296753792832334,6.54,0.02291765154763399,6.54,0.0,0.022917651,0.003
4.30347190356507,3.126313974299139,0.003,316.27336876427233,4.29660894966316,6.550000000000001,0.022917651639200575,6.55,0.0,0.022917651,0.003
4.303855577993179,3.128656557932175,0.003,316.38790650443553,4.296464121508156,6.5600000000000005,0.022917651730687594,6.5600000000000005,0.0,0.022917651,0.003
4.30423928239392,3.1309992465383,0.003,316.5024229870513,4.29631930827778,6.57,0.022917651822095524,6.57,0.0,0.022917651,0.003
4.3046230165888915,3.1333420394927067,0.003,316.61691833864603,4.296174509883197,6.58,0.022917651913424833,6.58,0.0,0.022917651,0.003
4.305006780401108,3.1356849361755383,0.003,316.7313926847438,4.29602972623628,6.59,0.022917652004676,6.59,0.0,0.022917651,0.003
4.305390573654982,3.1380279359718353,0.003,316.84584614987676,4.295884957249597,6.6000000000000005,0.022917652095849464,6.6000000000000005,0.0,0.022917651,0.003
4.305732275841592,3.1402971909570807,0.003,316.80057959007587,4.295635597576797,6.610000000000001,0.022917652116601916,6.61,0.0,0.022917651,0.003
4.306073873275982,3.1425668432164353,0.003,316.755282223954,4.295385421625943,6.62,0.022917652137353025,6.62,0.0,0.022917651,0.003
4.3064153651822,3.144836895692718,0.003,316.7099538233122,4.295134423350432,6.629999999999999,0.022917652158102795,6.63,0.0,0.022917651,0.003
4.306756750776607,3.1471073513578824,0.003,316.6645941576927,4.2948825966438,6.640000000000001,0.02291765217885121,6.640000000000001,0.0,0.022917651,0.003
4.307098029267789,3.149378213213383,0.003,316.6192029943499,4.294629935338964,6.65,0.022917652199598265,6.65,0.0,0.022917651,0.003
4.3074391998564545,3.151649484290539,0.003,316.57378009822247,4.294376433207481,6.66,0.022917652220343945,6.66,0.0,0.022917651,0.003
4.307780261735339,3.153921167650909,0.003,316.52832523190415,4.2941220839587775,6.67,0.02291765224108824,6.67,0.0,0.022917651,0.003
4.308121214089107,3.156193266386666,0.003,316.48283815561473,4.293866881239371,6.680000000000001,0.022917652261831137,6.68,0.0,0.022917651,0.003
4.308462056094248,3.1584657836209846,0.003,316.4373186271701,4.293610818632085,6.69,0.022917652282572632,6.69,0.0,0.022917651,0.003
4.308802786918975,3.1607387225084254,0.003,316.39176640195194,4.293353889655249,6.700000000000001,0.022917652303312715,6.7,0.0,0.022917651,0.003
4.309168569632492,3.1630037717673285,0.003,316.3011872530497,4.293195383935998,6.710000000000001,0.022917652339241562,6.71,0.0,0.022917651,0.003
4.309534308958561,3.1652690817086095,0.003,316.21070323376836,4.293036443956552,6.720000000000001,0.022917652375453294,6.72,0.0,0.022917651,0.003
4.309900004655227,3.167534653785995,0.003,316.1203148746096,4.2928770672952075,6.729999999999999,0.02291765241194948,6.73,0.0,0.022917651,0.003
4.310265656478733,3.16980048946404,0.003,316.0300227100271,4.2927172515122205,6.74,0.022917652448731726,6.74,0.0,0.022917651,0.003
4.3106312641835025,3.1720665902182303,0.003,315.93982727846316,4.292556994149638,6.75,0.022917652485801618,6.75,0.0,0.022917651,0.003
4.310996827522121,3.174332957535086,0.003,315.84972912238624,4.292396292731132,6.76,0.022917652523160772,6.76,0.0,0.022917651,0.003
4.311362346245324,3.1765995929122597,0.003,315.7597287883283,4.292235144761816,6.770000000000001,0.022917652560810815,6.7700000000000005,0.0,0.022917651,0.003
4.311727820101972,3.1788664978586474,0.003,315.6698268269235,4.292073547728087,6.780000000000001,0.022917652598753384,6.78,0.0,0.022917651,0.003
4.312093248839041,3.181133673894489,0.003,315.5800237929462,4.291911499097437,6.79,0.022917652636990127,6.79,0.0,0.022917651,0.003
4.312458632201596,3.1834011225514782,0.003,315.4903202453501,4.29174899631828,6.8,0.022917652675522714,6.8,0.0,0.022917651,0.003
4.312805249056647,3.1856153220592844,0.003,315.3044677272971,4.2915552824244925,6.810000000000001,0.022917652768938042,6.8100000000000005,0.0,0.022917651,0.003
4.313151889327396,3.18782946302968,0.003,315.11822350031764,4.291361720715403,6.820000000000001,0.022917652862281403,6.82,0.0,0.022917651,0.003
4.313498553196193,3.19004354500681,0.003,314.9315845140007,4.291168312376138,6.830000000000001,0.022917652955552238,6.83,0.0,0.022917651,0.003
4.313845240847283,3.192257567530072,0.003,314.7445476861796,4.290975058604167,6.839999999999999,0.022917653048749983,6.84,0.0,0.022917651,0.003
4.314191952466839,3.194471530134056,0.003,314.5571099025177,4.290781960609457,6.8500000000000005,0.02291765314187406,6.8500000000000005,0.0,0.022917651,0.003
4.314538688242975,3.196685432348481,0.003,314.3692680160877,4.2905890196146315,6.86,0.022917653234923896,6.86,0.0,0.022917651,0.003
4.314885448365787,3.198899273698133,0.003,314.18101884694414,4.29039623685515,6.870000000000001,0.022917653327898906,6.87,0.0,0.022917651,0.003
4.315232233027362,3.2011130537027985,0.003,313.9923591816889,4.290203613579465,6.879999999999999,0.022917653420798493,6.88,0.0,0.022917651,0.003
4.31557904242182,3.2033267718771987,0.003,313.80328577303084,4.290011151049193,6.8900000000000015,0.02291765351362207,6.890000000000001,0.0,0.022917651,0.003
4.3159258767453315,3.2055404277309223,0.003,313.613795339337,4.289818850539302,6.9,0.02291765360636903,6.9,0.0,0.022917651,0.003
4.3162642342772815,3.207713736904831,0.003,313.3435583199529,4.2896238668054325,6.910000000000001,0.022917653673327147,6.91,0.0,0.022917651,0.003
4.316602210973499,3.2098874000584874,0.003,313.07363070306985,4.28942700571547,6.920000000000001,0.022917653744291628,6.92,0.0,0.022917651,0.003
4.316939801127276,3.2120614224961686,0.003,312.8040171249875,4.289228239137816,6.93,0.022917653819322502,6.93,0.0,0.022917651,0.003
4.317276998917322,3.2142358096286605,0.003,312.5347223151017,4.289027538376004,6.940000000000001,0.022917653898481015,6.94,0.0,0.022917651,0.003
4.317614689793837,3.216411261924248,0.003,312.2658654131106,4.288827744582328,6.95,0.022917653974698405,6.95,0.0,0.022917651,0.003
4.317954999570209,3.2185894490741926,0.003,311.99772098984215,4.288635690912722,6.960000000000001,0.022917654029092314,6.96,0.0,0.022917651,0.003
4.31829497071766,3.220768076503067,0.003,311.72991280012184,4.288441842437452,6.970000000000001,0.02291765408412299,6.97,0.0,0.022917651,0.003
4.318634598474192,3.2229471504023293,0.003,311.4624455722613,4.288246173916915,6.98,0.022917654139799386,6.98,0.0,0.022917651,0.003
4.318973877988102,3.2251266770800737,0.003,311.19532412364606,4.288048659636038,6.990000000000001,0.022917654196130625,6.99,0.0,0.022917651,0.003
4.319312804315851,3.227306662963793,0.003,310.9285533628428,4.2878492733930225,7.000000000000001,0.022917654253126,7.0,0.0,0.022917651,0.003
4.319635887814374,3.229398008816983,0.003,311.47497627427947,4.287666290334298,7.010000000000001,0.02291765428840225,7.01,0.0,0.022917651,0.003
4.319958743930846,3.231489638074548,0.003,312.0368633868309,4.28748211431988,7.020000000000001,0.02291765433072396,7.0200000000000005,0.0,0.022917651,0.003
4.320281369884276,3.2335815542026523,0.003,312.61440383480374,4.287296730759369,7.030000000000001,0.022917654380177316,7.03,0.0,0.022917651,0.003
4.320603762848142,3.235673760724219,0.003,313.2077898493974,4.287110124823467,7.04,0.022917654436849885,7.04,0.0,0.022917651,0.003
4.320925919949451,3.2377662612200897,0.003,313.8172168223488,4.286922281439056,7.050000000000001,0.0229176545008307,7.05,0.0,0.022917651,0.003
4.321247838267776,3.239859059330225,0.003,314.44288337115563,4.286733185284176,7.0600000000000005,0.022917654572210233,7.0600000000000005,0.0,0.022917651,0.003
4.321569514834276,3.2419521587549265,0.003,315.0849914059202,4.286542820782866,7.07,0.022917654651080487,7.07,0.0,0.022917651,0.003
4.321890946630691,3.244045563256092,0.003,315.74374619786323,4.286351172099878,7.079999999999999,0.022917654737534984,7.08,0.0,0.022917651,0.003
4.322212130588306,3.2461392766585053,0.003,316.41935644955487,4.2861582231352555,7.09,0.022917654831668802,7.09,0.0,0.022917651,0.003
4.322533063586896,3.2482333028511547,0.003,317.1120343669142,4.285963957518789,7.100000000000001,0.022917654933578623,7.1000000000000005,0.0,0.022917651,0.003
4.322872579211306,3.2503486515679456,0.003,316.2651934978421,4.285814089157722,7.11,0.02291765496579181,7.11,0.0,0.022917651,0.003
4.323212085551,3.252464078658807,0.003,315.41515656037797,4.285664105284802,7.12,0.02291765499662859,7.12,0.0,0.022917651,0.003
4.323551582560422,3.25457958450826,0.003,314.5619078738458,4.285514005333298,7.13,0.022917655026082208,7.13,0.0,0.022917651,0.003
4.323891070193723,3.2566951695033475,0.003,313.70543165482405,4.28536378873277,7.1400000000000015,0.022917655054145874,7.140000000000001,0.0,0.022917651,0.003
4.324230548404751,3.25881083403365,0.003,312.84571201630297,4.285213454909029,7.15,0.02291765508081274,7.15,0.0,0.022917651,0.003
4.32457001714705,3.2609265784913104,0.003,311.98273296683277,4.285063003284118,7.16,0.022917655106075924,7.16,0.0,0.022917651,0.003
4.324909476373855,3.2630424032710534,0.003,311.11647840966447,4.2849124332762685,7.17,0.022917655129928487,7.17,0.0,0.022917651,0.003
4.325248926038101,3.265158308770208,0.003,310.24693214188164,4.284761744299877,7.18,0.02291765515236346,7.18,0.0,0.022917651,0.003
4.325588366092402,3.2672742953887277,0.003,309.37407785352343,4.284610935765471,7.190000000000001,0.022917655173373814,7.19,0.0,0.022917651,0.003
4.325927796489066,3.2693903635292116,0.003,308.4978991266997,4.28446000707968,7.200000000000001,0.02291765519295248,7.2,0.0,0.022917651,0.003
4.326248553569155,3.2714686667983037,0.003,308.3889625884595,4.284263766150689,7.210000000000001,0.022917655302860725,7.21,0.0,0.022917651,0.003
4.326569310603979,3.273547171666175,0.003,308.28009270804114,4.284067323450676,7.220000000000001,0.022917655416253575,7.22,0.0,0.022917651,0.003
4.326890067593419,3.275625878667075,0.003,308.17128966209174,4.283870678444936,7.23,0.022917655533140274,7.23,0.0,0.022917651,0.003
4.327210824537355,3.277704788337141,0.003,308.062553627883,4.283673830596873,7.240000000000001,0.022917655653530097,7.24,0.0,0.022917651,0.003
4.327531581435665,3.2797839012144085,0.003,307.9538847833144,4.283476779367994,7.25,0.02291765577743233,7.25,0.0,0.022917651,0.003
4.3278523382882295,3.2818632178388194,0.003,307.84528330691523,4.2832795242178925,7.260000000000001,0.022917655904856307,7.26,0.0,0.022917651,0.003
4.328173095094925,3.2839427387522298,0.003,307.7367493778482,4.283082064604251,7.2700000000000005,0.022917656035811404,7.2700000000000005,0.0,0.022917651,0.003
4.328493851855631,3.286022464498419,0.003,307.62828317591175,4.282884399982825,7.280000000000001,0.022917656170307013,7.28,0.0,0.022917651,0.003
4.328814608570224,3.2881023956230973,0.003,307.51988488154296,4.282686529807437,7.290000000000001,0.022917656308352567,7.29,0.0,0.022917651,0.003
4.329135365238582,3.2901825326739176,0.003,307.41155467582047,4.28248845352997,7.3,0.02291765644995753,7.3,0.0,0.022917651,0.003
4.32945093584011,3.292228652685104,0.003,308.51075020366045,4.282295503831068,7.310000000000001,0.02291765648431969,7.3100000000000005,0.0,0.022917651,0.003
4.329766324150574,3.2942750774561804,0.003,309.6258564578747,4.282101520307042,7.320000000000001,0.022917656518056953,7.32,0.0,0.022917651,0.003
4.330081527916068,3.2963218107552943,0.003,310.7570701637584,4.281906490175349,7.33,0.0229176565511616,7.33,0.0,0.022917651,0.003
4.3303965448453745,3.2983688564129725,0.003,311.90459130319437,4.281710400441843,7.34,0.02291765658362578,7.34,0.0,0.022917651,0.003
4.330711372609193,3.300416218323416,0.003,313.0686231823197,4.281513237896379,7.3500000000000005,0.02291765661544151,7.3500000000000005,0.0,0.022917651,0.003
4.331026008839338,3.3024639004458276,0.003,314.24937250088703,4.281314989108308,7.359999999999999,0.02291765664660066,7.36,0.0,0.022917651,0.003
4.331340533255663,3.304511973931899,0.003,315.4470878828088,4.281115901790605,7.37,0.022917656675703155,7.37,0.0,0.022917651,0.003
4.331657201043,3.3065623020371286,0.003,316.66314109007124,4.280923132902024,7.380000000000001,0.022917656664382086,7.38,0.0,0.022917651,0.003
4.331973699364369,3.308613013675562,0.003,317.8967586801101,4.280729302552489,7.3900000000000015,0.022917656651690814,7.390000000000001,0.0,0.022917651,0.003
4.332290026129999,3.310664113576737,0.003,319.1481572480811,4.280534397652597,7.4,0.02291765663761245,7.4,0.0,0.022917651,0.003
4.33259944568428,3.3126785707700237,0.003,319.1829618676015,4.28034057261399,7.41,0.022917656558576992,7.41,0.0,0.022917651,0.003
4.332908590594526,3.3146934526373073,0.003,319.2187942081962,4.28014522418302,7.42,0.022917656493233438,7.42,0.0,0.022917651,0.003
4.333217457519148,3.3167087643455906,0.003,319.255666774135,4.279948333824593,7.429999999999999,0.022917656441748382,7.43,0.0,0.022917651,0.003
4.3335260430621245,3.3187245111460406,0.003,319.2935922733662,4.2797498827017,7.44,0.022917656404291126,7.44,0.0,0.022917651,0.003
4.333834343771892,3.3207406983757086,0.003,319.33258362168027,4.279549851669245,7.45,0.02291765638103374,7.45,0.0,0.022917651,0.003
4.334142356140203,3.322757331459294,0.003,319.3726539469772,4.279348221267725,7.46,0.022917656372151124,7.46,0.0,0.022917651,0.003
4.33445007660096,3.3247744159109507,0.003,319.4138165936378,4.279144971716746,7.47,0.022917656377821057,7.47,0.0,0.022917651,0.003
4.334757501529014,3.3267919573361375,0.003,319.4560851270052,4.27894008290838,7.480000000000001,0.022917656398224264,7.48,0.0,0.022917651,0.003
4.335064627238943,3.328809961433516,0.003,319.4994733379767,4.278733534400364,7.490000000000001,0.022917656433544483,7.49,0.0,0.022917651,0.003
4.3353714499837865,3.3308284339968983,0.003,319.54399524771185,4.278525305409111,7.500000000000001,0.022917656483968502,7.5,0.0,0.022917651,0.003
4.335680871630309,3.3328164002525758,0.003,319.61182795122687,4.278350256972843,7.510000000000001,0.022917656549624865,7.51,0.0,0.022917651,0.003
4.335990239463625,3.3348045996232054,0.003,319.6800152659142,4.278174760247635,7.520000000000001,0.02291765661553189,7.5200000000000005,0.0,0.022917651,0.003
4.336299553084788,3.3367930338369822,0.003,319.7485598206815,4.277998811910099,7.53,0.02291765668169145,7.53,0.0,0.022917651,0.003
4.336608812090906,3.33878170463923,0.003,319.81746427048665,4.277822408603919,7.54,0.022917656748105423,7.54,0.0,0.022917651,0.003
4.336918016075074,3.340770613792605,0.003,319.8867312966612,4.277645546939431,7.55,0.022917656814775693,7.55,0.0,0.022917651,0.003
4.337227164626345,3.342759763077321,0.003,319.956363607239,4.277468223493221,7.5600000000000005,0.02291765688170418,7.5600000000000005,0.0,0.022917651,0.003
4.337536257329663,3.3447491542913625,0.003,320.02636393728875,4.277290434807696,7.570000000000001,0.02291765694889282,7.57,0.0,0.022917651,0.003
4.33784529376582,3.3467387892507077,0.003,320.09673504925286,4.277112177390658,7.580000000000001,0.022917657016343556,7.58,0.0,0.022917651,0.003
4.338154273511402,3.348728669789558,0.003,320.1674797332903,4.27693344771487,7.590000000000001,0.022917657084058372,7.59,0.0,0.022917651,0.003
4.338463196138736,3.3507187977605626,0.003,320.2386008076254,4.276754242217619,7.6000000000000005,0.022917657152039254,7.6000000000000005,0.0,0.022917651,0.003
4.338762741068984,3.3526747573333298,0.003,320.1039701569293,4.276564176339924,7.61,0.022917657248688238,7.61,0.0,0.022917651,0.003
4.3390622655244275,3.354630825370656,0.003,319.96958911971655,4.276373920069395,7.620000000000001,0.022917657342495824,7.62,0.0,0.022917651,0.003
4.339361769377565,3.356587002547976,0.003,319.8354592503887,4.276183472220411,7.629999999999999,0.022917657433444313,7.63,0.0,0.022917651,0.003
4.339661252499833,3.3585432895463443,0.003,319.70158211628024,4.275992831597487,7.640000000000001,0.02291765752151587,7.640000000000001,0.0,0.022917651,0.003
4.339960714761598,3.3604996870524926,0.003,319.5679592977937,4.27580199699517,7.65,0.022917657606692496,7.65,0.0,0.022917651,0.003
4.340260156032144,3.3624561957588903,0.003,319.4345923885356,4.275610967197934,7.66,0.02291765768895606,7.66,0.0,0.022917651,0.003
4.340559576179659,3.364412816363806,0.003,319.3014829954552,4.27541974098008,7.67,0.022917657768288267,7.67,0.0,0.022917651,0.003
4.3408589750712245,3.3663695495713655,0.003,319.16863273898383,4.275228317105621,7.68,0.022917657844670675,7.68,0.0,0.022917651,0.003
4.341158352572805,3.3683263960916157,0.003,319.03604325317724,4.275036694328181,7.690000000000001,0.022917657918084672,7.69,0.0,0.022917651,0.003
4.341457708549237,3.3702833566405843,0.003,318.90371618585846,4.274844871390881,7.7,0.02291765798851151,7.7,0.0,0.022917651,0.003
4.341753858083932,3.3722121535091407,0.003,319.28419798156045,4.274661061690457,7.71,0.02291765802074257,7.71,0.0,0.022917651,0.003
4.342049974363465,3.3741411627519224,0.003,319.6650449775783,4.274476906749563,7.72,0.022917658053005364,7.72,0.0,0.022917651,0.003
4.342346057226137,3.376070385401586,0.003,320.0462589496781,4.274292404889487,7.73,0.022917658085300045,7.73,0.0,0.022917651,0.003
4.342642106509197,3.377999822497496,0.003,320.4278416851571,4.274107554420615,7.740000000000001,0.022917658117626773,7.74,0.0,0.022917651,0.003
4.342938122048832,3.3799294750857753,0.003,320.8097949829381,4.273922353642344,7.75,0.0229176581499857,7.75,0.0,0.022917651,0.003
4.3432341036801665,3.3818593442193645,0.003,321.19212065366366,4.2737368008429915,7.76,0.02291765818237699,7.76,0.0,0.022917651,0.003
4.343530051237249,3.383789430958073,0.003,321.57482051979184,4.273550894299706,7.7700000000000005,0.022917658214800792,7.7700000000000005,0.0,0.022917651,0.003
4.34382596455304,3.3857197363686398,0.003,321.9578964156925,4.27336463227837,7.780000000000001,0.02291765824725727,7.78,0.0,0.022917651,0.003
4.3441218434594076,3.3876502615247843,0.003,322.3413501877453,4.2731780130335215,7.790000000000001,0.02291765827974659,7.79,0.0,0.022917651,0.003
4.344418141946269,3.389581336872444,0.003,322.7253648274193,4.272992521862744,7.800000000000001,0.022917658311445273,7.8,0.0,0.022917651,0.003
4.344719298472491,3.3914877163393413,0.003,322.70906632708204,4.272844014367536,7.81,0.022917658358157553,7.8100000000000005,0.0,0.022917651,0.003
4.345020380405126,3.3933943701342413,0.003,322.69321146721495,4.272694934313292,7.820000000000001,0.02291765840898588,7.82,0.0,0.022917651,0.003
4.345321387124951,3.3953013005344186,0.003,322.67780393060394,4.272545276947033,7.83,0.022917658463964416,7.83,0.0,0.022917651,0.003
4.345622318005868,3.3972085098424234,0.003,322.66284744091064,4.272395037463031,7.839999999999999,0.0229176585231277,7.84,0.0,0.022917651,0.003
4.3459231724148175,3.3991160003864342,0.003,322.6483457632407,4.272244211002069,7.8500000000000005,0.022917658586510684,7.8500000000000005,0.0,0.022917651,0.003
4.346223949711668,3.4010237745206133,0.003,322.63430270472253,4.272092792650694,7.860000000000001,0.022917658654148673,7.86,0.0,0.022917651,0.003
4.346524649249123,3.402931834625472,0.003,322.6207221150948,4.271940777440466,7.87,0.022917658726077393,7.87,0.0,0.022917651,0.003
4.34682527037263,3.4048401831082407,0.003,322.6076078873042,4.271788160347174,7.88,0.02291765880233295,7.88,0.0,0.022917651,0.003
4.347125812420256,3.406748822403242,0.003,322.5949639581137,4.271634936290063,7.890000000000001,0.022917658882951886,7.890000000000001,0.0,0.022917651,0.003
4.347426274722606,3.408657754972274,0.003,322.58279430872045,4.271481100131029,7.9,0.022917658967971138,7.9,0.0,0.022917651,0.003
4.3477134728917575,3.4105298015374608,0.003,323.5184183324437,4.271304135843894,7.91,0.022917659013907476,7.91,0.0,0.022917651,0.003
4.348000670510144,3.4124019133942434,0.003,324.45413085936445,4.2711271040351235,7.92,0.022917659059837916,7.92,0.0,0.022917651,0.003
4.3482878675755,3.4142740908112987,0.003,325.38993225367705,4.270950004426864,7.93,0.022917659105762437,7.930000000000001,0.0,0.022917651,0.003
4.348575064085548,3.416146334058782,0.003,326.32582288157647,4.270772836739736,7.94,0.022917659151681015,7.94,0.0,0.022917651,0.003
4.348862260037995,3.4180186434083306,0.003,327.2618031112725,4.27059560069282,7.95,0.022917659197593622,7.95,0.0,0.022917651,0.003
4.349149455430536,3.4198910191330834,0.003,328.19787331300387,4.270418296003651,7.96,0.02291765924350023,7.96,0.0,0.022917651,0.003
4.349436650260855,3.4217634615076826,0.003,329.1340338590513,4.270240922388204,7.97,0.022917659289400823,7.97,0.0,0.022917651,0.003
4.349723844526622,3.4236359708082897,0.003,330.0702851237529,4.270063479560888,7.98,0.022917659335295368,7.98,0.0,0.022917651,0.003
4.350011038225496,3.425508547312593,0.003,331.00662748351715,4.26988596723453,7.99,0.02291765938118385,7.99,0.0,0.022917651,0.003
4.350298231355121,3.427381191299819,0.003,331.94306131683794,4.2697083851203645,8.0,0.02291765942706623,8.0,0.0,0.022917651,0.003
