log_Teff,LogL_lsun,Age_gyr,Step,Log_g,Mass_msun,feh,Mass_input,Metallicity_input,Z_used,Age_input
3.540639806556067,-1.9344309511307076,4.0,294.2237183747653,4.966896281360754,0.3,0.02506839321078103,0.3,0.0,0.022917651,4.0
3.5407952761523034,-1.9318063533827332,4.0,294.2466972897559,4.966142949715793,0.301,0.025062450497204906,0.301,0.0,0.022917651,4.0
3.5409506351866433,-1.9291794899415364,4.0,294.2706846473688,4.965386910125285,0.302,0.02505643649670365,0.302,0.0,0.022917651,4.0
3.541105881108006,-1.9265503085290605,4.0,294.29570371616444,4.964628100106751,0.30299999999999994,0.02505034956442004,0.303,0.0,0.022917651,4.0
3.541261011286223,-1.9239187552464485,4.0,294.3217784861094,4.963866455240539,0.30400000000000005,0.02504418800450057,0.304,0.0,0.022917651,4.0
3.5414160230089404,-1.921284774510739,4.0,294.34893369675257,4.963101909094162,0.305,0.025037950068103693,0.305,0.0,0.022917651,4.0
3.5415709134783904,-1.918648308988571,4.0,294.37719486673154,4.962334393143066,0.30600000000000005,0.025031633951313973,0.306,0.0,0.022917651,4.0
3.5417256798079997,-1.9160092995267355,4.0,294.40658832468455,4.961563836687621,0.307,0.025025237792956935,0.307,0.0,0.022917651,4.0
3.5418803190188357,-1.91336768507939,4.0,294.4371412416465,4.960790166766136,0.308,0.025018759672308995,0.308,0.0,0.022917651,4.0
3.5420347375701886,-1.9107319739260862,4.0,294.47112497382824,4.9600215172446465,0.309,0.025011919436075662,0.309,0.0,0.022917651,4.0
3.54218884136398,-1.9081134000094735,4.0,294.5111287610596,4.95926874535957,0.30999999999999994,0.02500435541430875,0.31,0.0,0.022917651,4.0
3.5423428474109633,-1.9054925441338357,4.0,294.5518932941981,4.958513300533042,0.311,0.02499669768454884,0.311,0.0,0.022917651,4.0
3.542496753425196,-1.9028693529324392,4.0,294.59343636432783,4.9577551202546735,0.312,0.024988944055306307,0.312,0.0,0.022917651,4.0
3.542650557048896,-1.9002437713614038,4.0,294.63577632164953,4.956994140049568,0.313,0.024981092266220025,0.313,0.0,0.022917651,4.0
3.5428042558495947,-1.8976157426332974,4.0,294.67893209761894,4.956230293400546,0.314,0.024973139985330375,0.314,0.0,0.022917651,4.0
3.542957847317162,-1.89498520814755,4.0,294.72292322814513,4.95546351166663,0.31499999999999995,0.024965084806221744,0.315,0.0,0.022917651,4.0
3.543111328860675,-1.8923521074175067,4.0,294.76776987790885,4.954693723997607,0.316,0.024956924245026997,0.316,0.0,0.022917651,4.0
3.5432646978051445,-1.8897163779939326,4.0,294.8134928658639,4.953920857244423,0.317,0.024948655737286204,0.317,0.0,0.022917651,4.0
3.54341795138808,-1.887077955384763,4.0,294.8601136919909,4.953144835865177,0.318,0.024940276634651235,0.318,0.0,0.022917651,4.0
3.543571086755878,-1.8844367729708837,4.0,294.9076545653731,4.952365581826483,0.319,0.024931784201427266,0.319,0.0,0.022917651,4.0
3.543724100960037,-1.8817927619177104,4.0,294.9561384336743,4.951583014499898,0.32,0.02492317561094182,0.32,0.0,0.022917651,4.0
3.5438769909531773,-1.8791458510823196,4.0,295.00558901409863,4.950797050553127,0.32099999999999995,0.02491444794173116,0.321,0.0,0.022917651,4.0
3.544029753584862,-1.8764959669158696,4.0,295.0560308259208,4.9500076038357435,0.322,0.024905598173533182,0.322,0.0,0.022917651,4.0
3.544182385597209,-1.8738430333610283,4.0,295.10748922468105,4.949214585259035,0.323,0.024896623183075353,0.323,0.0,0.022917651,4.0
3.54433488362026,-1.8711869717441094,4.0,295.1599904381444,4.948417902669656,0.32400000000000007,0.024887519739645318,0.324,0.0,0.022917651,4.0
3.5444872441671276,-1.8685277006615941,4.0,295.21356160413114,4.9476174607167085,0.325,0.024878284500430895,0.325,0.0,0.022917651,4.0
3.544639395592784,-1.8658895520352745,4.0,295.2687216647593,4.946837304727443,0.32600000000000007,0.02486813642278076,0.326,0.0,0.022917651,4.0
3.5447913877779444,-1.8632697041720887,4.0,295.3247406854505,4.946074812550389,0.327,0.024857163785571013,0.327,0.0,0.022917651,4.0
3.544943288757357,-1.8606478168200544,4.0,295.38101062815485,4.945309916090242,0.328,0.024846010541625507,0.328,0.0,0.022917651,4.0
3.54509509661819,-1.8580238472055544,4.0,295.4375367553884,4.944542564922661,0.329,0.024834672903130742,0.329,0.0,0.022917651,4.0
3.545246809393745,-1.8553977513504454,4.0,295.4943244778618,4.943772707203327,0.33,0.02482314697560657,0.33,0.0,0.022917651,4.0
3.5453984250615482,-1.8527694840293583,4.0,295.5513793597344,4.943000289617612,0.33100000000000007,0.024811428754124783,0.331,0.0,0.022917651,4.0
3.5455499415413576,-1.8501389987251666,4.0,295.60870712409246,4.94222525732808,0.33199999999999996,0.02479951411936582,0.332,0.0,0.022917651,4.0
3.5457013566930873,-1.8475062475825355,4.0,295.66631365866476,4.941447553919725,0.333,0.0247873988335052,0.333,0.0,0.022917651,4.0
3.5458526683146396,-1.8448711813594516,4.0,295.7242050217856,4.940667121342839,0.3340000000000001,0.02477507853592121,0.334,0.0,0.022917651,4.0
3.546003874139641,-1.842233749376629,4.0,295.7823874486193,4.9398838998533545,0.3350000000000001,0.024762548738714665,0.335,0.0,0.022917651,4.0
3.546154971835082,-1.8395938994646863,4.0,295.8408673576597,4.939097827950588,0.336,0.02474980482203106,0.336,0.0,0.022917651,4.0
3.5463059589988486,-1.8369515779089747,4.0,295.8996513575174,4.938308842312191,0.3370000000000001,0.024736842029174918,0.337,0.0,0.022917651,4.0
3.546456833157145,-1.834306729391937,4.0,295.958746254012,4.937516877726205,0.338,0.024723655461505387,0.338,0.0,0.022917651,4.0
3.546607591761799,-1.831659296932868,4.0,296.01815905758264,4.9367218670200375,0.339,0.024710240073101686,0.339,0.0,0.022917651,4.0
3.546758232187447,-1.8290092218249372,4.0,296.07789699103756,4.935923740986233,0.34,0.024696590665186147,0.34,0.0,0.022917651,4.0
3.546908751728589,-1.826356443569327,4.0,296.13796749765606,4.935122428304819,0.341,0.024682701880291886,0.341,0.0,0.022917651,4.0
3.5470595391248976,-1.8237297398043784,4.0,296.19263768023086,4.934348261371811,0.342,0.02466764441098876,0.342,0.0,0.022917651,4.0
3.547210459128372,-1.8211168567980642,4.0,296.24351155484857,4.93358844549174,0.3430000000000001,0.024651823033705434,0.343,0.0,0.022917651,4.0
3.547361306400974,-1.8185022232071582,4.0,296.29348975096866,4.9328265880651045,0.344,0.024635734606894166,0.34400000000000003,0.0,0.022917651,4.0
3.5475120795639405,-1.815885805845699,4.0,296.3425552891482,4.932062650390159,0.3450000000000001,0.02461937406807746,0.34500000000000003,0.0,0.022917651,4.0
3.547662777203434,-1.8132675706835806,4.0,296.39069075804093,4.931296592780704,0.3460000000000001,0.024602736226004424,0.34600000000000003,0.0,0.022917651,4.0
3.547813397869425,-1.8106474828195387,4.0,296.43787830057653,4.930528374534591,0.34700000000000003,0.02458581575653008,0.34700000000000003,0.0,0.022917651,4.0
3.5479639400745264,-1.808025506453095,4.0,296.48409959960617,4.929757953900998,0.3480000000000001,0.024568607198335417,0.34800000000000003,0.0,0.022917651,4.0
3.5481144022927773,-1.805401604855409,4.0,296.5293358629886,4.92898528804644,0.3490000000000001,0.02455110494848099,0.34900000000000003,0.0,0.022917651,4.0
3.5482647829583907,-1.8027757403389895,4.0,296.57356780809386,4.9282103330194476,0.35000000000000003,0.024533303257786392,0.35000000000000003,0.0,0.022917651,4.0
3.548415080464442,-1.8001478742262134,4.0,296.61677564569504,4.927433043713849,0.35100000000000003,0.024515196226027703,0.35100000000000003,0.0,0.022917651,4.0
3.54856529316151,-1.7975179668165935,4.0,296.65893906322157,4.926653373830599,0.35200000000000004,0.024496777796944348,0.352,0.0,0.022917651,4.0
3.5487154193562627,-1.7948859773527395,4.0,296.7000372073439,4.925871275838086,0.35300000000000004,0.024478041753046655,0.353,0.0,0.022917651,4.0
3.548865457309988,-1.7922518639849536,4.0,296.7400486658578,4.925086700930837,0.35400000000000004,0.02445898171021458,0.354,0.0,0.022917651,4.0
3.5490154052370584,-1.7896155837343894,4.0,296.77895144883564,4.924299598986559,0.355,0.02443959111207792,0.355,0.0,0.022917651,4.0
3.5491652613033433,-1.7869770924547113,4.0,296.8167229690092,4.923509918521419,0.356,0.024419863224167497,0.356,0.0,0.022917651,4.0
3.5493151285180886,-1.784342873656943,4.0,296.85103953961334,4.922724555198445,0.357,0.024399584638861358,0.357,0.0,0.022917651,4.0
3.5494661019069174,-1.7817794268869276,4.0,296.8581353317219,4.922014389851878,0.358,0.02437668931121601,0.358,0.0,0.022917651,4.0
3.5496170669714555,-1.779215942397395,4.0,296.8626871163894,4.921304153486399,0.35900000000000004,0.02435345115154439,0.359,0.0,0.022917651,4.0
3.5497680236544764,-1.77665241992904,4.0,296.8646774046396,4.920593845613781,0.36,0.024329867803021165,0.36,0.0,0.022917651,4.0
3.549918971898229,-1.7740888592201753,4.0,296.86408854682236,4.919883465741317,0.361,0.024305936887168506,0.361,0.0,0.022917651,4.0
3.55006991164443,-1.7715252600067024,4.0,296.8609027307641,4.919173013371759,0.36200000000000004,0.024281656003606798,0.362,0.0,0.022917651,4.0
3.5502208428342574,-1.7689616220220858,4.0,296.855101979893,4.918462488003267,0.363,0.024257022729802038,0.363,0.0,0.022917651,4.0
3.550371765408346,-1.7663979449973255,4.0,296.8466681513375,4.917751889129366,0.36400000000000005,0.024232034620809573,0.364,0.0,0.022917651,4.0
3.5505226793067792,-1.7638342286609259,4.0,296.83558293399943,4.917041216238877,0.365,0.02420668920901441,0.365,0.0,0.022917651,4.0
3.5506735844690844,-1.7612704727388684,4.0,296.8218278465994,4.916330468815876,0.366,0.024180984003867815,0.366,0.0,0.022917651,4.0
3.5508244808342257,-1.758706676954582,4.0,296.8053842356946,4.9156196463396284,0.36699999999999994,0.02415491649162026,0.367,0.0,0.022917651,4.0
3.5509753683405965,-1.7561428410289135,4.0,296.7862332736704,4.9149087482845415,0.368,0.02412848413505066,0.368,0.0,0.022917651,4.0
3.551126246926014,-1.7535789646800963,4.0,296.7643559567021,4.914197774120102,0.369,0.024101684373191757,0.369,0.0,0.022917651,4.0
3.5512771165277117,-1.7510150476237216,4.0,296.73973310268843,4.913486723310817,0.37,0.024074514621051667,0.37,0.0,0.022917651,4.0
3.551427977082335,-1.7484510895727055,4.0,296.7123453491568,4.9127755953161625,0.371,0.024046972269331515,0.371,0.0,0.022917651,4.0
3.5515788285259293,-1.7458870902372576,4.0,296.6821731511376,4.912064389590516,0.37199999999999994,0.024019054684139035,0.372,0.0,0.022917651,4.0
3.5517296707939363,-1.743323049324852,4.0,296.6491967790093,4.911353105583105,0.37300000000000005,0.02399075920669816,0.373,0.0,0.022917651,4.0
3.5518805038211876,-1.74075896654019,4.0,296.6133963163127,4.910641742737937,0.37399999999999994,0.02396208315305443,0.374,0.0,0.022917651,4.0
3.552031327541896,-1.7381948415851713,4.0,296.5747516575338,4.909930300493744,0.37500000000000006,0.023933023813776277,0.375,0.0,0.022917651,4.0
3.552182141889648,-1.7356306741588592,4.0,296.5332425058554,4.909218778283916,0.37600000000000006,0.02390357845365199,0.376,0.0,0.022917651,4.0
3.5523331690891298,-1.7330950126802998,4.0,296.4844219436608,4.9085366132441,0.377,0.02387307876255391,0.377,0.0,0.022917651,4.0
3.5524846238998906,-1.7306140760342998,4.0,296.42457701823645,4.90791088314328,0.378,0.023840999273560846,0.378,0.0,0.022917651,4.0
3.5526360936295744,-1.728134202689953,4.0,296.3622178059534,4.907286276029817,0.379,0.023808634884677736,0.379,0.0,0.022917651,4.0
3.5527875781720435,-1.725655385082612,4.0,296.29736219420295,4.906662783914441,0.38,0.023775987622767916,0.38,0.0,0.022917651,4.0
3.552939077422164,-1.7231776157192158,4.0,296.2300279011031,4.906040398883489,0.381,0.02374305949551391,0.381,0.0,0.022917651,4.0
3.5530905912757964,-1.7207008871774458,4.0,296.1602324774953,4.9054191130980085,0.382,0.023709852491643802,0.382,0.0,0.022917651,4.0
3.55324211962978,-1.7182251921048919,4.0,296.0879933089149,4.904798918792882,0.38300000000000006,0.023676368581154395,0.383,0.0,0.022917651,4.0
3.553393662381925,-1.7157505232182313,4.0,296.0133276175321,4.904179808275955,0.384,0.023642609715531216,0.384,0.0,0.022917651,4.0
3.5535452194309984,-1.7132768733024195,4.0,295.9362524640667,4.903561773927184,0.385,0.023608577827965434,0.385,0.0,0.022917651,4.0
3.5536967906767143,-1.7108042352098924,4.0,295.8567847496753,4.902944808197797,0.386,0.023574274833567756,0.386,0.0,0.022917651,4.0
3.5538483760197233,-1.708332601859778,4.0,295.77494121781234,4.902328903609455,0.38700000000000007,0.023539702629579273,0.387,0.0,0.022917651,4.0
3.5539999753615996,-1.7058619662371206,4.0,295.6907384560656,4.9017140527534355,0.388,0.023504863095579448,0.388,0.0,0.022917651,4.0
3.554151588604833,-1.7033923213921174,4.0,295.6041928979655,4.901100248289825,0.38900000000000007,0.023469758093691107,0.389,0.0,0.022917651,4.0
3.5543032156528156,-1.7009236604393612,4.0,295.51532082476916,4.900487482946723,0.39,0.023434389468782662,0.39,0.0,0.022917651,4.0
3.554454856409833,-1.6984559765570981,4.0,295.4241383672204,4.899875749519454,0.391,0.02339875904866749,0.391,0.0,0.022917651,4.0
3.5546065107810536,-1.6959892629864926,4.0,295.3306615072849,4.8992650408697935,0.392,0.02336286864430055,0.392,0.0,0.022917651,4.0
3.554758178672519,-1.6935235130309052,4.0,295.23490607986173,4.8986553499252015,0.393,0.02332672004997232,0.393,0.0,0.022917651,4.0
3.554909859991133,-1.6910587200551765,4.0,295.1368877744706,4.898046669678073,0.3940000000000001,0.023290315043500022,0.394,0.0,0.022917651,4.0
3.5550615546446505,-1.6885948774849253,4.0,295.036622136917,4.897438993184987,0.395,0.02325365538641625,0.395,0.0,0.022917651,4.0
3.555213262541673,-1.6861319788058535,4.0,294.9341245709336,4.896832313565987,0.396,0.023216742824155003,0.396,0.0,0.022917651,4.0
3.5553649835916326,-1.6836700175630617,4.0,294.8294103397996,4.896226624003843,0.397,0.02317957908623515,0.397,0.0,0.022917651,4.0
3.5555167177047857,-1.681208987360372,4.0,294.72249456793827,4.89562191774334,0.3980000000000001,0.023142165886441447,0.398,0.0,0.022917651,4.0
3.555668464792204,-1.6787488818596639,4.0,294.6133922424917,4.895018188090589,0.399,0.02310450492300302,0.399,0.0,0.022917651,4.0
3.555820224765765,-1.6762896947802168,4.0,294.5021182148756,4.894415428412314,0.4000000000000001,0.023066597878769496,0.4,0.0,0.022917651,4.0
3.5560432304284615,-1.6736566548489846,4.0,294.56291515209296,4.893643511134592,0.401,0.023064722382810408,0.401,0.0,0.022917651,4.0
3.5562662099422817,-1.671023878959987,4.0,294.622837161712,4.892871753301608,0.4020000000000001,0.023062853635856,0.402,0.0,0.022917651,4.0
3.556489162978859,-1.6683913704289488,4.0,294.68187325678065,4.892100156915596,0.403,0.023060991722657277,0.403,0.0,0.022917651,4.0
3.556712089204306,-1.6657591326273449,4.0,294.74001226561427,4.891328724012458,0.404,0.023059136729390226,0.404,0.0,0.022917651,4.0
3.5569349882790977,-1.663127168983577,4.0,294.7972428278972,4.89055745666247,0.405,0.0230572887436859,0.405,0.0,0.022917651,4.0
3.5571578598579543,-1.6604954829841798,4.0,294.85355339068445,4.889786356971017,0.4060000000000001,0.023055447854661248,0.406,0.0,0.022917651,4.0
3.5573807035897125,-1.6578640781750584,4.0,294.90893220430115,4.889015427079325,0.40700000000000003,0.023053614152950753,0.40700000000000003,0.0,0.022917651,4.0
3.5576035191172055,-1.6552329581627578,4.0,294.96336731813767,4.888244669165252,0.40800000000000003,0.023051787730738862,0.40800000000000003,0.0,0.022917651,4.0
3.5578263060771342,-1.652602126615765,4.0,295.01684657633564,4.887474085444051,0.4090000000000001,0.023049968681793282,0.40900000000000003,0.0,0.022917651,4.0
3.5580490640999294,-1.6499715872658425,4.0,295.0693576133623,4.886703678169185,0.41000000000000003,0.02304815710149908,0.41000000000000003,0.0,0.022917651,4.0
3.5582717928096215,-1.6473413439094016,4.0,295.1208878494704,4.885933449633159,0.4110000000000001,0.023046353086893748,0.41100000000000003,0.0,0.022917651,4.0
3.5584944918237,-1.644711400408906,4.0,295.1714244860396,4.885163402168364,0.41200000000000003,0.023044556736703106,0.41200000000000003,0.0,0.022917651,4.0
3.5587171607529693,-1.6420817606943168,4.0,295.22095450079496,4.884393538147946,0.41300000000000014,0.023042768151378203,0.41300000000000003,0.0,0.022917651,4.0
3.5589397992014034,-1.6394524287645698,4.0,295.2694646429004,4.8836238599867094,0.41400000000000003,0.023040987433133167,0.41400000000000003,0.0,0.022917651,4.0
3.559162406765993,-1.6368234086890991,4.0,295.3169414279218,4.882854370142023,0.41500000000000004,0.023039214685984032,0.41500000000000004,0.0,0.022917651,4.0
3.5593849830365953,-1.634194704609397,4.0,295.3633711326573,4.882085071114773,0.4160000000000001,0.023037450015788656,0.41600000000000004,0.0,0.022917651,4.0
3.5596075275957704,-1.6315663207406128,4.0,295.40873978982796,4.88131596545032,0.4170000000000001,0.02303569353028764,0.417,0.0,0.022917651,4.0
3.5598300400186234,-1.6289382613732015,4.0,295.4530331826282,4.880547055739504,0.418,0.023033945339146388,0.418,0.0,0.022917651,4.0
3.560052519872632,-1.6263105308746106,4.0,295.49623683912773,4.879778344619653,0.41899999999999993,0.023032205553998285,0.419,0.0,0.022917651,4.0
3.5602749667174787,-1.6236831336910176,4.0,295.5383360265235,4.879009834775641,0.42,0.02303047428848902,0.42,0.0,0.022917651,4.0
3.560497380104873,-1.621056074349108,4.0,295.57931574523457,4.878241528940955,0.421,0.023028751658322175,0.421,0.0,0.022917651,4.0
3.560719759578369,-1.6184293574579087,4.0,295.61916072283617,4.877473429898805,0.42200000000000004,0.023027037781305954,0.422,0.0,0.022917651,4.0
3.5609421046731797,-1.6158029877106692,4.0,295.65785540782787,4.876705540483258,0.42299999999999993,0.023025332777401316,0.423,0.0,0.022917651,4.0
3.5611644149159885,-1.6131769698867926,4.0,295.69538396322963,4.875937863580412,0.42400000000000004,0.02302363676877135,0.424,0.0,0.022917651,4.0
3.561386689824747,-1.6105513088538213,4.0,295.7317302600008,4.875170402129582,0.425,0.02302194987983202,0.425,0.0,0.022917651,4.0
3.5616089289084774,-1.607926009569481,4.0,295.76687787027663,4.874403159124544,0.42599999999999993,0.023020272237304386,0.426,0.0,0.022917651,4.0
3.5618311316670628,-1.6053010770837752,4.0,295.80081006041513,4.873636137614797,0.42699999999999994,0.02301860397026817,0.427,0.0,0.022917651,4.0
3.5620532975910355,-1.6026765165411456,4.0,295.83350978385016,4.872869340706869,0.42800000000000005,0.02301694521021695,0.428,0.0,0.022917651,4.0
3.562275426161352,-1.6000523331826872,4.0,295.86495967374134,4.8721027715656495,0.42899999999999994,0.023015296091114832,0.429,0.0,0.022917651,4.0
3.562497516849175,-1.5974285323484316,4.0,295.89514203541796,4.871336433415772,0.42999999999999994,0.02301365674945472,0.43,0.0,0.022917651,4.0
3.562719569115636,-1.5948051194796906,4.0,295.9240388386059,4.870570329543037,0.431,0.023012027324318302,0.431,0.0,0.022917651,4.0
3.5629415824115953,-1.5921821001214689,4.0,295.9516317094336,4.869804463295849,0.432,0.02301040795743769,0.432,0.0,0.022917651,4.0
3.563163556177401,-1.589559479924947,4.0,295.97790192220845,4.8690388380867375,0.433,0.0230087987932589,0.433,0.0,0.022917651,4.0
3.5633854898426316,-1.5869372646500344,4.0,296.00283039095467,4.868273457393884,0.434,0.02300719997900705,0.434,0.0,0.022917651,4.0
3.563607382825839,-1.5843154601679974,4.0,296.0263976607076,4.867508324762717,0.435,0.0230056116647536,0.435,0.0,0.022917651,4.0
3.563829234534279,-1.5816940724641613,4.0,296.0485838985523,4.866743443807538,0.43599999999999994,0.023004034003485413,0.436,0.0,0.022917651,4.0
3.5640510443636346,-1.5790731076406967,4.0,296.06936888440146,4.865978818213209,0.43699999999999994,0.02300246715117593,0.437,0.0,0.022917651,4.0
3.564272811697737,-1.5764525719194828,4.0,296.08873200150117,4.865214451736879,0.43800000000000006,0.02300091126685839,0.438,0.0,0.022917651,4.0
3.5644945359082656,-1.5738324716450574,4.0,296.10665222665546,4.864450348209765,0.439,0.022999366512701225,0.439,0.0,0.022917651,4.0
3.5647162163544555,-1.5712128132876555,4.0,296.1231081201616,4.863686511538987,0.44,0.02299783305408574,0.44,0.0,0.022917651,4.0
3.5649378523827817,-1.5685936034463377,4.0,296.13807781544347,4.862922945709458,0.44100000000000006,0.022996311059686025,0.441,0.0,0.022917651,4.0
3.565159443326644,-1.56597484885221,4.0,296.1515390083748,4.86215965478583,0.44200000000000006,0.022994800701551354,0.442,0.0,0.022917651,4.0
3.565380988506034,-1.5633565563717469,4.0,296.1634689462797,4.861396642914497,0.443,0.022993302155191006,0.443,0.0,0.022917651,4.0
3.5656024872272005,-1.5607387330102083,4.0,296.17384441659976,4.86063391432566,0.44399999999999995,0.022991815599661698,0.444,0.0,0.022917651,4.0
3.5658239387823,-1.5581213859151666,4.0,296.18264173521675,4.859871473335459,0.44500000000000006,0.022990341217657667,0.445,0.0,0.022917651,4.0
3.566045342449033,-1.5555045223801356,4.0,296.1898367344157,4.8591093243481565,0.446,0.022988879195603502,0.446,0.0,0.022917651,4.0
3.566266697490277,-1.5528881498483182,4.0,296.19540475047967,4.8583474718584165,0.447,0.022987429723749855,0.447,0.0,0.022917651,4.0
3.5664880031537045,-1.5502722759164629,4.0,296.1993206108989,4.8575859204536105,0.44800000000000006,0.022985992996272086,0.448,0.0,0.022917651,4.0
3.5667092586713864,-1.5476569083388472,4.0,296.2015586211835,4.856824674816247,0.44900000000000007,0.022984569211372007,0.449,0.0,0.022917651,4.0
3.5669304632593875,-1.5450420550313788,4.0,296.20209255126235,4.856063739726429,0.45000000000000007,0.022983158571382778,0.45,0.0,0.022917651,4.0
3.5671516161173455,-1.5424277240758313,4.0,296.20089562145586,4.855303120064424,0.451,0.02298176128287714,0.451,0.0,0.022917651,4.0
3.5673726780088058,-1.5398281541470948,4.0,296.1952194299186,4.854556897567905,0.452,0.022980397753659607,0.452,0.0,0.022917651,4.0
3.567593644785656,-1.5372424880184494,4.0,296.18534018169316,4.853824198423571,0.453,0.022979070103652258,0.453,0.0,0.022917651,4.0
3.5678145524655074,-1.5346566766711478,4.0,296.17398722233503,4.853091117676673,0.454,0.02297775943258705,0.454,0.0,0.022917651,4.0
3.568035401137735,-1.5320707203248067,4.0,296.1611627805664,4.85235765590432,0.45500000000000007,0.0229764657147864,0.455,0.0,0.022917651,4.0
3.56825619089153,-1.5294846191986011,4.0,296.1468690806179,4.8516238136824485,0.456,0.02297518892462447,0.456,0.0,0.022917651,4.0
3.5684769218159094,-1.5268983735112633,4.0,296.1311083422394,4.850889591585844,0.457,0.022973929036527046,0.457,0.0,0.022917651,4.0
3.5686975939997043,-1.5243119834810865,4.0,296.1138827807115,4.85015499018813,0.458,0.022972686024971403,0.458,0.0,0.022917651,4.0
3.5689182075315724,-1.521725449325923,4.0,296.09519460685726,4.849420010061775,0.459,0.022971459864486177,0.459,0.0,0.022917651,4.0
3.5691387624999917,-1.5191387712631887,4.0,296.0750460270526,4.848684651778101,0.46,0.022970250529651234,0.46,0.0,0.022917651,4.0
3.5693592589932606,-1.5165519495098607,4.0,296.0534392432381,4.847948915907276,0.461,0.022969057995097544,0.461,0.0,0.022917651,4.0
3.5695796970995013,-1.5139649842824823,4.0,296.0303764529296,4.8472128030183255,0.4620000000000001,0.022967882235507057,0.462,0.0,0.022917651,4.0
3.569800076906659,-1.511377875797159,4.0,296.00585984923,4.846476313679129,0.463,0.022966723225612568,0.463,0.0,0.022917651,4.0
3.570020398502503,-1.5087906242695652,4.0,295.9798916208396,4.845739448456431,0.464,0.022965580940197586,0.464,0.0,0.022917651,4.0
3.5702406619746263,-1.506203229914941,4.0,295.9524739520678,4.845002207915835,0.4650000000000001,0.022964455354096216,0.465,0.0,0.022917651,4.0
3.570460867410443,-1.5036156929480953,4.0,295.92360902284355,4.844264592621812,0.466,0.022963346442193024,0.466,0.0,0.022917651,4.0
3.5706810148971986,-1.5010280135834073,4.0,295.89329900872656,4.843526603137701,0.467,0.02296225417942293,0.467,0.0,0.022917651,4.0
3.5709011045219574,-1.4984401920348251,4.0,295.8615460809184,4.842788240025712,0.468,0.022961178540771048,0.468,0.0,0.022917651,4.0
3.571121136371613,-1.4958522285158695,4.0,295.82835240627315,4.842049503846931,0.4690000000000001,0.022960119501272587,0.46900000000000003,0.0,0.022917651,4.0
3.5713411105328827,-1.4932641232396338,4.0,295.79372014730836,4.841310395161319,0.47000000000000003,0.022959077036012715,0.47000000000000003,0.0,0.022917651,4.0
3.571561027092314,-1.4906758764187853,4.0,295.7576514622161,4.840570914527718,0.47100000000000003,0.022958051120126447,0.47100000000000003,0.0,0.022917651,4.0
3.571780886136278,-1.4880874882655653,4.0,295.7201485048733,4.839831062503855,0.47200000000000003,0.022957041728798498,0.47200000000000003,0.0,0.022917651,4.0
3.5720006877509736,-1.4854989589917917,4.0,295.68121342485307,4.839090839646336,0.47300000000000003,0.022956048837263182,0.47300000000000003,0.0,0.022917651,4.0
3.5722204320224296,-1.4829102888088594,4.0,295.640848367435,4.838350246510662,0.47400000000000003,0.022955072420804263,0.47400000000000003,0.0,0.022917651,4.0
3.5724401190365005,-1.4803214779277407,4.0,295.5990554736161,4.837609283651223,0.47500000000000003,0.02295411245475486,0.47500000000000003,0.0,0.022917651,4.0
3.5726597488788716,-1.4777325265589873,4.0,295.5558368801216,4.836867951621301,0.4760000000000001,0.022953168914497307,0.47600000000000003,0.0,0.022917651,4.0
3.572879321635056,-1.475143434912731,4.0,295.51119471941513,4.8361262509730745,0.47700000000000004,0.022952241775463025,0.47700000000000004,0.0,0.022917651,4.0
3.5730988373903965,-1.4725542031986851,4.0,295.46513111971007,4.835384182257627,0.47800000000000004,0.02295133101313242,0.47800000000000004,0.0,0.022917651,4.0
3.5733182962300662,-1.4699648316261444,4.0,295.41764820497923,4.8346417460249365,0.4790000000000001,0.022950436603034738,0.47900000000000004,0.0,0.022917651,4.0
3.573537698239069,-1.4673753204039872,4.0,295.3687480949663,4.83389894282389,0.48000000000000004,0.02294955852074796,0.48,0.0,0.022917651,4.0
3.5737570435022383,-1.4647856697406756,4.0,295.3184329051957,4.8331557732022805,0.481,0.02294869674189868,0.481,0.0,0.022917651,4.0
3.5739763321042406,-1.462195879844258,4.0,295.2667047469835,4.832412237706813,0.482,0.02294785124216196,0.482,0.0,0.022917651,4.0
3.574195564129573,-1.459605950922369,4.0,295.2135657274476,4.831668336883103,0.483,0.022947021997261254,0.483,0.0,0.022917651,4.0
3.5744147396625627,-1.4570158831822293,4.0,295.1590179495183,4.830924071275684,0.48400000000000004,0.02294620898296825,0.484,0.0,0.022917651,4.0
3.574633858787374,-1.4544256768306492,4.0,295.1030635119487,4.830179441428007,0.485,0.022945412175102757,0.485,0.0,0.022917651,4.0
3.574852921588,-1.4518353320740285,4.0,295.04570450932505,4.829434447882443,0.486,0.0229446315495326,0.486,0.0,0.022917651,4.0
3.5750719281482692,-1.449244849118356,4.0,294.98694303207697,4.828689091180289,0.48700000000000004,0.022943867082173493,0.487,0.0,0.022917651,4.0
3.5752908785518422,-1.4466542281692136,4.0,294.92678116648796,4.827943371861765,0.488,0.022943118748988918,0.488,0.0,0.022917651,4.0
3.575509772882217,-1.444063469431775,4.0,294.86522099470557,4.827197290466024,0.489,0.02294238652599,0.489,0.0,0.022917651,4.0
3.5757286112227216,-1.441472573110807,4.0,294.80226459475165,4.826450847531146,0.49,0.02294167038923541,0.49,0.0,0.022917651,4.0
3.575947393656523,-1.438881539410671,4.0,294.73791404053236,4.8257040435941505,0.49100000000000005,0.02294097031483122,0.491,0.0,0.022917651,4.0
3.5761661202666204,-1.436290368535324,4.0,294.6721714018489,4.824956879190991,0.492,0.022940286278930817,0.492,0.0,0.022917651,4.0
3.5763848025001463,-1.4337037959986392,4.0,294.61393283089427,4.824214135687089,0.493,0.02293962481413143,0.493,0.0,0.022917651,4.0
3.57660344836832,-1.431125332968603,4.0,294.57140690091825,4.8234793563368985,0.49400000000000005,0.02293898706099437,0.494,0.0,0.022917651,4.0
3.5768220368742294,-1.4285460864150528,4.0,294.5286493523346,4.822743564001812,0.495,0.022938358824251603,0.495,0.0,0.022917651,4.0
3.577040568753116,-1.4259660663808174,4.0,294.48566315391923,4.8220067716657855,0.496,0.022937739981926546,0.496,0.0,0.022917651,4.0
3.5772590447277115,-1.4233852827378228,4.0,294.4424512239276,4.821268992091817,0.497,0.022937130414118347,0.497,0.0,0.022917651,4.0
3.5774774655084975,-1.4208037451907125,4.0,294.3990164311647,4.8205302378266355,0.49800000000000005,0.022936530002957905,0.498,0.0,0.022917651,4.0
3.577695831793969,-1.418221463280377,4.0,294.3553615960278,4.819790521205264,0.499,0.022935938632564996,0.499,0.0,0.022917651,4.0
3.5779141442708853,-1.415638446387392,4.0,294.31148949152384,4.819049854355456,0.5,0.02293535618900653,0.5,0.0,0.022917651,4.0
3.578220408891253,-1.4127588214429276,4.0,294.51345294078345,4.818187100503167,0.501,0.02293528842396217,0.501,0.0,0.022917651,4.0
3.5785266955499226,-1.4098790800842458,4.0,294.7156582838078,4.817324318393712,0.5020000000000001,0.02293522048316022,0.502,0.0,0.022917651,4.0
3.578833004490594,-1.4069992210240272,4.0,294.91810819547896,4.816461507714624,0.503,0.02293515236465713,0.503,0.0,0.022917651,4.0
3.579139335960576,-1.4041192429559033,4.0,295.1208053902643,4.815598668148803,0.504,0.022935084066480614,0.504,0.0,0.022917651,4.0
3.57944569021085,-1.4012391445541004,4.0,295.32375262295045,4.81473579937445,0.505,0.02293501558662906,0.505,0.0,0.022917651,4.0
3.5797520674961394,-1.3983589244730792,4.0,295.5269526893953,4.813872901064961,0.506,0.02293494692307102,0.506,0.0,0.022917651,4.0
3.5800584680749785,-1.3954785813471637,4.0,295.730408427296,4.813009972888847,0.507,0.022934878073744665,0.507,0.0,0.022917651,4.0
3.580364892209787,-1.3925981137901664,4.0,295.9341227169746,4.812147014509637,0.508,0.022934809036557167,0.508,0.0,0.022917651,4.0
3.580671340166938,-1.3897175203949974,4.0,296.1380984821817,4.811284025585792,0.509,0.02293473980938417,0.509,0.0,0.022917651,4.0
3.58097781221684,-1.3868367997332713,4.0,296.3423386909173,4.810421005770597,0.51,0.02293467039006915,0.51,0.0,0.022917651,4.0
3.581284308634008,-1.3839559503549035,4.0,296.5468463562719,4.809557954712078,0.511,0.022934600776422828,0.511,0.0,0.022917651,4.0
3.5815908296971406,-1.3810749707876946,4.0,296.7516245372854,4.808694872052885,0.512,0.02293453096622253,0.512,0.0,0.022917651,4.0
3.5818973756892083,-1.3781938595369088,4.0,296.95667633982714,4.807831757430204,0.5130000000000001,0.02293446095721157,0.513,0.0,0.022917651,4.0
3.582203946897526,-1.3753126150848407,4.0,297.16200491749464,4.806968610475642,0.514,0.02293439074709858,0.514,0.0,0.022917651,4.0
3.58251054361384,-1.37243123589037,4.0,297.3676134725343,4.806105430815124,0.5150000000000001,0.022934320333556822,0.515,0.0,0.022917651,4.0
3.582817166134419,-1.3695497203885139,4.0,297.5735052567832,4.805242218068782,0.5160000000000001,0.02293424971422356,0.516,0.0,0.022917651,4.0
3.583123814760135,-1.3666680669899567,4.0,297.7796835726326,4.804378971850842,0.517,0.022934178886699297,0.517,0.0,0.022917651,4.0
3.583430489796554,-1.363786274080579,4.0,297.98615177401456,4.803515691769512,0.5180000000000001,0.022934107848547106,0.518,0.0,0.022917651,4.0
3.583737191554033,-1.3609043400209717,4.0,298.19291326741074,4.802652377426855,0.519,0.02293403659729188,0.519,0.0,0.022917651,4.0
3.5840439203478103,-1.358022263145938,4.0,298.39997151288634,4.801789028418683,0.52,0.022933965130419554,0.52,0.0,0.022917651,4.0
3.5843506764980986,-1.3551400417639836,4.0,298.6073300251474,4.800925644334418,0.521,0.022933893445376392,0.521,0.0,0.022917651,4.0
3.584657460330192,-1.3522576741567982,4.0,298.81499237462367,4.8000622247569735,0.522,0.022933821539568147,0.522,0.0,0.022917651,4.0
3.584964272174562,-1.3493751585787184,4.0,299.02296218857776,4.79919876926263,0.5230000000000001,0.022933749410359288,0.523,0.0,0.022917651,4.0
3.5852711135638526,-1.3464936255021644,4.0,299.23381684542943,4.798336414439107,0.5240000000000001,0.02293367673881749,0.524,0.0,0.022917651,4.0
3.585577985936419,-1.3436140091502493,4.0,299.4496229978424,4.7974761002449675,0.525,0.022933603281666035,0.525,0.0,0.022917651,4.0
3.5858848875435947,-1.3407342106454125,4.0,299.66558704161116,4.796615720833779,0.526,0.02293352963162672,0.526,0.0,0.022917651,4.0
3.586191818828396,-1.337854227227334,4.0,299.8817113693993,4.795755275217251,0.5270000000000001,0.022933455785776546,0.527,0.0,0.022917651,4.0
3.586498780242836,-1.3349740560796377,4.0,300.0979984224604,4.794894762387023,0.528,0.02293338174113317,0.528,0.0,0.022917651,4.0
3.586805772248156,-1.332093694328461,4.0,300.3144506918771,4.794034181314153,0.5290000000000001,0.022933307494653346,0.529,0.0,0.022917651,4.0
3.587112795315059,-1.3292131390409818,4.0,300.5310707198394,4.79317353094859,0.5300000000000001,0.02293323304323142,0.53,0.0,0.022917651,4.0
3.5874198499239536,-1.3263323872238972,4.0,300.74786110096176,4.792312810218627,0.5310000000000001,0.022933158383697683,0.531,0.0,0.022917651,4.0
3.5877269365652085,-1.3234514358218574,4.0,300.9648244836415,4.791452018030343,0.532,0.022933083512816716,0.532,0.0,0.022917651,4.0
3.5880340557394095,-1.3205702817158498,4.0,301.18196357145985,4.790591153267024,0.533,0.0229330084272857,0.533,0.0,0.022917651,4.0
3.5883412079576265,-1.3176889217215306,4.0,301.39928112462667,4.789730214788564,0.5340000000000001,0.02293293312373262,0.534,0.0,0.022917651,4.0
3.5886483937416913,-1.314807352587507,4.0,301.6167799614706,4.788869201430854,0.535,0.022932857598714464,0.535,0.0,0.022917651,4.0
3.5889556136244836,-1.3119255709935627,4.0,301.83446295997754,4.78800811200514,0.536,0.02293278184871535,0.536,0.0,0.022917651,4.0
3.589262868150218,-1.3090435735488262,4.0,302.05233305937674,4.787146945297372,0.537,0.022932705870144565,0.537,0.0,0.022917651,4.0
3.5895701578747574,-1.306161356789883,4.0,302.27039326177913,4.786285700067529,0.538,0.022932629659334583,0.538,0.0,0.022917651,4.0
3.5898774833659157,-1.3032789171788237,4.0,302.4886466338679,4.785424375048915,0.5390000000000001,0.022932553212539,0.539,0.0,0.022917651,4.0
3.5901848452037894,-1.3003962511012306,4.0,302.70709630864377,4.784562968947447,0.54,0.022932476525930383,0.54,0.0,0.022917651,4.0
3.5904922439810876,-1.2975133548641002,4.0,302.9257454872276,4.7837014804409,0.5410000000000001,0.02293239959559808,0.541,0.0,0.022917651,4.0
3.590799680303475,-1.2946302246936918,4.0,303.1445974407217,4.7828399081781425,0.542,0.02293232241754596,0.542,0.0,0.022917651,4.0
3.5911071547899316,-1.2917468567333128,4.0,303.3636555121332,4.781978250778348,0.543,0.022932244987690035,0.543,0.0,0.022917651,4.0
3.591414668073117,-1.288863247041025,4.0,303.58292311835993,4.781116506830164,0.544,0.022932167301856054,0.544,0.0,0.022917651,4.0
3.5917222207997557,-1.285979391587277,4.0,303.80240375224383,4.780254674890873,0.545,0.022932089355776997,0.545,0.0,0.022917651,4.0
3.5920298136310227,-1.2830952862524556,4.0,304.0221009846928,4.779392753485513,0.546,0.022932011145090456,0.546,0.0,0.022917651,4.0
3.592337447242955,-1.2802109268243562,4.0,304.2420184668735,4.778530741105962,0.547,0.022931932665335993,0.547,0.0,0.022917651,4.0
3.592645122326872,-1.277326308995567,4.0,304.4621599324791,4.777668636210025,0.548,0.022931853911952342,0.548,0.0,0.022917651,4.0
3.592952839589804,-1.2744414283607635,4.0,304.68252920007427,4.776806437220439,0.549,0.02293177488027456,0.549,0.0,0.022917651,4.0
3.5932605997549465,-1.2715562804139093,4.0,304.90313017552046,4.7759441425238895,0.5500000000000002,0.022931695565531044,0.55,0.0,0.022917651,4.0
3.5935684035621245,-1.2686708605453636,4.0,305.1239668544849,4.7750817504699645,0.551,0.022931615962840504,0.551,0.0,0.022917651,4.0
3.5938762517682696,-1.2657851640388857,4.0,305.3450433250364,4.774219259370087,0.552,0.022931536067208744,0.552,0.0,0.022917651,4.0
3.594184145147921,-1.262899186068535,4.0,305.5663637703324,4.773356667496401,0.553,0.02293145587352541,0.553,0.0,0.022917651,4.0
3.5944920844937385,-1.2600129216954628,4.0,305.78793247139924,4.772493973080631,0.554,0.022931375376560606,0.554,0.0,0.022917651,4.0
3.594800070617034,-1.257126365864591,4.0,306.00975381001166,4.7716311743128825,0.555,0.022931294570961325,0.555,0.0,0.022917651,4.0
3.595108104348331,-1.2542395134011743,4.0,306.2318322716738,4.770768269340419,0.556,0.022931213451247854,0.556,0.0,0.022917651,4.0
3.5954161865379253,-1.2513523590072357,4.0,306.45417244870686,4.7699052562663775,0.557,0.022931132011809994,0.557,0.0,0.022917651,4.0
3.595724318056486,-1.2484648972578771,4.0,306.6767790434483,4.769042133148463,0.5580000000000002,0.022931050246903135,0.558,0.0,0.022917651,4.0
3.5960324997956654,-1.245577122597456,4.0,306.8996568715654,4.768178897997557,0.559,0.02293096815064422,0.559,0.0,0.022917651,4.0
3.5963407326687347,-1.2426890293356228,4.0,307.12281086549115,4.767315548776322,0.56,0.02293088571700755,0.56,0.0,0.022917651,4.0
3.596649017611245,-1.2398006116432132,4.0,307.34624607798384,4.766452083397713,0.5610000000000002,0.022930802939820416,0.561,0.0,0.022917651,4.0
3.5969573555817105,-1.2369118635479883,4.0,307.5699676858192,4.765588499723462,0.562,0.022930719812758626,0.562,0.0,0.022917651,4.0
3.5972657475623153,-1.2340227789302187,4.0,307.79398099361913,4.764724795562494,0.563,0.022930636329341784,0.5630000000000001,0.0,0.022917651,4.0
3.597574194559652,-1.231133351518104,4.0,308.01829143782203,4.763860968669289,0.5640000000000001,0.02293055248292848,0.5640000000000001,0.0,0.022917651,4.0
3.5978826976054825,-1.2282435748830176,4.0,308.2429045908037,4.762997016742175,0.5650000000000001,0.02293046826671121,0.5650000000000001,0.0,0.022917651,4.0
3.5981912577575286,-1.2253534424345756,4.0,308.4678261651522,4.762132937421566,0.5660000000000002,0.022930383673711204,0.5660000000000001,0.0,0.022917651,4.0
3.5984998761002966,-1.2224629474155169,4.0,308.69306201810656,4.7612687282881305,0.5670000000000001,0.022930298696772967,0.5670000000000001,0.0,0.022917651,4.0
3.5988085537459282,-1.2195720828963865,4.0,308.9186181561636,4.760404386860883,0.5680000000000001,0.022930213328558675,0.5680000000000001,0.0,0.022917651,4.0
3.5991172918350873,-1.2166808417700168,4.0,309.14450073986325,4.759539910595209,0.5690000000000001,0.022930127561542293,0.5690000000000001,0.0,0.022917651,4.0
3.59942609153788,-1.2137892167457938,4.0,309.37071608875874,4.758675296880821,0.5700000000000001,0.022930041388003558,0.5700000000000001,0.0,0.022917651,4.0
3.5997349540548114,-1.2108972003436969,4.0,309.59727068658015,4.75781054303961,0.5710000000000001,0.02292995480002162,0.5710000000000001,0.0,0.022917651,4.0
3.6000438806177777,-1.2080047848881124,4.0,309.8241711866008,4.756945646323439,0.5720000000000002,0.02292986778946851,0.5720000000000001,0.0,0.022917651,4.0
3.6003528724911007,-1.2051119625013949,4.0,310.05142441721534,4.756080603911843,0.5730000000000001,0.022929780348002332,0.5730000000000001,0.0,0.022917651,4.0
3.6006619309726013,-1.2022187250971779,4.0,310.27903738774023,4.755215412909619,0.5740000000000001,0.022929692467060152,0.5740000000000001,0.0,0.022917651,4.0
3.6009710573947142,-1.199325064373414,4.0,310.5070172944447,4.754350070344349,0.5750000000000001,0.02292960413785066,0.5750000000000001,0.0,0.022917651,4.0
3.601280253125654,-1.1964309718051356,4.0,310.73537152682655,4.753484573163798,0.5760000000000001,0.022929515351346474,0.5760000000000001,0.0,0.022917651,4.0
3.60158951957062,-1.1935364386369245,4.0,310.9641076741412,4.752618918233225,0.577,0.02292942609827619,0.577,0.0,0.022917651,4.0
3.601898858173056,-1.190641455875068,4.0,311.19323353219704,4.751753102332566,0.578,0.022929336369116066,0.578,0.0,0.022917651,4.0
3.6022082704159635,-1.1877460142794,4.0,311.4227571104318,4.750887122153528,0.579,0.022929246154081373,0.579,0.0,0.022917651,4.0
3.6025177578232586,-1.184850104354799,4.0,311.6526866392793,4.750020974296524,0.5800000000000001,0.02292915544311741,0.58,0.0,0.022917651,4.0
3.6028273219612,-1.1819537163423335,4.0,311.8830305778456,4.749154655267518,0.581,0.022929064225890115,0.581,0.0,0.022917651,4.0
3.6031369644398676,-1.1790568402100374,4.0,312.1137976219059,4.748288161474724,0.582,0.022928972491776306,0.582,0.0,0.022917651,4.0
3.6034466869147037,-1.1761594656432917,4.0,312.3449967122395,4.747421489225147,0.583,0.022928880229853482,0.583,0.0,0.022917651,4.0
3.603756491088126,-1.173261582034801,4.0,312.57663704332015,4.746554634721011,0.584,0.022928787428889222,0.584,0.0,0.022917651,4.0
3.604066378711201,-1.1703631784741377,4.0,312.8087280723783,4.745687594056003,0.585,0.022928694077330104,0.585,0.0,0.022917651,4.0
3.604376351585398,-1.1674642437368365,4.0,313.0412795288552,4.744820363211377,0.5860000000000001,0.022928600163290173,0.586,0.0,0.022917651,4.0
3.6046864115644146,-1.1645647662730128,4.0,313.27430142426743,4.7439529380518755,0.587,0.022928505674538854,0.587,0.0,0.022917651,4.0
3.6049965605560823,-1.161664734195482,4.0,313.50780406250396,4.743085314321474,0.588,0.02292841059848842,0.588,0.0,0.022917651,4.0
3.605306800524359,-1.1587641352673597,4.0,313.7417980505778,4.742217487638945,0.589,0.02292831492218081,0.589,0.0,0.022917651,4.0
3.605617133491405,-1.1558629568891037,4.0,313.9762943098553,4.741349453493216,0.59,0.022928218632273952,0.59,0.0,0.022917651,4.0
3.605927561539761,-1.15296118608498,4.0,314.2113040877883,4.740481207238525,0.5910000000000001,0.022928121715027408,0.591,0.0,0.022917651,4.0
3.60623808681461,-1.150058809488917,4.0,314.4468389701757,4.739612744089356,0.592,0.022928024156287384,0.592,0.0,0.022917651,4.0
3.6065487115261616,-1.1471558133297168,4.0,314.68291089398326,4.738744059115144,0.593,0.022927925941471108,0.593,0.0,0.022917651,4.0
3.606859437952124,-1.144252183415588,4.0,314.91953216074916,4.737875147234737,0.5940000000000001,0.022927827055550402,0.594,0.0,0.022917651,4.0
3.607170268440307,-1.1413479051179667,4.0,315.15671545060997,4.737006003210601,0.595,0.022927727483034597,0.595,0.0,0.022917651,4.0
3.607481205411337,-1.1384429633545803,4.0,315.39447383697814,4.736136621642761,0.5960000000000001,0.02292762720795256,0.596,0.0,0.022917651,4.0
3.6077922513615044,-1.135537342571724,4.0,315.63282080190845,4.735266996962455,0.597,0.022927526213833958,0.597,0.0,0.022917651,4.0
3.6081034088657415,-1.1326310267256932,4.0,315.87177025218955,4.734397123425479,0.598,0.022927424483689566,0.598,0.0,0.022917651,4.0
3.6084146805807435,-1.1297239992633359,4.0,316.11133653620305,4.733526995105232,0.599,0.022927321999990688,0.599,0.0,0.022917651,4.0
3.608726154765425,-1.1268167898897852,4.0,316.3513696567714,4.732657494832654,0.6,0.022927218749003966,0.6,0.0,0.022917651,4.0
3.6090954929353574,-1.1239377375778397,4.0,316.47084351702847,4.731925262948432,0.601,0.022927212502918917,0.601,0.0,0.022917651,4.0
3.6094648979590014,-1.1210581763023182,4.0,316.59098274768775,4.731192789516364,0.602,0.022927206222544554,0.602,0.0,0.022917651,4.0
3.6098343708124823,-1.1181780986318897,4.0,316.7117970637608,4.730460071009629,0.603,0.022927199907380225,0.603,0.0,0.022917651,4.0
3.6102039124910204,-1.1152974969898444,4.0,316.833296370315,4.729727103832416,0.6040000000000001,0.022927193556915478,0.604,0.0,0.022917651,4.0
3.610573524009402,-1.1124163636505209,4.0,316.955490767144,4.7289938843182195,0.605,0.022927187170629828,0.605,0.0,0.022917651,4.0
3.6109432064024625,-1.109534690735625,4.0,317.07839055357596,4.728260408728099,0.6060000000000001,0.022927180747992503,0.606,0.0,0.022917651,4.0
3.6113129607255807,-1.1066524702104459,4.0,317.2020062334264,4.727526673248878,0.607,0.02292717428846221,0.607,0.0,0.022917651,4.0
3.611682788055198,-1.1037696938799508,4.0,317.32634852009807,4.726792673991298,0.608,0.02292716779148683,0.608,0.0,0.022917651,4.0
3.612052689489339,-1.1008863533847695,4.0,317.4514283418343,4.726058406988102,0.6090000000000001,0.02292716125650319,0.609,0.0,0.022917651,4.0
3.6124226661481584,-1.0980024401970514,4.0,317.5772568471322,4.725323868192079,0.61,0.022927154682936764,0.61,0.0,0.022917651,4.0
3.6127927191745033,-1.095117945616202,4.0,317.70384541031945,4.724589053474031,0.6110000000000001,0.022927148070201388,0.611,0.0,0.022917651,4.0
3.6131628497344876,-1.0922328607644847,4.0,317.831205637301,4.723853958620696,0.612,0.022927141417698946,0.612,0.0,0.022917651,4.0
3.613533059018089,-1.089347176582491,4.0,317.9593493714838,4.72311857933259,0.613,0.022927134724819116,0.613,0.0,0.022917651,4.0
3.6139033482397607,-1.0864608838244671,4.0,318.08828869988236,4.722382911221794,0.614,0.022927127990938996,0.614,0.0,0.022917651,4.0
3.6142737186390668,-1.0835739730535014,4.0,318.21803595941503,4.72164694980966,0.615,0.02292712121542281,0.615,0.0,0.022917651,4.0
3.6146441714813324,-1.0806864346365561,4.0,318.3486037433964,4.720910690524473,0.6160000000000002,0.022927114397621576,0.616,0.0,0.022917651,4.0
3.6150147080583164,-1.077798258739346,4.0,318.48000490823216,4.720174128699,0.617,0.02292710753687275,0.617,0.0,0.022917651,4.0
3.6153853296889067,-1.074909435321055,4.0,318.6122525803261,4.719437259567992,0.6180000000000001,0.02292710063249987,0.618,0.0,0.022917651,4.0
3.615756037719835,-1.0720199541288875,4.0,318.74536016320553,4.7187000782655995,0.619,0.0229270936838122,0.619,0.0,0.022917651,4.0
3.6161268335264163,-1.069129804692443,4.0,318.8793413448727,4.7179625798227,0.6200000000000001,0.022927086690104338,0.62,0.0,0.022917651,4.0
3.616497718513311,-1.0662389763179119,4.0,319.0142101053926,4.717224759164142,0.6210000000000001,0.022927079650655834,0.621,0.0,0.022917651,4.0
3.61686869411531,-1.0633474580820876,4.0,319.14998072472423,4.716486611105908,0.622,0.022927072564730783,0.622,0.0,0.022917651,4.0
3.617239761798152,-1.0604552388261788,4.0,319.2866677908058,4.71574813035217,0.6230000000000001,0.022927065431577402,0.623,0.0,0.022917651,4.0
3.617610923059355,-1.057562307149426,4.0,319.42428620790196,4.715009311492271,0.6240000000000001,0.022927058250427627,0.624,0.0,0.022917651,4.0
3.6179821794290894,-1.0546686514025065,4.0,319.5628512052253,4.714270148997584,0.625,0.022927051020496608,0.625,0.0,0.022917651,4.0
3.618353532471069,-1.0517742596807238,4.0,319.7023783458401,4.713530637218286,0.6260000000000001,0.022927043740982343,0.626,0.0,0.022917651,4.0
3.6187249837834745,-1.0488791198169705,4.0,319.84288353586146,4.712790770380019,0.6270000000000001,0.022927036411065103,0.627,0.0,0.022917651,4.0
3.6190965349999105,-1.0459832193744578,4.0,319.9843830339594,4.712050542580435,0.628,0.022927029029907023,0.628,0.0,0.022917651,4.0
3.6194681877903943,-1.043086545639203,4.0,320.1268934611815,4.711309947785637,0.629,0.02292702159665154,0.629,0.0,0.022917651,4.0
3.6198399438623694,-1.0401890856122635,4.0,320.2704318111056,4.710568979826484,0.6300000000000001,0.022927014110422916,0.63,0.0,0.022917651,4.0
3.620211880332395,-1.0372910795867623,4.0,320.4148541592609,4.709828187745305,0.6310000000000001,0.022927006555596294,0.631,0.0,0.022917651,4.0
3.620584082458404,-1.0343927835321192,4.0,320.560000480447,4.709088168836216,0.632,0.022926998916119174,0.632,0.0,0.022917651,4.0
3.6209563973070993,-1.0314936566897965,4.0,320.7062208154358,4.708347770015633,0.633,0.02292699122191543,0.633,0.0,0.022917651,4.0
3.6213288268413883,-1.028593684592793,4.0,320.85353386667043,4.707606984667933,0.6340000000000001,0.022926983472032085,0.634,0.0,0.022917651,4.0
3.6217013730700183,-1.0256928524362487,4.0,321.0019587733651,4.70686580602299,0.6350000000000001,0.022926975665493888,0.635,0.0,0.022917651,4.0
3.622074038048926,-1.022791145067526,4.0,321.1515151243301,4.706124227151647,0.6360000000000001,0.02292696780130268,0.636,0.0,0.022917651,4.0
3.6224468238826275,-1.019888546975936,4.0,321.3022229712517,4.705382240961005,0.637,0.022926959878436733,0.637,0.0,0.022917651,4.0
3.622819732725664,-1.0169850422821007,4.0,321.45410284244514,4.704639840189576,0.638,0.022926951895850017,0.638,0.0,0.022917651,4.0
3.623192766784096,-1.0140806147269321,4.0,321.6071757571011,4.703897017402227,0.639,0.022926943852471498,0.639,0.0,0.022917651,4.0
3.6235659283170545,-1.0111752476602147,4.0,321.76146324004685,4.703153764984971,0.64,0.022926935747204367,0.64,0.0,0.022917651,4.0
3.6239392196383413,-1.0082689240287739,4.0,321.9169873370419,4.702410075139549,0.6410000000000001,0.022926927578925282,0.641,0.0,0.022917651,4.0
3.6243126431181,-1.0053616263642093,4.0,322.0737706306334,4.701665939877822,0.642,0.02292691934648354,0.642,0.0,0.022917651,4.0
3.624686201184535,-1.0024533367701831,4.0,322.23183625659436,4.700921351015964,0.643,0.02292691104870026,0.643,0.0,0.022917651,4.0
3.6250598963257055,-0.9995440369092312,4.0,322.3912079209682,4.7001763001684225,0.644,0.02292690268436749,0.644,0.0,0.022917651,4.0
3.625433731091378,-0.9966337079890895,4.0,322.5519099177492,4.699430778741666,0.645,0.022926894252247323,0.645,0.0,0.022917651,4.0
3.625807708094951,-0.9937223307485055,4.0,322.71396714722357,4.698684777927707,0.6460000000000001,0.02292688575107096,0.646,0.0,0.022917651,4.0
3.6261818300154554,-0.9908098854425166,4.0,322.87740513500177,4.697938288697355,0.647,0.02292687717953774,0.647,0.0,0.022917651,4.0
3.6265560995996258,-0.9878963518271687,4.0,323.0422500517725,4.6971913017932385,0.648,0.022926868536314125,0.648,0.0,0.022917651,4.0
3.6269305196640516,-0.9849817091436541,4.0,323.2085287338103,4.696443807722547,0.6489999999999999,0.02292685982003267,0.649,0.0,0.022917651,4.0
3.627305093097415,-0.9820659361018389,4.0,323.3762687042696,4.695695796749502,0.65,0.022926851029290925,0.65,0.0,0.022917651,4.0
3.6276798228628095,-0.9791490108631535,4.0,323.54549819530337,4.694947258887524,0.6510000000000001,0.022926842162650316,0.651,0.0,0.022917651,4.0
3.6280547120001545,-0.9762309110228204,4.0,323.7162461710399,4.694198183891121,0.652,0.022926833218634965,0.652,0.0,0.022917651,4.0
3.6284297636286973,-0.9733116135913817,4.0,323.8885423514608,4.6934485612474255,0.653,0.022926824195730493,0.653,0.0,0.022917651,4.0
3.628805029384322,-0.9703912491113995,4.0,324.0622855243477,4.692698727762919,0.6540000000000001,0.02292681508918749,0.654,0.0,0.022917651,4.0
3.6291806035977934,-0.9674700712379627,4.0,324.2372627397638,4.691949313940885,0.655,0.022926805891617656,0.655,0.0,0.022917651,4.0
3.6295563534796162,-0.9645476142940195,4.0,324.4138787454869,4.691199323761624,0.6560000000000001,0.02292679661048597,0.656,0.0,0.022917651,4.0
3.6299322825935523,-0.9616238523312254,4.0,324.5921667874522,4.690448745532646,0.657,0.022926787244097226,0.657,0.0,0.022917651,4.0
3.6303083946004167,-0.9586987586945762,4.0,324.7721610169924,4.689697567243041,0.658,0.022926777790710055,0.658,0.0,0.022917651,4.0
3.6306846932614025,-0.9557723059981872,4.0,324.95389652187015,4.688945776552553,0.659,0.022926768248535328,0.659,0.0,0.022917651,4.0
3.631061182441551,-0.9528444661000697,4.0,325.13740935859573,4.688193360780229,0.66,0.022926758615734524,0.66,0.0,0.022917651,4.0
3.6314378661133517,-0.9499152100758542,4.0,325.32273658609245,4.687440306892563,0.6610000000000001,0.022926748890418017,0.661,0.0,0.022917651,4.0
3.631814748360508,-0.9469845081914123,4.0,325.50991630077567,4.6866866014911714,0.662,0.022926739070643264,0.662,0.0,0.022917651,4.0
3.6321918333818575,-0.9440523298743196,4.0,325.6989876731157,4.685932230799925,0.663,0.02292672915441297,0.663,0.0,0.022917651,4.0
3.6325691254954537,-0.9411186436841026,4.0,325.8899909857573,4.68517718065155,0.664,0.022926719139673125,0.664,0.0,0.022917651,4.0
3.632946629142831,-0.938183417281211,4.0,326.0829676732747,4.684421436473641,0.6650000000000001,0.022926709024310977,0.665,0.0,0.022917651,4.0
3.6333243488934492,-0.9352466173946479,4.0,326.277960363644,4.683664983274076,0.666,0.02292669880615293,0.666,0.0,0.022917651,4.0
3.6337022894493325,-0.9323082097881924,4.0,326.47501292152066,4.682907805625798,0.667,0.022926688482962327,0.667,0.0,0.022917651,4.0
3.634080455649913,-0.9293681592251414,4.0,326.6741704934132,4.68214988765093,0.6680000000000001,0.022926678052437154,0.668,0.0,0.022917651,4.0
3.6344588524770827,-0.9264264294314938,4.0,326.8754795548525,4.681391213004175,0.6689999999999999,0.022926667512207614,0.669,0.0,0.022917651,4.0
3.6348374850604817,-0.9234829830574987,4.0,327.07898795965934,4.6806317648555025,0.67,0.02292665685983366,0.67,0.0,0.022917651,4.0
3.6352163586830097,-0.9205377816374776,4.0,327.28474499141896,4.6798715258720325,0.6710000000000002,0.02292664609280231,0.671,0.0,0.022917651,4.0
3.6355955289997945,-0.9175911752695307,4.0,327.49256570357767,4.679111068944096,0.672,0.022926635217916918,0.672,0.0,0.022917651,4.0
3.6359749914367545,-0.9146430315333096,4.0,327.70255569384625,4.678350243270646,0.673,0.022926624231251285,0.673,0.0,0.022917651,4.0
3.6363547132577083,-0.9116930052223388,4.0,327.91495169406346,4.677588572555412,0.674,0.02292661312303246,0.674,0.0,0.022917651,4.0
3.6367347004849555,-0.9087410526275798,4.0,328.12980956622454,4.676826037178475,0.675,0.022926601890438273,0.675,0.0,0.022917651,4.0
3.6371149593286765,-0.9057871286763431,4.0,328.34718691512785,4.676062616907804,0.676,0.022926590530558483,0.676,0.0,0.022917651,4.0
3.6374954961943264,-0.902831186878691,4.0,328.5671431568752,4.675298290875203,0.677,0.022926579040391352,0.677,0.0,0.022917651,4.0
3.637876317690367,-0.8998731792712916,4.0,328.78973959062824,4.674533037551106,0.6780000000000002,0.022926567416840005,0.678,0.0,0.022917651,4.0
3.638257430636369,-0.8969130563585823,4.0,329.0150394738036,4.673766834718164,0.679,0.022926555656708647,0.679,0.0,0.022917651,4.0
3.638638842071519,-0.8939507670510928,4.0,329.2431081008999,4.6729996594435645,0.68,0.02292654375669854,0.68,0.0,0.022917651,4.0
3.639020559263524,-0.8909862586007629,4.0,329.4740128861637,4.67223148804999,0.6810000000000002,0.02292653171340388,0.681,0.0,0.022917651,4.0
3.639402589717963,-0.8880194765330841,4.0,329.7078234503138,4.671462296085166,0.682,0.022926519523307393,0.682,0.0,0.022917651,4.0
3.6397849411881014,-0.8850503645758863,4.0,329.9446117115587,4.670692058289892,0.683,0.02292650718277571,0.683,0.0,0.022917651,4.0
3.6401676216851913,-0.8820788645845641,4.0,330.1844519811563,4.669920748564476,0.6840000000000002,0.022926494688054588,0.684,0.0,0.022917651,4.0
3.6405506394892915,-0.8791049164635449,4.0,330.42742106378375,4.669148339933483,0.685,0.022926482035263797,0.685,0.0,0.022917651,4.0
3.64093408903962,-0.8761285807817641,4.0,330.6734337800046,4.668375270229782,0.6860000000000002,0.022926469100964474,0.686,0.0,0.022917651,4.0
3.641317959789903,-0.8731497776582746,4.0,330.9226019267448,4.667601417465846,0.687,0.022926455909781485,0.687,0.0,0.022917651,4.0
3.6417021918405146,-0.8701683461032347,4.0,331.17513998823694,4.666826381439056,0.6880000000000001,0.022926442553981945,0.6880000000000001,0.0,0.022917651,4.0
3.6420867945501865,-0.8671842180326063,4.0,331.4311352550958,4.666050131499452,0.6890000000000002,0.022926429029301816,0.6890000000000001,0.0,0.022917651,4.0
3.64247177760369,-0.8641973229904371,4.0,331.69067805896844,4.665272635929293,0.6900000000000001,0.022926415331328484,0.6900000000000001,0.0,0.022917651,4.0
3.6428571510261585,-0.861207588044664,4.0,331.9538619061273,4.664493861896149,0.6910000000000001,0.022926401455494287,0.6910000000000001,0.0,0.022917651,4.0
3.643242925198175,-0.8582149376773717,4.0,332.22078361816796,4.663713775403491,0.6920000000000001,0.022926387397069595,0.6920000000000001,0.0,0.022917651,4.0
3.6436291108716596,-0.8552192936691643,4.0,332.49154348025684,4.662932341238645,0.6930000000000002,0.022926373151155584,0.6930000000000001,0.0,0.022917651,4.0
3.6440157191866334,-0.8522205749772767,4.0,332.76624539740544,4.662149522917916,0.6940000000000002,0.02292635871267662,0.6940000000000001,0.0,0.022917651,4.0
3.6444027616888817,-0.849218697607025,4.0,333.04499705928276,4.6613652826287195,0.6950000000000001,0.022926344076372174,0.6950000000000001,0.0,0.022917651,4.0
3.644790250348601,-0.8462135744761705,4.0,333.32791011411547,4.660579581168521,0.6960000000000002,0.02292632923678837,0.6960000000000001,0.0,0.022917651,4.0
3.645178263778439,-0.8432050358813992,4.0,333.6150288113343,4.659792563450169,0.6970000000000001,0.02292631422343658,0.6970000000000001,0.0,0.022917651,4.0
3.6455669716252745,-0.8401928048264782,4.0,333.90629385350684,4.65900463149336,0.6980000000000001,0.02292629912009658,0.6980000000000001,0.0,0.022917651,4.0
3.6459561614385123,-0.8371770584220949,4.0,334.2020666146114,4.65821511205988,0.6990000000000002,0.02292628380500259,0.6990000000000001,0.0,0.022917651,4.0
3.646345846919035,-0.8341576967372288,4.0,334.5024752358061,4.65742396002245,0.7,0.022926268272135064,0.7000000000000001,0.0,0.022917651,4.0
3.646753450972676,-0.8314286635943011,4.0,334.6980409187878,4.656905262431669,0.7010000000000002,0.02292626710146322,0.7010000000000001,0.0,0.022917651,4.0
3.6471611998049123,-0.8286986308005266,4.0,334.89486917950063,4.656386144294798,0.7020000000000001,0.02292626592284375,0.7020000000000001,0.0,0.022917651,4.0
3.647569095555167,-0.8259675835838607,4.0,335.09297867531427,4.655866599397338,0.7030000000000001,0.022926264736159226,0.7030000000000001,0.0,0.022917651,4.0
3.647977140405225,-0.8232355068797647,4.0,335.29238843302295,4.655346621401748,0.7039999999999998,0.022926263541289873,0.704,0.0,0.022917651,4.0
3.6483853365802856,-0.8205023853239306,4.0,335.49311785803485,4.654826203844368,0.705,0.02292626233811353,0.705,0.0,0.022917651,4.0
3.6487936863500496,-0.8177682032447888,4.0,335.6951867438361,4.6543053401322805,0.706,0.022926261126505615,0.706,0.0,0.022917651,4.0
3.649202192029836,-0.815032944655787,4.0,335.89861528174123,4.653784023540055,0.7070000000000001,0.022926259906339022,0.707,0.0,0.022917651,4.0
3.649610855981734,-0.8122965932474379,4.0,336.1034240709386,4.6532622472064045,0.7080000000000001,0.02292625867748409,0.708,0.0,0.022917651,4.0
3.650019680615791,-0.8095591323791221,4.0,336.3096341288411,4.652740004130737,0.709,0.02292625743980851,0.709,0.0,0.022917651,4.0
3.6504287389964953,-0.8068204472565579,4.0,336.5171517125111,4.652217472821621,0.71,0.02292625619271941,0.71,0.0,0.022917651,4.0
3.6508380075594955,-0.804080559521958,4.0,336.7260458721073,4.651694580275522,0.711,0.02292625493614393,0.711,0.0,0.022917651,4.0
3.6512474440089226,-0.8013395144117645,4.0,336.9364132336498,4.651171201880822,0.712,0.022926253670205964,0.712,0.0,0.022917651,4.0
3.651657050944599,-0.7985972940033146,4.0,337.14827661056415,4.650647330113866,0.7130000000000001,0.022926252394760517,0.713,0.0,0.022917651,4.0
3.6520668310203064,-0.7958538800019673,4.0,337.3616592897597,4.65012295729484,0.7140000000000001,0.022926251109659603,0.714,0.0,0.022917651,4.0
3.6524767869451917,-0.7931092537314034,4.0,337.5765850439771,4.649598075583711,0.715,0.022926249814752137,0.715,0.0,0.022917651,4.0
3.6528869214852175,-0.7903633961236192,4.0,337.7930781445248,4.649072676976023,0.7159999999999999,0.02292624850988387,0.716,0.0,0.022917651,4.0
3.653297237464664,-0.7876162877086046,4.0,338.0111633744182,4.648546753298564,0.717,0.022926247194897307,0.717,0.0,0.022917651,4.0
3.6537077377676677,-0.7848679086036927,4.0,338.2308660419355,4.648020296204891,0.7180000000000001,0.022926245869631608,0.718,0.0,0.022917651,4.0
3.6541184253398176,-0.7821182385025683,4.0,338.4522119946087,4.647493297170725,0.719,0.0229262445339225,0.719,0.0,0.022917651,4.0
3.6545293031898054,-0.7793672566639251,4.0,338.6752276336628,4.646965747489182,0.7200000000000001,0.022926243187602197,0.72,0.0,0.022917651,4.0
3.6549403743911157,-0.776614941899754,4.0,338.89993992892136,4.64643763826586,0.7209999999999999,0.022926241830499308,0.721,0.0,0.022917651,4.0
3.655351675166075,-0.7738611982812881,4.0,339.12634387766474,4.645909017946929,0.722,0.022926240459950196,0.722,0.0,0.022917651,4.0
3.655763319769208,-0.771105756243464,4.0,339.35436109624004,4.645380072308298,0.723,0.022926239066542054,0.723,0.0,0.022917651,4.0
3.6561751690329207,-0.7683489143661704,4.0,339.5841624580057,4.644850545506559,0.724,0.022926237660187136,0.724,0.0,0.022917651,4.0
3.656587226334199,-0.7655906495514734,4.0,339.8157774020671,4.644320427952279,0.7250000000000001,0.02292623624067181,0.725,0.0,0.022917651,4.0
3.6569994951247335,-0.7628309381904608,4.0,340.0492360187885,4.643789709843885,0.726,0.022926234807777723,0.726,0.0,0.022917651,4.0
3.6574119789329997,-0.7600697561490345,4.0,340.2845690679023,4.643258381161766,0.727,0.022926233361281665,0.727,0.0,0.022917651,4.0
3.657824681366403,-0.757307078753224,4.0,340.52180799722527,4.642726431662174,0.728,0.022926231900955434,0.728,0.0,0.022917651,4.0
3.6582376061134996,-0.7545428807740074,4.0,340.760984962008,4.6421938508709255,0.729,0.02292623042656568,0.729,0.0,0.022917651,4.0
3.6586507569462907,-0.7517771364116134,4.0,341.00213284493935,4.641660628076881,0.73,0.02292622893787381,0.73,0.0,0.022917651,4.0
3.6590641377225963,-0.749009819279291,4.0,341.24528527683435,4.641126752325209,0.7310000000000001,0.022926227434635762,0.731,0.0,0.022917651,4.0
3.6594777523885074,-0.7462409023865201,4.0,341.49047665803204,4.6405922124104135,0.7319999999999999,0.022926225916601914,0.732,0.0,0.022917651,4.0
3.6598916313740717,-0.7434702810979054,4.0,341.73772625061656,4.640057025691417,0.7329999999999999,0.022926224380468575,0.733,0.0,0.022917651,4.0
3.660305821694888,-0.7406978023079067,4.0,341.98704842450724,4.639521227582326,0.734,0.02292622282090328,0.734,0.0,0.022917651,4.0
3.6607202567504897,-0.7379236440364156,4.0,342.2385251530968,4.638984728975443,0.735,0.022926221245748273,0.735,0.0,0.022917651,4.0
3.6611349408200033,-0.7351477769181327,4.0,342.49219410821615,4.638447517622745,0.736,0.022926219654730975,0.736,0.0,0.022917651,4.0
3.6615498782828957,-0.7323701708991531,4.0,342.74809384508785,4.637909580988997,0.737,0.02292621804757241,0.737,0.0,0.022917651,4.0
3.6619650736219387,-0.7295907952166619,4.0,343.006263828373,4.637370906243285,0.738,0.02292621642398703,0.738,0.0,0.022917651,4.0
3.66238053142627,-0.7268096183779078,4.0,343.2667444591443,4.636831480250243,0.739,0.022926214783682498,0.739,0.0,0.022917651,4.0
3.662796256394567,-0.7240266081384256,4.0,343.52957710282647,4.636291289560972,0.7400000000000001,0.022926213126359507,0.74,0.0,0.022917651,4.0
3.663212253338336,-0.7212417314794708,4.0,343.7948041181419,4.635750320403629,0.741,0.022926211451711566,0.741,0.0,0.022917651,4.0
3.663628527185318,-0.7184549545846404,4.0,344.062468887105,4.635208558673671,0.7420000000000001,0.022926209759424773,0.742,0.0,0.022917651,4.0
3.664045164390019,-0.7156659687061215,4.0,344.33257576419606,4.6346660415107275,0.7430000000000001,0.022926207995760495,0.743,0.0,0.022917651,4.0
3.664462145906717,-0.7128748235202153,4.0,344.6051868338937,4.634122742272395,0.744,0.022926206181085786,0.744,0.0,0.022917651,4.0
3.6648794209392634,-0.7100816725719674,4.0,344.8803775831979,4.633578611240663,0.7450000000000001,0.022926204353198424,0.745,0.0,0.022917651,4.0
3.6652969949296383,-0.707286478673215,4.0,345.1581958410779,4.633033632993527,0.7460000000000001,0.02292620251185344,0.746,0.0,0.022917651,4.0
3.665714873455185,-0.704489203710754,4.0,345.43869062622997,4.632487791725371,0.7470000000000001,0.022926200656799765,0.747,0.0,0.022917651,4.0
3.666133062232854,-0.7016898086173969,4.0,345.7219121843017,4.631941071234958,0.748,0.022926198787780055,0.748,0.0,0.022917651,4.0
3.666551567123589,-0.6988882533419359,4.0,346.007912026522,4.631393454912978,0.7490000000000001,0.022926196904530474,0.749,0.0,0.022917651,4.0
3.666970394136897,-0.6960844968179659,4.0,346.2967429698005,4.630844925729115,0.75,0.022926195006780507,0.75,0.0,0.022917651,4.0
3.6673895494355815,-0.6932784969315124,4.0,346.58845917836106,4.6302954662186275,0.751,0.02292619309425273,0.751,0.0,0.022917651,4.0
3.667809174130645,-0.6904696465537681,4.0,346.8831163037116,4.629745036173375,0.752,0.02292619126963984,0.752,0.0,0.022917651,4.0
3.6682291473064885,-0.6876584366619828,4.0,347.1807772539763,4.629193640743537,0.753,0.022926189432334553,0.753,0.0,0.022917651,4.0
3.668649468153955,-0.6848448531672735,4.0,347.4815006128936,4.628641262472958,0.7540000000000001,0.02292618757621269,0.754,0.0,0.022917651,4.0
3.6690701434793263,-0.6820288496022048,4.0,347.7853463324782,4.6280878821208065,0.7550000000000001,0.02292618570090589,0.755,0.0,0.022917651,4.0
3.669491180267709,-0.679210378278465,4.0,348.0923759399109,4.627533479940727,0.756,0.02292618380603611,0.756,0.0,0.022917651,4.0
3.6699125856889503,-0.6763893902465061,4.0,348.4026525896138,4.6269780356641155,0.7569999999999999,0.022926181891215293,0.757,0.0,0.022917651,4.0
3.6703343671037842,-0.6735658352535696,4.0,348.71624111740266,4.626421528482752,0.758,0.022926179956045078,0.758,0.0,0.022917651,4.0
3.670756567067041,-0.6707395375435539,4.0,349.0332145089448,4.625863952026357,0.759,0.022926177970149703,0.759,0.0,0.022917651,4.0
3.671179313262491,-0.6679100180257872,4.0,349.35366661367493,4.625305335020798,0.76,0.022926175830505442,0.76,0.0,0.022917651,4.0
3.671602458131835,-0.6650777736273583,4.0,349.67764151349195,4.624745587831038,0.761,0.022926173669901392,0.761,0.0,0.022917651,4.0
3.672026009828187,-0.6622427486228629,4.0,350.005211251617,4.624184687344147,0.762,0.022926171487908913,0.762,0.0,0.022917651,4.0
3.6724499767285015,-0.6594048857569779,4.0,350.3364498491894,4.623622609812639,0.763,0.022926169284087597,0.763,0.0,0.022917651,4.0
3.6728743674413096,-0.6565641261915944,4.0,350.67143337361415,4.6230593308325485,0.7640000000000001,0.02292616705798486,0.764,0.0,0.022917651,4.0
3.6732991908147743,-0.6537204094507436,4.0,351.0102400097634,4.62249482532058,0.7650000000000001,0.02292616480913552,0.765,0.0,0.022917651,4.0
3.6737244818583012,-0.6508735249132037,4.0,351.3529524054276,4.621929022415902,0.7660000000000001,0.022926162535715625,0.766,0.0,0.022917651,4.0
3.674150349542326,-0.6480228452033546,4.0,351.69966460901287,4.6213617295218,0.767,0.022926160231964667,0.767,0.0,0.022917651,4.0
3.6745766799300448,-0.6451690177038071,4.0,352.05045264538734,4.620793139568389,0.768,0.022926157903723626,0.768,0.0,0.022917651,4.0
3.6750034829423592,-0.6423119749223064,4.0,352.40540390512376,4.6202232247452155,0.7690000000000001,0.022926155550467408,0.769,0.0,0.022917651,4.0
3.675430768785833,-0.6394516474232258,4.0,352.7646082951191,4.619651956441052,0.77,0.022926153171655802,0.77,0.0,0.022917651,4.0
3.675858547963053,-0.6365879637571126,4.0,353.1281583298204,4.619079305214869,0.7710000000000001,0.022926150766732916,0.771,0.0,0.022917651,4.0
3.6762868312834303,-0.6337208503871461,4.0,353.49614922644747,4.618505240765522,0.772,0.02292614833512664,0.772,0.0,0.022917651,4.0
3.6767158908112667,-0.6308493300957339,4.0,353.8689840807588,4.617929880204116,0.7730000000000001,0.022926145942271967,0.773,0.0,0.022917651,4.0
3.67714552813255,-0.6279740341511753,4.0,354.2465338795908,4.617353056630313,0.7739999999999999,0.022926143532843522,0.774,0.0,0.022917651,4.0
3.677575690879841,-0.6250951024130619,4.0,354.6288283991332,4.616774698990399,0.775,0.02292614108981685,0.775,0.0,0.022917651,4.0
3.678006390749931,-0.6222124539430249,4.0,355.01597326418215,4.616194773133697,0.7760000000000001,0.022926138612443994,0.776,0.0,0.022917651,4.0
3.6784376397893936,-0.6193260053823186,4.0,355.4080772581331,4.615613243888289,0.777,0.022926136099954645,0.777,0.0,0.022917651,4.0
3.678869453666001,-0.6164356580690791,4.0,355.8052528361676,4.615030075229467,0.778,0.022926133551107626,0.778,0.0,0.022917651,4.0
3.6793023390456248,-0.6135393881460058,4.0,356.20767704542834,4.614445264773172,0.7790000000000001,0.0229261309003141,0.779,0.0,0.022917651,4.0
3.6797358164346194,-0.6106390422823128,4.0,356.61541095284235,4.613858746465891,0.7800000000000001,0.02292612821755503,0.78,0.0,0.022917651,4.0
3.6801698994889542,-0.6077345264576659,4.0,357.02857703801357,4.6132704809123695,0.7810000000000001,0.022926125502093064,0.781,0.0,0.022917651,4.0
3.680604602287858,-0.6048257437376164,4.0,357.4473015767426,4.612680427496315,0.782,0.022926122753167983,0.782,0.0,0.022917651,4.0
3.6810399393503466,-0.6019125941598167,4.0,357.87171478925126,4.612088544332721,0.7830000000000001,0.02292611996999585,0.783,0.0,0.022917651,4.0
3.6814758701116985,-0.5989946050329039,4.0,358.3021738822314,4.611494199110496,0.7839999999999999,0.022926117192295557,0.784,0.0,0.022917651,4.0
3.6819124297763204,-0.596071910461077,4.0,358.7386817205144,4.610897665192242,0.785,0.022926114398110292,0.785,0.0,0.022917651,4.0
3.682349654447612,-0.5931445579581093,4.0,359.1812876249895,4.610299133421171,0.786,0.02292611157046634,0.786,0.0,0.022917651,4.0
3.68278756005505,-0.5902124359485537,4.0,359.6301376679021,4.609698555940989,0.787,0.02292610870856225,0.787,0.0,0.022917651,4.0
3.683226163040973,-0.5872754292647299,4.0,360.0853826243745,4.609095883354645,0.788,0.022926105811570747,0.788,0.0,0.022917651,4.0
3.6836656315118095,-0.5843324475518086,4.0,360.54735689994635,4.608490692285164,0.789,0.02292610297048516,0.789,0.0,0.022917651,4.0
3.6841058629147736,-0.5813841441387944,4.0,361.016079221606,4.607883229841287,0.79,0.0229261001100382,0.79,0.0,0.022917651,4.0
3.6845468411258553,-0.5784306128227354,4.0,361.4916743424875,4.607273526513177,0.791,0.02292609720840435,0.791,0.0,0.022917651,4.0
3.6849885846640618,-0.5754717239644632,4.0,361.97431269114827,4.606661526732404,0.792,0.022926094264562272,0.792,0.0,0.022917651,4.0
3.6854312386667942,-0.5725067213140275,4.0,362.4641724421135,4.606047057843966,0.793,0.02292609126032736,0.793,0.0,0.022917651,4.0
3.685875007821626,-0.5695345615161367,4.0,362.96145901097645,4.605429899739185,0.7940000000000002,0.02292608817518229,0.794,0.0,0.022917651,4.0
3.6863196196214703,-0.5665565527688163,4.0,363.46636864574526,4.604810263499712,0.7949999999999999,0.022926085051110313,0.795,0.0,0.022917651,4.0
3.686765095853041,-0.5635725438465982,4.0,363.9790984419374,4.604188085053005,0.796,0.022926081887104967,0.796,0.0,0.022917651,4.0
3.687211415751607,-0.5605822633162061,4.0,364.49988727858926,4.6035630087208546,0.797,0.022926078662742665,0.797,0.0,0.022917651,4.0
3.6876582970656018,-0.5575848110236035,4.0,365.02916327180304,4.602932997163386,0.7980000000000002,0.02292607524353784,0.798,0.0,0.022917651,4.0
3.688106084824043,-0.5545809332627142,4.0,365.56685971929653,4.602300185824064,0.799,0.022926071774851398,0.799,0.0,0.022917651,4.0
3.6885548029915047,-0.5515704601570509,4.0,366.11319924098365,4.601664500682276,0.8000000000000002,0.022926068255375145,0.8,0.0,0.022917651,4.0
3.688932377453635,-0.549033231660639,4.0,366.2876061111729,4.6011490932347,0.801,0.022926067839222977,0.801,0.0,0.022917651,4.0
3.6893100927689177,-0.5464944695954954,4.0,366.46403948161816,4.600632716874993,0.8020000000000002,0.0229260674216244,0.802,0.0,0.022917651,4.0
3.689687969485179,-0.5439540657606956,4.0,366.6425583446744,4.600115346183902,0.803,0.022926067007104808,0.803,0.0,0.022917651,4.0
3.690065950037385,-0.5414122505510046,4.0,366.8230997950983,4.599596979467028,0.804,0.022926066593693915,0.804,0.0,0.022917651,4.0
3.6904440357332,-0.5388690061921695,4.0,367.00568930449117,4.599077604180851,0.805,0.02292606618140567,0.805,0.0,0.022917651,4.0
3.6908222279023404,-0.5363243146102248,4.0,367.190352773962,4.598557207570333,0.8060000000000002,0.022926065770254276,0.806,0.0,0.022917651,4.0
3.6912005278970366,-0.5337781574251473,4.0,367.37711654321845,4.598035776664451,0.807,0.02292606536025418,0.807,0.0,0.022917651,4.0
3.691578937092519,-0.5312305159443509,4.0,367.5660073998909,4.597513298271602,0.808,0.02292606495142005,0.808,0.0,0.022917651,4.0
3.691957456887501,-0.528681371156014,4.0,367.75705258909403,4.596989758974895,0.8090000000000002,0.022926064543766837,0.809,0.0,0.022917651,4.0
3.6923361553512404,-0.5261296542054464,4.0,367.95041037262035,4.596464360640685,0.8100000000000002,0.022926064187854634,0.81,0.0,0.022917651,4.0
3.6927149684993057,-0.5235763248954202,4.0,368.1459953996014,4.595937808535479,0.8110000000000003,0.022926063830174176,0.811,0.0,0.022917651,4.0
3.693093893348897,-0.5210214310970259,4.0,368.3438281564616,4.5954101386974955,0.8120000000000002,0.022926063467194172,0.812,0.0,0.022917651,4.0
3.6934729313490493,-0.5184649525151068,4.0,368.54393780163514,4.594881336627072,0.8130000000000002,0.022926063098845872,0.8130000000000001,0.0,0.022917651,4.0
3.6938520839739715,-0.5159068685019454,4.0,368.74635400008583,4.594351387572653,0.8140000000000002,0.022926062725059343,0.8140000000000001,0.0,0.022917651,4.0
3.6942313527235924,-0.5133471580495753,4.0,368.95110693435475,4.593820276525311,0.8150000000000002,0.022926062345763408,0.8150000000000001,0.0,0.022917651,4.0
3.6946107391241267,-0.5107857997818894,4.0,369.158227315897,4.593287988213105,0.8160000000000002,0.022926061960885667,0.8160000000000001,0.0,0.022917651,4.0
3.6949902443330402,-0.5082217335196597,4.0,369.36787439097145,4.592753466914888,0.8170000000000002,0.022926061584324774,0.8170000000000001,0.0,0.022917651,4.0
3.6953698724042012,-0.5056559314288152,4.0,369.5799622030601,4.592217701249698,0.8180000000000001,0.022926061202458294,0.8180000000000001,0.0,0.022917651,4.0
3.6957496250386055,-0.5030884191860383,4.0,369.79451732649335,4.591680723708094,0.8190000000000001,0.022926060814555536,0.8190000000000001,0.0,0.022917651,4.0
3.696129503901095,-0.5005191739344048,4.0,370.01157273795997,4.591142518092821,0.8200000000000001,0.022926060420535816,0.8200000000000001,0.0,0.022917651,4.0
3.6965095106863126,-0.4979481724078443,4.0,370.23116200444247,4.590603067916689,0.8210000000000001,0.02292606002031701,0.8210000000000001,0.0,0.022917651,4.0
3.696889647119373,-0.4953753909219435,4.0,370.45331929648455,4.590062356396052,0.822,0.02292605961381553,0.8220000000000001,0.0,0.022917651,4.0
3.6972699226757784,-0.4928005848096274,4.0,370.6781429695616,4.589520178114723,0.8230000000000002,0.022926059186024795,0.8230000000000001,0.0,0.022917651,4.0
3.697650341835868,-0.49022360535585274,4.0,370.9057065804953,4.588976403018741,0.8240000000000001,0.022926058729241416,0.8240000000000001,0.0,0.022917651,4.0
3.6980308937997206,-0.4876447668025345,4.0,371.1359494539399,4.588431300067639,0.8250000000000001,0.022926058266680455,0.8250000000000001,0.0,0.022917651,4.0
3.698411580388919,-0.485064043649617,4.0,371.3689083395913,4.587884851048096,0.8260000000000002,0.02292605779826265,0.8260000000000001,0.0,0.022917651,4.0
3.698792403458512,-0.482481409928546,4.0,371.6046206623282,4.587337037412166,0.8270000000000002,0.022926057323907307,0.8270000000000001,0.0,0.022917651,4.0
3.6991733648977894,-0.47989683919145887,4.0,371.8431245377889,4.586787840269556,0.8280000000000002,0.022926056843532234,0.8280000000000001,0.0,0.022917651,4.0
3.699554511878757,-0.47730997083817034,4.0,372.08449423379597,4.586237087005921,0.8290000000000002,0.022926056347698794,0.8290000000000001,0.0,0.022917651,4.0
3.6999359758069583,-0.4747198210084951,4.0,372.3288751300895,4.585684317306507,0.8300000000000003,0.02292605581031569,0.8300000000000001,0.0,0.022917651,4.0
3.7003175840295315,-0.47212764839561255,4.0,372.57617361858627,4.585130101920085,0.8310000000000001,0.022926055267915503,0.8310000000000001,0.0,0.022917651,4.0
3.700699338576188,-0.46953342454609115,4.0,372.8264307395276,4.5845744205109344,0.8320000000000002,0.022926054720427642,0.8320000000000001,0.0,0.022917651,4.0
3.7010812415148906,-0.46693712047033265,4.0,373.0796883065028,4.584017252360131,0.8330000000000001,0.02292605416778021,0.833,0.0,0.022917651,4.0
3.7014632949527506,-0.46433870662988225,4.0,373.3359889247516,4.583458576356488,0.8340000000000001,0.02292605360989995,0.834,0.0,0.022917651,4.0
3.701845455411935,-0.46173775976375914,4.0,373.5955159842823,4.582897795519023,0.8350000000000001,0.022926053082460863,0.835,0.0,0.022917651,4.0
3.702227689419049,-0.45913401288235506,4.0,373.85840697895617,4.582334509227786,0.8360000000000001,0.022926052611360763,0.836,0.0,0.022917651,4.0
3.7026100681738416,-0.4565280620793181,4.0,374.1244876095016,4.581769598135523,0.8370000000000001,0.02292605214156459,0.837,0.0,0.022917651,4.0
3.7029925937529398,-0.4539198757360295,4.0,374.39380363611224,4.581203038931985,0.838,0.022926051673091034,0.838,0.0,0.022917651,4.0
3.7033752682728838,-0.45130942162614107,4.0,374.66640169852104,4.580634807858885,0.8390000000000001,0.022926051205959173,0.839,0.0,0.022917651,4.0
3.7037580938910906,-0.44869666690090354,4.0,374.9423293372334,4.580064880699083,0.8400000000000001,0.022926050740188435,0.84,0.0,0.022917651,4.0
3.7041410984146954,-0.4460808522907666,4.0,375.22183620812575,4.57949260833966,0.8410000000000001,0.02292605017621214,0.841,0.0,0.022917651,4.0
3.7045242625258443,-0.4434625692244054,4.0,375.5048045162503,4.578918505584989,0.8420000000000001,0.02292604959217188,0.842,0.0,0.022917651,4.0
3.70490758493596,-0.44084188534125984,4.0,375.7912566871065,4.578342635051103,0.8430000000000001,0.02292604900151577,0.843,0.0,0.022917651,4.0
3.705291067979963,-0.4382187652291571,4.0,376.0812441078517,4.577764970663169,0.844,0.022926048404146214,0.844,0.0,0.022917651,4.0
3.705674714038917,-0.4355931727760412,4.0,376.374819181254,4.5771854858310075,0.8449999999999999,0.02292604779996371,0.845,0.0,0.022917651,4.0
3.706058648883307,-0.4329639559420409,4.0,376.6721885698855,4.57660353344114,0.8460000000000001,0.022926047183036747,0.846,0.0,0.022917651,4.0
3.706442813766731,-0.4303315940787347,4.0,376.97333828349986,4.576019357118942,0.8469999999999999,0.022926046555963846,0.847,0.0,0.022917651,4.0
3.706827146083333,-0.42769662959581206,4.0,377.2782446466474,4.575433247912854,0.848,0.022926045921675135,0.848,0.0,0.022917651,4.0
3.707211648361808,-0.425059023186684,4.0,377.58696439488693,4.574845176631104,0.849,0.02292604528006164,0.849,0.0,0.022917651,4.0
3.707596323182026,-0.42241873474924285,4.0,377.89955541203824,4.574255113491118,0.8500000000000001,0.02292604463101217,0.85,0.0,0.022917651,4.0
3.7079812225137982,-0.41977483493074347,4.0,378.2163165817944,4.573662337823949,0.851,0.022926043971620326,0.851,0.0,0.022917651,4.0
3.7083663183820796,-0.4171278223928446,4.0,378.53717062045894,4.5730672359261595,0.8520000000000001,0.022926043303714876,0.852,0.0,0.022917651,4.0
3.708751593759409,-0.4144780083552926,4.0,378.8620848776949,4.5724700505918525,0.853,0.02292604262833464,0.853,0.0,0.022917651,4.0
3.709137051417038,-0.4118253495686697,4.0,379.19112203496286,4.571870749657035,0.854,0.02292604194536421,0.854,0.0,0.022917651,4.0
3.709522698012673,-0.40916976944625344,4.0,379.52434976949314,4.57126928301777,0.855,0.02292604125468415,0.855,0.0,0.022917651,4.0
3.7099086920786952,-0.4065099112219709,4.0,379.8619844595198,4.570664922049637,0.856,0.022926040556113268,0.856,0.0,0.022917651,4.0
3.7102948809656966,-0.4038470539816984,4.0,380.2039433186758,4.570058341319891,0.857,0.0229260398496034,0.857,0.0,0.022917651,4.0
3.7106812677547496,-0.40118115029633344,4.0,380.55029473321207,4.569449505723247,0.858,0.02292603913502899,0.858,0.0,0.022917651,4.0
3.711067855592239,-0.3985121517313592,4.0,380.90110853904986,4.568838379410253,0.859,0.022926038412261818,0.859,0.0,0.022917651,4.0
3.7114546881224664,-0.395839083175988,4.0,381.2566509028018,4.568224166625589,0.86,0.022926037822440407,0.86,0.0,0.022917651,4.0
3.711841757876122,-0.393162106071793,4.0,381.61695558972417,4.567606997977002,0.861,0.022926037341628874,0.861,0.0,0.022917651,4.0
3.712229036601003,-0.3904818822134324,4.0,381.9819483240228,4.566987418608322,0.862,0.02292603686336067,0.862,0.0,0.022917651,4.0
3.712616527681101,-0.3877983590243155,4.0,382.351705021993,4.5663653894813505,0.863,0.022926036387676995,0.863,0.0,0.022917651,4.0
3.713004267733394,-0.38511096263765965,4.0,382.7264311314865,4.565740481021099,0.864,0.022926035830391576,0.864,0.0,0.022917651,4.0
3.7133922953564293,-0.38241906178775525,4.0,383.10635263342164,4.565112213798587,0.865,0.022926035089583654,0.865,0.0,0.022917651,4.0
3.7137805432207744,-0.37972369913598486,4.0,383.49128285714977,4.564481365683613,0.866,0.022926034338595795,0.866,0.0,0.022917651,4.0
3.714169014957604,-0.37702481760670975,4.0,383.8813043827856,4.563847894124322,0.867,0.022926033577260155,0.867,0.0,0.022917651,4.0
3.714557764469164,-0.3743218741877083,4.0,384.2765868858603,4.563211472828428,0.8680000000000001,0.022926032796938296,0.868,0.0,0.022917651,4.0
3.7149468765987104,-0.37161402638853414,4.0,384.67735815401926,4.562571600471184,0.8690000000000001,0.022926031985122594,0.869,0.0,0.022917651,4.0
3.715336225413158,-0.36890246667346516,4.0,385.0834880997198,4.561928962906661,0.8700000000000001,0.02292603116431619,0.87,0.0,0.022917651,4.0
3.715725814903383,-0.36618713245378687,4.0,385.4950670786559,4.56128351350913,0.871,0.022926030334367475,0.871,0.0,0.022917651,4.0
3.716115699524157,-0.36346724902839334,4.0,385.91234714841636,4.560634693401274,0.872,0.022926029501478658,0.872,0.0,0.022917651,4.0
3.7165059015381816,-0.36074248301835676,4.0,386.3354878169346,4.559982257483493,0.8730000000000001,0.022926028667189676,0.873,0.0,0.022917651,4.0
3.7168963560010644,-0.3580137385634647,4.0,386.76436954649705,4.559326852834824,0.874,0.022926027822355432,0.874,0.0,0.022917651,4.0
3.7172870672612257,-0.3552809471352086,4.0,387.1990912265859,4.5586684283190255,0.875,0.02292602696679428,0.875,0.0,0.022917651,4.0
3.717678106454225,-0.35254275766292276,4.0,387.6400307275954,4.5580059221310005,0.876,0.022926026106323133,0.876,0.0,0.022917651,4.0
3.718069434574098,-0.34979992122376385,4.0,388.0871173990293,4.55733992655571,0.877,0.022926025235924765,0.877,0.0,0.022917651,4.0
3.718461032618836,-0.34705281652811937,4.0,388.5403600043228,4.55667074267191,0.878,0.022926024353122795,0.878,0.0,0.022917651,4.0
3.7188529555062573,-0.34430092553973984,4.0,389.00000216915157,4.555998071348196,0.879,0.022926023553240898,0.879,0.0,0.022917651,4.0
3.7192453332910738,-0.3415430288440135,4.0,389.4665082388617,4.5553212111456585,0.88,0.022926023095499896,0.88,0.0,0.022917651,4.0
3.719637984475553,-0.3387806695372811,4.0,389.9394987192803,4.554640981822959,0.8809999999999999,0.022926022638603032,0.881,0.0,0.022917651,4.0
3.7200309139010135,-0.3360137685963469,4.0,390.4190884353062,4.553957323720259,0.882,0.02292602218256524,0.882,0.0,0.022917651,4.0
3.720424028811294,-0.3332407768167442,4.0,390.90541746567266,4.553268311071403,0.883,0.022926021289382675,0.883,0.0,0.022917651,4.0
3.720817433965534,-0.3304627407649286,4.0,391.398617470393,4.552575413911927,0.8840000000000001,0.022926020308474997,0.884,0.0,0.022917651,4.0
3.7212111544121624,-0.3276798337070923,4.0,391.8988125995483,4.551878906695721,0.885,0.022926019318527068,0.885,0.0,0.022917651,4.0
3.721605419601103,-0.3248906305466315,4.0,392.4064729949255,4.55117829286267,0.8860000000000001,0.022926018335841826,0.886,0.0,0.022917651,4.0
3.7220001469936728,-0.32209553591675444,4.0,392.9216045652802,4.550473643363384,0.8870000000000001,0.02292601735094207,0.887,0.0,0.022917651,4.0
3.722395199604551,-0.3192953019413965,4.0,393.44412601110804,4.549765155694717,0.888,0.022926016352392678,0.888,0.0,0.022917651,4.0
3.722790613643268,-0.31648879900964405,4.0,393.97447952337467,4.549051835667094,0.889,0.022926015338666145,0.889,0.0,0.022917651,4.0
3.723186391443381,-0.3136760153029048,4.0,394.5127884657047,4.54833368107644,0.89,0.022926014309645578,0.89,0.0,0.022917651,4.0
3.723582510374099,-0.31085782833319836,4.0,395.0589116820003,4.547611487655029,0.8910000000000001,0.022926013266281495,0.891,0.0,0.022917651,4.0
3.7239790455306125,-0.30803286390373463,4.0,395.61322098056706,4.5468841853642665,0.892,0.022926012206384665,0.892,0.0,0.022917651,4.0
3.724375995761758,-0.30520118111887695,4.0,396.1758487672598,4.546151828073233,0.893,0.02292601112991806,0.893,0.0,0.022917651,4.0
3.7247733108227834,-0.30236373568163327,4.0,396.74676651629284,4.545415167299834,0.894,0.022926010038197355,0.894,0.0,0.022917651,4.0
3.7251709940638063,-0.29951900454748925,4.0,397.3264925716829,4.544672696775571,0.895,0.022926009132334932,0.895,0.0,0.022917651,4.0
3.7255690574982845,-0.29666762450791123,4.0,397.9150119474703,4.543925099769228,0.896,0.022926008311283698,0.896,0.0,0.022917651,4.0
3.725967510826112,-0.2938101222539598,4.0,398.5123323830362,4.5431729402734735,0.897,0.02292600748417491,0.897,0.0,0.022917651,4.0
3.7263665099031194,-0.29094411739433773,4.0,399.11914027897,4.542414457300497,0.898,0.022926006691359312,0.898,0.0,0.022917651,4.0
3.7267659291887347,-0.28807155208066354,4.0,399.7351604621111,4.541651094516452,0.899,0.02292600589639,0.899,0.0,0.022917651,4.0
3.727165785853368,-0.28519176707824495,4.0,400.360709636563,4.540882262777592,0.9000000000000001,0.02292600498598922,0.9,0.0,0.022917651,4.0
3.727474087393759,-0.2828169085425522,4.0,400.6328942637824,4.540198187643668,0.901,0.022926004698151876,0.901,0.0,0.022917651,4.0
3.727782419104068,-0.280440164529748,4.0,400.90806386596086,4.53951234756327,0.902,0.022926004409900263,0.902,0.0,0.022917651,4.0
3.72809078131127,-0.2780615146054438,4.0,401.1862507936039,4.538824723408294,0.903,0.022926004121229877,0.903,0.0,0.022917651,4.0
3.7283990890693435,-0.27568086089027727,4.0,401.46752568380583,4.538134877143115,0.904,0.022926003832139105,0.904,0.0,0.022917651,4.0
3.7287066546347067,-0.27329755538078443,4.0,401.75222439123786,4.537439406895799,0.905,0.02292600354272081,0.905,0.0,0.022917651,4.0
3.7290142627178215,-0.2709122824445486,4.0,402.0400309455313,4.536742139363511,0.906,0.02292600325300485,0.906,0.0,0.022917651,4.0
3.7293219137909035,-0.2685250202306997,4.0,402.3309798634268,4.536043054585028,0.907,0.022926002962987937,0.907,0.0,0.022917651,4.0
3.729629608333187,-0.26613574656358796,4.0,402.6251061747025,4.535342132302438,0.908,0.02292600267266669,0.908,0.0,0.022917651,4.0
3.7299375746831793,-0.26374323722548104,4.0,402.9227888109785,4.534639062447597,0.9090000000000003,0.022926002381944522,0.909,0.0,0.022917651,4.0
3.7302456328570566,-0.2613483911191225,4.0,403.2238139969515,4.5339340232793415,0.91,0.022926002090867675,0.91,0.0,0.022917651,4.0
3.730553730290453,-0.2589514615718795,4.0,403.5281407539859,4.533227057674133,0.911,0.022926001799451617,0.911,0.0,0.022917651,4.0
3.7308618674252876,-0.2565524251317642,4.0,403.8358062457972,4.5325181439472795,0.912,0.02292600150769251,0.912,0.0,0.022917651,4.0
3.731169765611926,-0.25415008241098813,4.0,404.1471013742254,4.531804970279789,0.9130000000000003,0.022926001215169637,0.913,0.0,0.022917651,4.0
3.731477578217662,-0.25174502667393295,4.0,404.46193257053864,4.531088742298246,0.9140000000000001,0.022926000922021406,0.914,0.0,0.022917651,4.0
3.7317854400234034,-0.24933779359951072,4.0,404.7802184138933,4.530370533778147,0.915,0.022926000628426816,0.915,0.0,0.022917651,4.0
3.732093351593778,-0.24692835820026832,4.0,405.1019985503414,4.529650321990531,0.9160000000000003,0.022926000334380754,0.916,0.0,0.022917651,4.0
3.7324014342503857,-0.24451578747083347,4.0,405.42759365703785,4.528927653747256,0.9170000000000001,0.022926000061308474,0.917,0.0,0.022917651,4.0
3.732709626436689,-0.24210050945283243,4.0,405.75690701835055,4.5282027136860314,0.918,0.022925999797916614,0.918,0.0,0.022917651,4.0
3.733017869711038,-0.23968293893298365,4.0,406.0898444792703,4.527475685502423,0.9189999999999999,0.022925999533668372,0.919,0.0,0.022917651,4.0
3.7333261646693567,-0.23726304917005916,4.0,406.4264483136445,4.5267465448392175,0.9200000000000002,0.02292599926855376,0.92,0.0,0.022917651,4.0
3.7336345330685776,-0.2348395921650977,4.0,406.7671684595655,4.526014140665135,0.921,0.022925999254837105,0.921,0.0,0.022917651,4.0
3.733942960832034,-0.23241346262211104,4.0,407.11175642140597,4.525279303939029,0.922,0.022925999298508838,0.922,0.0,0.022917651,4.0
3.7342514434043865,-0.22998494067152678,4.0,407.4601555578812,4.524542294070872,0.9230000000000002,0.02292599933547706,0.923,0.0,0.022917651,4.0
3.7345599765236717,-0.2275539217125609,4.0,407.8124352827736,4.523802988665504,0.9240000000000002,0.022925999348493462,0.924,0.0,0.022917651,4.0
3.734868473044206,-0.22511901103944834,4.0,408.1690817027758,4.523059631107027,0.9250000000000002,0.022925999034433084,0.925,0.0,0.022917651,4.0
3.7351770259989583,-0.22268161546024245,4.0,408.52968567815645,4.522314014415605,0.926,0.02292599871995007,0.926,0.0,0.022917651,4.0
3.7354856360625788,-0.2202417052689034,4.0,408.8942945198775,4.521566111584229,0.9270000000000003,0.02292599840503937,0.927,0.0,0.022917651,4.0
3.7357943845197035,-0.21779843295207219,4.0,409.26316997560235,4.520815404187313,0.9280000000000002,0.022925998089162025,0.928,0.0,0.022917651,4.0
3.7361033026623987,-0.2153514373342582,4.0,409.6364528056031,4.520061657832621,0.929,0.022925997772025537,0.929,0.0,0.022917651,4.0
3.7364122782648552,-0.21290182390099596,4.0,410.0138977852522,4.519305523619078,0.9300000000000003,0.02292599745433664,0.93,0.0,0.022917651,4.0
3.736721312024395,-0.21044956088286698,4.0,410.3955554257777,4.518546972567984,0.9310000000000002,0.022925997136088644,0.931,0.0,0.022917651,4.0
3.7370304011220297,-0.20799316205514062,4.0,410.7819880163145,4.5177845068244675,0.932,0.022925996815264506,0.932,0.0,0.022917651,4.0
3.737339548097353,-0.2055338876061619,4.0,411.17280341986515,4.517019396769366,0.933,0.022925996493877537,0.933,0.0,0.022917651,4.0
3.737648753978474,-0.20307186130446175,4.0,411.56800003539973,4.5162517703054705,0.9340000000000003,0.022925996172152716,0.934,0.0,0.022917651,4.0
3.7379580474296175,-0.20060613528753996,4.0,411.96794997466355,4.515480794699858,0.935,0.022925995850246114,0.935,0.0,0.022917651,4.0
3.7382674277271284,-0.19813665174853937,4.0,412.37272687810804,4.514706409384665,0.9360000000000002,0.022925995527962508,0.936,0.0,0.022917651,4.0
3.738576866217191,-0.1956643124847038,4.0,412.78206406057643,4.513929401096508,0.937,0.02292599520506458,0.937,0.0,0.022917651,4.0
3.7388863974199262,-0.19318869470735667,4.0,413.1961352867494,4.513149484618008,0.9380000000000001,0.02292599488127398,0.9380000000000001,0.0,0.022917651,4.0
3.739196132746259,-0.19070848431088233,4.0,413.61539191873777,4.512365789854186,0.9390000000000001,0.022925994555846322,0.9390000000000001,0.0,0.022917651,4.0
3.739505927394522,-0.18822530571777032,4.0,414.03939554404417,4.511579364236176,0.9400000000000002,0.022925994230044218,0.9400000000000001,0.0,0.022917651,4.0
3.7398157821099343,-0.1857391216406548,4.0,414.4682057958057,4.510790173458177,0.9410000000000001,0.022925993903862973,0.9410000000000001,0.0,0.022917651,4.0
3.740125638640263,-0.1832485801151454,4.0,414.9024007054751,4.509996634910178,0.9420000000000001,0.022925993773009315,0.9420000000000001,0.0,0.022917651,4.0
3.7404355599717176,-0.1807549225953629,4.0,415.3415416265236,4.509200239606893,0.9430000000000001,0.022925993639381907,0.9430000000000001,0.0,0.022917651,4.0
3.740745547868488,-0.17825812935825555,4.0,415.78568384055507,4.508400974845769,0.9440000000000001,0.022925993499900748,0.9440000000000001,0.0,0.022917651,4.0
3.7410555360922872,-0.17575648970682992,4.0,416.23557370171545,4.507596860414882,0.9450000000000002,0.022925993304164945,0.9450000000000001,0.0,0.022917651,4.0
3.7413655733112567,-0.1732513815986922,4.0,416.6907117812058,4.506789472649887,0.9460000000000001,0.02292599309672142,0.9460000000000001,0.0,0.022917651,4.0
3.741675669581671,-0.17074301089922647,4.0,417.15106436810044,4.5059790583026285,0.9470000000000001,0.022925992885097033,0.9470000000000001,0.0,0.022917651,4.0
3.7419858182591295,-0.16822943160337966,4.0,417.61744968643814,4.505163647258758,0.9480000000000002,0.022925992559296723,0.9480000000000001,0.0,0.022917651,4.0
3.742296017652852,-0.16571216315104348,4.0,418.08933962555994,4.504344750695936,0.9490000000000001,0.022925992212401824,0.9490000000000001,0.0,0.022917651,4.0
3.742606269073976,-0.16319151029346837,4.0,418.56666811403227,4.503522678207027,0.9500000000000001,0.022925991864743114,0.9500000000000001,0.0,0.022917651,4.0
3.742915839877615,-0.1606657844689292,4.0,419.05062845138576,4.502692810453273,0.9510000000000002,0.022925991515844932,0.9510000000000001,0.0,0.022917651,4.0
3.7432253483078473,-0.15813641786107968,4.0,419.54030717825765,4.501859052156961,0.9520000000000001,0.02292599116644977,0.9520000000000001,0.0,0.022917651,4.0
3.743534874618414,-0.15560344786181743,4.0,420.035701263439,4.501021761768579,0.9530000000000001,0.022925990816457926,0.9530000000000001,0.0,0.022917651,4.0
3.743844570378281,-0.1530649673103785,4.0,420.537725982642,4.500179639834644,0.9540000000000002,0.02292599046234028,0.9540000000000001,0.0,0.022917651,4.0
3.7441542764096094,-0.15052289542924574,4.0,421.0455928620642,4.499333967768704,0.9550000000000001,0.022925990107593136,0.9550000000000001,0.0,0.022917651,4.0
3.74446396119931,-0.14797666198423137,4.0,421.5595685159664,4.498484049639613,0.9560000000000001,0.02292598975371527,0.9560000000000001,0.0,0.022917651,4.0
3.7447735613205295,-0.14542520890445593,4.0,422.08010233806374,4.4976285743487265,0.9570000000000001,0.02292598940351171,0.9570000000000001,0.0,0.022917651,4.0
3.745083166971451,-0.14287000230354704,4.0,422.6067243748565,4.496769367776711,0.9580000000000002,0.02292598905255561,0.9580000000000001,0.0,0.022917651,4.0
3.7453927862093903,-0.1403098099919642,4.0,423.13992287320457,4.495905226388893,0.9590000000000002,0.022925988698150303,0.9590000000000001,0.0,0.022917651,4.0
3.7457024202481812,-0.1377447503479887,4.0,423.67972880933763,4.495036273743615,0.96,0.022925988340812057,0.96,0.0,0.022917651,4.0
3.7460120631774902,-0.1351757636578074,4.0,424.22588588414436,4.494163429427799,0.961,0.022925987982828015,0.961,0.0,0.022917651,4.0
3.7463216972617213,-0.13260080848147618,4.0,424.779420751442,4.493284590114074,0.962,0.022925987822591642,0.962,0.0,0.022917651,4.0
3.746631330050772,-0.13002160947828165,4.0,425.3395994769827,4.492401502909759,0.9630000000000001,0.02292598767441241,0.963,0.0,0.022917651,4.0
3.746940848297426,-0.12743757904329653,4.0,425.9066411354277,4.491513122651762,0.964,0.022925987461577424,0.964,0.0,0.022917651,4.0
3.7472501445699877,-0.12484787032339266,4.0,426.48089407242196,4.490618168913141,0.965,0.022925987131840696,0.965,0.0,0.022917651,4.0
3.747559461767523,-0.12225397528273493,4.0,427.06197565116526,4.489719112594846,0.9660000000000001,0.022925986799121306,0.966,0.0,0.022917651,4.0
3.747868758078073,-0.1196545473363837,4.0,427.6504915783356,4.488814440968056,0.967,0.022925986428907,0.967,0.0,0.022917651,4.0
3.748178077544145,-0.1170504801152717,4.0,428.24615905603594,4.487905222684614,0.9680000000000001,0.022925986050302632,0.968,0.0,0.022917651,4.0
3.7484873285555653,-0.11444128759978127,4.0,428.8493475641087,4.486990609131448,0.969,0.022925985668986855,0.969,0.0,0.022917651,4.0
3.748796436479207,-0.11182640026903864,4.0,429.4604467661366,4.486069735578783,0.9700000000000002,0.02292598528313728,0.97,0.0,0.022917651,4.0
3.7491055775165476,-0.1092069742093823,4.0,430.07890573380644,4.485144455993369,0.9709999999999999,0.02292598489655976,0.971,0.0,0.022917651,4.0
3.7494147274014984,-0.10658092343685242,4.0,430.70612243289685,4.484212574810297,0.972,0.022925984518670194,0.972,0.0,0.022917651,4.0
3.7497239021074247,-0.10395019270819958,4.0,431.34095439925227,4.48327611266686,0.9730000000000001,0.02292598414045711,0.973,0.0,0.022917651,4.0
3.7500332807820644,-0.10131274128898551,4.0,431.9841315739546,4.482333752973903,0.974,0.022925983756359007,0.974,0.0,0.022917651,4.0
3.7503427860720593,-0.09866939053197629,4.0,432.63548797503967,4.481386004403573,0.975,0.02292598336852645,0.975,0.0,0.022917651,4.0
3.7506523494882944,-0.09602016692834958,4.0,433.2951970380949,4.480432610067573,0.976,0.02292598297971946,0.976,0.0,0.022917651,4.0
3.7509619898935513,-0.0933643126358009,4.0,433.96366630185724,4.479472883703649,0.9770000000000001,0.022925982589847408,0.977,0.0,0.022917651,4.0
3.751271611622917,-0.0907031145324681,4.0,434.640528051248,4.4785077408773395,0.978,0.022925982200304933,0.978,0.0,0.022917651,4.0
3.7515810024179976,-0.08803513568752377,4.0,435.3267702678191,4.477534906149689,0.979,0.022925981816510222,0.979,0.0,0.022917651,4.0
3.7518904132090767,-0.08536199745254322,4.0,436.0214601901146,4.476556992337719,0.9800000000000001,0.02292598143205876,0.98,0.0,0.022917651,4.0
3.7521998449560003,-0.08268152662113064,4.0,436.72594578504555,4.4755718228061605,0.981,0.022925981176172037,0.981,0.0,0.022917651,4.0
3.752509298513179,-0.07999573806301173,4.0,437.4391553603952,4.474581422639144,0.982,0.022925980907076024,0.982,0.0,0.022917651,4.0
3.752818876534573,-0.07730202354354784,4.0,438.16229302949245,4.473583597342547,0.983,0.022925980533456455,0.983,0.0,0.022917651,4.0
3.7531284982034334,-0.07460249745708733,4.0,438.8945794547391,4.472580135575634,0.9840000000000001,0.0229259801432955,0.984,0.0,0.022917651,4.0
3.7534379774948476,-0.07189539602288623,4.0,439.63702278448926,4.4715685309379785,0.985,0.022925979732246176,0.985,0.0,0.022917651,4.0
3.753747445093462,-0.06918216362070684,4.0,440.38900002861976,4.470550749051896,0.986,0.02292597931601273,0.986,0.0,0.022917651,4.0
3.754056978596689,-0.06646130411875488,4.0,441.15146690967583,4.469525590789619,0.9870000000000001,0.022925978907167122,0.987,0.0,0.022917651,4.0
3.7543665565612128,-0.06373410632110921,4.0,441.9238187811236,4.468494268628188,0.988,0.022925978499733633,0.988,0.0,0.022917651,4.0
3.7546761646376585,-0.06099873962880882,4.0,442.70713359182037,4.467454912457452,0.989,0.022925978083820485,0.989,0.0,0.022917651,4.0
3.75498580525823,-0.058256861788848195,4.0,443.5006417176497,4.466409178528724,0.99,0.022925977665233205,0.99,0.0,0.022917651,4.0
3.7552953609563704,-0.05550642505414481,4.0,444.30554810450343,4.465354539030601,0.9910000000000001,0.022925977242970266,0.991,0.0,0.022917651,4.0
3.755604934583705,-0.05274944524274234,4.0,445.1208962872513,4.464293427320438,0.992,0.022925976819635395,0.992,0.0,0.022917651,4.0
3.7559144579381956,-0.049983723599340425,4.0,445.9482566354688,4.463223364214195,0.993,0.022925976405894957,0.993,0.0,0.022917651,4.0
3.756223982052366,-0.047211156188649225,4.0,446.786491821465,4.462146459576781,0.9940000000000001,0.022925975990363515,0.994,0.0,0.022917651,4.0
3.756533405140509,-0.04442977133186452,4.0,447.6368908060195,4.461060341056837,0.995,0.022925975568660693,0.995,0.0,0.022917651,4.0
3.756842873876928,-0.04164052534120054,4.0,448.49878149408624,4.459966550029955,0.996,0.022925975144591312,0.996,0.0,0.022917651,4.0
3.75715242741416,-0.038842218242642376,4.0,449.37281356052165,4.458864048138108,0.997,0.02292597471685855,0.997,0.0,0.022917651,4.0
3.7574620279947357,-0.03603533090239881,4.0,450.2591642431396,4.457753144028444,0.9980000000000001,0.022925974294347187,0.998,0.0,0.022917651,4.0
3.757771668758859,-0.033220284553877336,4.0,451.1577403338235,4.4566342343705765,0.999,0.022925973866792633,0.999,0.0,0.022917651,4.0
3.758081179280729,-0.030396061430045238,4.0,452.06953207235296,4.455505619061755,1.0,0.02292597342756915,1.0,0.0,0.022917651,4.0
3.758324197423518,-0.028118568046959513,4.0,452.6208432771513,4.454614118646251,1.0010000000000001,0.022925973408448812,1.0010000000000001,0.0,0.022917651,4.0
3.7585670338577137,-0.025837922811160645,4.0,453.17784358194825,4.453718746019993,1.0020000000000002,0.02292597339023733,1.002,0.0,0.022917651,4.0
3.7588097520239243,-0.02355451437614083,4.0,453.7402131347902,4.452820140071153,1.0030000000000001,0.02292597337240046,1.0030000000000001,0.0,0.022917651,4.0
3.759052407748534,-0.021268685877431238,4.0,454.30765610270026,4.4519188639863945,1.004,0.02292597335446383,1.004,0.0,0.022917651,4.0
3.7592947519948443,-0.01897854199703951,4.0,454.88128070887285,4.451012022533248,1.0050000000000001,0.022925973337788598,1.0050000000000001,0.0,0.022917651,4.0
3.7595370342140617,-0.016685973375240575,4.0,455.460085548493,4.4501025084198265,1.0060000000000002,0.022925973320965312,1.006,0.0,0.022917651,4.0
3.759778405401793,-0.014390103724207369,4.0,456.04460399269254,4.449186047565725,1.0070000000000001,0.02292597330410434,1.0070000000000001,0.0,0.022917651,4.0
3.7600185280479352,-0.012090560284409952,4.0,456.63509070709955,4.4482609163394775,1.008,0.022925973287311958,1.008,0.0,0.022917651,4.0
3.7602586170295322,-0.009788537500471834,4.0,457.23090750715187,4.447333171186741,1.0090000000000001,0.022925973270453637,1.0090000000000001,0.0,0.022917651,4.0
3.760498794191628,-0.007483211948942344,4.0,457.8331274076644,4.446402491149379,1.0100000000000002,0.022925973253747105,1.01,0.0,0.022917651,4.0
3.7607389574502257,-0.005175192317981134,4.0,458.4409812973853,4.445469064023133,1.0110000000000003,0.022925973237059225,1.0110000000000001,0.0,0.022917651,4.0
3.760978962857566,-0.002863879439383075,4.0,459.05477281644505,4.444531704344568,1.012,0.022925973219236034,1.012,0.0,0.022917651,4.0
3.761218678525996,-0.0005484741827312531,4.0,459.6750477215786,4.443589077179108,1.0130000000000001,0.02292597319900134,1.0130000000000001,0.0,0.022917651,4.0
3.761458356420005,0.0017695481903656626,4.0,460.30096119531635,4.442643681818291,1.014,0.022925973178650964,1.014,0.0,0.022917651,4.0
3.7616978118068687,0.004092074874033488,4.0,460.9337165396612,4.4416929108969,1.0150000000000003,0.022925973158122264,1.0150000000000001,0.0,0.022917651,4.0
3.7619371929466126,0.006417598731002477,4.0,461.5724522939646,4.440738849071211,1.016,0.02292597313746575,1.016,0.0,0.022917651,4.0
3.762176501240316,0.008746568852267855,4.0,462.21761871043026,4.439781042297657,1.0170000000000001,0.02292597311668685,1.0170000000000001,0.0,0.022917651,4.0
3.762415726946108,0.011079291866268829,4.0,462.86951814583756,4.438819142451289,1.0180000000000002,0.022925973095782832,1.018,0.0,0.022917651,4.0
3.7626549121512345,0.013414820044672605,4.0,463.5274537561194,4.437854275797009,1.0190000000000003,0.02292597307480436,1.0190000000000001,0.0,0.022917651,4.0
3.7628940402358073,0.01575482057040459,4.0,464.19293704387275,4.436884712529319,1.0200000000000002,0.022925973054926902,1.02,0.0,0.022917651,4.0
3.7631331237808476,0.01809760095183188,4.0,464.864560216902,4.435912191010314,1.0210000000000001,0.022925973034903114,1.0210000000000001,0.0,0.022917651,4.0
3.76337206398438,0.02044461838104205,4.0,465.54337877408193,4.4349348612808885,1.022,0.022925973015731266,1.022,0.0,0.022917651,4.0
3.7636109108224876,0.022795119443845217,4.0,466.2289200802765,4.433953675493299,1.0230000000000004,0.022925972996828862,1.0230000000000001,0.0,0.022917651,4.0
3.763849647642068,0.02514930703692101,4.0,466.92140081001594,4.432968363282487,1.024,0.02292597297775741,1.024,0.0,0.022917651,4.0
3.764088241780692,0.02750765427640007,4.0,467.62122592126303,4.43197832098876,1.0250000000000001,0.022925972958519943,1.025,0.0,0.022917651,4.0
3.764326781366737,0.029869248232430954,4.0,468.3277740984565,4.430984813278985,1.0260000000000002,0.02292597293909351,1.026,0.0,0.022917651,4.0
3.764565253551173,0.0322357478542325,4.0,469.04232611132585,4.429986127123083,1.027,0.02292597291944086,1.027,0.0,0.022917651,4.0
3.76480367172724,0.03460525122709886,4.0,469.7635539366764,4.428984221187504,1.028,0.02292597289960286,1.028,0.0,0.022917651,4.0
3.7650420014314268,0.036979767962627134,4.0,470.4931526094264,4.427976948307835,1.0290000000000001,0.022925972878462694,1.029,0.0,0.022917651,4.0
3.765280273408336,0.03935751907178521,4.0,471.22975628713266,4.426966210280087,1.03,0.022925972857172218,1.03,0.0,0.022917651,4.0
3.7655182922527652,0.041739884289174155,4.0,471.9745447894878,4.425949854828902,1.031,0.02292597283670009,1.031,0.0,0.022917651,4.0
3.7657561770705494,0.044125923449926795,4.0,472.7268166579386,4.4249292926369534,1.032,0.02292597281657361,1.032,0.0,0.022917651,4.0
3.765993850164354,0.0465162954511143,4.0,473.48718792727965,4.423903542497714,1.033,0.022925972794880574,1.033,0.0,0.022917651,4.0
3.7662313527443105,0.048910682603670944,4.0,474.25545640409075,4.422873089428056,1.0340000000000003,0.022925972771959676,1.034,0.0,0.022917651,4.0
3.7664687065530855,0.05130903259282353,4.0,475.03187449024733,4.42183807780311,1.035,0.022925972749640373,1.035,0.0,0.022917651,4.0
3.766705908299685,0.053711437481479794,4.0,475.8166134490063,4.42079840242436,1.036,0.02292597272795359,1.036,0.0,0.022917651,4.0
3.7669430172647314,0.05611810648790937,4.0,476.609641436803,4.419754094478055,1.037,0.02292597270483333,1.037,0.0,0.022917651,4.0
3.7671800147822516,0.05852952063552762,4.0,477.41144889033177,4.418704599397888,1.0380000000000003,0.022925972679751296,1.038,0.0,0.022917651,4.0
3.7674168812189865,0.06094533301067439,4.0,478.22165760411116,4.417650182212786,1.039,0.022925972655130987,1.039,0.0,0.022917651,4.0
3.767653571294845,0.06336633700223981,4.0,479.04091181500695,4.416589868731008,1.04,0.02292597263136096,1.04,0.0,0.022917651,4.0
3.7678901277778714,0.06579133384774404,4.0,479.86872796838736,4.415525025328139,1.041,0.022925972607644503,1.041,0.0,0.022917651,4.0
3.7681265064309883,0.06822081439551805,4.0,480.70574033620386,4.414454982282381,1.0420000000000003,0.02292597258412761,1.042,0.0,0.022917651,4.0
3.7683626693725576,0.07065438339264604,4.0,481.5516522122114,4.41337998976124,1.043,0.02292597256114332,1.043,0.0,0.022917651,4.0
3.768598532318445,0.0730924216088752,4.0,482.4070497524885,4.4122993307731235,1.044,0.022925972539058467,1.044,0.0,0.022917651,4.0
3.7688343186026856,0.07553537214976801,4.0,483.27173771053356,4.411213449828917,1.0450000000000002,0.022925972514467895,1.045,0.0,0.022917651,4.0
3.769070029585181,0.07798359192564208,4.0,484.1460849353512,4.410121994453517,1.046,0.022925972486913,1.046,0.0,0.022917651,4.0
3.7693054763375535,0.08043655984899417,4.0,485.03016927097497,4.409024742031083,1.047,0.02292597246075817,1.047,0.0,0.022917651,4.0
3.7695406797110635,0.08289415689190761,4.0,485.92396165474213,4.407921894353836,1.048,0.022925972435746726,1.048,0.0,0.022917651,4.0
3.7697755775252277,0.08535670901251229,4.0,486.8280227776525,4.406812860875715,1.049,0.022925972416503224,1.049,0.0,0.022917651,4.0
3.770010262076845,0.08782365350937124,4.0,487.74177560292446,4.405698577329652,1.0500000000000003,0.022925972400481553,1.05,0.0,0.022917651,4.0
3.7702446686608337,0.09029623390842428,4.0,488.6663209889537,4.404577547910799,1.051,0.022925972378781998,1.051,0.0,0.022917651,4.0
3.7704789248487467,0.09277308772490447,4.0,489.6004472250237,4.403451643927476,1.052,0.022925972355419023,1.052,0.0,0.022917651,4.0
3.77071288870569,0.09525619799986834,4.0,490.54608512189594,4.4023183224195295,1.0530000000000002,0.02292597232597737,1.053,0.0,0.022917651,4.0
3.770946717125318,0.09774374921429306,4.0,491.5016403482622,4.401180015804814,1.054,0.022925972297196458,1.054,0.0,0.022917651,4.0
3.771180325788781,0.10023746333890243,4.0,492.4689065058001,4.400034655484017,1.055,0.02292597227220665,1.055,0.0,0.022917651,4.0
3.771413699052671,0.1027359003657631,4.0,493.44684300848945,4.398883637747923,1.056,0.022925972247463625,1.056,0.0,0.022917651,4.0
3.7716467804185836,0.10523944132046407,4.0,494.436045301268,4.397726358506694,1.057,0.022925972223138896,1.057,0.0,0.022917651,4.0
3.7718794843057957,0.10774853794118278,4.0,495.43690891193387,4.3965620034146795,1.0580000000000003,0.022925972195393485,1.058,0.0,0.022917651,4.0
3.7721119311859788,0.11026247192490896,4.0,496.4487170351414,4.39539177751573,1.059,0.022925972165960637,1.059,0.0,0.022917651,4.0
3.7723439895660698,0.11278254739272262,4.0,497.473347318081,4.3942138626395275,1.06,0.022925972139047308,1.06,0.0,0.022917651,4.0
3.7725757360176058,0.11530747808302233,4.0,498.50916303716656,4.393029843780784,1.061,0.022925972112540494,1.061,0.0,0.022917651,4.0
3.7728068675869273,0.1178383420825513,4.0,499.557485511181,4.3918374270097935,1.062,0.022925972087129546,1.062,0.0,0.022917651,4.0
3.77303711171686,0.12037464183223269,4.0,500.61797148920033,4.390636029887439,1.063,0.022925972059409428,1.063,0.0,0.022917651,4.0
3.7732667103852378,0.12291607047851473,4.0,501.6903535638528,4.389426926219095,1.064,0.022925972030094565,1.064,0.0,0.022917651,4.0
3.773495577603735,0.12546363681444014,4.0,502.77626883296216,4.3882087545615995,1.065,0.022925972001421505,1.065,0.0,0.022917651,4.0
3.773724209777506,0.12801654987729932,4.0,503.87445355531565,4.386984295962538,1.0660000000000003,0.02292597197315196,1.066,0.0,0.022917651,4.0
3.773952544374551,0.13057574625823967,4.0,504.98606888261685,4.385752365033713,1.067,0.02292597194581207,1.067,0.0,0.022917651,4.0
3.774180483205313,0.13314145634088662,4.0,506.11138272607866,4.384512341737468,1.068,0.022925971921243012,1.068,0.0,0.022917651,4.0
3.774408098137806,0.13571269531001154,4.0,507.24973043547953,4.383265495001231,1.069,0.022925971898101857,1.069,0.0,0.022917651,4.0
3.7746349599061095,0.13828957778273993,4.0,508.40299077598615,4.382009985906035,1.07,0.022925971874851396,1.07,0.0,0.022917651,4.0
3.7748603987591576,0.1408725097816448,4.0,509.5702715516175,4.380742732143122,1.071,0.022925971849261987,1.071,0.0,0.022917651,4.0
3.775084647395328,0.1434612658347707,4.0,510.7513848101921,4.379464891236415,1.072,0.022925971821606054,1.072,0.0,0.022917651,4.0
3.775308390688763,0.14605732057787355,4.0,511.94818231712753,4.378177744529214,1.073,0.022925971788949874,1.073,0.0,0.022917651,4.0
3.775531666555741,0.14865935037040184,4.0,513.1593226237194,4.376882746855097,1.074,0.02292597175866751,1.074,0.0,0.022917651,4.0
3.77575446717418,0.15126739254622978,4.0,514.3849994567781,4.3755798292459245,1.075,0.02292597173046208,1.075,0.0,0.022917651,4.0
3.775976688630584,0.1538828281190107,4.0,515.6272694395168,4.37426720534684,1.076,0.022925971698107023,1.076,0.0,0.022917651,4.0
3.7761984581000747,0.15650450080305497,4.0,516.8847999686562,4.372946538569583,1.077,0.022925971667351667,1.077,0.0,0.022917651,4.0
3.77641975030669,0.15913245278943344,4.0,518.1578614037542,4.371617685157431,1.078,0.02292597163777332,1.078,0.0,0.022917651,4.0
3.7766402886845687,0.16176738902977467,4.0,519.4481280271893,4.370278829331612,1.079,0.02292597160678886,1.079,0.0,0.022917651,4.0
3.7768602353254006,0.1644084361807807,4.0,520.7547394693379,4.368931491711672,1.08,0.022925971575297296,1.08,0.0,0.022917651,4.0
3.777079642116755,0.1670556737955159,4.0,522.077755216211,4.367575805037612,1.081,0.02292597154386727,1.081,0.0,0.022917651,4.0
3.7772984841762236,0.1697099504931387,4.0,523.4183628478263,4.366210833041927,1.082,0.022925971513826686,1.082,0.0,0.022917651,4.0
3.7775166605568993,0.17237160954958464,4.0,524.7767775951263,4.3648358016016795,1.083,0.022925971480782736,1.083,0.0,0.022917651,4.0
3.777734193552396,0.17504006314464163,4.0,526.1525625022583,4.363451402133702,1.0839999999999999,0.022925971448294186,1.084,0.0,0.022917651,4.0
3.777951040123805,0.17771532757328018,4.0,527.5460852036643,4.362057452125708,1.0850000000000002,0.022925971417354998,1.085,0.0,0.022917651,4.0
3.778167110042475,0.18039780245140796,4.0,528.9592497699562,4.360653184949942,1.086,0.02292597138372678,1.086,0.0,0.022917651,4.0
3.7783824621878104,0.18308711144797332,4.0,530.3911879425169,4.359239204499631,1.087,0.022925971359679463,1.087,0.0,0.022917651,4.0
3.7785971131517657,0.1857833097860864,4.0,531.8421057248199,4.357815530969884,1.0880000000000003,0.022925971337628446,1.088,0.0,0.022917651,4.0
3.778811063673092,0.18848652964940787,4.0,533.3123815773172,4.356382043176174,1.0890000000000002,0.022925971310401888,1.089,0.0,0.022917651,4.0
3.779024206044439,0.19119678126548328,4.0,534.8039178273515,4.354938303695958,1.09,0.022925971277015605,1.09,0.0,0.022917651,4.0
3.779236586521486,0.19391443442748513,4.0,536.3157195034278,4.35348408996554,1.0910000000000002,0.02292597124299379,1.091,0.0,0.022917651,4.0
3.779448022994835,0.19663899422308415,4.0,537.848275916205,4.352019195076952,1.092,0.022925971209383635,1.092,0.0,0.022917651,4.0
3.7796584170759226,0.1993702317915545,4.0,539.402080385818,4.350543468608606,1.093,0.022925971176289,1.093,0.0,0.022917651,4.0
3.779867890283509,0.2021089932252195,4.0,540.978149595478,4.349056523383185,1.0940000000000003,0.022925971142320405,1.094,0.0,0.022917651,4.0
3.7800764149080948,0.20485594037734425,4.0,542.5771089370538,4.347557604837393,1.095,0.022925971108135056,1.095,0.0,0.022917651,4.0
3.7802839591972273,0.2076099970134833,4.0,544.1986758708891,4.346047652239219,1.0960000000000003,0.022925971073457074,1.096,0.0,0.022917651,4.0
3.7804905286879498,0.2103710353824112,4.0,545.8433962231304,4.344526821512574,1.097,0.022925971038837548,1.097,0.0,0.022917651,4.0
3.780696104893733,0.21313906725612794,4.0,547.5118454808905,4.342995029797001,1.098,0.022925971004275986,1.098,0.0,0.022917651,4.0
3.7809004588446555,0.21591418931325754,4.0,549.2048810076731,4.34145124642727,1.0990000000000002,0.022925970969204984,1.099,0.0,0.022917651,4.0
3.781103400045684,0.21869689432179115,4.0,550.9240716387188,4.339894229699372,1.1000000000000003,0.022925970933926423,1.1,0.0,0.022917651,4.0
3.781130485271537,0.22074034757316988,4.0,552.0177559720023,4.338337003878978,1.101,0.022925970912174375,1.101,0.0,0.022917651,4.0
3.7811592794403732,0.22278629677979872,4.0,553.1056515735652,4.336784117860926,1.102,0.022925970890319305,1.102,0.0,0.022917651,4.0
3.7811897897112177,0.22483475239761522,4.0,554.1877341935249,4.335235589825315,1.103,0.02292597086836078,1.103,0.0,0.022917651,4.0
3.7812219641034472,0.22688582257101406,4.0,555.2644037085199,4.3336911037326,1.1040000000000005,0.022925970846339985,1.104,0.0,0.022917651,4.0
3.7812556691975243,0.2289397172232261,4.0,556.3366438726192,4.332149916021545,1.1050000000000002,0.02292597082440972,1.105,0.0,0.022917651,4.0
3.7812911080686513,0.23099610249440305,4.0,557.4030252172009,4.330613172746242,1.106,0.022925970802465886,1.106,0.0,0.022917651,4.0
3.781328287638422,0.23305498832760688,4.0,558.4635243526527,4.329080891649793,1.107,0.022925970780508436,1.107,0.0,0.022917651,4.0
3.781367214865325,0.235116384718898,4.0,559.518117764696,4.32755309056987,1.1080000000000003,0.02292597075853731,1.108,0.0,0.022917651,4.0
3.7814077537654964,0.23718042130869532,4.0,560.5677934381537,4.326029093834394,1.1090000000000002,0.02292597073628787,1.109,0.0,0.022917651,4.0
3.781449937822004,0.23924704162752808,4.0,561.6123225008654,4.3245090923607785,1.1100000000000003,0.02292597071373563,1.11,0.0,0.022917651,4.0
3.78149388373001,0.24131615051787547,4.0,562.6508987376865,4.32299364973676,1.111,0.022925970691063287,1.111,0.0,0.022917651,4.0
3.7815395980680617,0.24338775727177664,4.0,563.6834999214545,4.321482782984554,1.112,0.02292597066827039,1.112,0.0,0.022917651,4.0
3.781587087447504,0.24546187122758695,4.0,564.7101037142098,4.319976509211233,1.113,0.022925970645356494,1.113,0.0,0.022917651,4.0
3.7816361602641626,0.24753850852656087,4.0,565.7325297689785,4.318474048949401,1.114,0.022925970622602987,1.114,0.0,0.022917651,4.0
3.7816870002692404,0.24961760928684562,4.0,566.7490749424423,4.316976194175773,1.115,0.022925970599788036,1.115,0.0,0.022917651,4.0
3.7817396261985654,0.2516991798412892,4.0,567.7596013716957,4.315483013302343,1.1160000000000003,0.022925970576894612,1.116,0.0,0.022917651,4.0
3.781794044376153,0.25378322893551214,4.0,568.7640877441694,4.313994522879546,1.117,0.02292597055392246,1.117,0.0,0.022917651,4.0
3.7818501575028023,0.2558697151927642,4.0,569.763185402969,4.312510374936639,1.1180000000000003,0.02292597053098356,1.118,0.0,0.022917651,4.0
3.781907881941147,0.2579585585545599,4.0,570.7574258389537,4.311030314947724,1.1190000000000002,0.022925970508189904,1.119,0.0,0.022917651,4.0
3.781967404459632,0.26004983322470737,4.0,571.7456005610542,4.309555016091201,1.1200000000000003,0.022925970485352387,1.12,0.0,0.022917651,4.0
3.7820287308743588,0.2621435470675578,4.0,572.7276899490064,4.308084493767511,1.1210000000000002,0.022925970462470857,1.121,0.0,0.022917651,4.0
3.7820918670265384,0.26423970798141866,4.0,573.7036742978372,4.306618763443587,1.122,0.022925970439545175,1.122,0.0,0.022917651,4.0
3.7821565741890266,0.26633855806751483,4.0,574.6751046710204,4.305156628159505,1.123,0.022925970416979566,1.123,0.0,0.022917651,4.0
3.7822230307831983,0.2684398802285194,4.0,575.6407934509195,4.303699018493227,1.124,0.022925970394503614,1.124,0.0,0.022917651,4.0
3.782291297252248,0.27054362247904645,4.0,576.6003622877802,4.302246228173886,1.125,0.022925970372027666,1.125,0.0,0.022917651,4.0
3.782361378848041,0.2726497918416753,4.0,577.5537934228473,4.3007982711861885,1.1260000000000003,0.02292597034955171,1.1260000000000001,0.0,0.022917651,4.0
3.78243315316521,0.2747589612751848,4.0,578.501159010449,4.29935408432311,1.127,0.022925970326613507,1.127,0.0,0.022917651,4.0
3.7825064054950857,0.27687204659073156,4.0,579.4425560028051,4.297911892080619,1.1280000000000003,0.02292597030243283,1.1280000000000001,0.0,0.022917651,4.0
3.7825814463410063,0.27898765579059026,4.0,580.3777331600504,4.296474330099301,1.129,0.022925970278129558,1.129,0.0,0.022917651,4.0
3.7826582788451923,0.28110579330893704,4.0,581.3066795546481,4.295041406513994,1.1300000000000001,0.022925970253703493,1.1300000000000001,0.0,0.022917651,4.0
3.782736906157223,0.2832264635903392,4.0,582.2293842334485,4.293613129478605,1.131,0.0229259702291544,1.131,0.0,0.022917651,4.0
3.782817151275404,0.28534681476394114,4.0,583.1491888800081,4.29219164728134,1.1320000000000001,0.022925970205906678,1.1320000000000001,0.0,0.022917651,4.0
3.782899145284284,0.28746845874553684,4.0,584.06406287657,4.290775869320473,1.133,0.02292597018315606,1.133,0.0,0.022917651,4.0
3.7829829593067053,0.2895923968983665,4.0,584.9728025497924,4.289365077099621,1.1340000000000001,0.022925970160405443,1.1340000000000001,0.0,0.022917651,4.0
3.7830685977136724,0.2917186347321872,4.0,585.8753931672798,4.287959282592703,1.135,0.02292597013765483,1.135,0.0,0.022917651,4.0
3.783155954547006,0.2938469823568973,4.0,586.7724354054051,4.286558249870249,1.1360000000000003,0.022925970114375957,1.1360000000000001,0.0,0.022917651,4.0
3.78324478181928,0.2959769632867177,4.0,587.665289896743,4.285161459314648,1.1370000000000002,0.02292597008935165,1.137,0.0,0.022917651,4.0
3.7833354230880203,0.29810916236085955,4.0,588.5520294288988,4.283769706669214,1.1380000000000001,0.022925970064201964,1.1380000000000001,0.0,0.022917651,4.0
3.7834278821984855,0.30024358428128095,4.0,589.4326410395562,4.282383002613168,1.139,0.02292597003892663,1.139,0.0,0.022917651,4.0
3.783522163006809,0.30238023376324075,4.0,590.3071117297374,4.28100135785593,1.1400000000000003,0.022925970013525376,1.1400000000000001,0.0,0.022917651,4.0
3.783617920392827,0.30451856034939184,4.0,591.1774681062486,4.279623945639361,1.141,0.022925969989060237,1.141,0.0,0.022917651,4.0
3.783715369241117,0.3066588803686893,4.0,592.0424093484382,4.278251306959505,1.1420000000000001,0.022925969964962562,1.1420000000000001,0.0,0.022917651,4.0
3.7838146250731572,0.3088013729261525,4.0,592.9012605691038,4.276883723712872,1.143,0.022925969940901094,1.143,0.0,0.022917651,4.0
3.783915691077262,0.31094604185509367,4.0,593.7540110227734,4.275521204819466,1.1440000000000003,0.022925969916875906,1.1440000000000001,0.0,0.022917651,4.0
3.7840182697312863,0.3130924187541512,4.0,594.6013462298453,4.274163028726912,1.145,0.022925969892548387,1.145,0.0,0.022917651,4.0
3.784121785179529,0.31523957418163406,4.0,595.4445671500334,4.272807821623038,1.1460000000000001,0.02292596986733257,1.1460000000000001,0.0,0.022917651,4.0
3.784227067766411,0.3173887970081855,4.0,596.2817311615295,4.271457615590896,1.1469999999999998,0.022925969842199176,1.147,0.0,0.022917651,4.0
3.7843341201446283,0.31954009033723285,4.0,597.1128291721508,4.270112418137723,1.1480000000000001,0.022925969817148315,1.1480000000000001,0.0,0.022917651,4.0
3.784442944972192,0.3216934572784161,4.0,597.9378520715075,4.26877223678579,1.149,0.022925969792180118,1.149,0.0,0.022917651,4.0
3.78455308851258,0.3238453122894254,4.0,598.758549271116,4.267438842411105,1.1500000000000001,0.022925969768928904,1.1500000000000001,0.0,0.022917651,4.0
3.78466485757782,0.32599797985132434,4.0,599.5737101432486,4.266111137679524,1.151,0.022925969746178283,1.151,0.0,0.022917651,4.0
3.7847783899600165,0.32815251638521786,4.0,600.3828009834035,4.264788617266658,1.1520000000000001,0.022925969723427666,1.1520000000000001,0.0,0.022917651,4.0
3.784893688291876,0.3303089246815591,4.0,601.1858127287659,4.263471288912915,1.1530000000000002,0.02292596970067705,1.153,0.0,0.022917651,4.0
3.785010476618794,0.33246781001389786,4.0,601.9833770878007,4.262157442777838,1.154,0.022925969677463798,1.154,0.0,0.022917651,4.0
3.785128301729469,0.3346300655214721,4.0,602.7765379475976,4.260844371738014,1.155,0.022925969653072295,1.155,0.0,0.022917651,4.0
3.7852478243461047,0.3367942121000305,4.0,603.5637771797161,4.2595361996070515,1.156,0.022925969628621316,1.156,0.0,0.022917651,4.0
3.785369044644676,0.3389602499456147,4.0,604.3450941702824,4.258232926892803,1.157,0.022925969604110863,1.157,0.0,0.022917651,4.0
3.785491962801183,0.34112817925429156,4.0,605.1204883053365,4.256934554103191,1.158,0.022925969579540923,1.158,0.0,0.022917651,4.0
3.7856155857778644,0.3432969736527292,4.0,605.8922084767233,4.25563813786817,1.159,0.02292596955491092,1.159,0.0,0.022917651,4.0
3.7857404287560854,0.34546713810155566,4.0,606.6590845104946,4.254345232567016,1.1600000000000001,0.022925969530221926,1.16,0.0,0.022917651,4.0
3.785866902425099,0.3476390922019275,4.0,607.4201868991258,4.253057060333778,1.161,0.022925969505474337,1.161,0.0,0.022917651,4.0
3.7859950057212433,0.3498128347864935,4.0,608.1755194086385,4.25177361808118,1.1620000000000001,0.022925969480668197,1.162,0.0,0.022917651,4.0
3.786124684356634,0.35198849624946366,4.0,608.9251471992912,4.250494558198228,1.163,0.02292596945586688,1.163,0.0,0.022917651,4.0
3.7862544313292323,0.35416971685860443,4.0,609.6708410915127,4.249210210694924,1.164,0.022925969432841597,1.164,0.0,0.022917651,4.0
3.7863857202210363,0.35635277053994446,4.0,610.4109346571308,4.247930197907508,1.1650000000000003,0.02292596940981631,1.165,0.0,0.022917651,4.0
3.786518548261276,0.35853765399952237,4.0,611.1454379597175,4.246654512046661,1.166,0.02292596938679103,1.166,0.0,0.022917651,4.0
3.786652912685816,0.3607243639512662,4.0,611.8743610387472,4.245383145341714,1.167,0.022925969363765748,1.167,0.0,0.022917651,4.0
3.7867871824268335,0.36291551644291953,4.0,612.5973529772415,4.244106957758057,1.168,0.02292596934074046,1.168,0.0,0.022917651,4.0
3.78691699000708,0.365117931200651,4.0,613.3136962912358,4.242801660321752,1.1690000000000003,0.022925969317715178,1.169,0.0,0.022917651,4.0
3.787048020011887,0.36732232077180005,4.0,614.0248272731235,4.2414992777671445,1.1700000000000002,0.02292596929468989,1.17,0.0,0.022917651,4.0
3.787180266534205,0.36952867561359515,4.0,614.7307711101447,4.240199796008827,1.171,0.022925969271664612,1.171,0.0,0.022917651,4.0
3.7873137237049845,0.37173698624464796,4.0,615.431552827519,4.238903201051999,1.172,0.02292596924863933,1.172,0.0,0.022917651,4.0
3.787448385692865,0.3739472432444643,4.0,616.1271972897474,4.237609478991734,1.173,0.022925969225614042,1.173,0.0,0.022917651,4.0
3.7875766793410848,0.3760643200573755,4.0,616.8307654010373,4.236383461312136,1.174,0.02292596920258876,1.174,0.0,0.022917651,4.0
3.787705834751698,0.37817705599546636,4.0,617.5293122086111,4.235165231412621,1.175,0.022925969179563476,1.175,0.0,0.022917651,4.0
3.7878361611624416,0.3802892848195739,4.0,618.2222923081478,4.233952192582198,1.176,0.022925969156538193,1.176,0.0,0.022917651,4.0
3.7879676595064713,0.38240100612558653,4.0,618.9097012636093,4.2327443489575645,1.177,0.022925969133512913,1.177,0.0,0.022917651,4.0
3.7881056850028814,0.38454024340006765,4.0,619.5899378501206,4.231535098695593,1.178,0.022925969108878744,1.178,0.0,0.022917651,4.0
3.788254231620556,0.38672817282737426,4.0,620.2620215480931,4.230319242080854,1.179,0.02292596908142072,1.179,0.0,0.022917651,4.0
3.7884042313364596,0.38891746857038356,4.0,620.9287616444211,4.229107831569252,1.1800000000000002,0.022925969053856268,1.18,0.0,0.022917651,4.0
3.788555681580488,0.3911081282124833,4.0,621.5901675903743,4.227900859296927,1.181,0.022925969026185572,1.181,0.0,0.022917651,4.0
3.788708579788592,0.39330014934275503,4.0,622.2462488149466,4.22669831741856,1.182,0.022925968998408833,1.182,0.0,0.022917651,4.0
3.788862035528083,0.3954914947195001,4.0,622.8996620696048,4.225498681486966,1.183,0.02292596897256388,1.183,0.0,0.022917651,4.0
3.7890157714861887,0.39768153072484425,4.0,623.551227558179,4.224301475866576,1.184,0.02292596894926393,1.184,0.0,0.022917651,4.0
3.789170890810387,0.39987278895591516,4.0,624.1976548725421,4.223108581492043,1.1850000000000003,0.022925968925963977,1.185,0.0,0.022917651,4.0
3.7893273905900062,0.40206526684108607,4.0,624.8389548236768,4.221919989292283,1.186,0.022925968902664025,1.186,0.0,0.022917651,4.0
3.7894852679225326,0.4042589618159417,4.0,625.4751381922574,4.220735690221645,1.187,0.022925968879364076,1.187,0.0,0.022917651,4.0
3.789644102508276,0.40645236919806366,4.0,626.1084065722638,4.21955550696433,1.188,0.022925968856064127,1.188,0.0,0.022917651,4.0
3.7898037230891757,0.40864488269054117,4.0,626.739632709309,4.218379360449138,1.1890000000000003,0.022925968832764175,1.189,0.0,0.022917651,4.0
3.7899646843109056,0.4108385076744967,4.0,627.3658919107978,4.217207464940548,1.19,0.022925968809464223,1.19,0.0,0.022917651,4.0
3.7901269830609636,0.41303324156943383,4.0,627.9871957082306,4.216039810569202,1.1910000000000003,0.022925968786164277,1.191,0.0,0.022917651,4.0
3.7902906162364753,0.41522908180283624,4.0,628.6035555974387,4.214876387496263,1.192,0.02292596876286433,1.192,0.0,0.022917651,4.0
3.790454865468059,0.41742622670445034,4.0,629.2170607292932,4.213714123490163,1.1930000000000003,0.022925968739564376,1.193,0.0,0.022917651,4.0
3.790618901837585,0.4196248758152172,4.0,629.8301268823897,4.212549502940028,1.1940000000000002,0.022925968716264428,1.194,0.0,0.022917651,4.0
3.790784193399652,0.42182459749183837,4.0,630.4384955502562,4.211388830628059,1.195,0.02292596869296448,1.195,0.0,0.022917651,4.0
3.7909507364171082,0.4240253885409058,4.0,631.0421807189641,4.2102320947989575,1.1960000000000002,0.022925968669664527,1.196,0.0,0.022917651,4.0
3.791118527167624,0.426227245781678,4.0,631.6411963191188,4.209079283744047,1.197,0.022925968646364578,1.197,0.0,0.022917651,4.0
3.7912866118713064,0.4284300366346085,4.0,632.235891239854,4.2079267151743425,1.198,0.022925968623064626,1.198,0.0,0.022917651,4.0
3.791437257523544,0.43063136039942523,4.0,632.8323991115028,4.206705862405815,1.199,0.022925968599764677,1.199,0.0,0.022917651,4.0
3.7915888327314264,0.4328337331070541,4.0,633.4241316979557,4.205487678932211,1.2,0.022925968576464725,1.2,0.0,0.022917651,4.0
3.791606098333672,0.43463254741600527,4.0,634.2410202769207,4.204105545075827,1.201,0.02292596855701011,1.201,0.0,0.022917651,4.0
3.7916201855391836,0.4364309656383709,4.0,635.0617836240414,4.202711094228586,1.202,0.022925968537555488,1.202,0.0,0.022917651,4.0
3.791614254203348,0.4382266811100839,4.0,635.8918986991135,4.201239276917794,1.203,0.022925968518100873,1.203,0.0,0.022917651,4.0
3.7916074077608797,0.4400222773677367,4.0,636.7250006436302,4.199763918362611,1.2040000000000002,0.022925968498646258,1.204,0.0,0.022917651,4.0
3.7915996344855665,0.44181775288371644,4.0,637.5611277314473,4.1982849731854,1.205,0.022925968479191636,1.205,0.0,0.022917651,4.0
3.791590922449992,0.4436131061041974,4.0,638.4003188931479,4.196802395229905,1.2060000000000002,0.022925968459737017,1.206,0.0,0.022917651,4.0
3.791580460699763,0.4454084413899116,4.0,639.2449658828025,4.195312836048814,1.207,0.022925968440282406,1.207,0.0,0.022917651,4.0
3.79156713745312,0.44720386111469457,4.0,640.0983595046238,4.193811745800711,1.2080000000000002,0.022925968420827794,1.208,0.0,0.022917651,4.0
3.7915528364766393,0.4489990888816145,4.0,640.9549642422058,4.1923069366023835,1.2089999999999999,0.022925968401373172,1.209,0.0,0.022917651,4.0
3.791537545300258,0.45079412224242116,4.0,641.8148210504323,4.190798361021979,1.2100000000000002,0.022925968381918554,1.21,0.0,0.022917651,4.0
3.791521251240952,0.45258895870705473,4.0,642.6779715836174,4.189285970817599,1.211,0.02292596836246394,1.211,0.0,0.022917651,4.0
3.7915028847146868,0.4543799674132587,4.0,643.5496494782088,4.187769116439416,1.2120000000000002,0.02292596834300932,1.212,0.0,0.022917651,4.0
3.791483214427053,0.4561698572630664,4.0,644.4260224128532,4.186248165351188,1.213,0.022925968323554702,1.213,0.0,0.022917651,4.0
3.7914624944923947,0.4579595473709143,4.0,645.3058159154497,4.184723215422378,1.2140000000000002,0.022925968304100083,1.214,0.0,0.022917651,4.0
3.7914407112493786,0.45974903513712756,4.0,646.1890745052726,4.183194214607396,1.215,0.022925968284645465,1.215,0.0,0.022917651,4.0
3.7914164656344784,0.4615351883619026,4.0,647.0800470327309,4.181658699164419,1.2160000000000002,0.022925968268012242,1.216,0.0,0.022917651,4.0
3.791389793052498,0.4633181230580282,4.0,647.9786536946523,4.180116694760246,1.217,0.022925968254055774,1.217,0.0,0.022917651,4.0
3.7913620281396905,0.4651008864581614,4.0,648.8808558247453,4.178570492427487,1.2180000000000002,0.022925968240013576,1.218,0.0,0.022917651,4.0
3.791333156571887,0.4668834763160305,4.0,649.7867005718105,4.177020037117037,1.2190000000000003,0.022925968225884535,1.219,0.0,0.022917651,4.0
3.791310122616329,0.46870482539657865,4.0,650.697935216703,4.1754541734701025,1.2200000000000002,0.022925968209345716,1.22,0.0,0.022917651,4.0
3.7912951952291025,0.4705776830991802,4.0,651.6155517258284,4.173869227844224,1.221,0.02292596818961643,1.221,0.0,0.022917651,4.0
3.7912787743575045,0.4724483945945679,4.0,652.5374114737257,4.172280454321555,1.2220000000000002,0.022925968169887144,1.222,0.0,0.022917651,4.0
3.791260844056481,0.4743169369689505,4.0,653.4635597629597,4.17068781203389,1.223,0.022925968150157863,1.223,0.0,0.022917651,4.0
3.791237616251552,0.47609198916097034,4.0,654.3924874039152,4.169167469244201,1.2240000000000002,0.022925968130428576,1.224,0.0,0.022917651,4.0
3.791211753560618,0.47783463530052006,4.0,655.3247996501719,4.167668992847864,1.225,0.022925968110699288,1.225,0.0,0.022917651,4.0
3.79118460762549,0.4795775032655971,4.0,656.261039192874,4.166165161746881,1.2260000000000002,0.022925968090970007,1.226,0.0,0.022917651,4.0
3.791156158243225,0.4813205965485448,4.0,657.201267861984,4.164655891638678,1.227,0.022925968071240723,1.227,0.0,0.022917651,4.0
3.7911182396522034,0.48307270816363684,4.0,658.153959259607,4.163099726064536,1.2280000000000002,0.02292596805151144,1.228,0.0,0.022917651,4.0
3.7910728154244446,0.48483172807309605,4.0,659.1176432304596,4.161506629436724,1.229,0.022925968031782155,1.229,0.0,0.022917651,4.0
3.791026097570277,0.4865909431664121,4.0,660.0860956233975,4.159908163210591,1.23,0.022925968012052874,1.23,0.0,0.022917651,4.0
3.790978067330939,0.4883503562739299,4.0,661.0593855848877,4.158304249522069,1.231,0.02292596799232359,1.231,0.0,0.022917651,4.0
3.790924507073904,0.4901056666394183,4.0,662.0452406303275,4.15668231644274,1.2320000000000002,0.02292596797511938,1.232,0.0,0.022917651,4.0
3.79086923228139,0.49186014414301527,4.0,663.0367469040009,4.15505435776482,1.233,0.022925967958069875,1.233,0.0,0.022917651,4.0
3.790812569278614,0.4936141097573525,4.0,664.0333447370007,4.153421357982899,1.234,0.02292596794096406,1.234,0.0,0.022917651,4.0
3.7907527917247554,0.4953656744447486,4.0,665.0399783206212,4.151778304470969,1.235,0.022925967924373746,1.235,0.0,0.022917651,4.0
3.790690020639685,0.497115009547369,4.0,666.0564028894917,4.150125509876677,1.236,0.0229259679083154,1.236,0.0,0.022917651,4.0
3.7906258435369975,0.49886388728041425,4.0,667.0781303068969,4.148467548625058,1.237,0.022925967892270735,1.237,0.0,0.022917651,4.0
3.7905589671030437,0.5006121996210452,4.0,668.1089249090622,4.1467993537703975,1.2380000000000002,0.02292596787575192,1.238,0.0,0.022917651,4.0
3.790487359770192,0.5023596976342486,4.0,669.1547295172097,4.145113045227849,1.239,0.02292596785806268,1.239,0.0,0.022917651,4.0
3.7904142907014458,0.504106590660568,4.0,670.2061096844334,4.143421494708602,1.24,0.022925967840505233,1.24,0.0,0.022917651,4.0
3.7903394456573616,0.5058504354900263,4.0,671.2642417700882,4.141725890173352,1.2410000000000003,0.022925967822497423,1.241,0.0,0.022917651,4.0
3.790262207030176,0.5075863689758611,4.0,672.3314697905531,4.140028627923583,1.2420000000000002,0.022925967802768135,1.242,0.0,0.022917651,4.0
3.790183453942549,0.5093218373368289,4.0,673.4045287683364,4.13832577311193,1.2430000000000003,0.022925967783038854,1.243,0.0,0.022917651,4.0
3.7901022737625762,0.5110549108080167,4.0,674.4856715433958,4.136615602524157,1.244,0.02292596776330957,1.244,0.0,0.022917651,4.0
3.7900174923875736,0.5127830620061196,4.0,675.5778479890992,4.134895943734075,1.2450000000000003,0.022925967743580286,1.245,0.0,0.022917651,4.0
3.7899311762387935,0.5145107614434377,4.0,676.6760817811091,4.133170597524017,1.246,0.022925967723851005,1.246,0.0,0.022917651,4.0
3.789842414473043,0.5162353048926531,4.0,677.7843540932308,4.131438626681045,1.2470000000000003,0.02292596770649381,1.247,0.0,0.022917651,4.0
3.789751011812332,0.5179560646628295,4.0,678.9035363871384,4.129699878184479,1.248,0.022925967691889478,1.248,0.0,0.022917651,4.0
3.7896580273168365,0.5196762688801594,4.0,680.028990393539,4.127955357812862,1.249,0.022925967677130052,1.249,0.0,0.022917651,4.0
3.7895600876391287,0.521392655624084,4.0,681.1632811010767,4.126194835125711,1.25,0.0229259676586672,1.25,0.0,0.022917651,4.0
3.7894589551456197,0.5231071271467844,4.0,682.3049529045952,4.124423456868009,1.2510000000000003,0.02292596763866325,1.2510000000000001,0.0,0.022917651,4.0
3.789356080836418,0.524820186194265,4.0,683.4535521956119,4.122646523726454,1.252,0.022925967619094687,1.252,0.0,0.022917651,4.0
3.789252030213081,0.526523374062247,4.0,684.6143636031042,4.120874755000781,1.2530000000000001,0.022925967604067628,1.2530000000000001,0.0,0.022917651,4.0
3.789146051360139,0.5282262656917878,4.0,685.7817292335283,4.119095569695474,1.254,0.02292596758887831,1.254,0.0,0.022917651,4.0
3.7890356841240176,0.529928273167524,4.0,686.9611423469908,4.117299713893147,1.2550000000000001,0.022925967571007448,1.2550000000000001,0.0,0.022917651,4.0
3.7889210920050758,0.5316292878269591,4.0,688.152390689752,4.115487950088303,1.256,0.022925967550728836,1.256,0.0,0.022917651,4.0
3.7888043827071813,0.5333294889475738,4.0,689.3511047574622,4.1136685308116085,1.2570000000000001,0.022925967530580918,1.2570000000000001,0.0,0.022917651,4.0
3.7886836239595714,0.5350251942678814,4.0,690.5642918372937,4.111837408606861,1.258,0.022925967512032276,1.258,0.0,0.022917651,4.0
3.788560870222451,0.5367203687594378,4.0,691.7845034770729,4.109998837475291,1.2590000000000001,0.022925967493417364,1.2590000000000001,0.0,0.022917651,4.0
3.7884347221528696,0.5384183527230004,4.0,693.0282092246475,4.108143879775637,1.26,0.022925967475727078,1.26,0.0,0.022917651,4.0
3.7883059896088676,0.5401175340534817,4.0,694.286208940484,4.106277386771199,1.2610000000000001,0.022925967458316807,1.2610000000000001,0.0,0.022917651,4.0
3.788173929131954,0.541807803837926,4.0,695.5594312106766,4.104406496669289,1.262,0.022925967444808674,1.262,0.0,0.022917651,4.0
3.7880380688229796,0.5434858976229401,4.0,696.8505669200449,4.102532587457971,1.2630000000000001,0.022925967436661237,1.2630000000000001,0.0,0.022917651,4.0
3.7878997334587337,0.5451623211446209,4.0,698.1521841920244,4.100650446642639,1.264,0.022925967425970223,1.264,0.0,0.022917651,4.0
3.7877581728884744,0.5468346858622299,4.0,699.4692581239108,4.098759457644186,1.2650000000000001,0.02292596740592518,1.2650000000000001,0.0,0.022917651,4.0
3.7876143133958924,0.5485060106205409,4.0,700.7956306200107,4.096860313136904,1.2660000000000002,0.022925967386090772,1.266,0.0,0.022917651,4.0
3.7874668830088836,0.5501719531260315,4.0,702.1381536269745,4.094952273495527,1.2670000000000001,0.022925967369307892,1.2670000000000001,0.0,0.022917651,4.0
3.7873172120415326,0.5518371750822519,4.0,703.4896242115534,4.0930359922232675,1.268,0.02292596735232958,1.268,0.0,0.022917651,4.0
3.787163852975621,0.5534974658195294,4.0,704.8580811935175,4.091109886529102,1.2690000000000001,0.02292596733563767,1.2690000000000001,0.0,0.022917651,4.0
3.7870081679377683,0.5551569645471188,4.0,706.2359225650162,4.089175268819036,1.27,0.022925967318730485,1.27,0.0,0.022917651,4.0
3.7868497150569485,0.5568113002121599,4.0,707.6283805144806,4.087234742648148,1.2710000000000004,0.02292596729832305,1.2710000000000001,0.0,0.022917651,4.0
3.7866888746140175,0.5584646206606421,4.0,709.0306967342563,4.085285681738753,1.272,0.02292596727763667,1.272,0.0,0.022917651,4.0
3.7865308685769214,0.5601140440825657,4.0,710.4451764435498,4.083351857051404,1.2730000000000001,0.02292596727079154,1.2730000000000001,0.0,0.022917651,4.0
3.7863705104205114,0.5617624661755931,4.0,711.869562396011,4.081409625253142,1.274,0.022925967265046258,1.274,0.0,0.022917651,4.0
3.786200028900338,0.5633996295083782,4.0,713.3173870146485,4.079438158767922,1.2750000000000001,0.02292596724962855,1.2750000000000001,0.0,0.022917651,4.0
3.7860263405637076,0.5650357562491557,4.0,714.7763633151426,4.077454901235933,1.2760000000000002,0.022925967232946407,1.276,0.0,0.022917651,4.0
3.785841398396674,0.566674381481558,4.0,716.2554148737388,4.075424117932533,1.2770000000000001,0.022925967211354085,1.2770000000000001,0.0,0.022917651,4.0
3.785653137987445,0.5683115568033623,4.0,717.7455942540162,4.073381515374657,1.278,0.022925967193651847,1.278,0.0,0.022917651,4.0
3.785459114715028,0.5699450781841814,4.0,719.2499316384686,4.071319529140249,1.2790000000000001,0.022925967190155504,1.2790000000000001,0.0,0.022917651,4.0
3.7852612847111597,0.5715805730026162,4.0,720.7835275405067,4.0692403386821745,1.2800000000000002,0.022925967179893158,1.28,0.0,0.022917651,4.0
3.7850594251166285,0.5732185859989452,4.0,722.3497295915856,4.067142507140904,1.281,0.02292596716181126,1.281,0.0,0.022917651,4.0
3.7848533917253016,0.5748436651027128,4.0,723.9448380376779,4.065040915222314,1.282,0.022925967142783454,1.282,0.0,0.022917651,4.0
3.7846441624528353,0.5764642844613285,4.0,725.5581252660863,4.06293100035019,1.2829999999999997,0.02292596712481802,1.283,0.0,0.022917651,4.0
3.784432207653454,0.5780837777156463,4.0,727.1904420121195,4.0608113137227955,1.284,0.022925967119091315,1.284,0.0,0.022917651,4.0
3.784217360645701,0.5797026126279775,4.0,728.8387768397283,4.058680712313698,1.285,0.022925967114337902,1.285,0.0,0.022917651,4.0
3.7839996084920453,0.5813209047971932,4.0,730.5035981337217,4.056539027816987,1.286,0.022925967110094956,1.286,0.0,0.022917651,4.0
3.783779798120331,0.5829387862305754,4.0,732.1861696029538,4.054389518465095,1.2869999999999997,0.02292596709448696,1.287,0.0,0.022917651,4.0
3.783557298236787,0.5845565276218954,4.0,733.8846988957096,4.052229394380419,1.288,0.022925967080117026,1.288,0.0,0.022917651,4.0
3.7833321185091657,0.586174960850725,4.0,735.601901954827,4.050057868641026,1.289,0.022925967074302323,1.289,0.0,0.022917651,4.0
3.7831040838560046,0.5877966025016178,4.0,737.3431227585423,4.047871718126055,1.29,0.022925967059984825,1.29,0.0,0.022917651,4.0
3.7828735880324214,0.5894200003986532,4.0,739.1027604529725,4.04567396566009,1.291,0.022925967043338637,1.291,0.0,0.022917651,4.0
3.7826417962195085,0.5910474328928659,4.0,740.8805411969314,4.043466981181139,1.292,0.022925967038474087,1.292,0.0,0.022917651,4.0
3.7824097459599995,0.5926798506093442,4.0,742.6964108911156,4.041253981061427,1.2929999999999997,0.022925967033300194,1.293,0.0,0.022917651,4.0
3.782176449334661,0.5943156574231785,4.0,744.5447137356233,4.0390326085159725,1.294,0.02292596702792304,1.294,0.0,0.022917651,4.0
3.781938255345001,0.5959478053305055,4.0,746.45283295755,4.036795306799327,1.295,0.022925967023179557,1.295,0.0,0.022917651,4.0
3.7816984037421606,0.5975923319749217,4.0,748.3796409336276,4.0345389980365365,1.296,0.022925967016546037,1.296,0.0,0.022917651,4.0
3.7814561201343158,0.599247244249359,4.0,750.3242311773373,4.032262575858045,1.297,0.022925967008917855,1.297,0.0,0.022917651,4.0
3.7812028934414594,0.6009108793932649,4.0,752.2872394450077,4.029933640808055,1.298,0.022925967004974485,1.298,0.0,0.022917651,4.0
3.7809493007321695,0.602592288403286,4.0,754.2712742853945,4.027585483328791,1.299,0.022925966999154074,1.299,0.0,0.022917651,4.0
3.780695813575929,0.6042911271999692,4.0,756.2753740503603,4.02522032457041,1.3,0.022925966992150333,1.3,0.0,0.022917651,4.0
3.7805246493676394,0.6058501046766239,4.0,757.8597813508029,4.023298535314971,1.3010000000000002,0.02292596702215784,1.301,0.0,0.022917651,4.0
3.7803541256453235,0.6074186556481166,4.0,759.4532816406636,4.02136973553275,1.302,0.02292596705647084,1.302,0.0,0.022917651,4.0
3.7801851987682213,0.6090016085551754,4.0,761.0566156267323,4.019432922768019,1.303,0.022925967097479075,1.303,0.0,0.022917651,4.0
3.780018525465358,0.6106082733871018,4.0,762.6946901287382,4.017481414084888,1.304,0.022925967133690193,1.304,0.0,0.022917651,4.0
3.7798540906320413,0.6122386172145047,4.0,764.3668170117978,4.015515181898231,1.3050000000000002,0.02292596716500455,1.305,0.0,0.022917651,4.0
3.7796937228122047,0.6138964979984564,4.0,766.0611101120919,4.013537671419793,1.306,0.022925967194289323,1.306,0.0,0.022917651,4.0
3.77953594314411,0.6155748584717042,4.0,767.7734604737706,4.011550027267856,1.3070000000000002,0.02292596722207132,1.307,0.0,0.022917651,4.0
3.7793846453157562,0.6172925157361022,4.0,769.5008891174506,4.009549022594064,1.308,0.022925967249386368,1.308,0.0,0.022917651,4.0
3.7792366977321925,0.6190345322474343,4.0,771.240855969853,4.007537064813312,1.3090000000000002,0.022925967276340813,1.309,0.0,0.022917651,4.0
3.779096463172733,0.6208292643877555,4.0,772.9983829347563,4.005503247043826,1.3100000000000003,0.02292596730288976,1.31,0.0,0.022917651,4.0
3.7789602691585857,0.6226561524834294,4.0,774.7700916026108,4.003453437685311,1.3110000000000002,0.02292596732911601,1.311,0.0,0.022917651,4.0
3.7788354811205243,0.6245570949038439,4.0,776.5725175073951,4.001375193048106,1.312,0.022925967347855236,1.312,0.0,0.022917651,4.0
3.7787177192060297,0.6265072763377394,4.0,778.3979729266981,3.9992758107247117,1.3130000000000002,0.022925967361828087,1.313,0.0,0.022917651,4.0
3.778615909640643,0.6285548537416197,4.0,780.2780690355498,3.997142836883165,1.314,0.022925967375794325,1.314,0.0,0.022917651,4.0
3.7785261538227224,0.6306782032585427,4.0,782.2014407811761,3.994982301982878,1.315,0.022925967389755605,1.315,0.0,0.022917651,4.0
3.7784564385110455,0.6329177320056716,4.0,784.1497557207665,3.992785756377935,1.3160000000000005,0.02292596740371689,1.316,0.0,0.022917651,4.0
3.778403346458656,0.6352550002936715,4.0,786.1212646760608,3.9905579699179428,1.317,0.022925967417678172,1.317,0.0,0.022917651,4.0
3.7783806582073702,0.637761417113996,4.0,788.1277832884089,3.9882826448750324,1.3180000000000003,0.02292596743163946,1.318,0.0,0.022917651,4.0
3.778374304074723,0.640362315993889,4.0,790.159013064733,3.9859781714365847,1.3190000000000002,0.022925967445600742,1.319,0.0,0.022917651,4.0
3.7784312642203903,0.6433060083724811,4.0,792.4404727248292,3.9835841809041956,1.3200000000000003,0.022925967459562022,1.32,0.0,0.022917651,4.0
3.77853648468998,0.6464866714121678,4.0,794.9582806147578,3.9811462438441914,1.3210000000000002,0.02292596747352331,1.321,0.0,0.022917651,4.0
3.7787100567167604,0.6500101501115799,4.0,797.7819805131268,3.978638900419007,1.322,0.022925967487484593,1.322,0.0,0.022917651,4.0
3.7789688035372366,0.6539598635022057,4.0,800.9698744544189,3.9760460104218933,1.323,0.022925967501445876,1.323,0.0,0.022917651,4.0
3.7793517303748168,0.6585217509226673,4.0,804.6720631519449,3.973337679642446,1.324,0.02292596751540716,1.324,0.0,0.022917651,4.0
3.779905079754359,0.6639466941071346,4.0,809.0616486360346,3.9704479902867553,1.3250000000000002,0.02292596752936844,1.325,0.0,0.022917651,4.0
3.780709995667241,0.6706448605735571,4.0,814.4896204268728,3.967291333466573,1.3260000000000003,0.022925967543329723,1.326,0.0,0.022917651,4.0
3.781853816339182,0.6791947087981601,4.0,821.3781084196926,3.9636386176665717,1.327,0.022925967557291014,1.327,0.0,0.022917651,4.0
3.783673780736391,0.6912750875245176,4.0,831.0747472923849,3.959159946853072,1.328,0.022925967571252294,1.328,0.0,0.022917651,4.0
3.7868805076961993,0.7113493683192302,4.0,846.7939735036524,3.952234409350243,1.329,0.02292596758521357,1.329,0.0,0.022917651,4.0
3.7946943850950245,0.7652422332409891,4.0,875.8358332900866,3.9299188981793325,1.33,0.022925967599174854,1.33,0.0,0.022917651,4.0
3.787678804015936,0.792115813058828,4.0,881.5153462786355,3.875304851599261,1.331,0.022925967613136145,1.331,0.0,0.022917651,4.0
3.7837229294533845,0.7953257021376355,4.0,886.1945582520257,3.856593302850289,1.3319999999999999,0.022925967627097428,1.332,0.0,0.022917651,4.0
3.781280009472431,0.7970828416526754,4.0,890.9527429846146,3.8453863413755096,1.3330000000000002,0.02292596764562172,1.333,0.0,0.022917651,4.0
3.779052210566025,0.7982128903143422,4.0,895.7972392364343,3.835666935877378,1.3340000000000003,0.02292596774166502,1.334,0.0,0.022917651,4.0
3.7767991348741248,0.7987544180594852,4.0,900.7479059282214,3.82643494745325,1.3350000000000002,0.022925968063739727,1.335,0.0,0.022917651,4.0
3.7744291918915804,0.7986069295781445,4.0,905.7715541113253,3.817424514038041,1.3360000000000003,0.022925968704091217,1.336,0.0,0.022917651,4.0
3.7718331318975853,0.7976242110184056,4.0,910.847888739319,3.8083448486954325,1.337,0.02292596995604995,1.337,0.0,0.022917651,4.0
3.768930050116187,0.7955108835157495,4.0,915.9368629029207,3.7991677001342006,1.3380000000000003,0.022925973405575322,1.338,0.0,0.022917651,4.0
3.7656498586965594,0.7918736292931642,4.0,921.014821548971,3.790006021928292,1.339,0.022925979973851675,1.339,0.0,0.022917651,4.0
3.761898692346654,0.7862593851197142,4.0,926.0507978384958,3.780937451545642,1.3400000000000003,0.022925995639216115,1.34,0.0,0.022917651,4.0
3.7576198554774423,0.7781312107166337,4.0,931.0063100509126,3.772272126121932,1.3409999999999997,0.02292603847542977,1.341,0.0,0.022917651,4.0
3.7528150180435897,0.7671355709027777,4.0,935.8450985781141,3.76437026141825,1.342,0.022926163324193838,1.342,0.0,0.022917651,4.0
3.747518981740867,0.7531031925125665,4.0,940.5232267730458,3.7575403371439045,1.343,0.022926552092329456,1.343,0.0,0.022917651,4.0
3.7419160267110545,0.7366612092761808,4.0,944.9914933691374,3.7518923428388264,1.3440000000000003,0.02292784419223785,1.344,0.0,0.022917651,4.0
3.736298051163403,0.7194422822019249,4.0,949.2030639780804,3.746961218204239,1.345,0.022932454690068434,1.345,0.0,0.022917651,4.0
3.7308429452781087,0.7031550459185671,4.0,953.1931705825307,3.741749885824266,1.346,0.022945981979352638,1.346,0.0,0.022917651,4.0
3.725672634517846,0.6888628638108691,4.0,957.0528610850143,3.735682672201738,1.347,0.022970759648886546,1.347,0.0,0.022917651,4.0
3.7209451993645746,0.6775321964499714,4.0,960.8171913089802,3.728425432875529,1.348,0.023006437239802766,1.348,0.0,0.022917651,4.0
3.716788942751104,0.6699105145495744,4.0,964.4987170840772,3.719743951649108,1.349,0.023055864951035725,1.349,0.0,0.022917651,4.0
3.7131987931319745,0.6660146843277661,4.0,968.1208988192295,3.7096010242968784,1.35,0.023118276133754164,1.35,0.0,0.022917651,4.0
3.710018691854785,0.6652742477611009,4.0,971.7293940411308,3.6979429055801174,1.351,0.023201769427147086,1.351,0.0,0.022917651,4.0
3.707169352430635,0.6674658508395386,4.0,975.3712210492674,3.6846757735749143,1.352,0.023313073666605053,1.352,0.0,0.022917651,4.0
3.704563426841984,0.6721774622920372,4.0,979.0903242891987,3.66986231881025,1.3530000000000002,0.02344852378621855,1.353,0.0,0.022917651,4.0
3.702153645323021,0.6793698748280212,4.0,982.9215517950744,3.653352620497014,1.354,0.023616198809760965,1.354,0.0,0.022917651,4.0
3.6999759588443935,0.689179820895776,4.0,986.8910674274457,3.6351537886490153,1.355,0.023818408739447218,1.355,0.0,0.022917651,4.0
3.6980610193663184,0.7014367371303274,4.0,991.0190695369155,3.6155589617998776,1.3560000000000003,0.024059995609792977,1.356,0.0,0.022917651,4.0
3.6964249845733947,0.7155491431558126,4.0,995.3198956338163,3.5952242633127685,1.357,0.024342358015093747,1.357,0.0,0.022917651,4.0
3.6950749195079466,0.7309172790829489,4.0,999.8167442776626,3.5747777098006064,1.358,0.024662896914271017,1.358,0.0,0.022917651,4.0
3.693951690627551,0.7468542394946142,4.0,1004.5396216372292,3.5546696684523074,1.3589999999999998,0.025009100320632426,1.359,0.0,0.022917651,4.0
3.692995379614977,0.7630870320305989,4.0,1009.4934331454159,3.534933483627215,1.3600000000000003,0.02534398854520322,1.36,0.0,0.022917651,4.0
3.6920653430393378,0.7803377997768601,4.0,1014.6802754323186,3.514284419985368,1.3610000000000002,0.025772272290906745,1.361,0.0,0.022917651,4.0
3.6910319878716757,0.8001439789069043,4.0,1020.1300512968306,3.490666661647216,1.362,0.02632683975652238,1.362,0.0,0.022917651,4.0
3.6900138560629614,0.8218197284373978,4.0,1025.9066706439585,3.465240236778155,1.363,0.026937541035830313,1.363,0.0,0.022917651,4.0
3.6890854089169105,0.8437893423072157,4.0,1032.0661030289639,3.4398786955787006,1.364,0.027570857693747515,1.364,0.0,0.022917651,4.0
3.688223716652851,0.8662612635069391,4.0,1038.62819869489,3.4142818398589916,1.3650000000000002,0.02827818968909506,1.365,0.0,0.022917651,4.0
3.6873641766400542,0.8896999952433133,4.0,1045.6232291380802,3.3877267964757674,1.366,0.028976707357570353,1.366,0.0,0.022917651,4.0
3.686496874623787,0.914217262804318,4.0,1053.0951110530339,3.3600621546754086,1.367,0.029661151798777752,1.367,0.0,0.022917651,4.0
3.685601524388536,0.9399651930604737,4.0,1061.107323545591,3.3310546757496335,1.368,0.030375754818132615,1.368,0.0,0.022917651,4.0
3.6846541924934364,0.9669444379613742,4.0,1069.7098811811684,3.3006079559732515,1.369,0.031047647629099905,1.369,0.0,0.022917651,4.0
3.683644428774764,0.9954168634510755,4.0,1078.9761083299252,3.2684183179113524,1.37,0.031681227447528805,1.37,0.0,0.022917651,4.0
3.682550819205799,1.025519668221101,4.0,1088.9891320701288,3.2342629285703204,1.3710000000000002,0.03227678393624405,1.371,0.0,0.022917651,4.0
3.6813306499427485,1.0574931578407096,4.0,1099.8550657321946,3.197730607494246,1.3720000000000003,0.03282795418041724,1.372,0.0,0.022917651,4.0
3.6800092099575537,1.0917028097559065,4.0,1111.7043442879155,3.1585570383354864,1.373,0.03326518905256515,1.373,0.0,0.022917651,4.0
3.6785463290445386,1.1283853134456987,4.0,1124.727315200929,3.1163448647131373,1.3740000000000003,0.03368088168164298,1.374,0.0,0.022917651,4.0
3.676882679042412,1.1679762934622964,4.0,1139.1200205173507,3.0704211199032607,1.375,0.03399159002854008,1.375,0.0,0.022917651,4.0
3.6750193122718557,1.2110365560853735,4.0,1155.1574308836762,3.0202292357313993,1.3760000000000001,0.034268692580512274,1.3760000000000001,0.0,0.022917651,4.0
3.672900114528246,1.258224180304157,4.0,1173.1760810634485,2.9648866874766218,1.377,0.03448329269893502,1.377,0.0,0.022917651,4.0
3.670425059026642,1.3104254244399496,4.0,1193.6606990307957,2.903107048561926,1.3780000000000001,0.03462266504772742,1.3780000000000001,0.0,0.022917651,4.0
3.6675471041288454,1.3690352978512252,4.0,1217.9693661306535,2.8333072157001093,1.379,0.03469169904653235,1.379,0.0,0.022917651,4.0
3.664228869499875,1.43357189351074,4.0,1249.3388496086188,2.7558195234817746,1.3800000000000003,0.03470784113575068,1.3800000000000001,0.0,0.022917651,4.0
3.660389033507982,1.505889870554631,4.0,1289.4670393943,2.668464044543181,1.381,0.0347031601409258,1.381,0.0,0.022917651,4.0
3.655484585584001,1.5935398677623254,4.0,1342.9779173063869,2.5615181108337914,1.3820000000000001,0.03469847914610093,1.3820000000000001,0.0,0.022917651,4.0
3.649653428930237,1.6934579028285175,4.0,1417.5566320000078,2.4385972789108807,1.383,0.034693798151276045,1.383,0.0,0.022917651,4.0
3.6485989611869996,1.7173486348492213,4.0,1518.8879820884738,2.410810543894872,1.3840000000000001,0.03468911715645116,1.3840000000000001,0.0,0.022917651,4.0
3.6433038680861647,1.8053312851947352,4.0,1650.4639753374536,2.30196936301112,1.385,0.03468443616162629,1.385,0.0,0.022917651,4.0
3.6329362633957043,1.9651578962797376,4.0,1859.7075975748428,2.100994171113345,1.3860000000000001,0.03467975516680141,1.3860000000000001,0.0,0.022917651,4.0
3.6173658293531035,2.191473409021141,4.0,2246.0229167292673,1.812718764747581,1.3869999999999998,0.03467507417197653,1.387,0.0,0.022917651,4.0
3.588354526927582,2.5790151621796227,4.0,3264.7248208735514,1.3094536629661166,1.3880000000000003,0.034670393177151655,1.3880000000000001,0.0,0.022917651,4.0
