log_Teff,LogL_lsun,Age_gyr,Step,Log_g,Mass_msun,feh,Mass_input,Metallicity_input,Z_used,Age_input
3.5405089486578714,-1.9410082993766982,3.0,290.66096596067797,4.972950197804002,0.3,0.024585784779279248,0.3,0.0,0.022917651,3.0
3.5406667843035002,-1.938383929469212,3.0,290.67744931266526,4.9722065586514175,0.301,0.024582203563256057,0.301,0.0,0.022917651,3.0
3.540824505526698,-1.9357571282176786,3.0,290.69518837503216,4.971460030456689,0.302,0.024578582460747112,0.302,0.0,0.022917651,3.0
3.540982109378321,-1.9331278329562978,3.0,290.7142155126327,4.970710538757242,0.30299999999999994,0.02457492044371257,0.303,0.0,0.022917651,3.0
3.541139598691864,-1.9304976686680932,3.0,290.7331526455321,4.969959719747453,0.30400000000000005,0.02457115462602574,0.304,0.0,0.022917651,3.0
3.5412970312485874,-1.9278815293049518,3.0,290.73963333960086,4.969222697442749,0.305,0.024566740046643918,0.305,0.0,0.022917651,3.0
3.5414543549773283,-1.9252631119967405,3.0,290.7473377108532,4.96848296188322,0.30600000000000005,0.02456227262365225,0.306,0.0,0.022917651,3.0
3.5416115671397908,-1.9226423594265516,3.0,290.756296549053,4.967740444798843,0.307,0.024557751027417172,0.307,0.0,0.022917651,3.0
3.541768664905038,-1.9200192123382964,3.0,290.7665416856636,4.9669950756098284,0.308,0.024553173883320054,0.308,0.0,0.022917651,3.0
3.541925645345536,-1.917393609453992,3.0,290.7781060382781,4.966246781328126,0.309,0.024548539769838583,0.309,0.0,0.022917651,3.0
3.5420825054330023,-1.9147654873867856,3.0,290.79102365734275,4.965495486453804,0.30999999999999994,0.024543847216528965,0.31,0.0,0.022917651,3.0
3.5422392420340314,-1.9121347805494435,3.0,290.80532977531414,4.964741112866072,0.311,0.02453909470190318,0.311,0.0,0.022917651,3.0
3.5423958519054923,-1.9095014210580397,3.0,290.8210608583972,4.96398357970855,0.312,0.024534280651194663,0.312,0.0,0.022917651,3.0
3.5425523316896883,-1.9068653386305356,3.0,290.8382546610261,4.963222803268473,0.313,0.024529403434005625,0.313,0.0,0.022917651,3.0
3.5427086779092467,-1.9042264604799408,3.0,290.85695028325637,4.962458696849435,0.314,0.02452446136182857,0.314,0.0,0.022917651,3.0
3.542864886961744,-1.9015847112017097,3.0,290.87718823125454,4.961691170637264,0.31499999999999995,0.024519452685434148,0.315,0.0,0.022917651,3.0
3.5430209551140295,-1.8989400126550093,3.0,290.89901048107896,4.960920131558606,0.316,0.02451437559211678,0.316,0.0,0.022917651,3.0
3.5431768784962454,-1.8962922838374623,3.0,290.9224605459647,4.960145483131725,0.317,0.024509228202789026,0.317,0.0,0.022917651,3.0
3.543332653095509,-1.8936414407529516,3.0,290.94758354733915,4.9593671253090506,0.318,0.02450400856891485,0.318,0.0,0.022917651,3.0
3.5434882747492407,-1.890987396272023,3.0,290.97442628981,4.958584954310902,0.319,0.02449871466927128,0.319,0.0,0.022917651,3.0
3.5436437391381266,-1.888330059984404,3.0,291.0030373403898,4.957798862449827,0.32,0.02449334440652717,0.32,0.0,0.022917651,3.0
3.543799041778659,-1.8856693380431166,3.0,291.03346711223736,4.957008737944916,0.32099999999999995,0.024487895603626908,0.321,0.0,0.022917651,3.0
3.5439541780152695,-1.8830051329996111,3.0,291.0657679532198,4.956214464725438,0.322,0.02448236599996589,0.322,0.0,0.022917651,3.0
3.5441088490392323,-1.8803641436052276,3.0,291.0960359933605,4.955441547110107,0.323,0.024475908916974484,0.323,0.0,0.022917651,3.0
3.5442633722822907,-1.877720152684476,3.0,291.127646660352,4.9546650368391365,0.32400000000000007,0.02446935602385512,0.324,0.0,0.022917651,3.0
3.5444177438995834,-1.8750730545678924,3.0,291.16064031630276,4.953884812862785,0.325,0.024462705367086904,0.325,0.0,0.022917651,3.0
3.5445719596406313,-1.8724227621523553,3.0,291.19505573014237,4.953100771075821,0.32600000000000007,0.02445595420608976,0.326,0.0,0.022917651,3.0
3.544726015094583,-1.8697691850483855,3.0,291.2309331335325,4.95231280344518,0.327,0.024449099696882876,0.327,0.0,0.022917651,3.0
3.5448799056825857,-1.867112229423679,3.0,291.2683142905095,4.951520797822946,0.328,0.024442138887161714,0.328,0.0,0.022917651,3.0
3.5450336266497064,-1.8644517978376174,3.0,291.3072425711433,4.950724637748567,0.329,0.024435068711091048,0.329,0.0,0.022917651,3.0
3.545187173056385,-1.8617877890661347,3.0,291.3477630294867,4.9499242022395284,0.33,0.024427885983794678,0.33,0.0,0.022917651,3.0
3.545340539769391,-1.859120097916288,3.0,291.38992248610947,4.949119365569736,0.33100000000000007,0.024420587395521144,0.331,0.0,0.022917651,3.0
3.545493721452228,-1.856448615029813,3.0,291.43376961553366,4.9483099970347215,0.33199999999999996,0.02441316950546287,0.332,0.0,0.022917651,3.0
3.545646712554982,-1.8537732266748936,3.0,291.47935503891523,4.9474959607027715,0.333,0.02440562873520451,0.333,0.0,0.022917651,3.0
3.54579950730354,-1.8510938145253184,3.0,291.52673142234124,4.946677115150973,0.3340000000000001,0.024397961361774318,0.334,0.0,0.022917651,3.0
3.5459520996881526,-1.848410255426111,3.0,291.5759535811432,4.945853313185094,0.3350000000000001,0.02439016351027017,0.335,0.0,0.022917651,3.0
3.54610448345129,-1.8457224211446766,3.0,291.62707859066364,4.9450244015421605,0.336,0.024382231146029543,0.336,0.0,0.022917651,3.0
3.546256652074743,-1.8430301781063831,3.0,291.68016590394245,4.944190220574422,0.3370000000000001,0.02437416006631019,0.337,0.0,0.022917651,3.0
3.5464090410660543,-1.8403712559328662,3.0,291.73349523443557,4.943390241313724,0.338,0.024364967565810657,0.338,0.0,0.022917651,3.0
3.546561276134457,-1.8377090554788333,3.0,291.7880429768498,4.942586368081572,0.339,0.024355612032794915,0.339,0.0,0.022917651,3.0
3.5467133479183843,-1.8350430430488034,3.0,291.84386153311596,4.941778029743545,0.34,0.024346099962077948,0.34,0.0,0.022917651,3.0
3.546865251483769,-1.832373103453974,3.0,291.9009893041907,4.940965091374821,0.341,0.02433642662346466,0.341,0.0,0.022917651,3.0
3.5470169816957258,-1.8296991168173484,3.0,291.9594662539533,4.940147412559119,0.342,0.02432658709424053,0.342,0.0,0.022917651,3.0
3.5471685332082346,-1.8270209583327697,3.0,292.0193339895368,4.939324847106455,0.3430000000000001,0.02431657624927652,0.343,0.0,0.022917651,3.0
3.5473199004531684,-1.8243384980089394,3.0,292.08063584666587,4.938497242753307,0.344,0.024306388750517247,0.34400000000000003,0.0,0.022917651,3.0
3.5474710776286447,-1.8216516003973189,3.0,292.1434169803678,4.9376644408438795,0.3450000000000001,0.02429601903580729,0.34500000000000003,0.0,0.022917651,3.0
3.5476220586866214,-1.8189601243027098,3.0,292.2077244614566,4.936826275991113,0.3460000000000001,0.024285461307006338,0.34600000000000003,0.0,0.022917651,3.0
3.5477728373197093,-1.8162639224752226,3.0,292.27360737922334,4.935982575715867,0.34700000000000003,0.02427470951733991,0.34700000000000003,0.0,0.022917651,3.0
3.5479234069471146,-1.8135628412822151,3.0,292.3411169508032,4.935133160062648,0.3480000000000001,0.024263757357927577,0.34800000000000003,0.0,0.022917651,3.0
3.548073760699666,-1.810856720358666,3.0,292.410306637732,4.934277841190085,0.3490000000000001,0.024252598243425745,0.34900000000000003,0.0,0.022917651,3.0
3.54822389140384,-1.8081453922343134,3.0,292.4812322702477,4.933416422934185,0.35000000000000003,0.024241225296716132,0.35000000000000003,0.0,0.022917651,3.0
3.548374490071278,-1.8054860545450504,3.0,292.5428272543378,4.932608867213409,0.35100000000000003,0.024228063368279103,0.35100000000000003,0.0,0.022917651,3.0
3.548525089170543,-1.8028350553210453,3.0,292.60267888347005,4.931809651771022,0.35200000000000004,0.024214332125354857,0.352,0.0,0.022917651,3.0
3.54867555450536,-1.8001810649357501,3.0,292.6628985206027,4.93100691015171,0.35300000000000004,0.02420033600043479,0.353,0.0,0.022917651,3.0
3.548825882676176,-1.7975240073703944,3.0,292.72349551846327,4.930200552739566,0.35400000000000004,0.02418606826168403,0.354,0.0,0.022917651,3.0
3.548976070167258,-1.794863804008229,3.0,292.784479549413,4.929390486856014,0.355,0.024171521947204056,0.355,0.0,0.022917651,3.0
3.549126113341684,-1.7922003735225862,3.0,292.8458606192191,4.928576616627848,0.356,0.024156689855119835,0.356,0.0,0.022917651,3.0
3.5492760084360806,-1.7895336317591044,3.0,292.9076490815457,4.927758842848394,0.357,0.02414156453314997,0.357,0.0,0.022917651,3.0
3.549425751555073,-1.7868634916117483,3.0,292.96985565320614,4.92693706283135,0.358,0.024126138267628088,0.358,0.0,0.022917651,3.0
3.5495753386654516,-1.7841898628922574,3.0,293.0324914302259,4.926111170256882,0.35900000000000004,0.02411040307194156,0.359,0.0,0.022917651,3.0
3.549724765590017,-1.781512652192597,3.0,293.0955679047647,4.925281055009481,0.36,0.02409435067435105,0.36,0.0,0.022917651,3.0
3.5498740280011,-1.778831762739982,3.0,293.1590969829542,4.9244466030070475,0.361,0.02407797250515196,0.361,0.0,0.022917651,3.0
3.5500231214137226,-1.776147094243991,3.0,293.2230910037068,4.923607696020659,0.36200000000000004,0.024061259683135838,0.362,0.0,0.022917651,3.0
3.5501720411783846,-1.7734585427352716,3.0,293.2875627585605,4.922764211484432,0.363,0.024044203001306854,0.363,0.0,0.022917651,3.0
3.5503216263230937,-1.7708030827799555,3.0,293.33732798345534,4.921956479265004,0.36400000000000005,0.024025896432480865,0.364,0.0,0.022917651,3.0
3.5504716219438714,-1.7681679504857999,3.0,293.37681811301195,4.921170716077202,0.365,0.024006680953683385,0.365,0.0,0.022917651,3.0
3.5506215197060014,-1.7655304627978687,3.0,293.41510311625404,4.92038220600925,0.366,0.023987106162460452,0.366,0.0,0.022917651,3.0
3.550771317454832,-1.762890567855147,3.0,293.4521564587336,4.919590888580394,0.36699999999999994,0.02396716414747796,0.367,0.0,0.022917651,3.0
3.5509210129719917,-1.7602482122628638,3.0,293.4879508212629,4.918796701521198,0.368,0.023946846763429112,0.368,0.0,0.022917651,3.0
3.5510706039730127,-1.7576033410353682,3.0,293.5224580706888,4.917999580706934,0.369,0.02392614562232054,0.369,0.0,0.022917651,3.0
3.5512200881048503,-1.7549558975364365,3.0,293.55564922934997,4.917199460087957,0.37,0.023905052084365996,0.37,0.0,0.022917651,3.0
3.5513694629432937,-1.7523058234168714,3.0,293.5874944431492,4.91639627161694,0.371,0.023883557248466938,0.371,0.0,0.022917651,3.0
3.551518725990251,-1.7496530585492427,3.0,293.6179629481659,4.915589945172765,0.37199999999999994,0.023861651942257946,0.372,0.0,0.022917651,3.0
3.551667874670916,-1.7469975409596297,3.0,293.6470230357307,4.9147804084809215,0.37300000000000005,0.023839326711693618,0.373,0.0,0.022917651,3.0
3.551816906330798,-1.744339206756191,3.0,293.6746420158785,4.913967587030202,0.37399999999999994,0.023816571810152,0.374,0.0,0.022917651,3.0
3.5519658182326173,-1.7416779900543922,3.0,293.70078617909274,4.913151403985507,0.37500000000000006,0.02379337718702835,0.375,0.0,0.022917651,3.0
3.5521146075530514,-1.739013822898709,3.0,293.72542075624415,4.91233178009653,0.37600000000000006,0.023769732475790985,0.376,0.0,0.022917651,3.0
3.5522636624654225,-1.7363645822083116,3.0,293.74157398293966,4.911528145309569,0.377,0.023745287719777925,0.377,0.0,0.022917651,3.0
3.552414548412754,-1.7338007392182324,3.0,293.72194655902393,4.910817233953498,0.378,0.023718791154907225,0.378,0.0,0.022917651,3.0
3.55256542521793,-1.731236854802682,3.0,293.69952517805945,4.910106244600881,0.379,0.02369191807464556,0.379,0.0,0.022917651,3.0
3.5527162928150844,-1.7286729286631977,3.0,293.6742897102116,4.909395176689772,0.38,0.023664665766283847,0.38,0.0,0.022917651,3.0
3.552867151137715,-1.726108960498445,3.0,293.6462198318053,4.908684029652813,0.381,0.023637031490990994,0.381,0.0,0.022917651,3.0
3.5530180001186777,-1.7235449500041797,3.0,293.61529502298646,4.907972802917166,0.382,0.023609012483498695,0.382,0.0,0.022917651,3.0
3.5531688396901804,-1.720980896873214,3.0,293.5814945653494,4.907261495904454,0.38300000000000006,0.023580605951781696,0.383,0.0,0.022917651,3.0
3.5533196697837726,-1.7184168007953804,3.0,293.5447975395291,4.906550108030689,0.384,0.02355180907673336,0.384,0.0,0.022917651,3.0
3.5534704903303376,-1.7158526614574956,3.0,293.50518282275914,4.905838638706203,0.385,0.023522619011836523,0.385,0.0,0.022917651,3.0
3.553621301260086,-1.7132884785433242,3.0,293.4626290863934,4.905127087335584,0.386,0.023493032882829556,0.386,0.0,0.022917651,3.0
3.5537721025025455,-1.7107242517335401,3.0,293.4171147933915,4.904415453317601,0.38700000000000007,0.023463047787367488,0.387,0.0,0.022917651,3.0
3.553922893986554,-1.70815998070569,3.0,293.36861819576734,4.903703736045132,0.388,0.02343266079467821,0.388,0.0,0.022917651,3.0
3.5540736756402524,-1.7055956651341548,3.0,293.31711733200063,4.9029919349050965,0.38900000000000007,0.023401868945213542,0.389,0.0,0.022917651,3.0
3.554224447391071,-1.7030313046901104,3.0,293.2625900244091,4.902280049278379,0.39,0.02337066925029522,0.39,0.0,0.022917651,3.0
3.5543752091657264,-1.700466899041488,3.0,293.20501387648255,4.901568078539754,0.391,0.023339058691755593,0.391,0.0,0.022917651,3.0
3.5545259608902104,-1.6979024478529334,3.0,293.1443662701773,4.900856022057814,0.392,0.023307034221573028,0.392,0.0,0.022917651,3.0
3.554676702489779,-1.6953379507857684,3.0,293.0806243631704,4.90014387919489,0.393,0.023274592761501848,0.393,0.0,0.022917651,3.0
3.5548274338889474,-1.6927734074979477,3.0,293.0137650860724,4.899431649306971,0.3940000000000001,0.023241731202696788,0.394,0.0,0.022917651,3.0
3.5549781550114763,-1.6902088176440164,3.0,292.94376513959935,4.89871933174363,0.395,0.023208446405331824,0.395,0.0,0.022917651,3.0
3.5551291526952524,-1.687674620731799,3.0,292.86832166565995,4.8980385132297375,0.396,0.02317452464015628,0.396,0.0,0.022917651,3.0
3.55528074319239,-1.6852033547268293,3.0,292.785609508165,4.897422996606515,0.397,0.023139854010108662,0.397,0.0,0.022917651,3.0
3.555432347346568,-1.6827330620865502,3.0,292.70059572907115,4.896808507985307,0.3980000000000001,0.023104922577782974,0.398,0.0,0.022917651,3.0
3.555583965064814,-1.6802637361847135,3.0,292.61329599682807,4.896195040367918,0.399,0.023069732118608945,0.399,0.0,0.022917651,3.0
3.5557355962549995,-1.67779537045508,3.0,292.52372583798905,4.89558258681953,0.4000000000000001,0.02303428439193765,0.4,0.0,0.022917651,3.0
3.555957910925854,-1.6751693079183334,3.0,292.56140255349015,4.894814882916337,0.401,0.023032587240432313,0.401,0.0,0.022917651,3.0
3.5561801936871666,-1.6725435675930143,3.0,292.5980115925602,4.894047373583971,0.4020000000000001,0.023030898324754995,0.402,0.0,0.022917651,3.0
3.55640244413823,-1.669918153525311,3.0,292.6335395477926,4.893280061265769,0.403,0.02302921774832757,0.403,0.0,0.022917651,3.0
3.5566246618716018,-1.6672930698294424,3.0,292.6679727863517,4.892512948446143,0.404,0.023027545616310825,0.404,0.0,0.022917651,3.0
3.556846846472958,-1.6646683206890969,3.0,292.70129744521444,4.891746037651458,0.405,0.023025882035641154,0.405,0.0,0.022917651,3.0
3.557068997520953,-1.662043910358901,3.0,292.733499426292,4.890979331450922,0.4060000000000001,0.0230242271150682,0.406,0.0,0.022917651,3.0
3.557291114587061,-1.6594198431659328,3.0,292.7645643914254,4.890212832457478,0.40700000000000003,0.023022580965193478,0.40700000000000003,0.0,0.022917651,3.0
3.557513197235431,-1.6567961235112683,3.0,292.79447775725464,4.889446543328769,0.40800000000000003,0.023020943698509898,0.40800000000000003,0.0,0.022917651,3.0
3.557735245022726,-1.654172755871571,3.0,292.823224689954,4.8886804667680765,0.4090000000000001,0.023019315429442425,0.40900000000000003,0.0,0.022917651,3.0
3.5579573838261265,-1.6515680889207618,3.0,292.84882604065615,4.887933454894379,0.41000000000000003,0.023017656060803623,0.41000000000000003,0.0,0.022917651,3.0
3.5581796204573566,-1.648985543196749,3.0,292.87061335073685,4.887208955484403,0.4110000000000001,0.023015963573583976,0.41100000000000003,0.0,0.022917651,3.0
3.5584017954039844,-1.6464028458955784,3.0,292.8908624222003,4.886484057763124,0.41200000000000003,0.023014288808741463,0.41200000000000003,0.0,0.022917651,3.0
3.5586239087613154,-1.6438199972514416,3.0,292.90957563167416,4.885758762345947,0.41300000000000014,0.023012631738894444,0.41300000000000003,0.0,0.022917651,3.0
3.558845960624458,-1.6412369974980479,3.0,292.92675535089245,4.885033069847011,0.41400000000000003,0.023010992336717682,0.41400000000000003,0.0,0.022917651,3.0
3.559067951088323,-1.638653846868625,3.0,292.94240394670817,4.8843069808791855,0.41500000000000004,0.023009370574942137,0.41500000000000004,0.0,0.022917651,3.0
3.55928988024763,-1.6360705455959226,3.0,292.9565237811066,4.883580496054084,0.4160000000000001,0.023007766426354877,0.41600000000000004,0.0,0.022917651,3.0
3.559511748196901,-1.6334870939122104,3.0,292.96911721121666,4.882853615982062,0.4170000000000001,0.02300617986379891,0.417,0.0,0.022917651,3.0
3.5597335550304647,-1.6309034920492809,3.0,292.9801865893242,4.882126341272217,0.418,0.023004610860173053,0.418,0.0,0.022917651,3.0
3.559955300842456,-1.6283197402384513,3.0,292.98973426288416,4.881398672532401,0.41899999999999993,0.02300305938843177,0.419,0.0,0.022917651,3.0
3.5601769857268155,-1.6257358387105643,3.0,292.9977625745331,4.880670610369217,0.42,0.02300152542158504,0.42,0.0,0.022917651,3.0
3.560398609777294,-1.6231517876959873,3.0,293.00427386210134,4.8799421553880205,0.421,0.023000008932698227,0.421,0.0,0.022917651,3.0
3.5606201730874467,-1.620567587424617,3.0,293.0092704586252,4.879213308192929,0.42200000000000004,0.022998509894891907,0.422,0.0,0.022917651,3.0
3.560841675750639,-1.617983238125878,3.0,293.01275469236,4.878484069386819,0.42299999999999993,0.02299702828134176,0.423,0.0,0.022917651,3.0
3.5610631178600443,-1.615398740028726,3.0,293.0147288867912,4.877754439571336,0.42400000000000004,0.022995564065278407,0.424,0.0,0.022917651,3.0
3.5612844995086452,-1.6128140933616464,3.0,293.01519536064745,4.877024419346888,0.425,0.02299411721998728,0.425,0.0,0.022917651,3.0
3.5615058207892347,-1.610229298352658,3.0,293.0141564279126,4.8762940093126605,0.42599999999999993,0.022992687718808476,0.426,0.0,0.022917651,3.0
3.561727081794416,-1.6076443552293131,3.0,293.0116143978375,4.875563210066609,0.42699999999999994,0.022991275535136618,0.427,0.0,0.022917651,3.0
3.5619482826166022,-1.6050592642186992,3.0,293.0075715749524,4.874832022205469,0.42800000000000005,0.02298988064242071,0.428,0.0,0.022917651,3.0
3.5621694233480174,-1.6024740255474386,3.0,293.002030259079,4.874100446324756,0.42899999999999994,0.022988503014164035,0.429,0.0,0.022917651,3.0
3.5623905040806987,-1.5998886394416925,3.0,292.99499274534213,4.873368483018768,0.42999999999999994,0.022987142623923946,0.43,0.0,0.022917651,3.0
3.562611524906495,-1.5973031061271592,3.0,292.98646132418236,4.8726361328805945,0.431,0.0229857994453118,0.431,0.0,0.022917651,3.0
3.5628324859170664,-1.5947174258290768,3.0,292.9764382813673,4.871903396502108,0.432,0.02298447345199276,0.432,0.0,0.022917651,3.0
3.5630533872038876,-1.5921315987722244,3.0,292.96492589800397,4.871170274473981,0.433,0.022983164617685726,0.433,0.0,0.022917651,3.0
3.5632742288582464,-1.5895456251809226,3.0,292.9519264505502,4.8704367673856765,0.434,0.02298187291616312,0.434,0.0,0.022917651,3.0
3.5634950109712444,-1.5869595052790362,3.0,292.93744221082727,4.869702875825463,0.435,0.022980598321250812,0.435,0.0,0.022917651,3.0
3.5637157336337983,-1.5843732392899723,3.0,292.9214754460306,4.868968600380405,0.43599999999999994,0.022979340806827956,0.436,0.0,0.022917651,3.0
3.563936396936639,-1.5817868274366853,3.0,292.9040284187426,4.868233941636377,0.43699999999999994,0.02297810034682685,0.437,0.0,0.022917651,3.0
3.5641570009703147,-1.5792002699416752,3.0,292.8851033869437,4.867498900178058,0.43800000000000006,0.022976876915232824,0.438,0.0,0.022917651,3.0
3.564377545825186,-1.5766135670269894,3.0,292.8647026040241,4.866763476588943,0.439,0.022975670486084076,0.439,0.0,0.022917651,3.0
3.564598031591434,-1.5740267189142245,3.0,292.842828318796,4.866027671451338,0.44,0.022974481033471567,0.44,0.0,0.022917651,3.0
3.564818458359053,-1.5714397258245276,3.0,292.8194827755044,4.865291485346367,0.44100000000000006,0.022973308531538863,0.441,0.0,0.022917651,3.0
3.5650388262178585,-1.5688525879785964,3.0,292.7946682138394,4.864554918853977,0.44200000000000006,0.022972152954482024,0.442,0.0,0.022917651,3.0
3.565259135257479,-1.5662653055966804,3.0,292.76838686894723,4.863817972552933,0.443,0.022971014276549434,0.443,0.0,0.022917651,3.0
3.5654793855673663,-1.5636778788985837,3.0,292.74064097144196,4.8630806470208325,0.44399999999999995,0.022969892472041724,0.444,0.0,0.022917651,3.0
3.565699577236787,-1.5610903081036642,3.0,292.7114327474173,4.8623429428341005,0.44500000000000006,0.022968787515311583,0.445,0.0,0.022917651,3.0
3.56591971035483,-1.5585025934308352,3.0,292.6807644184574,4.861604860567992,0.446,0.02296769938076367,0.446,0.0,0.022917651,3.0
3.5661397850104004,-1.5559147350985674,3.0,292.64863820164885,4.8608664007966,0.447,0.02296662804285445,0.447,0.0,0.022917651,3.0
3.5663598012922257,-1.5533267333248888,3.0,292.6150563095917,4.860127564092854,0.44800000000000006,0.02296557347609208,0.448,0.0,0.022917651,3.0
3.566579759288855,-1.5507385883273874,3.0,292.580020950411,4.859388351028526,0.44900000000000007,0.022964535655036287,0.449,0.0,0.022917651,3.0
3.566799718544182,-1.548155688081306,3.0,292.5436933273109,4.858654387856227,0.45000000000000007,0.022963534253534243,0.45,0.0,0.022917651,3.0
3.5670198897844854,-1.5455980604375108,3.0,292.5073265783549,4.857946545708571,0.451,0.022962643441303,0.451,0.0,0.022917651,3.0
3.5672399746323387,-1.543039252740648,3.0,292.4706109920714,4.857237177919485,0.452,0.022961766961571123,0.452,0.0,0.022917651,3.0
3.5674599744443034,-1.5404792835202819,3.0,292.4335520460137,4.85652630844507,0.453,0.02296090458928522,0.453,0.0,0.022917651,3.0
3.5676798905486877,-1.5379181709200533,3.0,292.3961551036516,4.85581396074248,0.454,0.02296005610407916,0.454,0.0,0.022917651,3.0
3.5678997242462773,-1.5353559327076756,3.0,292.3584254173266,4.855100157782855,0.45500000000000007,0.02295922129015271,0.455,0.0,0.022917651,3.0
3.5681194768110442,-1.53279258628462,3.0,292.320368131115,4.85438492206383,0.456,0.022958399936153846,0.456,0.0,0.022917651,3.0
3.568339149490837,-1.5302281486955058,3.0,292.2819882836031,4.8536682756216845,0.457,0.022957591835064784,0.457,0.0,0.022917651,3.0
3.5685587435080444,-1.527662636637199,3.0,292.2432908105775,4.852950240043098,0.458,0.022956796784091398,0.458,0.0,0.022917651,3.0
3.5687782600602405,-1.525096066467637,3.0,292.2042805476336,4.8522308364765685,0.459,0.022956014584556067,0.459,0.0,0.022917651,3.0
3.568997700320815,-1.5225284542143855,3.0,292.164962232705,4.851510085643467,0.46,0.022955245041793772,0.46,0.0,0.022917651,3.0
3.5692170654395756,-1.5199598155829357,3.0,292.1253405085167,4.8507880078487675,0.461,0.022954487965051253,0.461,0.0,0.022917651,3.0
3.569436356543343,-1.517390165964756,3.0,292.08541992496436,4.85006462299146,0.4620000000000001,0.022953743167389302,0.462,0.0,0.022917651,3.0
3.5696555747365175,-1.5148195204450987,3.0,292.04520494142315,4.849339950574636,0.463,0.022953010465587866,0.463,0.0,0.022917651,3.0
3.5698747211016375,-1.51224789381058,3.0,292.00469992898775,4.848614009715297,0.464,0.022952289680054038,0.464,0.0,0.022917651,3.0
3.570093796699916,-1.5096753005565322,3.0,291.96390917264586,4.847886819153856,0.4650000000000001,0.02295158063473273,0.465,0.0,0.022917651,3.0
3.570312802571761,-1.5071017548941417,3.0,291.9228368733885,4.847158397263359,0.466,0.022950883157019993,0.466,0.0,0.022917651,3.0
3.5705317397372895,-1.5045272707573776,3.0,291.88148715025795,4.846428762058458,0.467,0.022950197077678865,0.467,0.0,0.022917651,3.0
3.570750609196813,-1.5019518618097176,3.0,291.8398640423362,4.84569793120409,0.468,0.022949522230757663,0.468,0.0,0.022917651,3.0
3.5709694119313196,-1.499375541450681,3.0,291.7979715106761,4.844965922023939,0.4690000000000001,0.02294885845351065,0.46900000000000003,0.0,0.022917651,3.0
3.571188148902935,-1.4967983228221717,3.0,291.75581344017627,4.844232751508623,0.47000000000000003,0.022948205586321005,0.47000000000000003,0.0,0.022917651,3.0
3.571406821055379,-1.4942202188146398,3.0,291.7133936414028,4.843498436323666,0.47100000000000003,0.02294756347262597,0.47100000000000003,0.0,0.022917651,3.0
3.5716254293143983,-1.491641242073066,3.0,291.6707158523581,4.84276299281724,0.47200000000000003,0.022946931958844147,0.47200000000000003,0.0,0.022917651,3.0
3.571843974588194,-1.4890614050027788,3.0,291.62778374020075,4.842026437027677,0.47300000000000003,0.022946310894304902,0.47300000000000003,0.0,0.022917651,3.0
3.572062457767838,-1.4864807197751038,3.0,291.5846009029154,4.841288784690773,0.47400000000000003,0.022945700131179688,0.47400000000000003,0.0,0.022917651,3.0
3.572280879727672,-1.483899198332856,3.0,291.54117087093596,4.840550051246899,0.47500000000000003,0.022945099524415393,0.47500000000000003,0.0,0.022917651,3.0
3.5724992413256977,-1.4813168523956766,3.0,291.497497108724,4.839810251847889,0.4760000000000001,0.02294450893166946,0.47600000000000003,0.0,0.022917651,3.0
3.572717543403958,-1.4787336934652229,3.0,291.4535830163024,4.839069401363757,0.47700000000000004,0.02294392821324691,0.47700000000000004,0.0,0.022917651,3.0
3.572935786788909,-1.476149732830213,3.0,291.4094319307464,4.838327514389216,0.47800000000000004,0.022943357232039052,0.47800000000000004,0.0,0.022917651,3.0
3.573153972291774,-1.473564981571328,3.0,291.36504712763406,4.837584605250018,0.4790000000000001,0.022942795853463902,0.47900000000000004,0.0,0.022917651,3.0
3.573372100708894,-1.4709794505659881,3.0,291.3204318224559,4.836840688009124,0.48000000000000004,0.022942243945408256,0.48,0.0,0.022917651,3.0
3.573590172822073,-1.4683931504929857,3.0,291.2755891719868,4.8360957764727015,0.481,0.022941701378171333,0.481,0.0,0.022917651,3.0
3.573808189398901,-1.4658060918370037,3.0,291.23052227562,4.83534988419596,0.482,0.02294116802440996,0.482,0.0,0.022917651,3.0
3.5740261511930775,-1.4632182848930029,3.0,291.185234176665,4.834603024488824,0.483,0.022940643759085253,0.483,0.0,0.022917651,3.0
3.574244058944728,-1.460629739770495,3.0,291.13972786361023,4.833855210421461,0.48400000000000004,0.022940128459410725,0.484,0.0,0.022917651,3.0
3.574461936636263,-1.4580505601164042,3.0,291.0947871350043,4.833116641351512,0.485,0.02293962267660442,0.485,0.0,0.022917651,3.0
3.57467975709748,-1.4554727398815663,3.0,291.05017508849176,4.832379202734967,0.486,0.022939125341937743,0.486,0.0,0.022917651,3.0
3.574897514875885,-1.4528938976246888,3.0,291.0057433479367,4.831640491373735,0.48700000000000004,0.022938636112963658,0.487,0.0,0.022917651,3.0
3.575115211034425,-1.4503140506767613,3.0,290.9614888557916,4.83090052885045,0.488,0.022938154852229477,0.488,0.0,0.022917651,3.0
3.5753328466121483,-1.4477332159791227,3.0,290.9174086232521,4.830159336262503,0.489,0.022937681425372856,0.489,0.0,0.022917651,3.0
3.575550422624874,-1.4451514100943477,3.0,290.8734997283351,4.8294169342356,0.49,0.022937215701035428,0.49,0.0,0.022917651,3.0
3.5757679400658353,-1.4425686492167749,3.0,290.8297593140223,4.828673342936879,0.49100000000000005,0.02293675755077933,0.491,0.0,0.022917651,3.0
3.575985399906305,-1.4399849491826833,3.0,290.7861845864644,4.827928582087578,0.492,0.02293630684900647,0.492,0.0,0.022917651,3.0
3.5762028030961996,-1.4374003254801346,3.0,290.74277281324515,4.827182670975296,0.493,0.022935863472880506,0.493,0.0,0.022917651,3.0
3.576420150564663,-1.4348147932584912,3.0,290.69952132170175,4.826435628465836,0.49400000000000005,0.022935427302251298,0.494,0.0,0.022917651,3.0
3.576637443220628,-1.4322283673376242,3.0,290.65642749730034,4.825687473014684,0.495,0.02293499821958194,0.495,0.0,0.022917651,3.0
3.576854681953369,-1.4296410622168234,3.0,290.6134887820646,4.8249382226780995,0.496,0.02293457610987805,0.496,0.0,0.022917651,3.0
3.5770718676330246,-1.4270528920834196,3.0,290.57070267305414,4.824187895123849,0.497,0.022934160860619408,0.497,0.0,0.022917651,3.0
3.577289001111113,-1.4244638708211275,3.0,290.5280667208927,4.823436507641607,0.49800000000000005,0.022933752361693795,0.498,0.0,0.022917651,3.0
3.5775060832210257,-1.421874012018127,3.0,290.4855785283424,4.8226840771530055,0.499,0.02293335050533287,0.499,0.0,0.022917651,3.0
3.577723114778511,-1.4192833289748836,3.0,290.4432357489246,4.8219306202213845,0.5,0.022932955186050187,0.5,0.0,0.022917651,3.0
3.5780277543838053,-1.4164097817768428,3.0,290.6211486154101,4.821067443950944,0.501,0.022932902198809262,0.501,0.0,0.022917651,3.0
3.578332404410555,-1.4135361879056274,3.0,290.79928862903444,4.820204262691716,0.5020000000000001,0.022932849107075656,0.502,0.0,0.022917651,3.0
3.57863706494882,-1.410662546957885,3.0,290.9776577528135,4.819341076400587,0.503,0.02293279590994634,0.503,0.0,0.022917651,3.0
3.5789417360897064,-1.4077888585256035,3.0,291.1562579724482,4.818477885033944,0.504,0.02293274260650785,0.504,0.0,0.022917651,3.0
3.579246417925373,-1.4049151221960412,3.0,291.3350912966524,4.817614688547669,0.505,0.022932689195836135,0.505,0.0,0.022917651,3.0
3.5795511105490507,-1.4020413375516587,3.0,291.51415975748796,4.816751486897137,0.506,0.022932635676996393,0.506,0.0,0.022917651,3.0
3.579855814055055,-1.3991675041700504,3.0,291.6934654107042,4.8158882800371945,0.507,0.02293258204904295,0.507,0.0,0.022917651,3.0
3.5801605285388076,-1.3962936216238715,3.0,291.8730103360848,4.8150250679221624,0.508,0.022932528311019044,0.508,0.0,0.022917651,3.0
3.580465254096846,-1.3934196894807664,3.0,292.0527966377994,4.8141618505058315,0.509,0.022932474461956728,0.509,0.0,0.022917651,3.0
3.580769990826845,-1.3905457073032959,3.0,292.23282644476274,4.813298627741442,0.51,0.022932420500876634,0.51,0.0,0.022917651,3.0
3.581074738827631,-1.3876716746488598,3.0,292.4131019109988,4.812435399581684,0.511,0.02293236642678788,0.511,0.0,0.022917651,3.0
3.581379498199199,-1.3847975910696242,3.0,292.5936252160126,4.811572165978692,0.512,0.02293231223868783,0.512,0.0,0.022917651,3.0
3.58168426904273,-1.3819234561124405,3.0,292.7743985651678,4.81070892688403,0.5130000000000001,0.022932257935561983,0.513,0.0,0.022917651,3.0
3.5819890514606096,-1.3790492693187677,3.0,292.95542419007165,4.809845682248684,0.514,0.022932203516383746,0.514,0.0,0.022917651,3.0
3.5822938455564453,-1.3761750302245925,3.0,293.1367043489661,4.8089824320230585,0.5150000000000001,0.022932148980114274,0.515,0.0,0.022917651,3.0
3.582598651435086,-1.3733007383603475,3.0,293.3182413271267,4.808119176156962,0.5160000000000001,0.0229320943257023,0.516,0.0,0.022917651,3.0
3.582903469202637,-1.3704263932508254,3.0,293.50003743726813,4.8072559145996,0.517,0.02293203955208391,0.517,0.0,0.022917651,3.0
3.5832082989664853,-1.3675519944150978,3.0,293.68209501995756,4.806392647299567,0.5180000000000001,0.0229319846581824,0.518,0.0,0.022917651,3.0
3.5835131408353096,-1.3646775413664254,3.0,293.8644164440347,4.805529374204837,0.519,0.022931929642908057,0.519,0.0,0.022917651,3.0
3.5838179949191113,-1.361803033612173,3.0,294.04700410704055,4.804666095262754,0.52,0.022931874505157945,0.52,0.0,0.022917651,3.0
3.5841228613292233,-1.3589284706537172,3.0,294.22986043565305,4.803802810420021,0.521,0.022931819243815755,0.521,0.0,0.022917651,3.0
3.58442774017834,-1.356053851986357,3.0,294.41298788613125,4.802939519622692,0.522,0.022931763857751534,0.522,0.0,0.022917651,3.0
3.584732631580531,-1.3531791770992208,3.0,294.596388944767,4.80207622281616,0.5230000000000001,0.022931708345821557,0.523,0.0,0.022917651,3.0
3.5850375356512663,-1.3503044454751698,3.0,294.78006612834605,4.801212919945148,0.5240000000000001,0.022931652706868033,0.524,0.0,0.022917651,3.0
3.5853424525074353,-1.3474296565907045,3.0,294.96402198461647,4.800349610953703,0.525,0.02293159693971894,0.525,0.0,0.022917651,3.0
3.5856473822673705,-1.3445548099158655,3.0,295.1482590927665,4.7994862957851785,0.526,0.022931541043187804,0.526,0.0,0.022917651,3.0
3.58595232505087,-1.3416799049141321,3.0,295.33278006391106,4.798622974382226,0.5270000000000001,0.022931485016073446,0.527,0.0,0.022917651,3.0
3.5862572809792184,-1.338804941042322,3.0,295.5175875415868,4.797759646686787,0.528,0.022931428857159784,0.528,0.0,0.022917651,3.0
3.586562250175211,-1.335929917750488,3.0,295.7026842022576,4.796896312640078,0.5290000000000001,0.02293137256521559,0.529,0.0,0.022917651,3.0
3.586867232763178,-1.3330548344818107,3.0,295.88807275582843,4.796032972182583,0.5300000000000001,0.02293131613899424,0.53,0.0,0.022917651,3.0
3.587172228869006,-1.3301796906724919,3.0,296.0737559461694,4.795169625254037,0.5310000000000001,0.022931259577233503,0.531,0.0,0.022917651,3.0
3.5874772386201674,-1.327304485751645,3.0,296.25973655164944,4.79430627179342,0.532,0.022931202878655257,0.532,0.0,0.022917651,3.0
3.58778226214574,-1.3244292191411826,3.0,296.44601738568036,4.793442911738943,0.533,0.02293114604196528,0.533,0.0,0.022917651,3.0
3.5880872995764372,-1.3215538902557036,3.0,296.63260129727087,4.792579545028033,0.5340000000000001,0.022931089065852964,0.534,0.0,0.022917651,3.0
3.5883923510446274,-1.3186784985023754,3.0,296.81949117159166,4.791716171597323,0.535,0.022931031948991064,0.535,0.0,0.022917651,3.0
3.588697416684369,-1.3158030432808179,3.0,297.0066899305507,4.7908527913826395,0.536,0.02293097469003544,0.536,0.0,0.022917651,3.0
3.589002496631429,-1.3129275239829812,3.0,297.1942005333799,4.78998940431899,0.537,0.022930917287624773,0.537,0.0,0.022917651,3.0
3.5893075910233185,-1.3100519399930237,3.0,297.3820259772333,4.789126010340548,0.538,0.022930859740380317,0.538,0.0,0.022917651,3.0
3.589612699999312,-1.3071762906871862,3.0,297.57016929779587,4.788262609380643,0.5390000000000001,0.022930802046905587,0.539,0.0,0.022917651,3.0
3.589917823700483,-1.3043005754336652,3.0,297.7586335699051,4.787399201371742,0.54,0.02293074420578609,0.54,0.0,0.022917651,3.0
3.590222962269731,-1.301424793592482,3.0,297.94742190818437,4.786535786245439,0.5410000000000001,0.022930686215589028,0.541,0.0,0.022917651,3.0
3.590528115851806,-1.29854894451535,3.0,298.13653746768813,4.78567236393244,0.542,0.02293062807486301,0.542,0.0,0.022917651,3.0
3.590833284593349,-1.2956730275455395,3.0,298.3259834445604,4.784808934362548,0.543,0.022930569782137738,0.543,0.0,0.022917651,3.0
3.591138468642913,-1.2927970420177408,3.0,298.5157630767056,4.783945497464651,0.544,0.022930511335923703,0.544,0.0,0.022917651,3.0
3.5914436681509994,-1.2899209872579225,3.0,298.7058796444733,4.783082053166703,0.545,0.022930452734711875,0.545,0.0,0.022917651,3.0
3.5917488832700903,-1.287044862583188,3.0,298.89633647135537,4.7822186013957095,0.546,0.02293039397697337,0.546,0.0,0.022917651,3.0
3.5920541141546773,-1.2841686673016304,3.0,299.08713692469803,4.781355142077715,0.547,0.022930335061159147,0.547,0.0,0.022917651,3.0
3.5923593609613005,-1.2812924007121824,3.0,299.2782844164274,4.780491675137786,0.548,0.02293027598569963,0.548,0.0,0.022917651,3.0
3.592664623848577,-1.2784160621044647,3.0,299.4697824037899,4.779628200499989,0.549,0.022930216749004417,0.549,0.0,0.022917651,3.0
3.592969902977236,-1.27553965075863,3.0,299.6616343901068,4.778764718087382,0.5500000000000002,0.0229301573494619,0.55,0.0,0.022917651,3.0
3.5932751985101614,-1.2726631659452066,3.0,299.85384392554477,4.777901227821993,0.551,0.022930097785438926,0.551,0.0,0.022917651,3.0
3.5935805106124183,-1.2697866069249348,3.0,300.04641460790145,4.777037729624806,0.552,0.022930038055280433,0.552,0.0,0.022917651,3.0
3.593885839451294,-1.266909972948604,3.0,300.2393500834066,4.776174223415737,0.553,0.02292997815730907,0.553,0.0,0.022917651,3.0
3.594191185196337,-1.2640332632568831,3.0,300.4326540475402,4.775310709113625,0.554,0.022929918089824836,0.554,0.0,0.022917651,3.0
3.5944965480193916,-1.2611564770801504,3.0,300.6263302458666,4.7744471866362055,0.555,0.022929857851104688,0.555,0.0,0.022917651,3.0
3.594801928094642,-1.2582796136383188,3.0,300.82038247488606,4.773583655900098,0.556,0.022929797439402155,0.556,0.0,0.022917651,3.0
3.5951073255986468,-1.255402672140655,3.0,301.01481458290334,4.772720116820782,0.557,0.02292973685294693,0.557,0.0,0.022917651,3.0
3.595412740710383,-1.2525256517856003,3.0,301.2096304709145,4.771856569312581,0.5580000000000002,0.02292967608994447,0.558,0.0,0.022917651,3.0
3.5957181736112855,-1.2496485517605826,3.0,301.40483409351157,4.77099301328864,0.559,0.02292961514857558,0.559,0.0,0.022917651,3.0
3.5960236244852917,-1.2467713712418278,3.0,301.6004294598067,4.770129448660909,0.56,0.022929554026995973,0.56,0.0,0.022917651,3.0
3.596329093518884,-1.2438941093941656,3.0,301.7964206343743,4.7692658753401185,0.5610000000000002,0.022929492723335856,0.561,0.0,0.022917651,3.0
3.596634580901131,-1.2410167653708306,3.0,301.99281173821396,4.76840229323576,0.562,0.022929431235699488,0.562,0.0,0.022917651,3.0
3.59694008682374,-1.2381393383132635,3.0,302.1896069497327,4.767538702256064,0.563,0.022929369562164695,0.5630000000000001,0.0,0.022917651,3.0
3.597245611481092,-1.2352618273509015,3.0,302.38681050574826,4.766675102307976,0.5640000000000001,0.02292930770078246,0.5640000000000001,0.0,0.022917651,3.0
3.5975511550703003,-1.23238423160097,3.0,302.5844267025132,4.765811493297141,0.5650000000000001,0.022929245649576404,0.5650000000000001,0.0,0.022917651,3.0
3.5978567177912493,-1.2295065501682667,3.0,302.78245989676117,4.764947875127871,0.5660000000000002,0.022929183406542344,0.5660000000000001,0.0,0.022917651,3.0
3.598162299846649,-1.226628782144943,3.0,302.9809145067742,4.764084247703129,0.5670000000000001,0.022929120969647762,0.5670000000000001,0.0,0.022917651,3.0
3.598467901442084,-1.2237509266102797,3.0,303.1797950134741,4.763220610924501,0.5680000000000001,0.022929058336831346,0.5680000000000001,0.0,0.022917651,3.0
3.598773522786061,-1.2208729826304565,3.0,303.3791059615363,4.762356964692174,0.5690000000000001,0.02292899550600243,0.5690000000000001,0.0,0.022917651,3.0
3.599079164090068,-1.2179949492583204,3.0,303.5788519605278,4.761493308904908,0.5700000000000001,0.022928932475040527,0.5700000000000001,0.0,0.022917651,3.0
3.5993848255686203,-1.215116825533146,3.0,303.7790376860693,4.760629643460013,0.5710000000000001,0.022928869241794745,0.5710000000000001,0.0,0.022917651,3.0
3.599690507439319,-1.2122386104803915,3.0,303.97966788102264,4.759765968253324,0.5720000000000002,0.022928805804083262,0.5720000000000001,0.0,0.022917651,3.0
3.599996209922905,-1.2093603031114488,3.0,304.1807473567044,4.75890228317917,0.5730000000000001,0.022928742159692764,0.5730000000000001,0.0,0.022917651,3.0
3.60030193324332,-1.2064819024233904,3.0,304.3822809941247,4.75803858813035,0.5740000000000001,0.02292867830637788,0.5740000000000001,0.0,0.022917651,3.0
3.6006076776277585,-1.2036034073987067,3.0,304.5842737452542,4.757174882998106,0.5750000000000001,0.0229286142418606,0.5750000000000001,0.0,0.022917651,3.0
3.600913467425394,-1.200725288980648,3.0,304.7847257255598,4.756311736191886,0.5760000000000001,0.022928549961479323,0.5760000000000001,0.0,0.022917651,3.0
3.6012193219360724,-1.197847830382783,3.0,304.98218778534675,4.755449508175826,0.577,0.022928485467099514,0.577,0.0,0.022917651,3.0
3.6015252028391775,-1.1949702323706468,3.0,305.1799395300484,4.754587246319808,0.578,0.022928420762237552,0.578,0.0,0.022917651,3.0
3.6018311105401333,-1.192092492802641,3.0,305.37798540963183,4.753724950104006,0.579,0.022928355843660125,0.579,0.0,0.022917651,3.0
3.602137045452712,-1.1892146094930776,3.0,305.5763299656767,4.752862618997887,0.5800000000000001,0.022928290708067366,0.58,0.0,0.022917651,3.0
3.6024430079992467,-1.1863365802110368,3.0,305.7749778337452,4.752000252459942,0.581,0.02292822535209113,0.581,0.0,0.022917651,3.0
3.6027489986108567,-1.1834584026791946,3.0,305.9739337458259,4.751137849937396,0.582,0.02292815977229319,0.582,0.0,0.022917651,3.0
3.603055017727676,-1.1805800745726058,3.0,306.17320253285374,4.750275410865917,0.583,0.022928093965163453,0.583,0.0,0.022917651,3.0
3.6033610657990898,-1.177701593517456,3.0,306.3727891273102,4.74941293466931,0.584,0.02292802792711801,0.584,0.0,0.022917651,3.0
3.6036671432839777,-1.1748229570897695,3.0,306.57269856590545,4.748550420759204,0.585,0.022927961654497248,0.585,0.0,0.022917651,3.0
3.6039732506509723,-1.1719441628140765,3.0,306.772935992346,4.747687868534731,0.5860000000000001,0.0229278951435638,0.586,0.0,0.022917651,3.0
3.604279388378709,-1.1690652081620407,3.0,306.97350666019094,4.746825277382188,0.587,0.022927828390500476,0.587,0.0,0.022917651,3.0
3.6045855569561036,-1.1661860905510375,3.0,307.1744159358006,4.7459626466746965,0.588,0.022927761391408143,0.588,0.0,0.022917651,3.0
3.6048917568826258,-1.1633068073426915,3.0,307.3756693013802,4.745099975771844,0.589,0.022927694142303483,0.589,0.0,0.022917651,3.0
3.6051979886685848,-1.1604273558413625,3.0,307.5772723581227,4.744237264019321,0.59,0.022927626639116714,0.59,0.0,0.022917651,3.0
3.605504252835427,-1.1575477332925845,3.0,307.7792308294546,4.743374510748535,0.5910000000000001,0.022927558877689266,0.591,0.0,0.022917651,3.0
3.60581054991604,-1.154667936881451,3.0,307.98155056438895,4.742511715276225,0.592,0.022927490853771295,0.592,0.0,0.022917651,3.0
3.6061168804550703,-1.1517879637309494,3.0,308.18423754098853,4.741648876904058,0.593,0.022927422563019207,0.593,0.0,0.022917651,3.0
3.606423245009246,-1.1489078109002369,3.0,308.38729786994486,4.740785994918204,0.5940000000000001,0.022927354000993033,0.594,0.0,0.022917651,3.0
3.606729644147718,-1.1460274753828625,3.0,308.5907377982767,4.739923068588905,0.595,0.02292728516315375,0.595,0.0,0.022917651,3.0
3.6070360784524023,-1.1431469541049264,3.0,308.7945637131535,4.739060097170041,0.5960000000000001,0.0229272160448605,0.596,0.0,0.022917651,3.0
3.6073425485183472,-1.1402662439231763,3.0,308.9987821458475,4.738197079898646,0.597,0.022927146641367736,0.597,0.0,0.022917651,3.0
3.6076490549541003,-1.137385341623043,3.0,309.20339977582086,4.737334015994452,0.598,0.02292707694782222,0.598,0.0,0.022917651,3.0
3.607955598382095,-1.1345042439166044,3.0,309.4084234349524,4.7364709046593845,0.599,0.02292700695925998,0.599,0.0,0.022917651,3.0
3.608262179439053,-1.1316229474404815,3.0,309.6138601119104,4.735607745077049,0.6,0.02292693667060312,0.6,0.0,0.022917651,3.0
3.608628851309214,-1.1287585518054446,3.0,309.712248712766,4.734879505266532,0.601,0.02292693157846255,0.601,0.0,0.022917651,3.0
3.6089955682019657,-1.125893807314443,3.0,309.8111000234811,4.734151096683542,0.602,0.022926926462871852,0.602,0.0,0.022917651,3.0
3.6093623307655776,-1.1230287089443716,3.0,309.91042070652065,4.7334225168979644,0.603,0.02292692132349336,0.603,0.0,0.022917651,3.0
3.6097291396608275,-1.1201632515752231,3.0,310.010217552875,4.732693763432794,0.6040000000000001,0.022926916159982914,0.604,0.0,0.022917651,3.0
3.610095995561301,-1.117297429987743,3.0,310.1104974851743,4.731964833763017,0.605,0.022926910971989678,0.605,0.0,0.022917651,3.0
3.610462899153704,-1.1144312388610107,3.0,310.21126756089365,4.731235725314437,0.6060000000000001,0.022926905759155975,0.606,0.0,0.022917651,3.0
3.6108298511381856,-1.1115646727699526,3.0,310.3125349756525,4.730506435462464,0.607,0.02292690052111713,0.607,0.0,0.022917651,3.0
3.611196852228664,-1.1086977261827833,3.0,310.4143070666114,4.729776961530885,0.608,0.022926895257501294,0.608,0.0,0.022917651,3.0
3.611563903153175,-1.105830393458365,3.0,310.5165913159693,4.729047300790581,0.6090000000000001,0.02292688996792928,0.609,0.0,0.022917651,3.0
3.611931004654212,-1.1029626688434948,3.0,310.6193953545653,4.7283174504582215,0.61,0.02292688465201435,0.61,0.0,0.022917651,3.0
3.6122981574890956,-1.100094546470107,3.0,310.7227269655881,4.7275874076949025,0.6110000000000001,0.022926879309362047,0.611,0.0,0.022917651,3.0
3.6126653624303415,-1.097226020352393,3.0,310.826594088397,4.72685716960476,0.612,0.022926873939570012,0.612,0.0,0.022917651,3.0
3.613032620266044,-1.094357084383832,3.0,310.93100482245893,4.726126733233531,0.613,0.022926868542227755,0.613,0.0,0.022917651,3.0
3.61339993180027,-1.0914877323341332,3.0,311.0359674314046,4.7253960955670715,0.614,0.022926863116916493,0.614,0.0,0.022917651,3.0
3.6137672978534683,-1.0886179578460842,3.0,311.1414903472092,4.724665253529837,0.615,0.022926857663208875,0.615,0.0,0.022917651,3.0
3.614134719262886,-1.085747754432303,3.0,311.2475821745007,4.7239342039833065,0.6160000000000002,0.022926852180668828,0.616,0.0,0.022917651,3.0
3.6145021968830022,-1.0828771154718877,3.0,311.3542516950019,4.723202943724365,0.617,0.022926846668851288,0.617,0.0,0.022917651,3.0
3.614869731585973,-1.0800060342069653,3.0,311.46150787211025,4.722471469483632,0.6180000000000001,0.022926841127301992,0.618,0.0,0.022917651,3.0
3.6152373242620923,-1.0771345037391298,3.0,311.56935985562,4.721739777923738,0.619,0.02292683555555724,0.619,0.0,0.022917651,3.0
3.615604975820264,-1.0742625170257716,3.0,311.6778169865929,4.72100786563755,0.6200000000000001,0.02292682995314361,0.62,0.0,0.022917651,3.0
3.61597268718849,-1.071390066876288,3.0,311.78688880238224,4.720275729146339,0.6210000000000001,0.02292682431957776,0.621,0.0,0.022917651,3.0
3.616340459314379,-1.0685171459481766,3.0,311.8965850418162,4.719543364897887,0.622,0.02292681865436612,0.622,0.0,0.022917651,3.0
3.616708293165663,-1.0656437467430027,3.0,312.0069156505461,4.718810769264538,0.6230000000000001,0.022926812957004643,0.623,0.0,0.022917651,3.0
3.6170761897307346,-1.0627698616022367,3.0,312.1178907865663,4.7180779385411835,0.6240000000000001,0.022926807226978537,0.624,0.0,0.022917651,3.0
3.6174441500192014,-1.0598954827029607,3.0,312.2295208259114,4.717344868943187,0.625,0.022926801463761925,0.625,0.0,0.022917651,3.0
3.6178121750624626,-1.0570206020534314,3.0,312.3418163685382,4.716611556604237,0.6260000000000001,0.02292679566681762,0.626,0.0,0.022917651,3.0
3.6181802659142925,-1.0541452114885033,3.0,312.4547882443989,4.71587799757413,0.6270000000000001,0.022926789835596734,0.627,0.0,0.022917651,3.0
3.6185484236514562,-1.0512693026648994,3.0,312.56844751971306,4.715144187816485,0.628,0.022926783969538463,0.628,0.0,0.022917651,3.0
3.6189166493743397,-1.0483928670563256,3.0,312.68280550344605,4.714410123206379,0.629,0.022926778068069642,0.629,0.0,0.022917651,3.0
3.6192849442075974,-1.045515895948427,3.0,312.79787375400184,4.713675799527909,0.6300000000000001,0.0229267721306045,0.63,0.0,0.022917651,3.0
3.61965330930083,-1.0426383804335726,3.0,312.91366408613817,4.712941212471668,0.6310000000000001,0.022926766156544272,0.631,0.0,0.022917651,3.0
3.6200217458292743,-1.039760311405467,3.0,313.03018857811327,4.712206357632132,0.632,0.02292676014527683,0.632,0.0,0.022917651,3.0
3.620390254994528,-1.036881679553582,3.0,313.1474595790735,4.711471230504978,0.633,0.02292675409617631,0.633,0.0,0.022917651,3.0
3.62075883802529,-1.0340024753573984,3.0,313.26548971668973,4.710735826484291,0.6340000000000001,0.022926748008602754,0.634,0.0,0.022917651,3.0
3.6211274961781243,-1.0311226890804508,3.0,313.3842919050545,4.710000140859678,0.6350000000000001,0.022926741881901663,0.635,0.0,0.022917651,3.0
3.6214963311263246,-1.0282425708218166,3.0,313.50368600119134,4.709264830287838,0.6360000000000001,0.022926735702734895,0.636,0.0,0.022917651,3.0
3.62186548668172,-1.02536247747882,3.0,313.62340963887334,4.708530826736492,0.637,0.02292672945228928,0.637,0.0,0.022917651,3.0
3.6222347216981072,-1.022481769223826,3.0,313.74394295065844,4.707796526128685,0.638,0.022926723160381187,0.638,0.0,0.022917651,3.0
3.622604037566155,-1.019600435295092,3.0,313.8653001068721,4.707061923265551,0.639,0.022926716826284967,0.639,0.0,0.022917651,3.0
3.6229734357091723,-1.0167184646782788,3.0,313.98749561044525,4.706327012826198,0.64,0.022926710449257943,0.64,0.0,0.022917651,3.0
3.6233429175840763,-1.0138358460989918,3.0,314.1105443067302,4.705591789364105,0.6410000000000001,0.022926704028539906,0.641,0.0,0.022917651,3.0
3.6237124846823816,-1.0109525680150606,3.0,314.23446139366666,4.704856247303388,0.642,0.02292669756335258,0.642,0.0,0.022917651,3.0
3.6240821385312443,-1.0080686186085452,3.0,314.35926243231205,4.704120380934946,0.643,0.022926691052899104,0.643,0.0,0.022917651,3.0
3.6244518806945254,-1.0051839857774467,3.0,314.48496335775167,4.703384184412453,0.644,0.022926684496363463,0.644,0.0,0.022917651,3.0
3.6248217127739015,-1.0022986571271222,3.0,314.61158049040364,4.702647651748205,0.645,0.022926677892909902,0.645,0.0,0.022917651,3.0
3.6251916364100167,-0.9994126199613859,3.0,314.73913054773806,4.701910776808835,0.6460000000000001,0.022926671241682343,0.646,0.0,0.022917651,3.0
3.6255616532836723,-0.9965258612732828,3.0,314.86763065642464,4.701173553310838,0.647,0.022926664541803747,0.647,0.0,0.022917651,3.0
3.625931765117068,-0.993638367735521,3.0,314.9970983649309,4.700435974815965,0.648,0.022926657792375477,0.648,0.0,0.022917651,3.0
3.6263019736750763,-0.9907501256905494,3.0,315.12755165658655,4.699698034726419,0.6489999999999999,0.022926650992476632,0.649,0.0,0.022917651,3.0
3.6266722807665794,-0.9878611211402643,3.0,315.2590089631387,4.698959726279888,0.65,0.022926644141163337,0.65,0.0,0.022917651,3.0
3.6270426882458486,-0.9849713397353268,3.0,315.3914891788158,4.698221042544381,0.6510000000000001,0.022926637237468045,0.651,0.0,0.022917651,3.0
3.627413198013972,-0.9820807667640784,3.0,315.5250116749245,4.697481976412877,0.652,0.022926630280398767,0.652,0.0,0.022917651,3.0
3.6277838120203474,-0.9791893871410323,3.0,315.6595963150035,4.696742520597761,0.653,0.022926623268938323,0.653,0.0,0.022917651,3.0
3.628154532264224,-0.9762971853949228,3.0,315.79526347055787,4.696002667625054,0.6540000000000001,0.022926616202043504,0.654,0.0,0.022917651,3.0
3.628525360796305,-0.9734041456562952,3.0,315.93203403740154,4.695262409828417,0.655,0.022926609078644265,0.655,0.0,0.022917651,3.0
3.628896299720418,-0.9705102516446119,3.0,316.06992945263397,4.694521739342922,0.6560000000000001,0.022926601897642836,0.656,0.0,0.022917651,3.0
3.6292673511952396,-0.9676154866548545,3.0,316.20897171228165,4.693780648098578,0.657,0.02292659465791282,0.657,0.0,0.022917651,3.0
3.6296385174361014,-0.9647198335435998,3.0,316.3491833896335,4.693039127813607,0.658,0.02292658735829827,0.658,0.0,0.022917651,3.0
3.6300098007168566,-0.9618232747145412,3.0,316.490587654303,4.69229716998745,0.659,0.0229265799976127,0.659,0.0,0.022917651,3.0
3.630381203371828,-0.9589257921034363,3.0,316.6332082920507,4.691554765893492,0.66,0.022926572574638062,0.66,0.0,0.022917651,3.0
3.630752727797829,-0.9560273671624469,3.0,316.7770697254027,4.690811906571498,0.6610000000000001,0.02292656508812371,0.661,0.0,0.022917651,3.0
3.6311243764562704,-0.9531279808438469,3.0,316.9221970351028,4.6900685828197455,0.662,0.022926557536785283,0.662,0.0,0.022917651,3.0
3.6314961518753526,-0.9502276135830685,3.0,317.06861598243734,4.689324785186832,0.663,0.022926549919303586,0.663,0.0,0.022917651,3.0
3.6318680566523427,-0.9473262452810514,3.0,317.21635303247547,4.6885805039631485,0.664,0.02292654223432336,0.664,0.0,0.022917651,3.0
3.6322400934559513,-0.9444238552858651,3.0,317.36543537826816,4.687835729171996,0.6650000000000001,0.022926534480452093,0.665,0.0,0.022917651,3.0
3.632612305799294,-0.9415206001498159,3.0,317.5158122893365,4.687090791378987,0.666,0.02292652665707295,0.666,0.0,0.022917651,3.0
3.6329848521871564,-0.9386171233739192,3.0,317.66721636258063,4.686346967944846,0.667,0.022926518765490775,0.667,0.0,0.022917651,3.0
3.633357542520186,-0.9357125507299641,3.0,317.82005306912987,4.685602624425216,0.6680000000000001,0.02292651080007903,0.668,0.0,0.022917651,3.0
3.633730379894717,-0.9328068586452647,3.0,317.97435322566326,4.684857749632789,0.6689999999999999,0.0229265027592496,0.669,0.0,0.022917651,3.0
3.6341033674965315,-0.9299000228661726,3.0,318.1301485390865,4.684112332057082,0.67,0.022926494641368495,0.67,0.0,0.022917651,3.0
3.6344765086041098,-0.926992018433307,3.0,318.2874716389115,4.6833663598526805,0.6710000000000002,0.02292648644475418,0.671,0.0,0.022917651,3.0
3.6348498065920283,-0.9240828196556985,3.0,318.4463561110598,4.682619820826967,0.672,0.02292647816767584,0.672,0.0,0.022917651,3.0
3.6352232649345066,-0.9211724000837854,3.0,318.60683653316335,4.681872702427305,0.673,0.022926469808351536,0.673,0.0,0.022917651,3.0
3.635596887209114,-0.9182607324812084,3.0,318.76894851143953,4.681124991727653,0.674,0.02292646136494633,0.674,0.0,0.022917651,3.0
3.6359706771006364,-0.9153477887953323,3.0,318.93272871922534,4.680376675414577,0.675,0.022926452835570297,0.675,0.0,0.022917651,3.0
3.636344638405129,-0.9124335401264376,3.0,319.09821493725593,4.6796277397726245,0.676,0.022926444218276432,0.676,0.0,0.022917651,3.0
3.636718775034146,-0.9095179566955036,3.0,319.2654460957814,4.67887817066904,0.677,0.02292643551105851,0.677,0.0,0.022917651,3.0
3.637093091019165,-0.9066010078105085,3.0,319.43446231862106,4.678127953537767,0.6780000000000002,0.02292642671184877,0.678,0.0,0.022917651,3.0
3.6374675905162195,-0.9036826618311707,3.0,319.60530496925895,4.677377073362717,0.679,0.022926417818515586,0.679,0.0,0.022917651,3.0
3.6378422778107495,-0.9007628861320424,3.0,319.77801669909223,4.6766255146602544,0.68,0.02292640882886095,0.68,0.0,0.022917651,3.0
3.638217157322675,-0.8978416470638637,3.0,319.95264149795116,4.675873261460856,0.6810000000000002,0.022926399740617883,0.681,0.0,0.022917651,3.0
3.6385922336117105,-0.894918909913087,3.0,320.129224747015,4.675120297289897,0.682,0.022926390551447705,0.682,0.0,0.022917651,3.0
3.638967511382942,-0.8919946388594623,3.0,320.3078132742593,4.67436660514753,0.683,0.02292638125893717,0.683,0.0,0.022917651,3.0
3.6393429954926604,-0.8890687969315809,3.0,320.4884554125756,4.673612167487579,0.6840000000000002,0.02292637186059549,0.684,0.0,0.022917651,3.0
3.639718690954491,-0.8861413459602556,3.0,320.6712010607159,4.672856966195417,0.685,0.022926362353851173,0.685,0.0,0.022917651,3.0
3.640094602945811,-0.8832122465296198,3.0,320.8561017472222,4.67210098256476,0.6860000000000002,0.02292635273604873,0.686,0.0,0.022917651,3.0
3.640470736814495,-0.8802814579258089,3.0,321.043210697515,4.671344197273307,0.687,0.022926343004445248,0.687,0.0,0.022917651,3.0
3.6408474806242106,-0.8773493249204125,3.0,321.2320973063339,4.670588507533256,0.6880000000000001,0.022926333140828748,0.6880000000000001,0.0,0.022917651,3.0
3.641224512340382,-0.8744154338657525,3.0,321.4232596220585,4.669832211361166,0.6890000000000002,0.02292632315659598,0.6890000000000001,0.0,0.022917651,3.0
3.6416017951047293,-0.8714796925381783,3.0,321.616813907112,4.6690750690764515,0.6900000000000001,0.022926313050479864,0.6900000000000001,0.0,0.022917651,3.0
3.641979335450477,-0.8685420527865912,3.0,321.81282240958285,4.668317058660065,0.6910000000000001,0.02292630281930853,0.6910000000000001,0.0,0.022917651,3.0
3.642357140139523,-0.8656024647745075,3.0,322.011349556367,4.667558157322243,0.6920000000000001,0.022926292459799092,0.6920000000000001,0.0,0.022917651,3.0
3.642735216172537,-0.862660876905668,3.0,322.2124620493379,4.666798341468495,0.6930000000000002,0.022926281968552738,0.6930000000000001,0.0,0.022917651,3.0
3.643113570799587,-0.8597172357456707,3.0,322.4162289666559,4.666037586663767,0.6940000000000002,0.02292627134204958,0.6940000000000001,0.0,0.022917651,3.0
3.643492211531355,-0.8567714859393819,3.0,322.6227218695395,4.6652758675946675,0.6950000000000001,0.022926260576643192,0.6950000000000001,0.0,0.022917651,3.0
3.6438711461509414,-0.8538235701238482,3.0,322.8320149148455,4.664513158029654,0.6960000000000002,0.022926249668554905,0.6960000000000001,0.0,0.022917651,3.0
3.644250382726339,-0.8508734288364324,3.0,323.04418497383125,4.6637494307770115,0.6970000000000001,0.02292623861386772,0.6970000000000001,0.0,0.022917651,3.0
3.644629929623584,-0.8479210004178547,3.0,323.25931175749736,4.662984657640526,0.6980000000000001,0.022926227408519944,0.6980000000000001,0.0,0.022917651,3.0
3.6450097955206475,-0.8449662209098144,3.0,323.4774779489402,4.66221880937266,0.6990000000000002,0.022926216048298437,0.6990000000000001,0.0,0.022917651,3.0
3.6453899894221107,-0.8420090239468299,3.0,323.6987693431775,4.661451855625093,0.7,0.0229262045288315,0.7000000000000001,0.0,0.022917651,3.0
3.6457933265713756,-0.839305238484273,3.0,323.8632942074971,4.660941338190932,0.7010000000000002,0.0229262035533393,0.7010000000000001,0.0,0.022917651,3.0
3.646196770831592,-0.8366006863180112,3.0,324.0287547572016,4.660430482495333,0.7020000000000001,0.022926202571082792,0.7020000000000001,0.0,0.022917651,3.0
3.6466003238074642,-0.8338953559615193,3.0,324.19516501044956,4.6599192834705665,0.7030000000000001,0.022926201581960643,0.7030000000000001,0.0,0.022917651,3.0
3.6470040316748715,-0.831189260456637,3.0,324.36248168477573,4.659407938994025,0.7039999999999998,0.022926200583259407,0.704,0.0,0.022917651,3.0
3.647408033338071,-0.8284824699174255,3.0,324.53054283810883,4.658897075202674,0.705,0.022926199566934636,0.705,0.0,0.022917651,3.0
3.6478121480576617,-0.825774874805365,3.0,324.69959972666607,4.658385859058759,0.706,0.022926198543641495,0.706,0.0,0.022917651,3.0
3.6482163775460545,-0.8230664629339671,3.0,324.86966743238315,4.657874285225359,0.7070000000000001,0.02292619751327445,0.707,0.0,0.022917651,3.0
3.6486207235504216,-0.8203572218693838,3.0,325.0407613433267,4.657362348257227,0.7080000000000001,0.0229261964757258,0.708,0.0,0.022917651,3.0
3.6490251878535784,-0.817647138924099,3.0,325.2128971615011,4.656850042598023,0.709,0.022926195430885664,0.709,0.0,0.022917651,3.0
3.6494297722748965,-0.8149362011504269,3.0,325.3860909108956,4.6563373625774735,0.71,0.02292619437864191,0.71,0.0,0.022917651,3.0
3.6498344786712513,-0.8122243953338089,3.0,325.5603589457802,4.655824302408425,0.711,0.022926193318880066,0.711,0.0,0.022917651,3.0
3.650239308937988,-0.809511707985902,3.0,325.73571795925903,4.655310856183831,0.712,0.022926192251483332,0.712,0.0,0.022917651,3.0
3.6506442650099253,-0.8067981253374511,3.0,325.9121849920915,4.654797017873618,0.7130000000000001,0.02292619117633244,0.713,0.0,0.022917651,3.0
3.6510493488623865,-0.8040836333309382,3.0,326.08977744178935,4.654282781321471,0.7140000000000001,0.022926190093305647,0.714,0.0,0.022917651,3.0
3.651454562512268,-0.801368217612999,3.0,326.2685130720029,4.6537681402415165,0.715,0.022926189002278635,0.715,0.0,0.022917651,3.0
3.6518599080191363,-0.7986518635265988,3.0,326.44841002220284,4.653253088214891,0.7159999999999999,0.022926187903124458,0.716,0.0,0.022917651,3.0
3.6522653874863638,-0.7959345561029593,3.0,326.6294868176723,4.652737618686205,0.717,0.02292618679571348,0.717,0.0,0.022917651,3.0
3.6526710030622986,-0.7932162800532256,3.0,326.81176237981924,4.652221724959895,0.7180000000000001,0.02292618567991328,0.718,0.0,0.022917651,3.0
3.653076756941473,-0.7904970197598657,3.0,326.9952560368213,4.651705400196461,0.719,0.022926184555588588,0.719,0.0,0.022917651,3.0
3.653482651365854,-0.7877767592677902,3.0,327.17998753461546,4.651188637408573,0.7200000000000001,0.022926183422601235,0.72,0.0,0.022917651,3.0
3.6538886886261284,-0.7850554822751822,3.0,327.3659770482462,4.650671429457053,0.7209999999999999,0.022926182280810014,0.721,0.0,0.022917651,3.0
3.6542949705415846,-0.7823335898598317,3.0,327.55299414449576,4.650154584116364,0.722,0.02292618115982683,0.722,0.0,0.022917651,3.0
3.654701405045986,-0.779610663857123,3.0,327.7413025851139,4.649637315512028,0.723,0.02292618003143986,0.723,0.0,0.022917651,3.0
3.655107991491376,-0.7768866736827288,3.0,327.9309319004932,4.649119590485988,0.724,0.022926178894577754,0.724,0.0,0.022917651,3.0
3.6555147324139448,-0.774161601573569,3.0,328.12190413858417,4.64860140141968,0.7250000000000001,0.02292617774909904,0.725,0.0,0.022917651,3.0
3.6559216304066404,-0.7714354293690171,3.0,328.31424184078,4.648082740524043,0.726,0.02292617659485908,0.726,0.0,0.022917651,3.0
3.656328688120771,-0.768708138499718,3.0,328.50796805579887,4.647563599834703,0.727,0.022926175431710005,0.727,0.0,0.022917651,3.0
3.656735908267652,-0.7659797099760228,3.0,328.7031063540365,4.647043971207029,0.728,0.022926174259500554,0.728,0.0,0.022917651,3.0
3.657143293620317,-0.7632501243760305,3.0,328.89968084240996,4.646523846310993,0.729,0.022926173078076068,0.729,0.0,0.022917651,3.0
3.65755084701528,-0.7605193618332188,3.0,329.09771617971114,4.646003216625875,0.73,0.022926171887278322,0.73,0.0,0.022917651,3.0
3.6579585713543676,-0.7577874020236479,3.0,329.29723759248935,4.645482073434767,0.7310000000000001,0.02292617068694546,0.731,0.0,0.022917651,3.0
3.658366469606602,-0.7550542241527183,3.0,329.49827089148675,4.644960407818892,0.7319999999999999,0.02292616947691187,0.732,0.0,0.022917651,3.0
3.6587745448101665,-0.7523198069414686,3.0,329.70084248864765,4.644438210651737,0.7329999999999999,0.02292616825700808,0.733,0.0,0.022917651,3.0
3.6591828000744226,-0.7495841286123897,3.0,329.90497941472563,4.643915472592957,0.734,0.022926167027060657,0.734,0.0,0.022917651,3.0
3.6595912385820144,-0.7468471668747373,3.0,330.1107093375128,4.643392184082086,0.735,0.022926165786892074,0.735,0.0,0.022917651,3.0
3.659999910034819,-0.7441090536610483,3.0,330.317974434475,4.642868675814278,0.736,0.02292616449617537,0.736,0.0,0.022917651,3.0
3.660408828063927,-0.7413698043289816,3.0,330.5267875182931,4.6423450176939784,0.737,0.02292616314757036,0.737,0.0,0.022917651,3.0
3.66081794010881,-0.7386292102572475,3.0,330.73728320280475,4.641820790924157,0.738,0.02292616178995957,0.738,0.0,0.022917651,3.0
3.66122724967385,-0.735887247156665,3.0,330.94949187976005,4.641295985233656,0.739,0.02292616042318033,0.739,0.0,0.022917651,3.0
3.6616367603483386,-0.7331438901495504,3.0,331.1634446772719,4.640770590102459,0.7400000000000001,0.02292615904706603,0.74,0.0,0.022917651,3.0
3.6620464758090634,-0.730399113751784,3.0,331.37917348225386,4.6402445947541064,0.741,0.022926157661446008,0.741,0.0,0.022917651,3.0
3.6624563998229895,-0.727652891854219,3.0,331.5967109636825,4.639717988147836,0.7420000000000001,0.022926156266145404,0.742,0.0,0.022917651,3.0
3.6628665362500383,-0.7249051977034006,3.0,331.8160905967221,4.639190758970423,0.7430000000000001,0.022926154860985055,0.743,0.0,0.022917651,3.0
3.6632768890459793,-0.7221560038815682,3.0,332.0373466877473,4.638662895627729,0.744,0.022926153445781337,0.744,0.0,0.022917651,3.0
3.6636874622654183,-0.7194052822859083,3.0,332.2605144003035,4.638134386235933,0.7450000000000001,0.022926152020346046,0.745,0.0,0.022917651,3.0
3.6640982600649044,-0.7166530041070225,3.0,332.4856297820465,4.63760521861241,0.7460000000000001,0.022926150584486247,0.746,0.0,0.022917651,3.0
3.6645092867061564,-0.7138991398065824,3.0,332.7127297927045,4.637075380266304,0.7470000000000001,0.022926149138004115,0.747,0.0,0.022917651,3.0
3.6649205574434496,-0.7111436554603839,3.0,332.94184839864664,4.636544898269667,0.748,0.022926147685130644,0.748,0.0,0.022917651,3.0
3.6653322385278817,-0.7083864716970946,3.0,333.17296884208815,4.6360143579105895,0.7490000000000001,0.022926146290650293,0.749,0.0,0.022917651,3.0
3.6657441611982433,-0.7056276198586426,3.0,333.406196095684,4.6354831158040035,0.75,0.022926144882908096,0.75,0.0,0.022917651,3.0
3.666156330129928,-0.7028670676629083,3.0,333.6415709323563,4.634951158369049,0.751,0.02292614346164739,0.751,0.0,0.022917651,3.0
3.6665687501197533,-0.7001047819893584,3.0,333.87913518395794,4.634418471672152,0.752,0.022926142026604847,0.752,0.0,0.022917651,3.0
3.666981426089934,-0.6973407288516508,3.0,334.11893177587535,4.633885041415495,0.753,0.022926140577510273,0.753,0.0,0.022917651,3.0
3.6673943630922023,-0.6945748733691567,3.0,334.36100476299583,4.633350852925044,0.7540000000000001,0.022926139114086346,0.754,0.0,0.022917651,3.0
3.6678075663120966,-0.691807179737351,3.0,334.6053993671048,4.632815891138087,0.7550000000000001,0.022926137636048418,0.755,0.0,0.022917651,3.0
3.668221041073424,-0.689037611197019,3.0,334.8521620157778,4.632280140590278,0.756,0.022926136143104223,0.756,0.0,0.022917651,3.0
3.668634792842898,-0.6862661300022241,3.0,335.10134038284014,4.631743585402168,0.7569999999999999,0.022926134634953677,0.757,0.0,0.022917651,3.0
3.6690488272349624,-0.683492697386975,3.0,335.35298343046435,4.631206209265177,0.758,0.022926133111288566,0.758,0.0,0.022917651,3.0
3.6694631871298595,-0.6807172784966231,3.0,335.6071259687486,4.63066814939641,0.759,0.02292613157009214,0.759,0.0,0.022917651,3.0
3.669877902151259,-0.6779398439623179,3.0,335.86381275392995,4.630129495277229,0.76,0.022926130009784978,0.76,0.0,0.022917651,3.0
3.6702929162577163,-0.6751603475951794,3.0,336.12312400791774,4.629589975632114,0.761,0.02292612843279879,0.761,0.0,0.022917651,3.0
3.670708235648816,-0.6723787466565102,3.0,336.38511413200854,4.629049572520012,0.762,0.022926126838787857,0.762,0.0,0.022917651,3.0
3.671123866696676,-0.6695949972181816,3.0,336.64983904150284,4.628508267500566,0.763,0.022926125227396805,0.763,0.0,0.022917651,3.0
3.6715398159519994,-0.6668090541209676,3.0,336.91735621874295,4.627966041616623,0.7640000000000001,0.02292612359826034,0.764,0.0,0.022917651,3.0
3.671956090150366,-0.6640208709311122,3.0,337.18772476839644,4.627422875376,0.7650000000000001,0.02292612195100283,0.765,0.0,0.022917651,3.0
3.672372696218808,-0.6612303998950463,3.0,337.4610054750963,4.626878748732481,0.7660000000000001,0.02292612028523798,0.766,0.0,0.022917651,3.0
3.672789641282654,-0.6584375918921601,3.0,337.73726086355657,4.6263336410659806,0.767,0.022926118600568438,0.767,0.0,0.022917651,3.0
3.673206944263872,-0.6556423755572898,3.0,338.0165506126362,4.625787556645414,0.768,0.022926116893395642,0.768,0.0,0.022917651,3.0
3.673624816982462,-0.6528443343935478,3.0,338.29886187140505,4.625240925378575,0.7690000000000001,0.02292611510599837,0.769,0.0,0.022917651,3.0
3.6740430542186826,-0.6500437999984909,3.0,338.5843508385962,4.624693259011574,0.77,0.022926113295541797,0.77,0.0,0.022917651,3.0
3.674461664024402,-0.6472407172988844,3.0,338.8730877069276,4.624144534679982,0.7710000000000001,0.022926111461516564,0.771,0.0,0.022917651,3.0
3.674880654690389,-0.6444350295874376,3.0,339.16514475177723,4.623594728840969,0.772,0.0229261096033982,0.772,0.0,0.022917651,3.0
3.675300034755244,-0.6416266784617466,3.0,339.46059640900245,4.62304381724795,0.7730000000000001,0.022926107720646557,0.773,0.0,0.022917651,3.0
3.6757198130147284,-0.638815603760479,3.0,339.75951935627484,4.622491774924099,0.7739999999999999,0.022926105812705207,0.774,0.0,0.022917651,3.0
3.676139998531518,-0.6360017434966536,3.0,340.06199259811814,4.6219385761346485,0.775,0.022926103879000865,0.775,0.0,0.022917651,3.0
3.6765606006454057,-0.6331850337878602,3.0,340.3680975548452,4.621384194357913,0.7760000000000001,0.022926101918942676,0.776,0.0,0.022917651,3.0
3.676981665025677,-0.6303653502904302,3.0,340.67798093463966,4.620828688876199,0.777,0.022926099922634658,0.777,0.0,0.022917651,3.0
3.677403167761224,-0.627542690382442,3.0,340.99167890786816,4.6202719606392435,0.778,0.022926097897265463,0.778,0.0,0.022917651,3.0
3.6778251127235477,-0.6247169957130415,3.0,341.30927008235557,4.619713966628488,0.7790000000000001,0.022926095843726235,0.779,0.0,0.022917651,3.0
3.6782475103116075,-0.6218881949198339,3.0,341.63084600670373,4.619154677079269,0.7800000000000001,0.022926093761354557,0.78,0.0,0.022917651,3.0
3.6786703712529807,-0.6190562143852997,3.0,341.95650112254424,4.618594061286332,0.7810000000000001,0.022926091649467076,0.781,0.0,0.022917651,3.0
3.679093706616948,-0.616220978147005,3.0,342.28633287972696,4.618032087566374,0.782,0.022926089507358676,0.782,0.0,0.022917651,3.0
3.679517527828205,-0.6133824078034874,3.0,342.6204418570554,4.617468723218797,0.7830000000000001,0.02292608733430161,0.783,0.0,0.022917651,3.0
3.6799419416847643,-0.6105401813351066,3.0,342.9589579063719,4.616904071195933,0.7839999999999999,0.02292608516112451,0.784,0.0,0.022917651,3.0
3.6803669351532924,-0.6076942858817095,3.0,343.30198516923826,4.616338066919061,0.785,0.0229260829857908,0.785,0.0,0.022917651,3.0
3.6807924524870357,-0.6048448105564826,3.0,343.6496166278075,4.615770578062635,0.786,0.022926080786875233,0.786,0.0,0.022917651,3.0
3.68121850669519,-0.6019916664601181,3.0,344.0019666185217,4.61520156775994,0.787,0.0229260785637922,0.787,0.0,0.022917651,3.0
3.681645111221292,-0.5991347617252134,3.0,344.3591532951926,4.614630997913395,0.788,0.022926076315936537,0.788,0.0,0.022917651,3.0
3.6820722799614973,-0.5962740013913559,3.0,344.72129878965706,4.614058829142737,0.789,0.022926074042682702,0.789,0.0,0.022917651,3.0
3.682500037997713,-0.5934092487251209,3.0,345.08853644612867,4.613485025616585,0.79,0.02292607174591869,0.79,0.0,0.022917651,3.0
3.682928511529898,-0.5905400057085987,3.0,345.46107139555266,4.612909600337963,0.791,0.022926069448559853,0.791,0.0,0.022917651,3.0
3.6833575926395663,-0.5876666146753897,3.0,345.8389580919197,4.612332457484867,0.792,0.022926067118317902,0.792,0.0,0.022917651,3.0
3.683787297143148,-0.584788967644522,3.0,346.2223358516506,4.611753552345482,0.793,0.02292606475433683,0.793,0.0,0.022917651,3.0
3.684217641410852,-0.5819069528542758,3.0,346.6113488690644,4.611172838642487,0.7940000000000002,0.022926062355730643,0.794,0.0,0.022917651,3.0
3.684648642391121,-0.5790204545952532,3.0,347.00614643175135,4.610590268463952,0.7949999999999999,0.022926059921582077,0.795,0.0,0.022917651,3.0
3.685080356994786,-0.5761292142501434,3.0,347.40690544428537,4.61000580927761,0.796,0.02292605741626139,0.796,0.0,0.022917651,3.0
3.685512889778984,-0.5732328047582415,3.0,347.81383461038246,4.609419448674654,0.797,0.022926054762099256,0.797,0.0,0.022917651,3.0
3.6859461313151316,-0.5703315510452535,3.0,348.2270265088177,4.608831078859983,0.7980000000000002,0.022926052070675367,0.798,0.0,0.022917651,3.0
3.68638010098656,-0.5674253206288038,3.0,348.6466524161794,4.60824064488459,0.799,0.022926049340970662,0.799,0.0,0.022917651,3.0
3.6868148188899115,-0.5645139761511387,3.0,349.07288991206775,4.607648089777336,0.8000000000000002,0.022926046571928583,0.8,0.0,0.022917651,3.0
3.687189270534433,-0.5620180278631939,3.0,349.1931362497812,4.60716147235679,0.801,0.022926046270607382,0.801,0.0,0.022917651,3.0
3.6875637981322216,-0.5595210226131321,3.0,349.31488904183146,4.606674101801417,0.8020000000000002,0.022926045966358742,0.802,0.0,0.022917651,3.0
3.687938487534471,-0.5570225861383153,3.0,349.4382068105751,4.606185945686622,0.803,0.022926045653214943,0.803,0.0,0.022917651,3.0
3.6883132639745444,-0.5545230270823218,3.0,349.5630774232164,4.605697014982875,0.804,0.02292604533649927,0.804,0.0,0.022917651,3.0
3.6886881192066383,-0.5520223710045935,3.0,349.68951634511257,4.60520730243664,0.805,0.022926045016823084,0.805,0.0,0.022917651,3.0
3.6890630542304277,-0.5495206039866473,3.0,349.8175434742162,4.604716798128281,0.8060000000000002,0.022926044694148818,0.806,0.0,0.022917651,3.0
3.689438070062571,-0.5470177118735446,3.0,349.94717904651685,4.604225491969632,0.807,0.022926044368438283,0.807,0.0,0.022917651,3.0
3.689813167737071,-0.5445136802688504,3.0,350.07844364325024,4.603733373700422,0.808,0.022926044039652614,0.808,0.0,0.022917651,3.0
3.6901883483056483,-0.5420084945294593,3.0,350.2113581982928,4.603240432884574,0.8090000000000002,0.022926043707752308,0.809,0.0,0.022917651,3.0
3.6905636128381216,-0.5395021397602907,3.0,350.3459440057465,4.60274665890643,0.8100000000000002,0.022926043372697158,0.81,0.0,0.022917651,3.0
3.6909389624227957,-0.5369946008088453,3.0,350.48222272772114,4.602252040966871,0.8110000000000003,0.02292604303444628,0.811,0.0,0.022917651,3.0
3.6913144083441654,-0.5344858051387957,3.0,350.6202379772123,4.601756552731129,0.8120000000000002,0.022926042692960724,0.812,0.0,0.022917651,3.0
3.691689975515536,-0.5319756045174894,3.0,350.76006318601424,4.601260148063457,0.8130000000000002,0.022926042348205264,0.8130000000000001,0.0,0.022917651,3.0
3.692065631533869,-0.5294641718959723,3.0,350.9016504200134,4.600762866770517,0.8140000000000002,0.022926042000128582,0.8140000000000001,0.0,0.022917651,3.0
3.6924413775709364,-0.5269514910258158,3.0,351.0450229179569,4.6002646972908,0.8150000000000002,0.022926041648686866,0.8150000000000001,0.0,0.022917651,3.0
3.692817214819208,-0.5244375453716028,3.0,351.19020432904654,4.59976562785859,0.8160000000000002,0.022926041293835554,0.8160000000000001,0.0,0.022917651,3.0
3.6931931444923056,-0.5219223181045634,3.0,351.33721872204137,4.599265646499434,0.8170000000000002,0.02292604093552926,0.8170000000000001,0.0,0.022917651,3.0
3.693569167825481,-0.519405792096041,3.0,351.4860905946034,4.598764741025502,0.8180000000000001,0.02292604057372183,0.8180000000000001,0.0,0.022917651,3.0
3.693945286076097,-0.516887949910782,3.0,351.6368448828939,4.598262899030801,0.8190000000000001,0.022926040208366246,0.8190000000000001,0.0,0.022917651,3.0
3.6943215005241203,-0.5143687738000455,3.0,351.78950697142886,4.597760107886282,0.8200000000000001,0.022926039839414665,0.8200000000000001,0.0,0.022917651,3.0
3.6946978924121496,-0.5118479215933835,3.0,351.9441518668482,4.597256349682874,0.8210000000000001,0.02292603947152758,0.8210000000000001,0.0,0.022917651,3.0
3.6950745499425057,-0.5093250172254788,3.0,352.1008670885523,4.5967516003948665,0.822,0.022926039110757662,0.8220000000000001,0.0,0.022917651,3.0
3.6954513049118547,-0.5068007265941665,3.0,352.2595791032324,4.5962458546103715,0.8230000000000002,0.0229260387475878,0.8230000000000001,0.0,0.022917651,3.0
3.6958281586473607,-0.5042750308178968,3.0,352.4203151081338,4.595739098756643,0.8240000000000001,0.022926038381985307,0.8240000000000001,0.0,0.022917651,3.0
3.6962051125004,-0.5017479106706552,3.0,352.5831027966735,4.595231319013324,0.8250000000000001,0.022926038013916905,0.8250000000000001,0.0,0.022917651,3.0
3.696582167847116,-0.49921934657407174,3.0,352.7479703698064,4.594722501306772,0.8260000000000002,0.02292603764334869,0.8260000000000001,0.0,0.022917651,3.0
3.6969593260889884,-0.49668931858931115,3.0,352.9149465477065,4.594212631304228,0.8270000000000002,0.022926037270246145,0.8270000000000001,0.0,0.022917651,3.0
3.697336588653419,-0.494157806408739,3.0,353.08406058177087,4.593701694407827,0.8280000000000002,0.022926036894574117,0.8280000000000001,0.0,0.022917651,3.0
3.697713951312664,-0.4916247700880095,3.0,353.2553456957211,4.593189633882163,0.8290000000000002,0.02292603652362592,0.8290000000000001,0.0,0.022917651,3.0
3.698091382292785,-0.48909006337395683,3.0,353.428852012034,4.592676177103637,0.8300000000000003,0.02292603620471152,0.8300000000000001,0.0,0.022917651,3.0
3.698468927137616,-0.4865538039191266,3.0,353.6045837976733,4.5921616229918145,0.8310000000000001,0.02292603588457668,0.8310000000000001,0.0,0.022917651,3.0
3.698846587467934,-0.4840159696214394,3.0,353.7825727304959,4.591645955926995,0.8320000000000002,0.02292603556320403,0.8320000000000001,0.0,0.022917651,3.0
3.6992243649354246,-0.4814765379573411,3.0,353.96285109243826,4.591129159991615,0.8330000000000001,0.02292603524057586,0.833,0.0,0.022917651,3.0
3.6996022612234185,-0.47893548597170704,3.0,354.1454517839852,4.590611218963122,0.8340000000000001,0.022926034916674127,0.834,0.0,0.022917651,3.0
3.699980278047658,-0.47639279026745807,3.0,354.3304083390555,4.590092116306628,0.8350000000000001,0.022926034591480442,0.835,0.0,0.022917651,3.0
3.7003584171570774,-0.4738484269948711,3.0,354.5177549403202,4.589571835167359,0.8360000000000001,0.022926034264976067,0.836,0.0,0.022917651,3.0
3.700736709910995,-0.471302103227722,3.0,354.70761584969614,4.589050207132672,0.8370000000000001,0.022926033922231255,0.837,0.0,0.022917651,3.0
3.7011151570498204,-0.46875379309507975,3.0,354.9000303916412,4.5885272093989595,0.838,0.02292603355960909,0.838,0.0,0.022917651,3.0
3.7014937304634787,-0.4662037396667517,3.0,355.0949466147629,4.588002973555225,0.8390000000000001,0.022926033190738847,0.839,0.0,0.022917651,3.0
3.701872432016037,-0.4636519172081933,3.0,355.2924014488978,4.587477481324481,0.8400000000000001,0.022926032815528293,0.84,0.0,0.022917651,3.0
3.7022512636084373,-0.4610982994758309,3.0,355.49243255435533,4.586950714068218,0.8410000000000001,0.022926032433883366,0.841,0.0,0.022917651,3.0
3.7026302271794096,-0.4585428597044127,3.0,355.69507834006794,4.586422652777426,0.8420000000000001,0.022926032045708138,0.842,0.0,0.022917651,3.0
3.703009324706412,-0.4559855705939821,3.0,355.9003779822858,4.585893278063339,0.8430000000000001,0.022926031650904767,0.843,0.0,0.022917651,3.0
3.7033886535862255,-0.45342591594534215,3.0,356.1084596484661,4.585362464207472,0.844,0.02292603124415752,0.844,0.0,0.022917651,3.0
3.7037682523000273,-0.45086367902869445,3.0,356.31940230880014,4.584830148603739,0.8449999999999999,0.022926030823514496,0.845,0.0,0.022917651,3.0
3.7041479902447625,-0.44829950959694465,3.0,356.5331266110968,4.584296457291864,0.8460000000000001,0.022926030396189286,0.846,0.0,0.022917651,3.0
3.704527869538597,-0.4457333782500968,3.0,356.74967487340155,4.5837613693427395,0.8469999999999999,0.02292602996208023,0.847,0.0,0.022917651,3.0
3.704907892342881,-0.443165254988753,3.0,356.9690902765332,4.58322486340056,0.848,0.022926029521083576,0.848,0.0,0.022917651,3.0
3.7052880608632575,-0.44059510919875905,3.0,357.1914168861841,4.582686917671895,0.849,0.02292602907309349,0.849,0.0,0.022917651,3.0
3.705668377350801,-0.43802290963537643,3.0,357.41669967570283,4.582147509914408,0.8500000000000001,0.022926028618001932,0.85,0.0,0.022917651,3.0
3.70604878637858,-0.43544818584578315,3.0,357.6450212601196,4.5816059475079625,0.851,0.022926028110113204,0.851,0.0,0.022917651,3.0
3.7064293434152225,-0.4328712532412789,3.0,357.87639931041605,4.581062768326292,0.8520000000000001,0.022926027587656828,0.852,0.0,0.022917651,3.0
3.706810062620066,-0.43029216184953595,3.0,358.11087499122215,4.5805180791430615,0.853,0.022926027059420484,0.853,0.0,0.022917651,3.0
3.707190946569143,-0.42771087737835745,3.0,358.3484975082001,4.579971855971993,0.854,0.022926026525312365,0.854,0.0,0.022917651,3.0
3.7075719978933344,-0.4251273648053741,3.0,358.5893171147316,4.579424074316076,0.855,0.022926025985238706,0.855,0.0,0.022917651,3.0
3.7079532192798412,-0.422541588358507,3.0,358.8333851399526,4.578874709153904,0.856,0.022926025439103725,0.856,0.0,0.022917651,3.0
3.708334634190211,-0.41995313056813316,3.0,359.0809365108937,4.5783234372627915,0.857,0.022926025007603452,0.857,0.0,0.022917651,3.0
3.7087162316542006,-0.417362153013504,3.0,359.33193063724144,4.577770376033946,0.858,0.022926024632811577,0.858,0.0,0.022917651,3.0
3.7090980043508557,-0.4147687936344599,3.0,359.58633806504645,4.577215633920356,0.859,0.022926024259890716,0.859,0.0,0.022917651,3.0
3.7094799551494453,-0.4121730134308918,3.0,359.8442146838728,4.576659183399129,0.86,0.022926023888871515,0.86,0.0,0.022917651,3.0
3.7098620869822247,-0.4095747725465655,3.0,360.10561761016555,4.5761009963432,0.861,0.02292602351978528,0.861,0.0,0.022917651,3.0
3.71024440284617,-0.40697403024549905,3.0,360.37060522110175,4.575541044004654,0.862,0.022926023152664007,0.862,0.0,0.022917651,3.0
3.7106268664496933,-0.4043697135112393,3.0,360.63955146145037,4.574978104940687,0.863,0.02292602263535304,0.863,0.0,0.022917651,3.0
3.711009511101954,-0.4017627202631343,3.0,360.9122364781356,4.574413213181658,0.864,0.022926022095891414,0.864,0.0,0.022917651,3.0
3.711392343229271,-0.3991531012447802,3.0,361.1886939883506,4.573846445467827,0.865,0.022926021547535255,0.865,0.0,0.022917651,3.0
3.7117753659867185,-0.3965408122662555,3.0,361.46898748058686,4.573277770228155,0.866,0.022926020990134882,0.866,0.0,0.022917651,3.0
3.7121585826005723,-0.39392580814046346,3.0,361.7531818759966,4.572707155179179,0.867,0.022926020423537218,0.867,0.0,0.022917651,3.0
3.712542031255409,-0.39130756492231983,3.0,362.0414746663666,4.572134230298796,0.8680000000000001,0.022926019851265144,0.868,0.0,0.022917651,3.0
3.7129257169103114,-0.38868605550961877,3.0,362.33393387972507,4.571558988381155,0.8690000000000001,0.022926019272769833,0.869,0.0,0.022917651,3.0
3.7133096100582246,-0.38606169738680085,3.0,362.63050305235424,4.570981727762993,0.8700000000000001,0.022926018684219496,0.87,0.0,0.022917651,3.0
3.7136937142877566,-0.38343444128515486,3.0,362.93125326638864,4.570402413530691,0.871,0.022926018085440227,0.871,0.0,0.022917651,3.0
3.7140780332707553,-0.3808042367932392,3.0,363.2362572526305,4.569821009960852,0.872,0.0229260174762541,0.872,0.0,0.022917651,3.0
3.714462548802879,-0.37817072929828627,3.0,363.5457130517021,4.569237091141543,0.8730000000000001,0.022926016850729886,0.873,0.0,0.022917651,3.0
3.7148472540009374,-0.37553375025523134,3.0,363.8597457550429,4.568650461556107,0.874,0.022926016207483683,0.874,0.0,0.022917651,3.0
3.715232181635818,-0.3728936573531821,3.0,364.178266031788,4.568061607908158,0.875,0.022926015554560437,0.875,0.0,0.022917651,3.0
3.7156173356627216,-0.3702503952238561,3.0,364.5013536765692,4.567470490651099,0.876,0.022926014891788065,0.876,0.0,0.022917651,3.0
3.7160027201311827,-0.3676039071784546,3.0,364.8290903870952,4.56687706929516,0.877,0.0229260142189904,0.877,0.0,0.022917651,3.0
3.716388476037237,-0.3649530784183271,3.0,365.16177174575904,4.566280788665811,0.878,0.022926013532190145,0.878,0.0,0.022917651,3.0
3.7167745517344026,-0.36229827874306886,3.0,365.4994013326433,4.565681813598711,0.879,0.022926012834456493,0.879,0.0,0.022917651,3.0
3.7171608703140886,-0.35964007423171934,3.0,365.8419419367825,4.565080405088775,0.88,0.022926012128277842,0.88,0.0,0.022917651,3.0
3.7175474362118828,-0.35697840270421005,3.0,366.1894832445467,4.564476518695789,0.8809999999999999,0.022926011413499987,0.881,0.0,0.022917651,3.0
3.7179341979319505,-0.35431309525148225,3.0,366.54217962816796,4.563869780315957,0.882,0.022926010723245745,0.882,0.0,0.022917651,3.0
3.7183207649002767,-0.3516433748980612,3.0,366.900551038198,4.563257856285812,0.883,0.02292601029117788,0.883,0.0,0.022917651,3.0
3.7187075714545923,-0.34897000661917443,3.0,367.2642019253875,4.5626432428891555,0.8840000000000001,0.022926009861268262,0.884,0.0,0.022917651,3.0
3.719094622028668,-0.3462929229064268,3.0,367.6332299915767,4.562025890356651,0.885,0.02292600943355682,0.885,0.0,0.022917651,3.0
3.7194819211663557,-0.34361205457533955,3.0,368.00773536432536,4.561405747683308,0.8860000000000001,0.022926009008084492,0.886,0.0,0.022917651,3.0
3.719869507798349,-0.34092671829115917,3.0,368.3881263188223,4.56078227901265,0.8870000000000001,0.022926008296812385,0.887,0.0,0.022917651,3.0
3.720257359972205,-0.33823733444777954,3.0,368.7742700749315,4.560155823043632,0.888,0.022926007516841936,0.888,0.0,0.022917651,3.0
3.7206454756156306,-0.3355439547339843,3.0,369.1662123010087,4.559526424819,0.889,0.022926006725860197,0.889,0.0,0.022917651,3.0
3.721033859750629,-0.3328465029843309,3.0,369.5640635219167,4.558894028256303,0.89,0.022926005923657268,0.89,0.0,0.022917651,3.0
3.7214225949368718,-0.3301432279684934,3.0,369.9682082625026,4.558257218322186,0.8910000000000001,0.022926005101215112,0.891,0.0,0.022917651,3.0
3.7218116276864373,-0.327435198880694,3.0,370.37857687301783,4.557616846327613,0.892,0.02292600426435349,0.892,0.0,0.022917651,3.0
3.7222009395494124,-0.3247228311902373,3.0,370.79520786991634,4.556973252189039,0.893,0.02292600341546302,0.893,0.0,0.022917651,3.0
3.7225905359758125,-0.3220060401808244,3.0,371.21822353362757,4.556326372990328,0.894,0.022926002554308808,0.894,0.0,0.022917651,3.0
3.722980453901334,-0.3192838074935847,3.0,371.6481703466355,4.555675339764552,0.895,0.022926001685158116,0.895,0.0,0.022917651,3.0
3.7233706679757974,-0.31655691790737184,3.0,372.084790337527,4.555020834411477,0.896,0.02292600080412965,0.896,0.0,0.022917651,3.0
3.723761181398435,-0.3138253565577154,3.0,372.52818112372273,4.554362854732588,0.897,0.022925999910636267,0.897,0.0,0.022917651,3.0
3.724152073654656,-0.31108850018583206,3.0,372.9785873711121,4.553701093289222,0.898,0.022925999004446387,0.898,0.0,0.022917651,3.0
3.724543479839106,-0.30834532942629295,3.0,373.4363472936316,4.553035067438852,0.899,0.02292599808533077,0.899,0.0,0.022917651,3.0
3.7249352108528755,-0.30559715834119516,3.0,373.9013169987899,4.552365340530945,0.9000000000000001,0.02292599715297831,0.9,0.0,0.022917651,3.0
3.725241661791797,-0.30329011876331335,3.0,374.0870788113664,4.551741676913497,0.901,0.02292599691638966,0.901,0.0,0.022917651,3.0
3.7255481579479954,-0.3009816139575359,3.0,374.2751133316659,4.551116728981292,0.902,0.022925996679431567,0.902,0.0,0.022917651,3.0
3.725854713977347,-0.298670727133014,3.0,374.4656940214503,4.55048964567934,0.903,0.022925996734978617,0.903,0.0,0.022917651,3.0
3.726161318911555,-0.2963583029857084,3.0,374.6586107484814,4.549861220848605,0.904,0.022925996798043552,0.904,0.0,0.022917651,3.0
3.7264679727673595,-0.2940443607363544,3.0,374.8538797469996,4.549231473486873,0.905,0.022925996856741678,0.905,0.0,0.022917651,3.0
3.726774676096866,-0.2917288832523763,3.0,375.0515275636192,4.548600388668684,0.906,0.022925996911023715,0.906,0.0,0.022917651,3.0
3.7270814294605175,-0.28941185314242457,3.0,375.2515811459192,4.547967951243152,0.907,0.022925996960839645,0.907,0.0,0.022917651,3.0
3.7273882407544923,-0.2870929577621557,3.0,375.4541636618864,4.547333878182448,0.908,0.02292599690589703,0.908,0.0,0.022917651,3.0
3.7276951179144793,-0.28477187469539356,3.0,375.65940496680776,4.5466978769297395,0.9090000000000003,0.02292599664608647,0.909,0.0,0.022917651,3.0
3.728002046590372,-0.282449182807186,3.0,375.867140965926,4.54606047300571,0.91,0.02292599638600629,0.91,0.0,0.022917651,3.0
3.7283090273742787,-0.28012486360628824,3.0,376.0774003324055,4.545421650288534,0.911,0.022925996125653398,0.911,0.0,0.022917651,3.0
3.728616060867415,-0.27779889831698923,3.0,376.29021218051315,4.54478139240837,0.912,0.02292599586502464,0.912,0.0,0.022917651,3.0
3.7289231476802795,-0.275471267873621,3.0,376.5056060741335,4.544139682742576,0.9130000000000003,0.022925995604116824,0.913,0.0,0.022917651,3.0
3.7292302866610934,-0.27314079985980816,3.0,376.72402630443,4.543495345400197,0.9140000000000001,0.022925995345600626,0.914,0.0,0.022917651,3.0
3.7295374618897235,-0.27080855286820127,3.0,376.9451360766918,4.542849374016475,0.915,0.02292599508690573,0.915,0.0,0.022917651,3.0
3.729844673355278,-0.26847457701517186,3.0,377.16894167862915,4.542201818587714,0.9160000000000003,0.02292599482786421,0.916,0.0,0.022917651,3.0
3.730151921478095,-0.2661388522463667,3.0,377.39547438118115,4.541552660739396,0.9170000000000001,0.022925994568472025,0.917,0.0,0.022917651,3.0
3.730459206685041,-0.2638013581960616,3.0,377.6247659408108,4.540901881811711,0.918,0.02292599430872511,0.918,0.0,0.022917651,3.0
3.730766558463692,-0.26146131859345506,3.0,377.8571825459428,4.5402488230796365,0.9189999999999999,0.02292599410160315,0.919,0.0,0.022917651,3.0
3.7310739535670936,-0.2591192713882069,3.0,378.092526614578,4.539593930071418,0.9200000000000002,0.022925993915413674,0.92,0.0,0.022917651,3.0
3.731381384169331,-0.2567754029137038,3.0,378.3307416874893,4.538937357961558,0.921,0.02292599373659284,0.921,0.0,0.022917651,3.0
3.7316888506873136,-0.25442969178046376,3.0,378.5718614825332,4.53827908703023,0.922,0.022925993565227176,0.922,0.0,0.022917651,3.0
3.731996353544502,-0.2520821162627495,3.0,378.81592024763,4.537619097247601,0.9230000000000002,0.022925993401404585,0.923,0.0,0.022917651,3.0
3.7323039098957698,-0.24973169069874832,3.0,379.0632327537613,4.536956474471913,0.9240000000000002,0.022925993168143675,0.924,0.0,0.022917651,3.0
3.7326115042849444,-0.24737916380864075,3.0,379.31361474554,4.536291903008613,0.9250000000000002,0.02292599292044182,0.925,0.0,0.022917651,3.0
3.7329191337139025,-0.24502469671558538,3.0,379.5670491188525,4.535625531410224,0.926,0.0229259926724235,0.926,0.0,0.022917651,3.0
3.733226798602107,-0.24266826619340653,3.0,379.8235724137679,4.534957338127322,0.9270000000000003,0.022925992424084923,0.927,0.0,0.022917651,3.0
3.7335345033768177,-0.24030975499536933,3.0,380.08325198675027,4.53428722337737,0.9280000000000002,0.022925992201300722,0.928,0.0,0.022917651,3.0
3.7338422836752367,-0.23794829678350057,3.0,380.34639841538933,4.533614461276419,0.929,0.02292599223229722,0.929,0.0,0.022917651,3.0
3.7341500997046593,-0.23558479327905296,3.0,380.6127518837889,4.532939796867957,0.9300000000000003,0.02292599225730166,0.93,0.0,0.022917651,3.0
3.73445795190006,-0.2332192195834358,3.0,380.88235143319463,4.532263206994042,0.9310000000000002,0.022925992276241102,0.931,0.0,0.022917651,3.0
3.7347658407035036,-0.23085155039227093,3.0,381.1552367411313,4.531584668119307,0.932,0.022925992289041408,0.932,0.0,0.022917651,3.0
3.73507380267275,-0.228480977512215,3.0,381.43165961335967,4.530903515859197,0.933,0.02292599215248418,0.933,0.0,0.022917651,3.0
3.735381835052569,-0.22610756269566631,3.0,381.7116444075968,4.530219801205351,0.9340000000000003,0.0229259918869254,0.934,0.0,0.022917651,3.0
3.735689906481263,-0.22373197494143568,3.0,381.99504703656794,4.529534069860254,0.935,0.0229259916209241,0.935,0.0,0.022917651,3.0
3.735998017443211,-0.22135418729550285,3.0,382.2819098965127,4.528846296808035,0.9360000000000002,0.022925991354474783,0.936,0.0,0.022917651,3.0
3.7363061896167378,-0.2189739817254499,3.0,382.5723469120652,4.528156351920505,0.937,0.022925991087055342,0.937,0.0,0.022917651,3.0
3.7366145239737696,-0.21659041342235283,3.0,382.86674757426687,4.5274636998294415,0.9380000000000001,0.02292599081613379,0.9380000000000001,0.0,0.022917651,3.0
3.736922897266581,-0.21420455786720644,3.0,383.1647500774372,4.52676891600241,0.9390000000000001,0.022925990544663415,0.9390000000000001,0.0,0.022917651,3.0
3.737231309985004,-0.2118163862850558,3.0,383.46639973482075,4.526071973620936,0.9400000000000002,0.022925990272637316,0.9400000000000001,0.0,0.022917651,3.0
3.7375397626271267,-0.20942586941623942,3.0,383.77174262295193,4.5253728454147994,0.9410000000000001,0.02292599000004847,0.9410000000000001,0.0,0.022917651,3.0
3.7378482879499693,-0.2070318983197925,3.0,384.08125512413164,4.524670547724306,0.9420000000000001,0.022925989728558124,0.9420000000000001,0.0,0.022917651,3.0
3.738156857077228,-0.20463543922195437,3.0,384.39459297800244,4.523965936918838,0.9430000000000001,0.022925989456767958,0.9430000000000001,0.0,0.022917651,3.0
3.738465468256663,-0.20223653812312467,3.0,384.7117743255185,4.523259052411957,0.9440000000000001,0.022925989184558956,0.9440000000000001,0.0,0.022917651,3.0
3.7387741220288166,-0.19983516363365958,3.0,385.0328485712036,4.522549864977348,0.9450000000000002,0.02292598891192573,0.9450000000000001,0.0,0.022917651,3.0
3.7390828117187382,-0.19743003744755697,3.0,385.35836962914567,4.5218370729245425,0.9460000000000001,0.02292598863657016,0.9460000000000001,0.0,0.022917651,3.0
3.739391539576659,-0.1950221989771565,3.0,385.6879677571233,4.521121721823187,0.9470000000000001,0.022925988360432012,0.9470000000000001,0.0,0.022917651,3.0
3.7397003068448464,-0.1926117945391511,3.0,386.02162327507796,4.520403962484211,0.9480000000000002,0.022925988083833154,0.9480000000000001,0.0,0.022917651,3.0
3.7400091140359755,-0.19019879075371152,3.0,386.3593889642621,4.5196837635796445,0.9490000000000001,0.022925987806767596,0.9490000000000001,0.0,0.022917651,3.0
3.7403180067041957,-0.18778197548270353,3.0,386.7018194356307,4.518960096990611,0.9500000000000001,0.02292598763683097,0.9500000000000001,0.0,0.022917651,3.0
3.740626944226444,-0.18536244717917072,3.0,387.0484965014186,4.518233896877461,0.9510000000000002,0.022925987467012184,0.9510000000000001,0.0,0.022917651,3.0
3.7409359254898598,-0.18294021573514507,3.0,387.399456877655,4.517505168610912,0.9520000000000001,0.022925987293078213,0.9520000000000001,0.0,0.022917651,3.0
3.7412449711236775,-0.1805149529590164,3.0,387.7548651528738,4.516773665875931,0.9530000000000001,0.02292598711828649,0.9530000000000001,0.0,0.022917651,3.0
3.7415541474977516,-0.17808566449162985,3.0,388.11513757570054,4.5160386576776785,0.9540000000000002,0.022925986953162614,0.9540000000000001,0.0,0.022917651,3.0
3.7418633699021226,-0.1756535584461504,3.0,388.47987690052037,4.515301016006128,0.9550000000000001,0.022925986783360587,0.9550000000000001,0.0,0.022917651,3.0
3.742172638953668,-0.1732185970628215,3.0,388.8491429904945,4.514560705568803,0.9560000000000001,0.022925986608817724,0.9560000000000001,0.0,0.022917651,3.0
3.742481965350161,-0.17077987230714398,3.0,389.2233064639601,4.5138168596714205,0.9570000000000001,0.022925986362450062,0.9570000000000001,0.0,0.022917651,3.0
3.7427913472521888,-0.16833749628130407,3.0,389.60238075648414,4.513069583157123,0.9580000000000002,0.022925986059777727,0.9580000000000001,0.0,0.022917651,3.0
3.7431007768976983,-0.1658921365137531,3.0,389.9861787310075,4.5123195136392,0.9590000000000002,0.0229259857564498,0.9590000000000001,0.0,0.022917651,3.0
3.743410237394915,-0.1634437195987343,3.0,390.3747764937159,4.511566510292396,0.96,0.02292598545262941,0.96,0.0,0.022917651,3.0
3.7437192950348765,-0.16099137122196663,3.0,390.76853880879145,4.5108079679595505,0.961,0.02292598515276536,0.961,0.0,0.022917651,3.0
3.744028420133232,-0.15853590133845366,3.0,391.16723201391204,4.510046574065808,0.962,0.02292598485242905,0.962,0.0,0.022917651,3.0
3.744337613635144,-0.156077266212561,3.0,391.5709251960994,4.509282288657766,0.9630000000000001,0.02292598455161386,0.963,0.0,0.022917651,3.0
3.744646929783351,-0.15361447189668467,3.0,391.98020737413424,4.508514333035403,0.964,0.022925984249722624,0.964,0.0,0.022917651,3.0
3.74495634013176,-0.15114786801484673,3.0,392.39494511932537,4.507742943613887,0.965,0.02292598394696232,0.965,0.0,0.022917651,3.0
3.7452658126256324,-0.1486779661709621,3.0,392.81490905362307,4.506968504758138,0.9660000000000001,0.022925983643665056,0.966,0.0,0.022917651,3.0
3.745575301180823,-0.14620412968901858,3.0,393.24035105175017,4.506190196930571,0.967,0.02292598333857256,0.967,0.0,0.022917651,3.0
3.7458847706916623,-0.14372574791587292,3.0,393.67152415146495,4.505407270492512,0.9680000000000001,0.02292598303039242,0.968,0.0,0.022917651,3.0
3.7461943180506636,-0.14124392098635075,3.0,394.1081634685253,4.504621210288808,0.969,0.022925982721506026,0.969,0.0,0.022917651,3.0
3.7465039700717306,-0.13875832251006778,3.0,394.55045275239655,4.503831796071207,0.9700000000000002,0.022925982414859727,0.97,0.0,0.022917651,3.0
3.74681384234045,-0.136267653233727,3.0,394.9989483206879,4.503038185978483,0.9709999999999999,0.02292598212330494,0.971,0.0,0.022917651,3.0
3.747123795269366,-0.13377336444821958,3.0,395.45316578698396,4.5022412790604545,0.972,0.022925981830398064,0.972,0.0,0.022917651,3.0
3.7474338350963317,-0.131275314574495,3.0,395.9132549694945,4.501440959642201,0.9730000000000001,0.022925981545979298,0.973,0.0,0.022917651,3.0
3.747744020168238,-0.12877247854174728,3.0,396.38003859246436,4.500636446620643,0.974,0.022925981374720038,0.974,0.0,0.022917651,3.0
3.7480542913974633,-0.12626588174321618,3.0,396.8528132243134,4.499828517509669,0.975,0.022925981192923137,0.975,0.0,0.022917651,3.0
3.7483646398456822,-0.1237553056321175,3.0,397.3317423748251,4.499016916630059,0.976,0.022925980988181358,0.976,0.0,0.022917651,3.0
3.7486749784431073,-0.12123928480654907,3.0,397.8175678897472,4.498199818410762,0.9770000000000001,0.022925980660325772,0.977,0.0,0.022917651,3.0
3.748985406576761,-0.11871932153034495,3.0,398.3096723005838,4.497379135943298,0.978,0.022925980331799663,0.978,0.0,0.022917651,3.0
3.74929595373491,-0.11619488798489169,3.0,398.80831777311494,4.496554461809799,0.979,0.022925980001627724,0.979,0.0,0.022917651,3.0
3.749606700979543,-0.11366456011486377,3.0,399.31409325245994,4.4957247033526455,0.9800000000000001,0.022925979666906657,0.98,0.0,0.022917651,3.0
3.749917539094703,-0.11113009226467309,3.0,399.8264510204796,4.494891168583342,0.981,0.022925979331311987,0.981,0.0,0.022917651,3.0
3.7502284498742298,-0.10859072719210061,3.0,400.3458566181714,4.494053023469205,0.982,0.022925978996969486,0.982,0.0,0.022917651,3.0
3.7505394242566936,-0.10604608329717902,3.0,400.87258832156704,4.493209848035501,0.983,0.022925978665101474,0.983,0.0,0.022917651,3.0
3.7508504914744916,-0.10349710249182023,3.0,401.40622480000104,4.492362706750178,0.9840000000000001,0.02292597833270101,0.984,0.0,0.022917651,3.0
3.751161628278156,-0.10094246834355745,3.0,401.94755731716583,4.491510194458293,0.985,0.022925977994313677,0.985,0.0,0.022917651,3.0
3.751472845958153,-0.09838281761504857,3.0,402.4963213225662,4.4906529909046,0.986,0.02292597765263352,0.986,0.0,0.022917651,3.0
3.7517841650924377,-0.0958184985405092,3.0,403.0523887688075,4.489791524764513,0.9870000000000001,0.022925977310384652,0.987,0.0,0.022917651,3.0
3.7520957134153,-0.09324757413297831,3.0,403.616722987258,4.488924369648393,0.988,0.022925976973513274,0.988,0.0,0.022917651,3.0
3.7524073552971506,-0.09067196846382329,3.0,404.1885438787167,4.488052907592917,0.989,0.022925976636051344,0.989,0.0,0.022917651,3.0
3.7527191255682446,-0.08809066954950838,3.0,404.76844700190014,4.4871762662645445,0.99,0.022925976316852198,0.99,0.0,0.022917651,3.0
3.753031029646692,-0.08550361002324872,3.0,405.35655887637404,4.486294399889737,0.9910000000000001,0.02292597600886218,0.991,0.0,0.022917651,3.0
3.753343027834067,-0.0829115543565106,3.0,405.95258249487415,4.485407913492651,0.992,0.02292597569157356,0.992,0.0,0.022917651,3.0
3.753654763604102,-0.08031260132990428,3.0,406.5577102522067,4.4845134693552655,0.993,0.02292597536387222,0.993,0.0,0.022917651,3.0
3.7539665916056992,-0.07770855251101727,3.0,407.1709824701558,4.483614298044606,0.9940000000000001,0.022925975029640853,0.994,0.0,0.022917651,3.0
3.754278339114242,-0.07509815533852626,3.0,407.79325237628274,4.482708468157841,0.995,0.022925974672630172,0.995,0.0,0.022917651,3.0
3.754590061853664,-0.07248179258002747,3.0,408.424381306123,4.481796581491911,0.996,0.02292597430337114,0.996,0.0,0.022917651,3.0
3.7549013168653036,-0.06985972278749797,3.0,409.06441767451935,4.480877112340106,0.997,0.02292597393550165,0.997,0.0,0.022917651,3.0
3.7552111321462927,-0.06723122931556598,3.0,409.71409107581354,4.479945446730933,0.9980000000000001,0.022925973573741463,0.998,0.0,0.022917651,3.0
3.755520964306138,-0.06459728319899559,3.0,410.372565260949,4.479008395560648,0.999,0.02292597321130112,0.999,0.0,0.022917651,3.0
3.7558309493032973,-0.06195645801655603,3.0,411.0411066257925,4.478065088810982,1.0,0.022925972839462756,1.0,0.0,0.022917651,3.0
3.7560747599458413,-0.05978046204399506,3.0,411.43622629545393,4.477278264957928,1.0010000000000001,0.022925972824944352,1.0010000000000001,0.0,0.022917651,3.0
3.7563185761690066,-0.05760256165532099,3.0,411.8350075589713,4.476489558990258,1.0020000000000002,0.022925972810363456,1.002,0.0,0.022917651,3.0
3.7565622371888265,-0.05542115860787317,3.0,412.2382052531698,4.4756967304478685,1.0030000000000001,0.02292597279768747,1.0030000000000001,0.0,0.022917651,3.0
3.7568059067993524,-0.05323784307541507,3.0,412.64514272556846,4.474902023736744,1.004,0.022925972784888126,1.004,0.0,0.022917651,3.0
3.7570495850849825,-0.0510525962685495,3.0,413.0558567179847,4.474105420404633,1.0050000000000001,0.02292597277196421,1.0050000000000001,0.0,0.022917651,3.0
3.7572933067262153,-0.048864353140703524,3.0,413.47088192540525,4.473305988816893,1.0060000000000002,0.022925972758349178,1.006,0.0,0.022917651,3.0
3.757537061886383,-0.046673394763545865,3.0,413.8901209525438,4.47250397224678,1.0070000000000001,0.022925972744217857,1.0070000000000001,0.0,0.022917651,3.0
3.7577808261849865,-0.04448044150763932,3.0,414.31326221705297,4.471699997304739,1.008,0.02292597272997257,1.008,0.0,0.022917651,3.0
3.758024566509108,-0.042285186860707834,3.0,414.7405592571906,4.470893627674794,1.0090000000000001,0.02292597271578698,1.0090000000000001,0.0,0.022917651,3.0
3.758268213944128,-0.04008701195623386,3.0,415.17251249915506,4.470083974360192,1.0100000000000002,0.02292597270202011,1.01,0.0,0.022917651,3.0
3.7585118719905743,-0.037886787340034776,3.0,415.60850230290026,4.469272313675492,1.0110000000000003,0.022925972688124623,1.0110000000000001,0.0,0.022917651,3.0
3.7587555407548936,-0.035684492450693626,3.0,416.0485691606731,4.468458625484016,1.012,0.02292597267409922,1.012,0.0,0.022917651,3.0
3.7589992510231536,-0.033478633179387055,3.0,416.4936502425964,4.467641532444685,1.0130000000000001,0.02292597265970415,1.0130000000000001,0.0,0.022917651,3.0
3.759242968993791,-0.03127062857764695,3.0,416.94292590572246,4.466822324935852,1.014,0.02292597264537126,1.014,0.0,0.022917651,3.0
3.7594866940970944,-0.02906048621129181,3.0,417.3964209100012,4.466001008374574,1.0150000000000003,0.022925972631107877,1.0150000000000001,0.0,0.022917651,3.0
3.759730501480416,-0.026846777320453354,3.0,417.8549498351133,4.465176451311913,1.016,0.02292597261969047,1.016,0.0,0.022917651,3.0
3.759974332524041,-0.024630526915492237,3.0,418.31799845731587,4.464349446604755,1.0170000000000001,0.022925972608810876,1.0170000000000001,0.0,0.022917651,3.0
3.760218167802589,-0.02241207168298628,3.0,418.7854158276375,4.463520254062248,1.0180000000000002,0.022925972597731673,1.018,0.0,0.022917651,3.0
3.7604618931555414,-0.020190555437373168,3.0,419.25791427509927,4.462687569157737,1.0190000000000003,0.02292597258228287,1.0190000000000001,0.0,0.022917651,3.0
3.760705574993876,-0.01796641269810108,3.0,419.7351800514035,4.461852087361262,1.0200000000000002,0.022925972564857344,1.02,0.0,0.022917651,3.0
3.760949265082702,-0.015739992573909768,3.0,420.21696233715124,4.461014361108589,1.0210000000000001,0.022925972547335312,1.0210000000000001,0.0,0.022917651,3.0
3.7611928931436482,-0.013510649833754143,3.0,420.7039818977875,4.46017345715514,1.022,0.022925972534243735,1.022,0.0,0.022917651,3.0
3.761436492306189,-0.011278648505869909,3.0,421.19597953218494,4.459329775311055,1.0230000000000004,0.022925972523336998,1.0230000000000001,0.0,0.022917651,3.0
3.7616800997764095,-0.009044291416640482,3.0,421.69264991888684,4.458483770871253,1.024,0.022925972512199452,1.024,0.0,0.022917651,3.0
3.7619237987038763,-0.006806081018337681,3.0,422.1948808567767,4.4576342832363265,1.0250000000000001,0.02292597249632607,1.025,0.0,0.022917651,3.0
3.762167538252928,-0.004564795032766895,3.0,422.7022937345619,4.4567818843762605,1.0260000000000002,0.022925972478248385,1.026,0.0,0.022917651,3.0
3.76241127895071,-0.0023210899164760987,3.0,423.2145559811977,4.455927070834689,1.027,0.022925972460063514,1.027,0.0,0.022917651,3.0
3.7626550376931687,-7.35202645969253e-05,3.0,423.73265870277794,4.455068460376713,1.028,0.022925972441596946,1.028,0.0,0.022917651,3.0
3.7628988008324034,0.00217690156270294,3.0,424.25598881195555,4.454207014435294,1.0290000000000001,0.022925972422977794,1.029,0.0,0.022917651,3.0
3.763142563613978,0.00442981511010186,3.0,424.7843454935957,4.453343075704713,1.03,0.02292597240425256,1.03,0.0,0.022917651,3.0
3.7633861529336254,0.00668642156305968,3.0,425.31879829236686,4.452474756876678,1.031,0.022925972393191017,1.031,0.0,0.022917651,3.0
3.763629740157816,0.008945633318283071,3.0,425.85844649360945,4.4516038244779805,1.032,0.02292597238246773,1.032,0.0,0.022917651,3.0
3.763873321174394,0.011207677672774558,3.0,426.40351698193075,4.450730033766692,1.033,0.022925972370527816,1.033,0.0,0.022917651,3.0
3.764116849490071,0.013473473694034,3.0,426.95484014036276,4.449852277478303,1.0340000000000003,0.022925972353187586,1.034,0.0,0.022917651,3.0
3.7643603789832176,0.015741909136609014,3.0,427.5114976769591,4.448971886534808,1.035,0.02292597233572253,1.035,0.0,0.022917651,3.0
3.764603907307359,0.018013856813986134,3.0,428.0741916776198,4.448087979880383,1.036,0.022925972317316405,1.036,0.0,0.022917651,3.0
3.764847428487909,0.020289450520095398,3.0,428.6430806086475,4.447200399920964,1.037,0.022925972297873017,1.037,0.0,0.022917651,3.0
3.7650909430778263,0.022567766947533176,3.0,429.21750364677257,4.44631007087069,1.0380000000000003,0.022925972278312525,1.038,0.0,0.022917651,3.0
3.765334402008046,0.024850335666588147,3.0,429.7985722834388,4.4454152640864075,1.039,0.02292597225862789,1.039,0.0,0.022917651,3.0
3.7655778482095927,0.027136023631027968,3.0,430.38554859670205,4.444517286259978,1.04,0.022925972238822482,1.04,0.0,0.022917651,3.0
3.7658212986238095,0.029424877734171368,3.0,430.9785724460704,4.4436161584215945,1.041,0.02292597222012013,1.041,0.0,0.022917651,3.0
3.766064765804592,0.031717817946199364,3.0,431.5785064860887,4.442711010021504,1.0420000000000003,0.022925972205516527,1.042,0.0,0.022917651,3.0
3.7663082295362185,0.034013636048641716,3.0,432.1843261306772,4.4418029701673705,1.043,0.02292597219064025,1.043,0.0,0.022917651,3.0
3.766551615181724,0.036313460894597784,3.0,432.7971322693754,4.440890618447691,1.044,0.02292597217235673,1.044,0.0,0.022917651,3.0
3.7667949579644318,0.038616741017907616,3.0,433.4164641426071,4.439974643444448,1.0450000000000002,0.022925972152429336,1.045,0.0,0.022917651,3.0
3.7670382683446704,0.04092331493509578,3.0,434.04220092129793,4.439055243687479,1.046,0.022925972132210884,1.046,0.0,0.022917651,3.0
3.76728146787046,0.043234264341271186,3.0,434.6753887217978,4.438131018757722,1.047,0.022925972111252812,1.047,0.0,0.022917651,3.0
3.7675246567983494,0.045548246570079234,3.0,435.31484766425865,4.4372037186198865,1.048,0.02292597209016419,1.048,0.0,0.022917651,3.0
3.767767793197862,0.04786626172477321,3.0,435.96184428551146,4.436272170808779,1.049,0.022925972076276308,1.049,0.0,0.022917651,3.0
3.7680109058274227,0.05018768985734481,3.0,436.6156707061537,4.435337113416728,1.0500000000000003,0.022925972064797184,1.05,0.0,0.022917651,3.0
3.768253956306696,0.05251295180230222,3.0,437.27657740457573,4.434397977165335,1.051,0.02292597205030474,1.051,0.0,0.022917651,3.0
3.768496903282825,0.05484263687341771,3.0,437.94509574605354,4.4334540101751925,1.052,0.022925972030332326,1.052,0.0,0.022917651,3.0
3.7687398343842635,0.05717557471959993,3.0,438.62032897359387,4.432506727021255,1.0530000000000002,0.02292597201013993,1.053,0.0,0.022917651,3.0
3.7689824981007076,0.05951415425276705,3.0,439.30413736218156,4.431552729428428,1.054,0.022925971988235417,1.054,0.0,0.022917651,3.0
3.7692251347697256,0.061856016430188294,3.0,439.99481062540804,4.430595340529475,1.055,0.02292597196618955,1.055,0.0,0.022917651,3.0
3.769466895642442,0.06420244102777245,3.0,440.6940163926071,4.42962988949912,1.056,0.022925971943994206,1.056,0.0,0.022917651,3.0
3.769708257538793,0.06655269030893635,3.0,441.400883170167,4.428659019548705,1.057,0.022925971921651706,1.057,0.0,0.022917651,3.0
3.7699494519120074,0.06890702602559062,3.0,442.11574331831156,4.427683389259174,1.0580000000000003,0.022925971899164586,1.058,0.0,0.022917651,3.0
3.77019046311691,0.07126558570267935,3.0,442.8388227021732,4.426702797853652,1.059,0.022925971876531302,1.059,0.0,0.022917651,3.0
3.7704313496108983,0.07362799619238575,3.0,443.56967608508774,4.4257178564681325,1.06,0.022925971853937827,1.06,0.0,0.022917651,3.0
3.770672034596013,0.07599507666241641,3.0,444.3092832323982,4.424727437556307,1.061,0.022925971831733845,1.061,0.0,0.022917651,3.0
3.7709126049017265,0.07836584119528786,3.0,445.05657608008084,4.423732876377668,1.062,0.02292597180939862,1.062,0.0,0.022917651,3.0
3.771152756118828,0.08074171420733392,3.0,445.81335296543165,4.422731540376001,1.063,0.022925971787489143,1.063,0.0,0.022917651,3.0
3.7713928147263625,0.08312120748021046,3.0,446.57786419976554,4.42172621395817,1.064,0.022925971765358634,1.064,0.0,0.022917651,3.0
3.771631835258132,0.08550598893939867,3.0,447.35171278990964,4.420711439329315,1.065,0.022925971746118094,1.065,0.0,0.022917651,3.0
3.771870749036914,0.08789456367794654,3.0,448.1335986891841,4.4196924440580165,1.0660000000000003,0.022925971726958094,1.066,0.0,0.022917651,3.0
3.7721096727358554,0.09028839955962194,3.0,448.9251298420869,4.418668235258349,1.067,0.02292597170937989,1.067,0.0,0.022917651,3.0
3.7723485532389076,0.09268633653773488,3.0,449.7251265850741,4.417639753786783,1.068,0.02292597169207814,1.068,0.0,0.022917651,3.0
3.772587077150389,0.09508962619474731,3.0,450.5351498609295,4.416604479550181,1.069,0.022925971669394425,1.069,0.0,0.022917651,3.0
3.7728254621387824,0.09749722465007528,3.0,451.3540547033983,4.4155643371271625,1.07,0.022925971645084805,1.07,0.0,0.022917651,3.0
3.7730635392819143,0.0999103664440498,3.0,452.1831838418175,4.414517434436646,1.071,0.022925971620576528,1.071,0.0,0.022917651,3.0
3.773301475758253,0.10232799795696972,3.0,453.02148983801453,4.413465483792063,1.072,0.02292597159588575,1.072,0.0,0.022917651,3.0
3.7735393752038107,0.10475088969792481,3.0,453.87035021613,4.412408118653765,1.073,0.022925971571014184,1.073,0.0,0.022917651,3.0
3.7737772224166286,0.10717821391961595,3.0,454.72862213077104,4.411346110598405,1.074,0.022925971545962796,1.074,0.0,0.022917651,3.0
3.774014892569635,0.10961055911612864,3.0,455.59804110066864,4.410278364864235,1.075,0.022925971521125566,1.075,0.0,0.022917651,3.0
3.7742524716293713,0.1120472392723892,3.0,456.47706131448314,4.409205917607068,1.076,0.022925971496158944,1.076,0.0,0.022917651,3.0
3.774489695840878,0.11449058377419746,3.0,457.367434917951,4.408125396551222,1.077,0.0229259714714419,1.077,0.0,0.022917651,3.0
3.7747268107940593,0.11693850739132013,3.0,458.2674839048693,4.407039860440029,1.078,0.02292597144651332,1.078,0.0,0.022917651,3.0
3.7749636967337468,0.11939308892190613,3.0,459.17951068113734,4.405946750994163,1.079,0.022925971421325634,1.079,0.0,0.022917651,3.0
3.7752004991052046,0.12185238432889545,3.0,460.1016692514424,4.404848592821504,1.08,0.02292597139586334,1.08,0.0,0.022917651,3.0
3.775437194167198,0.12431772110374904,3.0,461.0358860387293,4.403743961182814,1.081,0.02292597137011183,1.081,0.0,0.022917651,3.0
3.775673803333135,0.1267880456729444,3.0,461.9810559715843,4.402633999469445,1.082,0.02292597134534817,1.082,0.0,0.022917651,3.0
3.775910321738671,0.12926382840957254,3.0,462.9381912610153,4.4015182190907804,1.083,0.022925971322826148,1.083,0.0,0.022917651,3.0
3.7761464785606416,0.1317454365368173,3.0,463.9071387026619,4.400395171584975,1.0839999999999999,0.02292597130240137,1.084,0.0,0.022917651,3.0
3.776382323084047,0.134232666426212,3.0,464.8877351075301,4.399265256634028,1.0850000000000002,0.022925971283719093,1.085,0.0,0.022917651,3.0
3.776617775851053,0.13672647513280686,3.0,465.8811472303631,4.398127185128226,1.086,0.022925971258094858,1.086,0.0,0.022917651,3.0
3.776853052926687,0.1392256181199642,3.0,466.8860640398289,4.396983074006179,1.087,0.022925971230544975,1.087,0.0,0.022917651,3.0
3.777088229757033,0.1417309845450611,3.0,467.9046216159585,4.395832340445533,1.0880000000000003,0.022925971203103118,1.088,0.0,0.022917651,3.0
3.7773232052562586,0.14424196137925624,3.0,468.9354120019527,4.394675192336956,1.0890000000000002,0.022925971175149294,1.089,0.0,0.022917651,3.0
3.7775578932859903,0.146759139392302,3.0,469.97946706583,4.3935106950169285,1.09,0.02292597114658102,1.09,0.0,0.022917651,3.0
3.777792294699836,0.1492829481541927,3.0,471.03708360216007,4.392338420773658,1.0910000000000002,0.02292597111804178,1.091,0.0,0.022917651,3.0
3.778026493966695,0.15181260030522722,3.0,472.1073805813027,4.3911594945274866,1.092,0.02292597108937652,1.092,0.0,0.022917651,3.0
3.778260386612589,0.15434927662025105,3.0,473.19250178427535,4.389972315057419,1.093,0.022925971060561084,1.093,0.0,0.022917651,3.0
3.778493899649993,0.15689176516403644,3.0,474.2909870444183,4.388777805680841,1.0940000000000003,0.022925971031587784,1.094,0.0,0.022917651,3.0
3.7787269212275656,0.15944038530704677,3.0,475.40358320196145,4.387575199753462,1.095,0.022925971002437425,1.095,0.0,0.022917651,3.0
3.778959788975293,0.16199614041555419,3.0,476.5312360587533,4.38636482889594,1.0960000000000003,0.022925970972576776,1.096,0.0,0.022917651,3.0
3.779192437482368,0.16455799458331735,3.0,477.67286412939063,4.385147486438499,1.097,0.022925970942542638,1.097,0.0,0.022917651,3.0
3.7794247138070105,0.16712636010517612,3.0,478.82985836903293,4.383922168707443,1.098,0.02292597091245338,1.098,0.0,0.022917651,3.0
3.77965651834772,0.1697013139628377,3.0,480.00229719887597,4.382688360520382,1.0990000000000002,0.02292597089447844,1.099,0.0,0.022917651,3.0
3.7798879844895166,0.17228269110790587,3.0,481.1895784640682,4.381446769191226,1.1000000000000003,0.022925970878993084,1.1,0.0,0.022917651,3.0
3.780027475028221,0.17445290182827003,3.0,481.87803625298807,4.380212407550713,1.101,0.022925970853699754,1.101,0.0,0.022917651,3.0
3.780168066578306,0.17662424888251432,3.0,482.562161805884,4.3789813139878015,1.102,0.02292597082550849,1.102,0.0,0.022917651,3.0
3.7803097928409928,0.17879628970567507,3.0,483.24137022598524,4.3777540654040425,1.103,0.022925970797444722,1.103,0.0,0.022917651,3.0
3.780452644298235,0.1809690184783729,3.0,483.9157027585334,4.376530629547495,1.1040000000000005,0.02292597076950738,1.104,0.0,0.022917651,3.0
3.780596611538141,0.1831424294461295,3.0,484.5852001887651,4.375310974525915,1.1050000000000002,0.022925970741695396,1.105,0.0,0.022917651,3.0
3.7807416852534974,0.18531651691846895,3.0,485.2499028483082,4.374095068801766,1.106,0.022925970714007735,1.106,0.0,0.022917651,3.0
3.7808866281107325,0.18748747177242903,3.0,485.9124627463065,4.372881767430626,1.107,0.022925970690349434,1.107,0.0,0.022917651,3.0
3.78103213360209,0.18965720906318984,3.0,486.5712045063948,4.371671933473239,1.1080000000000003,0.022925970667324155,1.108,0.0,0.022917651,3.0
3.7811783702329684,0.19182624526831346,3.0,487.2257653848136,4.370465725242762,1.1090000000000002,0.022925970644298868,1.109,0.0,0.022917651,3.0
3.781325334795746,0.19399458346357143,3.0,487.87616372373424,4.369263126832575,1.1100000000000003,0.022925970621273585,1.11,0.0,0.022917651,3.0
3.781473024101537,0.19616222670676767,3.0,488.5224177581907,4.368064122428962,1.111,0.022925970598248302,1.111,0.0,0.022917651,3.0
3.781621525871282,0.19833022650013846,3.0,489.1644283164956,4.366868013326553,1.112,0.02292597057522302,1.112,0.0,0.022917651,3.0
3.7817710944023304,0.2005014752416003,3.0,489.8018126025852,4.365672928717076,1.113,0.022925970552197736,1.113,0.0,0.022917651,3.0
3.781921446962928,0.20267271638789872,3.0,490.4349124324845,4.364480987725637,1.114,0.02292597052917245,1.114,0.0,0.022917651,3.0
3.7820725783278815,0.20484394998965083,3.0,491.063756360096,4.363292169401484,1.115,0.02292597050614717,1.115,0.0,0.022917651,3.0
3.7822244833183296,0.2070151760970271,3.0,491.6883726861538,4.362106452979628,1.1160000000000003,0.022925970483121883,1.116,0.0,0.022917651,3.0
3.7823771568012234,0.2091863947597522,3.0,492.3087894610221,4.36092381787878,1.117,0.022925970460096597,1.117,0.0,0.022917651,3.0
3.782530975668461,0.21135679764985116,3.0,492.9254540569354,4.35974657837526,1.1180000000000003,0.022925970437071314,1.118,0.0,0.022917651,3.0
3.782686162237251,0.2135258607460931,3.0,493.538570989149,4.358576147190568,1.1190000000000002,0.02292597041404603,1.119,0.0,0.022917651,3.0
3.7828422008867832,0.21569464736200725,3.0,494.1475768834085,4.357409400854573,1.1200000000000003,0.02292597039102075,1.12,0.0,0.022917651,3.0
3.782999086065558,0.21786315929892452,3.0,494.75249852405636,4.356246315359652,1.1210000000000002,0.022925970367995468,1.121,0.0,0.022917651,3.0
3.7831568122701973,0.2200313983425636,3.0,495.35336246326546,4.355086866906281,1.122,0.02292597034497018,1.122,0.0,0.022917651,3.0
3.7833153740449244,0.22219936626319597,3.0,495.95019502354774,4.3539310319007924,1.123,0.022925970321944898,1.123,0.0,0.022917651,3.0
3.7834745226366846,0.22436679511793498,3.0,496.5439763531326,4.352778082994916,1.124,0.022925970298919615,1.124,0.0,0.022917651,3.0
3.783634159589011,0.22653354826213387,3.0,497.1350822152746,4.351627762873838,1.125,0.022925970275894332,1.125,0.0,0.022917651,3.0
3.7837945862583027,0.22869995374149144,3.0,497.7223301107502,4.350480949258039,1.1260000000000003,0.022925970252869046,1.1260000000000001,0.0,0.022917651,3.0
3.78395579755532,0.2308660137964924,3.0,498.30574490177827,4.349337619550252,1.127,0.022925970229843762,1.127,0.0,0.022917651,3.0
3.7841177884344606,0.23303173064841348,3.0,498.88535123740746,4.348197751346962,1.1280000000000003,0.022925970206818476,1.1280000000000001,0.0,0.022917651,3.0
3.784280553893287,0.23519710649952463,3.0,499.4611735557945,4.347061322436331,1.129,0.022925970183793193,1.129,0.0,0.022917651,3.0
3.7844439992462213,0.23736215298962776,3.0,500.03390379033317,4.345927942380999,1.1300000000000001,0.02292597016076791,1.1300000000000001,0.0,0.022917651,3.0
3.784607980504854,0.23952686441712878,3.0,500.604578575272,4.3447970408621455,1.131,0.022925970137742627,1.131,0.0,0.022917651,3.0
3.7847727051481552,0.24169120838068162,3.0,501.17162926752013,4.343669480338588,1.1320000000000001,0.022925970114717344,1.1320000000000001,0.0,0.022917651,3.0
3.784938168377225,0.24385518725243882,3.0,501.7350792623089,4.342545239242623,1.133,0.02292597009169206,1.133,0.0,0.022917651,3.0
3.7851043654343814,0.24601880338418097,3.0,502.29495175393333,4.341424296191788,1.1340000000000001,0.022925970068666778,1.1340000000000001,0.0,0.022917651,3.0
3.7852712916027165,0.2481820591075308,3.0,502.8512697379025,4.340306629986876,1.135,0.022925970045641494,1.135,0.0,0.022917651,3.0
3.785438942205662,0.25034495673417295,3.0,503.4040560130671,4.339192219609977,1.1360000000000003,0.02292597002261621,1.1360000000000001,0.0,0.022917651,3.0
3.785606092730701,0.25251083075761255,3.0,503.95379318309176,4.338072834055391,1.1370000000000002,0.02292596999959093,1.137,0.0,0.022917651,3.0
3.785773838251508,0.25467663250247086,3.0,504.5001030897562,4.336955900892518,1.1380000000000001,0.02292596997656564,1.1380000000000001,0.0,0.022917651,3.0
3.785942223091719,0.25684222808972623,3.0,505.04299374472606,4.335841731232028,1.139,0.022925969953540362,1.139,0.0,0.022917651,3.0
3.7861112423745538,0.2590076190919662,3.0,505.58249123032243,4.334730303993709,1.1400000000000003,0.022925969930515072,1.1400000000000001,0.0,0.022917651,3.0
3.78628089127271,0.26117280706582213,3.0,506.11862136426186,4.333621598311205,1.141,0.02292596990748979,1.141,0.0,0.022917651,3.0
3.7864511650077315,0.26333779355217574,3.0,506.6514097030035,4.3325155935293145,1.1420000000000001,0.022925969884464506,1.1420000000000001,0.0,0.022917651,3.0
3.7866215697075534,0.2655021327654924,3.0,507.18125283035937,4.331410759223067,1.143,0.022925969861439223,1.143,0.0,0.022917651,3.0
3.7867914422397284,0.26766520318675274,3.0,507.7086342901589,4.330305063386591,1.1440000000000003,0.02292596983841394,1.1440000000000001,0.0,0.022917651,3.0
3.7869618693084663,0.2698279930340075,3.0,508.2327275668033,4.32920186621602,1.145,0.022925969815388657,1.145,0.0,0.022917651,3.0
3.7871328470788566,0.27199050424757243,3.0,508.75355539978557,4.328101150431778,1.1460000000000001,0.022925969792363374,1.1460000000000001,0.0,0.022917651,3.0
3.7873043717512727,0.2741527387499116,3.0,509.2711403194067,4.327002898913262,1.1469999999999998,0.02292596976933809,1.147,0.0,0.022917651,3.0
3.787476439560959,0.2763146984458457,3.0,509.78550464917635,4.325907094697001,1.1480000000000001,0.022925969746312804,1.1480000000000001,0.0,0.022917651,3.0
3.7876490467776365,0.2784763852227506,3.0,510.2966705081793,4.324813720974866,1.149,0.02292596972328752,1.149,0.0,0.022917651,3.0
3.7878227369357877,0.28063488896690314,3.0,510.8061042852451,4.323727863150514,1.1500000000000001,0.022925969700262238,1.1500000000000001,0.0,0.022917651,3.0
3.787997575513816,0.2827898534987478,3.0,511.3139482216604,4.322650139431587,1.151,0.022925969677236955,1.151,0.0,0.022917651,3.0
3.78817298870569,0.2849443193967254,3.0,511.8186954102807,4.321575212804669,1.1520000000000001,0.02292596965421167,1.1520000000000001,0.0,0.022917651,3.0
3.788348972949091,0.2870982897521152,3.0,512.3203650493917,4.3205030659291905,1.1530000000000002,0.022925969631186385,1.153,0.0,0.022917651,3.0
3.7885255247110865,0.28925176763069843,3.0,512.8189761789139,4.319433681607625,1.154,0.022925969608161102,1.154,0.0,0.022917651,3.0
3.788702640487827,0.29140475607301847,3.0,513.3145476820317,4.3183670427840095,1.155,0.02292596958513582,1.155,0.0,0.022917651,3.0
3.788880316804246,0.29355725809463934,3.0,513.8070982868021,4.317303132542505,1.156,0.022925969562110536,1.156,0.0,0.022917651,3.0
3.78905823086521,0.2957084647938231,3.0,514.2982933678154,4.316241467595673,1.157,0.022925969538519553,1.157,0.0,0.022917651,3.0
3.7892363961963333,0.2978583940713149,3.0,514.7880567654585,4.315182084266664,1.158,0.02292596951445234,1.158,0.0,0.022917651,3.0
3.789415098680647,0.3000077753447832,3.0,515.2749128052797,4.314125397604147,1.159,0.022925969490439436,1.159,0.0,0.022917651,3.0
3.789594335138349,0.302156611858264,3.0,515.7588786980582,4.313071391644579,1.1600000000000001,0.022925969466480532,1.16,0.0,0.022917651,3.0
3.789774102414685,0.30430490683024064,3.0,516.239971518997,4.312020050550169,1.161,0.022925969442575304,1.161,0.0,0.022917651,3.0
3.789954397379702,0.30645266345389094,3.0,516.7182082090542,4.31097135860764,1.1620000000000001,0.02292596941872343,1.162,0.0,0.022917651,3.0
3.790135216928008,0.30859988489733925,3.0,517.1936055762604,4.309925300227012,1.163,0.022925969394924594,1.163,0.0,0.022917651,3.0
3.7903165101700775,0.3107521166035938,3.0,517.6665193424035,4.308876126871799,1.164,0.02292596937133771,1.164,0.0,0.022917651,3.0
3.790498221208811,0.31291350160788933,3.0,518.1373119862218,4.307819472234359,1.1650000000000003,0.022925969348056505,1.165,0.0,0.022917651,3.0
3.79068041848486,0.31507475823676917,3.0,518.6054785514447,4.306764890957527,1.166,0.022925969324802654,1.166,0.0,0.022917651,3.0
3.7908630980688627,0.31723588752765725,3.0,519.07104025985,4.305712366286135,1.167,0.022925969301575935,1.167,0.0,0.022917651,3.0
3.791046256073677,0.3193968905068277,3.0,519.5340181051671,4.304661881645062,1.168,0.022925969278376132,1.168,0.0,0.022917651,3.0
3.791229888653824,0.32155776818955756,3.0,519.9944328561329,4.303613420636824,1.1690000000000003,0.022925969255203026,1.169,0.0,0.022917651,3.0
3.7914139920049235,0.3237185215802704,3.0,520.452305059497,4.302566967039201,1.1700000000000002,0.022925969232056403,1.17,0.0,0.022917651,3.0
3.7915985623631525,0.32587915167268455,3.0,520.9076550429803,4.301522504802903,1.171,0.022925969208936057,1.171,0.0,0.022917651,3.0
3.791781386829287,0.32803379876390454,3.0,521.3612907229859,4.300477041220726,1.172,0.022925969186015326,1.172,0.0,0.022917651,3.0
3.791962522499774,0.33018258503707326,3.0,521.813135219175,4.299430682490231,1.173,0.02292596916326471,1.173,0.0,0.022917651,3.0
3.792144031470795,0.33233097780614507,3.0,522.262445824235,4.298386210433423,1.174,0.022925969140514094,1.174,0.0,0.022917651,3.0
3.7923259112150793,0.33447897973517027,3.0,522.7092396927799,4.2973436122773965,1.175,0.022925969117763477,1.175,0.0,0.022917651,3.0
3.792508159228119,0.3366265934642034,3.0,523.1535338249214,4.29630287536428,1.176,0.02292596909501286,1.176,0.0,0.022917651,3.0
3.792690773027912,0.3387738216095773,3.0,523.5953450680054,4.295263987149949,1.177,0.022925969072262246,1.177,0.0,0.022917651,3.0
3.7928737501547105,0.3409206667641644,3.0,524.0346901183229,4.294226935202753,1.178,0.02292596904951163,1.178,0.0,0.022917651,3.0
3.7930570881707713,0.3430671314976431,3.0,524.4715855228006,4.2931917072022525,1.179,0.02292596902676101,1.179,0.0,0.022917651,3.0
3.793242160488893,0.34520795732450793,3.0,524.9057050081191,4.292169056106882,1.1800000000000002,0.022925969004010394,1.18,0.0,0.022917651,3.0
3.7934285315069016,0.34734482369235986,3.0,525.3370953077696,4.291155559809443,1.181,0.022925968981259776,1.181,0.0,0.022917651,3.0
3.7936153168012434,0.349481111737913,3.0,525.7659716083955,4.290144298954124,1.182,0.02292596895850916,1.182,0.0,0.022917651,3.0
3.7938025140452813,0.3516168247091123,3.0,526.1923480289897,4.289135260986349,1.183,0.02292596893575854,1.183,0.0,0.022917651,3.0
3.7939901209297675,0.353751965829625,3.0,526.6162385830158,4.288128433445379,1.184,0.022925968913007924,1.184,0.0,0.022917651,3.0
3.794178135162681,0.3558865382990709,3.0,527.0376571793944,4.287123803963431,1.1850000000000003,0.022925968890257307,1.185,0.0,0.022917651,3.0
3.79436655446907,0.3580205452932422,3.0,527.4566176234737,4.286121360264826,1.186,0.02292596886750669,1.186,0.0,0.022917651,3.0
3.7945553765908895,0.360153989964329,3.0,527.8731336179943,4.285121090165114,1.187,0.022925968844756072,1.187,0.0,0.022917651,3.0
3.7947445793960037,0.3622927152593517,3.0,528.2899317541531,4.284117061183581,1.188,0.022925968822005458,1.188,0.0,0.022917651,3.0
3.7949341613342518,0.3644336877761565,3.0,528.7056634554035,4.28311230104174,1.1890000000000003,0.022925968799254837,1.189,0.0,0.022917651,3.0
3.7951241271598124,0.3665742684840902,3.0,529.1191250463179,4.282109468241213,1.19,0.02292596877650422,1.19,0.0,0.022917651,3.0
3.795314474419517,0.3687144598869434,3.0,529.5303310336598,4.281108550465647,1.1910000000000003,0.022925968753753606,1.191,0.0,0.022917651,3.0
3.7955052006810552,0.3708542644672168,3.0,529.9392958008511,4.2801095355034064,1.192,0.022925968731002992,1.192,0.0,0.022917651,3.0
3.7956963035327544,0.3729936846863505,3.0,530.3460336092811,4.27911241124646,1.1930000000000003,0.02292596870825237,1.193,0.0,0.022917651,3.0
3.795887780583357,0.3751327229849433,3.0,530.7505585995963,4.278117165689286,1.1940000000000002,0.022925968685501754,1.194,0.0,0.022917651,3.0
3.7960796294618095,0.37727138178297687,3.0,531.1528847929773,4.277123786927797,1.195,0.022925968662751137,1.195,0.0,0.022917651,3.0
3.796270999635107,0.37940978352207666,3.0,531.5536557259927,4.276128750976536,1.1960000000000002,0.022925968640000523,1.196,0.0,0.022917651,3.0
3.7964597502321027,0.3815482271081298,3.0,531.9544758393705,4.2751231968876295,1.197,0.022925968617249905,1.197,0.0,0.022917651,3.0
3.796648802159201,0.3836862973824439,3.0,532.3531910600643,4.274119221393383,1.198,0.022925968594499288,1.198,0.0,0.022917651,3.0
3.796838153461842,0.3858239967664821,3.0,532.749815041323,4.273116814254345,1.199,0.02292596857174867,1.199,0.0,0.022917651,3.0
3.7970278022023365,0.38796132766080865,3.0,533.14436131857,4.272115965319428,1.2,0.022925968548998053,1.2,0.0,0.022917651,3.0
3.797126767032385,0.38982740968744817,3.0,533.6675005690172,4.27099336277102,1.201,0.022925968529818104,1.201,0.0,0.022917651,3.0
3.7972253158903393,0.3916935759489739,3.0,534.1919086792864,4.269869012101366,1.202,0.02292596851063815,1.202,0.0,0.022917651,3.0
3.7973234448389857,0.3935598272426772,3.0,534.7175976592438,4.26874289676435,1.203,0.022925968491458202,1.203,0.0,0.022917651,3.0
3.79742114989127,0.39542616437594114,3.0,535.2445796708007,4.267615000004385,1.2040000000000002,0.022925968472278253,1.204,0.0,0.022917651,3.0
3.7975184270094977,0.39729258816640467,3.0,535.7728670303284,4.266485304853074,1.205,0.022925968453098296,1.205,0.0,0.022917651,3.0
3.7976152721045335,0.3991590994421223,3.0,536.3024722111165,4.26535379412584,1.2060000000000002,0.022925968433918344,1.206,0.0,0.022917651,3.0
3.797710022397331,0.40102886940216953,3.0,536.8349311938143,4.264210647123127,1.207,0.0229259684147384,1.207,0.0,0.022917651,3.0
3.7978045410344476,0.4028997249911484,3.0,537.36868103123,4.263065487913661,1.2080000000000002,0.022925968395558455,1.208,0.0,0.022917651,3.0
3.7978989113477617,0.4047715462168826,3.0,537.9036600833047,4.261918769739705,1.2089999999999999,0.0229259683763785,1.209,0.0,0.022917651,3.0
3.797993131723645,0.4066443435846248,3.0,538.4398817227803,4.26077047564114,1.2100000000000002,0.02292596835719855,1.21,0.0,0.022917651,3.0
3.798087200524977,0.4085181277525673,3.0,538.9773595170832,4.25962058841093,1.211,0.022925968338018597,1.211,0.0,0.022917651,3.0
3.7981811160907166,0.41039290953463226,3.0,539.5161072318787,4.258469090590626,1.2120000000000002,0.022925968318838648,1.212,0.0,0.022917651,3.0
3.7982748767354644,0.41226869990332965,3.0,540.0561388347064,4.257315964465752,1.213,0.0229259682996587,1.213,0.0,0.022917651,3.0
3.798368480749013,0.41414550999267186,3.0,540.5974684986926,4.256161192061087,1.2140000000000002,0.022925968280478746,1.214,0.0,0.022917651,3.0
3.7984619263958885,0.41602335110115923,3.0,541.1401106063485,4.255004755135858,1.215,0.022925968261298793,1.215,0.0,0.022917651,3.0
3.798555211914885,0.41790223469482557,3.0,541.6840797534503,4.25384663517882,1.2160000000000002,0.022925968242118844,1.216,0.0,0.022917651,3.0
3.798648335518583,0.41978217241035876,3.0,542.229390753007,4.2526868134032165,1.217,0.022925968222938894,1.217,0.0,0.022917651,3.0
3.7987405415639497,0.42166119363288235,3.0,542.7776129463259,4.251524237687366,1.2180000000000002,0.022925968203758945,1.218,0.0,0.022917651,3.0
3.798830483725929,0.4235352302618214,3.0,543.3312739515067,4.2503575906250415,1.2190000000000003,0.022925968184578996,1.219,0.0,0.022917651,3.0
3.798919961991235,0.4254087193227828,3.0,543.886523286295,4.249189635578118,1.2200000000000002,0.022925968165399047,1.22,0.0,0.022917651,3.0
3.799008973172868,0.4272816570539398,3.0,544.4433718626185,4.248020363560652,1.221,0.0229259681462191,1.221,0.0,0.022917651,3.0
3.799097514054569,0.42915403965892623,3.0,545.0018306925883,4.24684976550421,1.2220000000000002,0.022925968127039148,1.222,0.0,0.022917651,3.0
3.799185581390479,0.4310258633064427,3.0,545.5619108896518,4.2456778322568995,1.223,0.022925968107859195,1.223,0.0,0.022917651,3.0
3.799273171904803,0.43289712412984993,3.0,546.1236236697604,4.244504554582417,1.2240000000000002,0.022925968088679242,1.224,0.0,0.022917651,3.0
3.799360282291463,0.4347678182267645,3.0,546.6869803525544,4.243329923159075,1.225,0.022925968069499293,1.225,0.0,0.022917651,3.0
3.7994469092137444,0.436637941658641,3.0,547.2519923625645,4.242153928578805,1.2260000000000002,0.02292596805031934,1.226,0.0,0.022917651,3.0
3.7995330493039416,0.4385074904503557,3.0,547.8186712304288,4.240976561346164,1.227,0.02292596803113939,1.227,0.0,0.022917651,3.0
3.799618699163001,0.4403764605897774,3.0,548.3870285941272,4.2397978118773105,1.2280000000000002,0.02292596801195944,1.228,0.0,0.022917651,3.0
3.7997045766045883,0.44224524580232144,3.0,548.9556527826835,4.238620157818484,1.229,0.022925967992779486,1.229,0.0,0.022917651,3.0
3.799790601948467,0.444114303277884,3.0,549.5245627863126,4.237442823194469,1.23,0.022925967973599543,1.23,0.0,0.022917651,3.0
3.7998760569564687,0.44598340352423543,3.0,550.095135041518,4.2362631644121205,1.231,0.02292596795441959,1.231,0.0,0.022917651,3.0
3.799960935501295,0.4478525470008748,3.0,550.6673874063911,4.235081156502274,1.2320000000000002,0.022925967935239638,1.232,0.0,0.022917651,3.0
3.8000452313675623,0.4497217341739087,3.0,551.2413379957501,4.23389677413681,1.233,0.02292596791605969,1.233,0.0,0.022917651,3.0
3.8001289382502135,0.4515909655161669,3.0,551.817005185769,4.232709991622183,1.234,0.02292596789687974,1.234,0.0,0.022917651,3.0
3.800212049752895,0.4534602415073275,3.0,552.3944076187086,4.2315207828928045,1.235,0.02292596787769979,1.235,0.0,0.022917651,3.0
3.8002945593862965,0.45532956263403773,3.0,552.9735642077499,4.230329121504285,1.236,0.022925967858519837,1.236,0.0,0.022917651,3.0
3.800376460566456,0.45719892939004475,3.0,553.5544941419338,4.229134980626528,1.237,0.022925967839339888,1.237,0.0,0.022917651,3.0
3.800457746613034,0.45906834227632176,3.0,554.1372168912087,4.227938333036674,1.2380000000000002,0.02292596782015994,1.238,0.0,0.022917651,3.0
3.8005375716793672,0.46093530844619796,3.0,554.7217485543475,4.226738287906577,1.239,0.02292596780097999,1.239,0.0,0.022917651,3.0
3.8006149641846494,0.4627969597785752,3.0,555.3081168646991,4.225533826722888,1.24,0.022925967781800036,1.24,0.0,0.022917651,3.0
3.80069178454719,0.4646588471228145,3.0,555.8963588745619,4.224326840960122,1.2410000000000003,0.022925967762620087,1.241,0.0,0.022917651,3.0
3.800768025511927,0.46652097347166577,3.0,556.4864983434004,4.2231172986053265,1.2420000000000002,0.022925967743440134,1.242,0.0,0.022917651,3.0
3.800843679700615,0.46838334186869457,3.0,557.0785594340938,4.221905167102005,1.2430000000000003,0.02292596772426019,1.243,0.0,0.022917651,3.0
3.8009187396091977,0.4702459554093624,3.0,557.6725667215339,4.220690413338519,1.244,0.022925967705080236,1.244,0.0,0.022917651,3.0
3.8009931976051163,0.47210881724214054,3.0,558.2685452014458,4.219473003636211,1.2450000000000003,0.022925967685900286,1.245,0.0,0.022917651,3.0
3.8010670459245457,0.47397193056964637,3.0,558.8665202994334,4.2182529037372145,1.246,0.022925967666720337,1.246,0.0,0.022917651,3.0
3.801140276669561,0.4758352986498158,3.0,559.4665178802619,4.2170300787919475,1.2470000000000003,0.022925967647540384,1.247,0.0,0.022917651,3.0
3.8012128818052293,0.4776989247970993,3.0,560.0685642573796,4.2158044933462815,1.248,0.02292596762836043,1.248,0.0,0.022917651,3.0
3.8012840501890715,0.4795674375185582,3.0,560.6766268258347,4.214568275315882,1.249,0.022925967609180482,1.249,0.0,0.022917651,3.0
3.8013541045043513,0.4814385336333163,3.0,561.2891186005659,4.213325018227865,1.25,0.022925967590000533,1.25,0.0,0.022917651,3.0
3.8014235014907523,0.4833094507919349,3.0,561.9037891631638,4.2120793108225225,1.2510000000000003,0.022925967570820584,1.2510000000000001,0.0,0.022917651,3.0
3.801492234229159,0.48518018711070104,3.0,562.5206614477876,4.210831127307546,1.252,0.02292596755164063,1.252,0.0,0.022917651,3.0
3.8015602957030046,0.4870507406793731,3.0,563.139758711607,4.209580441527362,1.2530000000000001,0.022925967532460678,1.2530000000000001,0.0,0.022917651,3.0
3.801627678796551,0.4889211095607085,3.0,563.7611045405076,4.208327226956716,1.254,0.022925967513280732,1.254,0.0,0.022917651,3.0
3.8016943762931303,0.4907912917899878,3.0,564.3847228549213,4.207071456694114,1.2550000000000001,0.02292596749410078,1.2550000000000001,0.0,0.022917651,3.0
3.8017603808733473,0.4926612853745234,3.0,565.0106379157758,4.205813103455131,1.256,0.02292596747492083,1.256,0.0,0.022917651,3.0
3.8018256612897567,0.49453115767148736,3.0,565.6390057192847,4.204551974839626,1.2570000000000001,0.02292596745574088,1.2570000000000001,0.0,0.022917651,3.0
3.8018897428742404,0.49640233636200887,3.0,566.2724188537369,4.2032847434445095,1.258,0.022925967436560928,1.258,0.0,0.022917651,3.0
3.8019530991784087,0.49827348024662593,3.0,566.9082393685911,4.2020146457637875,1.2590000000000001,0.02292596741738098,1.2590000000000001,0.0,0.022917651,3.0
3.802015721374192,0.5001445889016823,3.0,567.5464965663398,4.2007416469092,1.26,0.022925967398201026,1.26,0.0,0.022917651,3.0
3.802077600489663,0.50201566189662,3.0,568.1872202269716,4.19946571142397,1.2610000000000001,0.022925967379021077,1.2610000000000001,0.0,0.022917651,3.0
3.802138727406098,0.5038866987938341,3.0,568.8304406177348,4.198186803271176,1.262,0.022925967359841128,1.262,0.0,0.022917651,3.0
3.8021990928549574,0.5057576991485321,3.0,569.4761885031464,4.196904885821837,1.2630000000000001,0.02292596734066118,1.2630000000000001,0.0,0.022917651,3.0
3.8022586874148003,0.507628662508582,3.0,570.1244951552446,4.195619921842702,1.264,0.022925967321481226,1.264,0.0,0.022917651,3.0
3.8023175033857375,0.5094988649449743,3.0,570.7755749380533,4.194332604550004,1.2650000000000001,0.02292596730230128,1.2650000000000001,0.0,0.022917651,3.0
3.802375500867661,0.5113632279151223,3.0,571.4307513628374,4.193047853454164,1.2660000000000002,0.022925967283121323,1.266,0.0,0.022917651,3.0
3.80243261885053,0.5132276418945073,3.0,572.0885797474238,4.191759533305079,1.2670000000000001,0.022925967263941378,1.2670000000000001,0.0,0.022917651,3.0
3.8024888457127775,0.515092107557157,3.0,572.7490951344045,4.1904675969418275,1.268,0.022925967244761425,1.268,0.0,0.022917651,3.0
3.8025441696271782,0.5169566255890283,3.0,573.4123331865004,4.189171996368899,1.2690000000000001,0.02292596722558148,1.2690000000000001,0.0,0.022917651,3.0
3.802598578556274,0.5188211966882694,3.0,574.0783302003388,4.187872682737671,1.27,0.022925967206401526,1.27,0.0,0.022917651,3.0
3.8026520602476905,0.5206858215654955,3.0,574.747123120601,4.186569606327352,1.2710000000000004,0.022925967187221577,1.2710000000000001,0.0,0.022917651,3.0
3.80270460222931,0.522550500944064,3.0,575.4187495545502,4.18526271652544,1.272,0.022925967168041624,1.272,0.0,0.022917651,3.0
3.802755382175707,0.5244136748292344,3.0,576.0943609570256,4.1839502826194535,1.2730000000000001,0.02292596714886167,1.2730000000000001,0.0,0.022917651,3.0
3.8028046993805553,0.5262759293971607,3.0,576.7736880864028,4.182632916182157,1.274,0.022925967129681722,1.274,0.0,0.022917651,3.0
3.802853054902698,0.528138254199463,3.0,577.4560960240709,4.181311632798796,1.2750000000000001,0.022925967110501773,1.2750000000000001,0.0,0.022917651,3.0
3.8029004345678463,0.5300006502713284,3.0,578.141630178216,4.179986374737306,1.2760000000000002,0.02292596709132182,1.276,0.0,0.022917651,3.0
3.8029468239217805,0.5318631186683896,3.0,578.8303368537963,4.178657083125469,1.2770000000000001,0.02292596707214187,1.2770000000000001,0.0,0.022917651,3.0
3.8029922082234093,0.5337256604672294,3.0,579.5222632747868,4.177323697922624,1.278,0.022925967052961925,1.278,0.0,0.022917651,3.0
3.8030365724376125,0.535588276765905,3.0,580.2174576070956,4.175986157890535,1.2790000000000001,0.02292596703378197,1.2790000000000001,0.0,0.022917651,3.0
3.8030787336279848,0.5374512353518153,3.0,580.9190207529215,4.174639464490439,1.2800000000000002,0.02292596701460202,1.28,0.0,0.022917651,3.0
3.803119131920371,0.5393142845654026,3.0,581.6259275766104,4.173285629502235,1.281,0.02292596699542207,1.281,0.0,0.022917651,3.0
3.803158524498097,0.5411772104233419,3.0,582.3362379950491,4.171927894986856,1.282,0.022925966976242117,1.282,0.0,0.022917651,3.0
3.8031968972545727,0.5430400111953925,3.0,583.0499997485379,4.170566206247836,1.2829999999999997,0.022925966957062168,1.283,0.0,0.022917651,3.0
3.803234235818146,0.5449026851188044,3.0,583.7672614744067,4.169200507560977,1.284,0.02292596693788222,1.284,0.0,0.022917651,3.0
3.803270525545853,0.5467652303975475,3.0,584.4880727281818,4.167830742150097,1.285,0.02292596691870227,1.285,0.0,0.022917651,3.0
3.8033055512383194,0.5486272843161278,3.0,585.2132050170105,4.166456412213764,1.286,0.022925966899522317,1.286,0.0,0.022917651,3.0
3.803338491950953,0.5504873899876772,3.0,585.9455762743642,4.1650756919978456,1.2869999999999997,0.022925966880342367,1.287,0.0,0.022917651,3.0
3.8033703152501603,0.5523473149762774,3.0,586.6816748254217,4.163690682829847,1.288,0.022925966861162418,1.288,0.0,0.022917651,3.0
3.803401004695061,0.5542070566234784,3.0,587.4215555111189,4.16230132160496,1.289,0.022925966841982465,1.289,0.0,0.022917651,3.0
3.803430543520647,0.5560666122184211,3.0,588.1652742535522,4.160907543974298,1.29,0.022925966822802516,1.29,0.0,0.022917651,3.0
3.8034589146297626,0.5579259789965381,3.0,588.912888082753,4.159509284314093,1.291,0.022925966803622563,1.291,0.0,0.022917651,3.0
3.8034860251759004,0.5597850014264445,3.0,589.665146305518,4.158106326273855,1.292,0.022925966784442614,1.292,0.0,0.022917651,3.0
3.8035115621740663,0.5616430922580896,3.0,590.424917168883,4.156698003147703,1.2929999999999997,0.022925966765262665,1.293,0.0,0.022917651,3.0
3.8035358947441145,0.5635010433228713,3.0,591.1887858405713,4.1552850020796,1.294,0.022925966746082715,1.294,0.0,0.022917651,3.0
3.803559004154724,0.5653588524471284,3.0,591.9568160498798,4.153867250317983,1.295,0.022925966726902766,1.295,0.0,0.022917651,3.0
3.803580871284139,0.567216517411893,3.0,592.7290728544868,4.152444673594853,1.296,0.022925966707722817,1.296,0.0,0.022917651,3.0
3.803601476609937,0.5690740359517014,3.0,593.5056226752436,4.151017196086042,1.297,0.022925966688542864,1.297,0.0,0.022917651,3.0
3.803619329616111,0.5709284343858388,3.0,594.2884538219378,4.14958182883674,1.298,0.02292596666936291,1.298,0.0,0.022917651,3.0
3.8036345350804437,0.5727804174216582,3.0,595.0773659520627,4.148138286323189,1.299,0.022925966650182962,1.299,0.0,0.022917651,3.0
3.8036481905781354,0.574632381709268,3.0,595.8709388720544,4.14668856263836,1.3,0.022925966631003013,1.3,0.0,0.022917651,3.0
3.80364483939222,0.5762615900572233,3.0,596.6505671592876,4.145367793734895,1.3010000000000002,0.022925966649358965,1.301,0.0,0.022917651,3.0
3.803640718093206,0.5778911778057817,3.0,597.4328430116003,4.144043564914101,1.302,0.022925966667714914,1.302,0.0,0.022917651,3.0
3.8036340843155956,0.5795157145112816,3.0,598.2207387457688,4.1427143407862355,1.303,0.02292596668607087,1.303,0.0,0.022917651,3.0
3.8036252308220875,0.5811362173956269,3.0,599.013736959302,4.141380274613969,1.304,0.02292596670442682,1.304,0.0,0.022917651,3.0
3.8036155722620792,0.5827571686354299,3.0,599.809438848447,4.140042539860436,1.3050000000000002,0.022925966722782767,1.305,0.0,0.022917651,3.0
3.8036051004520357,0.5843785727882429,3.0,600.607871896177,4.138701099234358,1.306,0.022925966741138715,1.306,0.0,0.022917651,3.0
3.803593808524232,0.5860004333911801,3.0,601.4090707010507,4.137355921723795,1.3070000000000002,0.02292596675949466,1.307,0.0,0.022917651,3.0
3.8035827806816136,0.5876219098282034,3.0,602.2182565396985,4.1360121813445945,1.308,0.022925966777850616,1.308,0.0,0.022917651,3.0
3.803570883279082,0.5892438433811349,3.0,603.0301769500423,4.1346645055624665,1.3090000000000002,0.02292596679620656,1.309,0.0,0.022917651,3.0
3.8035581068884654,0.5908662390062374,3.0,603.8448615815745,4.133312851707948,1.3100000000000003,0.022925966814562514,1.31,0.0,0.022917651,3.0
3.803544441944799,0.5924891017316828,3.0,604.662340513972,4.131957176492488,1.3110000000000002,0.02292596683291847,1.311,0.0,0.022917651,3.0
3.803526707201621,0.5941137335402512,3.0,605.4852748772275,4.130583450928967,1.312,0.02292596685127441,1.312,0.0,0.022917651,3.0
3.803505496485122,0.5957398387956542,3.0,606.313287246977,4.1291943463672185,1.3130000000000002,0.022925966869630367,1.313,0.0,0.022917651,3.0
3.803483387975276,0.5973663481208664,3.0,607.1442883855632,4.127801246557569,1.314,0.02292596688798632,1.314,0.0,0.022917651,3.0
3.803460372592988,0.5989932656021151,3.0,607.9783085174431,4.126404111097361,1.315,0.022925966906342268,1.315,0.0,0.022917651,3.0
3.803435721387807,0.6006192489128278,3.0,608.8176978100305,4.125001368254152,1.3160000000000005,0.02292596692469822,1.316,0.0,0.022917651,3.0
3.8034092497012826,0.6022439886939525,3.0,609.6630098753999,4.123592589148104,1.317,0.02292596694305417,1.317,0.0,0.022917651,3.0
3.80338183129795,0.6038691472407577,3.0,610.5114131589531,4.122179604391655,1.3180000000000003,0.022925966961410117,1.318,0.0,0.022917651,3.0
3.803353456424993,0.605494728867251,3.0,611.3629395055626,4.120762370659364,1.3190000000000002,0.022925966979766073,1.319,0.0,0.022917651,3.0
3.8033233783654303,0.6071195809525569,3.0,612.2202364592773,4.119339055561274,1.3200000000000003,0.02292596699812202,1.32,0.0,0.022917651,3.0
3.8032915726010543,0.6087436895677977,3.0,613.0833269724236,4.117909575045833,1.3210000000000002,0.022925967016477974,1.321,0.0,0.022917651,3.0
3.8032587648087173,0.6103682162957788,3.0,613.9496112874191,4.116475668401877,1.322,0.022925967034833922,1.322,0.0,0.022917651,3.0
3.8032249444442403,0.6119931655362327,3.0,614.8191230121258,4.115037289053971,1.323,0.02292596705318987,1.323,0.0,0.022917651,3.0
3.8031889434059876,0.6136163364380852,3.0,615.6953688419238,4.1135919608671125,1.324,0.022925967071545823,1.324,0.0,0.022917651,3.0
3.8031513854060597,0.6152389810036182,3.0,616.5764271547403,4.112140929139768,1.3250000000000002,0.022925967089901772,1.325,0.0,0.022917651,3.0
3.8031127694089193,0.6168620830341933,3.0,617.4607928898511,4.110685207936417,1.3260000000000003,0.02292596710825772,1.326,0.0,0.022917651,3.0
3.803073051509511,0.6184855448130038,3.0,618.3486303671995,4.109224719378812,1.327,0.022925967126613676,1.327,0.0,0.022917651,3.0
3.8030310416820026,0.6201056431233807,3.0,619.2446522192454,4.107758427455154,1.328,0.022925967144969625,1.328,0.0,0.022917651,3.0
3.802987943762139,0.6217262051577492,3.0,620.1440959158322,4.106287319322947,1.329,0.02292596716332557,1.329,0.0,0.022917651,3.0
3.802943746064373,0.6233472358962663,3.0,621.0469982058047,4.104811343258594,1.33,0.02292596718168152,1.33,0.0,0.022917651,3.0
3.8028979193446473,0.6249706232492054,3.0,621.9578968168586,4.103326495640872,1.331,0.022925967200037475,1.331,0.0,0.022917651,3.0
3.802850420744603,0.626596888524424,3.0,622.8774638965788,4.101832084035743,1.3319999999999999,0.022925967218393423,1.332,0.0,0.022917651,3.0
3.8028018141124127,0.6282240889522546,3.0,623.8008617842626,4.10033230527981,1.3330000000000002,0.022925967236749376,1.333,0.0,0.022917651,3.0
3.802751970028094,0.6298516462093313,3.0,624.728558427703,4.098827219857844,1.3340000000000003,0.022925967255105324,1.334,0.0,0.022917651,3.0
3.8026985921061462,0.6314680055074088,3.0,625.668885557368,4.097319193825831,1.3350000000000002,0.02292596727346128,1.335,0.0,0.022917651,3.0
3.802643996446929,0.6330847356521894,3.0,626.6134232322357,4.0958059258835116,1.3360000000000003,0.02292596729181723,1.336,0.0,0.022917651,3.0
3.8025881694175303,0.6347018407954069,3.0,627.5622185905577,4.09428735734621,1.337,0.022925967310173177,1.337,0.0,0.022917651,3.0
3.802532271006447,0.6363104209915891,3.0,628.518536171271,4.092777031567941,1.3380000000000003,0.022925967328529126,1.338,0.0,0.022917651,3.0
3.802475491668887,0.6379164643400825,3.0,629.4802660366356,4.091265720191055,1.339,0.02292596734688508,1.339,0.0,0.022917651,3.0
3.8024173988899888,0.6395231325000124,3.0,630.4463209394863,4.089748530309892,1.3400000000000003,0.02292596736524103,1.34,0.0,0.022917651,3.0
3.8023584524563443,0.6411298651921448,3.0,631.4178525709935,4.0882278586007015,1.3409999999999997,0.02292596738359698,1.341,0.0,0.022917651,3.0
3.8022986199874067,0.6427365164710438,3.0,632.3950230015492,4.086703720820157,1.342,0.022925967401952928,1.342,0.0,0.022917651,3.0
3.802237282024492,0.6443437457667791,3.0,633.3765598329664,4.085172982885724,1.343,0.02292596742030888,1.343,0.0,0.022917651,3.0
3.8021723744799134,0.645951913887948,3.0,634.3644571606353,4.083627029777618,1.3440000000000003,0.022925967438664832,1.344,0.0,0.022917651,3.0
3.802099892491852,0.6475616253044816,3.0,635.3626680020153,4.082049242038436,1.345,0.02292596745702078,1.345,0.0,0.022917651,3.0
3.8020259334980926,0.6491717751937756,3.0,636.3655345581467,4.080465108003343,1.346,0.02292596747537673,1.346,0.0,0.022917651,3.0
3.8019500648833695,0.6507816350232624,3.0,637.3747960980527,4.078873623159324,1.347,0.022925967493732678,1.347,0.0,0.022917651,3.0
3.8018716642922676,0.6523901187801856,3.0,638.3930268307716,4.0772733800559555,1.348,0.02292596751208863,1.348,0.0,0.022917651,3.0
3.801791756380433,0.6539990670116903,3.0,639.4160884595593,4.075666643127343,1.349,0.022925967530444583,1.349,0.0,0.022917651,3.0
3.8017099481003034,0.6556067336290782,3.0,640.4460888380485,4.07405358911545,1.35,0.02292596754880053,1.35,0.0,0.022917651,3.0
3.8016260667312407,0.6572123892398686,3.0,641.4839581061286,4.072434257835431,1.351,0.022925967567156483,1.351,0.0,0.022917651,3.0
3.8015406281458626,0.6588185332366624,3.0,642.526844446466,4.070808209383711,1.352,0.022925967585512436,1.352,0.0,0.022917651,3.0
3.8014520388824584,0.660422809159363,3.0,643.5784032290666,4.0691714227486395,1.3530000000000002,0.022925967603868384,1.353,0.0,0.022917651,3.0
3.8013609095055956,0.6620261086266687,3.0,644.6373635093902,4.067525449912009,1.354,0.022925967622224333,1.354,0.0,0.022917651,3.0
3.8012682155021267,0.6636299146201561,3.0,645.7015424476066,4.0658727121031335,1.355,0.022925967640580285,1.355,0.0,0.022917651,3.0
3.801169875617409,0.66523099522385,3.0,646.7782744897203,4.064200119101323,1.3560000000000003,0.022925967658936237,1.356,0.0,0.022917651,3.0
3.8010696660553744,0.6668322644576982,3.0,647.86101645682,4.062519859053784,1.357,0.022925967677292186,1.357,0.0,0.022917651,3.0
3.800967659662737,0.6684326032951121,3.0,648.9510583308418,4.0608333414314615,1.358,0.022925967695648135,1.358,0.0,0.022917651,3.0
3.800863562509828,0.6700305485139813,3.0,650.0504044141799,4.05914085292577,1.3589999999999998,0.022925967714004084,1.359,0.0,0.022917651,3.0
3.8007579603715693,0.6716289801615,3.0,651.1552485440744,4.057441857893869,1.3600000000000003,0.022925967732360036,1.36,0.0,0.022917651,3.0
3.80065006684773,0.6732228437018657,3.0,652.2703305997986,4.055738268085656,1.3610000000000002,0.022925967750715988,1.361,0.0,0.022917651,3.0
3.800540475948837,0.6748158492579223,3.0,653.392173980868,4.054028747529376,1.362,0.022925967769071937,1.362,0.0,0.022917651,3.0
3.80042879368177,0.6764089266275128,3.0,654.5212444890317,4.052310789687626,1.363,0.022925967787427885,1.363,0.0,0.022917651,3.0
3.8003143540971265,0.6780017746983452,3.0,655.6593332495527,4.050582031616914,1.364,0.02292596780578384,1.364,0.0,0.022917651,3.0
3.800198345054242,0.679595113866825,3.0,656.803161757664,4.0488465044660025,1.3650000000000002,0.02292596782413979,1.365,0.0,0.022917651,3.0
3.8000831926319827,0.6811933060183452,3.0,657.9663945990234,4.047109543759991,1.366,0.02292596784249574,1.366,0.0,0.022917651,3.0
3.7999666279521165,0.6827931194312219,3.0,659.1373074002196,4.0453653120849165,1.367,0.02292596786085169,1.367,0.0,0.022917651,3.0
3.7998466291275426,0.6843810009667523,3.0,660.3267478029139,4.043619283635903,1.368,0.02292596787920764,1.368,0.0,0.022917651,3.0
3.799723188223392,0.6859561251015561,3.0,661.5351093997543,4.041872252269712,1.369,0.02292596789756359,1.369,0.0,0.022917651,3.0
3.7995974643384347,0.68753274092381,3.0,662.7530484675864,4.040114595571611,1.37,0.02292596791591954,1.37,0.0,0.022917651,3.0
3.7994671998973777,0.689116506941941,3.0,663.9908743431316,4.0383316168835615,1.3710000000000002,0.022925967934275492,1.371,0.0,0.022917651,3.0
3.799335288155446,0.6907002694101421,3.0,665.2351979325729,4.0365420523574524,1.3720000000000003,0.022925967952631444,1.372,0.0,0.022917651,3.0
3.7991926168912427,0.6922703567956678,3.0,666.4856333014086,4.034723126596845,1.373,0.02292596797098739,1.373,0.0,0.022917651,3.0
3.799047072142248,0.6938397379750224,3.0,667.7427646304997,4.032893413598459,1.3740000000000003,0.022925967989343342,1.374,0.0,0.022917651,3.0
3.7988973843972897,0.6954061827767979,3.0,669.009839243425,4.031050061487259,1.375,0.02292596800866806,1.375,0.0,0.022917651,3.0
3.7987449724938567,0.6969721725096741,3.0,670.2847508426945,4.029196266490045,1.3760000000000001,0.022925968028182114,1.3760000000000001,0.0,0.022917651,3.0
3.798589547665708,0.6985359189205224,3.0,671.5714490992715,4.027332670150071,1.377,0.02292596804816711,1.377,0.0,0.022917651,3.0
3.798431649728232,0.7000991172180202,3.0,672.8670611363802,4.0254597326031245,1.3780000000000001,0.022925968068230204,1.3780000000000001,0.0,0.022917651,3.0
3.798271130626209,0.7016597765893995,3.0,674.1733685607732,4.02357884584492,1.379,0.022925968086891096,1.379,0.0,0.022917651,3.0
3.7981082362159757,0.7032195812300734,3.0,675.4884438969767,4.021689310708598,1.3800000000000003,0.022925968104972376,1.3800000000000001,0.0,0.022917651,3.0
3.7979426745922105,0.7047769162897908,3.0,676.8142245653769,4.019791575132422,1.381,0.022925968123053662,1.381,0.0,0.022917651,3.0
3.797774713556757,0.7063335303349564,3.0,678.1487620047865,4.017884962631478,1.3820000000000001,0.02292596814113495,1.3820000000000001,0.0,0.022917651,3.0
3.797604023359463,0.7078867482072748,3.0,679.4944401639424,4.015970828811795,1.383,0.02292596815921623,1.383,0.0,0.022917651,3.0
3.797430929591261,0.7094392809201444,3.0,680.8488047688286,4.014047765547305,1.3840000000000001,0.022925968177297515,1.3840000000000001,0.0,0.022917651,3.0
3.7972528782212103,0.7109882998541236,3.0,682.2162080907787,4.012108390058318,1.385,0.022925968195378798,1.385,0.0,0.022917651,3.0
3.797072259054233,0.7125370463991408,3.0,683.5921418775478,4.010159016634062,1.3860000000000001,0.02292596821346008,1.3860000000000001,0.0,0.022917651,3.0
3.7968885718746557,0.7140947642701536,3.0,685.0118859882969,4.008188395182991,1.3869999999999998,0.022925968231541364,1.387,0.0,0.022917651,3.0
3.7967023990637725,0.7156498172985183,3.0,686.444050023339,4.006210495789568,1.3880000000000003,0.02292596824962265,1.3880000000000001,0.0,0.022917651,3.0
3.7965113490163183,0.7171807172190852,3.0,687.9030684039868,4.0042372408218645,1.389,0.022925968267703933,1.389,0.0,0.022917651,3.0
3.7963180893584636,0.7187112048051211,3.0,689.3728717834387,4.002255558724254,1.3900000000000001,0.022925968285785216,1.3900000000000001,0.0,0.022917651,3.0
3.796122539698716,0.7202407372310674,3.0,690.8551306870482,4.000265669420865,1.3910000000000002,0.0229259683038665,1.391,0.0,0.022917651,3.0
3.795924704780705,0.7217690328669416,3.0,692.3509684190255,3.9982678802053013,1.3920000000000003,0.022925968321947786,1.3920000000000001,0.0,0.022917651,3.0
3.795724634289255,0.723296097955375,3.0,693.8588708270568,3.9962623828030917,1.3930000000000002,0.022925968340029065,1.393,0.0,0.022917651,3.0
3.795518840621024,0.7248177556921411,3.0,695.3801937109496,3.9942393989594254,1.3940000000000003,0.022925968358899814,1.3940000000000001,0.0,0.022917651,3.0
3.795308635086243,0.7263379829586321,3.0,696.9112431391776,3.992200197506661,1.395,0.022925968377564967,1.395,0.0,0.022917651,3.0
3.7950849131687683,0.727853634401945,3.0,698.4529787744182,3.9901115044468396,1.3960000000000001,0.022925968395371584,1.3960000000000001,0.0,0.022917651,3.0
3.794858583628807,0.7293680911328108,3.0,700.0057568687167,3.988013581678153,1.397,0.0229259684131782,1.397,0.0,0.022917651,3.0
3.7946296386729883,0.7308814108300246,3.0,701.569602805992,3.9859063402286012,1.3980000000000001,0.022925968430984815,1.3980000000000001,0.0,0.022917651,3.0
3.794396575105378,0.7323966240674792,3.0,703.1455931343453,3.983780710766625,1.3990000000000002,0.022925968448791436,1.399,0.0,0.022917651,3.0
3.7941595905968795,0.7339047569409792,3.0,704.7328165463559,3.981646477943485,1.4000000000000001,0.022925968466598053,1.4000000000000001,0.0,0.022917651,3.0
3.794006461361253,0.7352790482783157,3.0,705.9266657912796,3.9799592982038057,1.4010000000000002,0.022925968466323388,1.401,0.0,0.022917651,3.0
3.793852122193495,0.7366527720847957,3.0,707.143886648686,3.9782678478766615,1.4020000000000001,0.02292596846604872,1.4020000000000001,0.0,0.022917651,3.0
3.79369650718258,0.7380259700061377,3.0,708.3830229331268,3.9765718213798182,1.403,0.022925968465774053,1.403,0.0,0.022917651,3.0
3.7935390464120458,0.7393991723436866,3.0,709.6429432453359,3.9748684085497437,1.4040000000000001,0.02292596847373387,1.4040000000000001,0.0,0.022917651,3.0
3.7933797973206764,0.7407725595637534,3.0,710.9180575493798,3.9731576584409374,1.4049999999999998,0.02292596848710333,1.405,0.0,0.022917651,3.0
3.7932188156900897,0.7421465574637665,3.0,712.1995937618067,3.9714393649268493,1.4060000000000004,0.022925968490768715,1.4060000000000001,0.0,0.022917651,3.0
3.7930561326883523,0.7435210917551611,3.0,713.4861727042268,3.9697137285355346,1.407,0.022925968490219384,1.407,0.0,0.022917651,3.0
3.792890201908065,0.7448880895378381,3.0,714.7794204411533,3.9679826418015702,1.4080000000000001,0.022925968490622547,1.408,0.0,0.022917651,3.0
3.7927222623492227,0.7462538597567633,3.0,716.0776082407864,3.966244748317623,1.409,0.022925968491523754,1.409,0.0,0.022917651,3.0
3.792553342718903,0.7476156149836551,3.0,717.3871424101698,3.9645069468670764,1.41,0.022925968491318057,1.41,0.0,0.022917651,3.0
3.792382857210224,0.748977488038257,3.0,718.7025816578982,3.9627627638986103,1.4110000000000003,0.022925968491043388,1.411,0.0,0.022917651,3.0
3.792211521029512,0.7503377348351884,3.0,720.0264418771447,3.961016805693779,1.4120000000000001,0.022925968490768722,1.412,0.0,0.022917651,3.0
3.7920383030287534,0.751698466500899,3.0,721.3565346174482,3.959262835255189,1.413,0.022925968490494057,1.413,0.0,0.022917651,3.0
3.791862703553512,0.7530595515984497,3.0,722.6946167835711,3.9574989847034687,1.414,0.022925968490219387,1.414,0.0,0.022917651,3.0
3.791679753010592,0.7544212701210911,3.0,724.0403357670303,3.9557050967854104,1.4150000000000005,0.02292596848994472,1.415,0.0,0.022917651,3.0
3.7914876022930364,0.7557836872399328,3.0,725.3946796505841,3.9538737103372323,1.4159999999999997,0.022925968489670052,1.416,0.0,0.022917651,3.0
3.7912943039656355,0.7571485965179614,3.0,726.7707528406789,3.952035242383363,1.4169999999999998,0.022925968489395383,1.417,0.0,0.022917651,3.0
3.791099487469704,0.7585147118466045,3.0,728.1589620450131,3.9501894959653483,1.4180000000000001,0.02292596848912072,1.418,0.0,0.022917651,3.0
3.7909021723537033,0.7598764233465327,3.0,729.5850995775089,3.9483381615529503,1.419,0.022925968488846052,1.419,0.0,0.022917651,3.0
3.7907037901711926,0.7612390041466663,3.0,731.0173532210729,3.9464816870022967,1.4200000000000002,0.02292596848857139,1.42,0.0,0.022917651,3.0
3.7905055711357174,0.7626034913077934,3.0,732.4564302374716,3.9446239516214634,1.421,0.02292596848829672,1.421,0.0,0.022917651,3.0
3.7903064312487045,0.7639706204979367,3.0,733.9070539596348,3.9427598937417243,1.4220000000000002,0.022925968495052955,1.422,0.0,0.022917651,3.0
3.7901061488622925,0.7653397785735182,3.0,735.3684142425716,3.940889239282675,1.4230000000000003,0.02292596850707408,1.423,0.0,0.022917651,3.0
3.789906340529087,0.7667141830419775,3.0,736.8432592951536,3.939015229983877,1.4239999999999997,0.02292596850834739,1.424,0.0,0.022917651,3.0
3.7897054592372976,0.7680903524886858,3.0,738.3261977649453,3.9371351639725995,1.4250000000000003,0.022925968507798055,1.425,0.0,0.022917651,3.0
3.7895051622187212,0.7694717964894686,3.0,739.8197411377491,3.9352521642965024,1.426,0.02292596850724872,1.426,0.0,0.022917651,3.0
3.7893046317772234,0.7708572966444923,3.0,741.3204315870852,3.9333641719294485,1.427,0.02292596850669939,1.427,0.0,0.022917651,3.0
3.7891044673702177,0.7722483281373002,3.0,742.8287234834377,3.931472108766831,1.428,0.022925968506150054,1.428,0.0,0.022917651,3.0
3.7889044760753468,0.7736483354473245,3.0,744.3673944351864,3.9295717672970474,1.4290000000000003,0.022925968513372683,1.429,0.0,0.022917651,3.0
3.7887034998790043,0.7750521065323918,3.0,745.9222848247664,3.9276637246481423,1.4299999999999997,0.022925968523821318,1.43,0.0,0.022917651,3.0
3.7885013877838634,0.7764729056046279,3.0,747.4978212424152,3.9257341180554954,1.431,0.022925968523454052,1.431,0.0,0.022917651,3.0
3.7882985657114747,0.7778991695932465,3.0,749.0800050482499,3.9237962052677364,1.432,0.022925968522630052,1.432,0.0,0.022917651,3.0
3.788098223484798,0.7793416092454502,3.0,750.6707531553083,3.9218520317832626,1.433,0.022925968521806055,1.433,0.0,0.022917651,3.0
3.787895281009259,0.7807975618244533,3.0,752.27914141563,3.919883940803456,1.434,0.022925968526243984,1.434,0.0,0.022917651,3.0
3.7876897958542832,0.782266944791526,3.0,753.9063801797474,3.9178922445799733,1.435,0.022925968535785178,1.435,0.0,0.022917651,3.0
3.787487263061503,0.7837638603488052,3.0,755.5445599903279,3.915884831561509,1.436,0.02292596853691272,1.436,0.0,0.022917651,3.0
3.787284671756291,0.7852707720613706,3.0,757.1922581917694,3.9138671896611403,1.437,0.022925968535814054,1.437,0.0,0.022917651,3.0
3.7870896905971323,0.786821488404061,3.0,758.8697967237483,3.9118361733127043,1.4380000000000002,0.022925968534715388,1.438,0.0,0.022917651,3.0
3.7868960741351243,0.7883893413821453,3.0,760.5679446430622,3.909793481478417,1.439,0.022925968533616725,1.439,0.0,0.022917651,3.0
3.7867075210674597,0.7899931814884544,3.0,762.3011583434553,3.9077350617309254,1.44,0.022925968532518055,1.44,0.0,0.022917651,3.0
3.786524173390442,0.7916349035791201,3.0,764.0598466027691,3.905659584379431,1.441,0.02292596853141939,1.441,0.0,0.022917651,3.0
3.78634387541063,0.79330313475778,3.0,765.8385855493965,3.9035697985055977,1.442,0.022925968530320723,1.442,0.0,0.022917651,3.0
3.786174941967508,0.795036093341553,3.0,767.6491231829103,3.901460738964583,1.443,0.02292596852922206,1.443,0.0,0.022917651,3.0
3.7860067239276614,0.7967820501161211,3.0,769.4725646525393,3.899341541695311,1.444,0.02292596852812339,1.444,0.0,0.022917651,3.0
3.7858600604924044,0.7986438029188712,3.0,771.3397459660185,3.8971927598856357,1.4450000000000003,0.022925968527024727,1.445,0.0,0.022917651,3.0
3.785715965248485,0.8005294969352243,3.0,773.2254480274835,3.8950303124279575,1.4460000000000002,0.022925968525926058,1.446,0.0,0.022917651,3.0
3.785593131213352,0.802535831855722,3.0,775.1650544132467,3.8928322791886067,1.447,0.022925968524827388,1.447,0.0,0.022917651,3.0
3.785477815913046,0.804611650004396,3.0,777.1429598767569,3.8905948347879336,1.448,0.022925968523728718,1.448,0.0,0.022917651,3.0
3.785373849246324,0.8067862114813141,3.0,779.1709390108755,3.888304037900381,1.449,0.022925968522630055,1.449,0.0,0.022917651,3.0
3.7852892229551522,0.8090850451993163,3.0,781.3270192161265,3.885966331525851,1.45,0.02292596852153139,1.45,0.0,0.022917651,3.0
3.7852160279151392,0.8114625312609558,3.0,783.5689319437265,3.8835956966104384,1.451,0.022925968520432723,1.451,0.0,0.022917651,3.0
3.7851617345098565,0.8139584124612929,3.0,785.9297582677044,3.8811822687269877,1.452,0.022925968519334053,1.452,0.0,0.022917651,3.0
3.7851443620135483,0.8166473985771323,3.0,788.3804586266865,3.878723428132656,1.4530000000000003,0.02292596851823539,1.453,0.0,0.022917651,3.0
3.7851677397010315,0.8195399992494765,3.0,790.9239849385422,3.876223971393881,1.4540000000000002,0.022925968517136724,1.454,0.0,0.022917651,3.0
3.78525970571951,0.8227589631209387,3.0,793.6844272613201,3.873672504774482,1.455,0.022925968516038057,1.455,0.0,0.022917651,3.0
3.7854691554409854,0.8265086038002857,3.0,796.9090600292564,3.8710603013194302,1.456,0.022925968514939388,1.456,0.0,0.022917651,3.0
3.78581787916856,0.8308595417870307,3.0,800.6277535594648,3.868403885812589,1.457,0.022925968513840725,1.457,0.0,0.022917651,3.0
3.7863592363433356,0.8360857962123278,3.0,805.0642508877095,3.865642692865491,1.4579999999999997,0.022925968512742055,1.458,0.0,0.022917651,3.0
3.787158095101269,0.8426417107898425,3.0,810.5747810834172,3.8625818517847246,1.459,0.022925968511643385,1.459,0.0,0.022917651,3.0
3.788428648268397,0.8513459911177638,3.0,817.7546880857823,3.859259404044144,1.4600000000000002,0.022925968510544723,1.46,0.0,0.022917651,3.0
3.7905093710312716,0.8638148406922224,3.0,827.7772129590248,3.855413083328012,1.461,0.022925968509446056,1.461,0.0,0.022917651,3.0
3.7944232175257957,0.8853790600073813,3.0,844.7079247730014,3.849803885323404,1.462,0.02292596850834739,1.462,0.0,0.022917651,3.0
3.8057587400471418,0.9542031566439917,3.0,872.5053523583153,3.826621516811202,1.4630000000000003,0.02292596850724872,1.463,0.0,0.022917651,3.0
3.7916700190918755,0.9559213011813433,3.0,877.9715042844866,3.7688481156304667,1.4640000000000002,0.022925968506150054,1.464,0.0,0.022917651,3.0
3.786070890744713,0.95875921419388,3.0,882.9553976399957,3.7439133180552333,1.4649999999999999,0.022925968517443742,1.465,0.0,0.022917651,3.0
3.7820402328948752,0.9585047310132264,3.0,888.0903823104675,3.7283447964147225,1.4660000000000002,0.02292596859845342,1.466,0.0,0.022917651,3.0
3.7782215007879825,0.9565564645066662,3.0,893.3731404996732,3.7153177780411752,1.4670000000000003,0.022925968858364707,1.467,0.0,0.022917651,3.0
3.7741436127086487,0.9527776738916606,3.0,898.725855190571,3.703084646764847,1.468,0.022925969592744535,1.468,0.0,0.022917651,3.0
3.7694719803059664,0.9462793471159376,3.0,904.0827114306123,3.6911960655121807,1.469,0.022925972185693796,1.469,0.0,0.022917651,3.0
3.7638860562188836,0.9355369003454727,3.0,909.3792481349453,3.679894454648978,1.47,0.022925982708437282,1.47,0.0,0.022917651,3.0
3.7570800611110244,0.9184787665464869,3.0,914.5453862333947,3.6700282508376096,1.471,0.022926033713318354,1.471,0.0,0.022917651,3.0
3.7488967924059637,0.8928532870927313,3.0,919.4845998494094,3.66322028280705,1.4719999999999998,0.022926364622498727,1.472,0.0,0.022917651,3.0
3.739566878960764,0.8590849384833992,3.0,924.0743255171583,3.6599685918112277,1.4730000000000003,0.022929682301089067,1.473,0.0,0.022917651,3.0
3.7299504549356497,0.823946390931455,3.0,928.2492765042307,3.656941075834029,1.4740000000000002,0.022947465253107042,1.474,0.0,0.022917651,3.0
3.7208035603548013,0.7965254745814205,3.0,932.1288638701359,3.6480740408911485,1.4750000000000003,0.023005725501140717,1.475,0.0,0.022917651,3.0
3.7131325169219465,0.784055123411216,3.0,935.8030672181831,3.630159870378926,1.476,0.02313258263892097,1.476,0.0,0.022917651,3.0
3.7069627755748686,0.7867044734193247,3.0,939.4497261295758,3.603131182563395,1.477,0.023351356357862913,1.477,0.0,0.022917651,3.0
3.702099539174327,0.8019312233377848,3.0,943.2017265311536,3.5687511169212294,1.478,0.02370366572070344,1.478,0.0,0.022917651,3.0
3.6985393799755846,0.8259677103014289,3.0,947.1216035022691,3.5307736275458312,1.4789999999999999,0.02416843516120127,1.479,0.0,0.022917651,3.0
3.695440178378759,0.8595681469162882,3.0,951.3652226599048,3.485076019703736,1.4800000000000002,0.02495179629481096,1.48,0.0,0.022917651,3.0
3.6929410109553387,0.8980086797085397,3.0,956.0358015822538,3.436938442217253,1.4810000000000003,0.02601582912513962,1.481,0.0,0.022917651,3.0
3.690878717280153,0.938036535151731,3.0,961.2127351442487,3.3889610597036355,1.4819999999999998,0.02722028265542013,1.482,0.0,0.022917651,3.0
3.689038514436975,0.978999358934703,3.0,967.0081401175031,3.340937045668275,1.483,0.028486433596842334,1.483,0.0,0.022917651,3.0
3.6873937119744946,1.0183795223143706,3.0,973.5100269879009,3.2952773250728273,1.484,0.02970633324698326,1.484,0.0,0.022917651,3.0
3.6855344414373032,1.0633585934296619,3.0,980.7527143778256,3.2431607881778106,1.485,0.03091213575918884,1.485,0.0,0.022917651,3.0
3.6836381083371355,1.1088468134586835,3.0,988.9448839156742,3.1903868596163396,1.486,0.03192257828821568,1.486,0.0,0.022917651,3.0
3.6817190557597876,1.1538678865552947,3.0,998.2132172602021,3.1379892051905616,1.487,0.0326845319034203,1.487,0.0,0.022917651,3.0
3.67989713707364,1.1953511689576013,3.0,1008.6333579227901,3.0895178906854612,1.488,0.03320899428934983,1.488,0.0,0.022917651,3.0
3.6786352974336283,1.2250298315866703,3.0,1020.1371897545506,3.0550914954659425,1.489,0.033388021251255125,1.489,0.0,0.022917651,3.0
3.678687734844628,1.22868403568863,3.0,1032.1640731661569,3.0519466964229487,1.49,0.03338632284175842,1.49,0.0,0.022917651,3.0
3.6791853077377743,1.22364808793934,3.0,1044.009492206718,3.0592725530683738,1.491,0.03338819959802318,1.491,0.0,0.022917651,3.0
3.6779695001862005,1.2510088018586432,3.0,1056.1747005977213,3.0273482240509977,1.492,0.03339550199100977,1.492,0.0,0.022917651,3.0
3.6755719459966665,1.2995226083821123,3.0,1069.8570079514145,2.9695438515591484,1.493,0.03339903609173507,1.493,0.0,0.022917651,3.0
3.673057989633651,1.3494028037865653,3.0,1085.3757728633977,2.9099074676836754,1.4940000000000002,0.03340389755858408,1.494,0.0,0.022917651,3.0
3.6703855477609837,1.4017215295580752,3.0,1103.1627250936745,2.847198603104234,1.495,0.03356136885430008,1.495,0.0,0.022917651,3.0
3.6674386909159544,1.4581334269601076,3.0,1124.8787344205095,2.779298909681276,1.496,0.03367014701092531,1.496,0.0,0.022917651,3.0
3.6640409871130877,1.519915525161052,3.0,1152.1029812443758,2.7042256272758207,1.497,0.03372672617294298,1.497,0.0,0.022917651,3.0
3.6601755972292276,1.5881105527561719,3.0,1187.005351901204,2.6208686778481547,1.4980000000000002,0.03371757673926967,1.498,0.0,0.022917651,3.0
3.655981000188052,1.6602957119737123,3.0,1232.6636680577892,2.53220475479051,1.499,0.033708427305596374,1.499,0.0,0.022917651,3.0
3.650738791474335,1.7468711295781119,3.0,1293.0534298603295,2.424960128364736,1.5,0.033699277871923075,1.5,0.0,0.022917651,3.0
3.646728758759692,1.8114305471414276,3.0,1349.5455240765584,2.344640874900777,1.5010000000000003,0.03369660428635205,1.5010000000000001,0.0,0.022917651,3.0
3.6454969213457535,1.8339905151973368,3.0,1418.3044198355378,2.3174338358486235,1.5020000000000002,0.03369393070078103,1.502,0.0,0.022917651,3.0
3.645392677659465,1.8398051155958897,3.0,1494.8273073175023,2.311482547280991,1.5030000000000001,0.03369125711521,1.5030000000000001,0.0,0.022917651,3.0
3.6398873340251736,1.924753677430991,3.0,1594.2054007504569,2.204792919766152,1.5039999999999998,0.03368858352963897,1.504,0.0,0.022917651,3.0
3.63337935968886,2.0226050934211734,3.0,1728.1880516741028,2.081189875306297,1.5050000000000003,0.03368590994406794,1.5050000000000001,0.0,0.022917651,3.0
3.625333127922165,2.1404459506043407,3.0,1918.1204324078324,1.9314443873356426,1.5060000000000002,0.03368323635849692,1.506,0.0,0.022917651,3.0
3.6146973785943715,2.289335226159024,3.0,2209.420091160922,1.7402924027282483,1.507,0.033680562772925894,1.5070000000000001,0.0,0.022917651,3.0
3.599729789668915,2.4914976819657118,3.0,2719.946847225044,1.4785398773983562,1.5080000000000002,0.03367788918735488,1.508,0.0,0.022917651,3.0
3.5748576261525,2.800663496790858,3.0,3879.182337503762,1.0701656890989304,1.5090000000000003,0.033675215601783846,1.5090000000000001,0.0,0.022917651,3.0
