log_Teff,LogL_lsun,Age_gyr,Step,Log_g,Mass_msun,feh,Mass_input,Metallicity_input,Z_used,Age_input
3.5412482050043548,-1.9082675958702755,12.0,330.76265549406617,4.943166499938519,0.3,0.028020775000117945,0.3,0.0,0.022917651,12.0
3.541399943864936,-1.9058203815853483,12.0,330.7194956263644,4.942575628190072,0.301,0.02798743323464248,0.301,0.0,0.022917651,12.0
3.541551728855774,-1.9033733428670376,12.0,330.6738700629804,4.9419851165416215,0.302,0.02795386797272567,0.302,0.0,0.022917651,12.0
3.5417035602557556,-1.9009264807767616,12.0,330.62576389712234,4.941394967170211,0.30299999999999994,0.027920077863180924,0.303,0.0,0.022917651,12.0
3.541855438346023,-1.8984797963845126,12.0,330.5751621015933,4.940805182270475,0.30400000000000005,0.027886061543907874,0.304,0.0,0.022917651,12.0
3.542007363409992,-1.896033290768942,12.0,330.52204952757387,4.940215764054807,0.305,0.02785181764178197,0.305,0.0,0.022917651,12.0
3.5421593357333783,-1.8935869650174495,12.0,330.4664109033884,4.939626714753542,0.30600000000000005,0.027817344772542718,0.306,0.0,0.022917651,12.0
3.5423113556042183,-1.891140820226271,12.0,330.4082308332578,4.93903803661514,0.307,0.02778264154068057,0.307,0.0,0.022917651,12.0
3.542463423312894,-1.8886948575005695,12.0,330.3474937960355,4.938449731906375,0.308,0.027747706539322403,0.308,0.0,0.022917651,12.0
3.5426155391521585,-1.886249077954526,12.0,330.28418414392974,4.937861802912508,0.309,0.027712538350115647,0.309,0.0,0.022917651,12.0
3.542767703417156,-1.8838034827114298,12.0,330.21828610120843,4.937274251937492,0.30999999999999994,0.027677135543110926,0.31,0.0,0.022917651,12.0
3.54291991640545,-1.8813580729037744,12.0,330.14978376288906,4.936687081304154,0.311,0.027641496676643333,0.311,0.0,0.022917651,12.0
3.543072178417047,-1.8789128496733514,12.0,330.07866109341256,4.936100293354389,0.312,0.027605620297212162,0.312,0.0,0.022917651,12.0
3.5432244897544214,-1.8764678141713445,12.0,330.0049019253003,4.935513890449362,0.313,0.027569504939359224,0.313,0.0,0.022917651,12.0
3.5433768507225416,-1.8740229675584268,12.0,329.92848995779485,4.934927874969699,0.314,0.02753314912554563,0.314,0.0,0.022917651,12.0
3.543529261628894,-1.8715783110048616,12.0,329.8494087554838,4.9343422493156925,0.31499999999999995,0.02749655136602701,0.315,0.0,0.022917651,12.0
3.543681722783512,-1.8691338456905973,12.0,329.7676417469062,4.9337570159075055,0.316,0.027459710158727287,0.316,0.0,0.022917651,12.0
3.543834234498999,-1.8666895728053705,12.0,329.68317222314204,4.933172177185376,0.317,0.027422623989110752,0.317,0.0,0.022917651,12.0
3.543986797090558,-1.864245493548807,12.0,329.5959833363841,4.932587735609823,0.318,0.027385291330052634,0.318,0.0,0.022917651,12.0
3.5441394108760167,-1.8618016091305256,12.0,329.50605809849196,4.932003693661861,0.319,0.027347710641708035,0.319,0.0,0.022917651,12.0
3.5442920761758563,-1.8593579207702409,12.0,329.4133793795278,4.931420053843217,0.32,0.02730988037137918,0.32,0.0,0.022917651,12.0
3.5444447933132386,-1.856914429697869,12.0,329.3179299062735,4.93083681867654,0.32099999999999995,0.027271798953381065,0.321,0.0,0.022917651,12.0
3.5445975626140327,-1.8544711371536362,12.0,329.2196922607297,4.930253990705621,0.322,0.027233464808905383,0.322,0.0,0.022917651,12.0
3.5447503844068473,-1.8520280443881845,12.0,329.11864887859605,4.929671572495624,0.323,0.027194876345882718,0.323,0.0,0.022917651,12.0
3.5449032590230547,-1.8495851526626854,12.0,329.0147820477313,4.929089566633299,0.32400000000000007,0.02715603195884304,0.324,0.0,0.022917651,12.0
3.5450561867968235,-1.8471424632489444,12.0,328.9080739065949,4.928507975727215,0.325,0.027116930028774414,0.325,0.0,0.022917651,12.0
3.5452091680651465,-1.8446999774295203,12.0,328.7985064426683,4.927926802407994,0.32600000000000007,0.027077568922979897,0.326,0.0,0.022917651,12.0
3.545362203167872,-1.842257696497835,12.0,328.6860614908567,4.927346049328537,0.327,0.027037946994932675,0.327,0.0,0.022917651,12.0
3.5455152924477313,-1.8398156217582886,12.0,328.5707207318695,4.926765719164265,0.328,0.02699806258412928,0.328,0.0,0.022917651,12.0
3.545668257851619,-1.8373810951036684,12.0,328.46029141830303,4.926192441720604,0.329,0.02695793063365328,0.329,0.0,0.022917651,12.0
3.545821034583766,-1.834956365286116,12.0,328.35772308704054,4.925628206595406,0.33,0.026917594861397325,0.33,0.0,0.022917651,12.0
3.5459738620001833,-1.8325314339128682,12.0,328.2525555350002,4.92506397264587,0.33100000000000007,0.026877046090877887,0.331,0.0,0.022917651,12.0
3.5461267408307475,-1.8301062980814193,12.0,328.14475133209675,4.924499739888926,0.33199999999999996,0.026836281254812924,0.332,0.0,0.022917651,12.0
3.546279671819422,-1.8276809548332693,12.0,328.0342723260953,4.923935508341831,0.333,0.026795297226742468,0.333,0.0,0.022917651,12.0
3.5464326557245887,-1.825255401152559,12.0,327.9210796251118,4.9233712780221754,0.3340000000000001,0.026754090819594505,0.334,0.0,0.022917651,12.0
3.5465856933194067,-1.8228296339646783,12.0,327.8051335796015,4.9228070489478934,0.3350000000000001,0.026712658784209028,0.335,0.0,0.022917651,12.0
3.5467387853921686,-1.8204036501348264,12.0,327.6863937638178,4.922242821137271,0.336,0.02667099780781865,0.336,0.0,0.022917651,12.0
3.546891932746676,-1.8179774464665315,12.0,327.5648189567253,4.921678594608951,0.3370000000000001,0.026629104512484493,0.337,0.0,0.022917651,12.0
3.5470451362026236,-1.815551019700129,12.0,327.44036712234595,4.921114369381949,0.338,0.02658697545348557,0.338,0.0,0.022917651,12.0
3.547198396595988,-1.8131243665111882,12.0,327.3129953895196,4.920550145475657,0.339,0.026544607117660275,0.339,0.0,0.022917651,12.0
3.547351714779442,-1.8106974835088994,12.0,327.1826600310585,4.9199859229098495,0.34,0.026501995921698118,0.34,0.0,0.022917651,12.0
3.5475050916227664,-1.8082703672344076,12.0,327.0493164422743,4.919421701704706,0.341,0.0264591382103801,0.341,0.0,0.022917651,12.0
3.547658528013288,-1.8058430141590958,12.0,326.91291911885514,4.9188574818808055,0.342,0.02641603025476582,0.342,0.0,0.022917651,12.0
3.547812024856316,-1.803415420682819,12.0,326.7734216340707,4.91829326345915,0.3430000000000001,0.02637266825032545,0.343,0.0,0.022917651,12.0
3.547965583075609,-1.8009875831320814,12.0,326.6307766152798,4.917729046461163,0.344,0.026329048315014664,0.34400000000000003,0.0,0.022917651,12.0
3.54811920361384,-1.7985594977581607,12.0,326.48493571971704,4.917164830908717,0.3450000000000001,0.026285166487290373,0.34500000000000003,0.0,0.022917651,12.0
3.5482728874330873,-1.7961311607351687,12.0,326.3358496095314,4.916600616824121,0.3460000000000001,0.02624101872406525,0.34600000000000003,0.0,0.022917651,12.0
3.5484266355153338,-1.7937025681580596,12.0,326.1834679260503,4.916036404230157,0.34700000000000003,0.02619660089859874,0.34700000000000003,0.0,0.022917651,12.0
3.5485804488629884,-1.7912737160405703,12.0,326.02773926324096,4.915472193150077,0.3480000000000001,0.026151908798322278,0.34800000000000003,0.0,0.022917651,12.0
3.5487343284994135,-1.7888446003130973,12.0,325.86861114033894,4.914907983607616,0.3490000000000001,0.026106938122596315,0.34900000000000003,0.0,0.022917651,12.0
3.548888275469481,-1.7864152168205085,12.0,325.70602997361465,4.914343775627012,0.35000000000000003,0.02606168448039665,0.35000000000000003,0.0,0.022917651,12.0
3.549042290840139,-1.7839855613198838,12.0,325.53994104724427,4.913779569233014,0.35100000000000003,0.026016143387927383,0.35100000000000003,0.0,0.022917651,12.0
3.5491963757009954,-1.781555629478185,12.0,325.37028848325326,4.913215364450896,0.35200000000000004,0.02597031026615788,0.352,0.0,0.022917651,12.0
3.5493505311649267,-1.7791254168698485,12.0,325.19701521049655,4.912651161306473,0.35300000000000004,0.02592418043828081,0.353,0.0,0.022917651,12.0
3.549504758368699,-1.776694918974306,12.0,325.0200629326406,4.912086959826112,0.35400000000000004,0.025877749127088356,0.354,0.0,0.022917651,12.0
3.549659058473615,-1.774264131173417,12.0,324.8393720951081,4.911522760036751,0.355,0.025831011452263453,0.355,0.0,0.022917651,12.0
3.549813432666176,-1.7718330487488252,12.0,324.6548818509472,4.91095856196591,0.356,0.025783962427582845,0.356,0.0,0.022917651,12.0
3.5499678821587755,-1.769401666879225,12.0,324.4665300255838,4.910394365641715,0.357,0.025736596958028646,0.357,0.0,0.022917651,12.0
3.5501224081904015,-1.766969980637536,12.0,324.27425308041313,4.909830171092902,0.358,0.025688909836804816,0.358,0.0,0.022917651,12.0
3.5502770120273768,-1.7645379849879894,12.0,324.0779860751873,4.909265978348847,0.35900000000000004,0.025640895742254904,0.359,0.0,0.022917651,12.0
3.5504316949641104,-1.7621056747831112,12.0,323.87766262915136,4.908701787439572,0.36,0.02559254923467726,0.36,0.0,0.022917651,12.0
3.550586458323888,-1.7596730447606108,12.0,323.67321488087873,4.908137598395774,0.361,0.02554386475303369,0.361,0.0,0.022917651,12.0
3.5507413034596755,-1.7572400895401588,12.0,323.4645734467553,4.907573411248834,0.36200000000000004,0.025494836611547347,0.362,0.0,0.022917651,12.0
3.5508962317549573,-1.7548068036200601,12.0,323.2516673780586,4.907009226030845,0.363,0.025445458996185503,0.363,0.0,0.022917651,12.0
3.5510512446246056,-1.7523731813738135,12.0,323.0344241165772,4.906445042774625,0.36400000000000005,0.02539572596102269,0.364,0.0,0.022917651,12.0
3.551206343515768,-1.7499392170465504,12.0,322.81276944871075,4.905880861513743,0.365,0.02534563142447931,0.365,0.0,0.022917651,12.0
3.5513615299088017,-1.7475049047513536,12.0,322.58662745798995,4.905316682282536,0.366,0.025295169165430845,0.366,0.0,0.022917651,12.0
3.5515168053182244,-1.7450702384654486,12.0,322.35592047595344,4.904752505116133,0.36699999999999994,0.025244332819182338,0.367,0.0,0.022917651,12.0
3.551672171293711,-1.7426352120262611,12.0,322.12056903131435,4.904188330050483,0.368,0.025193115873302734,0.368,0.0,0.022917651,12.0
3.551827629421116,-1.740199819127338,12.0,321.8804917973464,4.90362415712237,0.369,0.02514151166331333,0.369,0.0,0.022917651,12.0
3.5519830128327805,-1.7377678520224864,12.0,321.6419835153122,4.90306311116326,0.37,0.02508970554319213,0.37,0.0,0.022917651,12.0
3.5521379847292196,-1.7353466347805668,12.0,321.41762690416954,4.902511169149111,0.371,0.025038084919862317,0.371,0.0,0.022917651,12.0
3.5522930563177573,-1.7329244978033915,12.0,321.18794547610327,4.901958706169415,0.37199999999999994,0.024986064330113297,0.372,0.0,0.022917651,12.0
3.552448230537751,-1.7305014139731507,12.0,320.9527822322698,4.901405706863832,0.37300000000000005,0.024933631981189357,0.373,0.0,0.022917651,12.0
3.5526035104452585,-1.7280773550953845,12.0,320.7119739405494,4.900852155262178,0.37399999999999994,0.02488077561213064,0.374,0.0,0.022917651,12.0
3.5527588992188903,-1.7256522918450161,12.0,320.46535082309737,4.9002980347538525,0.37500000000000006,0.024827482470304068,0.375,0.0,0.022917651,12.0
3.5529144001660096,-1.723226193709102,12.0,320.21273622491157,4.899743328055412,0.37600000000000006,0.02477373928650813,0.376,0.0,0.022917651,12.0
3.55307001672932,-1.7207990289260735,12.0,319.9539462620547,4.899188017176154,0.377,0.02471953224854966,0.377,0.0,0.022917651,12.0
3.5532257524938657,-1.7183707644212067,12.0,319.6887894480623,4.8986320833815675,0.378,0.02466484697318195,0.378,0.0,0.022917651,12.0
3.553381611194454,-1.7159413657380482,12.0,319.4170662969386,4.898075507154485,0.379,0.024609668476284298,0.379,0.0,0.022917651,12.0
3.553537596723568,-1.7135107969655015,12.0,319.13856890101243,4.897518268153788,0.38,0.024553981141153293,0.38,0.0,0.022917651,12.0
3.5536937131397686,-1.711079020660244,12.0,318.8530804817763,4.89696034517046,0.381,0.024497768684764606,0.381,0.0,0.022917651,12.0
3.5538499646766555,-1.7086459977641273,12.0,318.56037491166757,4.896401716080798,0.382,0.024441014121852303,0.382,0.0,0.022917651,12.0
3.5540063557523984,-1.7062116875161737,12.0,318.260216204577,4.895842357796566,0.38300000000000006,0.02438369972663907,0.383,0.0,0.022917651,12.0
3.55416289097991,-1.7037760473587549,12.0,317.95235797267134,4.895282246211848,0.384,0.02432580699203614,0.384,0.0,0.022917651,12.0
3.554319575177697,-1.7013390328375,12.0,317.6365428469023,4.894721356146364,0.385,0.02426731658611566,0.385,0.0,0.022917651,12.0
3.5544764133814395,-1.698900597494435,12.0,317.312501858339,4.894159661284923,0.386,0.024208208305640272,0.386,0.0,0.022917651,12.0
3.5546334108563684,-1.6964606927538142,12.0,316.9799537771966,4.893597134112775,0.38700000000000007,0.024148461026415165,0.387,0.0,0.022917651,12.0
3.5547905731104934,-1.69401926780006,12.0,316.63860440615014,4.893033745846455,0.388,0.0240880526502063,0.388,0.0,0.022917651,12.0
3.554947905908763,-1.6915762694471557,12.0,316.28814582419886,4.892469466359813,0.38900000000000007,0.024026960047944305,0.389,0.0,0.022917651,12.0
3.55510541528822,-1.689131641998796,12.0,315.92825557699945,4.891904264104797,0.39,0.02396515899890742,0.39,0.0,0.022917651,12.0
3.555263107574248,-1.6866853270985176,12.0,315.5585958091913,4.891338106026562,0.391,0.02390262412554733,0.391,0.0,0.022917651,12.0
3.555420989397993,-1.6842372635689598,12.0,315.17881233380854,4.89077095747242,0.392,0.02383932882358928,0.392,0.0,0.022917651,12.0
3.5555790677150676,-1.6817873872393339,12.0,314.78853363339124,4.89020278209412,0.393,0.023775245187001897,0.393,0.0,0.022917651,12.0
3.5557373498256366,-1.6793356307600662,12.0,314.38736978687416,4.889633541742847,0.3940000000000001,0.02371034392739189,0.394,0.0,0.022917651,12.0
3.555895843396025,-1.6768819234034982,12.0,313.97491131573906,4.889063196356342,0.395,0.023644594287334363,0.395,0.0,0.022917651,12.0
3.556054556481963,-1.674426190849404,12.0,313.5507279422535,4.888491703837409,0.396,0.023577963947099552,0.396,0.0,0.022917651,12.0
3.5562134975536295,-1.671968354953951,12.0,313.1143672518804,4.887919019923041,0.397,0.023510418924181608,0.397,0.0,0.022917651,12.0
3.5563726755226535,-1.6695083335006027,12.0,312.66535325112017,4.887345098043336,0.3980000000000001,0.02344192346497277,0.398,0.0,0.022917651,12.0
3.5565319669995907,-1.6670500031117643,12.0,312.20800118792124,4.886773321099813,0.399,0.02337246704181377,0.399,0.0,0.022917651,12.0
3.5566913815148196,-1.6645940925745872,12.0,311.7404700223117,4.886204455906179,0.4000000000000001,0.02330178183626156,0.4,0.0,0.022917651,12.0
3.5569193816294504,-1.6619095504045787,12.0,311.90783259072305,4.885401014152116,0.401,0.023298547710835987,0.401,0.0,0.022917651,12.0
3.557147399055002,-1.6592248661867097,12.0,312.0754241237314,4.884597499595252,0.4020000000000001,0.023295310320406316,0.402,0.0,0.022917651,12.0
3.557375434007227,-1.6565400381505713,12.0,312.2432474750291,4.883793911328214,0.403,0.02329206962427929,0.403,0.0,0.022917651,12.0
3.5576034867054807,-1.6538550644962118,12.0,312.4113055459286,4.882990248428482,0.404,0.023288825581082594,0.404,0.0,0.022917651,12.0
3.557831557372793,-1.6511699433935179,12.0,312.57960128636034,4.882186509958079,0.405,0.023285578148750596,0.405,0.0,0.022917651,12.0
3.5580596462359475,-1.6484846729815785,12.0,312.74813769589525,4.881382694963252,0.4060000000000001,0.023282327284509838,0.406,0.0,0.022917651,12.0
3.558287753525559,-1.6457992513680357,12.0,312.9169178247935,4.880578802474119,0.40700000000000003,0.02327907294486403,0.40700000000000003,0.0,0.022917651,12.0
3.5585158794761567,-1.6431136766284187,12.0,313.0859447750792,4.879774831504344,0.40800000000000003,0.023275815085578706,0.40800000000000003,0.0,0.022917651,12.0
3.5587440243262685,-1.6404279468054561,12.0,313.255221701644,4.878970781050784,0.4090000000000001,0.023272553661665564,0.40900000000000003,0.0,0.022917651,12.0
3.558972188318501,-1.637742059908378,12.0,313.4247518133775,4.87816665009312,0.41000000000000003,0.02326928862736626,0.41000000000000003,0.0,0.022917651,12.0
3.559200371699635,-1.6350560139121941,12.0,313.5945383743278,4.877362437593499,0.4110000000000001,0.023266019936135918,0.41100000000000003,0.0,0.022917651,12.0
3.5594285747207097,-1.632369806756957,12.0,313.7645847048916,4.87655814249615,0.41200000000000003,0.023262747540626124,0.41200000000000003,0.0,0.022917651,12.0
3.5596567976371163,-1.6296834363470014,12.0,313.93489418303557,4.8757537637269985,0.41300000000000014,0.023259471392667534,0.41300000000000003,0.0,0.022917651,12.0
3.559885040708694,-1.6269969005501697,12.0,314.1054702455495,4.874949300193263,0.41400000000000003,0.023256191443251993,0.41400000000000003,0.0,0.022917651,12.0
3.5601133041998274,-1.624310197197013,12.0,314.27631638933235,4.87414475078305,0.41500000000000004,0.023252907642514198,0.41500000000000004,0.0,0.022917651,12.0
3.560341588379545,-1.621623324079973,12.0,314.44743617271183,4.873340114364937,0.4160000000000001,0.023249619939712876,0.41600000000000004,0.0,0.022917651,12.0
3.56056989352162,-1.6189362789525388,12.0,314.6188332167997,4.872535389787533,0.4170000000000001,0.023246328283211465,0.417,0.0,0.022917651,12.0
3.56079821990468,-1.6162490595283885,12.0,314.7905112068822,4.871730575879047,0.418,0.023243032620458282,0.418,0.0,0.022917651,12.0
3.5610265678123123,-1.6135616634804988,12.0,314.9624738938481,4.870925671446826,0.41899999999999993,0.023239732897966162,0.419,0.0,0.022917651,12.0
3.561254937533174,-1.610874088440239,12.0,315.13472509565554,4.870120675276892,0.42,0.023236429061291544,0.42,0.0,0.022917651,12.0
3.561483329361109,-1.6081863319964345,12.0,315.307268698837,4.869315586133464,0.421,0.023233121055013,0.421,0.0,0.022917651,12.0
3.5617117435952586,-1.605498391694407,12.0,315.48010866004626,4.868510402758458,0.42200000000000004,0.023229808822709187,0.422,0.0,0.022917651,12.0
3.561940180540189,-1.6028102650349916,12.0,315.65324900764705,4.867705123871,0.42299999999999993,0.023226492306936172,0.423,0.0,0.022917651,12.0
3.5621686405060116,-1.6001219494735222,12.0,315.8266938433449,4.866899748166887,0.42400000000000004,0.02322317144920421,0.424,0.0,0.022917651,12.0
3.562397123808507,-1.5974334424187906,12.0,316.0004473438638,4.8660942743180655,0.425,0.02321984618995376,0.425,0.0,0.022917651,12.0
3.56262563076926,-1.594744741231981,12.0,316.17451376266933,4.865288700972082,0.42599999999999993,0.023216516468531,0.426,0.0,0.022917651,12.0
3.562854161715791,-1.5920558432255671,12.0,316.34889743173926,4.8644830267515164,0.42699999999999994,0.023213182223162508,0.427,0.0,0.022917651,12.0
3.5630827169816945,-1.589366745662187,12.0,316.5236027633833,4.863677250253411,0.42800000000000005,0.023209843390929345,0.428,0.0,0.022917651,12.0
3.563311296906777,-1.586677445753479,12.0,316.698634252114,4.862871370048661,0.42899999999999994,0.02320649990774037,0.429,0.0,0.022917651,12.0
3.563539901837208,-1.5839879406588915,12.0,316.8739964765702,4.862065384681421,0.42999999999999994,0.02320315170830482,0.43,0.0,0.022917651,12.0
3.5637685321256685,-1.5812982274844547,12.0,317.04969410149437,4.861259292668467,0.431,0.023199798726104094,0.431,0.0,0.022917651,12.0
3.5639971881314993,-1.5786083032815184,12.0,317.22573187976604,4.860453092498544,0.432,0.02319644089336278,0.432,0.0,0.022917651,12.0
3.5642258702208647,-1.5759181650454561,12.0,317.4021146544938,4.859646782631713,0.433,0.023193078141018803,0.433,0.0,0.022917651,12.0
3.5644545787669135,-1.5732278097143289,12.0,317.578847361166,4.858840361498661,0.434,0.02318971039869277,0.434,0.0,0.022917651,12.0
3.5646833141499474,-1.5705372341675132,12.0,317.75593502986476,4.8580338274999955,0.435,0.023186337594656395,0.435,0.0,0.022917651,12.0
3.5649120767575897,-1.5678464352242873,12.0,317.93338278754203,4.857227179005522,0.43599999999999994,0.02318295965580003,0.436,0.0,0.022917651,12.0
3.565140866984965,-1.565155409642378,12.0,318.11119586036386,4.8564204143535035,0.43699999999999994,0.02317957650759926,0.437,0.0,0.022917651,12.0
3.565369685234884,-1.5624641541164663,12.0,318.2893795761214,4.855613531849886,0.43800000000000006,0.023176188074080513,0.438,0.0,0.022917651,12.0
3.5655985319180252,-1.5597726652766433,12.0,318.4679393667131,4.854806529767515,0.439,0.02317279427778565,0.439,0.0,0.022917651,12.0
3.5658274074531335,-1.5570809396868286,12.0,318.6468807707004,4.853999406345319,0.44,0.023169395039735533,0.44,0.0,0.022917651,12.0
3.566056312267216,-1.554388973843137,12.0,318.82620943593855,4.853192159787476,0.44100000000000006,0.02316599027939251,0.441,0.0,0.022917651,12.0
3.566285246795748,-1.5516967641721968,12.0,319.0059311222858,4.852384788262551,0.44200000000000006,0.023162579914621794,0.442,0.0,0.022917651,12.0
3.5665142114828843,-1.5490043070294197,12.0,319.1860517043938,4.851577289902609,0.443,0.02315916386165164,0.443,0.0,0.022917651,12.0
3.5667432067816747,-1.5463115986972173,12.0,319.3665771745817,4.850769662802299,0.44399999999999995,0.023155742035032394,0.444,0.0,0.022917651,12.0
3.5669722331542917,-1.5436186353831651,12.0,319.54751364579715,4.84996190501792,0.44500000000000006,0.023152314347594252,0.445,0.0,0.022917651,12.0
3.567201291072254,-1.5409254132181072,12.0,319.7288673546665,4.849154014566434,0.446,0.023148880710403767,0.446,0.0,0.022917651,12.0
3.567430381016675,-1.5382319282542096,12.0,319.91064466463916,4.84834598942449,0.447,0.02314544103271901,0.447,0.0,0.022917651,12.0
3.5676595034784957,-1.5355381764629474,12.0,320.09285206922783,4.847537827527375,0.44800000000000006,0.023141995221943382,0.448,0.0,0.022917651,12.0
3.5678886589587466,-1.5328441537330337,12.0,320.27549619534784,4.846729526767959,0.44900000000000007,0.023138543183577956,0.449,0.0,0.022917651,12.0
3.568117847968803,-1.5301498558682827,12.0,320.45858380676134,4.8459210849956005,0.45000000000000007,0.02313508482117241,0.45,0.0,0.022917651,12.0
3.568347071030656,-1.5274552785854074,12.0,320.6421218076278,4.845112500015016,0.451,0.023131620036274367,0.451,0.0,0.022917651,12.0
3.5685763286771874,-1.5247604175117482,12.0,320.8261172461657,4.844303769585118,0.452,0.023128148728377183,0.452,0.0,0.022917651,12.0
3.568805621452456,-1.522065268182928,12.0,321.01057731842957,4.84349489141781,0.453,0.023124670794866097,0.453,0.0,0.022917651,12.0
3.5690349499119938,-1.519369826040437,12.0,321.19550937220663,4.84268586317675,0.454,0.02312118613096266,0.454,0.0,0.022917651,12.0
3.5692643146231076,-1.5166740864291368,12.0,321.3809209110373,4.841876682476073,0.45500000000000007,0.023117694629667406,0.455,0.0,0.022917651,12.0
3.5694937161651925,-1.513978044594687,12.0,321.5668195983638,4.8410673468790675,0.456,0.02311419618170069,0.456,0.0,0.022917651,12.0
3.56972315513006,-1.5112816956808894,12.0,321.7532132618125,4.840257853896824,0.457,0.023110690675441616,0.457,0.0,0.022917651,12.0
3.5699526321222654,-1.5085850347269438,12.0,321.94010989761483,4.839448200986816,0.458,0.023107177996865014,0.458,0.0,0.022917651,12.0
3.570182147759458,-1.5058880566646176,12.0,322.1275176751709,4.838638385551456,0.459,0.023103658029476344,0.459,0.0,0.022917651,12.0
3.5704117026727364,-1.503190756315322,12.0,322.3154449417633,4.837828404936602,0.46,0.023100130654244492,0.46,0.0,0.022917651,12.0
3.5706412975070165,-1.5004931283870897,12.0,322.50390022742477,4.837018256429996,0.461,0.02309659574953234,0.461,0.0,0.022917651,12.0
3.5708709329214097,-1.4977951674714587,12.0,322.69289224996743,4.836207937259676,0.4620000000000001,0.023093053191025077,0.462,0.0,0.022917651,12.0
3.5711006095896165,-1.4950968680402452,12.0,322.88242992017814,4.835397444592322,0.463,0.02308950285165609,0.463,0.0,0.022917651,12.0
3.5713303282003372,-1.4923982244422156,12.0,323.07252234718794,4.834586775531547,0.464,0.023085944601530406,0.464,0.0,0.022917651,12.0
3.571560089457685,-1.4896992308996413,12.0,323.2631788440216,4.833775927116132,0.4650000000000001,0.023082378307845552,0.465,0.0,0.022917651,12.0
3.5717898940816206,-1.4869998815047403,12.0,323.4544089333345,4.832964896318201,0.466,0.02307880383480976,0.466,0.0,0.022917651,12.0
3.5720197428084055,-1.4843001702159984,12.0,323.6462223533444,4.832153680041339,0.467,0.023075221043557366,0.467,0.0,0.022917651,12.0
3.572249636391061,-1.4816000908543618,12.0,323.83862906396536,4.831342275118639,0.468,0.02307162979206134,0.468,0.0,0.022917651,12.0
3.5724795755998504,-1.478899637099302,12.0,324.03163925315346,4.830530678310686,0.4690000000000001,0.023068029935042814,0.46900000000000003,0.0,0.022917651,12.0
3.572709561222772,-1.4761988024847421,12.0,324.22526334346986,4.829718886303465,0.47000000000000003,0.023064421323877475,0.47000000000000003,0.0,0.022917651,12.0
3.572939594066079,-1.4734975803948454,12.0,324.4195119988738,4.828906895706208,0.47100000000000003,0.023060803806498723,0.47100000000000003,0.0,0.022917651,12.0
3.5731696749548036,-1.470795964059651,12.0,324.6143961317517,4.828094703049153,0.47200000000000003,0.023057177227297394,0.47200000000000003,0.0,0.022917651,12.0
3.5733998047333118,-1.4680939465505631,12.0,324.8099269101938,4.827282304781237,0.47300000000000003,0.02305354142701805,0.47300000000000003,0.0,0.022917651,12.0
3.573629984265872,-1.4653915207756745,12.0,325.0061157655279,4.826469697267691,0.47400000000000003,0.023049896242651496,0.47400000000000003,0.0,0.022917651,12.0
3.5738602144372447,-1.4626886794749268,12.0,325.2029744001215,4.825656876787571,0.47500000000000003,0.02304624150732356,0.47500000000000003,0.0,0.022917651,12.0
3.574090496153292,-1.4599854152150982,12.0,325.4005147954623,4.824843839531179,0.4760000000000001,0.023042577050179865,0.47600000000000003,0.0,0.022917651,12.0
3.574320830341614,-1.4572817203846085,12.0,325.5987492205299,4.824030581597403,0.47700000000000004,0.023038902696266406,0.47700000000000004,0.0,0.022917651,12.0
3.5745512179522008,-1.4545775871881383,12.0,325.7976902404714,4.823217098990964,0.47800000000000004,0.023035218266405907,0.47800000000000004,0.0,0.022917651,12.0
3.5747816599581146,-1.4518730076410502,12.0,325.99735072559145,4.822403387619551,0.4790000000000001,0.02303152357706956,0.47900000000000004,0.0,0.022917651,12.0
3.575012157356194,-1.4491679735636074,12.0,326.19774386067326,4.82158944329086,0.48000000000000004,0.023027818440244152,0.48,0.0,0.022917651,12.0
3.5752427111677845,-1.4464624765749765,12.0,326.39888315464236,4.820775261709522,0.481,0.023024102663294233,0.481,0.0,0.022917651,12.0
3.5754733224394966,-1.4437565080870116,12.0,326.6007824505898,4.8199608384739125,0.482,0.0230203760488192,0.482,0.0,0.022917651,12.0
3.5757039922439904,-1.4410500592978026,12.0,326.8034559361687,4.819146169072851,0.483,0.023016638394505053,0.483,0.0,0.022917651,12.0
3.5759347216807926,-1.4383431211849833,12.0,327.0069181543819,4.818331248882168,0.48400000000000004,0.02301288949297054,0.484,0.0,0.022917651,12.0
3.5761655118771434,-1.4356356844987854,12.0,327.2111840147774,4.817516073161141,0.485,0.023009129131607527,0.485,0.0,0.022917651,12.0
3.5763963639888745,-1.43292773975483,12.0,327.41626880507,4.816700637048809,0.486,0.023005357092415277,0.486,0.0,0.022917651,12.0
3.5766272792013196,-1.4302192772266396,12.0,327.62218820320686,4.815884935560129,0.48700000000000004,0.023001573151828388,0.487,0.0,0.022917651,12.0
3.5768582587302644,-1.4275102869378657,12.0,327.82895828989956,4.815068963581993,0.488,0.0229977770805381,0.488,0.0,0.022917651,12.0
3.5770893038229317,-1.4248007586542117,12.0,328.0365955616409,4.814252715869086,0.489,0.022993968643306658,0.489,0.0,0.022917651,12.0
3.577320415758999,-1.4220906818750434,12.0,328.24511694423063,4.813436187039595,0.49,0.022990147598774453,0.49,0.0,0.022917651,12.0
3.577551595851666,-1.4193800458246664,12.0,328.4545398068319,4.812619371570723,0.49100000000000005,0.02298631369925958,0.491,0.0,0.022917651,12.0
3.5777828454487572,-1.4166688394432607,12.0,328.66488197658464,4.8118022637940605,0.492,0.022982466690549434,0.492,0.0,0.022917651,12.0
3.578014165933873,-1.4139570513774558,12.0,328.8761617537998,4.810984857890744,0.493,0.022978606311684076,0.493,0.0,0.022917651,12.0
3.57824555872758,-1.4112446699705248,12.0,329.0883979277631,4.810167147886432,0.49400000000000005,0.022974732294730824,0.494,0.0,0.022917651,12.0
3.5784770252886595,-1.4085316832521841,12.0,329.30160979317617,4.809349127646077,0.495,0.02297084436454987,0.495,0.0,0.022917651,12.0
3.5787085671153975,-1.40581807892798,12.0,329.51581716726594,4.80853079086849,0.496,0.022966942238550232,0.496,0.0,0.022917651,12.0
3.5789401857469314,-1.403103844368239,12.0,329.7310404075932,4.807712131080671,0.497,0.022963025626435853,0.497,0.0,0.022917651,12.0
3.5791718827646544,-1.4003889665965663,12.0,329.947300430595,4.806893141631921,0.49800000000000005,0.02295909422994119,0.498,0.0,0.022917651,12.0
3.5794036885558556,-1.3976737117297187,12.0,330.1643975803792,4.806074210150699,0.499,0.02295514674392489,0.499,0.0,0.022917651,12.0
3.5796355893743512,-1.394957814915312,12.0,330.3824543796601,4.805255016826758,0.5,0.02295118344310776,0.5,0.0,0.022917651,12.0
3.579954346261831,-1.392010707153485,12.0,330.655103203297,4.804374749235442,0.501,0.022951036217661418,0.501,0.0,0.022917651,12.0
3.5802732352267115,-1.389062611597958,12.0,330.9288766865434,4.80349402216965,0.5020000000000001,0.022950888307581345,0.502,0.0,0.022917651,12.0
3.580592258399884,-1.3861135123119823,12.0,331.2037929742987,4.8026128282163585,0.503,0.022950739701821873,0.503,0.0,0.022917651,12.0
3.5809114179583323,-1.383163393014132,12.0,331.479870603898,4.801731159802233,0.504,0.022950590389098444,0.504,0.0,0.022917651,12.0
3.5812307161263766,-1.3802122370689325,12.0,331.7571285157792,4.800849009189242,0.505,0.022950440357881116,0.505,0.0,0.022917651,12.0
3.5815501551769713,-1.3772600274771871,12.0,332.03558606450025,4.79996636847017,0.506,0.022950289596387844,0.506,0.0,0.022917651,12.0
3.581869737433039,-1.37430674686598,12.0,332.3152630301192,4.799083229563967,0.507,0.022950138092577586,0.507,0.0,0.022917651,12.0
3.5821894652688546,-1.3713523774783496,12.0,332.5961796299522,4.798199584210942,0.508,0.022949985834143073,0.508,0.0,0.022917651,12.0
3.582509341111471,-1.3683969011626183,12.0,332.8783565307225,4.7973154239678015,0.509,0.022949832808503507,0.509,0.0,0.022917651,12.0
3.5828293674421907,-1.3654402993613615,12.0,333.16181486111805,4.796430740202515,0.51,0.02294967900279685,0.51,0.0,0.022917651,12.0
3.5831495467980945,-1.36248255310001,12.0,333.446576224772,4.79554552408902,0.511,0.022949524403871942,0.511,0.0,0.022917651,12.0
3.5834698817736146,-1.3595236429750597,12.0,333.73266271368266,4.794659766601733,0.512,0.022949368998280328,0.512,0.0,0.022917651,12.0
3.5837903750221676,-1.3565635491418835,12.0,334.02009692209253,4.7937734585098815,0.5130000000000001,0.022949212772267826,0.513,0.0,0.022917651,12.0
3.584111029257834,-1.3536022513021246,12.0,334.3089019608417,4.792886590371637,0.514,0.022949055711765774,0.514,0.0,0.022917651,12.0
3.5844318472571115,-1.3506397286906535,12.0,334.5991014722181,4.791999152528053,0.5150000000000001,0.02294889780238198,0.515,0.0,0.022917651,12.0
3.5847528318607105,-1.3476759600620722,12.0,334.8907196453213,4.791111135096785,0.5160000000000001,0.02294873902939139,0.516,0.0,0.022917651,12.0
3.585073985975425,-1.3447109236767505,12.0,335.18378123196334,4.790222527965594,0.517,0.022948579377726406,0.517,0.0,0.022917651,12.0
3.5853953125760687,-1.34174459728637,12.0,335.47831156312765,4.789333320785624,0.5180000000000001,0.022948418831966844,0.518,0.0,0.022917651,12.0
3.585716814707468,-1.338776958118956,12.0,335.7743365660088,4.78844350296444,0.519,0.02294825737632961,0.519,0.0,0.022917651,12.0
3.586038495486544,-1.3358079828633822,12.0,336.07188278165734,4.7875530636588195,0.52,0.022948094994657886,0.52,0.0,0.022917651,12.0
3.586360358104452,-1.3328376476533177,12.0,336.3709773832552,4.786661991767282,0.521,0.02294793167041007,0.521,0.0,0.022917651,12.0
3.586682448845029,-1.3298660327746823,12.0,336.67127416591694,4.785770552663615,0.522,0.022947766659341153,0.522,0.0,0.022917651,12.0
3.5870047801862213,-1.3268931325514013,12.0,336.97272687644517,4.784878790573858,0.5230000000000001,0.02294759981225412,0.523,0.0,0.022917651,12.0
3.5873273038730797,-1.3239187943262676,12.0,337.27581603018604,4.783986359878715,0.5240000000000001,0.022947431994222313,0.524,0.0,0.022917651,12.0
3.587650023432787,-1.3209429917296012,12.0,337.5805716357819,4.783093248317484,0.525,0.022947263187440805,0.525,0.0,0.022917651,12.0
3.5879729424792943,-1.317965697743011,12.0,337.88702444010784,4.782199443327841,0.526,0.02294709337366668,0.526,0.0,0.022917651,12.0
3.588296064716012,-1.314986884679322,12.0,338.1952059511137,4.781304932036514,0.5270000000000001,0.022946922534205428,0.527,0.0,0.022917651,12.0
3.5886193939385875,-1.3120065241617527,12.0,338.50514846151856,4.780409701249589,0.528,0.022946750649896947,0.528,0.0,0.022917651,12.0
3.588942934037802,-1.309024587102313,12.0,338.81688507339726,4.779513737442476,0.5290000000000001,0.022946577701100895,0.529,0.0,0.022917651,12.0
3.5892666890025655,-1.3060410436793803,12.0,339.13044972369653,4.778617026749478,0.5300000000000001,0.022946403667681595,0.53,0.0,0.022917651,12.0
3.58959066292303,-1.3030558633144242,12.0,339.4458772107218,4.777719554952971,0.5310000000000001,0.022946228528992293,0.531,0.0,0.022917651,12.0
3.5899148599938258,-1.30006901464784,12.0,339.76320322164037,4.776821307472166,0.532,0.022946052263858856,0.532,0.0,0.022917651,12.0
3.590239284517413,-1.2970804655138486,12.0,340.08246436104395,4.77592226935144,0.533,0.02294587485056282,0.533,0.0,0.022917651,12.0
3.590563940907577,-1.2940901829144238,12.0,340.40369818062,4.775022425248214,0.5340000000000001,0.02294569626682378,0.534,0.0,0.022917651,12.0
3.5908888336930422,-1.2910981329922,12.0,340.72694320998255,4.774121759420355,0.535,0.0229455164897811,0.535,0.0,0.022917651,12.0
3.591213967521247,-1.2881042810023147,12.0,341.05223898871475,4.773220255713084,0.536,0.02294533549597491,0.536,0.0,0.022917651,12.0
3.5915393471622536,-1.2851085912831384,12.0,341.3796260996797,4.772317897545365,0.537,0.022945153261326325,0.537,0.0,0.022917651,12.0
3.591864977512824,-1.2821110272258345,12.0,341.70914620365886,4.771414667895758,0.538,0.02294496976111692,0.538,0.0,0.022917651,12.0
3.59219086360065,-1.2791115512427038,12.0,342.0408420753793,4.770510549287693,0.5390000000000001,0.02294478496996731,0.539,0.0,0.022917651,12.0
3.592517085974236,-1.2761103286850437,12.0,342.3740089186165,4.7696060281157795,0.54,0.0229445973582575,0.54,0.0,0.022917651,12.0
3.5928435861906602,-1.2731071405016663,12.0,342.70933647535105,4.768700652494564,0.5410000000000001,0.022944408215136342,0.541,0.0,0.022917651,12.0
3.5931703590739055,-1.270101916471532,12.0,343.046977874971,4.767794331658593,0.542,0.02294421772909338,0.542,0.0,0.022917651,12.0
3.5934974102576764,-1.2670946145310145,12.0,343.38698092491705,4.766887046078324,0.543,0.022944025872381847,0.543,0.0,0.022917651,12.0
3.5938247455319523,-1.2640851914496556,12.0,343.72939475879343,4.765978775682466,0.544,0.022943832616485287,0.544,0.0,0.022917651,12.0
3.5941523708484455,-1.2610736027894216,12.0,344.07426988267395,4.765069499839072,0.545,0.022943637932090692,0.545,0.0,0.022917651,12.0
3.5944802923262924,-1.2580598028622443,12.0,344.42165822336125,4.764159197335822,0.546,0.022943441789060475,0.546,0.0,0.022917651,12.0
3.5948085162579764,-1.2550437446857543,12.0,344.77161317869627,4.763247846359465,0.547,0.022943244156403284,0.547,0.0,0.022917651,12.0
3.595137049115514,-1.2520253799371215,12.0,345.1241896700217,4.7623354244744,0.548,0.02294304500224354,0.548,0.0,0.022917651,12.0
3.595465897556901,-1.2490046589049042,12.0,345.47944419690623,4.761421908600308,0.549,0.02294284429378969,0.549,0.0,0.022917651,12.0
3.5957950684328437,-1.2459815304388118,12.0,345.8374348942448,4.7605072749888375,0.5500000000000002,0.022942641997301068,0.55,0.0,0.022917651,12.0
3.59612456879378,-1.2429559418972655,12.0,346.1982215918561,4.7595914991992485,0.551,0.02294243807805328,0.551,0.0,0.022917651,12.0
3.596454405897214,-1.2399278390926518,12.0,346.56186587670544,4.758674556073002,0.552,0.02294223250030213,0.552,0.0,0.022917651,12.0
3.5967845872153705,-1.2368971662341464,12.0,346.9284311578894,4.75775641970721,0.553,0.02294202522724586,0.553,0.0,0.022917651,12.0
3.597115268874039,-1.2338634602211842,12.0,347.2973544118599,4.756837252456007,0.554,0.022941814661501223,0.554,0.0,0.022917651,12.0
3.5974463944199706,-1.2308268244383416,12.0,347.6689915085256,4.755916931537431,0.555,0.022941601526401754,0.555,0.0,0.022917651,12.0
3.597777892025651,-1.2277874131556754,12.0,348.043754694231,4.754995323411261,0.556,0.022941386642891273,0.556,0.0,0.022917651,12.0
3.598109770244983,-1.224745162562577,12.0,348.42171583986703,4.754072398483731,0.557,0.022941169970772633,0.557,0.0,0.022917651,12.0
3.598442037896109,-1.2217000068772657,12.0,348.8029490364863,4.753148126246891,0.5580000000000002,0.022940951468606967,0.558,0.0,0.022917651,12.0
3.5987747040716918,-1.2186518782700833,12.0,349.18753068169804,4.752222475243036,0.559,0.02294073109366535,0.559,0.0,0.022917651,12.0
3.599107778149682,-1.2156007067831764,12.0,349.57553957013096,4.751295413027459,0.56,0.0229405088018782,0.56,0.0,0.022917651,12.0
3.5994412698045974,-1.2125464202463714,12.0,349.96705698818545,4.750366906129435,0.5610000000000002,0.022940284547782328,0.561,0.0,0.022917651,12.0
3.5997751890193337,-1.2094889441890235,12.0,350.3621668133178,4.749436920011333,0.562,0.02294005828446534,0.562,0.0,0.022917651,12.0
3.600109546097556,-1.2064282017476216,12.0,350.7609556181086,4.748505419025778,0.563,0.022939829963507498,0.5630000000000001,0.0,0.022917651,12.0
3.600444351676683,-1.2033641135688984,12.0,351.1635127793878,4.747572366370701,0.5640000000000001,0.022939599534920634,0.5640000000000001,0.0,0.022917651,12.0
3.600779616741514,-1.2002965977082012,12.0,351.5699305927059,4.746637724042216,0.5650000000000001,0.022939366947084164,0.5650000000000001,0.0,0.022917651,12.0
3.601115395442965,-1.1972255820871303,12.0,351.97943115271875,4.745701635033576,0.5660000000000002,0.022939131787465726,0.5660000000000001,0.0,0.022917651,12.0
3.6014516634310794,-1.1941509510188377,12.0,352.3929519191962,4.744763887629986,0.5670000000000001,0.022938894355647416,0.5670000000000001,0.0,0.022917651,12.0
3.601788431034636,-1.1910726122369433,12.0,352.81063804246344,4.743824430952056,0.5680000000000001,0.02293865461247846,0.5680000000000001,0.0,0.022917651,12.0
3.602125710971594,-1.187990471359759,12.0,353.2325955537421,4.7428832214893575,0.5690000000000001,0.022938412499122277,0.5690000000000001,0.0,0.022917651,12.0
3.6024635163952627,-1.1849044307748073,12.0,353.65893411382126,4.741940214242054,0.5700000000000001,0.02293816795472825,0.5700000000000001,0.0,0.022917651,12.0
3.6028018609130883,-1.1818143894993833,12.0,354.0897671697028,4.740995362656621,0.5710000000000001,0.0229379209163448,0.5710000000000001,0.0,0.022917651,12.0
3.6031407586064286,-1.1787202430338384,12.0,354.52521211943053,4.740048618558202,0.5720000000000002,0.02293767131882791,0.5720000000000001,0.0,0.022917651,12.0
3.6034802240513626,-1.1756218832071261,12.0,354.9653904856057,4.739099932079405,0.5730000000000001,0.022937419094744862,0.5730000000000001,0.0,0.022917651,12.0
3.6038202723406085,-1.17251919801414,12.0,355.4104280981277,4.738149251585326,0.5740000000000001,0.02293716417427282,0.5740000000000001,0.0,0.022917651,12.0
3.604160944458481,-1.1694119343372966,12.0,355.8603538797514,4.737196488109057,0.5750000000000001,0.0229369060772958,0.5750000000000001,0.0,0.022917651,12.0
3.6045023846474726,-1.166299280927913,12.0,356.3147985859452,4.736241408452478,0.5760000000000001,0.022936642781317698,0.5760000000000001,0.0,0.022917651,12.0
3.604844457442397,-1.163181937806412,12.0,356.7745169973682,4.735284169488682,0.577,0.02293637674535398,0.577,0.0,0.022917651,12.0
3.605187180233636,-1.1600597760522702,12.0,357.2396540885561,4.734324711858157,0.578,0.02293610789408224,0.578,0.0,0.022917651,12.0
3.605530571054886,-1.156932661975885,12.0,357.7103601970011,4.7333629740055425,0.579,0.02293583614939372,0.579,0.0,0.022917651,12.0
3.6058746486131765,-1.15380045689599,12.0,358.18679127345234,4.732398892077141,0.5800000000000001,0.022935561430263256,0.58,0.0,0.022917651,12.0
3.6062194323205983,-1.1506630169044896,12.0,358.66910914636753,4.731432399812639,0.581,0.0229352836526119,0.581,0.0,0.022917651,12.0
3.606564942327834,-1.147520192617869,12.0,359.1574818014567,4.730463428430651,0.582,0.022935002729161637,0.582,0.0,0.022917651,12.0
3.6069111995596215,-1.144371828914285,12.0,359.6520836773334,4.729491906507664,0.583,0.022934718569281847,0.583,0.0,0.022917651,12.0
3.607258359196188,-1.1412169082984387,12.0,360.15241488437385,4.728517435918982,0.584,0.02293443090604827,0.584,0.0,0.022917651,12.0
3.6076063434725207,-1.13805590538058,12.0,360.6592117526813,4.727540181274814,0.585,0.022934139768797764,0.585,0.0,0.022917651,12.0
3.6079551475833567,-1.1348888273172295,12.0,361.1728196143339,4.726560130802355,0.5860000000000001,0.02293384509195882,0.586,0.0,0.022917651,12.0
3.6083047961428236,-1.1317154917125527,12.0,361.6934429577369,4.725577200561647,0.587,0.022933546769261348,0.587,0.0,0.022917651,12.0
3.6086553147603366,-1.1285357087954087,12.0,362.2212945399315,4.7245913032185625,0.588,0.02293324469013817,0.588,0.0,0.022917651,12.0
3.609006730091423,-1.12534928104276,12.0,362.75659580879784,4.723602347871497,0.589,0.022932938739505575,0.589,0.0,0.022917651,12.0
3.609359069891685,-1.1221560027797717,12.0,363.29957735139544,4.7226102398673175,0.59,0.022932628797530333,0.59,0.0,0.022917651,12.0
3.6097126827257418,-1.1189539192275737,12.0,363.8499928162093,4.72161441970665,0.5910000000000001,0.022932313706936377,0.591,0.0,0.022917651,12.0
3.610067441511569,-1.1157436824690843,12.0,364.4083502680834,4.720615030607012,0.592,0.022931994007217637,0.592,0.0,0.022917651,12.0
3.6104232242790513,-1.1125258994709932,12.0,364.9751477036111,4.7196121911559725,0.593,0.022931670095304606,0.593,0.0,0.022917651,12.0
3.6107800640043823,-1.1093003272150146,12.0,365.5506569231154,4.718605790238788,0.5940000000000001,0.02293134183554822,0.594,0.0,0.022917651,12.0
3.6111379950950715,-1.1060667121347867,12.0,366.13516152426376,4.717595711917839,0.595,0.02293100908641166,0.595,0.0,0.022917651,12.0
3.6114970534684474,-1.1028247895373016,12.0,366.72895754916163,4.716581835168092,0.5960000000000001,0.022930671700147388,0.596,0.0,0.022917651,12.0
3.6118573460169143,-1.0995736059992833,12.0,367.3320300241285,4.715563636286779,0.597,0.022930329240286408,0.597,0.0,0.022917651,12.0
3.612218911723904,-1.096312841614354,12.0,367.9446911614052,4.714540951605567,0.598,0.022929981611165773,0.598,0.0,0.022917651,12.0
3.6125817181693787,-1.0930428977082431,12.0,368.5676156102765,4.7135140506139095,0.599,0.02292962896730708,0.599,0.0,0.022917651,12.0
3.612945807918285,-1.0897634593670305,12.0,369.2011554653263,4.712482788666477,0.6,0.02292927113667403,0.6,0.0,0.022917651,12.0
3.613335896197158,-1.086746432611486,12.0,369.48746288406073,4.711695585472731,0.601,0.02292925495516567,0.601,0.0,0.022917651,12.0
3.613726255431543,-1.0837275219428064,12.0,369.77610061073824,4.71090758211145,0.602,0.022929238679280876,0.602,0.0,0.022917651,12.0
3.614116889676267,-1.0807066991683625,12.0,370.0671035182552,4.710118766608178,0.603,0.022929222307607307,0.603,0.0,0.022917651,12.0
3.614507919900777,-1.0776832557038705,12.0,370.36033930746277,4.70932891229585,0.6040000000000001,0.022929205914886192,0.604,0.0,0.022917651,12.0
3.614899407097208,-1.0746568395429765,12.0,370.65577156139386,4.708537910296821,0.605,0.02292918953376495,0.605,0.0,0.022917651,12.0
3.6152911841409865,-1.0716284216650775,12.0,370.9536874238301,4.7077460660159245,0.6060000000000001,0.02292917304969273,0.606,0.0,0.022917651,12.0
3.6156832554435936,-1.0685979716040108,12.0,371.2541246953292,4.7069533666336145,0.607,0.02292915646110261,0.607,0.0,0.022917651,12.0
3.6160756255064914,-1.065565458272201,12.0,371.55712194746087,4.706159799068872,0.608,0.022929139766395722,0.608,0.0,0.022917651,12.0
3.6164682989234267,-1.062530849944735,12.0,371.8627185425646,4.7053653499725,0.6090000000000001,0.022929122963940406,0.609,0.0,0.022917651,12.0
3.61686128038281,-1.0594941142429442,12.0,372.1709546541195,4.70457000572021,0.61,0.022929106052071387,0.61,0.0,0.022917651,12.0
3.617254574670166,-1.0564552181174782,12.0,372.4818712877461,4.703773752405504,0.6110000000000001,0.022929089029088887,0.611,0.0,0.022917651,12.0
3.617648186670662,-1.0534141278308484,12.0,372.7955103028647,4.702976575832336,0.612,0.02292907189325774,0.612,0.0,0.022917651,12.0
3.618042381271077,-1.0503698623663307,12.0,373.1117808711961,4.7021785555982545,0.613,0.02292905458829853,0.613,0.0,0.022917651,12.0
3.6184373299329673,-1.047321765844973,12.0,373.4306532167958,4.701379722337756,0.614,0.022929037081008553,0.614,0.0,0.022917651,12.0
3.618832609465371,-1.0442713557457326,12.0,373.7523974504495,4.70057989900159,0.615,0.022929019461032884,0.615,0.0,0.022917651,12.0
3.6192282251062653,-1.0412185954425848,12.0,374.0770590367362,4.699779069915964,0.6160000000000002,0.022929001726587614,0.616,0.0,0.022917651,12.0
3.61962418220478,-1.0381634475323052,12.0,374.4046844049861,4.698977219074491,0.617,0.02292898387585096,0.617,0.0,0.022917651,12.0
3.620020486224154,-1.0351058738137466,12.0,374.7353209750071,4.69817433012932,0.6180000000000001,0.0229289659069623,0.618,0.0,0.022917651,12.0
3.620417142744801,-1.0320458352664463,12.0,375.06901718363883,4.697370386381982,0.619,0.02292894781802109,0.619,0.0,0.022917651,12.0
3.6208141574674664,-1.0289832920285429,12.0,375.4058225121654,4.6965653707739365,0.6200000000000001,0.022928929607085806,0.62,0.0,0.022917651,12.0
3.6212116035132693,-1.025917800670773,12.0,375.745720746389,4.6957591321261445,0.6210000000000001,0.022928911154622457,0.621,0.0,0.022917651,12.0
3.6216096597280405,-1.0228482772879266,12.0,376.0886001236542,4.69495130129466,0.622,0.022928892155723014,0.622,0.0,0.022917651,12.0
3.622008090236785,-1.0197761221567478,12.0,376.43475860534943,4.6941423358870695,0.6230000000000001,0.0229288730303348,0.623,0.0,0.022917651,12.0
3.622406901189776,-1.016701292033232,12.0,376.78425007261626,4.693332217260398,0.6240000000000001,0.022928853776379394,0.624,0.0,0.022917651,12.0
3.622806098872774,-1.01362374272073,12.0,377.13712959357343,4.6925209263609755,0.625,0.022928834391732583,0.625,0.0,0.022917651,12.0
3.6232056897107796,-1.0105434290435684,12.0,377.4934534561835,4.6917084437130665,0.6260000000000001,0.022928814874223113,0.626,0.0,0.022917651,12.0
3.6236056802719077,-1.0074603048197897,12.0,377.85327920221744,4.6908947494071125,0.6270000000000001,0.022928795221631347,0.627,0.0,0.022917651,12.0
3.6240060772713982,-1.0043743228329778,12.0,378.21666566236127,4.690079823087588,0.628,0.02292877543168795,0.628,0.0,0.022917651,12.0
3.624407099727936,-1.00128406635135,12.0,378.58340065702544,4.689263124291421,0.629,0.022928755371013094,0.629,0.0,0.022917651,12.0
3.6248086087363207,-0.9981904200962926,12.0,378.95373733092214,4.68844498194524,0.6300000000000001,0.022928735130666275,0.63,0.0,0.022917651,12.0
3.62521054663638,-0.995093750742359,12.0,379.327822452314,4.687625532017447,0.6310000000000001,0.02292871474877134,0.631,0.0,0.022917651,12.0
3.625612920794362,-0.9919940063676065,12.0,379.70572040105935,4.686804752050233,0.632,0.022928694222897183,0.632,0.0,0.022917651,12.0
3.626015738746169,-0.9888911338542279,12.0,380.08749703981033,4.685982619068541,0.633,0.022928673550556722,0.633,0.0,0.022917651,12.0
3.6264190082022787,-0.9857850788539246,12.0,380.47321975695013,4.685159109565093,0.6340000000000001,0.022928652729205246,0.634,0.0,0.022917651,12.0
3.626822737052824,-0.9826757857520666,12.0,380.8629575110301,4.684334199484877,0.6350000000000001,0.022928631756238754,0.635,0.0,0.022917651,12.0
3.6272272121825857,-0.9795610631203229,12.0,381.2563969831725,4.683506845847707,0.6360000000000001,0.022928610607428093,0.636,0.0,0.022917651,12.0
3.6276321913293024,-0.976442794325174,12.0,381.65396344254873,4.682677962182011,0.637,0.02292858930042315,0.637,0.0,0.022917651,12.0
3.6280376605650355,-0.9733210924909075,12.0,382.0557622250837,4.68184760582793,0.638,0.02292856783421794,0.638,0.0,0.022917651,12.0
3.6284436286684754,-0.9701958961233953,12.0,382.4618691420375,4.68101575040601,0.639,0.022928546205960795,0.639,0.0,0.022917651,12.0
3.628850104629239,-0.9670671422510076,12.0,382.87236182616584,4.6801823689029876,0.64,0.02292852441273153,0.64,0.0,0.022917651,12.0
3.6292570976542398,-0.9639347663799698,12.0,383.2873197867572,4.67934743365264,0.6410000000000001,0.02292850245153939,0.641,0.0,0.022917651,12.0
3.629664699878106,-0.9607976139652972,12.0,383.70657141159836,4.678510158371275,0.642,0.022928480427801063,0.642,0.0,0.022917651,12.0
3.63007288742813,-0.9576560479553538,12.0,384.1303079529539,4.677670810646887,0.643,0.022928458290962704,0.643,0.0,0.022917651,12.0
3.6304816213351385,-0.9545106394848979,12.0,384.55876566388855,4.676829805905693,0.644,0.022928435972865986,0.644,0.0,0.022917651,12.0
3.630890911743728,-0.9513613172082525,12.0,384.99203220569086,4.675987113380689,0.645,0.022928413470145355,0.645,0.0,0.022917651,12.0
3.631300769051208,-0.9482080080024395,12.0,385.4301974233907,4.675142701538436,0.6460000000000001,0.022928390779351424,0.646,0.0,0.022917651,12.0
3.6317112039155184,-0.9450506369114904,12.0,385.8733534141843,4.674296538055035,0.647,0.02292836789694833,0.647,0.0,0.022917651,12.0
3.6321222889389237,-0.9418872463160083,12.0,386.3215770316991,4.673446955114958,0.648,0.02292834443579452,0.648,0.0,0.022917651,12.0
3.632533981732348,-0.9387191795786013,12.0,386.7749943051922,4.672595126980377,0.6489999999999999,0.022928320690380102,0.649,0.0,0.022917651,12.0
3.632946277335067,-0.9355468276065751,12.0,387.23371018541707,4.671741424867378,0.65,0.022928296754051006,0.65,0.0,0.022917651,12.0
3.6333591872680087,-0.932370108500262,12.0,387.6978259396727,4.670885812960371,0.6510000000000001,0.022928272623158465,0.651,0.0,0.022917651,12.0
3.6337727233475694,-0.9291889382595834,12.0,388.16744543237223,4.670028254525234,0.652,0.022928248293960122,0.652,0.0,0.022917651,12.0
3.6341869830098132,-0.9260023830651153,12.0,388.64243819844427,4.669168205237993,0.653,0.022928223660420383,0.653,0.0,0.022917651,12.0
3.6346020306973696,-0.9228098537649508,12.0,389.12278298520334,4.668305333644271,0.6540000000000001,0.02292819866644076,0.654,0.0,0.022917651,12.0
3.63501774842889,-0.9196125661060227,12.0,389.60896202563754,4.667440383984159,0.655,0.022928173469293846,0.655,0.0,0.022917651,12.0
3.6354341494817497,-0.9164104257982403,12.0,390.10109092942224,4.666573315079372,0.6560000000000001,0.02292814806495375,0.656,0.0,0.022917651,12.0
3.6358512474864537,-0.9132033360437177,12.0,390.5992883810543,4.665704084656419,0.657,0.02292812244928749,0.657,0.0,0.022917651,12.0
3.6362691602478936,-0.9099901802370858,12.0,391.10354651852055,4.664832047078843,0.658,0.022928096607756906,0.658,0.0,0.022917651,12.0
3.636687986266953,-0.9067700276903939,12.0,391.61389219429986,4.663956665269906,0.659,0.02292807052718453,0.659,0.0,0.022917651,12.0
3.6371075537254285,-0.903544599665939,12.0,392.130690270734,4.663078973582096,0.66,0.02292804422136467,0.66,0.0,0.022917651,12.0
3.6375278777856397,-0.9003137882810289,12.0,392.65407269840364,4.662198924778756,0.6610000000000001,0.02292801768569105,0.661,0.0,0.022917651,12.0
3.637948974026165,-0.8970774826912029,12.0,393.1841750504078,4.6613164703264065,0.662,0.02292799091543094,0.662,0.0,0.022917651,12.0
3.6383710180540296,-0.8938337083039414,12.0,393.7209358112177,4.6604303400001506,0.663,0.022927963736284182,0.663,0.0,0.022917651,12.0
3.638793946825345,-0.8905832660020666,12.0,394.26460530919474,4.6595410816863145,0.664,0.02292793621758995,0.664,0.0,0.022917651,12.0
3.6392176969041334,-0.887326969997739,12.0,394.8154329389984,4.65864925490553,0.6650000000000001,0.02292790843722896,0.665,0.0,0.022917651,12.0
3.6396422856185087,-0.8840646967883321,12.0,395.37356972437624,4.657754805467748,0.666,0.02292788038968052,0.666,0.0,0.022917651,12.0
3.640068009600495,-0.8807954929217626,12.0,395.938833227082,4.656857966038045,0.667,0.02292785212408497,0.667,0.0,0.022917651,12.0
3.6404953554739006,-0.877517871897522,12.0,396.510853224242,4.655959195985631,0.6680000000000001,0.02292782373323171,0.668,0.0,0.022917651,12.0
3.640923638219315,-0.874233803983929,12.0,397.0906704874754,4.6550577265775095,0.6689999999999999,0.022927795076496147,0.669,0.0,0.022917651,12.0
3.6413528784351286,-0.8709431474374774,12.0,397.67845645013233,4.654153498464728,0.67,0.0229277661480325,0.67,0.0,0.022917651,12.0
3.641783229512577,-0.8676448960202067,12.0,398.2743046386819,4.653246118968779,0.6710000000000002,0.02292773689697488,0.671,0.0,0.022917651,12.0
3.6422151767442097,-0.8643358862472844,12.0,398.87811383917597,4.652334365756336,0.672,0.02292770716944924,0.672,0.0,0.022917651,12.0
3.642648155408591,-0.8610197874147835,12.0,399.4904453773567,4.651419649270101,0.673,0.02292767716517218,0.673,0.0,0.022917651,12.0
3.6430821888431177,-0.857696439124295,12.0,400.1114920812561,4.650501902462477,0.674,0.022927646877881857,0.674,0.0,0.022917651,12.0
3.6435177343717973,-0.8543640829098483,12.0,400.7414028935982,4.649581196333394,0.675,0.022927616147819897,0.675,0.0,0.022917651,12.0
3.6439551816720797,-0.8510212138759737,12.0,401.3803401648389,4.648657584770093,0.676,0.02292758483862537,0.676,0.0,0.022917651,12.0
3.64439375928351,-0.8476705912507507,12.0,402.0286048435947,4.647730740814512,0.677,0.022927553225130324,0.677,0.0,0.022917651,12.0
3.644833493357475,-0.8443120356435896,12.0,402.686412732976,4.646800589680565,0.6780000000000002,0.022927521300294303,0.678,0.0,0.022917651,12.0
3.6452745908103736,-0.8409426643271242,12.0,403.3536190182493,4.645865075429055,0.679,0.02292748929319346,0.679,0.0,0.022917651,12.0
3.645716958471204,-0.8375641108337859,12.0,404.03071959273177,4.644925459446501,0.68,0.022927457032553132,0.68,0.0,0.022917651,12.0
3.646160570400437,-0.8341769991025696,12.0,404.7180659019945,4.643982262170843,0.6810000000000002,0.022927424438112656,0.681,0.0,0.022917651,12.0
3.6466055955071077,-0.8307798870205604,12.0,405.4157757666254,4.643034719153116,0.682,0.02292739151772258,0.682,0.0,0.022917651,12.0
3.6470521522155877,-0.8273717897713175,12.0,406.1240294986199,4.642082320730475,0.683,0.022927358274332333,0.683,0.0,0.022917651,12.0
3.6475000478143,-0.8239544876954538,12.0,406.8432955032623,4.641126073206001,0.6840000000000002,0.02292732467453475,0.684,0.0,0.022917651,12.0
3.6479493691146287,-0.8205269576005125,12.0,407.5738348075185,4.6401653000223435,0.685,0.022927290574072254,0.685,0.0,0.022917651,12.0
3.6484003237950278,-0.8170862854237688,12.0,408.3158841235075,4.63919791567751,0.6860000000000002,0.02292725550778591,0.686,0.0,0.022917651,12.0
3.6488527015860837,-0.813635761924126,12.0,409.0697516110655,4.6382263725050175,0.687,0.02292722006485994,0.687,0.0,0.022917651,12.0
3.649306702594464,-0.8101741815699183,12.0,409.8356186017194,4.637250264190912,0.6880000000000001,0.022927184310752993,0.6880000000000001,0.0,0.022917651,12.0
3.649763069595565,-0.806697186535233,12.0,410.61333180422605,4.636268198774191,0.6890000000000002,0.022927148569969948,0.6890000000000001,0.0,0.022917651,12.0
3.6502209912433865,-0.8032094786920304,12.0,411.40379242073965,4.635281638936171,0.6900000000000001,0.022927112457839266,0.6900000000000001,0.0,0.022917651,12.0
3.6506805668045756,-0.7997096634987008,12.0,412.20722192120957,4.634289589411048,0.6910000000000001,0.022927075789068788,0.6910000000000001,0.0,0.022917651,12.0
3.6511419113942916,-0.7961960216006123,12.0,413.023822041436,4.633290794278825,0.6920000000000001,0.02292703831039183,0.6920000000000001,0.0,0.022917651,12.0
3.6516049296363193,-0.7926708226275574,12.0,413.8541722266845,4.632287136686352,0.6930000000000002,0.022927000402738703,0.6930000000000001,0.0,0.022917651,12.0
3.652069758836025,-0.7891315193219332,12.0,414.6983643698087,4.631276618978081,0.6940000000000002,0.022926962433267847,0.6940000000000001,0.0,0.022917651,12.0
3.6525364106374147,-0.785578469788625,12.0,415.5568482135524,4.630259645775888,0.6950000000000001,0.022926924295701,0.6950000000000001,0.0,0.022917651,12.0
3.653004867682676,-0.782012880329093,12.0,416.4301869670886,4.6292373536997395,0.6960000000000002,0.022926885720922312,0.6960000000000001,0.0,0.022917651,12.0
3.6534756604162713,-0.7784291243076454,12.0,417.31824298141765,4.628206237455934,0.6970000000000001,0.0229268466789199,0.6970000000000001,0.0,0.022917651,12.0
3.653948358946571,-0.7748321313139013,12.0,418.22196631857446,4.627169507414447,0.6980000000000001,0.022926807185566406,0.6980000000000001,0.0,0.022917651,12.0
3.654423357329778,-0.7712185917551854,12.0,419.1414903094786,4.626125429907769,0.6990000000000002,0.022926766813713296,0.6990000000000001,0.0,0.022917651,12.0
3.654900647825827,-0.7675886454079749,12.0,420.0772850271431,4.625074113784491,0.7,0.0229267256236859,0.7000000000000001,0.0,0.022917651,12.0
3.655345131202463,-0.7646017693770126,12.0,420.54033483821763,4.624445090925132,0.7010000000000002,0.02292672220745331,0.7010000000000001,0.0,0.022917651,12.0
3.6557902175378625,-0.7616100685170257,12.0,421.00733403315945,4.623813653708284,0.7020000000000001,0.022926718749754403,0.7020000000000001,0.0,0.022917651,12.0
3.6562358923588953,-0.7586137241203015,12.0,421.4783649970467,4.623179925788811,0.7030000000000001,0.02292671525602007,0.7030000000000001,0.0,0.022917651,12.0
3.6566819952767493,-0.7556141467133676,12.0,421.9536431526515,4.622544677318713,0.7039999999999998,0.022926711744716086,0.704,0.0,0.022917651,12.0
3.6571285321955393,-0.7526112917080247,12.0,422.4332270753007,4.621907887327248,0.705,0.022926708215600125,0.705,0.0,0.022917651,12.0
3.657576317140757,-0.7496032213162012,12.0,422.91704949160754,4.621270877158987,0.706,0.02292670483136986,0.706,0.0,0.022917651,12.0
3.6580256692127744,-0.7465891011257794,12.0,423.4051525887075,4.620634089839746,0.7070000000000001,0.0229267016537154,0.707,0.0,0.022917651,12.0
3.6584754566188638,-0.7435715260173357,12.0,423.897789519504,4.619995588754279,0.7080000000000001,0.022926698452396723,0.708,0.0,0.022917651,12.0
3.6589256854022163,-0.7405504480306145,12.0,424.3950232214744,4.619355350112542,0.709,0.022926695227085344,0.709,0.0,0.022917651,12.0
3.6593765363953814,-0.737523583470301,12.0,424.8968121563155,4.618711810555417,0.71,0.022926691776433476,0.71,0.0,0.022917651,12.0
3.6598280141396162,-0.7344908943867844,12.0,425.4032425713906,4.61806495053315,0.711,0.02292668810446247,0.711,0.0,0.022917651,12.0
3.6602799503613115,-0.7314545609732795,12.0,425.91449318411594,4.617416280204763,0.712,0.022926684412609203,0.712,0.0,0.022917651,12.0
3.6607323515028973,-0.7284145320204108,12.0,426.43063172691757,4.616765774132203,0.7130000000000001,0.02292668070059428,0.713,0.0,0.022917651,12.0
3.661185127433658,-0.725369289453839,12.0,426.95151726024625,4.616111556583664,0.7140000000000001,0.022926676959611855,0.714,0.0,0.022917651,12.0
3.6616383478702628,-0.7223197353157351,12.0,427.4773635785806,4.615454806425899,0.715,0.0229266731952364,0.715,0.0,0.022917651,12.0
3.6620920520943234,-0.7192663074941164,12.0,428.00831391237233,4.6147961176854295,0.7159999999999999,0.02292666941008237,0.716,0.0,0.022917651,12.0
3.6625462730870573,-0.716208648234267,12.0,428.5444091787611,4.614135263594225,0.717,0.022926665626659078,0.717,0.0,0.022917651,12.0
3.663001166939583,-0.7131449551921006,12.0,429.0855458563987,4.613471060804678,0.7180000000000001,0.022926661974453373,0.718,0.0,0.022917651,12.0
3.663456564117631,-0.7100772082292391,12.0,429.63202335240936,4.612804817397594,0.719,0.022926658297880917,0.719,0.0,0.022917651,12.0
3.66391247192511,-0.707005348518003,12.0,430.18391916903744,4.61213650376095,0.7200000000000001,0.022926654596588113,0.72,0.0,0.022917651,12.0
3.6643690293535056,-0.7039267766866669,12.0,430.74112247367145,4.61146408001928,0.7209999999999999,0.022926650890918627,0.721,0.0,0.022917651,12.0
3.6648261875524657,-0.7008425437836271,12.0,431.3038058961905,4.610788400290735,0.722,0.02292664717103785,0.722,0.0,0.022917651,12.0
3.665283881685989,-0.6977539937594406,12.0,431.8721587660461,4.610110547230898,0.723,0.022926643425012452,0.723,0.0,0.022917651,12.0
3.665742261870568,-0.6946599308353162,12.0,432.4462077659702,4.609429924350789,0.724,0.022926639598266352,0.724,0.0,0.022917651,12.0
3.666201543254852,-0.6915586181824513,12.0,433.02596740941823,4.608745653640004,0.7250000000000001,0.02292663561256187,0.725,0.0,0.022917651,12.0
3.6666613815578604,-0.6884527824238974,12.0,433.61167343206967,4.608059087480232,0.726,0.022926631602450516,0.726,0.0,0.022917651,12.0
3.66712180537573,-0.6853421297778821,12.0,434.20339895320905,4.607370046813532,0.727,0.02292662756257701,0.727,0.0,0.022917651,12.0
3.6675831228831157,-0.6822232468606151,12.0,434.8010083079146,4.606676355954005,0.728,0.022926623418367563,0.728,0.0,0.022917651,12.0
3.668045024019132,-0.6790996188561441,12.0,435.4048488530638,4.60598025448324,0.729,0.022926619247535848,0.729,0.0,0.022917651,12.0
3.668507517628972,-0.6759711738502246,12.0,436.0150150255624,4.6052817058671796,0.73,0.0229266150496784,0.73,0.0,0.022917651,12.0
3.6689709196188978,-0.6728340179662347,12.0,436.6315678744294,4.6045780764389015,0.7310000000000001,0.022926611073570136,0.731,0.0,0.022917651,12.0
3.669434943051864,-0.6696916858279665,12.0,437.25466270257294,4.6038717562927705,0.7319999999999999,0.022926607084273534,0.732,0.0,0.022917651,12.0
3.6698995800925767,-0.6665443120763311,12.0,437.88440223618943,4.603162848915867,0.7329999999999999,0.02292660306766291,0.733,0.0,0.022917651,12.0
3.670365335895678,-0.6633878215556974,12.0,438.52058413135046,4.6024493006482725,0.734,0.022926598793876797,0.734,0.0,0.022917651,12.0
3.670831756925491,-0.6602258819727708,12.0,439.1636094176809,4.601732964384749,0.735,0.022926594467394354,0.735,0.0,0.022917651,12.0
3.671298853096881,-0.657058422924547,12.0,439.8135911889647,4.601013809345643,0.736,0.022926590097249462,0.736,0.0,0.022917651,12.0
3.671767140643134,-0.6538814630192237,12.0,440.4704476781908,4.600289919207049,0.737,0.022926585636936295,0.737,0.0,0.022917651,12.0
3.6722360957119653,-0.6506990204873445,12.0,441.13450861040457,4.599563216634397,0.738,0.022926581154917126,0.738,0.0,0.022917651,12.0
3.6727058234417425,-0.6475100107602005,12.0,441.8058350104893,4.5988330375565765,0.739,0.02292657658782615,0.739,0.0,0.022917651,12.0
3.6731765162636867,-0.6443124156784127,12.0,442.48445220196606,4.598098133241785,0.7400000000000001,0.022926571807753024,0.74,0.0,0.022917651,12.0
3.673647908472168,-0.6411090555428117,12.0,443.1706372054114,4.5973602612225495,0.741,0.022926566994555423,0.741,0.0,0.022917651,12.0
3.674120185080816,-0.6378972901317056,12.0,443.86432834886415,4.596617521857624,0.7420000000000001,0.022926562446341135,0.742,0.0,0.022917651,12.0
3.6745933292839568,-0.6346774810630504,12.0,444.5656918248367,4.595870209799143,0.7430000000000001,0.022926558105408876,0.743,0.0,0.022917651,12.0
3.675067213024225,-0.6314515929312747,12.0,445.275004295314,4.595119777089616,0.744,0.022926553728564537,0.744,0.0,0.022917651,12.0
3.675543690175378,-0.6282125541758505,12.0,445.99333341137884,4.594366563412183,0.7450000000000001,0.022926548955142904,0.745,0.0,0.022917651,12.0
3.6760209974514013,-0.6249667684512968,12.0,446.71999091244743,4.593609922855272,0.7460000000000001,0.022926544129633675,0.746,0.0,0.022917651,12.0
3.6764990853046426,-0.621712940388752,12.0,447.4549634743682,4.5928483645790195,0.7470000000000001,0.02292653939010564,0.747,0.0,0.022917651,12.0
3.6769779936326605,-0.618450385907056,12.0,448.1983672446404,4.592081365048896,0.748,0.022926534771823975,0.748,0.0,0.022917651,12.0
3.6774576505560894,-0.6151812516594967,12.0,448.95046028439106,4.59131078011293,0.7490000000000001,0.02292653011739087,0.749,0.0,0.022917651,12.0
3.6779387440918425,-0.6119004862880807,12.0,449.7113167053677,4.590534313245619,0.75,0.02292652503385866,0.75,0.0,0.022917651,12.0
3.678420611716247,-0.6086128190159431,12.0,450.48116524318095,4.589754040726247,0.751,0.022926519901529458,0.751,0.0,0.022917651,12.0
3.678903529601202,-0.6053152787572801,12.0,451.26010792903173,4.588968092191848,0.752,0.022926514908773205,0.752,0.0,0.022917651,12.0
3.679387400400855,-0.6020089127793127,12.0,452.04832885919365,4.588177127406733,0.753,0.022926509993954607,0.753,0.0,0.022917651,12.0
3.679872166200119,-0.5986938988214303,12.0,452.8458219595155,4.587381094448171,0.7540000000000001,0.022926504941826114,0.754,0.0,0.022917651,12.0
3.680357942316042,-0.5953685956553338,12.0,453.6525578996134,4.586578812708791,0.7550000000000001,0.022926499633746038,0.755,0.0,0.022917651,12.0
3.6808446068131904,-0.5920352577343048,12.0,454.4690798925464,4.585772049669216,0.756,0.02292649431376615,0.756,0.0,0.022917651,12.0
3.6813325461937496,-0.5886895304049962,12.0,455.29552168768925,4.584957996405983,0.7569999999999999,0.022926489247062656,0.757,0.0,0.022917651,12.0
3.6818213440713787,-0.5853360629321184,12.0,456.1321057137306,4.584139636783163,0.758,0.022926484142900164,0.758,0.0,0.022917651,12.0
3.6823113566054344,-0.5819702370696074,12.0,456.9789130752084,4.583313781806717,0.759,0.02292647889440872,0.759,0.0,0.022917651,12.0
3.682802277716875,-0.5785961414437653,12.0,457.836221354288,4.5824832918985585,0.76,0.02292647360517524,0.76,0.0,0.022917651,12.0
3.683294725943855,-0.5752087106190147,12.0,458.70415667004926,4.5816455757714465,0.761,0.022926468321320965,0.761,0.0,0.022917651,12.0
3.683788200822275,-0.5718120109211919,12.0,459.58296730328317,4.5808026974123965,0.762,0.02292646300713982,0.762,0.0,0.022917651,12.0
3.6842825284268432,-0.5684027495675885,12.0,460.4724491856188,4.579950669467576,0.763,0.022926457319288576,0.763,0.0,0.022917651,12.0
3.684777800443065,-0.5649838687074226,12.0,461.373114403108,4.579092800013254,0.7640000000000001,0.02292645149483428,0.764,0.0,0.022917651,12.0
3.6852742895572117,-0.5615528507148683,12.0,462.2848828121866,4.578227652759032,0.7650000000000001,0.022926445811083683,0.765,0.0,0.022917651,12.0
3.6857718352309212,-0.5581120958399014,12.0,463.2082655018464,4.577356992650957,0.7660000000000001,0.022926440124199414,0.766,0.0,0.022917651,12.0
3.6862705470322785,-0.554657431875192,12.0,464.14365346672565,4.57647710180805,0.767,0.022926434528059335,0.767,0.0,0.022917651,12.0
3.6867703104453047,-0.5511928313959678,12.0,465.09118767454856,4.575591482821995,0.768,0.022926428909693767,0.768,0.0,0.022917651,12.0
3.687271500174477,-0.5477119771726195,12.0,466.05113730829345,4.5746953016270195,0.7690000000000001,0.022926422903352218,0.769,0.0,0.022917651,12.0
3.6877739723902345,-0.5442202373206805,12.0,467.0239057310038,4.573793365182803,0.77,0.022926416906821748,0.77,0.0,0.022917651,12.0
3.688278618676976,-0.5407125954449095,12.0,468.01064958828255,4.572884225008814,0.7710000000000001,0.022926411173748176,0.771,0.0,0.022917651,12.0
3.688784445416451,-0.5371927956567067,12.0,469.01018205390005,4.57196765203021,0.772,0.022926405187760675,0.772,0.0,0.022917651,12.0
3.689291592609164,-0.5336592451878347,12.0,470.0226005208386,4.571042615969769,0.7730000000000001,0.022926398802190096,0.773,0.0,0.022917651,12.0
3.68979946361404,-0.5301110607845124,12.0,471.04884494952444,4.570105829106351,0.7739999999999999,0.022926392697112927,0.774,0.0,0.022917651,12.0
3.690308187720146,-0.5265499828994696,12.0,472.0890300488315,4.569159554108067,0.775,0.0229263867330582,0.775,0.0,0.022917651,12.0
3.6908183503894616,-0.5229741173789412,12.0,473.1433487924665,4.5682042629807125,0.7760000000000001,0.02292638063018489,0.776,0.0,0.022917651,12.0
3.6913297582971865,-0.5193850891937531,12.0,474.2119570986757,4.567240792130286,0.777,0.02292637426954822,0.777,0.0,0.022917651,12.0
3.6918426219978486,-0.5157799770896364,12.0,475.29509883147296,4.566267062909508,0.778,0.02292636734876829,0.778,0.0,0.022917651,12.0
3.6923568927083332,-0.5121588365015157,12.0,476.3929891856625,4.565282929561485,0.7790000000000001,0.02292636093625441,0.779,0.0,0.022917651,12.0
3.6928724501712904,-0.5085233289079447,12.0,477.5059496201354,4.564289573248211,0.7800000000000001,0.022926354750814244,0.78,0.0,0.022917651,12.0
3.69338933843497,-0.5048709504614822,12.0,478.63426274234195,4.563284655461278,0.7810000000000001,0.022926348509114926,0.781,0.0,0.022917651,12.0
3.6939077431301284,-0.5012022897658611,12.0,479.77806401550924,4.5622695367071415,0.782,0.02292634171603263,0.782,0.0,0.022917651,12.0
3.6944276279171984,-0.4975175531966604,12.0,480.9377016007663,4.561244274325007,0.7830000000000001,0.022926334481564857,0.783,0.0,0.022917651,12.0
3.694948938847301,-0.4938140240645789,12.0,482.1135967562632,4.560205893705544,0.7839999999999999,0.022926327986358276,0.784,0.0,0.022917651,12.0
3.6954717194620406,-0.4900942950125528,12.0,483.3061757040763,4.559157199219717,0.785,0.022926321387642938,0.785,0.0,0.022917651,12.0
3.6959959713252846,-0.48635804198859545,12.0,484.51571150876356,4.558097873856345,0.786,0.022926314607893614,0.786,0.0,0.022917651,12.0
3.6965218381393687,-0.48260198333942345,12.0,485.7423851871562,4.55702521758008,0.787,0.022926307061590344,0.787,0.0,0.022917651,12.0
3.6970491611384344,-0.47882695990280844,12.0,486.9868395765068,4.555939394881763,0.788,0.022926300056911562,0.788,0.0,0.022917651,12.0
3.6975783254661505,-0.4750331312224163,12.0,488.24932045621983,4.554842135499036,0.789,0.022926293287789758,0.789,0.0,0.022917651,12.0
3.698109719814668,-0.47121962755230035,12.0,489.53011617981315,4.553734148275495,0.79,0.022926286572242657,0.79,0.0,0.022917651,12.0
3.6986427652966296,-0.46738404332073163,12.0,490.82929102036155,4.552610654985856,0.791,0.022926278592600605,0.791,0.0,0.022917651,12.0
3.6991771621486937,-0.4635294631562545,12.0,492.147385626472,4.551473583441158,0.792,0.022926271269662415,0.792,0.0,0.022917651,12.0
3.699713087984129,-0.4596550636784214,12.0,493.48468991740003,4.550322811992922,0.793,0.022926264298650006,0.793,0.0,0.022917651,12.0
3.7002506136113427,-0.45575988007229207,12.0,494.84157863971063,4.549157649668333,0.7940000000000002,0.022926257214073802,0.794,0.0,0.022917651,12.0
3.70078909836657,-0.4518420936852731,12.0,496.21863444270656,4.547973716261465,0.7949999999999999,0.02292624887037386,0.795,0.0,0.022917651,12.0
3.701328407738355,-0.44790382232743325,12.0,497.6163212244489,4.546772612750308,0.796,0.022926241564305207,0.796,0.0,0.022917651,12.0
3.701869311027269,-0.44394323887801246,12.0,499.0348451541789,4.545555560813327,0.797,0.022926234368137288,0.797,0.0,0.022917651,12.0
3.7024119217189764,-0.4399590475552624,12.0,500.4745812379024,4.544321724670757,0.7980000000000002,0.0229262265226845,0.798,0.0,0.022917651,12.0
3.7029559474543374,-0.4359506670326695,12.0,501.93596446182147,4.54306936818104,0.799,0.02292621821622873,0.799,0.0,0.022917651,12.0
3.7035009306398723,-0.43191842810607645,12.0,503.41946525058864,4.5417969942003555,0.8000000000000002,0.022926210513788695,0.8,0.0,0.022917651,12.0
3.703901979960546,-0.42889911515234136,12.0,504.06560626313194,4.540893393864465,0.801,0.022926208985576717,0.801,0.0,0.022917651,12.0
3.704303152165497,-0.4258752448780267,12.0,504.71814761860713,4.539985727943142,0.8020000000000002,0.022926207470008717,0.802,0.0,0.022917651,12.0
3.704704585176807,-0.4228425644464396,12.0,505.37712432303886,4.539070304632249,0.803,0.02292620655956096,0.803,0.0,0.022917651,12.0
3.7051061388839974,-0.4198053326800826,12.0,506.0426700392289,4.538150812872358,0.804,0.022926205637048187,0.804,0.0,0.022917651,12.0
3.705507923762814,-0.4167596712819346,12.0,506.71485205058286,4.537223818707603,0.805,0.022926204418883663,0.805,0.0,0.022917651,12.0
3.705909850383246,-0.4137085891918524,12.0,507.39376950148113,4.536291971185062,0.8060000000000002,0.02292620313695884,0.806,0.0,0.022917651,12.0
3.706312010877536,-0.4106496683059873,12.0,508.0794678460184,4.535353219591869,0.807,0.022926201779092555,0.807,0.0,0.022917651,12.0
3.7067143483440725,-0.407584559128244,12.0,508.77205355716944,4.53440898740652,0.808,0.02292620038394092,0.808,0.0,0.022917651,12.0
3.707116979364318,-0.4045116515143094,12.0,509.47163504546285,4.53345812778008,0.8090000000000002,0.022926198983677218,0.809,0.0,0.022917651,12.0
3.7075198501221407,-0.4014317760602289,12.0,510.17831240346476,4.532501257075819,0.8100000000000002,0.022926197588831857,0.81,0.0,0.022917651,12.0
3.707922952310339,-0.39834447351964397,12.0,510.89216545523055,4.531537885685031,0.8110000000000003,0.022926196284740526,0.811,0.0,0.022917651,12.0
3.708326275717999,-0.3952499665886622,12.0,511.6132940079492,4.530568195194132,0.8120000000000002,0.02292619505309947,0.812,0.0,0.022917651,12.0
3.7087297696485315,-0.392148123342421,12.0,512.3417340005301,4.529591850873417,0.8130000000000002,0.022926193954335535,0.8130000000000001,0.0,0.022917651,12.0
3.709133431892986,-0.3890389906344902,12.0,513.077589195476,4.528608890801846,0.8140000000000002,0.022926192973807272,0.8140000000000001,0.0,0.022917651,12.0
3.709537319130957,-0.385922087331503,12.0,513.8209933688759,4.527619063863117,0.8150000000000002,0.02292619156607866,0.8150000000000001,0.0,0.022917651,12.0
3.709941416732491,-0.3827976678771293,12.0,514.572053548782,4.526622565409292,0.8160000000000002,0.022926189793623684,0.8160000000000001,0.0,0.022917651,12.0
3.7103456237545864,-0.3796652755234575,12.0,515.3308946833411,4.525618526908393,0.8170000000000002,0.02292618847031323,0.8170000000000001,0.0,0.022917651,12.0
3.7107499430532838,-0.37652565997360976,12.0,516.0976216063464,4.524607711087519,0.8180000000000001,0.02292618744359298,0.8180000000000001,0.0,0.022917651,12.0
3.711154747817505,-0.3733763966268668,12.0,516.8723694741426,4.523589191212861,0.8190000000000001,0.022926185876193987,0.8190000000000001,0.0,0.022917651,12.0
3.711559832436398,-0.3702196713707853,12.0,517.6552326980908,4.522564329737215,0.8200000000000001,0.02292618406757721,0.8200000000000001,0.0,0.022917651,12.0
3.711964415832135,-0.3670529355876773,12.0,518.4463137490756,4.521527453431525,0.8210000000000001,0.022926182894925463,0.8210000000000001,0.0,0.022917651,12.0
3.712368990681816,-0.3638795359630775,12.0,519.2457074478505,4.520483879333004,0.822,0.022926181845087483,0.8220000000000001,0.0,0.022917651,12.0
3.71277315902061,-0.36069802726046285,12.0,520.0533499504538,4.519430562928188,0.8230000000000002,0.022926180345976526,0.8230000000000001,0.0,0.022917651,12.0
3.7131774842936114,-0.35750969330340665,12.0,520.8694991663886,4.518371049868432,0.8240000000000001,0.022926178853514025,0.8240000000000001,0.0,0.022917651,12.0
3.7135820753654682,-0.3543113741461425,12.0,521.6942465509418,4.517302620000516,0.8250000000000001,0.02292617743914403,0.8250000000000001,0.0,0.022917651,12.0
3.713986688471447,-0.35110459472803357,12.0,522.5277140042479,4.516225816650713,0.8260000000000002,0.022926175870019178,0.8260000000000001,0.0,0.022917651,12.0
3.7143912842767874,-0.34788824348328534,12.0,523.3700102157683,4.5151393703817995,0.8270000000000002,0.02292617408735317,0.8270000000000001,0.0,0.022917651,12.0
3.714796428721946,-0.344661492770881,12.0,524.2213507338012,4.514044730178938,0.8280000000000002,0.022926172702984294,0.8280000000000001,0.0,0.022917651,12.0
3.7152019068839244,-0.3414263689850395,12.0,525.081843648176,4.5129430569756535,0.8290000000000002,0.022926171503560893,0.8290000000000001,0.0,0.022917651,12.0
3.7156077863259136,-0.3381792987964371,12.0,525.9516415708486,4.51183103695229,0.8300000000000003,0.02292617017663585,0.8300000000000001,0.0,0.022917651,12.0
3.716013776592348,-0.33492406101658434,12.0,526.830796404422,4.5107112873378465,0.8310000000000001,0.02292616874025014,0.8310000000000001,0.0,0.022917651,12.0
3.7164198297680455,-0.3316585979184882,12.0,527.7193900256453,4.5095815516291085,0.8320000000000002,0.022926167071425405,0.8320000000000001,0.0,0.022917651,12.0
3.7168254433894927,-0.3283832500314596,12.0,528.6179186821853,4.508440180759341,0.8330000000000001,0.02292616560277967,0.833,0.0,0.022917651,12.0
3.7172308201254354,-0.3250992202257753,12.0,529.5264139975925,4.507289184784912,0.8340000000000001,0.022926164256376908,0.834,0.0,0.022917651,12.0
3.7176366233592555,-0.32180301647501874,12.0,530.4448286419625,4.506127711156681,0.8350000000000001,0.022926162819019835,0.835,0.0,0.022917651,12.0
3.7180424338339555,-0.3184967832289855,12.0,531.3733663325684,4.504956245578627,0.8360000000000001,0.022926161160948595,0.836,0.0,0.022917651,12.0
3.7184482199564384,-0.31517939280051066,12.0,532.3121903175448,4.503773537342259,0.8370000000000001,0.022926159220067598,0.837,0.0,0.022917651,12.0
3.718853454626953,-0.3118512106726166,12.0,533.2609080997296,4.502577817497479,0.838,0.02292615790895269,0.838,0.0,0.022917651,12.0
3.7192586945936825,-0.3085136102829673,12.0,534.2199087133205,4.501372697243223,0.8390000000000001,0.02292615644433831,0.839,0.0,0.022917651,12.0
3.7196640861241517,-0.30516527852821207,12.0,535.1892373034378,4.5001574500386745,0.8400000000000001,0.02292615447817136,0.84,0.0,0.022917651,12.0
3.7200697749440694,-0.30180367975552147,12.0,536.1693578398126,4.498930135418208,0.8410000000000001,0.022926153089394476,0.841,0.0,0.022917651,12.0
3.720475557427066,-0.2984311257296204,12.0,537.1603232490628,4.497692239147199,0.8420000000000001,0.022926151596192552,0.842,0.0,0.022917651,12.0
3.720881354854008,-0.29504658355635127,12.0,538.162152859296,4.496442407338112,0.8430000000000001,0.022926149611017767,0.843,0.0,0.022917651,12.0
3.7212872336716427,-0.291648706623062,12.0,539.1749100804897,4.495179576249323,0.844,0.022926148034085107,0.844,0.0,0.022917651,12.0
3.721693017013767,-0.28823939008366506,12.0,540.1987856360018,4.493904917028803,0.8449999999999999,0.022926146404701017,0.845,0.0,0.022917651,12.0
3.722098640707323,-0.2848183847057688,12.0,541.2338914767622,4.492617918279518,0.8460000000000001,0.02292614460935632,0.846,0.0,0.022917651,12.0
3.7225032531286284,-0.2813855238158808,12.0,542.2797013352621,4.491315054103975,0.8469999999999999,0.022926142690218754,0.847,0.0,0.022917651,12.0
3.7229083248304833,-0.2779403806219269,12.0,543.3368976481173,4.490001726807248,0.848,0.02292614105240871,0.848,0.0,0.022917651,12.0
3.7233136910507096,-0.2744825407784807,12.0,544.4056782682766,4.488676870655457,0.849,0.022926139466938868,0.849,0.0,0.022917651,12.0
3.7237189465320997,-0.2710105748451492,12.0,545.4862072018399,4.487337454403482,0.8500000000000001,0.022926137422161052,0.85,0.0,0.022917651,12.0
3.724123961974591,-0.26752470348958746,12.0,546.5787242702519,4.4859831684027025,0.851,0.022926135948696694,0.851,0.0,0.022917651,12.0
3.7245292126382736,-0.2640253990467158,12.0,547.6831212955411,4.4846163906333505,0.8520000000000001,0.02292613419073016,0.852,0.0,0.022917651,12.0
3.724934704919171,-0.2605122364459853,12.0,548.7995441961821,4.48323671985913,0.853,0.022926132371513575,0.853,0.0,0.022917651,12.0
3.7253401727708906,-0.25698458094642235,12.0,549.9283082944257,4.481842449665032,0.854,0.02292613146138088,0.854,0.0,0.022917651,12.0
3.7257454205082157,-0.25344072348533947,12.0,551.0692223010253,4.480431112801005,0.855,0.022926129687968415,0.855,0.0,0.022917651,12.0
3.72615040809176,-0.24988336179879864,12.0,552.2225842969721,4.479005227379351,0.856,0.022926127687844074,0.856,0.0,0.022917651,12.0
3.7265553225740216,-0.2463116134017076,12.0,553.3885996395693,4.47756466252352,0.857,0.02292612585973148,0.857,0.0,0.022917651,12.0
3.7269603226119448,-0.24272445371479898,12.0,554.5674589100286,4.476109032081071,0.858,0.02292612427355376,0.858,0.0,0.022917651,12.0
3.7273653572297714,-0.2391208729633401,12.0,555.7591864688568,4.474637118044021,0.859,0.022926122140586994,0.859,0.0,0.022917651,12.0
3.7277703819804624,-0.23550026421223397,12.0,556.9634598980781,4.473148129504093,0.86,0.02292612052700387,0.86,0.0,0.022917651,12.0
3.7281752219503583,-0.2318627410756562,12.0,558.1806031945838,4.4716415007385555,0.861,0.022926118575275566,0.861,0.0,0.022917651,12.0
3.7285786166158377,-0.22820927629281082,12.0,559.4111327195853,4.470113134037165,0.862,0.022926116497558068,0.862,0.0,0.022917651,12.0
3.7289807178229477,-0.22454025414686335,12.0,560.654979329723,4.468564031856357,0.863,0.02292611459738548,0.863,0.0,0.022917651,12.0
3.7293823195265556,-0.220854754274912,12.0,561.9117138158948,4.466996467104301,0.864,0.022926112804067283,0.864,0.0,0.022917651,12.0
3.729783439816945,-0.21715112131919695,12.0,563.1810088301382,4.4654088411203,0.865,0.022926110691879904,0.865,0.0,0.022917651,12.0
3.7301836349517394,-0.21343089392754902,12.0,564.4628211740105,4.463800919981578,0.866,0.02292610898430725,0.866,0.0,0.022917651,12.0
3.730583179680051,-0.20969306497644144,12.0,565.757405701468,4.462172795446657,0.867,0.02292610686236379,0.867,0.0,0.022917651,12.0
3.7309828091892037,-0.20593572368288238,12.0,567.0649758789457,4.460525510021406,0.8680000000000001,0.02292610465993774,0.868,0.0,0.022917651,12.0
3.7313823617113693,-0.2021584624317042,12.0,568.3857352417695,4.458857984030293,0.8690000000000001,0.02292610269084094,0.869,0.0,0.022917651,12.0
3.7317815267713486,-0.19836191204764228,12.0,569.7196050825669,4.457169616334085,0.8700000000000001,0.022926100719412677,0.87,0.0,0.022917651,12.0
3.7321804212427816,-0.19454505522594334,12.0,571.066410658394,4.455459857487761,0.871,0.022926098559875773,0.871,0.0,0.022917651,12.0
3.732579375140191,-0.1907075363437433,12.0,572.4261882438523,4.453729671554708,0.872,0.02292609664802469,0.872,0.0,0.022917651,12.0
3.7329780785882787,-0.1868485743260481,12.0,573.7991269285206,4.451977053194067,0.8730000000000001,0.022926094572320817,0.873,0.0,0.022917651,12.0
3.7333764782951437,-0.1829677051462788,12.0,575.1851136229307,4.450201309342437,0.874,0.022926093152077165,0.874,0.0,0.022917651,12.0
3.733774488312787,-0.1790662749792231,12.0,576.5838005710164,4.448403448183931,0.875,0.022926091567511388,0.875,0.0,0.022917651,12.0
3.7341720404460332,-0.1751433582066853,12.0,577.9949193330183,4.44658226663045,0.876,0.02292608951891815,0.876,0.0,0.022917651,12.0
3.734568977690585,-0.1711973288311127,12.0,579.4188331368479,4.444735508125978,0.877,0.022926087309520872,0.877,0.0,0.022917651,12.0
3.7349658086475235,-0.16722720241702957,12.0,580.8555128506601,4.4428642186543525,0.878,0.02292608503196936,0.878,0.0,0.022917651,12.0
3.7353623568944303,-0.16323216833782728,12.0,582.3046562264317,4.440966914526234,0.879,0.02292608305799608,0.879,0.0,0.022917651,12.0
3.7357575971258914,-0.1592121987704033,12.0,583.766506514863,4.439039434795219,0.88,0.02292608082971296,0.88,0.0,0.022917651,12.0
3.736152209723224,-0.1551701025518089,12.0,585.240801245378,4.437087305121037,0.8809999999999999,0.022926078567518333,0.881,0.0,0.022917651,12.0
3.736545844334596,-0.15110119919709264,12.0,586.7268323610336,4.435104471536619,0.882,0.022926076522719756,0.882,0.0,0.022917651,12.0
3.7369383584297715,-0.14700619238814375,12.0,588.2242304616336,4.433091045714961,0.883,0.022926074196092557,0.883,0.0,0.022917651,12.0
3.737329830434393,-0.1428845739013332,12.0,589.7337073394312,4.431046845094012,0.8840000000000001,0.022926071930497744,0.884,0.0,0.022917651,12.0
3.7377177969548776,-0.13873598510117596,12.0,591.2555986629858,4.428961645749932,0.885,0.02292606973861156,0.885,0.0,0.022917651,12.0
3.7381039418438795,-0.13456108105018597,12.0,592.7898812822057,4.4268428463187375,0.8860000000000001,0.022926067407282442,0.886,0.0,0.022917651,12.0
3.738489359954222,-0.1303586401644863,12.0,594.3363560105763,4.424693603157424,0.8870000000000001,0.02292606503880098,0.887,0.0,0.022917651,12.0
3.7388732725293248,-0.12612529103468628,12.0,595.894062437174,4.42250743783219,0.888,0.022926062847931167,0.888,0.0,0.022917651,12.0
3.7392560195216484,-0.1218616097118979,12.0,597.4636285039886,4.420286263282861,0.889,0.022926060475512884,0.889,0.0,0.022917651,12.0
3.739638136058373,-0.1175668205781592,12.0,599.0454408774385,4.418031467165259,0.89,0.022926058146040026,0.89,0.0,0.022917651,12.0
3.7400194977199623,-0.11324148285614848,12.0,600.6397240533988,4.415743100855362,0.8910000000000001,0.02292605583059687,0.891,0.0,0.022917651,12.0
3.740399673246753,-0.10888365216334234,12.0,602.2455773603302,4.413417480938341,0.892,0.02292605340119523,0.892,0.0,0.022917651,12.0
3.7407785871138914,-0.10449248528882799,12.0,603.8639501535828,4.411053505412886,0.893,0.022926051001505996,0.893,0.0,0.022917651,12.0
3.741156439857816,-0.10006890122650607,12.0,605.496063078367,4.408652846109856,0.894,0.02292604863786177,0.894,0.0,0.022917651,12.0
3.741532826307478,-0.0956098134464632,12.0,607.1406824705872,4.406210840728282,0.895,0.02292604619314062,0.895,0.0,0.022917651,12.0
3.7419076814659,-0.09111798377301877,12.0,608.7996992229164,4.403729951866175,0.896,0.022926044850689085,0.896,0.0,0.022917651,12.0
3.742280669949796,-0.08659048858348031,12.0,610.4734144279166,4.401205944739918,0.897,0.02292604307387733,0.897,0.0,0.022917651,12.0
3.742650804167494,-0.08202516349063431,12.0,612.1623439455996,4.398632684777922,0.898,0.02292604059382388,0.898,0.0,0.022917651,12.0
3.743018488194308,-0.07743003160291197,12.0,613.8687557571113,4.396019812404795,0.899,0.022926038128711766,0.899,0.0,0.022917651,12.0
3.7433837149488616,-0.0727959702398354,12.0,615.5924710749243,4.393358175840757,0.9000000000000001,0.022926035641252254,0.9,0.0,0.022917651,12.0
3.7436538288357273,-0.06947305630204789,12.0,616.5808109033115,4.391573290869076,0.901,0.022926035093228273,0.901,0.0,0.022917651,12.0
3.7439229951702835,-0.06613903287199642,12.0,617.5811149466299,4.3897735101037245,0.902,0.022926034546163643,0.902,0.0,0.022917651,12.0
3.7441911024951873,-0.06279382228846271,12.0,618.5938417473707,4.387958293889646,0.903,0.022926033988611736,0.903,0.0,0.022917651,12.0
3.7444579159042943,-0.05943715337306873,12.0,619.6196959979177,4.3861264572685945,0.904,0.022926033449767153,0.904,0.0,0.022917651,12.0
3.744722637398559,-0.056068887827246915,12.0,620.6596405155037,4.3842746586057215,0.905,0.022926032907009192,0.905,0.0,0.022917651,12.0
3.7449840216987145,-0.052691008197276436,12.0,621.7144170000063,4.382399888227341,0.906,0.02292603235529249,0.906,0.0,0.022917651,12.0
3.7452433422312112,-0.04930531982904901,12.0,622.7846925303045,4.380509057378147,0.907,0.022926031796065574,0.907,0.0,0.022917651,12.0
3.745501276232549,-0.045910405494113175,12.0,623.8712969380397,4.3786034611759845,0.908,0.022926031242644362,0.908,0.0,0.022917651,12.0
3.7457575322896774,-0.04250495215542916,12.0,624.9751468607778,4.376680610661204,0.9090000000000003,0.02292603069295269,0.909,0.0,0.022917651,12.0
3.7460118196433223,-0.03908891948207981,12.0,626.0971753275036,4.374739300775471,0.91,0.022926030138637993,0.91,0.0,0.022917651,12.0
3.7462643207051554,-0.035662363281243656,12.0,627.2383950114744,4.372780327276116,0.911,0.022926029585377223,0.911,0.0,0.022917651,12.0
3.7465151417943456,-0.03222592047482582,12.0,628.3998653743861,4.370804744378211,0.912,0.022926029033189046,0.912,0.0,0.022917651,12.0
3.746764145313399,-0.02878021460524097,12.0,629.5827605441676,4.368812611693068,0.9130000000000003,0.022926028472891814,0.913,0.0,0.022917651,12.0
3.7470111539703033,-0.02532598347389643,12.0,630.7880756408191,4.366803998037913,0.9140000000000001,0.022926027917094863,0.914,0.0,0.022917651,12.0
3.7472560701886417,-0.02186300339819359,12.0,632.0165323508437,4.364778252043421,0.915,0.022926027365292763,0.915,0.0,0.022917651,12.0
3.747498694918556,-0.018391328132361127,12.0,633.2689883153599,4.362734650866407,0.9160000000000003,0.022926026803717317,0.916,0.0,0.022917651,12.0
3.7477383886049696,-0.01491148991279981,12.0,634.5463705800142,4.360671170413895,0.9170000000000001,0.022926026242587487,0.917,0.0,0.022917651,12.0
3.747975425997644,-0.01142402931130638,12.0,635.8498728372158,4.358589436801877,0.918,0.022926025692329818,0.918,0.0,0.022917651,12.0
3.7482095225185077,-0.007928765300280385,12.0,637.1795683754799,4.356488124948097,0.9189999999999999,0.02292602513695156,0.919,0.0,0.022917651,12.0
3.748439859662526,-0.0044264022804811065,12.0,638.535323351086,4.3543646786374,0.9200000000000002,0.02292602456996275,0.92,0.0,0.022917651,12.0
3.7486676484198136,-0.0009175302839713345,12.0,639.9166730087292,4.352224543249604,0.921,0.022926024002468008,0.921,0.0,0.022917651,12.0
3.7488922835108007,0.002597720424751104,12.0,641.3231361576832,4.350065409399943,0.922,0.022926023439896713,0.922,0.0,0.022917651,12.0
3.7491134660375196,0.006120064140787286,12.0,642.7544405849308,4.347885365950774,0.9230000000000002,0.022926022872294706,0.923,0.0,0.022917651,12.0
3.7493312504366583,0.009650499477355757,12.0,644.2079856373095,4.345683653724333,0.9240000000000002,0.022926022303726087,0.924,0.0,0.022917651,12.0
3.7495459664998205,0.013188538406326989,12.0,645.6810768613266,4.343462045012971,0.9250000000000002,0.022926021739365747,0.925,0.0,0.022917651,12.0
3.7497573865005864,0.016734382040893694,12.0,647.1718914688424,4.341219467332681,0.926,0.022926021184885393,0.926,0.0,0.022917651,12.0
3.7499655114375177,0.02028973516269668,12.0,648.6767569321789,4.338954188158577,0.9270000000000003,0.022926020623987246,0.927,0.0,0.022917651,12.0
3.750170264326729,0.023855253062970424,12.0,650.1909619034551,4.336665254951145,0.9280000000000002,0.022926020091015794,0.928,0.0,0.022917651,12.0
3.750372106732096,0.027432719922544077,12.0,651.7182363418602,4.3343527280840854,0.929,0.022926019622681915,0.929,0.0,0.022917651,12.0
3.7505716735387464,0.0310253212616724,12.0,653.2779592119321,4.332015961556275,0.9300000000000003,0.02292601908416479,0.93,0.0,0.022917651,12.0
3.7507689051886737,0.034634158196449404,12.0,654.880694276931,4.329653633782392,0.9310000000000002,0.022926018510901317,0.931,0.0,0.022917651,12.0
3.750963070420341,0.038258174327843716,12.0,656.525986357482,4.327263855060738,0.932,0.022926018109649098,0.932,0.0,0.022917651,12.0
3.7511541554495524,0.04189852786952222,12.0,658.2144939602612,4.324845416011044,0.933,0.02292601824758341,0.933,0.0,0.022917651,12.0
3.751342263332031,0.04555801146395317,12.0,659.9451772137668,4.322395935992883,0.9340000000000003,0.022926017980113803,0.934,0.0,0.022917651,12.0
3.7515271944869446,0.04924047409419228,12.0,661.7145662649546,4.319910777495576,0.935,0.022926017382472057,0.935,0.0,0.022917651,12.0
3.751708919091789,0.05294774698103288,12.0,663.5195043539177,4.317387966907599,0.9360000000000002,0.02292601680446991,0.936,0.0,0.022917651,12.0
3.7518857165162243,0.05668453390871789,12.0,665.3581780971307,4.3148159600748155,0.937,0.022926016210154946,0.937,0.0,0.022917651,12.0
3.7520589243132623,0.06044933424418089,12.0,667.2252849147908,4.312201562112028,0.9380000000000001,0.02292601569269564,0.9380000000000001,0.0,0.022917651,12.0
3.7522286942642324,0.06424792362231901,12.0,669.1190828518531,4.309539623841453,0.9390000000000001,0.022926015269561586,0.9390000000000001,0.0,0.022917651,12.0
3.7523948315453057,0.06807998879015105,12.0,671.0359606015764,4.306829678481693,0.9400000000000002,0.022926014704889763,0.9400000000000001,0.0,0.022917651,12.0
3.752557909365174,0.0719495503062225,12.0,672.9760147591105,4.304070004002191,0.9410000000000001,0.022926014098993627,0.9410000000000001,0.0,0.022917651,12.0
3.7527165793443227,0.07586302222657404,12.0,674.9400742158763,4.301248794038287,0.9420000000000001,0.022926013502333566,0.9420000000000001,0.0,0.022917651,12.0
3.752871806661063,0.07980897120971622,12.0,676.923010756336,4.298381321006335,0.9430000000000001,0.022926012920053144,0.9430000000000001,0.0,0.022917651,12.0
3.753022240665392,0.08378992404846833,12.0,678.9373515891696,4.295459683504963,0.9440000000000001,0.022926012482613486,0.9440000000000001,0.0,0.022917651,12.0
3.7531677641863186,0.08780933714583511,12.0,680.9867970429774,4.292479943830506,0.9450000000000002,0.022926011955480486,0.9450000000000001,0.0,0.022917651,12.0
3.7533076023364758,0.0918675587611564,12.0,683.0769451345806,4.289438647716964,0.9460000000000001,0.02292601134305833,0.9460000000000001,0.0,0.022917651,12.0
3.753440237903756,0.09597475084757214,12.0,685.2265917326982,4.286319581184238,0.9470000000000001,0.02292601080348004,0.9470000000000001,0.0,0.022917651,12.0
3.753576165133505,0.10013253514220302,12.0,687.4820817021537,4.283163070633428,0.9480000000000002,0.022926010759120527,0.9480000000000001,0.0,0.022917651,12.0
3.7537139721345154,0.10433556191499034,12.0,689.85766853735,4.279968838567046,0.9490000000000001,0.022926010806591405,0.9490000000000001,0.0,0.022917651,12.0
3.753852193850478,0.10858091971681287,12.0,692.3662399023823,4.2767339508445055,0.9500000000000001,0.022926010229991058,0.9500000000000001,0.0,0.022917651,12.0
3.753992170182245,0.11288947829054055,12.0,695.2187285139939,4.273442860881973,0.9510000000000002,0.022926009596786777,0.9510000000000001,0.0,0.022917651,12.0
3.7541308763239583,0.11723236858700777,12.0,699.0910413265117,4.27011237515737,0.9520000000000001,0.022926008956097855,0.9520000000000001,0.0,0.022917651,12.0
3.754258413315897,0.12163451697710863,12.0,703.273897836063,4.266677953443949,0.9530000000000001,0.022926008306983478,0.9530000000000001,0.0,0.022917651,12.0
3.754423022732935,0.12629927185299122,12.0,708.2986866993276,4.263129216626328,0.9540000000000002,0.022926007756492946,0.9540000000000001,0.0,0.022917651,12.0
3.754617891480564,0.13086511737305798,12.0,715.5092076335177,4.2598004150796775,0.9550000000000001,0.022926007115006797,0.9550000000000001,0.0,0.022917651,12.0
3.754711813451271,0.13541114073026603,12.0,722.7673516056872,4.25608764470978,0.9560000000000001,0.022926007278504273,0.9560000000000001,0.0,0.022917651,12.0
3.754798902307497,0.13999210488866484,12.0,730.1205029956129,4.252312628268039,0.9570000000000001,0.022926006991548623,0.9570000000000001,0.0,0.022917651,12.0
3.7548777860594873,0.14462084236832087,12.0,737.5734533798085,4.2484569874812355,0.9580000000000002,0.022926006374431863,0.9580000000000001,0.0,0.022917651,12.0
3.7549466208041795,0.14929494804191978,12.0,745.1277269548841,4.244515809771857,0.9590000000000002,0.02292600621561276,0.9590000000000001,0.0,0.022917651,12.0
3.7550045307408837,0.15401636931869206,12.0,752.7857425004414,4.240483593754393,0.96,0.02292600622861086,0.96,0.0,0.022917651,12.0
3.755051460752603,0.15878472173246255,12.0,760.5497193081816,4.236360546505704,0.961,0.02292600574870589,0.961,0.0,0.022917651,12.0
3.7550871455313533,0.163602443406027,12.0,768.4231082488394,4.232143127316618,0.962,0.022926006055660593,0.962,0.0,0.022917651,12.0
3.755108549608528,0.16847494369762117,12.0,776.4243026971486,4.22781380928997,0.9630000000000001,0.02292600606948768,0.963,0.0,0.022917651,12.0
3.7551091087000277,0.17342682274631965,12.0,784.6312758314813,4.223321752163614,0.964,0.0229260058758014,0.964,0.0,0.022917651,12.0
3.755108136816223,0.1783917613217044,12.0,792.8918894525987,4.218810511643798,0.965,0.02292600565950488,0.965,0.0,0.022917651,12.0
3.755081324985047,0.18343378670905916,12.0,801.3144644048451,4.214118812769246,0.9660000000000001,0.022926005916942712,0.966,0.0,0.022917651,12.0
3.755044005205371,0.18851285282384067,12.0,809.832000700431,4.209348037186256,0.967,0.022926006309768283,0.967,0.0,0.022917651,12.0
3.7549885858989036,0.19364427363042894,12.0,818.4722244025945,4.2044525102516355,0.9680000000000001,0.02292600683306346,0.968,0.0,0.022917651,12.0
3.754910965481855,0.19883776081638765,12.0,827.2525193976552,4.199406114040457,0.969,0.022926007518005265,0.969,0.0,0.022917651,12.0
3.7548203559446796,0.20406775889669124,12.0,836.1308537194777,4.194271252330358,0.9700000000000002,0.022926008241132202,0.97,0.0,0.022917651,12.0
3.754696712284425,0.20937411988348295,12.0,845.1799025016126,4.188927896866596,0.9709999999999999,0.022926009180895695,0.971,0.0,0.022917651,12.0
3.7545620360634664,0.21471019030793856,12.0,854.3173906522604,4.183510699944617,0.972,0.022926010293134583,0.972,0.0,0.022917651,12.0
3.7543856794652326,0.22012653318433584,12.0,863.6411567030992,4.177846500164927,0.9730000000000001,0.022926012438916562,0.973,0.0,0.022917651,12.0
3.7541958386574423,0.22557418809467195,12.0,873.0595223363322,4.172097054087522,0.974,0.02292601458489719,0.974,0.0,0.022917651,12.0
3.7539611032489835,0.23109805655019294,12.0,882.664919174735,4.166091827157998,0.975,0.022926016975895844,0.975,0.0,0.022917651,12.0
3.753703485620474,0.23666036360053255,12.0,892.3866571377728,4.15995662640433,0.976,0.02292601977576909,0.976,0.0,0.022917651,12.0
3.7534022010745685,0.24228426844204315,12.0,902.2789746928072,4.15358514694724,0.9770000000000001,0.022926023595079552,0.977,0.0,0.022917651,12.0
3.753059979788998,0.24795669847703056,12.0,912.3243097748731,4.147001406930188,0.978,0.02292602836225796,0.978,0.0,0.022917651,12.0
3.7526842613421856,0.253671434389133,12.0,922.5066901519425,4.140241382029081,0.979,0.02292603377311736,0.979,0.0,0.022917651,12.0
3.7522385910103195,0.2594446078035768,12.0,932.8951616874731,4.133143100032473,0.9800000000000001,0.022926040598357705,0.98,0.0,0.022917651,12.0
3.751754951691345,0.2652484700354607,12.0,943.4167550860662,4.12586225161946,0.981,0.02292604781360484,0.981,0.0,0.022917651,12.0
3.7512037797972453,0.27108943418279663,12.0,954.1205663271135,4.118274171078231,0.982,0.022926056196446117,0.982,0.0,0.022917651,12.0
3.7505701977223698,0.276954309771954,12.0,965.0153308482836,4.110332551523475,0.983,0.022926068506492477,0.983,0.0,0.022917651,12.0
3.7498604393044817,0.28282722627435686,12.0,976.0695918786661,4.102078183151099,0.9840000000000001,0.022926084908869264,0.984,0.0,0.022917651,12.0
3.7490530194549656,0.28869537599634204,12.0,987.2982847015511,4.093437925259432,0.985,0.022926106609838924,0.985,0.0,0.022917651,12.0
3.748121561983798,0.2945348527380542,12.0,998.7347074137122,4.0843301844536395,0.986,0.022926132237954748,0.986,0.0,0.022917651,12.0
3.7470580957843174,0.30031394808835893,12.0,1010.3649096687423,4.074754788541551,0.9870000000000001,0.02292616955102893,0.987,0.0,0.022917651,12.0
3.7458534642998162,0.3060005063781567,12.0,1022.1837877306269,4.064707293626241,0.988,0.022926221275695317,0.988,0.0,0.022917651,12.0
3.744474752364571,0.3115411424444891,12.0,1034.1946988314887,4.05410939413174,0.989,0.02292629458619934,0.989,0.0,0.022917651,12.0
3.7428512531338782,0.3168496352619754,12.0,1046.388493649755,4.042764474956442,0.99,0.02292640114997302,0.99,0.0,0.022917651,12.0
3.740935374791949,0.32179625568937076,12.0,1058.7811805548174,4.03061191318169,0.9910000000000001,0.022926574848633106,0.991,0.0,0.022917651,12.0
3.7386913605995256,0.3262869642678155,12.0,1071.3462795699318,4.017602714206849,0.992,0.022926856153130285,0.992,0.0,0.022917651,12.0
3.7359780147248602,0.33008086894040284,12.0,1084.0714972784588,4.0034129994930785,0.993,0.022927375047129935,0.993,0.0,0.022917651,12.0
3.732702839657611,0.3329622070204125,12.0,1096.934718472756,3.987888541127348,0.9940000000000001,0.02292840273342673,0.994,0.0,0.022917651,12.0
3.7287102855829,0.33467672689895867,12.0,1109.9051658272629,3.9706613871868455,0.995,0.022930672178030437,0.995,0.0,0.022917651,12.0
3.723789020701403,0.3350806384796282,12.0,1122.9407133137256,3.951029981194305,0.996,0.02293665490350609,0.996,0.0,0.022917651,12.0
3.717852341934278,0.33469498367822004,12.0,1136.0097872158876,3.9281264997418925,0.997,0.022954760763095272,0.997,0.0,0.022917651,12.0
3.711001354888509,0.33503241449447113,12.0,1149.1309310378294,3.900842699211126,0.9980000000000001,0.022998661094167653,0.998,0.0,0.022917651,12.0
3.70360650655656,0.3391043273585202,12.0,1162.3748784546879,3.867648961551025,0.999,0.023092537094386446,0.999,0.0,0.022917651,12.0
3.696537369545727,0.3518394987836539,12.0,1175.8874819738617,3.827094831689945,1.0,0.023294300635289127,1.0,0.0,0.022917651,12.0
3.6928006407603244,0.36660241909638164,12.0,1184.7745874160362,3.7977989055911228,1.0010000000000001,0.02353386151252755,1.0010000000000001,0.0,0.022917651,12.0
3.6896759020693626,0.3865362468091932,12.0,1193.9904122511493,3.7657800484572315,1.0020000000000002,0.023882876624660813,1.002,0.0,0.022917651,12.0
3.6870862352619738,0.4111556427700941,12.0,1203.6558946258424,3.7312159281736905,1.0030000000000001,0.02432856286996742,1.0030000000000001,0.0,0.022917651,12.0
3.684971563894325,0.44007131909740155,12.0,1213.9125216344917,3.694255481937734,1.004,0.024918701857384495,1.004,0.0,0.022917651,12.0
3.6832336382506186,0.4728242034243878,12.0,1224.881669734816,3.6549648161220083,1.0050000000000001,0.025665751709853652,1.0050000000000001,0.0,0.022917651,12.0
3.681795906114407,0.5092111188516866,12.0,1236.7185490569648,3.6132409098472795,1.0060000000000002,0.026628378809945123,1.006,0.0,0.022917651,12.0
3.6805352044828785,0.549179968415811,12.0,1249.6021265676234,3.5686431801963936,1.0070000000000001,0.027716005725559895,1.0070000000000001,0.0,0.022917651,12.0
3.679387346627782,0.5928292811409317,12.0,1263.7556277006265,3.5208163515498843,1.008,0.029029010572574364,1.008,0.0,0.022917651,12.0
3.678272175575149,0.6405769985382624,12.0,1279.4331457195976,3.469021869635464,1.0090000000000001,0.030425756698190205,1.0090000000000001,0.0,0.022917651,12.0
3.6770585065081547,0.6930311510976503,12.0,1296.999199790279,3.412126986355927,1.0100000000000002,0.031906233049012016,1.01,0.0,0.022917651,12.0
3.6756786193281252,0.7512854889722425,12.0,1316.907094354843,3.348767027160622,1.0110000000000003,0.03331881582430069,1.0110000000000001,0.0,0.022917651,12.0
3.673962528188524,0.816935717501288,12.0,1339.8169471382575,3.27666635484201,1.012,0.03457570938711298,1.012,0.0,0.022917651,12.0
3.671789672802305,0.8922218850897584,12.0,1366.6911669016204,3.19310268723552,1.0130000000000001,0.0356571939359653,1.0130000000000001,0.0,0.022917651,12.0
3.668876298056633,0.980378673174795,12.0,1399.038213753161,3.0937063431937006,1.014,0.036403178323221486,1.014,0.0,0.022917651,12.0
3.6648908183383697,1.0872467121896983,12.0,1439.4830928034805,2.9713102892701433,1.0150000000000003,0.03682710709057398,1.0150000000000001,0.0,0.022917651,12.0
3.659505697491133,1.216099737272149,12.0,1493.7193208494039,2.821330722862806,1.016,0.03691239143240943,1.016,0.0,0.022917651,12.0
3.6510241344278684,1.3936077873923371,12.0,1573.5602410190495,2.6103103286050806,1.0170000000000001,0.036915831656707886,1.0170000000000001,0.0,0.022917651,12.0
3.646365474830274,1.4955787867631178,12.0,1721.4573822269435,2.490118638143797,1.0180000000000002,0.03691927188100635,1.018,0.0,0.022917651,12.0
3.628406161002917,1.8007453199367336,12.0,2046.9636032525502,2.1135287744360087,1.0190000000000003,0.03692271210530481,1.0190000000000001,0.0,0.022917651,12.0
3.5577309547162552,2.7324222178198596,12.0,4298.005935759694,0.8995649776658833,1.0200000000000002,0.036926152329603265,1.02,0.0,0.022917651,12.0
