log_Teff,LogL_lsun,Age_gyr,Step,Log_g,Mass_msun,feh,Mass_input,Metallicity_input,Z_used,Age_input
3.5429537421920636,-0.5778296698870974,0.0015,132.45596836303397,3.6195507308418233,0.3,0.02292025383764665,0.3,0.0,0.022917651,0.0015
3.5454605374335935,-0.5513555708558768,0.0015,131.54264785843526,3.6155976841859245,0.30999999999999994,0.022920457480877055,0.31,0.0,0.022917651,0.0015
3.547954799120693,-0.5250723061135502,0.0015,130.64347684482593,3.611785336302792,0.32,0.022920674074019765,0.32,0.0,0.022917651,0.0015
3.5504367616997827,-0.49906273198909934,0.0015,129.77458177247055,3.6081974844797364,0.33,0.022920904321427373,0.33,0.0,0.022917651,0.0015
3.552905362859691,-0.47327056184705957,0.0015,128.89937749913602,3.604773596612523,0.34,0.02292115070424638,0.34,0.0,0.022917651,0.0015
3.55535672410029,-0.44785375021478463,0.0015,128.06495855899863,3.6016561063803283,0.35000000000000003,0.02292141581541278,0.35000000000000003,0.0,0.022917651,0.0015
3.5577859950780426,-0.4228282477974787,0.0015,127.23256302094305,3.5988415658214348,0.36,0.022921700457046935,0.36,0.0,0.022917651,0.0015
3.5601869476426518,-0.3983173639934871,0.0015,126.43622078181002,3.5964283697556305,0.37,0.02292200705617707,0.37,0.0,0.022917651,0.0015
3.5625563734937997,-0.3743586544470009,0.0015,125.67204782698589,3.594441237732807,0.38,0.022922338414140063,0.38,0.0,0.022917651,0.0015
3.564896429887009,-0.3511125624649309,0.0015,125.00461490911061,3.5930492454700085,0.39,0.0229226969909132,0.39,0.0,0.022917651,0.0015
3.567207691235634,-0.328664965144684,0.0015,124.46033806047743,3.592340568450777,0.4000000000000001,0.02292308567146533,0.4,0.0,0.022917651,0.0015
3.5693821761188507,-0.3087272239310483,0.0015,123.58580217422795,3.590791768255195,0.41000000000000003,0.02292329231866195,0.41000000000000003,0.0,0.022917651,0.0015
3.571545500467384,-0.28916570734203334,0.0015,122.7592380112624,3.5895745507381474,0.42,0.022923507798810465,0.42,0.0,0.022917651,0.0015
3.573695667047913,-0.2700813390089763,0.0015,122.0087029037506,3.5887818450160824,0.42999999999999994,0.02292373010919707,0.43,0.0,0.022917651,0.0015
3.575827912248946,-0.25146109854745363,0.0015,121.3195214676905,3.588381583720945,0.44,0.022923962263497032,0.44,0.0,0.022917651,0.0015
3.5779347097068417,-0.23344922446192712,0.0015,120.72268985021834,3.588487902677067,0.45000000000000007,0.022924201733282013,0.45,0.0,0.022917651,0.0015
3.580013784771162,-0.216187798627842,0.0015,120.26405695268365,3.5892337833583317,0.46,0.022924445959929776,0.46,0.0,0.022917651,0.0015
3.5820764810765904,-0.19973843309397998,0.0015,120.02077981398105,3.5907262010027847,0.47000000000000003,0.022924691335797404,0.47000000000000003,0.0,0.022917651,0.0015
3.584116321839746,-0.1842817091905829,0.0015,119.98110941670218,3.5931198451177817,0.48000000000000004,0.022924932817282303,0.48,0.0,0.022917651,0.0015
3.586123586633945,-0.17002984054732784,0.0015,120.39191463651625,3.5965880387031004,0.49,0.022925163852255116,0.49,0.0,0.022917651,0.0015
3.588062787547758,-0.15721060371447235,0.0015,121.87636126117833,3.6012165895433372,0.5,0.02292538365513646,0.5,0.0,0.022917651,0.0015
3.589692899626353,-0.14531538085053972,0.0015,124.0465330615684,3.6037599410797334,0.51,0.02292550081061224,0.51,0.0,0.022917651,0.0015
3.5913169314011966,-0.13394485578097765,0.0015,126.60086386525343,3.6068036719796632,0.52,0.02292560721472029,0.52,0.0,0.022917651,0.0015
3.592933048500421,-0.123148488964575,0.0015,129.62466762064892,3.6103898944872976,0.5300000000000001,0.022925700309537802,0.53,0.0,0.022917651,0.0015
3.5945335795239557,-0.11298925857127878,0.0015,133.1962851032906,3.614550910332988,0.54,0.0229257788066434,0.54,0.0,0.022917651,0.0015
3.5961124209607247,-0.1034989692412129,0.0015,137.35282633836684,3.619294121589995,0.5500000000000002,0.02292584263290924,0.55,0.0,0.022917651,0.0015
3.5976752874220144,-0.0946432091292248,0.0015,142.04825169635475,3.624607945789797,0.56,0.022925890943010372,0.56,0.0,0.022917651,0.0015
3.5992207272543832,-0.08636249791629855,0.0015,147.08339495766708,3.630427116260656,0.5700000000000001,0.02292592525963433,0.5700000000000001,0.0,0.022917651,0.0015
3.6007417134811806,-0.07862101774049836,0.0015,152.09750923349318,3.636687715998006,0.5800000000000001,0.022925947635717196,0.58,0.0,0.022917651,0.0015
3.602257928925362,-0.07120019342665634,0.0015,156.46526617799165,3.6432498799133053,0.59,0.022925959393849588,0.59,0.0,0.022917651,0.0015
3.6037897494458733,-0.0639199289865963,0.0015,159.75109514914277,3.650015022210494,0.6,0.022925965583712397,0.6,0.0,0.022917651,0.0015
3.605071881621768,-0.05623368866983251,0.0015,160.80428592823696,3.654151995892112,0.61,0.02292596666476756,0.61,0.0,0.022917651,0.0015
3.606351827402635,-0.04848056358797833,0.0015,161.41629728029613,3.6582133315293075,0.6200000000000001,0.02292596736547948,0.62,0.0,0.022917651,0.0015
3.607630341876205,-0.040744257414902105,0.0015,161.85444441365277,3.662285759884952,0.6300000000000001,0.022925967685056937,0.63,0.0,0.022917651,0.0015
3.608907748477648,-0.03300490647817224,0.0015,162.11519403209505,3.6663507107991484,0.64,0.022925967632502164,0.64,0.0,0.022917651,0.0015
3.6101857548884566,-0.02519123938948421,0.0015,162.24346051261372,3.6703437517836153,0.65,0.02292596748013386,0.65,0.0,0.022917651,0.0015
3.6114622425473604,-0.017364617964438146,0.0015,162.29579108535347,3.67431776453262,0.66,0.02292596729382769,0.66,0.0,0.022917651,0.0015
3.6127409626736164,-0.009495109751845487,0.0015,162.2817202841348,3.6782578163067856,0.67,0.022925967107521518,0.67,0.0,0.022917651,0.0015
3.6140183607805882,-0.0016640794773294654,0.0015,162.2400632073187,3.682231057102911,0.68,0.022925966921215353,0.68,0.0,0.022917651,0.0015
3.6153058274818863,0.006288452911897389,0.0015,162.1604886053962,3.6861230664414872,0.6900000000000001,0.022925966734909178,0.6900000000000001,0.0,0.022917651,0.0015
3.616593038455608,0.01420871690653443,0.0015,162.06587529648505,3.6900463208292207,0.7,0.022925966548603006,0.7000000000000001,0.0,0.022917651,0.0015
3.6177026461185338,0.02177777197369058,0.0015,162.45873715374267,3.6927148888872066,0.71,0.022925966167750663,0.71,0.0,0.022917651,0.0015
3.6188120726192214,0.02933613368099066,0.0015,162.8522046876438,3.6953934262144252,0.7200000000000001,0.022925965786898324,0.72,0.0,0.022917651,0.0015
3.619921319924396,0.03688391811728001,0.0015,163.24627132286466,3.6980818245828755,0.73,0.022925965406045974,0.73,0.0,0.022917651,0.0015
3.6210309828197116,0.04449332657503068,0.0015,163.63698597214116,3.7007102635531615,0.7400000000000001,0.02292596502519363,0.74,0.0,0.022917651,0.0015
3.6221409021170263,0.05211292879025269,0.0015,164.02718073992992,3.7033295345261203,0.75,0.02292596464434129,0.75,0.0,0.022917651,0.0015
3.6232509019612444,0.059716715094881835,0.0015,164.41828129716356,3.705964942999423,0.76,0.022925964263488946,0.76,0.0,0.022917651,0.0015
3.624361035994211,0.06730757664037133,0.0015,164.81012358145148,3.708613812342346,0.77,0.022925963882636603,0.77,0.0,0.022917651,0.0015
3.625472377955403,0.07494120139169451,0.0015,165.19960826158123,3.7112247486615995,0.7800000000000001,0.022925963501784257,0.78,0.0,0.022917651,0.0015
3.6265838869182234,0.08256493719341457,0.0015,165.58977533168027,3.713846241496064,0.79,0.022925963120931914,0.79,0.0,0.022917651,0.0015
3.627695561147915,0.09017888676876248,0.0015,165.98061770330094,3.7164781811880516,0.8000000000000002,0.022925962740079568,0.8,0.0,0.022917651,0.0015
3.6286791039379205,0.09738622176249537,0.0015,165.90793915009885,3.7183202684947854,0.8100000000000002,0.022925963312731418,0.81,0.0,0.022917651,0.0015
3.629663315920671,0.10462702845976661,0.0015,165.83232255180752,3.720131561594342,0.8200000000000001,0.022925963885383267,0.8200000000000001,0.0,0.022917651,0.0015
3.630648628998023,0.1118379941938787,0.0015,165.75831716044888,3.721977100368532,0.8300000000000003,0.022925964458035117,0.8300000000000001,0.0,0.022917651,0.0015
3.6316350522520997,0.11901887282856133,0.0015,165.68593626569003,3.723857167284866,0.8400000000000001,0.022925965030686963,0.84,0.0,0.022917651,0.0015
3.632623933974293,0.12623514205362746,0.0015,165.61199854684486,3.725711676310451,0.8500000000000001,0.02292596560333881,0.85,0.0,0.022917651,0.0015
3.633614917184239,0.1334522662507629,0.0015,165.5385023999017,3.7275737355047274,0.86,0.02292596617599066,0.86,0.0,0.022917651,0.0015
3.634607739223111,0.14065559386651452,0.0015,165.46619479697804,3.7294569460759446,0.8700000000000001,0.02292596674864251,0.87,0.0,0.022917651,0.0015
3.6356024941961333,0.14786329953165453,0.0015,165.3939227239642,3.7313435100939074,0.88,0.022925967321294358,0.88,0.0,0.022917651,0.0015
3.6365983243907642,0.15510318516774182,0.0015,165.31953359424895,3.733202195601131,0.89,0.022925967893946207,0.89,0.0,0.022917651,0.0015
3.6375943049443697,0.16231426548149128,0.0015,165.24665875980236,3.7350902877380316,0.9000000000000001,0.022925968466598053,0.9,0.0,0.022917651,0.0015
3.638459547341577,0.1690411570930185,0.0015,165.27212855047298,3.7364001159562044,0.91,0.022925968099479048,0.91,0.0,0.022917651,0.0015
3.6393260547403283,0.17577235582689282,0.0015,165.29687868058787,3.7377106976335597,0.9200000000000002,0.022925967732360036,0.92,0.0,0.022917651,0.0015
3.6401939802039878,0.18253068334082753,0.0015,165.3194621220916,3.7389998230157264,0.9300000000000003,0.02292596736524103,0.93,0.0,0.022917651,0.0015
3.641063922040399,0.18927661699033732,0.0015,165.3427062381722,3.7403094073059617,0.9400000000000002,0.022925966998122015,0.9400000000000001,0.0,0.022917651,0.0015
3.6419358827529416,0.19601014138812362,0.0015,165.36661184907413,3.7416394759045226,0.9500000000000001,0.022925966631003006,0.9500000000000001,0.0,0.022917651,0.0015
3.6428098648491387,0.2027312411214049,0.0015,165.39117977639998,3.742990054253729,0.96,0.022925966263883997,0.96,0.0,0.022917651,0.0015
3.6436866701914257,0.20949360028031047,0.0015,165.41391004709277,3.7443106661599566,0.9700000000000002,0.022925965896764988,0.97,0.0,0.022917651,0.0015
3.6445650594553824,0.21624257541133154,0.0015,165.43736872024635,3.7456509971874263,0.9800000000000001,0.02292596552964598,0.98,0.0,0.022917651,0.0015
3.6454449466451093,0.22297294998977224,0.0015,165.4618002598128,3.747015919825076,0.99,0.022925965162526967,0.99,0.0,0.022917651,0.0015
3.6463263406259205,0.22968461393023093,0.0015,165.487210423599,3.748405579615748,1.0,0.022925964795407955,1.0,0.0,0.022917651,0.0015
3.6471003555255743,0.23579268113723237,0.0015,166.888851951258,3.749532839057859,1.0100000000000002,0.022925965157033636,1.01,0.0,0.022917651,0.0015
3.6478753814046923,0.24193296209236687,0.0015,168.28889632643555,3.7506319291631867,1.0200000000000002,0.02292596551865931,1.02,0.0,0.022917651,0.0015
3.6486513229405264,0.24808052630367836,0.0015,169.68844967436144,3.7517273990056044,1.03,0.022925965880284983,1.03,0.0,0.022917651,0.0015
3.6494281761705487,0.2542280281886905,0.0015,171.0878600060648,3.7528265782591888,1.04,0.022925966241910664,1.04,0.0,0.022917651,0.0015
3.6502059371234066,0.2603754680188971,0.0015,172.48712794452615,3.7539294507656966,1.0500000000000003,0.022925966603536335,1.05,0.0,0.022917651,0.0015
3.65098460185078,0.26652284606421794,0.0015,173.88625410911297,3.755036000460595,1.06,0.022925966965162012,1.06,0.0,0.022917651,0.0015
3.6517641664272156,0.2726701625930092,0.0015,175.28523911560586,3.756146211372386,1.07,0.02292596732678769,1.07,0.0,0.022917651,0.0015
3.65254462694996,0.2788174178720758,0.0015,176.68408357622454,3.7572600676219308,1.08,0.022925967688413366,1.08,0.0,0.022917651,0.0015
3.653325979538795,0.2849646121666815,0.0015,178.08278809965333,3.7583775534217843,1.09,0.02292596805003904,1.09,0.0,0.022917651,0.0015
3.6541082203358775,0.29111174574056076,0.0015,179.4813532910669,3.7594986530755334,1.1000000000000003,0.022925968411664714,1.1,0.0,0.022917651,0.0015
3.6547911939114255,0.29681340070872525,0.0015,179.21637895891013,3.760307750153165,1.1100000000000003,0.022925968225358546,1.11,0.0,0.022917651,0.0015
3.655474725079426,0.3025303834610877,0.0015,178.94993026828587,3.7611037497618307,1.1200000000000003,0.022925968039052377,1.12,0.0,0.022917651,0.0015
3.6561590906483072,0.30825101628411156,0.0015,178.68279404991003,3.761899436520459,1.1300000000000001,0.022925967852746202,1.1300000000000001,0.0,0.022917651,0.0015
3.656844278186357,0.31397524479551503,0.0015,178.414980547236,3.7626948150901938,1.1400000000000003,0.022925967666440034,1.1400000000000001,0.0,0.022917651,0.0015
3.6575302755076033,0.31970301568799603,0.0015,178.14649980123346,3.763489890040039,1.1500000000000001,0.02292596748013386,1.1500000000000001,0.0,0.022917651,0.0015
3.6582170706657724,0.32543427670280367,0.0015,177.87736165536714,3.7642846658491274,1.1600000000000001,0.02292596729382769,1.16,0.0,0.022917651,0.0015
3.6589046519484194,0.3311689766040819,0.0015,177.6075757604291,3.76507914690892,1.1700000000000002,0.022925967107521518,1.17,0.0,0.022917651,0.0015
3.659593007871242,0.33690706515396424,0.0015,177.3371515792299,3.765873337525338,1.1800000000000002,0.022925966921215353,1.18,0.0,0.022917651,0.0015
3.660282127172547,0.3426484930883928,0.0015,177.06609839115345,3.7666672419208376,1.19,0.022925966734909178,1.19,0.0,0.022917651,0.0015
3.660971998807886,0.34839321209363666,0.0015,176.79442529657996,3.7674608642364213,1.2,0.022925966548603006,1.2,0.0,0.022917651,0.0015
3.6615874344948782,0.3537743173489759,0.0015,175.41445939384096,3.7680177126468033,1.2100000000000002,0.022925966545856342,1.21,0.0,0.022917651,0.0015
3.6622027381933338,0.3591547404230119,0.0015,174.0345390149906,3.7685747151992506,1.2200000000000002,0.022925966543109678,1.22,0.0,0.022917651,0.0015
3.6628179118698143,0.36453449147989153,0.0015,172.65466348174652,3.7691318695971248,1.23,0.022925966540363007,1.23,0.0,0.022917651,0.0015
3.663432957452007,0.36991358048283984,0.0015,171.27483212923465,3.769689173589191,1.24,0.022925966537616343,1.24,0.0,0.022917651,0.0015
3.6640478768296783,0.37529201719909844,0.0015,169.89504430565927,3.770246624968493,1.25,0.022925966534869675,1.25,0.0,0.022917651,0.0015
3.664662671855605,0.3806698112047222,0.0015,168.5152993719831,3.7708042215712774,1.26,0.02292596653212301,1.26,0.0,0.022917651,0.0015
3.6652773443464723,0.38604697188923376,0.0015,167.13559670161678,3.7713619612759373,1.27,0.022925966529376347,1.27,0.0,0.022917651,0.0015
3.6658918960837523,0.39142350846014407,0.0015,165.75593568011706,3.7719198420019926,1.2800000000000002,0.02292596652662968,1.28,0.0,0.022917651,0.0015
3.6665063288145476,0.3967994299473401,0.0015,164.37631570489398,3.772477861709097,1.29,0.022925966523883012,1.29,0.0,0.022917651,0.0015
3.667120644252421,0.40217474520734875,0.0015,162.99673618492648,3.773036018396078,1.3,0.022925966521136345,1.3,0.0,0.022917651,0.0015
3.6676817186118256,0.40724470345651426,0.0015,162.9367197943147,3.7734288257676822,1.3100000000000003,0.02292596671018918,1.31,0.0,0.022917651,0.0015
3.6682423773938755,0.4123100549391093,0.0015,162.87685813306646,3.7738245776418697,1.3200000000000003,0.02292596689924202,1.32,0.0,0.022917651,0.0015
3.6688026320057707,0.4173709261064571,0.0015,162.81714695400905,3.7742231931948695,1.33,0.022925967088294853,1.33,0.0,0.022917651,0.0015
3.6693624934410067,0.42242743882388506,0.0015,162.75758216400166,3.7746245945341377,1.3400000000000003,0.022925967277347692,1.34,0.0,0.022917651,0.0015
3.6699219722979626,0.4274797105767555,0.0015,162.69815981701504,3.775028706566666,1.35,0.022925967466400528,1.35,0.0,0.022917651,0.0015
3.6704810787974926,0.4325278546654898,0.0015,162.63887610758144,3.775435456874334,1.3600000000000003,0.022925967655453367,1.36,0.0,0.022917651,0.0015
3.671039822799587,0.4375719803902624,0.0015,162.5797273645908,3.7758447755958517,1.37,0.022925967844506203,1.37,0.0,0.022917651,0.0015
3.6715982138191614,0.44261219322600037,0.0015,162.52071004541355,3.776256595314913,1.3800000000000003,0.022925968033559042,1.3800000000000001,0.0,0.022917651,0.0015
3.672156261041019,0.4476485949882747,0.0015,162.46182073032807,3.776670850954155,1.3900000000000001,0.02292596822261188,1.3900000000000001,0.0,0.022917651,0.0015
3.672713973334046,0.4526812839906338,0.0015,162.40305611723687,3.7770874796746026,1.4000000000000001,0.022925968411664714,1.4000000000000001,0.0,0.022917651,0.0015
3.673235211960611,0.4574635966331248,0.0015,162.32058727681687,3.7773864436193128,1.41,0.022925968411664718,1.41,0.0,0.022917651,0.0015
3.67375550470158,0.46228350902292353,0.0015,162.23576610318196,3.7776440240035685,1.4200000000000002,0.02292596841166472,1.42,0.0,0.022917651,0.0015
3.674274526476948,0.4670847466091067,0.0015,162.15115386684647,3.777915195722068,1.4299999999999997,0.022925968411664714,1.43,0.0,0.022917651,0.0015
3.6747923073565056,0.471865048318509,0.0015,162.06687692040094,3.7782023401416165,1.44,0.022925968411664714,1.44,0.0,0.022917651,0.0015
3.6753088942628023,0.4766252058088099,0.0015,161.98292258537867,3.778504853279318,1.45,0.022925968411664714,1.45,0.0,0.022917651,0.0015
3.675824331782096,0.481365971320778,0.0015,161.89927881457817,3.7788221612247974,1.4600000000000002,0.022925968411664714,1.46,0.0,0.022917651,0.0015
3.676338662307973,0.4860880601013353,0.0015,161.81593415325773,3.7791537182915564,1.47,0.022925968411664714,1.47,0.0,0.022917651,0.0015
3.6768519261745016,0.4907921526500522,0.0015,161.73287770315747,3.7794990053030517,1.4800000000000002,0.022925968411664718,1.48,0.0,0.022917651,0.0015
3.6773641617797956,0.4954788968038992,0.0015,161.65009908911185,3.7798575280021556,1.49,0.022925968411664718,1.49,0.0,0.022917651,0.0015
3.6778754057007896,0.5001489096736853,0.0015,161.56758842803754,3.780228815573791,1.5,0.022925968411664714,1.5,0.0,0.022917651,0.0015
3.678373209126236,0.5049933543186974,0.0015,161.81107943290417,3.780178458145093,1.51,0.022925968414411385,1.51,0.0,0.022917651,0.0015
3.678863883053627,0.5097790100610701,0.0015,162.05423493855815,3.780158371612941,1.5200000000000002,0.022925968417158053,1.52,0.0,0.022917651,0.0015
3.6793500596411786,0.5144355014607307,0.0015,162.30076959579856,3.7802494604660013,1.53,0.022925968419904717,1.53,0.0,0.022917651,0.0015
3.6798320791675554,0.5189729668073285,0.0015,162.5504108798426,3.7804429474852177,1.54,0.022925968422651384,1.54,0.0,0.022917651,0.0015
3.680310983862792,0.5235400806016338,0.0015,162.7968625546437,3.780594321979735,1.55,0.02292596842539805,1.55,0.0,0.022917651,0.0015
3.6807866628379893,0.5280174699545688,0.0015,163.04553125297616,3.7808225171065195,1.56,0.02292596842814472,1.56,0.0,0.022917651,0.0015
3.6812593142838232,0.5324106476036212,0.0015,163.29628075923864,3.7811228129478676,1.5699999999999998,0.022925968430891383,1.57,0.0,0.022917651,0.0015
3.681729120480836,0.5367246837407137,0.0015,163.54898579279828,3.7814908684865123,1.5800000000000003,0.022925968433638054,1.58,0.0,0.022917651,0.0015
3.6821954052016337,0.5410916836828983,0.0015,163.7976659025942,3.7817918787598876,1.59,0.02292596843638472,1.59,0.0,0.022917651,0.0015
3.682658909941928,0.5453988550354759,0.0015,164.04759489092552,3.782141598780791,1.6000000000000003,0.02292596843913139,1.6,0.0,0.022917651,0.0015
3.683126732081137,0.5500497643412439,0.0015,164.49380058451524,3.781994872765979,1.61,0.022925967863732872,1.61,0.0,0.022917651,0.0015
3.6835897983471924,0.5545984385078436,0.0015,164.94203424794333,3.781931357443796,1.6200000000000003,0.022925967288334362,1.62,0.0,0.022917651,0.0015
3.6840484740375152,0.559107457784812,0.0015,165.38974353339248,3.781889933800284,1.6300000000000001,0.02292596671293584,1.6300000000000001,0.0,0.022917651,0.0015
3.6845033939535163,0.5635991300409263,0.0015,165.8361944563249,3.7818508337296084,1.6400000000000003,0.022925966137537328,1.6400000000000001,0.0,0.022917651,0.0015
3.6849548566234067,0.5680124339126192,0.0015,166.28418679031887,3.781876272937001,1.65,0.022925965562138814,1.6500000000000001,0.0,0.022917651,0.0015
3.68540306253891,0.5723519141189789,0.0015,166.73363114626247,3.781962508677335,1.6600000000000004,0.022925964986740294,1.6600000000000001,0.0,0.022917651,0.0015
3.6858481969832515,0.5766217706349656,0.0015,167.18444491574283,3.7821060821150874,1.6700000000000002,0.02292596441134178,1.67,0.0,0.022917651,0.0015
3.6862909701754756,0.580869590496935,0.0015,167.6347549441586,3.7822622475086285,1.6800000000000002,0.022925963835943267,1.68,0.0,0.022917651,0.0015
3.6867322589799785,0.5851396626724327,0.0015,168.0828551399032,3.7823902244178234,1.6900000000000002,0.02292596326054475,1.69,0.0,0.022917651,0.0015
3.6871712964297325,0.5893542025265998,0.0015,168.53202686889006,3.782564729140502,1.7,0.022925962685146236,1.7,0.0,0.022917651,0.0015
3.6876132982941496,0.5937852488531206,0.0015,168.7631669206916,3.782384052551704,1.7100000000000004,0.022925963444104254,1.71,0.0,0.022917651,0.0015
3.6880522210560853,0.5981748869944438,0.0015,168.99454623948142,3.782232467633507,1.7200000000000002,0.02292596420306228,1.72,0.0,0.022917651,0.0015
3.6884882147817732,0.6025251350615513,0.0015,169.22615316410287,3.7821085565449764,1.73,0.02292596496202029,1.73,0.0,0.022917651,0.0015
3.688921419941639,0.6068378821196103,0.0015,169.45797677905875,3.78201099210741,1.7399999999999998,0.022925965720978308,1.74,0.0,0.022917651,0.0015
3.6893519681652114,0.6111148983402891,0.0015,169.69000685584842,3.7819385306717352,1.7500000000000002,0.022925966479936326,1.75,0.0,0.022917651,0.0015
3.6897801900112452,0.6154299219207977,0.0015,169.91919284104068,3.7818187563834624,1.76,0.022925967238894347,1.76,0.0,0.022917651,0.0015
3.6902062213070876,0.6197280671148365,0.0015,170.14795305737977,3.7817070978452723,1.77,0.022925967997852365,1.77,0.0,0.022917651,0.0015
3.6906301307223512,0.6239968291752442,0.0015,170.37686621751646,3.781616334449096,1.78,0.022925968756810383,1.78,0.0,0.022917651,0.0015
3.6910520045092308,0.6282374024952856,0.0015,170.6059261044474,3.781545616829538,1.79,0.022925969515768405,1.79,0.0,0.022917651,0.0015
3.691471924307674,0.6324509175992002,0.0015,170.83512683361744,3.781494141040197,1.8000000000000003,0.02292597027472642,1.8,0.0,0.022917651,0.0015
3.691899186210498,0.6369063753829791,0.0015,170.5178563527169,3.7810958395708267,1.8100000000000003,0.022925969896620747,1.81,0.0,0.022917651,0.0015
3.692321535098956,0.6412825902796888,0.0015,170.20142459688344,3.7807571287585593,1.8200000000000003,0.022925969518515076,1.82,0.0,0.022917651,0.0015
3.6927392828789425,0.6455845930752716,0.0015,169.88577831911363,3.780474225451984,1.83,0.022925969140409397,1.83,0.0,0.022917651,0.0015
3.6931530020834797,0.6498851185090069,0.0015,169.5680706367679,3.780176684880881,1.84,0.022925968762303725,1.84,0.0,0.022917651,0.0015
3.6935635529326207,0.6541890585583682,0.0015,169.24837476093595,3.7798630560611692,1.85,0.022925968384198046,1.85,0.0,0.022917651,0.0015
3.693971043644409,0.6584358922776429,0.0015,168.9293233598912,3.7795942930091764,1.86,0.022925968006092375,1.86,0.0,0.022917651,0.0015
3.694375634694325,0.6626286143578368,0.0015,168.6108826369802,3.7793680429364986,1.8699999999999999,0.022925967627986703,1.87,0.0,0.022917651,0.0015
3.6947774755300418,0.6667700136960302,0.0015,168.2930211180415,3.7791821147373814,1.8800000000000001,0.022925967249881028,1.8800000000000001,0.0,0.022917651,0.0015
3.6951767055027074,0.6708626907743979,0.0015,167.97570945527437,3.7790344653348296,1.8900000000000001,0.022925966871775352,1.8900000000000001,0.0,0.022917651,0.0015
3.695573454705421,0.6749090733073226,0.0015,167.65892025065295,3.778923187387408,1.9000000000000001,0.022925966493669677,1.9000000000000001,0.0,0.022917651,0.0015
3.6959921715019166,0.679315520447365,0.0015,167.26237553729135,3.7784192462896957,1.9100000000000001,0.022925965737458316,1.9100000000000001,0.0,0.022917651,0.0015
3.6964074104031472,0.6837654482765733,0.0015,166.86144722940875,3.7778579131918097,1.9200000000000004,0.022925964981246966,1.92,0.0,0.022917651,0.0015
3.69681813568273,0.6881623236683284,0.0015,166.46016089065438,3.777331578192598,1.9299999999999997,0.0229259642250356,1.93,0.0,0.022917651,0.0015
3.6972242380156985,0.6924839598088408,0.0015,166.05952880229083,3.7768619907861716,1.94,0.022925963468824244,1.94,0.0,0.022917651,0.0015
3.6976259980397232,0.6967349241245152,0.0015,165.65951124780767,3.7764457060890506,1.95,0.02292596271261288,1.95,0.0,0.022917651,0.0015
3.6980236741280526,0.7009194216843708,0.0015,165.260071661609,3.776079552518046,1.9600000000000002,0.022925961956401526,1.96,0.0,0.022917651,0.0015
3.6984175045545036,0.7050413304357727,0.0015,164.86117632261798,3.775760605214467,1.97,0.022925961200190165,1.97,0.0,0.022917651,0.0015
3.6988077094106546,0.7091042324070025,0.0015,164.4627940829515,3.775486162510249,1.9800000000000002,0.022925960443978807,1.98,0.0,0.022917651,0.0015
3.699194492307693,0.7131114414051697,0.0015,164.0648961270702,3.775253725037398,1.9900000000000002,0.022925959687767446,1.99,0.0,0.022917651,0.0015
3.6995788250108226,0.7171829429663377,0.0015,163.6628906195668,3.774947192690831,2.0,0.022925958931556085,2.0,0.0,0.022917651,0.0015
3.7000714764220652,0.7228680413583904,0.0015,163.0795906392624,3.7733516229343347,2.0100000000000007,0.022925958931556085,2.0100000000000002,0.0,0.022917651,0.0015
3.700531081186303,0.7277672536970407,0.0015,162.51171393385707,3.7724097564475336,2.0200000000000005,0.022925958931556092,2.02,0.0,0.022917651,0.0015
3.700968153896142,0.7324389872185698,0.0015,161.9413537334457,3.771605247489692,2.0300000000000002,0.022925958931556085,2.0300000000000002,0.0,0.022917651,0.0015
3.7013854686477807,0.7366975223650111,0.0015,161.3777358594861,3.771134904716289,2.04,0.02292595893155609,2.04,0.0,0.022917651,0.0015
3.7017844923621372,0.7404772763600325,0.0015,160.82441113972635,3.7710701770071604,2.05,0.022925958931556085,2.05,0.0,0.022917651,0.0015
3.702178254196217,0.7442931427327062,0.0015,160.26488823468998,3.770948286498359,2.06,0.02292595893155609,2.06,0.0,0.022917651,0.0015
3.702561791704378,0.7478538231163114,0.0015,159.71003057115792,3.771040684778324,2.07,0.022925958931556085,2.07,0.0,0.022917651,0.0015
3.7029342027633905,0.751096885897183,0.0015,159.16239531591836,3.771406195381896,2.0800000000000005,0.02292595893155609,2.08,0.0,0.022917651,0.0015
3.703300869956141,0.7542230647163182,0.0015,158.6155404768653,3.771865616101278,2.0900000000000003,0.02292595893155609,2.09,0.0,0.022917651,0.0015
3.703666508045945,0.7573599652837745,0.0015,158.0657635137054,3.772310200546925,2.1,0.022925958931556085,2.1,0.0,0.022917651,0.0015
3.704015605126839,0.7617606304539838,0.0015,158.72610313063598,3.77132626127418,2.1100000000000003,0.022925959304168436,2.11,0.0,0.022917651,0.0015
3.7043686262040914,0.7661361530161697,0.0015,159.39009185713397,3.770383160534078,2.1200000000000006,0.022925959676780787,2.12,0.0,0.022917651,0.0015
3.7047260533807935,0.7705021614949925,0.0015,160.0572591726796,3.769467198321264,2.13,0.022925960049393127,2.13,0.0,0.022917651,0.0015
3.7050929893865314,0.7750573295871311,0.0015,160.72107291997725,3.768400113228575,2.14,0.02292596042200548,2.14,0.0,0.022917651,0.0015
3.7054641400467005,0.7795990880979351,0.0015,161.38829008226082,3.767363296420307,2.15,0.022925960794617825,2.15,0.0,0.022917651,0.0015
3.7058395487405065,0.7841272990096869,0.0015,162.05894568907814,3.766357059431879,2.16,0.022925961167230176,2.16,0.0,0.022917651,0.0015
3.706219259444509,0.7886418224040902,0.0015,162.73307525235248,3.765381718088719,2.17,0.02292596153984252,2.17,0.0,0.022917651,0.0015
3.706603316742943,0.7931425164294436,0.0015,163.41071477471502,3.7644375925803666,2.1800000000000006,0.02292596191245487,2.18,0.0,0.022917651,0.0015
3.7069917658382465,0.797629237267127,0.0015,164.0919007580094,3.7635250075361117,2.1900000000000004,0.022925962285067217,2.19,0.0,0.022917651,0.0015
3.7073846525618155,0.8021018390973947,0.0015,164.77667021197513,3.7626442921022156,2.2000000000000006,0.02292596265767956,2.2,0.0,0.022917651,0.0015
3.7079351786129617,0.8089890802940052,0.0015,164.09443673876606,3.759889668532877,2.21,0.022925962657679565,2.21,0.0,0.022917651,0.0015
3.7084276723467906,0.8146655369328375,0.0015,163.42775229826725,3.758113700808812,2.22,0.022925962657679565,2.22,0.0,0.022917651,0.0015
3.7088922347809583,0.8200296309883899,0.0015,162.75351738495826,3.7565383742454284,2.23,0.022925962657679568,2.23,0.0,0.022917651,0.0015
3.709321980859482,0.8246354383040286,0.0015,162.08933954992168,3.755582068605677,2.2400000000000007,0.022925962657679565,2.24,0.0,0.022917651,0.0015
3.7097189452997705,0.8284828336231471,0.0015,161.43711354171722,3.755253047465717,2.25,0.02292596265767956,2.25,0.0,0.022917651,0.0015
3.7101061464922247,0.8324042049791973,0.0015,160.77564451032686,3.754810995261634,2.2600000000000002,0.022925962657679565,2.2600000000000002,0.0,0.022917651,0.0015
3.7104752949008364,0.8359079555680307,0.0015,160.12050107771873,3.754714352393823,2.2700000000000005,0.022925962657679565,2.27,0.0,0.022917651,0.0015
3.71082659974612,0.8389585500364453,0.0015,159.47334668568226,3.754999491325918,2.2800000000000002,0.02292596265767956,2.2800000000000002,0.0,0.022917651,0.0015
3.711165572951283,0.8417529932075912,0.0015,158.82925179769225,3.7554914557662644,2.29,0.022925962657679565,2.29,0.0,0.022917651,0.0015
3.711505264033573,0.8447819553129635,0.0015,158.17544819131672,3.7557517770125903,2.3000000000000003,0.02292596265767956,2.3000000000000003,0.0,0.022917651,0.0015
3.7118645814254587,0.8492302547892152,0.0015,157.8664780340327,3.7545890857034316,2.31,0.022925963044025242,2.31,0.0,0.022917651,0.0015
3.712227753004977,0.8536613311962783,0.0015,157.5614054348375,3.753459034779782,2.32,0.022925963430370924,2.32,0.0,0.022917651,0.0015
3.7125970049869976,0.8581580102322499,0.0015,157.25805308270853,3.7522877036718154,2.33,0.022925963816716598,2.33,0.0,0.022917651,0.0015
3.7129772595632646,0.8628988086521456,0.0015,156.95171207914817,3.75091626446182,2.3400000000000003,0.022925964203062275,2.34,0.0,0.022917651,0.0015
3.7133622464114073,0.8676354705920215,0.0015,156.64915825737174,3.749567890649625,2.35,0.022925964589407953,2.35,0.0,0.022917651,0.0015
3.713752031762372,0.8723679381593903,0.0015,156.35044462123074,3.748242905049129,2.36,0.02292596497575363,2.36,0.0,0.022917651,0.0015
3.714146683088821,0.8770961523763823,0.0015,156.05562516830602,3.746941636526426,2.37,0.02292596536209931,2.37,0.0,0.022917651,0.0015
3.7145462691343663,0.8818200531541883,0.0015,155.76475491330626,3.7456644201423113,2.3800000000000003,0.022925965748444993,2.38,0.0,0.022917651,0.0015
3.7149508599436403,0.8865395792667788,0.0015,155.4778899121301,3.74441159729883,2.39,0.022925966134790667,2.39,0.0,0.022917651,0.0015
3.715360526893217,0.8912546683238719,0.0015,155.19508728661478,3.7431835158900024,2.4,0.022925966521136345,2.4,0.0,0.022917651,0.0015
3.715958779513403,0.8987559904894766,0.0015,154.867331417779,3.7398480846273903,2.41,0.022925966521136345,2.41,0.0,0.022917651,0.0015
3.716515129268071,0.9055015217793209,0.0015,154.541936575988,3.7371008326289727,2.4200000000000004,0.02292596652113635,2.42,0.0,0.022917651,0.0015
3.7170356652098806,0.911742811733495,0.0015,154.21113353005458,3.7347145651081313,2.43,0.02292596652113634,2.43,0.0,0.022917651,0.0015
3.7175242324119684,0.9175923429649315,0.0015,153.87229166279863,3.732592179043766,2.44,0.022925966521136345,2.44,0.0,0.022917651,0.0015
3.71796600311055,0.9225163967349004,0.0015,153.54013158285468,3.7312080847294866,2.4499999999999997,0.022925966521136345,2.45,0.0,0.022917651,0.0015
3.7183652551173707,0.9266355678868118,0.0015,153.212451049503,3.7304587984207327,2.46,0.022925966521136345,2.46,0.0,0.022917651,0.0015
3.718750891927451,0.9307019654048763,0.0015,152.87679218799747,3.7297078233761565,2.4700000000000006,0.022925966521136345,2.47,0.0,0.022917651,0.0015
3.719105115366246,0.9340613460659081,0.0015,152.54882151739108,3.7295382106034203,2.48,0.02292596652113635,2.48,0.0,0.022917651,0.0015
3.719430518894671,0.9367720805734927,0.0015,152.227904307256,3.729901963333414,2.49,0.02292596652113635,2.49,0.0,0.022917651,0.0015
3.719743640150732,0.9393039970949031,0.0015,151.90619744177232,3.7303954071194463,2.5,0.022925966521136345,2.5,0.0,0.022917651,0.0015
3.7201215068912994,0.9441932979018752,0.0015,152.33437902334495,3.7287209066381086,2.5100000000000002,0.02292596671018918,2.5100000000000002,0.0,0.022917651,0.0015
3.7205180782156444,0.9495024751736805,0.0015,152.7590444716261,3.7267013505403503,2.5200000000000005,0.02292596689924202,2.52,0.0,0.022917651,0.0015
3.7209199934017563,0.954836427289374,0.0015,153.18716311735324,3.72467839459378,2.5300000000000002,0.022925967088294853,2.5300000000000002,0.0,0.022917651,0.0015
3.721327117861022,0.9601881377744409,0.0015,153.61894454534198,3.722658516862874,2.5399999999999996,0.022925967277347692,2.54,0.0,0.022917651,0.0015
3.721739570320431,0.9655580113682178,0.0015,154.05447223578315,3.720641787504689,2.5500000000000007,0.022925967466400528,2.5500000000000003,0.0,0.022917651,0.0015
3.7221574731425444,0.9709464652036698,0.0015,154.4938322251361,3.7186282788245846,2.56,0.022925967655453367,2.56,0.0,0.022917651,0.0015
3.722580952465726,0.9763539292854365,0.0015,154.937113204729,3.7166180653590755,2.57,0.022925967844506203,2.57,0.0,0.022917651,0.0015
3.723010138350909,0.981780846990176,0.0015,155.38440662395814,3.714611223962572,2.5800000000000005,0.022925968033559042,2.58,0.0,0.022917651,0.0015
3.7234451649352724,0.9872276755904293,0.0015,155.83580679833858,3.7126078338981783,2.59,0.02292596822261188,2.59,0.0,0.022917651,0.0015
3.7238861705931936,0.992694886803312,0.0015,156.2914110226751,3.710607976932806,2.6,0.022925968411664714,2.6,0.0,0.022917651,0.0015
3.724506682858415,1.0005497565642167,0.0015,155.292251378329,3.706874199806347,2.61,0.02292596841166472,2.61,0.0,0.022917651,0.0015
3.725110075677408,1.0081301049473441,0.0015,154.2915597560301,3.7033464663222193,2.6200000000000006,0.02292596841166472,2.62,0.0,0.022917651,0.0015
3.7256934536558353,1.0153895024343715,0.0015,153.28907705392277,3.700059624429767,2.63,0.022925968411664714,2.63,0.0,0.022917651,0.0015
3.726253229463824,1.0222704238737155,0.0015,152.28448225050874,3.6970568499714482,2.6400000000000006,0.022925968411664714,2.64,0.0,0.022917651,0.0015
3.7267849040056,1.0287007233586225,0.0015,151.27737273255852,3.694392292483911,2.65,0.022925968411664714,2.65,0.0,0.022917651,0.0015
3.727298855703009,1.0350302904090023,0.0015,150.26193249911177,3.691757574092066,2.66,0.022925968411664714,2.66,0.0,0.022917651,0.0015
3.7277813921016985,1.0408976094483495,0.0015,149.24242166428022,3.6894594423124487,2.67,0.022925968411664714,2.67,0.0,0.022917651,0.0015
3.7282180932200224,1.0459676335309742,0.0015,148.22146875629423,3.6877752654063203,2.68,0.022925968411664718,2.68,0.0,0.022917651,0.0015
3.7286001118094254,1.050086466649339,0.0015,147.19879542233198,3.6868235505874036,2.69,0.022925968411664718,2.69,0.0,0.022917651,0.0015
3.72895800476157,1.053848393587051,0.0015,146.17047660891163,3.686132238324157,2.7,0.022925968411664714,2.7,0.0,0.022917651,0.0015
3.7294324728550454,1.0602084165847578,0.0015,146.124448946314,3.6832495139726773,2.71,0.022925967652706707,2.71,0.0,0.022917651,0.0015
3.7299233719570424,1.0667956152487965,0.0015,146.08133800871445,3.680205337538755,2.72,0.022925966893748696,2.72,0.0,0.022917651,0.0015
3.730439118051243,1.0737700196356192,0.0015,146.0407074759533,3.6768733430848317,2.73,0.022925966134790678,2.73,0.0,0.022917651,0.0015
3.7309634280971733,1.0808188513579102,0.0015,146.00411350690294,3.6735011776622497,2.74,0.022925965375832663,2.74,0.0,0.022917651,0.0015
3.7314966789843047,1.0879453858754105,0.0015,145.97173374599808,3.6700870733937925,2.75,0.022925964616874656,2.75,0.0,0.022917651,0.0015
3.7320392700466463,1.0951530937081762,0.0015,145.94375641676191,3.6666291571215472,2.7600000000000002,0.02292596385791664,2.7600000000000002,0.0,0.022917651,0.0015
3.7325916247587676,1.1024456551763215,0.0015,145.9203811212161,3.663125442451361,2.77,0.022925963098958627,2.77,0.0,0.022917651,0.0015
3.7331715560474548,1.110141609266166,0.0015,145.90153980986116,3.6593286403579617,2.7800000000000002,0.022925962340000616,2.7800000000000002,0.0,0.022917651,0.0015
3.7337746691658906,1.1181467314069642,0.0015,145.88764982875412,3.6553153965967726,2.79,0.022925961581042605,2.79,0.0,0.022917651,0.0015
3.7343907597561565,1.126268099853981,0.0015,145.879168893318,3.6512378165073307,2.8000000000000007,0.022925960822084594,2.8000000000000003,0.0,0.022917651,0.0015
3.7351154680851524,1.1357067247878796,0.0015,145.77801877121357,3.646222021350754,2.8100000000000005,0.022925960822084594,2.81,0.0,0.022917651,0.0015
3.7358439762610725,1.1451949739482767,0.0015,145.67757116697544,3.6411718015198002,2.8200000000000003,0.022925960822084594,2.82,0.0,0.022917651,0.0015
3.7365768104463895,1.1547397187714092,0.0015,145.5779233578221,3.636082390250899,2.8299999999999996,0.022925960822084587,2.83,0.0,0.022917651,0.0015
3.737314598647534,1.1643491607279517,0.0015,145.4791914499398,3.630948098126258,2.84,0.02292596082208459,2.84,0.0,0.022917651,0.0015
3.7380580966090244,1.174033169488484,0.0015,145.38151516580686,3.625762078486089,2.85,0.022925960822084594,2.85,0.0,0.022917651,0.0015
3.7388082220312966,1.1838037297921495,0.0015,145.28506417040285,3.620516017432693,2.86,0.02292596082208459,2.86,0.0,0.022917651,0.0015
3.7395661004104586,1.1936755400925858,0.0015,145.19004654609026,3.615199718545572,2.8700000000000006,0.022925960822084587,2.87,0.0,0.022917651,0.0015
3.740335699162355,1.2037121867899692,0.0015,145.09780675654463,3.609765464546678,2.8800000000000003,0.02292596082208459,2.88,0.0,0.022917651,0.0015
3.7411191014513996,1.2139465328641805,0.0015,145.0097310128385,3.604188724500411,2.89,0.022925960822084594,2.89,0.0,0.022917651,0.0015
3.7419141018175552,1.224333400405011,0.0015,144.92499374589494,3.5985058551525992,2.9000000000000004,0.022925960822084594,2.9,0.0,0.022917651,0.0015
3.742765913281712,1.2360114083234925,0.0015,144.72163755816652,3.5917074143707794,2.9100000000000006,0.022925960301619402,2.91,0.0,0.022917651,0.0015
3.743630436154522,1.247816484868,0.0015,144.5304312193791,3.584832751054779,2.9200000000000004,0.022925959781154213,2.92,0.0,0.022917651,0.0015
3.744532486769625,1.260097529328411,0.0015,144.36765044491892,3.5776322291646796,2.9299999999999997,0.022925959260689015,2.93,0.0,0.022917651,0.0015
3.745456389042609,1.2725967984135127,0.0015,144.22199185799485,3.5703008921137296,2.9400000000000004,0.02292595874022383,2.94,0.0,0.022917651,0.0015
3.7464153487662832,1.285434026651303,0.0015,144.10082226434812,3.5627718300566618,2.95,0.022925958219758638,2.95,0.0,0.022917651,0.0015
3.7474229282542955,1.298743470667471,0.0015,144.01291916443287,3.5549650344647454,2.9600000000000004,0.022925957699293446,2.96,0.0,0.022917651,0.0015
3.748451666779554,1.312247637649732,0.0015,143.94520107175614,3.5470481518937733,2.9700000000000006,0.022925957178828255,2.97,0.0,0.022917651,0.0015
3.7495162464187772,1.3261759602099308,0.0015,143.9204653786538,3.5388504711831628,2.98,0.022925956658363066,2.98,0.0,0.022917651,0.0015
3.750598994052399,1.3402553043285488,0.0015,143.91540171716645,3.5305744388928226,2.99,0.022925956137897878,2.99,0.0,0.022917651,0.0015
3.751745318240817,1.3547155721815778,0.0015,143.95527277290697,3.5221717996381936,3.0,0.022925955617432686,3.0,0.0,0.022917651,0.0015
3.7529206664446386,1.368979961019282,0.0015,144.38932747819806,3.514032850627338,3.0100000000000002,0.022925951458737125,3.0100000000000002,0.0,0.022917651,0.0015
3.754115643897293,1.3833243494411718,0.0015,144.8621964385789,3.505892414100566,3.0200000000000005,0.022925947300041567,3.02,0.0,0.022917651,0.0015
3.755331465698302,1.3977173825896843,0.0015,145.35993066043727,3.497786709041895,3.03,0.022925943141346,3.0300000000000002,0.0,0.022917651,0.0015
3.7565790035283673,1.412157924510329,0.0015,145.88826160190092,3.489760359071616,3.04,0.022925938982650444,3.04,0.0,0.022917651,0.0015
3.75786402920289,1.4266322058150445,0.0015,146.45150726140614,3.48185022344744,3.0500000000000007,0.022925934823954885,3.0500000000000003,0.0,0.022917651,0.0015
3.759171069694163,1.4411278005780392,0.0015,147.03807207891302,3.4740068362829266,3.06,0.022925930665259324,3.06,0.0,0.022917651,0.0015
3.760505093718894,1.4555852579666313,0.0015,147.67047685747355,3.4663095152229957,3.0700000000000007,0.022925926506563762,3.0700000000000003,0.0,0.022917651,0.0015
3.761861212145712,1.4700614221398285,0.0015,148.32704273940718,3.45868186512073,3.0800000000000005,0.0229259223478682,3.08,0.0,0.022917651,0.0015
3.7632596014691106,1.484537957831702,0.0015,149.02673156351133,3.4512229343941345,3.09,0.02292591818917264,3.09,0.0,0.022917651,0.0015
3.7646878385528555,1.4990310491387495,0.0015,149.75864858032494,3.4438668406500548,3.1,0.02292591403047708,3.1,0.0,0.022917651,0.0015
3.766093545721899,1.512710317784012,0.0015,150.38762060213125,3.4371892338388066,3.1100000000000003,0.022925906074710487,3.11,0.0,0.022917651,0.0015
3.7675364761320846,1.5264650398448614,0.0015,151.05703811168192,3.4305850648109386,3.1200000000000006,0.022925898118943886,3.12,0.0,0.022917651,0.0015
3.7690469455809326,1.5403161102038512,0.0015,151.79687515281495,3.424154692737008,3.13,0.022925890163177278,3.13,0.0,0.022917651,0.0015
3.7706064528648673,1.5542693618590242,0.0015,152.5882947801019,3.417818293196169,3.14,0.022925882207410684,3.14,0.0,0.022917651,0.0015
3.7722220430016034,1.5683329098071501,0.0015,153.43601677893793,3.4115959350774516,3.15,0.022925874251644086,3.15,0.0,0.022917651,0.0015
3.7739096321655583,1.582538431360179,0.0015,154.37055705087715,3.4055195984017406,3.16,0.022925866295877485,3.16,0.0,0.022917651,0.0015
3.7756895307901015,1.596887490642631,0.0015,155.37907302101533,3.3996689608467854,3.1699999999999995,0.022925858340110888,3.17,0.0,0.022917651,0.0015
3.777555122044163,1.611394423744386,0.0015,156.47030071090327,3.3940032225322345,3.1800000000000006,0.02292585038434429,3.18,0.0,0.022917651,0.0015
3.779510973563999,1.6260783345343797,0.0015,157.65519460584844,3.3885215402982047,3.1900000000000004,0.02292584242857769,3.19,0.0,0.022917651,0.0015
3.7816504681000103,1.6409833075076967,0.0015,158.96254848940848,3.383553385866102,3.2000000000000006,0.02292583447281109,3.2,0.0,0.022917651,0.0015
3.7838434003797334,1.6552226157872134,0.0015,159.1456630772158,3.379422203827437,3.2100000000000004,0.022925821810413218,3.21,0.0,0.022917651,0.0015
3.7861541735725392,1.6696047075821312,0.0015,159.2078544554189,3.3756195953662567,3.2200000000000006,0.02292580914801534,3.22,0.0,0.022917651,0.0015
3.788606363067032,1.6841442879901016,0.0015,159.1452321601379,3.3722251585445115,3.23,0.022925796485617468,3.23,0.0,0.022917651,0.0015
3.7913092832213904,1.6988820493386807,0.0015,158.94932594578336,3.3696354826879307,3.24,0.022925783823219595,3.24,0.0,0.022917651,0.0015
3.7942349088849108,1.713792945649998,0.0015,158.66194120807046,3.367763496509574,3.2500000000000004,0.02292577116082172,3.25,0.0,0.022917651,0.0015
3.7974581954686264,1.728913289070392,0.0015,158.30934878802293,3.366872698346342,3.2600000000000002,0.02292575849842385,3.2600000000000002,0.0,0.022917651,0.0015
3.801022678570486,1.7442529814673577,0.0015,157.94622853402393,3.3671273304675764,3.27,0.02292574583602598,3.27,0.0,0.022917651,0.0015
3.804928215751887,1.759825942307228,0.0015,157.58944761372953,3.3685129091100374,3.2800000000000002,0.0229257331736281,3.2800000000000002,0.0,0.022917651,0.0015
3.809299553126081,1.7757013401437909,0.0015,157.2402081999384,3.371459255708057,3.29,0.022925720511230232,3.29,0.0,0.022917651,0.0015
3.814007199023024,1.7918447152738768,0.0015,156.8866988962892,3.3754828616929107,3.3000000000000007,0.022925707848832355,3.3000000000000003,0.0,0.022917651,0.0015
3.8190299330601736,1.8076009420459518,0.0015,157.05947767613844,3.381114070054098,3.31,0.022925691331677343,3.31,0.0,0.022917651,0.0015
3.82423388672986,1.8235549892661422,0.0015,157.24042255394957,3.3872723364808683,3.32,0.022925674814522328,3.3200000000000003,0.0,0.022917651,0.0015
3.829694402871198,1.8397732938421507,0.0015,157.4356685073741,3.3941925918769122,3.33,0.022925658297367316,3.33,0.0,0.022917651,0.0015
3.8353169134069707,1.8562054050109162,0.0015,157.64427488121885,3.401547016009106,3.34,0.022925641780212305,3.34,0.0,0.022917651,0.0015
3.84113569563896,1.8728999684420087,0.0015,157.869458963764,3.4094240713517716,3.3500000000000005,0.022925625263057293,3.35,0.0,0.022917651,0.0015
3.8471114462317932,1.8898209904381091,0.0015,158.1095476360703,3.4177025479744017,3.36,0.022925608745902278,3.36,0.0,0.022917651,0.0015
3.8532601209322235,1.9069906759853446,0.0015,158.3665099239842,3.4264240705734617,3.3700000000000006,0.022925592228747266,3.37,0.0,0.022917651,0.0015
3.859570068108806,1.9243959695495125,0.0015,158.64041058680664,3.4355550724373916,3.3800000000000003,0.022925575711592254,3.38,0.0,0.022917651,0.0015
3.8660390996523954,1.9420358174604757,0.0015,158.9314259419159,3.4450878538557332,3.39,0.022925559194437246,3.39,0.0,0.022917651,0.0015
3.872682549279382,1.959916292893847,0.0015,159.24136800534856,3.455077680177298,3.4,0.02292554267728223,3.4,0.0,0.022917651,0.0015
3.877113265254955,1.9730620865077015,0.0015,159.47981592964203,3.460915840454565,3.41,0.022924948215200847,3.41,0.0,0.022917651,0.0015
3.8816498186497808,1.9863768623482687,0.0015,159.73213184224804,3.467008353794866,3.4200000000000004,0.02292435375311947,3.42,0.0,0.022917651,0.0015
3.8863271459883024,1.999870260055219,0.0015,160.00191212026476,3.4734853598693927,3.4299999999999997,0.022923759291038084,3.43,0.0,0.022917651,0.0015
3.8911114137865437,2.0135275412544438,0.0015,160.28575249136668,3.4802262515031015,3.44,0.022923164828956705,3.44,0.0,0.022917651,0.0015
3.8960091363148366,2.027356712375061,0.0015,160.58413752576132,3.4872490671263923,3.4500000000000006,0.022922570366875325,3.45,0.0,0.022917651,0.0015
3.901045917546177,2.041361843948037,0.0015,160.9002351210302,3.494652164447747,3.4600000000000004,0.022921975904793942,3.46,0.0,0.022917651,0.0015
3.9062103703853457,2.055533727311342,0.0015,161.23283290987376,3.502399194899324,3.47,0.02292138144271256,3.47,0.0,0.022917651,0.0015
3.9114959864884176,2.0698720863326545,0.0015,161.58134642809634,3.5104643927557664,3.4800000000000004,0.02292078698063118,3.48,0.0,0.022917651,0.0015
3.9169086523109873,2.084376190127343,0.0015,161.9463487333887,3.518872027837014,3.49,0.0229201925185498,3.49,0.0,0.022917651,0.0015
3.9224685283432685,2.099036893672898,0.0015,162.33060935308205,3.5277119285544734,3.5000000000000004,0.022919598056468416,3.5,0.0,0.022917651,0.0015
3.9295595194807964,2.1163080478080736,0.0015,162.70288115092924,3.540028186526205,3.5100000000000002,0.022919524550948353,3.5100000000000002,0.0,0.022917651,0.0015
3.9368081173909255,2.1336843559298044,0.0015,163.0970049057112,3.552869712743999,3.520000000000001,0.02291945104542829,3.52,0.0,0.022917651,0.0015
3.9442143872488913,2.1511554677067966,0.0015,163.51353871538524,3.5662471304277474,3.5300000000000002,0.02291937753990822,3.5300000000000002,0.0,0.022917651,0.0015
3.951782619698062,2.168697636055102,0.0015,163.95393992002388,3.5802013489186924,3.54,0.02291930403438816,3.54,0.0,0.022917651,0.0015
3.9595126553262046,2.186282221797405,0.0015,164.41900584843876,3.594760340229517,3.5500000000000007,0.022919230528868094,3.5500000000000003,0.0,0.022917651,0.0015
3.967404240444995,2.203885823063462,0.0015,164.9094020767011,3.60994652653876,3.56,0.022919157023348027,3.56,0.0,0.022917651,0.0015
3.975459011310663,2.2214814789466635,0.0015,165.42603362213234,3.6257933947143344,3.5700000000000007,0.022919083517827964,3.5700000000000003,0.0,0.022917651,0.0015
3.983680242980998,2.239010793537275,0.0015,165.9707523586887,3.6423724564411635,3.58,0.022919010012307905,3.58,0.0,0.022917651,0.0015
3.9920542575143196,2.256470907108501,0.0015,166.54253821845762,3.6596318413098743,3.59,0.022918936506787835,3.59,0.0,0.022917651,0.0015
4.000583486714947,2.273797650392575,0.0015,167.14319884313085,3.677645474259717,3.6000000000000005,0.022918863001267775,3.6,0.0,0.022917651,0.0015
4.008556047058765,2.2897311366216737,0.0015,167.85454688291935,3.6947921522088345,3.6100000000000003,0.02291882320387112,3.61,0.0,0.022917651,0.0015
4.016636874554984,2.30549009818455,0.0015,168.5897262794258,3.7125464252234295,3.6200000000000006,0.022918783406474463,3.62,0.0,0.022917651,0.0015
4.024816599427198,2.3209849188789806,0.0015,169.35007004601866,3.730960430698357,3.6300000000000003,0.0229187436090778,3.63,0.0,0.022917651,0.0015
4.033082287490856,2.3361528735587482,0.0015,170.13958123814547,3.7500451443521077,3.6399999999999997,0.02291870381168114,3.64,0.0,0.022917651,0.0015
4.041417327994265,2.3509724940444894,0.0015,170.960744926319,3.7697556136087096,3.65,0.022918664014284485,3.65,0.0,0.022917651,0.0015
4.0497970019345475,2.365349368272153,0.0015,171.8169489047943,3.7900873484377513,3.66,0.022918624216887826,3.66,0.0,0.022917651,0.0015
4.058192585768498,2.3791658099194883,0.0015,172.83163818558887,3.811043156461005,3.6699999999999995,0.02291858441949117,3.67,0.0,0.022917651,0.0015
4.066578015567217,2.392349861541963,0.0015,174.05430014205024,3.832590746600391,3.68,0.022918544622094514,3.68,0.0,0.022917651,0.0015
4.074917019591469,2.4047828309305306,0.0015,175.52211176651355,3.8547037103464294,3.6900000000000004,0.022918504824697854,3.69,0.0,0.022917651,0.0015
4.0831589585322146,2.4163072312635796,0.0015,177.43165997089937,3.877336996389264,3.7,0.022918465027301195,3.7,0.0,0.022917651,0.0015
4.090628168165117,2.426186614242616,0.0015,180.2594411862802,3.898492658248648,3.71,0.02291844428880417,3.71,0.0,0.022917651,0.0015
4.097913268649005,2.4349996102589158,0.0015,184.58041317572057,3.9199782341700193,3.7200000000000006,0.022918423550307133,3.72,0.0,0.022917651,0.0015
4.10492542818735,2.4424681859364514,0.0015,193.7511898661101,3.941716494567363,3.7300000000000004,0.022918402811810103,3.73,0.0,0.022917651,0.0015
4.111438688902362,2.447844949091277,0.0015,205.07056853484232,3.963550957824311,3.74,0.022918382073313072,3.74,0.0,0.022917651,0.0015
4.1172475996679045,2.4504633208021684,0.0015,215.74063763098002,3.985326418286699,3.7499999999999996,0.02291836133481604,3.75,0.0,0.022917651,0.0015
4.1221703475074944,2.4497382891759463,0.0015,225.35609751380045,4.006900617726589,3.7600000000000002,0.02291834059631901,3.7600000000000002,0.0,0.022917651,0.0015
4.12600479982321,2.4450914759938107,0.0015,233.70203639089425,4.028043420037902,3.77,0.02291831985782198,3.77,0.0,0.022917651,0.0015
4.128519357688914,2.4359167998333584,0.0015,240.58950991682755,4.04843451190033,3.7800000000000007,0.022918299119324945,3.7800000000000002,0.0,0.022917651,0.0015
4.1297825665737795,2.4226658098375426,0.0015,245.72077339264195,4.067896541103554,3.7900000000000005,0.022918278380827918,3.79,0.0,0.022917651,0.0015
4.129878377831281,2.4059536979854785,0.0015,249.23636851026714,4.086150085213258,3.8000000000000003,0.022918257642330884,3.8000000000000003,0.0,0.022917651,0.0015
4.129182972050117,2.3888269650548493,0.0015,251.42949334888462,4.101623287237581,3.8100000000000005,0.022918246687592594,3.81,0.0,0.022917651,0.0015
4.127976080730107,2.3708428449154986,0.0015,253.0008739656976,4.115907934674487,3.8200000000000003,0.022918235732854307,3.8200000000000003,0.0,0.022917651,0.0015
4.126460389710334,2.353356731212908,0.0015,254.11247700667386,4.1284594048550565,3.8299999999999996,0.022918224778116017,3.83,0.0,0.022917651,0.0015
4.124921975258189,2.3372069290731163,0.0015,255.02059872144247,4.139583655520857,3.8400000000000003,0.022918213823377727,3.84,0.0,0.022917651,0.0015
4.123523514217535,2.323203852816852,0.0015,255.9468195769384,4.149120979643769,3.85,0.02291820286863944,3.85,0.0,0.022917651,0.0015
4.122373498402319,2.311565894648602,0.0015,256.93795968820154,4.157286971148497,3.86,0.022918191913901154,3.86,0.0,0.022917651,0.0015
4.121616817390035,2.3029418420922503,0.0015,257.9457459878036,4.164012394544251,3.8700000000000006,0.022918180959162864,3.87,0.0,0.022917651,0.0015
4.121293406420576,2.297180986837096,0.0015,258.94101742411345,4.169607717397299,3.8800000000000003,0.022918170004424573,3.88,0.0,0.022917651,0.0015
4.1219774852130895,2.297365933652163,0.0015,259.86509802698356,4.173287189479347,3.8900000000000006,0.02291815904968629,3.89,0.0,0.022917651,0.0015
4.122593173682379,2.2970871057374223,0.0015,260.8325133064033,4.177156876174252,3.9000000000000004,0.022918148094947997,3.9,0.0,0.022917651,0.0015
4.123396629486003,2.298580761057723,0.0015,260.5744698173985,4.179976582336004,3.910000000000001,0.022918105968707626,3.91,0.0,0.022917651,0.0015
4.12506936336164,2.304508289627764,0.0015,260.15419382022407,4.181839525619113,3.920000000000001,0.02291806384246725,3.92,0.0,0.022917651,0.0015
4.126502090687545,2.30915763988881,0.0015,259.7944281454446,4.184020622889473,3.9299999999999993,0.022918021716226877,3.93,0.0,0.022917651,0.0015
4.128155691199742,2.314673994430506,0.0015,259.41210404384066,4.186218211180347,3.94,0.02291797958998651,3.94,0.0,0.022917651,0.0015
4.13015585020901,2.3217604989827785,0.0015,258.9806975233868,4.1882318853081575,3.9500000000000006,0.022917937463746135,3.95,0.0,0.022917651,0.0015
4.132328907408723,2.329464057960078,0.0015,258.50393003267345,4.190320090393077,3.9600000000000004,0.02291789533750576,3.96,0.0,0.022917651,0.0015
4.134633183502946,2.337658934159646,0.0015,257.99652130188997,4.19244184959768,3.9700000000000006,0.022917853211265386,3.97,0.0,0.022917651,0.0015
4.136914336083924,2.3459826559207175,0.0015,257.4347243544718,4.194342268022693,3.9800000000000004,0.022917811085025018,3.98,0.0,0.022917651,0.0015
4.139330894525668,2.3546776010676367,0.0015,256.903042456398,4.196413089558414,3.99,0.022917768958784647,3.99,0.0,0.022917651,0.0015
4.141926659856529,2.3638979108183635,0.0015,256.4022808264032,4.198675379645719,4.0,0.022917726832544272,4.0,0.0,0.022917651,0.0015
4.144656675992049,2.373292875248673,0.0015,256.99450024840013,4.201272875061915,4.01,0.02291772241733347,4.01,0.0,0.022917651,0.0015
4.147474932668046,2.382840357116656,0.0015,257.6653004729313,4.204070815425008,4.0200000000000005,0.022917718002122667,4.0200000000000005,0.0,0.022917651,0.0015
4.150390046308083,2.3925463035543633,0.0015,258.4400125697273,4.207097718652369,4.03,0.02291771358691186,4.03,0.0,0.022917651,0.0015
4.153439685152142,2.4024750807668456,0.0015,259.4193966470169,4.210439874006552,4.04,0.022917709171701058,4.04,0.0,0.022917651,0.0015
4.156661709543643,2.412757774134612,0.0015,260.65637880065935,4.214117654720349,4.05,0.022917704756490253,4.05,0.0,0.022917651,0.0015
4.160034358309483,2.423337943728471,0.0015,262.0663271557025,4.218100466646349,4.0600000000000005,0.02291770034127945,4.0600000000000005,0.0,0.022917651,0.0015
4.16359239877168,2.4342761711204144,0.0015,263.5750162762053,4.222466791562009,4.07,0.022917695926068647,4.07,0.0,0.022917651,0.0015
4.167360526999655,2.4455807339539177,0.0015,265.033455192557,4.227307124095651,4.08,0.022917691510857843,4.08,0.0,0.022917651,0.0015
4.171248116509041,2.456942295388708,0.0015,266.21499345705627,4.232568310460994,4.09,0.02291768709564704,4.09,0.0,0.022917651,0.0015
4.175173163572964,2.468051967807966,0.0015,267.088015182272,4.2382312091926,4.1,0.022917682680436233,4.1,0.0,0.022917651,0.0015
4.179138836469677,2.478639427624668,0.0015,267.7125638902539,4.244552977467228,4.110000000000001,0.02291768055499819,4.11,0.0,0.022917651,0.0015
4.183017615567451,2.488485663495408,0.0015,268.3683377348667,4.251268406490683,4.120000000000001,0.02291767842956014,4.12,0.0,0.022917651,0.0015
4.186739493816496,2.4974064261222066,0.0015,269.3075441173526,4.25828170178844,4.13,0.022917676304122087,4.13,0.0,0.022917651,0.0015
4.190214115341743,2.5050326583658795,0.0015,270.9172538922234,4.265600500673442,4.14,0.022917674178684032,4.14,0.0,0.022917651,0.0015
4.193379716779943,2.511165330763141,0.0015,273.2020812645468,4.27317677863894,4.15,0.02291767205327598,4.15,0.0,0.022917651,0.0015
4.19602142764345,2.514950606283477,0.0015,275.9593656301215,4.281004887649899,4.16,0.022917669927946662,4.16,0.0,0.022917651,0.0015
4.198094269985759,2.516525034379664,0.0015,278.6044398786487,4.288768372142954,4.17,0.022917667802798254,4.17,0.0,0.022917651,0.0015
4.199521669056813,2.515594355476548,0.0015,281.1418885099017,4.296455195588286,4.18,0.022917665677615273,4.18,0.0,0.022917651,0.0015
4.200943572724205,2.5145387928773197,0.0015,283.78700027428704,4.304244921642479,4.19,0.02291766355203745,4.19,0.0,0.022917651,0.0015
4.2013117026910844,2.5102619506664063,0.0015,285.73304204725656,4.3110408329968655,4.2,0.02291766142605573,4.2,0.0,0.022917651,0.0015
4.201637490851392,2.5065142602497033,0.0015,287.4901154112271,4.317113598444217,4.21,0.022917660238594376,4.21,0.0,0.022917651,0.0015
4.201765138534667,2.502767426117773,0.0015,289.04502438958366,4.322392928601992,4.22,0.022917659051133018,4.22,0.0,0.022917651,0.0015
4.201820219079342,2.498799618524968,0.0015,290.5428557040839,4.3276029621685375,4.2299999999999995,0.022917657863671656,4.23,0.0,0.022917651,0.0015
4.201520720227618,2.494881458995236,0.0015,291.40768656195036,4.331345052782913,4.24,0.022917656678129453,4.24,0.0,0.022917651,0.0015
4.201117884530565,2.49084576531876,0.0015,292.2198400322793,4.334791325331679,4.250000000000001,0.022917655492320044,4.25,0.0,0.022917651,0.0015
4.200619347275835,2.487237939768667,0.0015,292.8265279774383,4.337426913025538,4.26,0.02291765430632314,4.26,0.0,0.022917651,0.0015
4.200473042990845,2.485532691422248,0.0015,293.3432011949891,4.3395688604038165,4.2700000000000005,0.022917653118780884,4.2700000000000005,0.0,0.022917651,0.0015
4.200609571643171,2.4853566677067027,0.0015,293.778344015432,4.3413129154864,4.28,0.022917651930207922,4.28,0.0,0.022917651,0.0015
4.200754050998349,2.4851901933312317,0.0015,294.2195172489647,4.343079222950264,4.29,0.022917650741092796,4.29,0.0,0.022917651,0.0015
4.200965278196445,2.485542809132194,0.0015,294.6227299750741,4.3445934310637,4.3,0.0229176495589517,4.3,0.0,0.022917651,0.0015
4.201576475930439,2.4888335949052065,0.0015,294.233864842357,4.344745859179665,4.310000000000001,0.022917648997587015,4.3100000000000005,0.0,0.022917651,0.0015
4.202184650616532,2.4921131637427885,0.0015,293.8453947423556,4.344897412016847,4.32,0.022917648438193803,4.32,0.0,0.022917651,0.0015
4.202789597872152,2.495380757289088,0.0015,293.4573463824868,4.345048030399295,4.33,0.022917647880905362,4.33,0.0,0.022917651,0.0015
4.203391094466067,2.4986355472507955,0.0015,293.0697489331919,4.345197649693712,4.34,0.02291764732586727,4.34,0.0,0.022917651,0.0015
4.203988896094253,2.501876627144617,0.0015,292.68263431856985,4.345346199165481,4.3500000000000005,0.022917646773238837,4.3500000000000005,0.0,0.022917651,0.0015
4.204582734833246,2.5051030028479624,0.0015,292.2960375491589,4.34549360124133,4.36,0.0229176462231948,4.36,0.0,0.022917651,0.0015
4.205172316215012,2.5083135817453477,0.0015,291.9099971041734,4.3456397706623955,4.37,0.022917645675927197,4.37,0.0,0.022917651,0.0015
4.205757315856059,2.5115071602208356,0.0015,291.52455537198887,4.345784613508239,4.380000000000001,0.022917645131647568,4.38,0.0,0.022917651,0.0015
4.206337375559511,2.514682409194832,0.0015,291.13975915950044,4.345928026068255,4.39,0.022917644590589516,4.39,0.0,0.022917651,0.0015
4.206912098791363,2.517837857338913,0.0015,290.7556602832554,4.346069893531891,4.400000000000001,0.022917644053011634,4.4,0.0,0.022917651,0.0015
4.207487123075558,2.5210993587147636,0.0015,292.91449790987963,4.346084473366286,4.41,0.02291764349416524,4.41,0.0,0.022917651,0.0015
4.208061595379352,2.524363355872114,0.0015,295.07454867733276,4.346094349497067,4.42,0.02291764293534782,4.42,0.0,0.022917651,0.0015
4.208635515040833,2.5276298518037796,0.0015,297.2358140403523,4.346099516283784,4.430000000000001,0.022917642376559404,4.43,0.0,0.022917651,0.0015
4.209208881397038,2.530898849507365,0.0015,299.3982954560031,4.346099968076975,4.44,0.022917641817800035,4.44,0.0,0.022917651,0.0015
4.209781693783941,2.5341703519852676,0.0015,301.56199438368077,4.346095699218128,4.45,0.02291764125906975,4.45,0.0,0.022917651,0.0015
4.210353951536449,2.5374443622446945,0.0015,303.7269122851178,4.34608670403968,4.46,0.022917640700368575,4.46,0.0,0.022917651,0.0015
4.210925653988409,2.5407208832976678,0.0015,305.8930506243873,4.346072976864987,4.47,0.022917640141696543,4.47,0.0,0.022917651,0.0015
4.211496800472599,2.543999918161034,0.0015,308.06041086790805,4.346054512008313,4.48,0.022917639583053703,4.48,0.0,0.022917651,0.0015
4.212067390320726,2.547281469856476,0.0015,310.2289944844486,4.346031303774811,4.49,0.022917639024440082,4.49,0.0,0.022917651,0.0015
4.2126374228634305,2.55056554141052,0.0015,312.39880294513296,4.3460033464605,4.5,0.02291763846585571,4.5,0.0,0.022917651,0.0015
4.213160615460117,2.553739768116481,0.0015,312.24997656648486,4.345876420152342,4.51,0.022917638361950512,4.51,0.0,0.022917651,0.0015
4.213685198644618,2.5569079726889483,0.0015,312.1031194030172,4.345761078242726,4.520000000000001,0.022917638246915218,4.5200000000000005,0.0,0.022917651,0.0015
4.214211164528118,2.560070189291531,0.0015,311.9582202833573,4.34565725501327,4.53,0.022917638120812982,4.53,0.0,0.022917651,0.0015
4.21473850528136,2.5632264518299137,0.0015,311.8152681204735,4.345564885241753,4.54,0.02291763798370648,4.54,0.0,0.022917651,0.0015
4.215267213134085,2.566376793954282,0.0015,311.67425191088023,4.34548390419743,4.55,0.022917637835657874,4.55,0.0,0.022917651,0.0015
4.215797280374477,2.5695212490617276,0.0015,311.53516073385316,4.345414247636422,4.56,0.022917637676728907,4.5600000000000005,0.0,0.022917651,0.0015
4.216328699348613,2.5726598502986238,0.0015,311.39798375065214,4.345355851797141,4.57,0.02291763750698084,4.57,0.0,0.022917651,0.0015
4.2168614624599225,2.5757926305629706,0.0015,311.2627102037536,4.345308653395778,4.58,0.02291763732647447,4.58,0.0,0.022917651,0.0015
4.217395562168651,2.5789196225067204,0.0015,311.129329416091,4.345272589621828,4.59,0.022917637135270143,4.59,0.0,0.022917651,0.0015
4.217930990991331,2.582040858538073,0.0015,310.99783079030436,4.345247598133685,4.6000000000000005,0.022917636933427764,4.6000000000000005,0.0,0.022917651,0.0015
4.218447700547407,2.584927361513042,0.0015,311.30872701612043,4.345361937090569,4.61,0.02291763689281054,4.61,0.0,0.022917651,0.0015
4.218959843723529,2.587805817159332,0.0015,311.62204410804867,4.345466057791485,4.62,0.022917636855783963,4.62,0.0,0.022917651,0.0015
4.219467152319578,2.59067575282803,0.0015,311.93792425236956,4.345559360081055,4.63,0.02291763682255893,4.63,0.0,0.022917651,0.0015
4.219969336712866,2.593536658117246,0.0015,312.2565209925374,4.34564119586631,4.639999999999999,0.02291763679336318,4.64,0.0,0.022917651,0.0015
4.22046608367564,2.596387981025892,0.0015,312.5780003862316,4.345710864232865,4.65,0.022917636768443002,4.65,0.0,0.022917651,0.0015
4.221017313829789,2.599633081147237,0.0015,312.7798449670437,4.345604688469312,4.66,0.022917636784629627,4.66,0.0,0.022917651,0.0015
4.221581166443494,2.6029682744585942,0.0015,312.95654653879535,4.345458909299169,4.67,0.02291763681049418,4.67,0.0,0.022917651,0.0015
4.222144547886167,2.606303470148799,0.0015,313.13576883667236,4.345311242910744,4.68,0.02291763683750198,4.68,0.0,0.022917651,0.0015
4.222707443330722,2.6096386682927113,0.0015,313.3175911843507,4.345161629915952,4.690000000000001,0.022917636865688994,4.69,0.0,0.022917651,0.0015
4.223269837321366,2.6129738689683615,0.0015,313.5020962690596,4.345010008408484,4.700000000000001,0.02291763689509274,4.7,0.0,0.022917651,0.0015
4.223827099942978,2.616247970164759,0.0015,313.27570276724265,4.34487929488224,4.71,0.02291763691198586,4.71,0.0,0.022917651,0.0015
4.224384003147047,2.6195215150439095,0.0015,313.0499713465617,4.344747700092648,4.720000000000001,0.022917636926476106,4.72,0.0,0.022917651,0.0015
4.224940535664319,2.622794486162928,0.0015,312.8249227660429,4.344615196408396,4.73,0.022917636938488143,4.73,0.0,0.022917651,0.0015
4.225496685749453,2.6260668653420183,0.0015,312.6005786617217,4.344481755030835,4.74,0.02291763694794346,4.74,0.0,0.022917651,0.0015
4.226052441155599,2.629338633625143,0.0015,312.3769615934517,4.344347345931661,4.75,0.022917636954760165,4.75,0.0,0.022917651,0.0015
4.226607789107352,2.6326097712381427,0.0015,312.1540950947426,4.344211937786587,4.76,0.022917636958852856,4.76,0.0,0.022917651,0.0015
4.227162716271915,2.6358802575441214,0.0015,311.9320037258612,4.34407549790466,4.7700000000000005,0.0229176369601324,4.7700000000000005,0.0,0.022917651,0.0015
4.2277172087283805,2.6391500709958735,0.0015,311.71071313044456,4.343937992152909,4.78,0.022917636958505717,4.78,0.0,0.022917651,0.0015
4.228271251934926,2.642419189085135,0.0015,311.4902500959018,4.34379938487594,4.790000000000001,0.02291763695387561,4.79,0.0,0.022917651,0.0015
4.2288248306938145,2.6456875882883932,0.0015,311.2706426179016,4.343659638810109,4.8,0.02291763694614045,4.8,0.0,0.022917651,0.0015
4.229352705233834,2.6489058898994244,0.0015,311.1343654534581,4.343448321781733,4.8100000000000005,0.022917636960576148,4.8100000000000005,0.0,0.022917651,0.0015
4.229880494322331,2.652124115800236,0.0015,310.99837172237585,4.343236738609128,4.82,0.02291763697496593,4.82,0.0,0.022917651,0.0015
4.230408196810585,2.6553422649730587,0.0015,310.86266523483,4.343024885714531,4.829999999999999,0.022917636989309192,4.83,0.0,0.022917651,0.0015
4.230935811529196,2.658560336381802,0.0015,310.7272498695963,4.342812759455771,4.84,0.022917637003605298,4.84,0.0,0.022917651,0.0015
4.231463337287614,2.6617783289716357,0.0015,310.5921295756018,4.342600356124802,4.8500000000000005,0.022917637017853612,4.8500000000000005,0.0,0.022917651,0.0015
4.231990772873656,2.6649962416685646,0.0015,310.4573083735185,4.342387671946206,4.86,0.02291763703205348,4.86,0.0,0.022917651,0.0015
4.232518117053019,2.668214073378992,0.0015,310.3227903573997,4.3421747030756634,4.87,0.02291763704620424,4.87,0.0,0.022917651,0.0015
4.233045368568766,2.671431822989271,0.0015,310.1885796963617,4.34196144559837,4.88,0.022917637060305217,4.88,0.0,0.022917651,0.0015
4.233572526140812,2.674649489365243,0.0015,310.05468063631275,4.341747895527414,4.89,0.022917637074355724,4.89,0.0,0.022917651,0.0015
4.234099588465383,2.6778670713517614,0.0015,309.9210975017283,4.3415340488021075,4.9,0.022917637088355057,4.9,0.0,0.022917651,0.0015
4.234623364302314,2.6809841177913913,0.0015,309.184385701447,4.341389497132367,4.91,0.02291763710649859,4.91,0.0,0.022917651,0.0015
4.235147017623674,2.684101733380237,0.0015,308.44829093802383,4.341243886399385,4.920000000000001,0.02291763712535418,4.92,0.0,0.022917651,0.0015
4.235670547457608,2.6872199226330737,0.0015,307.7128181061022,4.341097208202146,4.93,0.022917637144927498,4.93,0.0,0.022917651,0.0015
4.236193952821956,2.690338690112554,0.0015,306.9779721522315,4.340949454050544,4.940000000000001,0.022917637165224245,4.94,0.0,0.022917651,0.0015
4.2367172327241125,2.6934580404298427,0.0015,306.24375807555737,4.340800615364197,4.95,0.022917637186250183,4.95,0.0,0.022917651,0.0015
4.237240386160892,2.696577978245269,0.0015,305.5101809285228,4.340650683471246,4.96,0.022917637208011148,4.96,0.0,0.022917651,0.0015
4.237763412118385,2.6996985082689773,0.0015,304.77724581757946,4.340499649607133,4.97,0.022917637230513037,4.97,0.0,0.022917651,0.0015
4.238286309571814,2.7028196352615987,0.0015,304.044957903912,4.340347504913358,4.98,0.022917637253761797,4.98,0.0,0.022917651,0.0015
4.238809077485387,2.7059413640349255,0.0015,303.3133224041737,4.340194240436217,4.99,0.02291763727776346,4.99,0.0,0.022917651,0.0015
4.239331714812152,2.709063699452604,0.0015,302.58234459123247,4.340039847125521,5.0,0.0229176373025241,5.0,0.0,0.022917651,0.0015
4.2398396790300446,2.7121210533619124,0.0015,302.8991935189261,4.339874366398164,5.01,0.022917637232844717,5.01,0.0,0.022917651,0.0015
4.240347279397837,2.7151780150188682,0.0015,303.2194470789485,4.339707822315606,5.020000000000001,0.02291763715378487,5.0200000000000005,0.0,0.022917651,0.0015
4.240857167450214,2.7182468205525656,0.0015,303.4999767051236,4.339538583839129,5.03,0.022917637079902166,5.03,0.0,0.022917651,0.0015
4.241366943563694,2.7213164232746427,0.0015,303.7772511240996,4.339368100422563,5.040000000000001,0.022917637011639437,5.04,0.0,0.022917651,0.0015
4.241876327072165,2.7243855529256606,0.0015,304.0556183588649,4.339196519786403,5.05,0.02291763694823693,5.05,0.0,0.022917651,0.0015
4.2423853109024225,2.7274542009827276,0.0015,304.33509809768947,4.339023822163042,5.0600000000000005,0.022917636889782222,5.0600000000000005,0.0,0.022917651,0.0015
4.242893887810319,2.7305223587169825,0.0015,304.6157105046419,4.338849987307153,5.07,0.022917636836364993,5.07,0.0,0.022917651,0.0015
4.243402050375582,2.7335900171873346,0.0015,304.89747623404946,4.338674994481179,5.08,0.022917636788077095,5.08,0.0,0.022917651,0.0015
4.243909790996422,2.736657167233976,0.0015,305.18041644548873,4.338498822440274,5.090000000000001,0.022917636745012637,5.09,0.0,0.022917651,0.0015
4.24441710188395,2.739723799471651,0.0015,305.4645528193306,4.338321449416699,5.100000000000001,0.022917636707268037,5.1000000000000005,0.0,0.022917651,0.0015
4.2449163817055515,2.7427083511517307,0.0015,305.44765541666715,4.338177333692111,5.110000000000001,0.022917636747740014,5.11,0.0,0.022917651,0.0015
4.245415624893985,2.7456932382688395,0.0015,305.43083726285914,4.338032736012583,5.120000000000001,0.022917636789601396,5.12,0.0,0.022917651,0.0015
4.245914831160615,2.7486784634659225,0.0015,305.41409898231734,4.337887652580736,5.13,0.022917636832863145,5.13,0.0,0.022917651,0.0015
4.246414000213763,2.7516640294137678,0.0015,305.3974412060297,4.3377420795591926,5.14,0.022917636877536327,5.14,0.0,0.022917651,0.0015
4.246913131758672,2.754649938811364,0.0015,305.38086457164775,4.33759601307005,5.15,0.022917636923632106,5.15,0.0,0.022917651,0.0015
4.247412225497462,2.7576361943862837,0.0015,305.3643697235753,4.3374494491943425,5.16,0.022917636971161788,5.16,0.0,0.022917651,0.0015
4.247911281129093,2.7606227988950547,0.0015,305.3479573130576,4.337302383971496,5.170000000000001,0.022917637020136793,5.17,0.0,0.022917651,0.0015
4.248410298349318,2.7636097551235523,0.0015,305.33162799827284,4.337154813398777,5.180000000000001,0.02291763707056866,5.18,0.0,0.022917651,0.0015
4.248909276850644,2.7665970658873853,0.0015,305.3153824444241,4.337006733430726,5.19,0.022917637122469046,5.19,0.0,0.022917651,0.0015
4.249408216322287,2.7695847340322945,0.0015,305.2992213238338,4.336858139978587,5.2,0.02291763717584975,5.2,0.0,0.022917651,0.0015
4.249895196471133,2.772530258285545,0.0015,304.8245126462368,4.336687789278345,5.21,0.022917637242143324,5.21,0.0,0.022917651,0.0015
4.250382175155341,2.775475862366855,0.0015,304.34972872385566,4.336517352899763,5.22,0.02291763730678359,5.22,0.0,0.022917651,0.0015
4.250869152370628,2.7784215465096556,0.0015,303.87486933666037,4.336346830592303,5.23,0.022917637369765712,5.23,0.0,0.022917651,0.0015
4.251356128112694,2.781367310948291,0.0015,303.39993426376236,4.3361762221044495,5.24,0.022917637431084846,5.24,0.0,0.022917651,0.0015
4.251843102377223,2.7843131559180194,0.0015,302.92492328340995,4.3360055271836995,5.25,0.022917637490736113,5.25,0.0,0.022917651,0.0015
4.2523300751598825,2.7872590816550193,0.0015,302.44983617298453,4.335834745576566,5.260000000000001,0.02291763754871462,5.26,0.0,0.022917651,0.0015
4.252817046456321,2.7902050883963954,0.0015,301.97467270899614,4.335663877028572,5.270000000000001,0.02291763760501546,5.2700000000000005,0.0,0.022917651,0.0015
4.253304016262172,2.793151176380178,0.0015,301.4994326670791,4.335492921284238,5.28,0.022917637659633703,5.28,0.0,0.022917651,0.0015
4.253790984573051,2.796097345845333,0.0015,301.02411582198766,4.335321878087086,5.29,0.022917637712564397,5.29,0.0,0.022917651,0.0015
4.254277951384556,2.799043597031765,0.0015,300.5487219475922,4.3351507471796324,5.3,0.022917637763802574,5.3,0.0,0.022917651,0.0015
4.254749128845521,2.8019164853462866,0.0015,300.3994956503281,4.33497435791183,5.3100000000000005,0.02291763778048079,5.3100000000000005,0.0,0.022917651,0.0015
4.255219878322675,2.8047890446983077,0.0015,300.25119558354345,4.334796585651385,5.320000000000001,0.022917637797829283,5.32,0.0,0.022917651,0.0015
4.255690188680156,2.8076612665284357,0.0015,300.10384584715905,4.33461739441372,5.33,0.022917637815865498,5.33,0.0,0.022917651,0.0015
4.256160048392389,2.8105331419777353,0.0015,299.9574713844966,4.334436746954941,5.339999999999999,0.022917637834607485,5.34,0.0,0.022917651,0.0015
4.256629445526892,2.8134046618745043,0.0015,299.8120980194988,4.334254604716261,5.3500000000000005,0.022917637854073938,5.3500000000000005,0.0,0.022917651,0.0015
4.257098367726155,2.8162758167203537,0.0015,299.6677524959383,4.334070927765458,5.36,0.0229176378742842,5.36,0.0,0.022917651,0.0015
4.257566802188549,2.8191465966755276,0.0015,299.5244625187399,4.333885674735176,5.37,0.022917637895258327,5.37,0.0,0.022917651,0.0015
4.258034735648191,2.82201699154343,0.0015,299.3822567975514,4.333698802757863,5.379999999999999,0.022917637917017085,5.38,0.0,0.022917651,0.0015
4.258502154353709,2.824886990754302,0.0015,299.2411650927058,4.333510267397151,5.390000000000001,0.022917637939582028,5.39,0.0,0.022917651,0.0015
4.258969044045825,2.8277565833479916,0.0015,299.1012182637295,4.333320022575415,5.4,0.022917637962975475,5.4,0.0,0.022917651,0.0015
4.259435691620602,2.830574792974142,0.0015,300.1379227846576,4.3331652975470565,5.41,0.02291763798123666,5.41,0.0,0.022917651,0.0015
4.259902127148731,2.8333929399644355,0.0015,301.175388375851,4.3330097868921795,5.420000000000001,0.022917638003237217,5.42,0.0,0.022917651,0.0015
4.260368348472395,2.836211023681481,0.0015,302.21362278206936,4.332853482616136,5.43,0.02291763802901521,5.43,0.0,0.022917651,0.0015
4.260834353404398,2.83902904347921,0.0015,303.2526338535125,4.3326963766154325,5.44,0.022917638058609205,5.44,0.0,0.022917651,0.0015
4.2613023370982726,2.8418537226690983,0.0015,304.27845029297646,4.332540526051304,5.45,0.022917638103702658,5.45,0.0,0.022917651,0.0015
4.2617708759181525,2.844680815714214,0.0015,305.2999858016362,4.332384481983274,5.46,0.022917638152360136,5.46,0.0,0.022917651,0.0015
4.2622391718235635,2.8475079058171575,0.0015,306.3222867373273,4.3322274690927145,5.470000000000001,0.022917638199677855,5.47,0.0,0.022917651,0.0015
4.2627072216390935,2.8503349929394686,0.0015,307.34536310583337,4.3320694747150235,5.48,0.02291763824563831,5.48,0.0,0.022917651,0.0015
4.2631750221337334,2.853162077042014,0.0015,308.3692250880967,4.331910485963897,5.49,0.022917638290223682,5.49,0.0,0.022917651,0.0015
4.26364257001967,2.855989158084971,0.0015,309.3938830440694,4.33175048972645,5.5,0.022917638333415827,5.5,0.0,0.022917651,0.0015
4.264093504953701,2.858754704805454,0.0015,309.51774082497104,4.331571215652613,5.51,0.022917638363262362,5.51,0.0,0.022917651,0.0015
4.264544456471013,2.861520365985542,0.0015,309.64156095080335,4.331391893442999,5.520000000000001,0.0229176383938107,5.5200000000000005,0.0,0.022917651,0.0015
4.26499542458122,2.864286141691608,0.0015,309.7653433997302,4.331212523069688,5.53,0.022917638425061254,5.53,0.0,0.022917651,0.0015
4.26544640929395,2.86705203199008,0.0015,309.8890881498989,4.33103310450475,5.539999999999999,0.02291763845701443,5.54,0.0,0.022917651,0.0015
4.265897410618832,2.8698180369474344,0.0015,310.0127951794394,4.330853637720228,5.55,0.02291763848967063,5.55,0.0,0.022917651,0.0015
4.266348428565504,2.8725841566302006,0.0015,310.13646446646516,4.330674122688141,5.5600000000000005,0.02291763852303027,5.5600000000000005,0.0,0.022917651,0.0015
4.266799463143616,2.8753503911049587,0.0015,310.26009598907234,4.330494559380488,5.569999999999999,0.022917638557093747,5.57,0.0,0.022917651,0.0015
4.267250514362817,2.87811674043834,0.0015,310.38368972534033,4.330314947769249,5.58,0.02291763859186148,5.58,0.0,0.022917651,0.0015
4.267701582232773,2.8808832046970285,0.0015,310.50724565333167,4.330135287826382,5.59,0.022917638627333873,5.59,0.0,0.022917651,0.0015
4.26815266676315,2.88364978394776,0.0015,310.6307637510915,4.329955579523818,5.6000000000000005,0.022917638663511337,5.6000000000000005,0.0,0.022917651,0.0015
4.268594993982674,2.8863652103916784,0.0015,310.50689478827735,4.329778144542387,5.61,0.02291763869386573,5.61,0.0,0.022917651,0.0015
4.269036899816562,2.8890802807649107,0.0015,310.3835361281295,4.329599380230793,5.62,0.022917638718497464,5.62,0.0,0.022917651,0.0015
4.269478371784012,2.891794984521187,0.0015,310.2607028850318,4.3294192472163076,5.629999999999999,0.022917638737237046,5.63,0.0,0.022917651,0.0015
4.269919396906429,2.8945093106936017,0.0015,310.1384107762063,4.329237704555827,5.640000000000001,0.022917638749908223,5.64,0.0,0.022917651,0.0015
4.270359961682356,2.8972232478734243,0.0015,310.0166761520714,4.329054709656774,5.65,0.022917638756327633,5.65,0.0,0.022917651,0.0015
4.270800052060863,2.899936784187629,0.0015,309.89551602845296,4.328870218193199,5.66,0.022917638756304454,5.66,0.0,0.022917651,0.0015
4.271239653413323,2.9026499072750314,0.0015,309.7749481207821,4.3286841840166925,5.670000000000001,0.022917638749640028,5.67,0.0,0.022917651,0.0015
4.271678750503407,2.905362604260938,0.0015,309.6549908804239,4.328496559061746,5.68,0.02291763873612743,5.68,0.0,0.022917651,0.0015
4.272117327455191,2.908074861730203,0.0015,309.53566353329376,4.328307293245163,5.690000000000001,0.02291763871555106,5.69,0.0,0.022917651,0.0015
4.27255536771925,2.9107866656985673,0.0015,309.41698612093097,4.328116334359058,5.7,0.022917638687686172,5.7,0.0,0.022917651,0.0015
4.27299344601587,2.9134382634322735,0.0015,309.06245207738783,4.32797236532578,5.710000000000001,0.0229176387179052,5.71,0.0,0.022917651,0.0015
4.273431346916979,2.9160902292032507,0.0015,308.7083796249611,4.3278273186808365,5.72,0.022917638748156166,5.72,0.0,0.022917651,0.0015
4.273869068046122,2.9187425679418615,0.0015,308.35477494729486,4.327681179988143,5.7299999999999995,0.022917638778439508,5.73,0.0,0.022917651,0.0015
4.274306606984205,2.921395284666929,0.0015,308.0016443389802,4.327533934552607,5.740000000000001,0.022917638808755657,5.74,0.0,0.022917651,0.0015
4.274743961268538,2.924048384487729,0.0015,307.6489942080542,4.327385567414287,5.75,0.02291763883910506,5.75,0.0,0.022917651,0.0015
4.275181128391839,2.926701872606038,0.0015,307.29683107856715,4.327236063342405,5.76,0.022917638869488166,5.76,0.0,0.022917651,0.0015
4.275618105801234,2.929355754318235,0.0015,306.9451615932202,4.327085406829181,5.770000000000001,0.022917638899905432,5.7700000000000005,0.0,0.022917651,0.0015
4.276054890897203,2.9320100350174636,0.0015,306.593992516075,4.326933582083519,5.78,0.022917638930357333,5.78,0.0,0.022917651,0.0015
4.276491481032521,2.934664720195848,0.0015,306.2433307353377,4.32678057302449,5.79,0.022917638960844342,5.79,0.0,0.022917651,0.0015
4.276927873511149,2.937319815446781,0.0015,305.89318326622043,4.326626363274673,5.800000000000001,0.02291763899136694,5.8,0.0,0.022917651,0.0015
4.277348424076423,2.9399263251506413,0.0015,306.0011697632578,4.326444455334879,5.810000000000001,0.022917639091789142,5.8100000000000005,0.0,0.022917651,0.0015
4.277768833180416,2.942532955492383,0.0015,306.1093664654619,4.326261860871209,5.82,0.02291763919497969,5.82,0.0,0.022917651,0.0015
4.278189894724573,2.9451411619866126,0.0015,306.21466568298996,4.326080299734229,5.830000000000001,0.022917639303147577,5.83,0.0,0.022917651,0.0015
4.2786123472600925,2.947752281511967,0.0015,306.31417841125864,4.325901389103823,5.84,0.02291763941300338,5.84,0.0,0.022917651,0.0015
4.2790346582364815,2.950363508706078,0.0015,306.41389297999336,4.325721804641144,5.8500000000000005,0.022917639517691164,5.8500000000000005,0.0,0.022917651,0.0015
4.279456825866961,2.9529748449279523,0.0015,306.5138119368507,4.32554153784099,5.86,0.022917639617145703,5.86,0.0,0.022917651,0.0015
4.279878848334555,2.9555862915595688,0.0015,306.6139378725442,4.32536058005442,5.87,0.02291763971130066,5.87,0.0,0.022917651,0.0015
4.28030072379145,2.95819785000636,0.0015,306.71427342175815,4.325178922485701,5.880000000000001,0.02291763980008857,5.88,0.0,0.022917651,0.0015
4.280722450358339,2.9608095216977133,0.0015,306.8148212640837,4.324996556189177,5.89,0.022917639883440828,5.89,0.0,0.022917651,0.0015
4.281144026123742,2.9634213080874843,0.0015,306.9155841249805,4.324813472066067,5.9,0.02291763996128765,5.9,0.0,0.022917651,0.0015
4.281557448095673,2.9659839495725833,0.0015,306.8174526814728,4.324634443365391,5.910000000000001,0.022917639976933517,5.91,0.0,0.022917651,0.0015
4.281970765198687,2.968546617110381,0.0015,306.7194620824808,4.324454969134453,5.920000000000001,0.022917639992220816,5.92,0.0,0.022917651,0.0015
4.282383976285618,2.971109310985866,0.0015,306.6216138687041,4.324275044499591,5.930000000000001,0.022917640007145638,5.93,0.0,0.022917651,0.0015
4.282797080192516,2.9736720314882046,0.0015,306.52390960339653,4.324094664515801,5.94,0.022917640021703996,5.94,0.0,0.022917651,0.0015
4.283210075738319,2.9762347789108032,0.0015,306.4263508727795,4.323913824165424,5.95,0.022917640035891855,5.95,0.0,0.022917651,0.0015
4.283622961724557,2.9787975535514026,0.0015,306.3289392864664,4.323732518356807,5.96,0.022917640049705115,5.96,0.0,0.022917651,0.0015
4.284035736935018,2.981360355712148,0.0015,306.23167647789444,4.323550741922935,5.970000000000001,0.022917640063139615,5.97,0.0,0.022917651,0.0015
4.28444840013542,2.9839231856996724,0.0015,306.13456410476783,4.323368489620029,5.98,0.022917640076191143,5.98,0.0,0.022917651,0.0015
4.284860950073078,2.9864860438251815,0.0015,306.03760384950954,4.32318575612612,5.99,0.022917640088855412,5.99,0.0,0.022917651,0.0015
4.2852733854765575,2.989048930404539,0.0015,305.9407974197242,4.32300253603958,6.0,0.022917640101128074,6.0,0.0,0.022917651,0.0015
4.2856895103857555,2.991570331390475,0.0015,306.0814477885588,4.322863492750341,6.010000000000001,0.022917640108205278,6.01,0.0,0.022917651,0.0015
4.2861057462541545,2.994091945070318,0.0015,306.2222608450232,4.322724680663061,6.0200000000000005,0.022917640119635437,6.0200000000000005,0.0,0.022917651,0.0015
4.286522091920161,2.9966137692174533,0.0015,306.36323488599953,4.32258609735737,6.03,0.022917640135372976,6.03,0.0,0.022917651,0.0015
4.286938546238344,2.9991358016362373,0.0015,306.50436823206024,4.322447740446568,6.04,0.02291764015537297,6.04,0.0,0.022917651,0.0015
4.287355108079144,3.0016580401614616,0.0015,306.6456592270567,4.322309607577035,6.050000000000001,0.0229176401795911,6.05,0.0,0.022917651,0.0015
4.287771776328607,3.0041804826578264,0.0015,306.78710623771764,4.322171696427661,6.0600000000000005,0.022917640207983654,6.0600000000000005,0.0,0.022917651,0.0015
4.288188549888117,3.0067031270194264,0.0015,306.9287076532557,4.322034004709295,6.070000000000001,0.02291764024050755,6.07,0.0,0.022917651,0.0015
4.288605427674127,3.009225971169246,0.0015,307.0704618849812,4.321896530164182,6.08,0.022917640277120274,6.08,0.0,0.022917651,0.0015
4.2890224086179005,3.0117490130586697,0.0015,307.21236736592545,4.3217592705654395,6.09,0.0229176403177799,6.09,0.0,0.022917651,0.0015
4.289439491665269,3.0142722506669917,0.0015,307.3544225504697,4.3216222237165285,6.100000000000001,0.022917640362445073,6.1000000000000005,0.0,0.022917651,0.0015
4.2898353128978695,3.0167359382603816,0.0015,307.00637961066974,4.321448007018466,6.109999999999999,0.02291764044372961,6.11,0.0,0.022917651,0.0015
4.29023045045749,3.019199379957367,0.0015,306.65889583667126,4.32127130152911,6.120000000000001,0.022917640526095868,6.12,0.0,0.022917651,0.0015
4.290624877189407,3.0216625659912166,0.0015,306.3119934379129,4.32109200839646,6.13,0.022917640609586794,6.13,0.0,0.022917651,0.0015
4.291018564481527,3.0241254860710303,0.0015,305.9656958157934,4.320910023463222,6.140000000000001,0.022917640694247655,6.140000000000001,0.0,0.022917651,0.0015
4.291411482165287,3.0265881293460937,0.0015,305.6200276447231,4.3207252369060525,6.15,0.0229176407801262,6.15,0.0,0.022917651,0.0015
4.291803598408366,3.0290504843672843,0.0015,305.27501495987985,4.320537532844967,6.16,0.022917640867272777,6.16,0.0,0.022917651,0.0015
4.292194879598374,3.0315125390452495,0.0015,304.9306852523278,4.320346788919978,6.17,0.022917640955740576,6.17,0.0,0.022917651,0.0015
4.29258529021667,3.0339742806050123,0.0015,304.5870675722256,4.320152875831722,6.18,0.02291764104558579,6.18,0.0,0.022917651,0.0015
4.292974792701285,3.0364356955366723,0.0015,304.24419264094195,4.319955656842448,6.190000000000001,0.022917641136867856,6.19,0.0,0.022917651,0.0015
4.293363347297834,3.0388967695417852,0.0015,303.9020929729874,4.3197549872333045,6.2,0.02291764122964968,6.2,0.0,0.022917651,0.0015
4.293747776156756,3.041314516907637,0.0015,303.7351816122228,4.319569841537746,6.21,0.022917641290821966,6.21,0.0,0.022917651,0.0015
4.294132178712978,3.043732305606775,0.0015,303.56823700863004,4.319384549266449,6.220000000000001,0.022917641351922827,6.22,0.0,0.022917651,0.0015
4.294516554768557,3.046150135950257,0.0015,303.40125891203826,4.319199109316348,6.2299999999999995,0.02291764141295172,6.23,0.0,0.022917651,0.0015
4.29490094080181,3.0485680640083452,0.0015,303.2341444452443,4.319013611525634,6.24,0.02291764147371933,6.24,0.0,0.022917651,0.0015
4.295285911901631,3.0509869574111357,0.0015,303.06529452416373,4.318829488554987,6.25,0.022917641531283593,6.25,0.0,0.022917651,0.0015
4.295670851226001,3.0534058726987534,0.0015,302.8964438546719,4.318645216579192,6.260000000000001,0.022917641588835216,6.26,0.0,0.022917651,0.0015
4.2960557584614225,3.055824810087115,0.0015,302.7275924293845,4.318460794128145,6.2700000000000005,0.02291764164637408,6.2700000000000005,0.0,0.022917651,0.0015
4.2964406332902545,3.0582437697949914,0.0015,302.55874024082055,4.318276219712341,6.28,0.02291764170390004,6.28,0.0,0.022917651,0.0015
4.296825475390651,3.060662752044045,0.0015,302.38988728139935,4.318091491822547,6.29,0.022917641761412984,6.29,0.0,0.022917651,0.0015
4.297210284436495,3.063081757058888,0.0015,302.22103354343994,4.3179066089294835,6.3,0.022917641818912777,6.3,0.0,0.022917651,0.0015
4.29760058514102,3.0654688963139365,0.0015,302.02484462844086,4.317764615195522,6.3100000000000005,0.02291764181700043,6.3100000000000005,0.0,0.022917651,0.0015
4.297990815970628,3.067856312551869,0.0015,301.8288593469542,4.317622065068123,6.320000000000001,0.022917641815472768,6.32,0.0,0.022917651,0.0015
4.298380976489649,3.0702440074996673,0.0015,301.6330789686307,4.317478955078185,6.329999999999999,0.022917641814332187,6.33,0.0,0.022917651,0.0015
4.298771066258786,3.072631982898702,0.0015,301.4375047736982,4.317335281727706,6.34,0.02291764181358111,6.34,0.0,0.022917651,0.0015
4.299161084835074,3.075020240504879,0.0015,301.2421380530721,4.317191041489484,6.3500000000000005,0.02291764181322198,6.3500000000000005,0.0,0.022917651,0.0015
4.29955103177184,3.077408782088794,0.0015,301.04698010846687,4.317046230806808,6.359999999999999,0.022917641813257245,6.36,0.0,0.022917651,0.0015
4.299940906618673,3.0797976094358863,0.0015,300.85203225250905,4.3169008460931515,6.370000000000001,0.022917641813689393,6.37,0.0,0.022917651,0.0015
4.3003307089213685,3.082186724346592,0.0015,300.6572958088521,4.31675488373186,6.38,0.022917641814520925,6.38,0.0,0.022917651,0.0015
4.300720438221908,3.084576128636506,0.0015,300.4627721122925,4.316608340075832,6.390000000000001,0.022917641815754355,6.390000000000001,0.0,0.022917651,0.0015
4.301110094058401,3.0869658241365383,0.0015,300.26846250888707,4.316461211447201,6.400000000000001,0.022917641817392236,6.4,0.0,0.022917651,0.0015
4.3014823336831265,3.089300510546173,0.0015,301.4630504675778,4.316288820598088,6.410000000000001,0.022917641818278753,6.41,0.0,0.022917651,0.0015
4.30185438522508,3.0916352312567055,0.0015,302.6578653551544,4.316115643115523,6.42,0.02291764181958296,6.42,0.0,0.022917651,0.0015
4.302226245721767,3.093969986808408,0.0015,303.85291074597524,4.3159416666092385,6.43,0.022917641821311438,6.43,0.0,0.022917651,0.0015
4.302597912148153,3.0963047777529615,0.0015,305.0481902898609,4.315766878427381,6.440000000000001,0.02291764182347091,6.44,0.0,0.022917651,0.0015
4.302969381414993,3.098639604653754,0.0015,306.2437077140962,4.315591265649571,6.450000000000001,0.022917641826068234,6.45,0.0,0.022917651,0.0015
4.303340650367131,3.1009744680861964,0.0015,307.43946682549733,4.315414815079744,6.46,0.022917641829110415,6.46,0.0,0.022917651,0.0015
4.303711715781725,3.103309368638042,0.0015,308.6354715125431,4.31523751323875,6.47,0.022917641832604613,6.47,0.0,0.022917651,0.0015
4.304082574366424,3.1056443069097215,0.0015,309.8317257475779,4.315059346356733,6.480000000000001,0.022917641836558134,6.48,0.0,0.022917651,0.0015
4.304453222757484,3.1079792835146844,0.0015,311.02823358908336,4.314880300365242,6.49,0.022917641840978456,6.49,0.0,0.022917651,0.0015
4.304823657517825,3.1103142990797568,0.0015,312.2249991840271,4.3147003608890975,6.5,0.022917641845873207,6.5,0.0,0.022917651,0.0015
4.305202351594878,3.112624399403361,0.0015,312.34313394972895,4.3145680960022395,6.51,0.022917641899121596,6.51,0.0,0.022917651,0.0015
4.305581050818628,3.1149345993068875,0.0015,312.4612791866162,4.314435752130319,6.520000000000001,0.02291764195240585,6.5200000000000005,0.0,0.022917651,0.0015
4.30595975518892,3.1172448987874053,0.0015,312.5794348943806,4.314303329275659,6.529999999999999,0.022917642005725974,6.53,0.0,0.022917651,0.0015
4.306338464705606,3.1195552978419867,0.0015,312.6976010727144,4.3141708274405834,6.54,0.022917642059081964,6.54,0.0,0.022917651,0.0015
4.3067171793685315,3.1218657964677012,0.0015,312.8157777213094,4.314038246627416,6.550000000000001,0.02291764211247382,6.55,0.0,0.022917651,0.0015
4.307095899177549,3.12417639466162,0.0015,312.9339648398576,4.31390558683848,6.5600000000000005,0.02291764216590154,6.5600000000000005,0.0,0.022917651,0.0015
4.307474624132504,3.1264870924208137,0.0015,313.05216242805096,4.313772848076099,6.57,0.022917642219365125,6.57,0.0,0.022917651,0.0015
4.307853354233245,3.1287978897423523,0.0015,313.1703704855815,4.313640030342596,6.58,0.022917642272864573,6.58,0.0,0.022917651,0.0015
4.308232089479623,3.131108786623308,0.0015,313.2885890121412,4.313507133640297,6.59,0.022917642326399885,6.59,0.0,0.022917651,0.0015
4.308610829871483,3.133419783060752,0.0015,313.4068180074221,4.313374157971519,6.6000000000000005,0.022917642379971053,6.6000000000000005,0.0,0.022917651,0.0015
4.308956676126118,3.1356677996902405,0.0015,313.36968364954885,4.313162610727479,6.610000000000001,0.02291764249670249,6.61,0.0,0.022917651,0.0015
4.3093022752736125,3.137915735388224,0.0015,313.332765215505,4.312950155932558,6.62,0.022917642613753616,6.62,0.0,0.022917651,0.0015
4.309647622653758,3.1401635886284103,0.0015,313.2960667774138,4.312736776471186,6.629999999999999,0.02291764273113045,6.63,0.0,0.022917651,0.0015
4.309992713488417,3.142411357845883,0.0015,313.2595925104416,4.312522454794695,6.640000000000001,0.022917642848839192,6.640000000000001,0.0,0.022917651,0.0015
4.310337542877776,3.1446590414358773,0.0015,313.223346696078,4.312307172907527,6.65,0.022917642966886163,6.65,0.0,0.022917651,0.0015
4.310682105796445,3.146906637752496,0.0015,313.18733372554186,4.312090912352921,6.66,0.022917643085277876,6.66,0.0,0.022917651,0.0015
4.311026397089409,3.149154145107391,0.0015,313.1515581033191,4.311873654198043,6.67,0.022917643204020993,6.67,0.0,0.022917651,0.0015
4.311370411467821,3.1514015617683806,0.0015,313.1160244508386,4.311655379018533,6.680000000000001,0.02291764332312236,6.68,0.0,0.022917651,0.0015
4.31171414350463,3.1536488859580207,0.0015,313.0807375102923,4.311436066882453,6.69,0.022917643442588998,6.69,0.0,0.022917651,0.0015
4.312057587630039,3.155896115852113,0.0015,313.04570214860524,4.311215697333599,6.700000000000001,0.022917643562428112,6.7,0.0,0.022917651,0.0015
4.312419816261104,3.15812944237462,0.0015,312.95891039856747,4.311074698903056,6.710000000000001,0.022917643587343377,6.71,0.0,0.022917651,0.0015
4.312781976141977,3.1603629992747315,0.0015,312.87229303366746,4.310933195123932,6.720000000000001,0.022917643612636884,6.72,0.0,0.022917651,0.0015
4.313144930520235,3.1625978311298506,0.0015,312.78414173753924,4.310793594569866,6.729999999999999,0.022917643635130772,6.73,0.0,0.022917651,0.0015
4.313509319615309,3.1648346346238294,0.0015,312.6931132224912,4.310657761473045,6.74,0.022917643652354082,6.74,0.0,0.022917651,0.0015
4.313873611619948,3.16707152434801,0.0015,312.6022030018396,4.310521453689989,6.75,0.022917643669893444,6.75,0.0,0.022917651,0.0015
4.314237805703343,3.169308501040272,0.0015,312.51141208784026,4.310384667158771,6.76,0.022917643687751583,6.76,0.0,0.022917651,0.0015
4.314601901025174,3.1715455654469387,0.0015,312.4207415043313,4.3102473977709765,6.770000000000001,0.022917643705931218,6.7700000000000005,0.0,0.022917651,0.0015
4.3149658967354805,3.173782718322896,0.0015,312.33019228689955,4.310109641371053,6.780000000000001,0.02291764372443512,6.78,0.0,0.022917651,0.0015
4.315329791974523,3.176019960431718,0.0015,312.2397654830489,4.309971393755626,6.79,0.022917643743266092,6.79,0.0,0.022917651,0.0015
4.315693585872635,3.1782572925457897,0.0015,312.1494621523729,4.309832650672807,6.8,0.022917643762426963,6.8,0.0,0.022917651,0.0015
4.31604320418843,3.1804447520666614,0.0015,311.90379217742674,4.309677680452972,6.810000000000001,0.022917643759605248,6.8100000000000005,0.0,0.022917651,0.0015
4.316392825608411,3.1826321238730935,0.0015,311.658130099434,4.309522810360032,6.820000000000001,0.022917643755362795,6.82,0.0,0.022917651,0.0015
4.316742450130961,3.1848194080107444,0.0015,311.41247591428396,4.309368040341868,6.830000000000001,0.02291764374970035,6.83,0.0,0.022917651,0.0015
4.317092077754464,3.187006604525244,0.0015,311.16682961786864,4.3092133703463915,6.839999999999999,0.022917643742618652,6.84,0.0,0.022917651,0.0015
4.317441708477308,3.1891937134621893,0.0015,310.92119120608294,4.309058800321557,6.8500000000000005,0.02291764373411843,6.8500000000000005,0.0,0.022917651,0.0015
4.317791342297878,3.191380734867146,0.0015,310.67556067482445,4.3089043302153485,6.86,0.022917643724200437,6.86,0.0,0.022917651,0.0015
4.318140979214566,3.193567668785647,0.0015,310.42993801999387,4.308749959975789,6.870000000000001,0.022917643712865404,6.87,0.0,0.022917651,0.0015
4.3184906192257575,3.1957545152631948,0.0015,310.1843232374946,4.308595689550938,6.879999999999999,0.022917643700114065,6.88,0.0,0.022917651,0.0015
4.3188402623298465,3.197941274345261,0.0015,309.93871632323294,4.308441518888889,6.8900000000000015,0.022917643685947155,6.890000000000001,0.0,0.022917651,0.0015
4.3191899085252246,3.2001279460772833,0.0015,309.69311727311805,4.308287447937774,6.9,0.02291764367036542,6.9,0.0,0.022917651,0.0015
4.31953045557753,3.2022786480329466,0.0015,309.41386286178835,4.3081238292024215,6.910000000000001,0.022917643718547313,6.91,0.0,0.022917651,0.0015
4.319870555671909,3.2044293829749586,0.0015,309.1352668069986,4.3079583894669575,6.920000000000001,0.022917643771264675,6.92,0.0,0.022917651,0.0015
4.320210200261098,3.206580151534124,0.0015,308.8573416986286,4.307791093908044,6.93,0.022917643828604225,6.93,0.0,0.022917651,0.0015
4.320549380578503,3.208730954357435,0.0015,308.58010044962913,4.307621906808738,6.940000000000001,0.022917643890654933,6.94,0.0,0.022917651,0.0015
4.320888087631113,3.2108817921085926,0.0015,308.30355630645215,4.307450791529634,6.95,0.022917643957508053,6.95,0.0,0.022917651,0.0015
4.321226312192149,3.2130326654685497,0.0015,308.02772285988647,4.3072777104789015,6.960000000000001,0.02291764402925721,6.96,0.0,0.022917651,0.0015
4.321564044793414,3.2151835751360784,0.0015,307.75261405632074,4.307102625081129,6.970000000000001,0.022917644105998478,6.97,0.0,0.022917651,0.0015
4.321901275717347,3.217334521828353,0.0015,307.4782442094495,4.30692549574494,6.98,0.022917644187830478,6.98,0.0,0.022917651,0.0015
4.322237994988763,3.2194855062815613,0.0015,307.2046280124458,4.306746281829335,6.990000000000001,0.02291764427485442,6.99,0.0,0.022917651,0.0015
4.322574192366251,3.221636529251539,0.0015,306.9317805506207,4.306564941608666,7.000000000000001,0.02291764436717423,7.0,0.0,0.022917651,0.0015
4.322903470332132,3.2237049637503423,0.0015,306.60046003773226,4.306429650981548,7.010000000000001,0.022917644447169254,7.01,0.0,0.022917651,0.0015
4.323232575386235,3.2257734584092534,0.0015,306.2751699454341,4.3062936086821635,7.020000000000001,0.022917644523261265,7.0200000000000005,0.0,0.022917651,0.0015
4.3235615056138625,3.227842013894438,0.0015,305.9559770500673,4.306156806387059,7.030000000000001,0.022917644595407047,7.03,0.0,0.022917651,0.0015
4.323890259071949,3.229910630881938,0.0015,305.6429491175338,4.306019235649439,7.04,0.02291764466356275,7.04,0.0,0.022917651,0.0015
4.324218833788521,3.2319793100578478,0.0015,305.3361549216942,4.305880887896861,7.050000000000001,0.02291764472768385,7.05,0.0,0.022917651,0.0015
4.324547227762168,3.234048052118505,0.0015,305.03566426317883,4.305741754428909,7.0600000000000005,0.022917644787725178,7.0600000000000005,0.0,0.022917651,0.0015
4.324875438961488,3.2361168577706847,0.0015,304.74154798862133,4.305601826414779,7.07,0.022917644843640877,7.07,0.0,0.022917651,0.0015
4.325203465324521,3.2381857277317905,0.0015,304.45387801032575,4.305461094890836,7.079999999999999,0.0229176448953844,7.08,0.0,0.022917651,0.0015
4.325531304758172,3.2402546627300586,0.0015,304.17272732637923,4.3053195507581075,7.09,0.022917644942908516,7.09,0.0,0.022917651,0.0015
4.32585895513763,3.242323663504764,0.0015,303.89817004122267,4.305177184779716,7.100000000000001,0.022917644986165244,7.1000000000000005,0.0,0.022917651,0.0015
4.326195169634464,3.24441201859697,0.0015,303.96086307261214,4.305041102482955,7.11,0.02291764492765219,7.11,0.0,0.022917651,0.0015
4.326531431579774,3.246500480317752,0.0015,304.02168934656635,4.304905103325503,7.12,0.022917644869340746,7.12,0.0,0.022917651,0.0015
4.326867740499466,3.248589047601706,0.0015,304.08066751522216,4.304769186476651,7.13,0.022917644811228915,7.13,0.0,0.022917651,0.0015
4.327204095925744,3.2506777193975753,0.0015,304.13781598305206,4.304633351116728,7.1400000000000015,0.0229176447533147,7.140000000000001,0.0,0.022917651,0.0015
4.327540497397001,3.252766494668015,0.0015,304.1931529109608,4.304497596436902,7.15,0.02291764469559614,7.15,0.0,0.022917651,0.0015
4.32787694445772,3.2548553723893616,0.0015,304.24669622030154,4.304361921639017,7.16,0.022917644638071305,7.16,0.0,0.022917651,0.0015
4.32821343665837,3.2569443515514136,0.0015,304.2984635968127,4.3042263259354065,7.17,0.02291764458073828,7.17,0.0,0.022917651,0.0015
4.328549973555315,3.2590334311572033,0.0015,304.34847249447716,4.304090808548729,7.18,0.022917644523595185,7.18,0.0,0.022917651,0.0015
4.328886554710712,3.261122610222788,0.0015,304.39674013930613,4.30395536871179,7.190000000000001,0.022917644466640148,7.19,0.0,0.022917651,0.0015
4.3292231796924145,3.2632118877770324,0.0015,304.44328353304905,4.303820005667391,7.200000000000001,0.022917644409871346,7.2,0.0,0.022917651,0.0015
4.329543100804865,3.265260061823893,0.0015,304.3275254603631,4.30365055233588,7.210000000000001,0.02291764451077899,7.21,0.0,0.022917651,0.0015
4.329862891917572,3.2673082451108613,0.0015,304.21181213322535,4.303480569798683,7.220000000000001,0.022917644610623133,7.22,0.0,0.022917651,0.0015
4.33018255039295,3.26935643782541,0.0015,304.096144459485,4.303310047318663,7.23,0.02291764470938219,7.23,0.0,0.022917651,0.0015
4.330502073521576,3.27140464016012,0.0015,303.98052337171856,4.30313897386624,7.240000000000001,0.022917644807034013,7.24,0.0,0.022917651,0.0015
4.330821458519724,3.2734528523128517,0.0015,303.86494982807613,4.302967338109365,7.25,0.022917644903555825,7.25,0.0,0.022917651,0.0015
4.331140702526805,3.2755010744869306,0.0015,303.74942481316504,4.3027951284030905,7.260000000000001,0.02291764499892422,7.26,0.0,0.022917651,0.0015
4.331459802602691,3.2775493068913346,0.0015,303.63394933896876,4.302622332778684,7.2700000000000005,0.022917645093115144,7.2700000000000005,0.0,0.022917651,0.0015
4.331779047498695,3.279597803712094,0.0015,303.518006658964,4.302449852005962,7.280000000000001,0.022917645185508775,7.28,0.0,0.022917651,0.0015
4.3320992774574565,3.2816472974349558,0.0015,303.4002188090254,4.302280314423312,7.290000000000001,0.022917645273369272,7.29,0.0,0.022917651,0.0015
4.332419536799018,3.2836969554301647,0.0015,303.2823555815385,4.3021107301036405,7.3,0.022917645358015007,7.3,0.0,0.022917651,0.0015
4.332740068333195,3.2857184415090934,0.0015,303.4091059526716,4.301962254276218,7.310000000000001,0.02291764539994317,7.3100000000000005,0.0,0.022917651,0.0015
4.333060427617868,3.2877400107870454,0.0015,303.54291195008653,4.301813006414365,7.320000000000001,0.022917645444068692,7.32,0.0,0.022917651,0.0015
4.333380611965197,3.2897616645622856,0.0015,303.6838836721379,4.301662974470996,7.33,0.02291764549042586,7.33,0.0,0.022917651,0.0015
4.33370061863113,3.291783404160233,0.0015,303.83213351984017,4.3015121461470684,7.34,0.022917645539049687,7.34,0.0,0.022917651,0.0015
4.334020444813918,3.293805230934171,0.0015,303.98777625738194,4.301360508884957,7.3500000000000005,0.02291764558997591,7.3500000000000005,0.0,0.022917651,0.0015
4.3343400876526,3.2958271462659865,0.0015,304.1509290745604,4.301208049861625,7.359999999999999,0.02291764564324103,7.36,0.0,0.022917651,0.0015
4.334659544225424,3.2978491515669295,0.0015,304.32171165120496,4.301054755981574,7.37,0.022917645698882314,7.37,0.0,0.022917651,0.0015
4.334978811548225,3.2998712482783934,0.0015,304.5002462236651,4.3009006138695645,7.380000000000001,0.022917645756937832,7.38,0.0,0.022917651,0.0015
4.33529788657275,3.3018934378727303,0.0015,304.6866576534404,4.300745609863116,7.3900000000000015,0.02291764581744647,7.390000000000001,0.0,0.022917651,0.0015
4.33561676618493,3.3039157218540796,0.0015,304.88107349803295,4.300589730004745,7.4,0.022917645880447955,7.4,0.0,0.022917651,0.0015
4.335928655179549,3.305903166884171,0.0015,304.8615997729346,4.3004327973891305,7.41,0.022917645803261263,7.41,0.0,0.022917651,0.0015
4.336240204257154,3.3078907083652345,0.0015,304.8427153583622,4.3002744085459055,7.42,0.022917645731311505,7.42,0.0,0.022917651,0.0015
4.336551407701501,3.3098783479192466,0.0015,304.82443016450844,4.300114538986285,7.429999999999999,0.02291764566468675,7.43,0.0,0.022917651,0.0015
4.336862259667453,3.311866087204757,0.0015,304.80675432502613,4.299953163669307,7.44,0.022917645603477064,7.44,0.0,0.022917651,0.0015
4.337172754177324,3.313853927917924,0.0015,304.78969820336226,4.299790256986165,7.45,0.02291764554777453,7.45,0.0,0.022917651,0.0015
4.337482885117107,3.3158418717935905,0.0015,304.77327239930884,4.299625792744029,7.46,0.02291764549767335,7.46,0.0,0.022917651,0.0015
4.337792646232559,3.3178299206063877,0.0015,304.757487755779,4.299459744149305,7.47,0.02291764545326988,7.47,0.0,0.022917651,0.0015
4.338102031125162,3.3198180761718867,0.0015,304.7423553658172,4.299292083790299,7.480000000000001,0.022917645414662697,7.48,0.0,0.022917651,0.0015
4.338411033247936,3.3218063403477847,0.0015,304.7278865798548,4.299122783619301,7.490000000000001,0.02291764538195267,7.49,0.0,0.022917651,0.0015
4.338719645901104,3.3237947150351315,0.0015,304.7140930132174,4.298951814934026,7.500000000000001,0.022917645355243012,7.5,0.0,0.022917651,0.0015
4.33902857666162,3.325754299172661,0.0015,304.7439594784519,4.298803185746041,7.510000000000001,0.022917645392396442,7.51,0.0,0.022917651,0.0015
4.3393374489256145,3.327713993254958,0.0015,304.7740080928152,4.2986542125799305,7.520000000000001,0.022917645429702246,7.5200000000000005,0.0,0.022917651,0.0015
4.339646262249077,3.3296737981165414,0.0015,304.8042402388874,4.298504892824769,7.53,0.022917645467161574,7.53,0.0,0.022917651,0.0015
4.339955016183495,3.331633714600404,0.0015,304.8346573132767,4.298355223843146,7.54,0.022917645504775607,7.54,0.0,0.022917651,0.0015
4.340263710275788,3.333593743558107,0.0015,304.86526072679743,4.298205202970818,7.55,0.022917645542545516,7.55,0.0,0.022917651,0.0015
4.340572344068258,3.3355538858499,0.0015,304.8960519046513,4.298054827516375,7.5600000000000005,0.022917645580472497,7.5600000000000005,0.0,0.022917651,0.0015
4.340880917098528,3.3375141423448276,0.0015,304.9270322866111,4.297904094760888,7.570000000000001,0.022917645618557744,7.57,0.0,0.022917651,0.0015
4.341189428899481,3.339474513920838,0.0015,304.9582033272078,4.2977530019575605,7.580000000000001,0.02291764565680249,7.58,0.0,0.022917651,0.0015
4.341497878999199,3.3414350014649075,0.0015,304.98956649591975,4.297601546331365,7.590000000000001,0.022917645695207954,7.59,0.0,0.022917651,0.0015
4.341806266920902,3.3433956058731464,0.0015,305.0211232773652,4.297449725078688,7.6000000000000005,0.02291764573377538,7.6000000000000005,0.0,0.022917651,0.0015
4.3421059877861135,3.345323120392142,0.0015,304.8345141547803,4.297288807943753,7.61,0.022917645864272706,7.61,0.0,0.022917651,0.0015
4.342405699907186,3.347250683637587,0.0015,304.6480046094922,4.297127807089601,7.620000000000001,0.02291764599431477,7.62,0.0,0.022917651,0.0015
4.342705403250349,3.349178295797651,0.0015,304.46159502605013,4.296966722192923,7.629999999999999,0.0229176461238998,7.63,0.0,0.022917651,0.0015
4.343005097781663,3.3511059570614785,0.0015,304.275285790986,4.296805552928744,7.640000000000001,0.02291764625302605,7.640000000000001,0.0,0.022917651,0.0015
4.343304783467011,3.3530336676191888,0.0015,304.0890772928271,4.296644298970412,7.65,0.02291764638169173,7.65,0.0,0.022917651,0.0015
4.343604460272095,3.3549614276618827,0.0015,303.9029699221089,4.296482959989583,7.66,0.02291764650989506,7.66,0.0,0.022917651,0.0015
4.343904128162449,3.356889237381652,0.0015,303.7169640713884,4.29632153565622,7.67,0.02291764663763424,7.67,0.0,0.022917651,0.0015
4.344203787103418,3.358817096971583,0.0015,303.53106013525695,4.29616002563857,7.68,0.022917646764907474,7.68,0.0,0.022917651,0.0015
4.344503437060175,3.360745006625765,0.0015,303.3452585103534,4.29599842960316,7.690000000000001,0.022917646891712936,7.69,0.0,0.022917651,0.0015
4.3448030779977085,3.3626729665392934,0.0015,303.1595595953775,4.295836747214785,7.7,0.022917647018048822,7.7,0.0,0.022917651,0.0015
4.345097692281986,3.3645719059740364,0.0015,303.49489203362657,4.295676651688058,7.71,0.022917647053568357,7.71,0.0,0.022917651,0.0015
4.345392252743838,3.3664709602255036,0.0015,303.83044345076286,4.295516226025988,7.72,0.022917647089034876,7.72,0.0,0.022917651,0.0015
4.3456867590854635,3.3683701299289726,0.0015,304.16621505839026,4.295355468401949,7.73,0.022917647124448087,7.73,0.0,0.022917651,0.0015
4.345981211006865,3.370269415724416,0.0015,304.5022080770677,4.295194376975809,7.740000000000001,0.0229176471598077,7.74,0.0,0.022917651,0.0015
4.346275608205822,3.372168818256547,0.0015,304.8384237363914,4.295032949893815,7.75,0.022917647195113414,7.75,0.0,0.022917651,0.0015
4.346569950377872,3.3740683381748586,0.0015,305.17486327507953,4.294871185288457,7.76,0.022917647230364924,7.76,0.0,0.022917651,0.0015
4.346865684786146,3.3759690940318845,0.0015,305.51180677612143,4.294713754210558,7.7700000000000005,0.02291764726016611,7.7700000000000005,0.0,0.022917651,0.0015
4.347161472089384,3.377870041303439,0.0015,305.8489965924156,4.294556343331211,7.780000000000001,0.022917647289697807,7.78,0.0,0.022917651,0.0015
4.347457214681612,3.3797711050155836,0.0015,306.1864150925178,4.294398637164091,7.790000000000001,0.022917647319329694,7.79,0.0,0.022917651,0.0015
4.3477529123354035,3.381672285760609,0.0015,306.52406343965924,4.294240634207177,7.800000000000001,0.022917647349062268,7.8,0.0,0.022917651,0.0015
4.348053703648301,3.3835501461456556,0.0015,306.4835084513167,4.294119187376793,7.81,0.022917647386898898,7.8100000000000005,0.0,0.022917651,0.0015
4.3483544183932965,3.3854281373822763,0.0015,306.44306821135024,4.293997303462942,7.820000000000001,0.02291764742475168,7.82,0.0,0.022917651,0.0015
4.348655055919908,3.3873062605821156,0.0015,306.40274369460053,4.293874978752391,7.83,0.022917647462620764,7.83,0.0,0.022917651,0.0015
4.348955615570266,3.3891845168694466,0.0015,306.3625358869818,4.293752209489738,7.839999999999999,0.022917647500506285,7.84,0.0,0.022917651,0.0015
4.349256096679011,3.391062907381349,0.0015,306.3224457856396,4.293628991876792,7.8500000000000005,0.022917647538408383,7.8500000000000005,0.0,0.022917651,0.0015
4.3495564985731745,3.392941433267892,0.0015,306.2824743991114,4.293505322071976,7.860000000000001,0.022917647576327194,7.86,0.0,0.022917651,0.0015
4.349856820572083,3.394820095692324,0.0015,306.24262274748946,4.2933811961896975,7.87,0.02291764761426287,7.87,0.0,0.022917651,0.0015
4.350157061987243,3.3966988958312565,0.0015,306.20289186258674,4.293256610299716,7.88,0.02291764765221555,7.88,0.0,0.022917651,0.0015
4.3504572221222215,3.398577834874861,0.0015,306.163282788106,4.293131560426507,7.890000000000001,0.022917647690185387,7.890000000000001,0.0,0.022917651,0.0015
4.3507573002725435,3.4004569140270613,0.0015,306.12379657981137,4.2930060425486,7.9,0.022917647728172532,7.9,0.0,0.022917651,0.0015
4.3510438166453405,3.402299690837909,0.0015,307.0129745781197,4.292855622489514,7.91,0.022917647724781765,7.91,0.0,0.022917651,0.0015
4.351330332883012,3.404142476853382,0.0015,307.9021684921576,4.292705192679383,7.92,0.02291764772140595,7.92,0.0,0.022917651,0.0015
4.351616848985315,3.4059852720900694,0.0015,308.7913783506106,4.292554753100634,7.93,0.022917647718045123,7.930000000000001,0.0,0.022917651,0.0015
4.351903364952004,3.407828076564603,0.0015,309.6806041822334,4.29240430373565,7.94,0.02291764771469931,7.94,0.0,0.022917651,0.0015
4.352189880782835,3.40967089029365,0.0015,310.5698460158498,4.292253844566772,7.95,0.022917647711368533,7.95,0.0,0.022917651,0.0015
4.352476396477563,3.4115137132939224,0.0015,311.459103880353,4.292103375576296,7.96,0.02291764770805282,7.96,0.0,0.022917651,0.0015
4.352762912035942,3.413356545582169,0.0015,312.3483778047057,4.29195289674648,7.97,0.0229176477047522,7.97,0.0,0.022917651,0.0015
4.353049427457726,3.415199387175182,0.0015,313.23766781794075,4.291802408059536,7.98,0.0229176477014667,7.98,0.0,0.022917651,0.0015
4.3533359427426666,3.417042238089791,0.0015,314.12697394916063,4.291651909497633,7.99,0.022917647698196358,7.99,0.0,0.022917651,0.0015
4.353622457890517,3.418885098342868,0.0015,315.0162962275382,4.291501401042898,8.0,0.02291764769494118,8.0,0.0,0.022917651,0.0015
