log_Teff,LogL_lsun,Age_gyr,Step,Log_g,Mass_msun,feh,Mass_input,Metallicity_input,Z_used,Age_input
3.541100103148504,-1.913290389810053,9.5,318.08357004904923,4.947596897977406,0.3,0.027211194127568592,0.3,0.0,0.022917651,9.5
3.541250864125363,-1.9108063580609407,9.5,318.1015600240375,4.946965297351574,0.301,0.027185767168929544,0.301,0.0,0.022917651,9.5
3.5414016768941274,-1.9083230351996359,9.5,318.1165985066284,4.946334612775047,0.302,0.027160042401253442,0.302,0.0,0.022917651,9.5
3.5415525414067313,-1.9058404205682429,9.5,318.1286882360043,4.945704843397669,0.30299999999999994,0.027134020100926966,0.303,0.0,0.022917651,9.5
3.541703457615166,-1.9033585135096807,9.5,318.1378319479589,4.945075988370336,0.30400000000000005,0.027107700543994934,0.304,0.0,0.022917651,9.5
3.541854425471486,-1.9008773133676806,9.5,318.14403237490274,4.944448046844996,0.305,0.027081084006160744,0.305,0.0,0.022917651,9.5
3.5420054449278027,-1.8983968194867848,9.5,318.14729224586824,4.943821017974644,0.30600000000000005,0.02705417076278698,0.306,0.0,0.022917651,9.5
3.5421565159362864,-1.895917031212346,9.5,318.14761428651525,4.943194900913321,0.307,0.0270269610888959,0.307,0.0,0.022917651,9.5
3.542307638449167,-1.8934379478905252,9.5,318.14500121913596,4.9425696948161155,0.308,0.026999455259169962,0.308,0.0,0.022917651,9.5
3.5424588124187353,-1.8909595688682925,9.5,318.1394557626601,4.941945398839158,0.309,0.026971653547952376,0.309,0.0,0.022917651,9.5
3.5426100377973366,-1.8884818934934215,9.5,318.13098063266017,4.9413220121396195,0.30999999999999994,0.026943556229247573,0.31,0.0,0.022917651,9.5
3.542761314537379,-1.8860049211144938,9.5,318.1195785413567,4.940699533875716,0.311,0.026915163576721794,0.311,0.0,0.022917651,9.5
3.542912642591328,-1.883528651080893,9.5,318.10525219762354,4.940077963206696,0.312,0.02688647586370356,0.312,0.0,0.022917651,9.5
3.543064021911708,-1.8810530827428067,9.5,318.0880043069927,4.939457299292851,0.313,0.026857493363184222,0.313,0.0,0.022917651,9.5
3.5432154524511015,-1.878578215451222,9.5,318.0678375716594,4.938837541295505,0.314,0.02682821634781847,0.314,0.0,0.022917651,9.5
3.543366934162149,-1.8761040485579281,9.5,318.0447546904881,4.938218688377015,0.31499999999999995,0.02679864508992484,0.315,0.0,0.022917651,9.5
3.5435184669975515,-1.873630581415512,9.5,318.0187583590166,4.937600739700775,0.316,0.026768779861486274,0.316,0.0,0.022917651,9.5
3.5436700509100647,-1.8711578133773583,9.5,317.98985126946144,4.936983694431203,0.317,0.02673862093415057,0.317,0.0,0.022917651,9.5
3.5438216858525062,-1.8686857437976485,9.5,317.95803611072336,4.936367551733751,0.318,0.026708168579230963,0.318,0.0,0.022917651,9.5
3.5439733717777493,-1.8662143720313589,9.5,317.92331556839207,4.935752310774898,0.319,0.026677423067706606,0.319,0.0,0.022917651,9.5
3.5441251086387267,-1.8637436974342607,9.5,317.8856923247517,4.93513797072215,0.32,0.026646384670223077,0.32,0.0,0.022917651,9.5
3.5442768963884275,-1.8612737193629167,9.5,317.84516905878536,4.934524530744033,0.32099999999999995,0.026615053657092935,0.321,0.0,0.022917651,9.5
3.544428734979901,-1.8588044371746817,9.5,317.8017484461806,4.9339119900101,0.322,0.026583430298296174,0.322,0.0,0.022917651,9.5
3.544580624366251,-1.8563358502277008,9.5,317.7554331593343,4.933300347690923,0.323,0.026551514863480768,0.323,0.0,0.022917651,9.5
3.544732564500642,-1.8538679578809087,9.5,317.706225867358,4.932689602958097,0.32400000000000007,0.026519307621963188,0.324,0.0,0.022917651,9.5
3.5448845553362935,-1.8514007594940274,9.5,317.6541292360825,4.932079754984231,0.325,0.026486808842728894,0.325,0.0,0.022917651,9.5
3.5450365968264856,-1.8489342544275658,9.5,317.5991459280633,4.931470802942953,0.32600000000000007,0.02645401879443285,0.326,0.0,0.022917651,9.5
3.545188688924553,-1.8464684420428186,9.5,317.5412786025854,4.9308627460089065,0.327,0.02642093774540002,0.327,0.0,0.022917651,9.5
3.545340831583888,-1.8440033217018634,9.5,317.48052991566857,4.930255583357745,0.328,0.02638756596362591,0.328,0.0,0.022917651,9.5
3.545493024757942,-1.8415388927675633,9.5,317.4169025200719,4.929649314166139,0.329,0.026353903716777014,0.329,0.0,0.022917651,9.5
3.5456452684002215,-1.8390751546035609,9.5,317.35039906529937,4.929043937611767,0.33,0.026319951272191375,0.33,0.0,0.022917651,9.5
3.5457975624642915,-1.8366121065742818,9.5,317.28102219760433,4.928439452873314,0.33100000000000007,0.026285708896879072,0.331,0.0,0.022917651,9.5
3.5459499069037723,-1.8341497480449285,9.5,317.20877455999477,4.927835859130476,0.33199999999999996,0.0262511768575227,0.332,0.0,0.022917651,9.5
3.5461023016723425,-1.8316880783814835,9.5,317.1336587922383,4.927233155563953,0.333,0.026216355420477906,0.333,0.0,0.022917651,9.5
3.546254746723738,-1.8292270969507063,9.5,317.0556775308672,4.926631341355448,0.3340000000000001,0.026181244851773845,0.334,0.0,0.022917651,9.5
3.546407242011749,-1.8267668031201314,9.5,316.9748334091828,4.926030415687671,0.3350000000000001,0.02614584541711375,0.335,0.0,0.022917651,9.5
3.5465597874902244,-1.824307196258069,9.5,316.8911290572612,4.925430377744326,0.336,0.02611015738187536,0.336,0.0,0.022917651,9.5
3.5467120468493922,-1.8218612499341735,9.5,316.82026432799154,4.924842856075861,0.3370000000000001,0.026074365980464205,0.337,0.0,0.022917651,9.5
3.5468643415415455,-1.819416151082309,9.5,316.7473948590362,4.924256323235635,0.338,0.026038331267030153,0.338,0.0,0.022917651,9.5
3.547016688488127,-1.816971251104979,9.5,316.67173235292756,4.923670198301652,0.339,0.026002043386155846,0.339,0.0,0.022917651,9.5
3.5471690880305045,-1.8145265513013877,9.5,316.5932585633696,4.9230844839386725,0.34,0.02596550068395421,0.34,0.0,0.022917651,9.5
3.5473215405130234,-1.8120820529820805,9.5,316.5119550847877,4.922499182834724,0.341,0.025928701492100775,0.341,0.0,0.022917651,9.5
3.5474740462830425,-1.8096377574690659,9.5,316.4278033505861,4.921914297701344,0.342,0.02589164412767575,0.342,0.0,0.022917651,9.5
3.5476266056909673,-1.8071936660959458,9.5,316.3407846313839,4.9213298312738445,0.3430000000000001,0.025854326893004115,0.343,0.0,0.022917651,9.5
3.547779219090281,-1.8047497802080392,9.5,316.25088003322685,4.920745786311575,0.344,0.025816748075493518,0.34400000000000003,0.0,0.022917651,9.5
3.5479318868375804,-1.8023061011625123,9.5,316.15807049577563,4.920162165598183,0.3450000000000001,0.025778905947470086,0.34500000000000003,0.0,0.022917651,9.5
3.548084609292608,-1.7998626303285095,9.5,316.06233679047034,4.919578971941882,0.3460000000000001,0.025740798766012044,0.34600000000000003,0.0,0.022917651,9.5
3.5482373868182906,-1.7974193690872855,9.5,315.9636595186706,4.918996208175731,0.34700000000000003,0.025702424772781125,0.34700000000000003,0.0,0.022917651,9.5
3.5483902197807713,-1.7949763188323398,9.5,315.86201910977104,4.918413877157894,0.3480000000000001,0.02566378219385173,0.34800000000000003,0.0,0.022917651,9.5
3.548543108549445,-1.7925334809695515,9.5,315.7573958192912,4.917831981771936,0.3490000000000001,0.02562486923953783,0.34900000000000003,0.0,0.022917651,9.5
3.548696053496998,-1.790090856917319,9.5,315.64976972694046,4.917250524927095,0.35000000000000003,0.025585684104217552,0.35000000000000003,0.0,0.022917651,9.5
3.5488490549994403,-1.7876484481066985,9.5,315.53912073465676,4.916669509558572,0.35100000000000003,0.025546224966155398,0.35100000000000003,0.0,0.022917651,9.5
3.549002113436146,-1.7852062559815456,9.5,315.4254285646191,4.91608893862782,0.35200000000000004,0.025506489987322106,0.352,0.0,0.022917651,9.5
3.5491552291898905,-1.7827642819986582,9.5,315.3086727572334,4.915508815122839,0.35300000000000004,0.02546647731321206,0.353,0.0,0.022917651,9.5
3.549308402646888,-1.7803225276279242,9.5,315.18883266909114,4.914929142058477,0.35400000000000004,0.025426185072658283,0.354,0.0,0.022917651,9.5
3.5494616341968293,-1.7778809943524645,9.5,315.0658874709002,4.914349922476724,0.355,0.02538561137764487,0.355,0.0,0.022917651,9.5
3.5496149242329227,-1.7754396836687871,9.5,314.9398161453879,4.913771159447026,0.356,0.025344754323116933,0.356,0.0,0.022917651,9.5
3.5497682731519338,-1.7729985970869357,9.5,314.8105974851763,4.913192856066595,0.357,0.025303611986787947,0.357,0.0,0.022917651,9.5
3.5499216813542236,-1.770557736130643,9.5,314.6782100906267,4.912615015460716,0.358,0.02526218242894448,0.358,0.0,0.022917651,9.5
3.5500751492437925,-1.768117102337487,9.5,314.542632367657,4.912037640783078,0.35900000000000004,0.02522046369224826,0.359,0.0,0.022917651,9.5
3.5502286772283194,-1.765676697259049,9.5,314.40384252552747,4.9114607352160835,0.36,0.025178453801535536,0.36,0.0,0.022917651,9.5
3.5503822657192052,-1.7632365224610729,9.5,314.2618185745977,4.9108843019711905,0.361,0.025136150763613686,0.361,0.0,0.022917651,9.5
3.550535915131613,-1.7607965795236256,9.5,314.1165383240514,4.910308344289232,0.36200000000000004,0.025093552567055057,0.362,0.0,0.022917651,9.5
3.5506896258845138,-1.7583568700412637,9.5,313.96797937959036,4.909732865440761,0.363,0.02505065718198795,0.363,0.0,0.022917651,9.5
3.5508433984007293,-1.7559173956231995,9.5,313.8161191410977,4.909157868726388,0.36400000000000005,0.025007462559884723,0.364,0.0,0.022917651,9.5
3.550997233106976,-1.7534781578934682,9.5,313.6609348002669,4.908583357477129,0.365,0.024963966633346973,0.365,0.0,0.022917651,9.5
3.5511511304339107,-1.7510391584911,9.5,313.50240333819954,4.908009335054755,0.366,0.02492016731588774,0.366,0.0,0.022917651,9.5
3.551305090816174,-1.7486003990702934,9.5,313.3405015229689,4.907435804852149,0.36699999999999994,0.024876062501710698,0.367,0.0,0.022917651,9.5
3.5514591146924412,-1.7461618813005924,9.5,313.1752059071504,4.9068627702936665,0.368,0.024831650065486245,0.368,0.0,0.022917651,9.5
3.5516132025054636,-1.7437236068670616,9.5,313.0064928253163,4.9062902348355,0.369,0.024786927862124504,0.369,0.0,0.022917651,9.5
3.5517673547021196,-1.7412855774704703,9.5,312.8343383914968,4.905718201966052,0.37,0.024741893726545144,0.37,0.0,0.022917651,9.5
3.5519215717334625,-1.7388477948274743,9.5,312.6587184966049,4.905146675206309,0.371,0.024696545473443944,0.371,0.0,0.022917651,9.5
3.552075854054767,-1.736410260670803,9.5,312.4796088058248,4.9045756581102244,0.37199999999999994,0.024650880897056113,0.372,0.0,0.022917651,9.5
3.5522302021255814,-1.733972976749445,9.5,312.2969847559642,4.904005154265104,0.37300000000000005,0.024604897770916283,0.373,0.0,0.022917651,9.5
3.552384616409777,-1.7315359448288428,9.5,312.110821552769,4.903435167292,0.37399999999999994,0.02455859384761507,0.374,0.0,0.022917651,9.5
3.5525390973755995,-1.7290991666910855,9.5,311.9210941681995,4.902865700846105,0.37500000000000006,0.02451196685855226,0.375,0.0,0.022917651,9.5
3.552693645495719,-1.7266626441351047,9.5,311.7277773376689,4.902296758617162,0.37600000000000006,0.024465014513686427,0.376,0.0,0.022917651,9.5
3.552848015280434,-1.7242304031090612,9.5,311.54351318891474,4.901731384393607,0.377,0.024418197127208878,0.377,0.0,0.022917651,9.5
3.5530023776145474,-1.7217993678418564,9.5,311.3596310767096,4.9011671860477,0.378,0.02437119793709856,0.378,0.0,0.022917651,9.5
3.5531568253703365,-1.7193679928790144,9.5,311.1713683194798,4.900602989683217,0.379,0.02432383976640791,0.379,0.0,0.022917651,9.5
3.5533113601461994,-1.7169362718641954,9.5,310.97864294717715,4.900038795337235,0.38,0.024276115897939973,0.38,0.0,0.022917651,9.5
3.5534659835806637,-1.7145041982814786,9.5,310.78137093183386,4.899474603047757,0.381,0.02422801944585751,0.381,0.0,0.022917651,9.5
3.553620697353655,-1.712071765450324,9.5,310.579466122573,4.898910412853754,0.382,0.024179543350357314,0.382,0.0,0.022917651,9.5
3.553775503187809,-1.7096389665203386,9.5,310.3728401781399,4.898346224795183,0.38300000000000006,0.02413068037214136,0.383,0.0,0.022917651,9.5
3.55393040284984,-1.7072057944658448,9.5,310.16140249684406,4.897782038913023,0.384,0.02408142308667576,0.384,0.0,0.022917651,9.5
3.5540853981519587,-1.7047722420802378,9.5,309.945060143795,4.89721785524931,0.385,0.02403176387822796,0.385,0.0,0.022917651,9.5
3.554240490953348,-1.7023383019701246,9.5,309.7237177753093,4.896653673847171,0.386,0.023981694933672134,0.386,0.0,0.022917651,9.5
3.5543956831616925,-1.6999039665492308,9.5,309.4972775603587,4.8960894947508535,0.38700000000000007,0.023931208236052076,0.387,0.0,0.022917651,9.5
3.5545509767347716,-1.697469228032071,9.5,309.26563909892553,4.895525318005772,0.388,0.023880295557890688,0.388,0.0,0.022917651,9.5
3.5547063736821154,-1.6950340784273656,9.5,309.0286993371192,4.894961143658539,0.38900000000000007,0.023828948454234035,0.389,0.0,0.022917651,9.5
3.5548618760667243,-1.6925985095311977,9.5,308.7863524789064,4.894396971757006,0.39,0.023777158255417898,0.39,0.0,0.022917651,9.5
3.5550174860068613,-1.6901625129198907,9.5,308.5384898942933,4.893832802350309,0.391,0.023724916059543584,0.391,0.0,0.022917651,9.5
3.555173205677913,-1.6877260799426022,9.5,308.2850000237946,4.893268635488908,0.392,0.023672212724649443,0.392,0.0,0.022917651,9.5
3.55532903731433,-1.6852892017136134,9.5,308.02576827901095,4.89270447122463,0.393,0.023619038860563525,0.393,0.0,0.022917651,9.5
3.555484983211643,-1.6828518691043042,9.5,307.7606769391307,4.892140309610726,0.3940000000000001,0.02356538482042215,0.394,0.0,0.022917651,9.5
3.5556410457285668,-1.6804140727347945,9.5,307.48960504315727,4.891576150701905,0.395,0.023511240691838364,0.395,0.0,0.022917651,9.5
3.555797227289188,-1.6779758029652412,9.5,307.21242827765803,4.891011994554396,0.396,0.023456596287703173,0.396,0.0,0.022917651,9.5
3.5559535303852456,-1.675537049886769,9.5,306.92901885981183,4.890447841225999,0.397,0.023401441136601756,0.397,0.0,0.022917651,9.5
3.556109957578507,-1.673097803312018,9.5,306.6392454155279,4.889883690776134,0.3980000000000001,0.023345764472825624,0.398,0.0,0.022917651,9.5
3.556266511503245,-1.6706580527652928,9.5,306.34297285238955,4.889319543265906,0.399,0.02328955522596074,0.399,0.0,0.022917651,9.5
3.5564231948688265,-1.6682177874722872,9.5,306.0400622271653,4.888755398758161,0.4000000000000001,0.023232802010030487,0.4,0.0,0.022917651,9.5
3.556649361545134,-1.6655473974886277,9.5,306.1766131814834,4.88795877562672,0.401,0.023229993266351483,0.401,0.0,0.022917651,9.5
3.5568755311469196,-1.6628769819498168,9.5,306.3132161669206,4.8871621386423625,0.4020000000000001,0.0232271838073336,0.402,0.0,0.022917651,9.5
3.5571017037052655,-1.6602065405843343,9.5,306.44987173629943,4.886365487657903,0.403,0.02322437362537648,0.403,0.0,0.022917651,9.5
3.5573278792516967,-1.6575360731168014,9.5,306.5865804503014,4.885568822524064,0.404,0.023221562712771707,0.404,0.0,0.022917651,9.5
3.5575540578181872,-1.654865579267909,9.5,306.723342877608,4.884772143089438,0.405,0.02321875106170088,0.405,0.0,0.022917651,9.5
3.557780239437171,-1.6521950587543495,9.5,306.86015959504306,4.883975449200451,0.4060000000000001,0.02321593866423367,0.406,0.0,0.022917651,9.5
3.558006424141544,-1.649524511288744,9.5,306.9970311877195,4.883178740701319,0.40700000000000003,0.023213125512325763,0.40700000000000003,0.0,0.022917651,9.5
3.5582326119646797,-1.6468539365795685,9.5,307.13395824918877,4.882382017434014,0.40800000000000003,0.023210311597816845,0.40800000000000003,0.0,0.022917651,9.5
3.5584588029404345,-1.6441833343310808,9.5,307.27094138159316,4.88158527923822,0.4090000000000001,0.0232074969124285,0.40900000000000003,0.0,0.022917651,9.5
3.558684997103156,-1.6415127042432411,9.5,307.4079811958223,4.880788525951291,0.41000000000000003,0.02320468144776202,0.41000000000000003,0.0,0.022917651,9.5
3.558911194487692,-1.6388420460116362,9.5,307.5450783116721,4.879991757408213,0.4110000000000001,0.02320186519529629,0.41100000000000003,0.0,0.022917651,9.5
3.559137395129401,-1.6361713593273977,9.5,307.6822333580079,4.879194973441553,0.41200000000000003,0.02319904814638548,0.41200000000000003,0.0,0.022917651,9.5
3.5593635990641608,-1.6335006438771216,9.5,307.8194469729311,4.878398173881422,0.41300000000000014,0.023196230292256783,0.41300000000000003,0.0,0.022917651,9.5
3.5595898063283773,-1.6308298993427834,9.5,307.9567198039489,4.877601358555425,0.41400000000000003,0.0231934116240081,0.41400000000000003,0.0,0.022917651,9.5
3.5598160169589956,-1.6281591254016543,9.5,308.0940525081487,4.876804527288617,0.41500000000000004,0.02319059213260558,0.41500000000000004,0.0,0.022917651,9.5
3.560042230993511,-1.6254883217262124,9.5,308.23144575237586,4.876007679903457,0.4160000000000001,0.023187771808881253,0.41600000000000004,0.0,0.022917651,9.5
3.5602684484699743,-1.6228174879840536,9.5,308.3689002134151,4.875210816219755,0.4170000000000001,0.02318495064353049,0.417,0.0,0.022917651,9.5
3.5604946694270074,-1.6201466238378008,9.5,308.50641657817687,4.874413936054624,0.418,0.023182128627109437,0.418,0.0,0.022917651,9.5
3.5607208939038126,-1.617475728945011,9.5,308.6439955438874,4.873617039222434,0.41899999999999993,0.023179305750032433,0.419,0.0,0.022917651,9.5
3.560947121940184,-1.614804802958078,9.5,308.7816378182827,4.872820125534756,0.42,0.023176482002569318,0.42,0.0,0.022917651,9.5
3.5611733535765153,-1.6121338455241376,9.5,308.9193441198076,4.872023194800309,0.421,0.023173657374842706,0.421,0.0,0.022917651,9.5
3.561399588853815,-1.6094628562849644,9.5,309.0571151778191,4.871226246824905,0.42200000000000004,0.02317083185682518,0.422,0.0,0.022917651,9.5
3.561625827813717,-1.6067918348768728,9.5,309.1949517327942,4.8704292814114,0.42299999999999993,0.02316800543833645,0.423,0.0,0.022917651,9.5
3.5618520704984924,-1.6041207809306102,9.5,309.3328545365428,4.869632298359628,0.42400000000000004,0.023165178109040428,0.424,0.0,0.022917651,9.5
3.562078316951062,-1.6014496940712508,9.5,309.47082435242504,4.868835297466349,0.425,0.0231623498584422,0.425,0.0,0.022917651,9.5
3.562304567215006,-1.598778573918087,9.5,309.6088619555743,4.868038278525192,0.42599999999999993,0.023159520675885018,0.426,0.0,0.022917651,9.5
3.562530821334584,-1.5961074200845171,9.5,309.74696813312505,4.867241241326585,0.42699999999999994,0.023156690550547133,0.427,0.0,0.022917651,9.5
3.5627570793547396,-1.5934362321779305,9.5,309.88514368444567,4.866444185657706,0.42800000000000005,0.02315385947143858,0.428,0.0,0.022917651,9.5
3.5629833413211194,-1.5907650097995893,9.5,310.0233894213772,4.865647111302404,0.42899999999999994,0.023151027427397955,0.429,0.0,0.022917651,9.5
3.5632096072800845,-1.5880937525445114,9.5,310.1617061684779,4.864850018041147,0.42999999999999994,0.02314819440708898,0.43,0.0,0.022917651,9.5
3.5634358772787253,-1.5854224600013453,9.5,310.3000947632729,4.864052905650952,0.431,0.02314536039899712,0.431,0.0,0.022917651,9.5
3.563662151364875,-1.582751131752245,9.5,310.4385560565099,4.86325577390531,0.432,0.02314252539142605,0.432,0.0,0.022917651,9.5
3.5638884295871267,-1.5800797673727414,9.5,310.5770909124218,4.862458622574128,0.433,0.023139689372494044,0.433,0.0,0.022917651,9.5
3.5641147119948444,-1.57740836643161,9.5,310.7157002089943,4.8616614514236485,0.434,0.023136852330130304,0.434,0.0,0.022917651,9.5
3.564340998638183,-1.5747369284907389,9.5,310.85438483824095,4.860864260216378,0.435,0.02313401425207117,0.435,0.0,0.022917651,9.5
3.5645672895681,-1.5720654531049851,9.5,310.99314570648414,4.860067048711015,0.43599999999999994,0.023131175125856256,0.436,0.0,0.022917651,9.5
3.5647935848363748,-1.569393939822038,9.5,311.13198373464365,4.859269816662369,0.43699999999999994,0.02312833493882449,0.437,0.0,0.022917651,9.5
3.565019884495626,-1.5667223881822734,9.5,311.2708998585312,4.858472563821292,0.43800000000000006,0.02312549367811007,0.438,0.0,0.022917651,9.5
3.5652461885993216,-1.5640507977186022,9.5,311.4098950291527,4.85767528993458,0.439,0.023122651330638285,0.439,0.0,0.022917651,9.5
3.5654724972018053,-1.5613791679563218,9.5,311.5489702130186,4.85687799474491,0.44,0.023119807883121266,0.44,0.0,0.022917651,9.5
3.565698810358309,-1.5587074984129599,9.5,311.6881263924602,4.856080677990741,0.44100000000000006,0.02311696332205364,0.441,0.0,0.022917651,9.5
3.5659251281249738,-1.5560357885981118,9.5,311.82736456595535,4.855283339406237,0.44200000000000006,0.023114117633708055,0.442,0.0,0.022917651,9.5
3.566151450558864,-1.5533640380132805,9.5,311.9666857484611,4.854485978721172,0.443,0.023111270804130574,0.443,0.0,0.022917651,9.5
3.566377777717994,-1.5506922461517063,9.5,312.1060909717556,4.8536885956608415,0.44399999999999995,0.023108422819136016,0.444,0.0,0.022917651,9.5
3.566604109661341,-1.5480204124981976,9.5,312.24558128478765,4.852891189945973,0.44500000000000006,0.02310557366430314,0.445,0.0,0.022917651,9.5
3.566830446448867,-1.545348536528951,9.5,312.38515775403545,4.852093761292622,0.446,0.023102723324969685,0.446,0.0,0.022917651,9.5
3.567056788141543,-1.542676617711375,9.5,312.52482146387433,4.851296309412081,0.447,0.023099871786227345,0.447,0.0,0.022917651,9.5
3.5672831348013663,-1.5400046555039018,9.5,312.6645735169538,4.8504988340107795,0.44800000000000006,0.02309701903291658,0.448,0.0,0.022917651,9.5
3.5675094864913817,-1.5373326493557982,9.5,312.80441503458417,4.849701334790176,0.44900000000000007,0.023094165049621293,0.449,0.0,0.022917651,9.5
3.567735843275708,-1.5346605987069712,9.5,312.9443471571328,4.848903811446653,0.45000000000000007,0.02309130982066337,0.45,0.0,0.022917651,9.5
3.5679622052195574,-1.5319885029877687,9.5,313.08437104443095,4.848106263671417,0.451,0.023088453330097135,0.451,0.0,0.022917651,9.5
3.5681885723892597,-1.5293163616187726,9.5,313.2244878761905,4.847308691150375,0.452,0.023085595561703556,0.452,0.0,0.022917651,9.5
3.5684149448522864,-1.5266441740105923,9.5,313.364698852432,4.846511093564033,0.453,0.023082736498984405,0.453,0.0,0.022917651,9.5
3.5686413226772755,-1.5239719395636457,9.5,313.5050051939235,4.845713470587369,0.454,0.023079876125156207,0.454,0.0,0.022917651,9.5
3.5688677059340583,-1.5212996576679396,9.5,313.6454081426309,4.84491582188972,0.45500000000000007,0.023077014423144065,0.455,0.0,0.022917651,9.5
3.569094094693682,-1.5186273277028421,9.5,313.78590896218,4.84411814713465,0.456,0.023074151375575277,0.456,0.0,0.022917651,9.5
3.56932048902844,-1.5159549490368511,9.5,313.92650893833087,4.843320445979839,0.457,0.023071286964772845,0.457,0.0,0.022917651,9.5
3.5695468890118955,-1.5132825210273535,9.5,314.06720937946454,4.842522718076938,0.458,0.02306842117274877,0.458,0.0,0.022917651,9.5
3.569773294718914,-1.5106100430203802,9.5,314.20801161708243,4.841724963071445,0.459,0.023065553981197175,0.459,0.0,0.022917651,9.5
3.569999706225688,-1.507937514350355,9.5,314.3489170063201,4.840927180602564,0.46,0.02306268537148728,0.46,0.0,0.022917651,9.5
3.57022612360977,-1.5052649343398352,9.5,314.48992692647295,4.8401293703030674,0.461,0.023059815324656126,0.461,0.0,0.022917651,9.5
3.5704525469500994,-1.5025923022992458,9.5,314.63104278153776,4.839331531799152,0.4620000000000001,0.023056943821401152,0.462,0.0,0.022917651,9.5
3.5706789763270375,-1.499919617526607,9.5,314.77226600076784,4.838533664710287,0.463,0.023054070842072578,0.463,0.0,0.022917651,9.5
3.5709054118223964,-1.4972468793072542,9.5,314.91359803924377,4.837735768649069,0.464,0.02305119636666554,0.464,0.0,0.022917651,9.5
3.571131853519475,-1.4945740869135504,9.5,315.055040378459,4.836937843221062,0.4650000000000001,0.023048320374812022,0.465,0.0,0.022917651,9.5
3.5713583015030888,-1.491901239604589,9.5,315.19659452692235,4.836139888024634,0.466,0.023045442845772625,0.466,0.0,0.022917651,9.5
3.5715847558596088,-1.4892283366258916,9.5,315.3382620207763,4.835341902650798,0.467,0.023042563758428006,0.467,0.0,0.022917651,9.5
3.571811216676995,-1.4865553772090956,9.5,315.48004442443295,4.8345438866830435,0.468,0.023039683091270177,0.468,0.0,0.022917651,9.5
3.572037684044833,-1.4838823605716325,9.5,315.621943331227,4.833745839697153,0.4690000000000001,0.02303680082239352,0.46900000000000003,0.0,0.022917651,9.5
3.572264158054373,-1.4812092859163979,9.5,315.7639603640875,4.8329477612610345,0.47000000000000003,0.02303391692948553,0.47000000000000003,0.0,0.022917651,9.5
3.5724906387985684,-1.478536152431415,9.5,315.9060971762281,4.832149650934532,0.47100000000000003,0.02303103138981735,0.47100000000000003,0.0,0.022917651,9.5
3.5727171263721145,-1.475862959289482,9.5,316.04835545185665,4.831351508269236,0.47200000000000003,0.02302814418023399,0.47200000000000003,0.0,0.022917651,9.5
3.5729436208714898,-1.473189705647817,9.5,316.19073690690516,4.830553332808292,0.47300000000000003,0.02302525527714434,0.47300000000000003,0.0,0.022917651,9.5
3.573170122395,-1.4705163906476877,9.5,316.3332432897802,4.829755124086201,0.47400000000000003,0.023022364656510797,0.47400000000000003,0.0,0.022917651,9.5
3.57339663104282,-1.467843013414033,9.5,316.47587638213463,4.828956881628608,0.47500000000000003,0.02301947229383867,0.47500000000000003,0.0,0.022917651,9.5
3.5736231469170376,-1.4651695730550727,9.5,316.618637999662,4.828158604952099,0.4760000000000001,0.023016578164165292,0.47600000000000003,0.0,0.022917651,9.5
3.573849670121701,-1.4624960686619064,9.5,316.7615299929127,4.827360293563976,0.47700000000000004,0.023013682242048753,0.47700000000000004,0.0,0.022917651,9.5
3.5740762007628653,-1.4598224993081008,9.5,316.90455424813564,4.826561946962042,0.47800000000000004,0.023010784501556365,0.47800000000000004,0.0,0.022917651,9.5
3.5743027389486417,-1.4571488640492647,9.5,317.04771268814204,4.82576356463436,0.4790000000000001,0.02300788491625275,0.47900000000000004,0.0,0.022917651,9.5
3.574529284789248,-1.4544751619226113,9.5,317.19100727319625,4.824965146059023,0.48000000000000004,0.02300498345918764,0.48,0.0,0.022917651,9.5
3.5747558383970564,-1.4518013919465096,9.5,317.33444000193197,4.82416669070391,0.481,0.023002080102883234,0.481,0.0,0.022917651,9.5
3.574982399886654,-1.4491275531200192,9.5,317.47801291229587,4.823368198026432,0.482,0.022999174819321254,0.482,0.0,0.022917651,9.5
3.5752089693748896,-1.4464536444224143,9.5,317.6217280825184,4.8225696674732745,0.483,0.02299626757992958,0.483,0.0,0.022917651,9.5
3.575435546980934,-1.4437796648126924,9.5,317.76558763211494,4.8217710984801325,0.48400000000000004,0.022993358355568514,0.484,0.0,0.022917651,9.5
3.5756621328263356,-1.4411056132290678,9.5,317.9095937229151,4.820972490471432,0.485,0.022990447116516585,0.485,0.0,0.022917651,9.5
3.5758887270350863,-1.438431488588451,9.5,318.0537485601249,4.820173842860056,0.486,0.02298753383245599,0.486,0.0,0.022917651,9.5
3.576115329733673,-1.4357572897859112,9.5,318.1980543934196,4.819375155047041,0.48700000000000004,0.02298461847245754,0.487,0.0,0.022917651,9.5
3.5763419410511497,-1.4330830156941228,9.5,318.3425135180705,4.818576426421289,0.488,0.022981701004965188,0.488,0.0,0.022917651,9.5
3.5765685611191977,-1.4304086651627952,9.5,318.4871282761059,4.817777656359252,0.489,0.022978781397780042,0.489,0.0,0.022917651,9.5
3.5767951900721955,-1.427734237018086,9.5,318.631901057508,4.816978844224613,0.49,0.022975859618043937,0.49,0.0,0.022917651,9.5
3.5770218280472874,-1.425059730061994,9.5,318.77683430144623,4.816179989367961,0.49100000000000005,0.02297293563222247,0.491,0.0,0.022917651,9.5
3.5772484751844513,-1.422385143071734,9.5,318.92193049754957,4.815381091126448,0.492,0.022970009406087493,0.492,0.0,0.022917651,9.5
3.5774751316265823,-1.4197104747990952,9.5,319.0671921872179,4.8145821488234475,0.493,0.02296708090469912,0.493,0.0,0.022917651,9.5
3.577701797519557,-1.417035723969773,9.5,319.2126219649747,4.8137831617681845,0.49400000000000005,0.022964150092387076,0.494,0.0,0.022917651,9.5
3.577928473012319,-1.4143608892826873,9.5,319.35822247986266,4.812984129255371,0.495,0.02296121693273157,0.495,0.0,0.022917651,9.5
3.5781551582569593,-1.4116859694092727,9.5,319.50399643688297,4.812185050564818,0.496,0.022958281388543455,0.496,0.0,0.022917651,9.5
3.5783818534087977,-1.4090109629927512,9.5,319.64994659848105,4.811385924961045,0.497,0.02295534342184383,0.497,0.0,0.022917651,9.5
3.5786085586264704,-1.4063358686473775,9.5,319.7960757860793,4.810586751692869,0.49800000000000005,0.022952402993842977,0.498,0.0,0.022917651,9.5
3.5788352740720173,-1.4036606849576616,9.5,319.94238688165956,4.809787529992979,0.499,0.022949460064918555,0.499,0.0,0.022917651,9.5
3.579061999910978,-1.4009854104775692,9.5,320.0888828293968,4.808988259077514,0.5,0.02294651459459321,0.5,0.0,0.022917651,9.5
3.579376802049071,-1.3980616603837495,9.5,320.33390434045816,4.8081155301545815,0.501,0.022946392194063348,0.501,0.0,0.022917651,9.5
3.579691698231881,-1.395137205991148,9.5,320.57974743259393,4.807242473112464,0.5020000000000001,0.02294626924869041,0.502,0.0,0.022917651,9.5
3.5800066899425453,-1.3922120361925674,9.5,320.82642506261044,4.806369082776536,0.503,0.02294614574988191,0.503,0.0,0.022917651,9.5
3.580321778695556,-1.3892861396460205,9.5,321.07395046120223,4.80549535386278,0.504,0.02294602168886374,0.504,0.0,0.022917651,9.5
3.5806371533694983,-1.3863604992159737,9.5,321.32167026866733,4.804623024038041,0.505,0.0229458951667097,0.505,0.0,0.022917651,9.5
3.580952654726573,-1.3834342477552053,9.5,321.57016462575353,4.803750589818928,0.506,0.022945767814166084,0.506,0.0,0.022917651,9.5
3.581268257439371,-1.3805072298461663,9.5,321.8195431955027,4.802877794581039,0.507,0.022945639895208137,0.507,0.0,0.022917651,9.5
3.581583963164598,-1.377579432960905,9.5,322.0698204307798,4.802004632423354,0.508,0.022945511400577552,0.508,0.0,0.022917651,9.5
3.581899773595266,-1.374650844296941,9.5,322.32101110116014,4.801131097315544,0.509,0.02294538232081315,0.509,0.0,0.022917651,9.5
3.582215690461686,-1.3717214507697024,9.5,322.5731303016527,4.800257183094403,0.51,0.022945252646245265,0.51,0.0,0.022917651,9.5
3.5825317155325123,-1.3687912390047157,9.5,322.8261934617132,4.799382883460179,0.511,0.022945122366990024,0.511,0.0,0.022917651,9.5
3.582847850615799,-1.3658601953295297,9.5,323.0802163545579,4.79850819197276,0.512,0.022944991472943304,0.512,0.0,0.022917651,9.5
3.58316409756011,-1.3629283057653714,9.5,323.3352151067908,4.797633102047754,0.5130000000000001,0.022944859953774634,0.513,0.0,0.022917651,9.5
3.5834804582556576,-1.3599955560185197,9.5,323.5912062083565,4.796757606952407,0.514,0.02294472779892079,0.514,0.0,0.022917651,9.5
3.5837969346354845,-1.3570619314713843,9.5,323.84820652283037,4.795881699801426,0.5150000000000001,0.02294459499757919,0.515,0.0,0.022917651,9.5
3.584113528676682,-1.3541274171732816,9.5,324.10623329806157,4.795005373552618,0.5160000000000001,0.022944461538701114,0.516,0.0,0.022917651,9.5
3.584430242401648,-1.3511919978308906,9.5,324.36530417718126,4.794128621002392,0.517,0.022944327410984608,0.517,0.0,0.022917651,9.5
3.5847470778794013,-1.348255657798384,9.5,324.6254372099914,4.793251434781126,0.5180000000000001,0.022944192602867224,0.518,0.0,0.022917651,9.5
3.5850640372269242,-1.345318381067209,9.5,324.88665086474987,4.792373807348338,0.519,0.022944057102518452,0.519,0.0,0.022917651,9.5
3.585381122610567,-1.3423801512555178,9.5,325.148964040368,4.791495730987715,0.52,0.022943920897831913,0.52,0.0,0.022917651,9.5
3.5856983362474883,-1.3394409515972208,9.5,325.41239607903634,4.790617197801956,0.521,0.02294378397641727,0.521,0.0,0.022917651,9.5
3.5860156804071615,-1.3365007649306548,9.5,325.6769667792986,4.789738199707433,0.522,0.02294364632559184,0.522,0.0,0.022917651,9.5
3.586333157412921,-1.333559573686849,9.5,325.94269640958953,4.788858728428664,0.5230000000000001,0.022943507932371963,0.523,0.0,0.022917651,9.5
3.586650769643571,-1.330617359877368,9.5,326.2096057222589,4.787978775492587,0.5240000000000001,0.022943368783463963,0.524,0.0,0.022917651,9.5
3.586968519535053,-1.3276741050817171,9.5,326.4777159681005,4.787098332222631,0.525,0.022943228865254874,0.525,0.0,0.022917651,9.5
3.587286409582168,-1.3247297904342947,9.5,326.7470489114066,4.786217389732565,0.526,0.02294308816380281,0.526,0.0,0.022917651,9.5
3.58760444234037,-1.3217843966108644,9.5,327.01762684557315,4.785335938920126,0.5270000000000001,0.022942946664826908,0.527,0.0,0.022917651,9.5
3.587922620427614,-1.318837903814532,9.5,327.28947260927623,4.7844539704604205,0.528,0.022942804353697045,0.528,0.0,0.022917651,9.5
3.588240946526285,-1.3158902917612083,9.5,327.5626096032461,4.783571474799066,0.5290000000000001,0.022942661215423033,0.529,0.0,0.022917651,9.5
3.588559423385188,-1.312941539664526,9.5,327.8370618076642,4.7826884421451,0.5300000000000001,0.022942517234643505,0.53,0.0,0.022917651,9.5
3.58887805382162,-1.3099916262201985,9.5,328.11285380021064,4.781804862463601,0.5310000000000001,0.022942372395614342,0.531,0.0,0.022917651,9.5
3.5891968407235115,-1.3070405295897864,9.5,328.3900107747901,4.780920725468047,0.532,0.022942226682196674,0.532,0.0,0.022917651,9.5
3.589515944253242,-1.3040887364840439,9.5,328.66788372696107,4.780037159010523,0.533,0.022942080102411742,0.533,0.0,0.022917651,9.5
3.589835261417571,-1.3011358634859929,9.5,328.94696143310915,4.779153367340313,0.5340000000000001,0.022941932627254136,0.534,0.0,0.022917651,9.5
3.5901547471985165,-1.298181728188614,9.5,329.2274792017218,4.778268987823515,0.535,0.022941784232310733,0.535,0.0,0.022917651,9.5
3.5904744048859305,-1.295226305963392,9.5,329.5094651296225,4.7773840089907535,0.536,0.02294163489963575,0.536,0.0,0.022917651,9.5
3.5907942378558073,-1.292269571536919,9.5,329.7929480493428,4.776498419072325,0.537,0.022941484610813488,0.537,0.0,0.022917651,9.5
3.591114249573125,-1.2893114989696497,9.5,330.0779575533612,4.775612205988314,0.538,0.022941333346942865,0.538,0.0,0.022917651,9.5
3.591434443594793,-1.2863520616338076,9.5,330.3645240193077,4.774725357338292,0.5390000000000001,0.022941181088621317,0.539,0.0,0.022917651,9.5
3.591754823572725,-1.283391232190407,9.5,330.65267863617623,4.773837860390631,0.54,0.022941027815928033,0.54,0.0,0.022917651,9.5
3.59207539325703,-1.2804289825653508,9.5,330.9424534315964,4.772949702071362,0.5410000000000001,0.022940873508406574,0.541,0.0,0.022917651,9.5
3.592396156499333,-1.2774652839245513,9.5,331.2338813002111,4.772060868952588,0.542,0.022940718145046727,0.542,0.0,0.022917651,9.5
3.5927171172562398,-1.2745001066480424,9.5,331.5269960332151,4.771171347240442,0.543,0.022940561704265634,0.543,0.0,0.022917651,9.5
3.593038279592932,-1.2715334203030186,9.5,331.82183234910894,4.770281122762513,0.544,0.02294040416388815,0.544,0.0,0.022917651,9.5
3.5933596476869196,-1.268565193615762,9.5,332.11842592572833,4.769390180954786,0.545,0.02294024550112641,0.545,0.0,0.022917651,9.5
3.593681225831949,-1.2655953944423939,9.5,332.4168134336095,4.768498506848013,0.546,0.022940085692558475,0.546,0.0,0.022917651,9.5
3.5940030184420704,-1.2626239897383986,9.5,332.7170325707574,4.767606085053528,0.547,0.022939924714106174,0.547,0.0,0.022917651,9.5
3.594325030055886,-1.2596509455268585,9.5,333.0191220988851,4.766712899748446,0.548,0.022939762541011904,0.548,0.0,0.022917651,9.5
3.5946472653409707,-1.2566762268653326,9.5,333.32312188119795,4.765818934660245,0.549,0.02293959914781455,0.549,0.0,0.022917651,9.5
3.5949697290984846,-1.2536997978113151,9.5,333.6290729218003,4.764924173050674,0.5500000000000002,0.02293943450832428,0.55,0.0,0.022917651,9.5
3.595292426267993,-1.2507216213861998,9.5,333.93701740680547,4.764028597698983,0.551,0.022939268595596293,0.551,0.0,0.022917651,9.5
3.5956153619324827,-1.2477416595376756,9.5,334.2469987472369,4.763132190884396,0.552,0.022939101381903443,0.552,0.0,0.022917651,9.5
3.5959385413236102,-1.2447598731004705,9.5,334.5590616238106,4.762234934367838,0.553,0.022938932838707588,0.553,0.0,0.022917651,9.5
3.5962620816182223,-1.241776985280567,9.5,334.872447860865,4.761338020693477,0.554,0.0229387608234163,0.554,0.0,0.022917651,9.5
3.596585878057152,-1.2387921872158645,9.5,335.1880092494522,4.760440221372307,0.555,0.02293858747505291,0.555,0.0,0.022917651,9.5
3.5969099360337866,-1.2358054331367503,9.5,335.50579767229266,4.7595415122065985,0.556,0.022938412770987963,0.556,0.0,0.022917651,9.5
3.597234261494578,-1.2328166785702943,9.5,335.82586376435916,4.758641872509667,0.557,0.022938236680397548,0.557,0.0,0.022917651,9.5
3.5975588605676236,-1.22982587768506,9.5,336.1482597073633,4.7577412809629145,0.5580000000000002,0.022938059171516173,0.558,0.0,0.022917651,9.5
3.5978837395696575,-1.2268329832388298,9.5,336.4730392892699,4.756839715591518,0.559,0.022937880211600554,0.559,0.0,0.022917651,9.5
3.598208905013362,-1.2238379465239047,9.5,336.8002579665809,4.755937153738979,0.56,0.022937699766891684,0.56,0.0,0.022917651,9.5
3.598534363615026,-1.220840717309831,9.5,337.1299729295398,4.755033572040489,0.5610000000000002,0.02293751780257514,0.561,0.0,0.022917651,9.5
3.598860122302563,-1.2178412437834247,9.5,337.4622431704181,4.754128946395029,0.562,0.022937334282739526,0.562,0.0,0.022917651,9.5
3.599186188223916,-1.2148394724859413,9.5,337.79712955505465,4.7532232519361415,0.563,0.022937149170332908,0.5630000000000001,0.0,0.022917651,9.5
3.5995125687558587,-1.2118353482472204,9.5,338.13469489783057,4.752316463001301,0.5640000000000001,0.0229369624271172,0.5640000000000001,0.0,0.022917651,9.5
3.5998392715132295,-1.208828814116651,9.5,338.4750040402736,4.751408553099803,0.5650000000000001,0.022936774013620275,0.5650000000000001,0.0,0.022917651,9.5
3.6001663043586096,-1.2058198112907617,9.5,338.81812393349776,4.750499494879078,0.5660000000000002,0.022936583889085812,0.5660000000000001,0.0,0.022917651,9.5
3.600493675412486,-1.2028082790372514,9.5,339.1641237247009,4.749589260089358,0.5670000000000001,0.022936392011420625,0.5670000000000001,0.0,0.022917651,9.5
3.600821393063908,-1.19979415461525,9.5,339.51307484795115,4.748677819546589,0.5680000000000001,0.022936198337139408,0.5680000000000001,0.0,0.022917651,9.5
3.6011494708292355,-1.196777377448787,9.5,339.865021407375,4.747765166736177,0.5690000000000001,0.02293600278452936,0.5690000000000001,0.0,0.022917651,9.5
3.601478023287008,-1.1937579673283953,9.5,340.2194022871564,4.746851779661907,0.5700000000000001,0.022935804533768124,0.5700000000000001,0.0,0.022917651,9.5
3.6018069507689545,-1.1907357534772718,9.5,340.5769738068644,4.7459370889805035,0.5710000000000001,0.02293560438991635,0.5710000000000001,0.0,0.022917651,9.5
3.602136262924299,-1.1877106637565251,9.5,340.9378180604124,4.745021061150666,0.5720000000000002,0.022935402304265547,0.5720000000000001,0.0,0.022917651,9.5
3.6024659697361585,-1.184682623531047,9.5,341.3020199824025,4.7441036614704695,0.5730000000000001,0.022935198226421788,0.5730000000000001,0.0,0.022917651,9.5
3.6027960815361086,-1.1816515555606024,9.5,341.6696674720681,4.743184854026717,0.5740000000000001,0.02293499210423216,0.5740000000000001,0.0,0.022917651,9.5
3.6031266090195224,-1.1786173798851602,9.5,342.04085152376257,4.74226460164164,0.5750000000000001,0.022934783883707302,0.5750000000000001,0.0,0.022917651,9.5
3.6034575632617214,-1.1755800137041215,9.5,342.41566636440115,4.741342865816726,0.5760000000000001,0.022934573508939918,0.5760000000000001,0.0,0.022917651,9.5
3.6037889557350073,-1.172539371249049,9.5,342.7942095982929,4.740419606673559,0.577,0.022934360922018806,0.577,0.0,0.022917651,9.5
3.6041207983266,-1.1694953636494931,9.5,343.17658235982987,4.739494782891424,0.578,0.022934146062938275,0.578,0.0,0.022917651,9.5
3.604453103357572,-1.1664478987914753,9.5,343.5628894745346,4.7385683516415185,0.579,0.022933928869502577,0.579,0.0,0.022917651,9.5
3.6047858836028217,-1.1633968811681485,9.5,343.95323962900636,4.737640268517505,0.5800000000000001,0.022933709277225104,0.58,0.0,0.022917651,9.5
3.605119152312162,-1.1603422117221331,9.5,344.3477455503439,4.7367104874622115,0.581,0.022933487219221903,0.581,0.0,0.022917651,9.5
3.605452978875659,-1.1572838031810808,9.5,344.7462010458817,4.735779197460491,0.582,0.02293326219702048,0.582,0.0,0.022917651,9.5
3.6057873912708187,-1.1542215392975712,9.5,345.14867112599643,4.734846393830154,0.583,0.022933034085324835,0.583,0.0,0.022917651,9.5
3.6061223381079976,-1.1511552850420663,9.5,345.5556764658609,4.7339117375267366,0.584,0.02293280334142833,0.584,0.0,0.022917651,9.5
3.6064578349236527,-1.148084924412754,9.5,345.9673489074056,4.73297517469224,0.585,0.022932569888811778,0.585,0.0,0.022917651,9.5
3.606793897862335,-1.145010336867531,9.5,346.38382545283287,4.732036649360678,0.5860000000000001,0.022932333647961024,0.586,0.0,0.022917651,9.5
3.6071305437067345,-1.1419313970996736,9.5,346.80524851957705,4.731096103353918,0.587,0.022932094536218996,0.587,0.0,0.022917651,9.5
3.6074677899095255,-1.138847974800076,9.5,347.23176621053125,4.73015347617129,0.588,0.022931852467628862,0.588,0.0,0.022917651,9.5
3.6078056546271355,-1.135759934405111,9.5,347.6635326006208,4.729208704872526,0.589,0.02293160735276771,0.589,0.0,0.022917651,9.5
3.608144156755579,-1.1326671348290793,9.5,348.10070804088394,4.7282617239535405,0.59,0.02293135909857005,0.59,0.0,0.022917651,9.5
3.6084833159685026,-1.1295694291801457,9.5,348.5434594813262,4.727312465214538,0.5910000000000001,0.02293110760814046,0.591,0.0,0.022917651,9.5
3.6088232494167976,-1.1264662575340187,9.5,348.9917610552342,4.7263608384489695,0.592,0.02293085254899532,0.592,0.0,0.022917651,9.5
3.6091641446652942,-1.1233567415003012,9.5,349.44548432302776,4.725406717487793,0.593,0.02293059350337842,0.593,0.0,0.022917651,9.5
3.609505772209981,-1.1202417626667063,9.5,349.90536042811505,4.724450063016285,0.5940000000000001,0.022930331016500466,0.594,0.0,0.022917651,9.5
3.6098481558041615,-1.1171211438377795,9.5,350.37158894851905,4.723490792855611,0.595,0.022930064976738145,0.595,0.0,0.022917651,9.5
3.6101913202396783,-1.1139947000707762,9.5,350.8443781881589,4.722528821233944,0.5960000000000001,0.02292979526758778,0.596,0.0,0.022917651,9.5
3.610535291404294,-1.110862238247573,9.5,351.3239456590079,4.72156405858791,0.597,0.02292952176739566,0.597,0.0,0.022917651,9.5
3.610880096342924,-1.1077235566178854,9.5,351.81051859558175,4.720596411350761,0.598,0.0229292443490703,0.598,0.0,0.022917651,9.5
3.6112257633230245,-1.1045784443115014,9.5,352.3043345043102,4.719625781726153,0.599,0.02292896287977514,0.599,0.0,0.022917651,9.5
3.611572321904459,-1.1014266808170747,9.5,352.8056417505869,4.718652067446421,0.6,0.022928677220600276,0.6,0.0,0.022917651,9.5
3.611955820041016,-1.098455976698284,9.5,353.0398971490809,4.717884823247718,0.601,0.02292866412008971,0.601,0.0,0.022917651,9.5
3.6123395299375605,-1.0954837956217942,9.5,353.2759280627481,4.717116948877078,0.602,0.022928650928814298,0.602,0.0,0.022917651,9.5
3.612723441203603,-1.092510156942604,9.5,353.5138008586025,4.716348422406211,0.603,0.02292863765848811,0.603,0.0,0.022917651,9.5
3.613107556842017,-1.0895350389245688,9.5,353.7535430032637,4.7155792341108285,0.6040000000000001,0.02292862430793232,0.604,0.0,0.022917651,9.5
3.61349187991568,-1.0865584193972035,9.5,353.99518251219854,4.714809374072328,0.605,0.022928610875944545,0.605,0.0,0.022917651,9.5
3.6138764135489825,-1.0835802757447826,9.5,354.238747963499,4.714038832172924,0.6060000000000001,0.022928597361298257,0.606,0.0,0.022917651,9.5
3.614261160929374,-1.0806005848951026,9.5,354.4842685120771,4.713267598090602,0.607,0.02292858376274218,0.607,0.0,0.022917651,9.5
3.6146461253089686,-1.0776193233079105,9.5,354.73177390429197,4.712495661293956,0.608,0.02292857007899964,0.608,0.0,0.022917651,9.5
3.61503131000619,-1.0746364669629729,9.5,354.9812944930244,4.711723011036854,0.6090000000000001,0.022928556308767934,0.609,0.0,0.022917651,9.5
3.615416718407469,-1.0716519913477789,9.5,355.23286125321414,4.71094963635292,0.61,0.022928542450717668,0.61,0.0,0.022917651,9.5
3.615802353968997,-1.0686658714448665,9.5,355.48650579787824,4.710175526049875,0.6110000000000001,0.02292852850349206,0.611,0.0,0.022917651,9.5
3.6161882202185307,-1.0656780817187501,9.5,355.7422603946258,4.709400668703693,0.612,0.022928514465706228,0.612,0.0,0.022917651,9.5
3.6165744060203613,-1.0626881901827585,9.5,355.9999060771422,4.708624988174276,0.613,0.02292850032206475,0.613,0.0,0.022917651,9.5
3.6169608690828157,-1.059696394560824,9.5,356.259617443934,4.7078485127460805,0.614,0.0229284860761106,0.614,0.0,0.022917651,9.5
3.6173475761865745,-1.0567028447712004,9.5,356.52153912797974,4.7070712592793695,0.615,0.02292847173189816,0.615,0.0,0.022917651,9.5
3.617734531206289,-1.0537075129629159,9.5,356.78570622255154,4.706293215421202,0.6160000000000002,0.02292845728786739,0.616,0.0,0.022917651,9.5
3.61812173809907,-1.0507103706922738,9.5,357.05215456777603,4.705514368555742,0.617,0.022928442742425028,0.617,0.0,0.022917651,9.5
3.6185092009066944,-1.0477113889070016,9.5,357.3209207706102,4.704734705797228,0.6180000000000001,0.022928428093943732,0.618,0.0,0.022917651,9.5
3.618896923757882,-1.044710537929885,9.5,357.5920422254592,4.703954213982713,0.619,0.022928413340761178,0.619,0.0,0.022917651,9.5
3.619284910870645,-1.0417077874418759,9.5,357.8655571354649,4.703172879664573,0.6200000000000001,0.022928398481179047,0.62,0.0,0.022917651,9.5
3.619673166554714,-1.0387031064646433,9.5,358.14150453448786,4.702390689102767,0.6210000000000001,0.022928383513462124,0.621,0.0,0.022917651,9.5
3.620061695214048,-1.035696463342559,9.5,358.41992430981077,4.70160762825685,0.622,0.022928368435837235,0.622,0.0,0.022917651,9.5
3.6204505013494206,-1.032687825724084,9.5,358.7008572255899,4.700823682777713,0.6230000000000001,0.022928353246492242,0.623,0.0,0.022917651,9.5
3.6208397037198012,-1.0296763751653628,9.5,358.9840239322515,4.700038508600294,0.6240000000000001,0.02292833780720493,0.624,0.0,0.022917651,9.5
3.621229203948256,-1.0266627832432793,9.5,359.26976062028837,4.699252384406844,0.625,0.022928322242147206,0.625,0.0,0.022917651,9.5
3.62161899646073,-1.0236470865944494,9.5,359.55814024970726,4.698465324598022,0.6260000000000001,0.02292830656196249,0.626,0.0,0.022917651,9.5
3.6220090861843612,-1.0206292497387273,9.5,359.84920737353457,4.697677313401818,0.6270000000000001,0.02292829076471004,0.627,0.0,0.022917651,9.5
3.622399478157658,-1.0176092363939913,9.5,360.14300755185087,4.696888334689722,0.628,0.022928274848405247,0.628,0.0,0.022917651,9.5
3.6227901775336653,-1.0145870094533567,9.5,360.4395873804064,4.6960983719665865,0.629,0.022928258811018398,0.629,0.0,0.022917651,9.5
3.623181189583235,-1.0115625309616052,9.5,360.7389945202179,4.69530740836016,0.6300000000000001,0.022928242650473364,0.63,0.0,0.022917651,9.5
3.623572519698413,-1.0085357620908038,9.5,361.0412777281855,4.694515426610238,0.6310000000000001,0.022928226364646292,0.631,0.0,0.022917651,9.5
3.623964173395944,-1.0055066631150744,9.5,361.3464868887731,4.693722409057452,0.632,0.0229282099513642,0.632,0.0,0.022917651,9.5
3.6243562855457463,-1.0024746937948568,9.5,361.654535772995,4.692928355643085,0.633,0.022928193331049198,0.633,0.0,0.022917651,9.5
3.62474902141655,-0.9994392141538369,9.5,361.9653118072954,4.692133288366437,0.6340000000000001,0.022928176416795218,0.634,0.0,0.022917651,9.5
3.6251421076095087,-0.9964012713075948,9.5,362.2791677885799,4.6913371592497155,0.6350000000000001,0.02292815937936068,0.635,0.0,0.022917651,9.5
3.625535550360066,-0.9933608214131309,9.5,362.596158537338,4.690539949393057,0.6360000000000001,0.022928142216553073,0.636,0.0,0.022917651,9.5
3.6259293560525285,-0.9903178195807426,9.5,362.916340182836,4.689741639445377,0.637,0.022928124926127544,0.637,0.0,0.022917651,9.5
3.626323531224535,-0.987272219842603,9.5,363.23977020240903,4.688942209590838,0.638,0.02292810750578532,0.638,0.0,0.022917651,9.5
3.626718082571691,-0.9842239751201961,9.5,363.5665074621762,4.6881416395348,0.639,0.022928089953172096,0.639,0.0,0.022917651,9.5
3.6271130169523644,-0.9811730371905687,9.5,363.8966122592407,4.687339908489284,0.64,0.02292807226587631,0.64,0.0,0.022917651,9.5
3.6275083413926636,-0.9781193566513418,9.5,364.23014636543877,4.686536995157883,0.6410000000000001,0.022928054441427457,0.641,0.0,0.022917651,9.5
3.627904211945011,-0.9750620569992069,9.5,364.5667675534831,4.685732646687104,0.642,0.022928036292824118,0.642,0.0,0.022917651,9.5
3.6283005468058,-0.9720015986939592,9.5,364.9067976642868,4.684926996508982,0.643,0.02292801793557059,0.643,0.0,0.022917651,9.5
3.6286973023273217,-0.9689382155975621,9.5,365.25044559797186,4.684120104063959,0.644,0.02292799943179685,0.644,0.0,0.022917651,9.5
3.629094486473181,-0.9658718523402539,9.5,365.5977798442113,4.683311945834452,0.645,0.02292798077872908,0.645,0.0,0.022917651,9.5
3.629492107409276,-0.9628024521457775,9.5,365.94887063244465,4.682502497705484,0.6460000000000001,0.02292796197352303,0.646,0.0,0.022917651,9.5
3.629890173510256,-0.959729956786435,9.5,366.30378998747216,4.681691734945603,0.647,0.022927943013261724,0.647,0.0,0.022917651,9.5
3.6302886933662433,-0.9566543065364079,9.5,366.66261178719515,4.680879632187043,0.648,0.02292792389495315,0.648,0.0,0.022917651,9.5
3.6306876805384047,-0.9535754169717707,9.5,367.0254089947514,4.680066159231191,0.6489999999999999,0.022927904617079557,0.649,0.0,0.022917651,9.5
3.6310874797760517,-0.9504915969589659,9.5,367.3920644507866,4.67925100285691,0.65,0.022927885283601474,0.65,0.0,0.022917651,9.5
3.631487762626514,-0.9474044370639709,9.5,367.7628638291598,4.678434441128021,0.6510000000000001,0.022927865778348787,0.651,0.0,0.022917651,9.5
3.6318885386279485,-0.944313871415242,9.5,368.13788885926937,4.67761644632712,0.652,0.02292784609793363,0.652,0.0,0.022917651,9.5
3.632289817570998,-0.9412198323975515,9.5,368.5172234339708,4.676796990003088,0.653,0.022927826238878467,0.653,0.0,0.022917651,9.5
3.632691609507199,-0.9381222505939059,9.5,368.9009536816397,4.675976042946665,0.6540000000000001,0.022927806197613084,0.654,0.0,0.022917651,9.5
3.633093924757729,-0.9350210547251295,9.5,369.28916804113464,4.675153575165021,0.655,0.022927785970471504,0.655,0.0,0.022917651,9.5
3.6334967927352535,-0.9319160867828409,9.5,369.68195730473883,4.674329546361656,0.6560000000000001,0.02292776555412515,0.656,0.0,0.022917651,9.5
3.633900795731324,-0.928804678765009,9.5,370.0794194102836,4.673503619493156,0.657,0.022927744963169953,0.657,0.0,0.022917651,9.5
3.6343053488215724,-0.9256894242704606,9.5,370.48165622024453,4.672676046558173,0.658,0.022927724184867316,0.658,0.0,0.022917651,9.5
3.6347104632705123,-0.9225702445332493,9.5,370.88876550828206,4.671846793849502,0.659,0.02292770321538085,0.659,0.0,0.022917651,9.5
3.6351161506523284,-0.9194470586220844,9.5,371.30084773594126,4.671015826733294,0.66,0.0229276820507687,0.66,0.0,0.022917651,9.5
3.6355224228615914,-0.9163197833654053,9.5,371.718006145656,4.670183109616999,0.6610000000000001,0.022927660686979885,0.661,0.0,0.022917651,9.5
3.6359292921244224,-0.9131883332733247,9.5,372.14034685764216,4.669348605915958,0.662,0.02292763911985051,0.662,0.0,0.022917651,9.5
3.6363369439350937,-0.9100513573008394,9.5,372.56794678199213,4.668511705304579,0.663,0.022927616999005265,0.663,0.0,0.022917651,9.5
3.6367452864932557,-0.9069095082356154,9.5,373.00094247567625,4.667672694063419,0.664,0.02292759452394259,0.664,0.0,0.022917651,9.5
3.637154259698601,-0.9037632249427814,9.5,373.43946312599064,4.666831771177197,0.6650000000000001,0.02292757183575923,0.665,0.0,0.022917651,9.5
3.6375638770097862,-0.9006124127913835,9.5,373.8836266411621,4.665988895849453,0.666,0.022927548929906977,0.666,0.0,0.022917651,9.5
3.6379741522711724,-0.8974569744384808,9.5,374.3335543084981,4.665144026114557,0.667,0.022927525801707257,0.667,0.0,0.022917651,9.5
3.638385099726744,-0.894296809731292,9.5,374.78937091630934,4.664297118795528,0.6680000000000001,0.02292750244634648,0.668,0.0,0.022917651,9.5
3.6387970188443917,-0.8911297877969937,9.5,375.25093845558285,4.663447240074881,0.6689999999999999,0.022927478770083533,0.669,0.0,0.022917651,9.5
3.639209667573778,-0.8879576217665093,9.5,375.7186345833332,4.662595135553237,0.67,0.022927454853268685,0.67,0.0,0.022917651,9.5
3.6396230358604287,-0.8847803838428591,9.5,376.1926195312681,4.661740837284543,0.6710000000000002,0.022927430698976684,0.671,0.0,0.022917651,9.5
3.6400371397334808,-0.881597961042589,9.5,376.6730333915793,4.660884296400042,0.672,0.02292740630191739,0.672,0.0,0.022917651,9.5
3.640451995701725,-0.878410237001322,9.5,377.16002044858374,4.660025462568624,0.673,0.022927381656642376,0.673,0.0,0.022917651,9.5
3.640867890038731,-0.8752153924072437,9.5,377.65350400986813,4.659163662893719,0.674,0.022927356751434386,0.674,0.0,0.022917651,9.5
3.641284755549945,-0.8720138604638498,9.5,378.1537190376118,4.6582990614085364,0.675,0.022927331583268807,0.675,0.0,0.022917651,9.5
3.6417024360711157,-0.868806619432969,9.5,378.66097234903253,4.65743201086683,0.676,0.022927306150355802,0.676,0.0,0.022917651,9.5
3.6421209504855065,-0.8655935370386625,9.5,379.17542701670294,4.656562454525515,0.677,0.02292728044656134,0.677,0.0,0.022917651,9.5
3.6425403182642735,-0.8623744768868533,9.5,379.69725119012264,4.655690333874923,0.6780000000000002,0.022927254465560425,0.678,0.0,0.022917651,9.5
3.6429606573562605,-0.8591477780303471,9.5,380.22641094270125,4.654814459809907,0.679,0.022927228260021495,0.679,0.0,0.022917651,9.5
3.643381929726199,-0.85591418811441,9.5,380.7632157808206,4.6539354278367355,0.68,0.022927201782188045,0.68,0.0,0.022917651,9.5
3.643804117844976,-0.8526741578511391,9.5,381.3079337703731,4.653053618538008,0.6810000000000002,0.02292717500054749,0.681,0.0,0.022917651,9.5
3.644227243766279,-0.8494275321397035,9.5,381.860755481261,4.652168965028281,0.682,0.02292714790778335,0.682,0.0,0.022917651,9.5
3.644651304428947,-0.8461737999856023,9.5,382.4218956691705,4.651280943931209,0.683,0.022927120456519734,0.683,0.0,0.022917651,9.5
3.6450762278892745,-0.8429116794365759,9.5,382.9916085959331,4.650387985070149,0.6840000000000002,0.022927092520843965,0.684,0.0,0.022917651,9.5
3.6455021409204673,-0.8396425242526009,9.5,383.5700197078384,4.649491949888832,0.685,0.02292706427176294,0.685,0.0,0.022917651,9.5
3.645929067862433,-0.8363661614067951,9.5,384.1573429491591,4.6485927627207735,0.6860000000000002,0.022927035701568007,0.686,0.0,0.022917651,9.5
3.64635703385991,-0.8330824121509103,9.5,384.75379933852184,4.647690345397473,0.687,0.02292700680229563,0.687,0.0,0.022917651,9.5
3.6467864352742994,-0.8297879600322835,9.5,385.3592045938129,4.646782968359969,0.6880000000000001,0.022926977456148023,0.6880000000000001,0.0,0.022917651,9.5
3.6472169497288176,-0.826485592527543,9.5,385.97422269558996,4.645872128319056,0.6890000000000002,0.022926947772414753,0.6890000000000001,0.0,0.022917651,9.5
3.6476485974917967,-0.8231751767624929,9.5,386.5991088200661,4.64495777344875,0.6900000000000001,0.02292691774504551,0.6900000000000001,0.0,0.022917651,9.5
3.648081427553775,-0.8198563015927074,9.5,387.2341005966542,4.644039688147981,0.6910000000000001,0.02292688736239379,0.6910000000000001,0.0,0.022917651,9.5
3.6485157417832546,-0.8165259475812309,9.5,387.8792329278771,4.643116054399305,0.6920000000000001,0.022926856576540935,0.6920000000000001,0.0,0.022917651,9.5
3.6489512808325504,-0.8131868787515696,9.5,388.53502429342615,4.642188604849424,0.6930000000000002,0.022926825418590816,0.6930000000000001,0.0,0.022917651,9.5
3.649388077018696,-0.8098388651620845,9.5,389.20175593334227,4.641257238817917,0.6940000000000002,0.022926793878725593,0.6940000000000001,0.0,0.022917651,9.5
3.649826254836308,-0.8064804887127921,9.5,389.8796127409265,4.640321038883632,0.6950000000000001,0.022926761743596816,0.6950000000000001,0.0,0.022917651,9.5
3.6502658852472005,-0.8031110088618111,9.5,390.56884591859125,4.639379549693172,0.6960000000000002,0.022926728903796937,0.6960000000000001,0.0,0.022917651,9.5
3.650706873740002,-0.7997318495574319,9.5,391.26991550304155,4.638433813386235,0.6970000000000001,0.02292669563131515,0.6970000000000001,0.0,0.022917651,9.5
3.651149257288715,-0.7963427472749568,9.5,391.9831437423835,4.637483714334382,0.6980000000000001,0.022926661914371614,0.6980000000000001,0.0,0.022917651,9.5
3.6515950045190513,-0.7929384738249192,9.5,392.70836653551885,4.636531898182278,0.6990000000000002,0.022926628297632517,0.6990000000000001,0.0,0.022917651,9.5
3.652042313647408,-0.7895234798251278,9.5,393.44653389199965,4.635575609145866,0.7,0.02292659424124955,0.7000000000000001,0.0,0.022917651,9.5
3.65247473395124,-0.7866293401500729,9.5,393.8231747377862,4.634991070523946,0.7010000000000002,0.022926591716690092,0.7010000000000001,0.0,0.022917651,9.5
3.652907485279385,-0.783732775183095,9.5,394.20301043978975,4.634405430731669,0.7020000000000001,0.022926589174394794,0.7020000000000001,0.0,0.022917651,9.5
3.6533409992665637,-0.7808310246365096,9.5,394.58593673568487,4.633817656035416,0.7030000000000001,0.022926586614137937,0.7030000000000001,0.0,0.022917651,9.5
3.653774914369197,-0.7779263955585224,9.5,394.9721417060043,4.633228607288291,0.7039999999999998,0.022926584035434253,0.704,0.0,0.022917651,9.5
3.6542091758984396,-0.775019232867616,9.5,395.3616934694363,4.63263841065101,0.705,0.022926581438007194,0.705,0.0,0.022917651,9.5
3.6546437887479475,-0.7721095007737298,9.5,395.75463930310343,4.63204704990837,0.706,0.02292657882159229,0.706,0.0,0.022917651,9.5
3.6550787579039823,-0.7691971628095153,9.5,396.15102737879596,4.631454508538305,0.7070000000000001,0.022926576185920044,0.707,0.0,0.022917651,9.5
3.655514427619941,-0.7662809479390514,9.5,396.55082806286913,4.630860892248704,0.7080000000000001,0.02292657340817814,0.708,0.0,0.022917651,9.5
3.6559507816945493,-0.7633608728107801,9.5,396.9541100136929,4.6302661529150315,0.709,0.022926570496576787,0.709,0.0,0.022917651,9.5
3.6563875031092348,-0.760438063553147,9.5,397.3610033985278,4.629670148853262,0.71,0.022926567567522402,0.71,0.0,0.022917651,9.5
3.656824597149912,-0.7575124808228557,9.5,397.77156018481946,4.629072861864341,0.711,0.022926564620763836,0.711,0.0,0.022917651,9.5
3.6572620692043984,-0.7545840845181205,9.5,398.1858333418802,4.628474273398355,0.712,0.022926561656045112,0.712,0.0,0.022917651,9.5
3.657699998598245,-0.7516517937972532,9.5,398.60383442203425,4.627873619085633,0.7130000000000001,0.022926558743590526,0.713,0.0,0.022917651,9.5
3.658138408997139,-0.748715318870714,9.5,399.0256165313606,4.627270703520612,0.7140000000000001,0.02292655589829299,0.714,0.0,0.022917651,9.5
3.658577214971594,-0.7457759034122122,9.5,399.45129143072813,4.626666429654738,0.715,0.022926553032054982,0.715,0.0,0.022917651,9.5
3.6590164223392017,-0.7428335041763849,9.5,399.88091637002265,4.6260607775119595,0.7159999999999999,0.022926550144568517,0.716,0.0,0.022917651,9.5
3.6594560370321885,-0.7398880770656988,9.5,400.31454972726584,4.625453726722593,0.717,0.022926547235519578,0.717,0.0,0.022917651,9.5
3.6598962020253984,-0.7369383036972845,9.5,400.75217616506114,4.624844534067567,0.7180000000000001,0.022926544324975512,0.718,0.0,0.022917651,9.5
3.660336864309054,-0.7339846751812951,9.5,401.193892813022,4.6242334772491205,0.719,0.022926541403434503,0.719,0.0,0.022917651,9.5
3.6607779526333584,-0.7310278627181128,9.5,401.63980496599726,4.623620940628328,0.7200000000000001,0.022926538458931396,0.72,0.0,0.022917651,9.5
3.661219473421472,-0.7280678183052486,9.5,402.0899758771344,4.62300690189508,0.7209999999999999,0.022926535491119983,0.721,0.0,0.022917651,9.5
3.661661440265689,-0.7251043457638641,9.5,402.5444583031315,4.622391219070458,0.722,0.022926532479183737,0.722,0.0,0.022917651,9.5
3.662103953938985,-0.7221354562220296,9.5,403.00316561946016,4.6217723041482275,0.723,0.022926529157538025,0.723,0.0,0.022917651,9.5
3.662546923425634,-0.7191631703854715,9.5,403.4663331084381,4.621151816148916,0.724,0.022926525817664394,0.724,0.0,0.022917651,9.5
3.6629903557453134,-0.716187435950128,9.5,403.9340294581991,4.620529730846618,0.7250000000000001,0.02292652245928212,0.725,0.0,0.022917651,9.5
3.6634342580625834,-0.7132081995323959,9.5,404.40632477458075,4.619906023515411,0.726,0.02292651908210469,0.726,0.0,0.022917651,9.5
3.6638790712977203,-0.7102227643897462,9.5,404.88331287456043,4.619279758926644,0.727,0.022926515889158224,0.727,0.0,0.022917651,9.5
3.6643245418594663,-0.7072326476925004,9.5,405.36507339697533,4.6186514413203374,0.728,0.022926512752462637,0.728,0.0,0.022917651,9.5
3.664770501469137,-0.7042388612689104,9.5,405.85167511852586,4.618021410312275,0.729,0.022926509588284086,0.729,0.0,0.022917651,9.5
3.6652169578023304,-0.7012413475226867,9.5,406.34319402174634,4.61738963901065,0.73,0.022926506396191242,0.73,0.0,0.022917651,9.5
3.66566399447751,-0.6982387830173142,9.5,406.83962956550727,4.616755139739212,0.7310000000000001,0.02292650300441319,0.731,0.0,0.022917651,9.5
3.666111601203978,-0.6952314365748565,9.5,407.34108621762914,4.616118139675567,0.7319999999999999,0.02292649946406808,0.732,0.0,0.022917651,9.5
3.6665597313418625,-0.6922201683266648,9.5,407.84770324075606,4.615479311415278,0.7329999999999999,0.0229264959015367,0.733,0.0,0.022917651,9.5
3.667008393284957,-0.6892049153799086,9.5,408.35956339022044,4.6148386256400995,0.734,0.02292649231646327,0.734,0.0,0.022917651,9.5
3.667457661804177,-0.686184140748563,9.5,408.8766719320004,4.614194844003269,0.735,0.022926488911161374,0.735,0.0,0.022917651,9.5
3.6679075201780376,-0.6831583692064063,9.5,409.39915484266174,4.613548424508178,0.736,0.022926485598199625,0.736,0.0,0.022917651,9.5
3.6683579386791116,-0.6801283999766421,9.5,409.9271489254721,4.612900047713587,0.737,0.0229264822565544,0.737,0.0,0.022917651,9.5
3.6688089264879724,-0.6770941642585117,9.5,410.4607445094081,4.612249681539051,0.738,0.022926478885755573,0.738,0.0,0.022917651,9.5
3.6692608767130412,-0.6740526654736526,9.5,410.9997417895662,4.6115959044761,0.739,0.02292647551802552,0.739,0.0,0.022917651,9.5
3.6697134920100534,-0.6710062244462259,9.5,411.5444773813172,4.61093984598369,0.7400000000000001,0.022926472128142156,0.74,0.0,0.022917651,9.5
3.67016671720314,-0.6679552682556456,9.5,412.0950983813828,4.6102817120006385,0.741,0.022926468710198808,0.741,0.0,0.022917651,9.5
3.670620543907378,-0.6648990251471675,9.5,412.6518453024576,4.609620696635077,0.7420000000000001,0.022926465153066265,0.742,0.0,0.022917651,9.5
3.6710749287275357,-0.661836028965044,9.5,413.21512616514786,4.608955158868011,0.7430000000000001,0.022926461232250207,0.743,0.0,0.022917651,9.5
3.671529928317473,-0.6587683065661435,9.5,413.78463026400505,4.608287353930335,0.744,0.022926457280105117,0.744,0.0,0.022917651,9.5
3.671985553047862,-0.6556957782229913,9.5,414.36046258001664,4.607617243576707,0.7450000000000001,0.022926453296102496,0.745,0.0,0.022917651,9.5
3.6724422912324344,-0.6526156579270502,9.5,414.9425214608294,4.606943995103158,0.7460000000000001,0.02292644933069697,0.746,0.0,0.022917651,9.5
3.6728998120473495,-0.6495298519475873,9.5,415.53107772423505,4.60626819157711,0.7470000000000001,0.022926445350787337,0.747,0.0,0.022917651,9.5
3.6733580046396064,-0.6464389726695231,9.5,416.1262987583655,4.605590001975278,0.748,0.02292644134330707,0.748,0.0,0.022917651,9.5
3.6738175948365517,-0.6433403317869985,9.5,416.728581805377,4.604909641499697,0.7490000000000001,0.022926437434276525,0.749,0.0,0.022917651,9.5
3.6742786031161563,-0.6402337050727024,9.5,417.3380797351338,4.604226967547221,0.75,0.022926433623005425,0.75,0.0,0.022917651,9.5
3.6747402881373463,-0.637121707571113,9.5,417.9546256632089,4.603541629486998,0.751,0.02292642977494751,0.751,0.0,0.022917651,9.5
3.675202759334773,-0.634002845582651,9.5,418.5784489087011,4.60285257201676,0.752,0.02292642579817622,0.752,0.0,0.022917651,9.5
3.6756661179756454,-0.63087571803341,9.5,419.2097889977138,4.602158800070156,0.753,0.022926421610979887,0.753,0.0,0.022917651,9.5
3.676130184478777,-0.627742963852804,9.5,419.8485711886688,4.601462233117272,0.7540000000000001,0.0229264173930865,0.754,0.0,0.022917651,9.5
3.6765949214858504,-0.624603714853329,9.5,420.4948828191251,4.600761853413074,0.7550000000000001,0.022926413142334814,0.755,0.0,0.022917651,9.5
3.677060282495971,-0.6214569512096094,9.5,421.148813638261,4.600056454813654,0.756,0.022926408856524333,0.756,0.0,0.022917651,9.5
3.6775263877745314,-0.6183042282125759,9.5,421.81059657833396,4.599348073859268,0.7569999999999999,0.02292640453874768,0.757,0.0,0.022917651,9.5
3.677993312739554,-0.6151444119170524,9.5,422.48038207988105,4.598635875889363,0.758,0.022926400232438922,0.758,0.0,0.022917651,9.5
3.678461099660129,-0.6119768745968772,9.5,423.15832790343956,4.597919401121466,0.759,0.022926395956060237,0.759,0.0,0.022917651,9.5
3.6789296683263517,-0.6088030408845577,9.5,423.8445688786246,4.59719975694568,0.76,0.022926391641836057,0.76,0.0,0.022917651,9.5
3.679399189789827,-0.6056201648650721,9.5,424.5392120583437,4.596474885625433,0.761,0.022926387303496765,0.761,0.0,0.022917651,9.5
3.679869633243484,-0.6024289150649478,9.5,425.24243512326024,4.595745331297725,0.762,0.022926382935518415,0.762,0.0,0.022917651,9.5
3.6803409057443415,-0.5992309870293636,9.5,425.95442836231643,4.595012415003183,0.763,0.022926378527096468,0.763,0.0,0.022917651,9.5
3.680813377596991,-0.5960226366242725,9.5,426.6754958242547,4.594273868636167,0.7640000000000001,0.022926373974673876,0.764,0.0,0.022917651,9.5
3.6812867482949905,-0.592806895326486,9.5,427.4056910668734,4.593531526074883,0.7650000000000001,0.022926369371507434,0.765,0.0,0.022917651,9.5
3.6817610907901805,-0.5895829363028839,9.5,428.1451613269229,4.592784854423286,0.7660000000000001,0.022926364699314476,0.766,0.0,0.022917651,9.5
3.682236580377867,-0.5863488298456526,9.5,428.8940808241499,4.592032627408674,0.767,0.022926359908644493,0.767,0.0,0.022917651,9.5
3.682712973109045,-0.5831073805433367,9.5,429.6526428556767,4.591276670063274,0.768,0.02292635507677755,0.768,0.0,0.022917651,9.5
3.683190406679452,-0.5798554532521517,9.5,430.4212839279752,4.590514395117027,0.7690000000000001,0.02292635042348006,0.769,0.0,0.022917651,9.5
3.683668802941011,-0.5765950289855977,9.5,431.20002087977855,4.589747473023491,0.77,0.022926345794394017,0.77,0.0,0.022917651,9.5
3.6841483563256285,-0.573325224397715,9.5,431.9889288927357,4.588975800628456,0.7710000000000001,0.022926340947752845,0.771,0.0,0.022917651,9.5
3.684629281792377,-0.5700444006082107,9.5,432.7881747750994,4.588198600495666,0.772,0.022926335712746684,0.772,0.0,0.022917651,9.5
3.685111195605151,-0.5667554760614133,9.5,433.5980400798104,4.587417253164738,0.7730000000000001,0.022926330417663496,0.773,0.0,0.022917651,9.5
3.685594668886849,-0.5634537897135727,9.5,434.4187932953593,4.586629381850071,0.7739999999999999,0.022926325463551913,0.774,0.0,0.022917651,9.5
3.6860791656194913,-0.5601436973589392,9.5,435.2505924203963,4.585837198489059,0.775,0.022926320476160517,0.775,0.0,0.022917651,9.5
3.686564971819641,-0.5568218579565142,9.5,436.09371993188336,4.585038500845797,0.7760000000000001,0.022926315097290376,0.776,0.0,0.022917651,9.5
3.6870519325200184,-0.5534901665066927,9.5,436.9483660264457,4.5842345670994815,0.777,0.02292630954673492,0.777,0.0,0.022917651,9.5
3.6875402257276138,-0.550146573308833,9.5,437.81470336956454,4.583424067574068,0.778,0.02292630423158258,0.778,0.0,0.022917651,9.5
3.688029829810684,-0.5467914625150679,9.5,438.69298763877066,4.582607299176408,0.7790000000000001,0.02292629909135508,0.779,0.0,0.022917651,9.5
3.688520852110238,-0.543423996789254,9.5,439.5840686429976,4.581783843223106,0.7800000000000001,0.022926293815554038,0.78,0.0,0.022917651,9.5
3.689013318464602,-0.540043254688693,9.5,440.48831249680364,4.58095287961147,0.7810000000000001,0.022926288392133457,0.781,0.0,0.022917651,9.5
3.689506991987259,-0.5366514540153093,9.5,441.4052483877036,4.580115689223459,0.782,0.022926282974729987,0.782,0.0,0.022917651,9.5
3.690001967737744,-0.5332476752135717,9.5,442.33515365350615,4.579271734599026,0.7830000000000001,0.02292627758051463,0.783,0.0,0.022917651,9.5
3.6904982821976207,-0.5298315810178542,9.5,443.27831245505644,4.578420819485482,0.7839999999999999,0.02292627191678171,0.784,0.0,0.022917651,9.5
3.6909960332534952,-0.5264019590660425,9.5,444.2350218018482,4.5775621229775885,0.785,0.02292626588541835,0.785,0.0,0.022917651,9.5
3.691495138646154,-0.5229596524335208,9.5,445.2055327255123,4.576696159904072,0.786,0.022926260081953444,0.786,0.0,0.022917651,9.5
3.6919956266397804,-0.519504360506109,9.5,446.1901294008473,4.575822743197076,0.787,0.02292625453484195,0.787,0.0,0.022917651,9.5
3.6924976374563907,-0.5160347611598916,9.5,447.1888801322451,4.574941106011725,0.788,0.022926248546673644,0.788,0.0,0.022917651,9.5
3.6930010873630277,-0.5125519107239863,9.5,448.2021596613538,4.574051971227406,0.789,0.02292624225189796,0.789,0.0,0.022917651,9.5
3.6935060561993356,-0.5090531848185353,9.5,449.230459706047,4.573153033795562,0.79,0.02292623633433675,0.79,0.0,0.022917651,9.5
3.694012389693733,-0.5055415535422476,9.5,450.27401706184037,4.572246649312439,0.791,0.022926230464501905,0.791,0.0,0.022917651,9.5
3.694520386128088,-0.5020135947438858,9.5,451.3332285962219,4.571330602604406,0.792,0.022926224514299362,0.792,0.0,0.022917651,9.5
3.6950299088438894,-0.4984713746263739,9.5,452.4083409905519,4.570406398211105,0.793,0.02292621851274715,0.793,0.0,0.022917651,9.5
3.6955411618691563,-0.494912435080526,9.5,453.4997095877053,4.569472391918418,0.7940000000000002,0.022926212457068856,0.794,0.0,0.022917651,9.5
3.6960540348274815,-0.49133707156196144,9.5,454.6076172751712,4.568528443684092,0.7949999999999999,0.022926205837574792,0.795,0.0,0.022917651,9.5
3.6965684877413225,-0.48774661461220725,9.5,455.7324615389641,4.567575722352303,0.796,0.02292619890542894,0.796,0.0,0.022917651,9.5
3.6970848234989093,-0.48413762616187833,9.5,456.8746512088819,4.566611985155529,0.797,0.022926192356172735,0.797,0.0,0.022917651,9.5
3.6976026728956843,-0.4805126610600121,9.5,458.03464708239954,4.565638335624941,0.7980000000000002,0.02292618587910535,0.798,0.0,0.022917651,9.5
3.6981220559186503,-0.47687112958505234,9.5,459.21283331420597,4.564654265710495,0.799,0.02292617950116192,0.799,0.0,0.022917651,9.5
3.69864308898422,-0.47320888045789267,9.5,460.4096327046426,4.563656064495885,0.8000000000000002,0.02292617258181019,0.8,0.0,0.022917651,9.5
3.699038608817423,-0.4703747587528396,9.5,460.9005270301262,4.562915544781203,0.801,0.022926171528696145,0.801,0.0,0.022917651,9.5
3.699434192817452,-0.46753532165172024,9.5,461.3963592981631,4.562169965584758,0.8020000000000002,0.022926170734499256,0.802,0.0,0.022917651,9.5
3.6998299053584964,-0.46469211545671524,9.5,461.8971402657086,4.56142113144272,0.803,0.02292616997791605,0.803,0.0,0.022917651,9.5
3.7002257625894632,-0.46184544525496446,9.5,462.4029145324438,4.560669412172358,0.804,0.022926169211339987,0.804,0.0,0.022917651,9.5
3.700622155450877,-0.45899195617474137,9.5,462.9138294687118,4.559913024172087,0.805,0.022926168034608636,0.805,0.0,0.022917651,9.5
3.701018733285319,-0.4561345137240966,9.5,463.42989249584673,4.559153423558691,0.8060000000000002,0.022926166805103357,0.806,0.0,0.022917651,9.5
3.701415436517297,-0.45327341026673484,9.5,463.95115491995654,4.558390663192356,0.807,0.02292616557911105,0.807,0.0,0.022917651,9.5
3.70181160274369,-0.4504054570108112,9.5,464.4776733920757,4.557618890646036,0.808,0.022926164736575008,0.808,0.0,0.022917651,9.5
3.702207925550639,-0.4475338135444015,9.5,465.0095072391253,4.556844054215931,0.8090000000000002,0.022926163884233592,0.809,0.0,0.022917651,9.5
3.7026044513677916,-0.4446580476135928,9.5,465.5467363027718,4.5560659102278604,0.8100000000000002,0.022926163007270666,0.81,0.0,0.022917651,9.5
3.7030013020481296,-0.44177706024322994,9.5,466.08946983729453,4.555283854815063,0.8110000000000003,0.022926162066882805,0.811,0.0,0.022917651,9.5
3.7033983164704605,-0.438892219479914,9.5,466.6377157375416,4.554498601063209,0.8120000000000002,0.022926161117335385,0.812,0.0,0.022917651,9.5
3.7037955978422867,-0.43600173638312906,9.5,467.19159937846683,4.55370877301834,0.8130000000000002,0.02292615994232528,0.8130000000000001,0.0,0.022917651,9.5
3.7041931575994123,-0.43310539068981774,9.5,467.7512066117266,4.552914196073983,0.8140000000000002,0.022926158525948707,0.8140000000000001,0.0,0.022917651,9.5
3.7045908867345068,-0.4302050416487741,9.5,468.31654724082887,4.552116293242485,0.8150000000000002,0.02292615710690632,0.8150000000000001,0.0,0.022917651,9.5
3.704988920478466,-0.4272976165082569,9.5,468.887804907959,4.5513125313887155,0.8160000000000002,0.02292615610793328,0.8160000000000001,0.0,0.022917651,9.5
3.7053871564371366,-0.42438538174659546,9.5,469.46498195171614,4.550504768351692,0.8170000000000002,0.022926155197021625,0.8170000000000001,0.0,0.022917651,9.5
3.705785578725179,-0.42146840861128426,9.5,470.0481382041213,4.549693010132841,0.8180000000000001,0.022926154298525788,0.8180000000000001,0.0,0.022917651,9.5
3.706184223443283,-0.4185450858820243,9.5,470.6373863808298,4.548875784757234,0.8190000000000001,0.02292615348271832,0.8190000000000001,0.0,0.022917651,9.5
3.706583043654078,-0.4156174823276917,9.5,471.23276572034786,4.54805498070916,0.8200000000000001,0.022926152668485786,0.8200000000000001,0.0,0.022917651,9.5
3.70698221556396,-0.4126823379765683,9.5,471.83450858814007,4.547228054047832,0.8210000000000001,0.022926151425659524,0.8210000000000001,0.0,0.022917651,9.5
3.7073816437204847,-0.4097412741685193,9.5,472.4426291137361,4.54639623810527,0.822,0.022926149979197077,0.8220000000000001,0.0,0.022917651,9.5
3.707781263693051,-0.40679507462508196,9.5,473.05720500314266,4.545560049829468,0.8230000000000002,0.022926148627566114,0.8230000000000001,0.0,0.022917651,9.5
3.708181122570618,-0.4038417994329387,9.5,473.67852284315256,4.544717727650599,0.8240000000000001,0.022926147628607275,0.8240000000000001,0.0,0.022917651,9.5
3.7085811565551348,-0.4008839615577281,9.5,474.3064147550422,4.543871543458823,0.8250000000000001,0.0229261466183245,0.8250000000000001,0.0,0.022917651,9.5
3.708981413207017,-0.39791916422577234,9.5,474.9411267796468,4.54301929488093,0.8260000000000002,0.02292614562519374,0.8260000000000001,0.0,0.022917651,9.5
3.709381855031611,-0.39494908106088017,9.5,475.5826388441844,4.542162502097899,0.8270000000000002,0.0229261446271086,0.8270000000000001,0.0,0.022917651,9.5
3.709782552855013,-0.3919724029564839,9.5,476.2310876655027,4.541300142770525,0.8280000000000002,0.022926143402759804,0.8280000000000001,0.0,0.022917651,9.5
3.710183529964169,-0.38898856799580933,9.5,476.88659658180717,4.540431749423975,0.8290000000000002,0.02292614190180562,0.8290000000000001,0.0,0.022917651,9.5
3.7105846824966515,-0.38599931329926035,9.5,477.54918673931513,4.539558635299215,0.8300000000000003,0.022926140455019322,0.8300000000000001,0.0,0.022917651,9.5
3.7109859932280154,-0.38300189207253366,9.5,478.2191663866516,4.538677971189935,0.8310000000000001,0.022926139348797833,0.8310000000000001,0.0,0.022917651,9.5
3.711387485936285,-0.3799994446201669,9.5,478.8963882755544,4.537793008881833,0.8320000000000002,0.0229261382306085,0.8320000000000001,0.0,0.022917651,9.5
3.711789686834695,-0.3769877356644814,9.5,479.5811872089284,4.53690163577729,0.8330000000000001,0.022926137170536588,0.833,0.0,0.022917651,9.5
3.712192133373278,-0.3739703494732925,9.5,480.27346581904374,4.536005569937859,0.8340000000000001,0.02292613610517591,0.834,0.0,0.022917651,9.5
3.7125949991495992,-0.37094469894339865,9.5,480.97341999040606,4.5351029055656555,0.8350000000000001,0.022926134686148403,0.835,0.0,0.022917651,9.5
3.71299815809072,-0.3679124329509147,9.5,481.68108854599876,4.5341947937418325,0.8360000000000001,0.022926133117552063,0.836,0.0,0.022917651,9.5
3.7134014489990754,-0.36487296501083694,9.5,482.39678605292994,4.5332800153431725,0.8370000000000001,0.022926131781015525,0.837,0.0,0.022917651,9.5
3.7138048818196796,-0.3618266152466878,9.5,483.1205783607656,4.532358928674044,0.838,0.022926130618068603,0.838,0.0,0.022917651,9.5
3.7142086022433847,-0.35877264654540214,9.5,483.8525242643362,4.531431370386146,0.8390000000000001,0.022926129550367522,0.839,0.0,0.022917651,9.5
3.7146126240706163,-0.3557106486364748,9.5,484.5927684680093,4.530496984914535,0.8400000000000001,0.02292612860107505,0.84,0.0,0.022917651,9.5
3.7150167574081134,-0.35264124402822067,9.5,485.3413700865838,4.529555637790948,0.8410000000000001,0.022926127432200603,0.841,0.0,0.022917651,9.5
3.715420974942004,-0.3495636655697507,9.5,486.09850286926667,4.528606452169301,0.8420000000000001,0.022926125965111874,0.842,0.0,0.022917651,9.5
3.71582534110805,-0.34647887225726437,9.5,486.86410571271654,4.52765064877198,0.8430000000000001,0.022926124628290797,0.843,0.0,0.022917651,9.5
3.716229842201928,-0.34338615196260464,9.5,487.6382974402936,4.526687461617691,0.844,0.022926123459212983,0.844,0.0,0.022917651,9.5
3.7166342453968024,-0.34028541442404203,9.5,488.4216775100783,4.5257158636499195,0.8449999999999999,0.022926122263699222,0.845,0.0,0.022917651,9.5
3.7170384336717497,-0.3371760842509565,9.5,489.21451795693304,4.524734811271417,0.8460000000000001,0.022926121039351065,0.846,0.0,0.022917651,9.5
3.7174427675908324,-0.33405824550501195,9.5,490.01671479968945,4.523745833077672,0.8469999999999999,0.022926119580137422,0.847,0.0,0.022917651,9.5
3.7178472430085217,-0.33093196908009737,9.5,490.8283917399432,4.522748983276785,0.848,0.022926117908551827,0.848,0.0,0.022917651,9.5
3.718251730834618,-0.327796224395788,9.5,491.6494771678518,4.521742718042643,0.849,0.022926116458227137,0.849,0.0,0.022917651,9.5
3.7186563020304035,-0.32465215162071204,9.5,492.48005769277324,4.52072845986773,0.8500000000000001,0.02292611512820869,0.85,0.0,0.022917651,9.5
3.719060986861235,-0.32149874263079714,9.5,493.3204377416614,4.519705307426455,0.851,0.022926113556860993,0.851,0.0,0.022917651,9.5
3.7194658335420825,-0.3183378308521677,9.5,494.17058848559117,4.518675295996941,0.8520000000000001,0.022926111914946843,0.852,0.0,0.022917651,9.5
3.7198709656246827,-0.31516567985382465,9.5,495.0310716420366,4.517635201047522,0.853,0.022926110621721407,0.853,0.0,0.022917651,9.5
3.720276290057186,-0.31198550335560776,9.5,495.9016605241144,4.516587849865475,0.854,0.022926109284687912,0.854,0.0,0.022917651,9.5
3.7206818189867485,-0.3087942623578367,9.5,496.78278191171745,4.515530248777387,0.855,0.022926107770339012,0.855,0.0,0.022917651,9.5
3.7210876662903005,-0.30559358213689414,9.5,497.6743426914007,4.514464485010019,0.856,0.022926106217532032,0.856,0.0,0.022917651,9.5
3.7214938703351494,-0.3023828147242673,9.5,498.57653471662417,4.5133900650989505,0.857,0.0229261046214749,0.857,0.0,0.022917651,9.5
3.7219003239157855,-0.29916088635053917,9.5,499.4898553513326,4.512305478672104,0.858,0.02292610332973382,0.858,0.0,0.022917651,9.5
3.722307002058372,-0.2959298212698651,9.5,500.41418716205743,4.511212652168504,0.859,0.022926102141853567,0.859,0.0,0.022917651,9.5
3.72271408397384,-0.29268670629975935,9.5,501.34999213020194,4.510109384425592,0.86,0.022926100794607263,0.86,0.0,0.022917651,9.5
3.7231213698394177,-0.28943381214575614,9.5,502.29711014664,4.5089971550638275,0.861,0.022926099432662113,0.861,0.0,0.022917651,9.5
3.723528862934808,-0.28617038500093256,9.5,503.2557726435173,4.5078752241078694,0.862,0.02292609804270074,0.862,0.0,0.022917651,9.5
3.7239365763210612,-0.2828947622060312,9.5,504.22633426025664,4.506741981726525,0.863,0.022926096282118877,0.863,0.0,0.022917651,9.5
3.7243444385880125,-0.27960901464402155,9.5,505.2088084884647,4.5055992095710735,0.864,0.02292609454586987,0.864,0.0,0.022917651,9.5
3.7247523428274487,-0.27631160499359175,9.5,506.2035946314194,4.50444494010363,0.865,0.022926093103363902,0.865,0.0,0.022917651,9.5
3.7251605747426555,-0.2730013780374721,9.5,507.2109533837492,4.503279166613627,0.866,0.02292609136378872,0.866,0.0,0.022917651,9.5
3.7255689387407593,-0.26967982899661985,9.5,508.230869923309,4.50210260099256,0.867,0.02292608957348486,0.867,0.0,0.022917651,9.5
3.725977017849947,-0.2663454875883748,9.5,509.26361497727163,4.500912105643242,0.8680000000000001,0.022926088092817862,0.868,0.0,0.022917651,9.5
3.726384992211931,-0.26300003389789284,9.5,510.309132216319,4.499710066901759,0.8690000000000001,0.022926086431636673,0.869,0.0,0.022917651,9.5
3.7267930082238347,-0.25964330951730163,9.5,511.3676779402311,4.498496921513321,0.8700000000000001,0.022926084699864343,0.87,0.0,0.022917651,9.5
3.7272011326272576,-0.25627299517178503,9.5,512.4396861610654,4.49727063099583,0.871,0.022926083003360152,0.871,0.0,0.022917651,9.5
3.72760937558534,-0.2528888877772368,9.5,513.525311586149,4.496031021466303,0.872,0.022926081154576634,0.872,0.0,0.022917651,9.5
3.7280179465132255,-0.24949186612819071,9.5,514.6248003363562,4.494779812135011,0.8730000000000001,0.02292607936526282,0.873,0.0,0.022917651,9.5
3.728426970177084,-0.24608140970809445,9.5,515.7384742014482,4.493516983077121,0.874,0.022926077740519028,0.874,0.0,0.022917651,9.5
3.72883629462026,-0.2426557524151568,9.5,516.8667375757183,4.492240154854893,0.875,0.022926076030496387,0.875,0.0,0.022917651,9.5
3.729245689518333,-0.23921659046417837,9.5,518.0094601938806,4.490950096638984,0.876,0.022926074304337265,0.876,0.0,0.022917651,9.5
3.729654475551624,-0.23576379865819974,9.5,519.1670765491144,4.489643972728383,0.877,0.02292607277531377,0.877,0.0,0.022917651,9.5
3.7300614429534815,-0.23229714667583673,9.5,520.3401671885363,4.488316725040511,0.878,0.022926071798493004,0.878,0.0,0.022917651,9.5
3.7304688822819267,-0.22881567283037907,9.5,521.5286290861355,4.486976514036612,0.879,0.02292607005120356,0.879,0.0,0.022917651,9.5
3.73087601401176,-0.2253191158590001,9.5,522.7326621666592,4.485620008086941,0.88,0.02292606812063754,0.88,0.0,0.022917651,9.5
3.7312828434546557,-0.22180754937659256,9.5,523.9522789682679,4.484247288527506,0.8809999999999999,0.02292606622332774,0.881,0.0,0.022917651,9.5
3.731689532453227,-0.21828100567137684,9.5,525.187511179465,4.4828590202669005,0.882,0.022926064459404157,0.882,0.0,0.022917651,9.5
3.732096525087609,-0.2147377246036226,9.5,526.4386629880972,4.481455240672747,0.883,0.022926062431763802,0.883,0.0,0.022917651,9.5
3.732503624755206,-0.21117762060937897,9.5,527.706392072683,4.480035061331671,0.8840000000000001,0.022926060607408316,0.884,0.0,0.022917651,9.5
3.732910677038742,-0.2076009661064262,9.5,528.9906414260728,4.478598137124341,0.885,0.022926058640244752,0.885,0.0,0.022917651,9.5
3.7333177075507886,-0.2040072308848194,9.5,530.2916472415485,4.477144050553216,0.8860000000000001,0.02292605665821937,0.886,0.0,0.022917651,9.5
3.7337247134407803,-0.20039609751443124,9.5,531.6096475085384,4.475672469472967,0.8870000000000001,0.022926054723437304,0.887,0.0,0.022917651,9.5
3.7341315434208497,-0.19676773559320004,9.5,532.9447584465004,4.4741829418222006,0.888,0.022926052705075323,0.888,0.0,0.022917651,9.5
3.7345378256127373,-0.19312263479197478,9.5,534.2969620836423,4.472674524052277,0.889,0.022926050645212796,0.889,0.0,0.022917651,9.5
3.7349450982062162,-0.18945774518582284,9.5,535.6666306056572,4.471150234007831,0.89,0.02292604868782168,0.89,0.0,0.022917651,9.5
3.735352183483627,-0.18577404771631045,9.5,537.0542755722257,4.469606411542213,0.8910000000000001,0.02292604659920638,0.891,0.0,0.022917651,9.5
3.735758641368401,-0.18207228997069727,9.5,538.4601895755858,4.468042009116979,0.892,0.022926044582354272,0.892,0.0,0.022917651,9.5
3.736165401066845,-0.17835016008548688,9.5,539.8843641418174,4.466458441802616,0.893,0.02292604249299165,0.893,0.0,0.022917651,9.5
3.736572195263446,-0.17460763918893824,9.5,541.3270885762433,4.464854613977215,0.894,0.022926041306283215,0.894,0.0,0.022917651,9.5
3.7369783976111743,-0.17084418145341954,9.5,542.7885911744514,4.46322748865745,0.895,0.02292603999890767,0.895,0.0,0.022917651,9.5
3.7373839397172075,-0.1670599081618663,9.5,544.2689619879301,4.461576910667071,0.896,0.02292603786717154,0.896,0.0,0.022917651,9.5
3.7377891146729634,-0.16325567806255417,9.5,545.7683851210422,4.459904901927737,0.897,0.022926035738467136,0.897,0.0,0.022917651,9.5
3.738194049175528,-0.15942999761735024,9.5,547.2870852662955,4.45821049155755,0.898,0.022926033581940383,0.898,0.0,0.022917651,9.5
3.7385986745387707,-0.1555816901715113,9.5,548.8251319598908,4.45649221054734,0.899,0.02292603139405065,0.899,0.0,0.022917651,9.5
3.739002812760629,-0.15171010644705685,9.5,550.3824990066161,4.454748709965053,0.9000000000000001,0.022926029203826883,0.9,0.0,0.022917651,9.5
3.7393007198441315,-0.14880688124575797,9.5,551.2030780219045,4.453494700614934,0.901,0.02292602870502184,0.901,0.0,0.022917651,9.5
3.739596158253819,-0.14589622161101054,9.5,552.0307972868353,4.4522233525735695,0.902,0.02292602820542345,0.902,0.0,0.022917651,9.5
3.7398914406935915,-0.1429797446264699,9.5,552.866216667599,4.450945571379932,0.903,0.022926027702076773,0.903,0.0,0.022917651,9.5
3.74018655427016,-0.14005697268378378,9.5,553.7092833829436,4.4496608301533565,0.904,0.02292602719434309,0.904,0.0,0.022917651,9.5
3.7404814995176117,-0.13712461867682682,9.5,554.5595894148103,4.448365831810949,0.905,0.022926026684885366,0.905,0.0,0.022917651,9.5
3.740776240770334,-0.13418541484623034,9.5,555.4178510458975,4.447063168361714,0.906,0.022926026176075958,0.906,0.0,0.022917651,9.5
3.741070593620754,-0.13123712548009345,9.5,556.2835037197132,4.445749870226138,0.907,0.022926025674706998,0.907,0.0,0.022917651,9.5
3.7413646385242414,-0.1282818228641561,9.5,557.15699956926,4.444428322567736,0.908,0.022926025172738174,0.908,0.0,0.022917651,9.5
3.741658410126888,-0.12531998939752934,9.5,558.0386535012802,4.443099147877024,0.9090000000000003,0.022926024670136224,0.909,0.0,0.022917651,9.5
3.741952097363258,-0.12234785196242833,9.5,558.92752749781,4.441759342984281,0.91,0.02292602415694326,0.91,0.0,0.022917651,9.5
3.742245573952616,-0.11936861420462155,9.5,559.8246717649358,4.440411589837013,0.911,0.022926023644622436,0.911,0.0,0.022917651,9.5
3.7425388230605314,-0.11638167575297126,9.5,560.7300102192851,4.439055219733228,0.912,0.022926023133500364,0.912,0.0,0.022917651,9.5
3.742831632138955,-0.11338484752118749,9.5,561.6429687483422,4.437687200510012,0.9130000000000003,0.02292602262921331,0.913,0.0,0.022917651,9.5
3.7431241349747095,-0.11038035843946405,9.5,562.5643217098412,4.43631029481451,0.9140000000000001,0.02292602212349489,0.914,0.0,0.022917651,9.5
3.7434163003293075,-0.1073676067856982,9.5,563.4939514663994,4.434923775730925,0.915,0.02292602161468913,0.915,0.0,0.022917651,9.5
3.74370842282439,-0.10434446327456677,9.5,564.4313666659731,4.43352669604406,0.9160000000000003,0.022926021097006095,0.916,0.0,0.022917651,9.5
3.7440001881773886,-0.1013133032851529,9.5,565.3774228811342,4.432120175554068,0.9170000000000001,0.022926020583037703,0.917,0.0,0.022917651,9.5
3.7442915437437767,-0.09827401559441033,9.5,566.3321952846941,4.430703892466485,0.918,0.0229260200802283,0.918,0.0,0.022917651,9.5
3.744582444331505,-0.09522382850686409,9.5,567.2946482914895,4.429274877045672,0.9189999999999999,0.02292602058850403,0.919,0.0,0.022917651,9.5
3.7448728892275733,-0.09216521519415778,9.5,568.2659139975616,4.4278356188921055,0.9200000000000002,0.022926020486046635,0.92,0.0,0.022917651,9.5
3.7451628969677064,-0.08909791619439127,9.5,569.246070579399,4.426385930505532,0.921,0.022926019950900947,0.921,0.0,0.022917651,9.5
3.7454525298989454,-0.0860202807755654,9.5,570.2346286699261,4.4249244045594995,0.922,0.02292601941292401,0.922,0.0,0.022917651,9.5
3.7457415283457784,-0.08293290120346923,9.5,571.2318039356938,4.423450592492228,0.9230000000000002,0.022926018877798045,0.923,0.0,0.022917651,9.5
3.7460301907013718,-0.0798360434029678,9.5,572.2380967084512,4.421965953264589,0.9240000000000002,0.02292601834212861,0.924,0.0,0.022917651,9.5
3.746318594768714,-0.0767292668179758,9.5,573.2535794746574,4.42047035841311,0.9250000000000002,0.022926017804463173,0.925,0.0,0.022917651,9.5
3.7466064476388112,-0.07361077705611602,9.5,574.2775503121406,4.418960863592623,0.926,0.022926017257460372,0.926,0.0,0.022917651,9.5
3.7468932816114098,-0.07048206005885836,9.5,575.3108198219659,4.41743706076393,0.9270000000000003,0.02292601672512838,0.927,0.0,0.022917651,9.5
3.7471792409842646,-0.06734409410130675,9.5,576.3534371925572,4.4159005063502255,0.9280000000000002,0.022926016188791146,0.928,0.0,0.022917651,9.5
3.7474643510286185,-0.06419695013182548,9.5,577.405460000847,4.414351374314406,0.929,0.022926015640995473,0.929,0.0,0.022917651,9.5
3.7477485457910658,-0.061038722795677965,9.5,578.4671439254672,4.41278750664987,0.9300000000000003,0.022926015101856368,0.93,0.0,0.022917651,9.5
3.748031882757565,-0.05786859343993138,9.5,579.53826957492,4.411208294910214,0.9310000000000002,0.02292601456246268,0.931,0.0,0.022917651,9.5
3.7483146490962365,-0.05468744920684452,9.5,580.6193418914039,4.4096157937596105,0.932,0.022926014019665243,0.932,0.0,0.022917651,9.5
3.7485966301377607,-0.051495114058264485,9.5,581.7103939149696,4.408008962628242,0.933,0.022926013476744896,0.933,0.0,0.022917651,9.5
3.7488773100008888,-0.0482915424269717,9.5,582.8114316333231,4.40638568022237,0.9340000000000003,0.022926012937225966,0.934,0.0,0.022917651,9.5
3.749155266246509,-0.045077118806684836,9.5,583.9221014980932,4.40474065715791,0.935,0.022926012385578468,0.935,0.0,0.022917651,9.5
3.7494332234442034,-0.04185156138924698,9.5,585.0430609349193,4.403084499474421,0.9360000000000002,0.022926011838926046,0.936,0.0,0.022917651,9.5
3.749710453108542,-0.03861480345162091,9.5,586.1746661949165,4.401414236272708,0.937,0.022926011292551396,0.937,0.0,0.022917651,9.5
3.749986779693572,-0.03536637424229051,9.5,587.3172547105097,4.399728691352255,0.9380000000000001,0.022926010748602108,0.9380000000000001,0.0,0.022917651,9.5
3.7502621535285408,-0.03210594215113447,9.5,588.4710503662225,4.398027329341756,0.9390000000000001,0.022926010203347,0.9390000000000001,0.0,0.022917651,9.5
3.7505365878260037,-0.028833336360608832,9.5,589.6361474049543,4.396310032124655,0.9400000000000002,0.02292600964804826,0.9400000000000001,0.0,0.022917651,9.5
3.7508102610495584,-0.02554848372363299,9.5,590.8130603676211,4.394577449402973,0.9410000000000001,0.022926009099607243,0.9410000000000001,0.0,0.022917651,9.5
3.7510831792203536,-0.022249750816598614,9.5,592.0016691394064,4.392827962663581,0.9420000000000001,0.022926008554661925,0.9420000000000001,0.0,0.022917651,9.5
3.7513551262027147,-0.018939204852629017,9.5,593.2028348682462,4.391062784638459,0.9430000000000001,0.02292600799952784,0.9430000000000001,0.0,0.022917651,9.5
3.7516261440959826,-0.015616488283029795,9.5,594.4168192013752,4.389281704023598,0.9440000000000001,0.02292600744764213,0.9440000000000001,0.0,0.022917651,9.5
3.751896213624089,-0.012280719874819521,9.5,595.6439167796727,4.387483790227457,0.9450000000000002,0.022926006897353794,0.9450000000000001,0.0,0.022917651,9.5
3.75216533954885,-0.008931874723565028,9.5,596.8847408234408,4.385669027093079,0.9460000000000001,0.022926006346271486,0.9460000000000001,0.0,0.022917651,9.5
3.752433481659091,-0.005570137789620232,9.5,598.1398664119297,4.383837427225097,0.9470000000000001,0.02292600579300004,0.9470000000000001,0.0,0.022917651,9.5
3.752700495554589,-0.002195390418646445,9.5,599.4098016155256,4.3819883089674985,0.9480000000000002,0.02292600523708193,0.9480000000000001,0.0,0.022917651,9.5
3.752966259478587,0.0011921972761738927,9.5,600.6951419758782,4.380121359510899,0.9490000000000001,0.022926004683608274,0.9490000000000001,0.0,0.022917651,9.5
3.753230700811998,0.004592340799924979,9.5,601.9964511055339,4.378236556972556,0.9500000000000001,0.02292600437091051,0.9500000000000001,0.0,0.022917651,9.5
3.753493518218873,0.008005795754581017,9.5,603.3145656208811,4.376331946109147,0.9510000000000002,0.02292600445686794,0.9510000000000001,0.0,0.022917651,9.5
3.753754554556107,0.01143267075683887,9.5,604.650630173792,4.37440680116281,0.9520000000000001,0.02292600387857326,0.9520000000000001,0.0,0.022917651,9.5
3.754013783249581,0.014871761314336568,9.5,606.0052878350458,4.37246219415233,0.9530000000000001,0.022926003303385865,0.9530000000000001,0.0,0.022917651,9.5
3.754271205361974,0.01832224172735682,9.5,607.3788990376606,4.370498980998772,0.9540000000000002,0.022926002912876296,0.9540000000000001,0.0,0.022917651,9.5
3.7545267124537074,0.021785397960295577,9.5,608.7726040620083,4.368515421582352,0.9550000000000001,0.022926003139925502,0.9550000000000001,0.0,0.022917651,9.5
3.7547805022825713,0.02526140737620006,9.5,610.1878482669116,4.366512151648569,0.9560000000000001,0.022926002582617296,0.9560000000000001,0.0,0.022917651,9.5
3.7550324713206438,0.028750325026822038,9.5,611.6258933134762,4.364488683087079,0.9570000000000001,0.022926002016238865,0.9570000000000001,0.0,0.022917651,9.5
3.7552824662305757,0.0322518706060719,9.5,613.0878726091569,4.362444687278743,0.9580000000000002,0.022926001455633054,0.9580000000000001,0.0,0.022917651,9.5
3.755530454863841,0.03576508004719461,9.5,614.5749589980005,4.36038099744895,0.9590000000000002,0.022926000889613805,0.9590000000000001,0.0,0.022917651,9.5
3.7557760604716144,0.03929022729577162,9.5,616.0885618314903,4.358295856248292,0.96,0.022926000324882137,0.96,0.0,0.022917651,9.5
3.756018319950587,0.04282639939543486,9.5,617.6300294239643,4.356186301449923,0.961,0.02292599976220697,0.961,0.0,0.022917651,9.5
3.7562573368490297,0.04637159920973684,9.5,619.2001550021373,4.35405474511152,0.962,0.02292599919358831,0.962,0.0,0.022917651,9.5
3.756493741152091,0.049926496545066944,9.5,620.8009267887994,4.35190304326246,0.9630000000000001,0.022925998619690885,0.963,0.0,0.022917651,9.5
3.7567272082956373,0.053491688200348275,9.5,622.4340887981149,4.349729290710446,0.964,0.02292599805742745,0.964,0.0,0.022917651,9.5
3.7569575762804757,0.057066693671300815,9.5,624.1008810468336,4.347533333092602,0.965,0.022925997487252645,0.965,0.0,0.022917651,9.5
3.7571848186135113,0.06065058309797228,9.5,625.8028030184564,4.3453159857491945,0.9660000000000001,0.022925996912903496,0.966,0.0,0.022917651,9.5
3.7574087145719792,0.06424293893565099,9.5,627.5415159501458,4.343076788860553,0.967,0.022925996350694835,0.967,0.0,0.022917651,9.5
3.7576286758233817,0.06784208427934911,9.5,629.3188356170351,4.340815067652657,0.9680000000000001,0.022925995773029575,0.968,0.0,0.022917651,9.5
3.7578450301923394,0.07144901582614971,9.5,631.133934951582,4.338531117789529,0.969,0.022925995199948684,0.969,0.0,0.022917651,9.5
3.7580565876419776,0.07506344200930772,9.5,632.986909235133,4.336220491682727,0.9700000000000002,0.022925994638539005,0.97,0.0,0.022917651,9.5
3.758262263267339,0.07868382327198586,9.5,634.8777356746064,4.333880388466255,0.9709999999999999,0.022925994070023065,0.971,0.0,0.022917651,9.5
3.7584637467404924,0.08231056507951322,9.5,636.8052362162244,4.331517163815002,0.972,0.022925993503074633,0.972,0.0,0.022917651,9.5
3.7586605555312205,0.08594451947651935,9.5,638.7666202293532,4.329128014223901,0.9730000000000001,0.022925992925405293,0.973,0.0,0.022917651,9.5
3.7588527498639337,0.08958682029054027,9.5,640.7581860387106,4.326712063452702,0.974,0.022925992339744607,0.974,0.0,0.022917651,9.5
3.759039771100907,0.09323870563916223,9.5,642.7743568933148,4.324265835636191,0.975,0.022925991772180937,0.975,0.0,0.022917651,9.5
3.7592223122834727,0.0969013124593047,9.5,644.8092980212118,4.3217909660080505,0.976,0.0229259911870483,0.976,0.0,0.022917651,9.5
3.7594001637877428,0.10057777291652897,9.5,646.8538269643453,4.319283492910136,0.9770000000000001,0.02292599060619141,0.977,0.0,0.022917651,9.5
3.759574024591924,0.10426913493332332,9.5,648.8987570187597,4.316745159533097,0.978,0.02292599003314748,0.978,0.0,0.022917651,9.5
3.7597440525795687,0.1079798466593297,9.5,650.934859681226,4.314172125356208,0.979,0.022925989449183923,0.979,0.0,0.022917651,9.5
3.7599101903299004,0.1117179928074679,9.5,652.9411036865047,4.311556115892908,0.9800000000000001,0.022925988920224672,0.98,0.0,0.022917651,9.5
3.760074125895796,0.11548834180930768,9.5,654.9512195748301,4.308899069151004,0.981,0.022925988370508826,0.981,0.0,0.022917651,9.5
3.7602387387051697,0.11930285502723004,9.5,657.051150070592,4.306200589069825,0.982,0.022925987783553335,0.982,0.0,0.022917651,9.5
3.7604026428780317,0.12315818520619987,9.5,659.2782556318185,4.303458453311157,0.983,0.02292598721540563,0.983,0.0,0.022917651,9.5
3.7605639645483366,0.12705131072194148,9.5,661.638525475833,4.300668189159418,0.9840000000000001,0.022925986804374267,0.984,0.0,0.022917651,9.5
3.760722547744462,0.13098426175021244,9.5,664.1284066909052,4.297827146036467,0.985,0.02292598629272527,0.985,0.0,0.022917651,9.5
3.760878113530951,0.1349697008093329,9.5,666.7622818844219,4.294921539698666,0.986,0.022925985686315913,0.986,0.0,0.022917651,9.5
3.761031600788955,0.13900361783564608,9.5,669.5309349045158,4.2919591565711634,0.9870000000000001,0.0229259850886276,0.987,0.0,0.022917651,9.5
3.761181814948478,0.14309117805862812,9.5,672.4442897495406,4.288930030014462,0.988,0.022925984507622416,0.988,0.0,0.022917651,9.5
3.7613291115666887,0.1472324458920743,9.5,675.5028023235818,4.285835519536693,0.989,0.022925983993850905,0.989,0.0,0.022917651,9.5
3.7614731933924057,0.1514304408121274,9.5,678.7158084060336,4.282671417350719,0.99,0.022925983376622643,0.99,0.0,0.022917651,9.5
3.761614096062512,0.15568270392842098,9.5,682.0838396932269,4.279440347624597,0.9910000000000001,0.022925982755478625,0.991,0.0,0.022917651,9.5
3.761750865848559,0.1599948220445849,9.5,685.6237198264752,4.276132872013705,0.992,0.022925982158453328,0.992,0.0,0.022917651,9.5
3.761882062807146,0.1643586050845941,9.5,689.3406141091891,4.272751450842696,0.993,0.022925981558740594,0.993,0.0,0.022917651,9.5
3.762008600147276,0.16877767024734752,9.5,693.2450056400088,4.269296126629678,0.9940000000000001,0.02292598093638506,0.994,0.0,0.022917651,9.5
3.7621297512553116,0.17325337580671255,9.5,697.3569541410167,4.26576259798695,0.995,0.022925980329737874,0.995,0.0,0.022917651,9.5
3.7622460872192627,0.1777877241143881,9.5,701.6987285809026,4.262151166814097,0.996,0.02292597984737661,0.996,0.0,0.022917651,9.5
3.7623570845431407,0.18237665436267012,9.5,706.2811300813918,4.258463792665937,0.997,0.022925979255446562,0.997,0.0,0.022917651,9.5
3.7624619196144744,0.1870217405911615,9.5,711.1224184012981,4.254695621602118,0.9980000000000001,0.022925978619186074,0.998,0.0,0.022917651,9.5
3.762574584612432,0.19175454385939125,9.5,717.9364625813474,4.250871055319831,0.999,0.022925977960877322,0.999,0.0,0.022917651,9.5
3.7626622606822506,0.19649951229578147,9.5,726.1300943042993,4.2469343635901025,1.0,0.022925977301520743,1.0,0.0,0.022917651,9.5
3.7627588358157933,0.1999043923585427,9.5,731.2355462792514,4.244329720953082,1.0010000000000001,0.022925977361742244,1.0010000000000001,0.0,0.022917651,9.5
3.7628528573766573,0.2033306480464943,9.5,736.3894117289776,4.24169345707804,1.0020000000000002,0.02292597733841948,1.002,0.0,0.022917651,9.5
3.76294214251762,0.20677715879950362,9.5,741.5958888566986,4.239018029081925,1.0030000000000001,0.022925977274720177,1.0030000000000001,0.0,0.022917651,9.5
3.7630283022749307,0.21024398447840284,9.5,746.8519531249832,4.236309764170229,1.004,0.02292597721161693,1.004,0.0,0.022917651,9.5
3.763110305945602,0.21373057599940645,9.5,752.1582576786302,4.2335651250755655,1.0050000000000001,0.0229259771722166,1.0050000000000001,0.0,0.022917651,9.5
3.763188062592794,0.21723997149342752,9.5,757.5191875344011,4.230780689926238,1.0060000000000002,0.022925977110083703,1.006,0.0,0.022917651,9.5
3.7632621294391377,0.2207704500840943,9.5,762.9329407077793,4.227960391557748,1.0070000000000001,0.02292597714307619,1.0070000000000001,0.0,0.022917651,9.5
3.7633317194576765,0.22432051947242257,9.5,768.3993383650208,4.225102623193705,1.008,0.022925977134089053,1.008,0.0,0.022917651,9.5
3.7633949926223735,0.2278950014337479,9.5,773.9240783946555,4.222195149227497,1.0090000000000001,0.022925977093194487,1.0090000000000001,0.0,0.022917651,9.5
3.763453222406375,0.23148968377744447,9.5,779.5027555702349,4.219247310073692,1.0100000000000002,0.022925977027321215,1.01,0.0,0.022917651,9.5
3.763506424151565,0.23510780811950552,9.5,785.139675363678,4.216255931502309,1.0110000000000003,0.02292597700165897,1.0110000000000001,0.0,0.022917651,9.5
3.763554227220788,0.23874844096747472,9.5,790.8344954082103,4.2132204253535965,1.012,0.022925977076527985,1.012,0.0,0.022917651,9.5
3.7635966952711026,0.24241278704012512,9.5,796.5884468653036,4.210139879730906,1.0130000000000001,0.022925977024440002,1.0130000000000001,0.0,0.022917651,9.5
3.763630032784035,0.24610720789805687,9.5,802.416428558261,4.206992726054926,1.014,0.022925976990382204,1.014,0.0,0.022917651,9.5
3.7636574718415354,0.24982220501920444,9.5,808.3022140369492,4.203801418945626,1.0150000000000003,0.022925976990839328,1.0150000000000001,0.0,0.022917651,9.5
3.7636841925547224,0.25354510373042144,9.5,814.2225013410042,4.2005993368403445,1.016,0.022925976990167265,1.016,0.0,0.022917651,9.5
3.7637094333862864,0.2572780945062864,9.5,820.1813786702402,4.197381242814676,1.0170000000000001,0.022925976991441693,1.0170000000000001,0.0,0.022917651,9.5
3.763713794121321,0.26107609118146075,9.5,826.2782206943078,4.194014614489051,1.0180000000000002,0.022925977072740543,1.018,0.0,0.022917651,9.5
3.7637173925402543,0.2648823483084363,9.5,832.4108163490773,4.190636676432656,1.0190000000000003,0.02292597715120486,1.0190000000000001,0.0,0.022917651,9.5
3.763720223590788,0.26869692063389283,9.5,838.5794025940575,4.187247353689519,1.0200000000000002,0.022925977226815858,1.02,0.0,0.022917651,9.5
3.763703894084644,0.2725638705083929,9.5,844.8663926043715,4.183729010078093,1.0210000000000001,0.022925977342841467,1.0210000000000001,0.0,0.022917651,9.5
3.763680676656789,0.27645393240622873,9.5,851.2174855503636,4.1801600023810135,1.022,0.02292597746959864,1.022,0.0,0.022917651,9.5
3.763656628683767,0.2803526624727998,9.5,857.6058794474541,4.176579004313939,1.0230000000000004,0.022925977592683396,1.0230000000000001,0.0,0.022917651,9.5
3.7636143088199248,0.28429637047354434,9.5,864.102279137755,4.172879945021492,1.024,0.022925977740636743,1.024,0.0,0.022917651,9.5
3.7635608745806253,0.2882703959796384,9.5,870.6784662587842,4.169106113118607,1.0250000000000001,0.02292597790049215,1.025,0.0,0.022917651,9.5
3.763506582614791,0.2922535012835613,9.5,877.2933346059026,4.165319770355555,1.0260000000000002,0.022925978055129134,1.026,0.0,0.022917651,9.5
3.7634304632519515,0.296282228485038,9.5,884.0229200112893,4.161400490834842,1.027,0.02292597855855227,1.027,0.0,0.022917651,9.5
3.763342834330469,0.30033887924848574,9.5,890.8307285917226,4.157407247086353,1.028,0.02292597922684082,1.028,0.0,0.022917651,9.5
3.7632543336220197,0.3044050353945305,9.5,897.6786634031386,4.153401011039639,1.0290000000000001,0.022925979878214108,1.029,0.0,0.022917651,9.5
3.763135852856936,0.3085260077158377,9.5,904.6654078960391,4.149220046990031,1.03,0.022925980189328656,1.03,0.0,0.022917651,9.5
3.763011246292363,0.3126649637191649,9.5,911.7111035828977,4.144996597461126,1.031,0.022925980434630067,1.031,0.0,0.022917651,9.5
3.7628788534772357,0.3168224277607492,9.5,918.8192095863272,4.140723492692806,1.032,0.022925980808397133,1.032,0.0,0.022917651,9.5
3.7627134749555085,0.32103001919107843,9.5,926.0666597887019,4.136268307951979,1.033,0.02292598179549708,1.033,0.0,0.022917651,9.5
3.7625471923527236,0.32524797326209287,9.5,933.35696560116,4.1317991444361235,1.0340000000000003,0.022925982755768338,1.034,0.0,0.022917651,9.5
3.762351185656689,0.32950383825748353,9.5,940.7669279610528,4.127173178798149,1.035,0.022925983991183313,1.035,0.0,0.022917651,9.5
3.7621384141060927,0.3337855707790086,9.5,948.26297266801,4.1224542886985756,1.036,0.02292598535644134,1.036,0.0,0.022917651,9.5
3.7619123805021575,0.33808719905095147,9.5,955.8333807219469,4.117662454726284,1.037,0.022925986680401095,1.037,0.0,0.022917651,9.5
3.7616486539832894,0.34242683168212146,9.5,963.538190461444,4.112681846130612,1.0380000000000003,0.02292598795814347,1.038,0.0,0.022917651,9.5
3.7613839726946354,0.3467777968650301,9.5,971.2887241684414,4.107686086219487,1.039,0.022925989198418453,1.039,0.0,0.022917651,9.5
3.761062763976647,0.35116524742158484,9.5,979.2047891545291,4.1024277245210605,1.04,0.022925991678544897,1.04,0.0,0.022917651,9.5
3.760740073565975,0.35556484147514944,9.5,987.1691847153002,4.097151292529674,1.041,0.022925994099263658,1.041,0.0,0.022917651,9.5
3.7603573372408463,0.35998570408551006,9.5,995.2783722501864,4.091613415681387,1.0420000000000003,0.022925997173276303,1.042,0.0,0.022917651,9.5
3.759963765613248,0.3644204323308111,9.5,1003.4518179716692,4.086018332922178,1.043,0.022926000271323493,1.043,0.0,0.022917651,9.5
3.7594998377581814,0.3688642105388044,9.5,1011.7806578294652,4.080132769551424,1.044,0.02292600543276222,1.044,0.0,0.022917651,9.5
3.7590234549224304,0.3733203534338576,9.5,1020.1770925302241,4.074185020626987,1.0450000000000002,0.02292601078112744,1.045,0.0,0.022917651,9.5
3.7584663643142795,0.37776943732268364,9.5,1028.7401178548205,4.067921493414554,1.046,0.022926017810763696,1.046,0.0,0.022917651,9.5
3.757883843318664,0.38222032848654786,9.5,1037.3859456427656,4.061554439374813,1.047,0.022926025517886087,1.047,0.0,0.022917651,9.5
3.757236395862314,0.3866542351158533,9.5,1046.1660526953074,4.054944669393659,1.048,0.02292603528795448,1.048,0.0,0.022917651,9.5
3.7565239320539696,0.3910568176920215,9.5,1055.0703523331172,4.048106162664976,1.049,0.022926048264430943,1.049,0.0,0.022917651,9.5
3.755760059971469,0.3954347307331759,9.5,1064.0811867233185,4.041086694050671,1.0500000000000003,0.022926063834818836,1.05,0.0,0.022917651,9.5
3.754902520269565,0.3997439956980587,9.5,1073.2321396304226,4.033761201464664,1.051,0.02292608529921601,1.051,0.0,0.022917651,9.5
3.753924050151488,0.40395534109288467,9.5,1082.5104657178504,4.02604990222503,1.052,0.02292611344371483,1.052,0.0,0.022917651,9.5
3.7528435387174466,0.4080616874456112,9.5,1091.9099035834602,4.018035431823618,1.0530000000000002,0.022926150944415125,1.053,0.0,0.022917651,9.5
3.75165127930444,0.41202718551149037,9.5,1101.4340598316114,4.009714817917969,1.054,0.022926201201231195,1.054,0.0,0.022917651,9.5
3.7503196715133975,0.41579759841718156,9.5,1111.0872584126914,4.001031902040354,1.055,0.02292627176128674,1.055,0.0,0.022917651,9.5
3.748799571615264,0.4192969188529911,9.5,1120.8653448627463,3.9918661066499728,1.056,0.022926376360110245,1.056,0.0,0.022917651,9.5
3.7470654503288574,0.42244725240175657,9.5,1130.7425818167517,3.9821932103374085,1.057,0.022926534795788885,1.057,0.0,0.022917651,9.5
3.745112512679298,0.42517383499800887,9.5,1140.7284683928794,3.972068816411626,1.0580000000000003,0.022926775206026047,1.058,0.0,0.022917651,9.5
3.7428142647204536,0.4272534447955606,9.5,1150.7958640912796,3.961210137789415,1.059,0.022927198737775482,1.059,0.0,0.022917651,9.5
3.7401836443440906,0.4286120376627214,9.5,1160.926768860082,3.949742984423938,1.06,0.022927917691019994,1.06,0.0,0.022917651,9.5
3.7370830391356185,0.4289824795449466,9.5,1171.0881847796745,3.9373840492260026,1.061,0.022929330634921644,1.061,0.0,0.022917651,9.5
3.733454721276633,0.42820866433577026,9.5,1181.2540978668778,3.9240585227138673,1.062,0.0229324206568999,1.062,0.0,0.022917651,9.5
3.7292332595554654,0.42626781176222717,9.5,1191.3818007561617,3.9095274619967997,1.063,0.022939215161854026,1.063,0.0,0.022917651,9.5
3.724373921098902,0.42335814158632107,9.5,1201.4401793093184,3.8934136994181583,1.064,0.02295295318322946,1.064,0.0,0.022917651,9.5
3.718955917399804,0.4203096186962063,9.5,1211.4121525429039,3.8752041207746792,1.065,0.022979810643352683,1.065,0.0,0.022917651,9.5
3.7132071709731194,0.4187846825517345,9.5,1221.3120007791756,3.8541480113634035,1.0660000000000003,0.023034261226128904,1.066,0.0,0.022917651,9.5
3.707462267918239,0.4207110795815236,9.5,1231.2249692173123,3.8296559316981558,1.067,0.023138522292804584,1.067,0.0,0.022917651,9.5
3.7019927691356633,0.4275188201363026,9.5,1241.3034486708134,3.80138411995888,1.068,0.0233237805369277,1.068,0.0,0.022917651,9.5
3.6969811444330403,0.4401220257289989,9.5,1251.6973452074726,3.76914834769073,1.069,0.023593649505667367,1.069,0.0,0.022917651,9.5
3.692696129692692,0.4597697691302656,9.5,1262.5088398379926,3.7327744675616725,1.07,0.02399407646609852,1.07,0.0,0.022917651,9.5
3.6893181664779138,0.4868685434642397,9.5,1273.8815727712001,3.6925777674067706,1.071,0.024562545658757002,1.071,0.0,0.022917651,9.5
3.68673832176406,0.5204160268724951,9.5,1286.026251138254,3.6491248276094126,1.072,0.025312744591041977,1.072,0.0,0.022917651,9.5
3.6847263298123227,0.5593015579405907,9.5,1299.179601520282,3.602605254828297,1.073,0.02628611264791577,1.073,0.0,0.022917651,9.5
3.683073177480862,0.6029241857690224,9.5,1313.6024565546124,3.5527839496475258,1.074,0.027553881067094724,1.074,0.0,0.022917651,9.5
3.681615706565539,0.6512902611427447,9.5,1329.596276160448,3.499001918064837,1.075,0.029046853055201674,1.075,0.0,0.022917651,9.5
3.6801615604286346,0.7048885482008498,9.5,1347.5494634610097,3.440000972293985,1.076,0.030707028158060878,1.076,0.0,0.022917651,9.5
3.6786112452696806,0.7646869590134241,9.5,1367.9740702418198,3.3744152243171963,1.077,0.03235498850042029,1.077,0.0,0.022917651,9.5
3.6767652695206836,0.8323950705093498,9.5,1391.593451561038,3.2997371360255383,1.078,0.034019270252479,1.078,0.0,0.022917651,9.5
3.6744379408121057,0.9104860315612218,9.5,1419.4747401185634,3.212750782463215,1.079,0.035370731340222,1.079,0.0,0.022917651,9.5
3.671307377829303,1.0028664786233896,9.5,1453.3300261561847,3.108262022401177,1.08,0.03639859087897331,1.08,0.0,0.022917651,9.5
3.666968773510873,1.1159048250553705,9.5,1496.2344612269737,2.978283192304251,1.081,0.03700767001570122,1.081,0.0,0.022917651,9.5
3.660800721069293,1.257312781327189,9.5,1554.8647576537476,2.81261694450999,1.082,0.03713944623610773,1.082,0.0,0.022917651,9.5
3.651073663715167,1.453433555450631,9.5,1645.5895102585655,2.5780018648132574,1.083,0.037142886460406185,1.083,0.0,0.022917651,9.5
3.646119760202113,1.5584705876396652,9.5,1827.5313330317892,2.4535631506011426,1.0839999999999999,0.03714632668470465,1.084,0.0,0.022917651,9.5
3.620143169623828,1.975450785363489,9.5,2311.9014494768,1.9330905160513026,1.0850000000000002,0.03714976690900311,1.085,0.0,0.022917651,9.5
