log_Teff,LogL_lsun,Age_gyr,Step,Log_g,Mass_msun,feh,Mass_input,Metallicity_input,Z_used,Age_input
3.540696816922902,-1.9315489355782913,4.5,296.0470393630827,4.9642423098966795,0.3,0.0252953848867989,0.3,0.0,0.022917651,4.5
3.540851113067134,-1.928934852200412,4.5,296.0855461212592,4.9634947979426425,0.301,0.025288005267717347,0.301,0.0,0.022917651,4.5
3.541005320608495,-1.9263187003342817,4.5,296.12474245972777,4.962744863093223,0.302,0.025280540706758944,0.302,0.0,0.022917651,4.5
3.5411594376107303,-1.9237004347768774,4.5,296.16464344800306,4.961992452400481,0.30299999999999994,0.025272989347674486,0.303,0.0,0.022917651,4.5
3.5413134620807547,-1.921080008998404,4.5,296.2052645979107,4.961237511362378,0.30400000000000005,0.0252653492797313,0.304,0.0,0.022917651,4.5
3.5414673919665507,-1.9184573750932596,4.5,296.2466218799355,4.960479983865341,0.305,0.02525761853569956,0.305,0.0,0.022917651,4.5
3.5416212251549744,-1.915832483728803,4.5,296.2887317402991,4.959719812124258,0.30600000000000005,0.025249795089748513,0.306,0.0,0.022917651,4.5
3.5417749594694627,-1.913205284091821,4.5,296.331611118808,4.958956936619768,0.307,0.025241876855248136,0.307,0.0,0.022917651,4.5
3.5419285926676336,-1.9105757238325636,4.5,296.37527746750993,4.958191296032709,0.308,0.02523386168247094,0.308,0.0,0.022917651,4.5
3.542082122438784,-1.9079437490062223,4.5,296.4197487702039,4.957422827175567,0.309,0.025225747356188856,0.309,0.0,0.022917651,4.5
3.5422355464012627,-1.9053093040117144,4.5,296.4650435628477,4.9566514649207765,0.30999999999999994,0.02521753159315935,0.31,0.0,0.022917651,4.5
3.5423888620997297,-1.9026723315276244,4.5,296.5111809549132,4.955877142125679,0.311,0.025209212039494944,0.311,0.0,0.022917651,4.5
3.5425420670022834,-1.9000327724451511,4.5,296.5581806517407,4.955099789553996,0.312,0.025200786267909645,0.312,0.0,0.022917651,4.5
3.5426951584974513,-1.8973905657978916,4.5,296.60606297794646,4.954319335793561,0.313,0.025192251774835615,0.313,0.0,0.022917651,4.5
3.5428477621676517,-1.8947795369865346,4.5,296.6599047419075,4.9535681084457455,0.314,0.02518252370260412,0.314,0.0,0.022917651,4.5
3.543000244435476,-1.8921706480613263,4.5,296.71457546457583,4.952818535382865,0.31499999999999995,0.02517252153307649,0.315,0.0,0.022917651,4.5
3.543152648792827,-1.8895600169482827,4.5,296.76946053177454,4.952066908514808,0.316,0.025162365084275277,0.316,0.0,0.022917651,4.5
3.5433049737321762,-1.8869476099369908,4.5,296.8245640909567,4.95131318810153,0.317,0.025152051370978187,0.317,0.0,0.022917651,4.5
3.5434572177068526,-1.8843333924416883,4.5,296.87989039727165,4.9505573333710675,0.318,0.02514157733044635,0.318,0.0,0.022917651,4.5
3.54360937912976,-1.881717328972662,4.5,296.93544381708307,4.949799302485822,0.319,0.02513093981989176,0.319,0.0,0.022917651,4.5
3.5437614563720476,-1.879099383106525,4.5,296.9912288316263,4.949039052507517,0.32,0.02512013561384487,0.32,0.0,0.022917651,4.5
3.543913447761729,-1.8764795174553055,4.5,297.04725004081143,4.948276539360765,0.32099999999999995,0.025109161401417564,0.321,0.0,0.022917651,4.5
3.544065351582243,-1.8738576936343063,4.5,297.10351216717737,4.947511717795164,0.322,0.025098013783456656,0.322,0.0,0.022917651,4.5
3.5442171660709625,-1.8712338722286646,4.5,297.1600200600062,4.946744541345897,0.323,0.025086689269582862,0.323,0.0,0.022917651,4.5
3.544368889417633,-1.8686080127585611,4.5,297.21677869960354,4.945974962292697,0.32400000000000007,0.025075184275109744,0.324,0.0,0.022917651,4.5
3.544520519762756,-1.865980073643007,4.5,297.27379320175385,4.94520293161717,0.325,0.025063495117836867,0.325,0.0,0.022917651,4.5
3.5446720551959037,-1.863350012162143,4.5,297.3310688223589,4.9444283989583475,0.32600000000000007,0.025051618014711313,0.326,0.0,0.022917651,4.5
3.544823493753964,-1.8607177844179816,4.5,297.38861096226793,4.943651312566406,0.327,0.025039549078351032,0.327,0.0,0.022917651,4.5
3.5449748334193067,-1.8580833452935095,4.5,297.44642517230875,4.942871619254452,0.328,0.025027284313423357,0.328,0.0,0.022917651,4.5
3.5451260721178826,-1.8554466484100787,4.5,297.5045171585306,4.942089264348299,0.329,0.025014819612871664,0.329,0.0,0.022917651,4.5
3.545277207717238,-1.852807646082997,4.5,297.56289278766764,4.941304191634105,0.33,0.025002150753982627,0.33,0.0,0.022917651,4.5
3.5454284581787463,-1.8501921693974122,4.5,297.61983260078546,4.940543104098063,0.33100000000000007,0.02498838127122701,0.331,0.0,0.022917651,4.5
3.54557975109206,-1.847588262087409,4.5,297.6752988488431,4.939793755750972,0.33199999999999996,0.02497392912538404,0.332,0.0,0.022917651,4.5
3.545730980354316,-1.8449828227380454,4.5,297.72998123605913,4.9390426207266165,0.333,0.024959243268819698,0.333,0.0,0.022917651,4.5
3.545882144837302,-1.8423758241938935,4.5,297.7838658684841,4.9382896673561065,0.3340000000000001,0.024944319559006743,0.334,0.0,0.022917651,4.5
3.546033243385975,-1.8397672386539359,4.5,297.8369385218564,4.937534863217661,0.3350000000000001,0.024929153754934204,0.335,0.0,0.022917651,4.5
3.546184274817676,-1.8371570376522677,4.5,297.88918463172763,4.9367781751141,0.336,0.02491374151416324,0.336,0.0,0.022917651,4.5
3.546335237921287,-1.8345451920380993,4.5,297.9405892832312,4.936019569049525,0.3370000000000001,0.0248980783897767,0.337,0.0,0.022917651,4.5
3.5464861314563763,-1.831931671955034,4.5,297.9911372004801,4.935259010205157,0.338,0.02488215982721797,0.338,0.0,0.022917651,4.5
3.5466369541523024,-1.8293164468195882,4.5,298.0408127355768,4.934496462914275,0.339,0.02486598116101429,0.339,0.0,0.022917651,4.5
3.546787704707292,-1.8266994852989242,4.5,298.0895998572199,4.933731890636261,0.34,0.024849537611379705,0.34,0.0,0.022917651,4.5
3.5469383817874816,-1.8240807552877563,4.5,298.13748213888863,4.932965255929658,0.341,0.024832824280692348,0.341,0.0,0.022917651,4.5
3.547088984025914,-1.8214602238844,4.5,298.18444274658845,4.932196520424243,0.342,0.024815836149840682,0.342,0.0,0.022917651,4.5
3.547239510021517,-1.818837857365923,4.5,298.2304644261376,4.931425644792046,0.3430000000000001,0.024798568074432904,0.343,0.0,0.022917651,4.5
3.5473899583380253,-1.8162136211623623,4.5,298.2755294899742,4.930652588717287,0.344,0.024781014780863565,0.34400000000000003,0.0,0.022917651,4.5
3.5475403275028707,-1.8135874798299605,4.5,298.31961980346426,4.9298773108651535,0.3450000000000001,0.02476317086223105,0.34500000000000003,0.0,0.022917651,4.5
3.547690616006027,-1.810959397023383,4.5,298.3627167706857,4.929099768849411,0.3460000000000001,0.024745030774099296,0.34600000000000003,0.0,0.022917651,4.5
3.547840855702018,-1.8083319929078163,4.5,298.4039868063289,4.928322710298259,0.34700000000000003,0.024726492481745604,0.34700000000000003,0.0,0.022917651,4.5
3.5479918698733863,-1.8057687309340467,4.5,298.42354625301243,4.927612892889035,0.3480000000000001,0.024705276763948795,0.34800000000000003,0.0,0.022917651,4.5
3.54814287608884,-1.8032054329099678,4.5,298.4406742726257,4.926903007603709,0.3490000000000001,0.02468373338552656,0.34900000000000003,0.0,0.022917651,4.5
3.548293874294911,-1.8006420985933016,4.5,298.4553545245837,4.9261930539861165,0.35000000000000003,0.024661860144411494,0.35000000000000003,0.0,0.022917651,4.5
3.5484448644376507,-1.7980787277395933,4.5,298.46757052154874,4.925483031575994,0.35100000000000003,0.024639654818759682,0.35100000000000003,0.0,0.022917651,4.5
3.5485958464626246,-1.7955153201021883,4.5,298.47730562777855,4.9247729399089355,0.35200000000000004,0.02461711516672817,0.352,0.0,0.022917651,4.5
3.5487468203149075,-1.7929518754322056,4.5,298.4845430574537,4.924062778516345,0.35300000000000004,0.024594238926249474,0.353,0.0,0.022917651,4.5
3.548897785939079,-1.7903883934785154,4.5,298.4892658729809,4.92335254692539,0.35400000000000004,0.024571023814802962,0.354,0.0,0.022917651,4.5
3.549048743279214,-1.7878248739877112,4.5,298.49145698327374,4.922642244658953,0.355,0.024547467529183194,0.355,0.0,0.022917651,4.5
3.5491996922788798,-1.7852613167040847,4.5,298.4910991420099,4.921931871235583,0.356,0.024523567745265065,0.356,0.0,0.022917651,4.5
3.5493506328811315,-1.7826977213696007,4.5,298.488174945865,4.9212214261694465,0.357,0.024499322117765725,0.357,0.0,0.022917651,4.5
3.5495015650285042,-1.7801340877238687,4.5,298.48266683272175,4.920510908970277,0.358,0.024474728280003324,0.358,0.0,0.022917651,4.5
3.549652488663006,-1.7775704155041172,4.5,298.4745570798546,4.919800319143323,0.35900000000000004,0.024449783843652345,0.359,0.0,0.022917651,4.5
3.549803403726115,-1.7750067044451658,4.5,298.46382780208984,4.919089656189299,0.36,0.024424486398495628,0.36,0.0,0.022917651,4.5
3.5499543101587716,-1.7724429542793991,4.5,298.45046094993967,4.918378919604335,0.361,0.02439883351217298,0.361,0.0,0.022917651,4.5
3.550105207901372,-1.7698791647367356,4.5,298.4344383077113,4.917668108879916,0.36200000000000004,0.024372822729926278,0.362,0.0,0.022917651,4.5
3.550256096893761,-1.767315335544602,4.5,298.41574149158896,4.916957223502837,0.363,0.0243464515743411,0.363,0.0,0.022917651,4.5
3.55040697707523,-1.764751466427904,4.5,298.3943519476905,4.916246262955146,0.36400000000000005,0.024319717545084708,0.364,0.0,0.022917651,4.5
3.5505578483845035,-1.7621875571089956,4.5,298.37025095009545,4.915535226714088,0.365,0.02429261811864042,0.365,0.0,0.022917651,4.5
3.5507087107597393,-1.7596236073076503,4.5,298.343419598847,4.914824114252047,0.366,0.024265150748038276,0.366,0.0,0.022917651,4.5
3.5508595641385194,-1.757059616741032,4.5,298.31383881792493,4.914112925036493,0.36699999999999994,0.024237312862581944,0.367,0.0,0.022917651,4.5
3.551010862974958,-1.7545617671132971,4.5,298.2695801023728,4.913469658088657,0.368,0.02420711272012578,0.368,0.0,0.022917651,4.5
3.551162253059748,-1.7520762173171756,4.5,298.2206434480845,4.9128390558903945,0.369,0.024176269273566163,0.369,0.0,0.022917651,4.5
3.5513136587040512,-1.7495917764789108,4.5,298.16908454811545,4.912209624898487,0.37,0.024145128694042766,0.37,0.0,0.022917651,4.5
3.55146507979476,-1.747108436536988,4.5,298.1149224647529,4.911581356598906,0.371,0.02411369314154921,0.371,0.0,0.022917651,4.5
3.5516165162198585,-1.7446261895078394,4.5,298.0581760759677,4.910954242559948,0.37199999999999994,0.024081964755193745,0.372,0.0,0.022917651,4.5
3.5517679678684106,-1.7421450274849077,4.5,297.9988640776364,4.910328274431241,0.37300000000000005,0.024049945653451123,0.373,0.0,0.022917651,4.5
3.5519194346305496,-1.739664942637715,4.5,297.93700498573173,4.909703443942764,0.37399999999999994,0.02401763793441072,0.374,0.0,0.022917651,4.5
3.552070916397463,-1.7371859272109547,4.5,297.87261713848136,4.909079742903884,0.37500000000000006,0.023985043676021212,0.375,0.0,0.022917651,4.5
3.55222241306138,-1.7347079735235884,4.5,297.80571869849524,4.90845716320241,0.37600000000000006,0.023952164936331632,0.376,0.0,0.022917651,4.5
3.552373924515559,-1.7322310739679598,4.5,297.73632765486354,4.907835696803648,0.377,0.02391900375372902,0.377,0.0,0.022917651,4.5
3.5525254506542767,-1.7297552210089218,4.5,297.66446182522344,4.907215335749485,0.378,0.023885562147172707,0.378,0.0,0.022917651,4.5
3.552676991372814,-1.7272804071829724,4.5,297.5901388577969,4.906596072157475,0.379,0.023851842116425142,0.379,0.0,0.022917651,4.5
3.5528285465674463,-1.7248066250974072,4.5,297.51337623339947,4.905977898219942,0.38,0.0238178456422796,0.38,0.0,0.022917651,4.5
3.552980116135429,-1.7223338674294808,4.5,297.43419126742106,4.905360806203098,0.381,0.023783574686784523,0.381,0.0,0.022917651,4.5
3.5531316999749896,-1.7198621269255816,4.5,297.35260111177723,4.904744788446169,0.382,0.02374903119346472,0.382,0.0,0.022917651,4.5
3.5532832979853124,-1.7173913964004175,4.5,297.2686227568347,4.904129837360534,0.38300000000000006,0.0237142170875395,0.383,0.0,0.022917651,4.5
3.5534349100665303,-1.7149216687362143,4.5,297.18227303330826,4.9035159454288815,0.384,0.02367913427613763,0.384,0.0,0.022917651,4.5
3.553586536119711,-1.7124529368819235,4.5,297.0935686141321,4.90290310520437,0.385,0.023643784648509372,0.385,0.0,0.022917651,4.5
3.5537381760468483,-1.7099851938524426,4.5,297.00252601630405,4.902291309309806,0.386,0.023608170076235464,0.386,0.0,0.022917651,4.5
3.5538898297508505,-1.7075184327278463,4.5,296.9091616027043,4.901680550436833,0.38700000000000007,0.02357229241343322,0.387,0.0,0.022917651,4.5
3.55404149713553,-1.7050526466526272,4.5,296.8134915838892,4.901070821345127,0.388,0.02353615349695976,0.388,0.0,0.022917651,4.5
3.5541931781055927,-1.7025878288349494,4.5,296.71553201985915,4.900462114861609,0.38900000000000007,0.023499755146612348,0.389,0.0,0.022917651,4.5
3.554344872566626,-1.7001239725459094,4.5,296.615298821803,4.899854423879667,0.39,0.02346309916532603,0.39,0.0,0.022917651,4.5
3.5544965804250914,-1.6976610711188098,4.5,296.51280775381673,4.899247741358385,0.391,0.023426187339368472,0.391,0.0,0.022917651,4.5
3.5546483015883124,-1.6951991179484414,4.5,296.4080744346004,4.898642060321788,0.392,0.023389021438532102,0.392,0.0,0.022917651,4.5
3.5548000359644676,-1.692738106490378,4.5,296.3011143391298,4.898037373858094,0.393,0.02335160321632366,0.393,0.0,0.022917651,4.5
3.554951783462575,-1.6902780302602753,4.5,296.1919428003063,4.897433675118979,0.3940000000000001,0.023313934410151053,0.394,0.0,0.022917651,4.5
3.5551035439924874,-1.6878188828331864,4.5,296.0805750105832,4.896830957318844,0.395,0.023276016741507706,0.395,0.0,0.022917651,4.5
3.5552553174648835,-1.6853606578428808,4.5,295.96702602357044,4.896229213734112,0.396,0.02323785191615436,0.396,0.0,0.022917651,4.5
3.5554071037912536,-1.6829033489811778,4.5,295.85131075561696,4.895628437702506,0.397,0.023199441624298395,0.397,0.0,0.022917651,4.5
3.5555589028838948,-1.6804469499972827,4.5,295.7334439873718,4.895028622622357,0.3980000000000001,0.02316078754077068,0.398,0.0,0.022917651,4.5
3.5557107146558993,-1.677991454697139,4.5,295.6134403653235,4.894429761951924,0.399,0.023121891325200056,0.399,0.0,0.022917651,4.5
3.5558625390211476,-1.6755368569427853,4.5,295.4913144033189,4.893831849208706,0.4000000000000001,0.023082754622185418,0.4,0.0,0.022917651,4.5
3.5560858901797654,-1.6729003283143105,4.5,295.5636714513943,4.89305782524372,0.401,0.023080789953999457,0.401,0.0,0.022917651,4.5
3.5563092180698397,-1.6702640346434734,4.5,295.6352499462879,4.892283943160427,0.4020000000000001,0.023078831291406504,0.402,0.0,0.022917651,4.5
3.556532522399173,-1.6676279788807677,4.5,295.70604011127466,4.89151020474051,0.403,0.02307687870982213,0.403,0.0,0.022917651,4.5
3.556755802870658,-1.664992164026296,4.5,295.7760320052456,4.8907366117956155,0.404,0.02307493228592993,0.404,0.0,0.022917651,4.5
3.5569790591821677,-1.662356593130817,4.5,295.8452155192386,4.889963166167975,0.405,0.023072992097708273,0.405,0.0,0.022917651,4.5
3.557202291026455,-1.659721269296819,4.5,295.91358037288074,4.889189869731065,0.4060000000000001,0.02307105822445777,0.406,0.0,0.022917651,4.5
3.557425498091038,-1.6570861956796215,4.5,295.98111611073904,4.888416724390249,0.40700000000000003,0.02306913074682939,0.40700000000000003,0.0,0.022917651,4.5
3.557648680058093,-1.6544513754885026,4.5,296.0478120985792,4.887643732083495,0.40800000000000003,0.023067209746853348,0.40800000000000003,0.0,0.022917651,4.5
3.557871836604338,-1.6518168119878622,4.5,296.1136575195265,4.886870894782038,0.4090000000000001,0.023065295307968713,0.40900000000000003,0.0,0.022917651,4.5
3.5580949674009124,-1.6491825084984029,4.5,296.17864137012765,4.886098214491124,0.41000000000000003,0.023063387515053758,0.41000000000000003,0.0,0.022917651,4.5
3.5583180721132606,-1.6465484683983576,4.5,296.2427524563111,4.885325693250731,0.4110000000000001,0.023061486454457172,0.41100000000000003,0.0,0.022917651,4.5
3.5585411504010054,-1.6439146951247339,4.5,296.30597938924126,4.884553333136339,0.41200000000000003,0.023059592214030002,0.41200000000000003,0.0,0.022917651,4.5
3.5587642019178216,-1.6412811921746024,4.5,296.3683105810636,4.883781136259687,0.41300000000000014,0.023057704883158482,0.41300000000000003,0.0,0.022917651,4.5
3.5589872263113067,-1.6386479631064113,4.5,296.429734240539,4.8830091047695845,0.41400000000000003,0.023055824552797716,0.41400000000000003,0.0,0.022917651,4.5
3.5592102232228435,-1.6360150115413412,4.5,296.49023836856145,4.882237240852717,0.41500000000000004,0.02305395131550624,0.41500000000000004,0.0,0.022917651,4.5
3.5594331922874662,-1.6333823411646935,4.5,296.54981075355755,4.881465546734498,0.4160000000000001,0.023052085265481522,0.41600000000000004,0.0,0.022917651,4.5
3.559656133133717,-1.6307499557273133,4.5,296.6084389667625,4.880694024679912,0.4170000000000001,0.023050226498596407,0.417,0.0,0.022917651,4.5
3.5598790453835027,-1.6281178590470564,4.5,296.6661103573702,4.879922676994413,0.418,0.023048375112436504,0.418,0.0,0.022917651,4.5
3.5601019286519455,-1.6254860550102903,4.5,296.7228120475525,4.879151506024826,0.41899999999999993,0.023046531206338636,0.419,0.0,0.022917651,4.5
3.560324782547228,-1.62285454757344,4.5,296.7785309273438,4.878380514160281,0.42,0.023044694881430274,0.42,0.0,0.022917651,4.5
3.5605476066704407,-1.620223340764571,4.5,296.83325364938656,4.877609703833169,0.421,0.023042866240670097,0.421,0.0,0.022917651,4.5
3.5607704006154153,-1.61759243868502,4.5,296.88696662353357,4.876839077520125,0.42200000000000004,0.023041045388889587,0.422,0.0,0.022917651,4.5
3.5609931639685617,-1.6149618455110686,4.5,296.9396560113024,4.876068637743041,0.42299999999999993,0.02303923243283584,0.423,0.0,0.022917651,4.5
3.561215896308699,-1.6123315654956625,4.5,296.9913077201771,4.875298387070106,0.42400000000000004,0.02303742748121552,0.424,0.0,0.022917651,4.5
3.561438597206878,-1.6097016029701778,4.5,297.04190739775174,4.874528328116867,0.425,0.02303563064474002,0.425,0.0,0.022917651,4.5
3.561661266226203,-1.6070719623462406,4.5,297.09144042571245,4.87375846354733,0.42599999999999993,0.0230338420361719,0.426,0.0,0.022917651,4.5
3.5618839029216445,-1.6044426481175897,4.5,297.1398919136497,4.872988796075089,0.42699999999999994,0.02303206177037259,0.427,0.0,0.022917651,4.5
3.562106506839854,-1.601813664862,4.5,297.1872466926988,4.8722193284644835,0.42800000000000005,0.023030289964351473,0.428,0.0,0.022917651,4.5
3.562329077518962,-1.599185017243253,4.5,297.23348930899965,4.871450063531787,0.42899999999999994,0.023028526737316337,0.429,0.0,0.022917651,4.5
3.562551614488382,-1.5965567100131683,4.5,297.2786040169724,4.870681004146435,0.42999999999999994,0.023026772210725216,0.43,0.0,0.022917651,4.5
3.562774117268603,-1.5939287480136912,4.5,297.32257477240125,4.869912153232291,0.431,0.023025026508339763,0.431,0.0,0.022917651,4.5
3.5629965853709744,-1.591301136179036,4.5,297.3653852253206,4.869143513768932,0.432,0.023023289756280114,0.432,0.0,0.022917651,4.5
3.5632190182974894,-1.5886738795378985,4.5,297.4070187126972,4.868375088792989,0.433,0.023021562083081374,0.433,0.0,0.022917651,4.5
3.5634414155405607,-1.5860469832157271,4.5,297.4474582509006,4.867606881399521,0.434,0.023019843619751616,0.434,0.0,0.022917651,4.5
3.563663776582787,-1.5834204524370599,4.5,297.4866865279556,4.86683889474342,0.435,0.023018134499831738,0.435,0.0,0.022917651,4.5
3.563886100896714,-1.5807942925279308,4.5,297.52468589556895,4.866071132040869,0.43599999999999994,0.023016434859456893,0.436,0.0,0.022917651,4.5
3.564108387944594,-1.5781685089183488,4.5,297.56143836092224,4.865303596570837,0.43699999999999994,0.023014744837419852,0.437,0.0,0.022917651,4.5
3.5643306371781276,-1.5755431071448447,4.5,297.5969255782239,4.864536291676618,0.43800000000000006,0.02301306457523613,0.438,0.0,0.022917651,4.5
3.5645528480382054,-1.572918092853097,4.5,297.63112884001043,4.8637692207674155,0.439,0.023011394217211097,0.439,0.0,0.022917651,4.5
3.5647750199546433,-1.5702934718006365,4.5,297.6640290681904,4.863002387319977,0.44,0.023009733910509093,0.44,0.0,0.022917651,4.5
3.5649971523459034,-1.5676692498596279,4.5,297.6956068048195,4.862235794880269,0.44100000000000006,0.02300808380522453,0.441,0.0,0.022917651,4.5
3.565219244618812,-1.5650454330197379,4.5,297.7258422026001,4.86146944706522,0.44200000000000006,0.023006444054455236,0.442,0.0,0.022917651,4.5
3.5654412961682644,-1.5624220273910892,4.5,297.75471501509315,4.86070334756449,0.443,0.023004814814377914,0.443,0.0,0.022917651,4.5
3.5656633063769276,-1.5597990392073033,4.5,297.782204586634,4.85993750014232,0.44399999999999995,0.02300319624432595,0.444,0.0,0.022917651,4.5
3.5658852746149274,-1.5571764748286383,4.5,297.80828984194085,4.859171908639421,0.44500000000000006,0.02300158850686957,0.445,0.0,0.022917651,4.5
3.566107200239527,-1.5545543407452178,4.5,297.83294927540396,4.858406576974921,0.446,0.022999991767898454,0.446,0.0,0.022917651,4.5
3.5663290825947986,-1.5519326435803666,4.5,297.8561609400472,4.857641509148388,0.447,0.022998406196706893,0.447,0.0,0.022917651,4.5
3.5665509210112845,-1.5493113900940412,4.5,297.8779024361455,4.856876709241893,0.44800000000000006,0.022996831966081578,0.448,0.0,0.022917651,4.5
3.5667727148056443,-1.5466905871863752,4.5,297.8981508994906,4.856112181422157,0.44900000000000007,0.022995269252392137,0.449,0.0,0.022917651,4.5
3.5669944632802935,-1.5440702419013288,4.5,297.9168829892878,4.8553479299427496,0.45000000000000007,0.022993718235684465,0.45,0.0,0.022917651,4.5
3.567216165723032,-1.5414503614304575,4.5,297.9340748756743,4.854583959146369,0.451,0.02299217909977705,0.451,0.0,0.022917651,4.5
3.5674378214066564,-1.5388309531167976,4.5,297.9497022268416,4.853820273467187,0.452,0.022990652032360254,0.452,0.0,0.022917651,4.5
3.5676594295885664,-1.5362120244588757,4.5,297.9637401957497,4.8530568774332705,0.453,0.02298913722509885,0.453,0.0,0.022917651,4.5
3.567880989510352,-1.5335935831148464,4.5,297.97616340641673,4.852293775669075,0.454,0.022987634873737735,0.454,0.0,0.022917651,4.5
3.5681025003973734,-1.5309756369067633,4.5,297.98694593976865,4.851530972898035,0.45500000000000007,0.02298614517821112,0.455,0.0,0.022917651,4.5
3.5683239614583195,-1.528358193824986,4.5,297.9960613190321,4.850768473945212,0.456,0.02298466834275517,0.456,0.0,0.022917651,4.5
3.568545371884766,-1.5257412620327322,4.5,298.0034824946535,4.850006283740055,0.457,0.022983204576024378,0.457,0.0,0.022917651,4.5
3.5687667308506983,-1.5231248498707783,4.5,298.0091818287253,4.84924440731923,0.458,0.022981754091211653,0.458,0.0,0.022917651,4.5
3.568988037512042,-1.5205089658623105,4.5,298.0131310789028,4.848482849829554,0.459,0.022980317106172418,0.459,0.0,0.022917651,4.5
3.56920929100616,-1.5178936187179433,4.5,298.0153013817889,4.847721616531027,0.46,0.02297889384355275,0.46,0.0,0.022917651,4.5
3.5694304904513388,-1.5152788173408946,4.5,298.01566323576884,4.846960712799951,0.461,0.02297748453092181,0.461,0.0,0.022917651,4.5
3.569651634946263,-1.5126645708323445,4.5,298.0141864832719,4.846200144132172,0.4620000000000001,0.02297608940090866,0.462,0.0,0.022917651,4.5
3.569872723569463,-1.5100508884969621,4.5,298.01084029243844,4.845439916146412,0.463,0.022974708691343677,0.463,0.0,0.022917651,4.5
3.5700937553787524,-1.5074377798486303,4.5,298.00559313816876,4.844680034587736,0.464,0.022973342645404755,0.464,0.0,0.022917651,4.5
3.5703147294106388,-1.5048252546163547,4.5,297.9984127825284,4.843920505331104,0.4650000000000001,0.02297199151176843,0.465,0.0,0.022917651,4.5
3.5705356446797185,-1.5022133227503818,4.5,297.98926625448627,4.84316133438508,0.466,0.0229706555447662,0.466,0.0,0.022917651,4.5
3.5707565001780557,-1.4996019944285222,4.5,297.9781198289567,4.842402527895646,0.467,0.02296933500454618,0.467,0.0,0.022917651,4.5
3.5709772948745253,-1.496991280062692,4.5,297.96493900511894,4.8416440921501485,0.468,0.02296803015724033,0.468,0.0,0.022917651,4.5
3.5711980277141517,-1.4943811903056865,4.5,297.9496884839837,4.840886033581391,0.4690000000000001,0.022966741275137516,0.46900000000000003,0.0,0.022917651,4.5
3.571418697617407,-1.4917717360581835,4.5,297.93233214517767,4.840128358771866,0.47000000000000003,0.02296546863686258,0.47000000000000003,0.0,0.022917651,4.5
3.5716393034795004,-1.4891629284759973,4.5,297.9128330229121,4.839371074458131,0.47100000000000003,0.02296421252756174,0.47100000000000003,0.0,0.022917651,4.5
3.571859844169627,-1.4865547789775855,4.5,297.8911532811027,4.838614187535346,0.47200000000000003,0.022962973239094447,0.47200000000000003,0.0,0.022917651,4.5
3.572080285242887,-1.483958088819287,4.5,297.8674221978216,4.837868361537414,0.47300000000000003,0.02296178005133068,0.47300000000000003,0.0,0.022917651,4.5
3.5723006370856143,-1.4813709116171563,4.5,297.8422082407176,4.837131691625621,0.47400000000000003,0.02296062907579438,0.47400000000000003,0.0,0.022917651,4.5
3.57252093106451,-1.4787835922266215,4.5,297.8155513241482,4.8363946480741,0.47500000000000003,0.022959494724903665,0.47500000000000003,0.0,0.022917651,4.5
3.5727411672661664,-1.4761961308604634,4.5,297.78745360746984,4.83565723144199,0.4760000000000001,0.022958376973780132,0.47600000000000003,0.0,0.022917651,4.5
3.5729613457770015,-1.47360852773104,4.5,297.7579172457324,4.834919442287322,0.47700000000000004,0.02295727579759498,0.47700000000000004,0.0,0.022917651,4.5
3.573181466683264,-1.4710207830502862,4.5,297.7269443896904,4.8341812811670115,0.47800000000000004,0.022956191171568916,0.47800000000000004,0.0,0.022917651,4.5
3.573401530071028,-1.4684328970297125,4.5,297.6945371858129,4.833442748636865,0.4790000000000001,0.022955123070972003,0.47900000000000004,0.0,0.022917651,4.5
3.5736215360261974,-1.4658448698804103,4.5,297.6606977762952,4.832703845251583,0.48000000000000004,0.022954071471123546,0.48,0.0,0.022917651,4.5
3.573841484634504,-1.4632567018130496,4.5,297.6254282990683,4.831964571564759,0.481,0.022953036347391993,0.481,0.0,0.022917651,4.5
3.574061375981512,-1.4606683930378825,4.5,297.5887308878106,4.83122492812889,0.482,0.022952017675194766,0.482,0.0,0.022917651,4.5
3.5742812101526122,-1.4580799437647423,4.5,297.5506076719576,4.830484915495371,0.483,0.022951015429998195,0.483,0.0,0.022917651,4.5
3.574500987233027,-1.4554913542030445,4.5,297.5110607767132,4.8297445342145,0.48400000000000004,0.02295002958731734,0.484,0.0,0.022917651,4.5
3.5747207073078093,-1.4529026245617904,4.5,297.4700923230595,4.829003784835486,0.485,0.02294906012271591,0.485,0.0,0.022917651,4.5
3.5749403704618445,-1.4503137550495653,4.5,297.4277044277677,4.828262667906444,0.486,0.022948107011806135,0.486,0.0,0.022917651,4.5
3.5751599767798474,-1.4477247458745404,4.5,297.3838992034086,4.827521183974406,0.48700000000000004,0.022947170230248636,0.487,0.0,0.022917651,4.5
3.5753795263463655,-1.4451355972444744,4.5,297.3386787583626,4.826779333585311,0.488,0.0229462497537523,0.488,0.0,0.022917651,4.5
3.57559901924578,-1.4425463093667146,4.5,297.29204519683054,4.826037117284024,0.489,0.022945345558074186,0.489,0.0,0.022917651,4.5
3.575818455562303,-1.4399568824481959,4.5,297.2440006188439,4.825294535614325,0.49,0.022944457619019382,0.49,0.0,0.022917651,4.5
3.576037835379981,-1.4373673166954453,4.5,297.1945471202748,4.82455158911892,0.49100000000000005,0.02294358591244089,0.491,0.0,0.022917651,4.5
3.5762571587826932,-1.4347776123145792,4.5,297.14368679284695,4.823808278339439,0.492,0.022942730414239512,0.492,0.0,0.022917651,4.5
3.576476425854154,-1.4321877695113077,4.5,297.09142172414516,4.823064603816442,0.493,0.022941891100363744,0.493,0.0,0.022917651,4.5
3.5766956366779126,-1.4295977884909337,4.5,297.03775399762617,4.822320566089416,0.49400000000000005,0.02294106794680962,0.494,0.0,0.022917651,4.5
3.57691479133735,-1.4270076694583527,4.5,296.9826856926286,4.821576165696788,0.495,0.02294026092962065,0.495,0.0,0.022917651,4.5
3.577133889915686,-1.424417412618058,4.5,296.9262188843831,4.820831403175918,0.496,0.02293947002488764,0.496,0.0,0.022917651,4.5
3.5773529324959745,-1.4218270181741375,4.5,296.86835564402253,4.820086279063102,0.497,0.022938695208748635,0.497,0.0,0.022917651,4.5
3.5775719191611057,-1.4192364863302764,4.5,296.8090980385921,4.8193407938935815,0.49800000000000005,0.022937936457388765,0.498,0.0,0.022917651,4.5
3.577790849993806,-1.416645817289759,4.5,296.7484481310593,4.818594948201543,0.499,0.022937193747040126,0.499,0.0,0.022917651,4.5
3.578009725076639,-1.4140550112554673,4.5,296.68640798032436,4.817848742520115,0.5,0.022936467053981703,0.5,0.0,0.022917651,4.5
3.5783168021851206,-1.411174119249555,4.5,296.9033198780485,4.816987971597701,0.501,0.022936392245997295,0.501,0.0,0.022917651,4.5
3.5786239072179016,-1.4082930532549032,4.5,297.1203825903617,4.8161271383812965,0.5020000000000001,0.022936317253770357,0.502,0.0,0.022917651,4.5
3.5789310405523884,-1.4054118109199871,4.5,297.33759815558057,4.815266242028976,0.503,0.022936242074810775,0.503,0.0,0.022917651,4.5
3.5792382025728218,-1.4025303898507155,4.5,297.5549686489193,4.81440528168357,0.504,0.022936166706583373,0.504,0.0,0.022917651,4.5
3.5795453936704273,-1.3996487876094623,4.5,297.77249618332877,4.8135442564723245,0.505,0.02293609114650686,0.505,0.0,0.022917651,4.5
3.5798526142435794,-1.3967670017140719,4.5,297.9901829103577,4.812683165506543,0.506,0.022936015391952797,0.506,0.0,0.022917651,4.5
3.5801598646979604,-1.3938850296368372,4.5,298.2080310210385,4.8118220078812195,0.507,0.022935939440244517,0.507,0.0,0.022917651,4.5
3.5804671454467343,-1.3910028688034533,4.5,298.4260427467969,4.8109607826746625,0.508,0.022935863288655992,0.508,0.0,0.022917651,4.5
3.580774456910716,-1.388120516591934,4.5,298.64422036038724,4.810099488948109,0.509,0.022935786934410726,0.509,0.0,0.022917651,4.5
3.58108179951855,-1.3852379703315054,4.5,298.86256617685365,4.809238125745331,0.51,0.022935710374680535,0.51,0.0,0.022917651,4.5
3.581389173706897,-1.3823552273014663,4.5,299.08108255451833,4.808376692092224,0.511,0.022935633606584377,0.511,0.0,0.022917651,4.5
3.581696579920615,-1.3794722847300143,4.5,299.2997718959976,4.807515186996386,0.512,0.022935556627187104,0.512,0.0,0.022917651,4.5
3.5820040186129605,-1.376589139793042,4.5,299.51863664924684,4.806653609446689,0.5130000000000001,0.022935479433498173,0.513,0.0,0.022917651,4.5
3.5823114902457807,-1.3737057896128966,4.5,299.7376793086347,4.805791958412832,0.514,0.02293540202247034,0.514,0.0,0.022917651,4.5
3.5826189952897227,-1.3708222312571032,4.5,299.95690241604865,4.804930232844891,0.5150000000000001,0.0229353243909983,0.515,0.0,0.022917651,4.5
3.5829265342244434,-1.3679384617370576,4.5,300.176308562032,4.804068431672839,0.5160000000000001,0.02293524653591733,0.516,0.0,0.022917651,4.5
3.583234107538823,-1.3650544780066716,4.5,300.3959003869532,4.803206553806073,0.517,0.02293516845400182,0.517,0.0,0.022917651,4.5
3.583541715731192,-1.3621702769609871,4.5,300.61568058221025,4.80234459813291,0.5180000000000001,0.022935090141963824,0.518,0.0,0.022917651,4.5
3.583849359309557,-1.359285855434748,4.5,300.83565189146884,4.801482563520078,0.519,0.022935011596451553,0.519,0.0,0.022917651,4.5
3.584157038791841,-1.3564012102009264,4.5,301.0558171119378,4.80062044881219,0.52,0.02293493281404779,0.52,0.0,0.022917651,4.5
3.5844647547061204,-1.3535163379692097,4.5,301.2761790956813,4.799758252831201,0.521,0.02293485379126832,0.521,0.0,0.022917651,4.5
3.5847725075908814,-1.3506312353844432,4.5,301.4967407509702,4.798895974375848,0.522,0.022934774524560244,0.522,0.0,0.022917651,4.5
3.5850802979952743,-1.3477458990250222,4.5,301.71750504367407,4.798033612221079,0.5230000000000001,0.022934695010300328,0.523,0.0,0.022917651,4.5
3.585388126479378,-1.3448603254012401,4.5,301.9384749986932,4.797171165117459,0.5240000000000001,0.022934615244793188,0.524,0.0,0.022917651,4.5
3.585695993614475,-1.3419745109535859,4.5,302.1596537014355,4.796308631790557,0.525,0.022934535224269546,0.525,0.0,0.022917651,4.5
3.586003899983336,-1.3390884520509891,4.5,302.3810442993367,4.795446010940329,0.526,0.022934454944884344,0.526,0.0,0.022917651,4.5
3.5863118461805032,-1.3362021449890138,4.5,302.60265000342673,4.794583301240453,0.5270000000000001,0.022934374402714813,0.527,0.0,0.022917651,4.5
3.586619832812592,-1.3333155859879942,4.5,302.8244740899445,4.793720501337683,0.528,0.022934293593758558,0.528,0.0,0.022917651,4.5
3.586927860498603,-1.3304287711911171,4.5,303.0465199020012,4.792857609851143,0.5290000000000001,0.022934212513931452,0.529,0.0,0.022917651,4.5
3.587235929870232,-1.327541696662443,4.5,303.2687908512957,4.791994625371631,0.5300000000000001,0.022934131159065608,0.53,0.0,0.022917651,4.5
3.5875440415722064,-1.324654358384865,4.5,303.4912904198819,4.7911315464608855,0.5310000000000001,0.022934049524907175,0.531,0.0,0.022917651,4.5
3.5878521962626135,-1.3217667522580077,4.5,303.71402216199243,4.790268371650828,0.532,0.022933967607114122,0.532,0.0,0.022917651,4.5
3.5881603946132565,-1.3188788740960584,4.5,303.9369897059181,4.789405099442794,0.533,0.022933885401253958,0.533,0.0,0.022917651,4.5
3.5884686373100076,-1.3159907196255278,4.5,304.1601967559472,4.788541728306727,0.5340000000000001,0.022933802902801333,0.534,0.0,0.022917651,4.5
3.588776925053181,-1.3131022844829445,4.5,304.38364709436553,4.787678256680351,0.535,0.022933720107135628,0.535,0.0,0.022917651,4.5
3.5890852585579167,-1.310213564212474,4.5,304.60734458352016,4.786814682968326,0.536,0.022933637009538405,0.536,0.0,0.022917651,4.5
3.58939363855457,-1.30732455426346,4.5,304.8312931679494,4.785951005541357,0.537,0.022933553605190823,0.537,0.0,0.022917651,4.5
3.5897020657891234,-1.304435249987892,4.5,305.05549687658043,4.785087222735297,0.538,0.022933469889170947,0.538,0.0,0.022917651,4.5
3.5900105410236045,-1.3015456466377835,4.5,305.2799598249982,4.7842233328502015,0.5390000000000001,0.022933385856450977,0.539,0.0,0.022917651,4.5
3.5903190650365198,-1.2986557393624738,4.5,305.5046862177883,4.783359334149367,0.54,0.022933301501894376,0.54,0.0,0.022917651,4.5
3.5906276386233014,-1.2957655232058347,4.5,305.7296803509553,4.7824952248583275,0.5410000000000001,0.022933216820252945,0.541,0.0,0.022917651,4.5
3.5909362625967725,-1.2928749931033885,4.5,305.95494661442143,4.781631003163824,0.542,0.022933131806163732,0.542,0.0,0.022917651,4.5
3.5912449377876237,-1.2899841438793327,4.5,306.180489494607,4.780766667212742,0.543,0.022933046454145904,0.543,0.0,0.022917651,4.5
3.5915536650449043,-1.2870929702434621,4.5,306.4063135770964,4.7799022151110035,0.544,0.022932960758597486,0.544,0.0,0.022917651,4.5
3.5918624452365364,-1.284201466787992,4.5,306.63242354939337,4.779037644922434,0.545,0.022932874713791997,0.545,0.0,0.022917651,4.5
3.59217127924984,-1.2813096279842722,4.5,306.85882420376834,4.778172954667589,0.546,0.022932788313874953,0.546,0.0,0.022917651,4.5
3.592480167992078,-1.2784174481793922,4.5,307.0855204402015,4.777308142322525,0.547,0.02293270155286031,0.547,0.0,0.022917651,4.5
3.592789112391022,-1.27552492159267,4.5,307.31251726942656,4.776443205817563,0.548,0.0229326144246267,0.548,0.0,0.022917651,4.5
3.5930981133955293,-1.2726320423120205,4.5,307.53981981607717,4.775578143035969,0.549,0.022932526922913622,0.549,0.0,0.022917651,4.5
3.593407171976151,-1.269738804290203,4.5,307.7674333219423,4.774712951812624,0.5500000000000002,0.022932439041317445,0.55,0.0,0.022917651,4.5
3.593716289125754,-1.2668452013409344,4.5,307.9953631493325,4.773847629932622,0.551,0.02293235077328731,0.551,0.0,0.022917651,4.5
3.5940254658601667,-1.263951227134871,4.5,308.2236147845649,4.77298217512984,0.552,0.022932262112120853,0.552,0.0,0.022917651,4.5
3.594334703218843,-1.2610568751954485,4.5,308.4521938415679,4.772116585085444,0.553,0.022932173050959834,0.553,0.0,0.022917651,4.5
3.5946440022655577,-1.2581621388945776,4.5,308.6811060656135,4.77125085742635,0.554,0.02293208358278554,0.554,0.0,0.022917651,4.5
3.594953364089119,-1.255267011448185,4.5,308.9103573371809,4.770384989723621,0.555,0.02293199370041409,0.555,0.0,0.022917651,4.5
3.595262789804112,-1.2523714859115995,4.5,309.13995367595766,4.769518979490828,0.556,0.022931903396491534,0.556,0.0,0.022917651,4.5
3.595572315302736,-1.2494773213408497,4.5,309.3726395618592,4.768654729433224,0.557,0.02293181243144519,0.557,0.0,0.022917651,4.5
3.595881929474849,-1.2465838733275318,4.5,309.60735327044114,4.7677915506749,0.5580000000000002,0.022931720903237134,0.558,0.0,0.022917651,4.5
3.5961916105346208,-1.2436899543429911,4.5,309.84225215045353,4.766928168490607,0.559,0.022931628963861587,0.559,0.0,0.022917651,4.5
3.5965013598734417,-1.240795554590126,4.5,310.07734005381633,4.766064578648694,0.56,0.02293153660476548,0.56,0.0,0.022917651,4.5
3.5968111789215644,-1.2379006639982066,4.5,310.31262094003154,4.765200776799325,0.5610000000000002,0.02293144381715686,0.561,0.0,0.022917651,4.5
3.5971210691494675,-1.2350052722132538,4.5,310.5480988799657,4.76433675847032,0.562,0.022931350591996497,0.562,0.0,0.022917651,4.5
3.5974310320692826,-1.2321093685880111,4.5,310.7837780597934,4.763472519062822,0.563,0.022931256919989117,0.5630000000000001,0.0,0.022917651,4.5
3.597741069236277,-1.2292129421714872,4.5,311.01966278510844,4.762608053846787,0.5640000000000001,0.022931162791574276,0.5640000000000001,0.0,0.022917651,4.5
3.5980511822504035,-1.226315981698046,4.5,311.2557574852131,4.761743357956261,0.5650000000000001,0.02293106819691685,0.5650000000000001,0.0,0.022917651,4.5
3.598361372757918,-1.2234184755760256,4.5,311.4920667175931,4.7608784263844734,0.5660000000000002,0.02293097312589707,0.5660000000000001,0.0,0.022917651,4.5
3.5986716424530663,-1.2205204118758575,4.5,311.7285951725887,4.760013253978704,0.5670000000000001,0.022930877568100194,0.5670000000000001,0.0,0.022917651,4.5
3.5989819930798452,-1.2176217783176644,4.5,311.9653476782708,4.75914783543492,0.5680000000000001,0.02293078151280564,0.5680000000000001,0.0,0.022917651,4.5
3.599292426433842,-1.214722562258305,4.5,312.20232920553417,4.758282165292185,0.5690000000000001,0.02293068494897567,0.5690000000000001,0.0,0.022917651,4.5
3.599602944364158,-1.2118227506778445,4.5,312.43954487341836,4.757416237926818,0.5700000000000001,0.022930587865243626,0.5700000000000001,0.0,0.022917651,4.5
3.599913548775413,-1.2089223301654077,4.5,312.6769999546671,4.756550047546277,0.5710000000000001,0.022930490249901545,0.5710000000000001,0.0,0.022917651,4.5
3.60022424162985,-1.2060212869044,4.5,312.9146998815418,4.755683588182779,0.5720000000000002,0.022930392090887246,0.5720000000000001,0.0,0.022917651,4.5
3.6005350249495294,-1.2031196066570449,4.5,313.1526502518993,4.754816853686621,0.5730000000000001,0.02293029337577087,0.5730000000000001,0.0,0.022917651,4.5
3.600845900818621,-1.2002172747482114,4.5,313.3908568355504,4.753949837719191,0.5740000000000001,0.022930194091740724,0.5740000000000001,0.0,0.022917651,4.5
3.601156871385816,-1.1973142760484927,4.5,313.62932558091376,4.753082533745667,0.5750000000000001,0.02293009422558853,0.5750000000000001,0.0,0.022917651,4.5
3.6014679388668336,-1.1944105949564894,4.5,313.86806262198064,4.7522149350273555,0.5760000000000001,0.022929993763693937,0.5760000000000001,0.0,0.022917651,4.5
3.6017791055470645,-1.1915062153802607,4.5,314.10707428560875,4.751347034613688,0.577,0.022929892692008364,0.577,0.0,0.022917651,4.5
3.6020903737843226,-1.1886011207178888,4.5,314.3463670991619,4.7504788253338175,0.578,0.022929790996038,0.578,0.0,0.022917651,4.5
3.6024017460117443,-1.1856952938371197,4.5,314.5859477985173,4.749610299787835,0.579,0.02292968866082603,0.579,0.0,0.022917651,4.5
3.6027132247408136,-1.1827887170540126,4.5,314.8258233364573,4.74874145033754,0.5800000000000001,0.02292958567093401,0.58,0.0,0.022917651,4.5
3.6030248125645468,-1.179881372110554,4.5,315.0660008914724,4.74787226909677,0.581,0.022929482010422327,0.581,0.0,0.022917651,4.5
3.603336512160825,-1.1769732401511743,4.5,315.3064878769945,4.747002747921266,0.582,0.022929377662829684,0.582,0.0,0.022917651,4.5
3.6036483262958954,-1.1740643016980956,4.5,315.54729195108746,4.7461328783980195,0.583,0.022929272611151588,0.583,0.0,0.022917651,4.5
3.603960257828047,-1.1711545366254568,4.5,315.7884210266226,4.745262651834091,0.584,0.022929166837817743,0.584,0.0,0.022917651,4.5
3.60427230971147,-1.1682439241321305,4.5,316.0298832819644,4.744392059244879,0.585,0.022929060324668342,0.585,0.0,0.022917651,4.5
3.604584485000313,-1.1653324427131653,4.5,316.2716871722002,4.743521091341777,0.5860000000000001,0.02292895305292913,0.586,0.0,0.022917651,4.5
3.604896786852945,-1.162420070129761,4.5,316.51384144094357,4.742649738519211,0.587,0.022928845003185167,0.587,0.0,0.022917651,4.5
3.6052092185364417,-1.1595067833776973,4.5,316.75635513274784,4.741777990840999,0.588,0.022928736155353315,0.588,0.0,0.022917651,4.5
3.6055217834313016,-1.1565925586541184,4.5,316.9992376061655,4.7409058380260065,0.589,0.022928626488653184,0.589,0.0,0.022917651,4.5
3.60583448503641,-1.1536773713225708,4.5,317.2424985474939,4.740033269433041,0.59,0.022928515981576657,0.59,0.0,0.022917651,4.5
3.6061473269742694,-1.1507611958761896,4.5,317.48614798524954,4.7391602740449565,0.5910000000000001,0.022928404611855708,0.591,0.0,0.022917651,4.5
3.606460312996507,-1.1478440058989163,4.5,317.73019630541586,4.738286840451901,0.592,0.022928292356428587,0.592,0.0,0.022917651,4.5
3.6067734469896795,-1.1449257740246244,4.5,317.9746542675142,4.737412956833661,0.593,0.02292817919140411,0.593,0.0,0.022917651,4.5
3.607086732981393,-1.1420064718940184,4.5,318.2195330215488,4.736538610941042,0.5940000000000001,0.022928065092024025,0.594,0.0,0.022917651,4.5
3.607400175146762,-1.139086070109169,4.5,318.46484412588364,4.735663790076237,0.595,0.022927950032623344,0.595,0.0,0.022917651,4.5
3.6077137778152237,-1.1361645381855214,4.5,318.7105995661097,4.734788481072093,0.5960000000000001,0.02292783398658843,0.596,0.0,0.022917651,4.5
3.6080275454777357,-1.133241844501225,4.5,318.95681177496846,4.733912670270226,0.597,0.022927716926312756,0.597,0.0,0.022917651,4.5
3.608341482794379,-1.130317956243594,4.5,319.20349365340076,4.733036343497896,0.598,0.022927598823150187,0.598,0.0,0.022917651,4.5
3.608655594602391,-1.1273928393525205,4.5,319.4506585927958,4.732159486043567,0.599,0.022927479647365547,0.599,0.0,0.022917651,4.5
3.6089698859246737,-1.124466458460627,4.5,319.6983204985211,4.731282082631055,0.6,0.022927359368082396,0.6,0.0,0.022917651,4.5
3.609340319307619,-1.1215790681893099,4.5,319.8286946110474,4.730545893653959,0.601,0.02292735256026186,0.601,0.0,0.022917651,4.5
3.6097108301533782,-1.11869108818633,4.5,319.9598396824637,4.729809424797476,0.602,0.022927345712710594,0.602,0.0,0.022917651,4.5
3.610081519781324,-1.1158029436578805,4.5,320.091559183246,4.729073507116542,0.603,0.02292733879338717,0.603,0.0,0.022917651,4.5
3.6104523767347922,-1.1129145617812561,4.5,320.2238887953059,4.7283380218690025,0.6040000000000001,0.022927331806988437,0.604,0.0,0.022917651,4.5
3.6108233173638267,-1.110025563199765,4.5,320.35701566225447,4.727602254608056,0.605,0.02292732477996539,0.605,0.0,0.022917651,4.5
3.6111943429218103,-1.1071359386757291,4.5,320.49095172624556,4.726866201109394,0.6060000000000001,0.022927317711709517,0.606,0.0,0.022917651,4.5
3.6115654546872853,-1.1042456787860473,4.5,320.62570916914,4.726129857063922,0.607,0.022927310601600102,0.607,0.0,0.022917651,4.5
3.611936653964588,-1.1013547739175218,4.5,320.7613004185504,4.725393218075614,0.608,0.02292730344900388,0.608,0.0,0.022917651,4.5
3.612307942084499,-1.0984632142620392,4.5,320.89773815406943,4.724656279659311,0.6090000000000001,0.02292729625327476,0.609,0.0,0.022917651,4.5
3.61267932040492,-1.0955709898116044,4.5,321.035035313689,4.723919037238448,0.61,0.022927289013753488,0.61,0.0,0.022917651,4.5
3.6130507903115667,-1.0926780903532247,4.5,321.1732051004164,4.723181486142721,0.6110000000000001,0.022927281729767303,0.611,0.0,0.022917651,4.5
3.613422353218686,-1.0897845054636317,4.5,321.31226098909457,4.722443621605661,0.612,0.02292727440062958,0.612,0.0,0.022917651,4.5
3.613794010569795,-1.086890224503844,4.5,321.45221673343445,4.721705438762168,0.613,0.022927267025639506,0.613,0.0,0.022917651,4.5
3.614165763838437,-1.0839952366135552,4.5,321.5930863732667,4.720966932645919,0.614,0.022927259604081682,0.614,0.0,0.022917651,4.5
3.6145376145289707,-1.0810995307053508,4.5,321.73488424202066,4.720228098186745,0.615,0.02292725213522573,0.615,0.0,0.022917651,4.5
3.6149095641773807,-1.0782030954587396,4.5,321.87762497443924,4.7194889302078895,0.6160000000000002,0.02292724461832595,0.616,0.0,0.022917651,4.5
3.61528161435211,-1.0753059193139953,4.5,322.0213235145387,4.718749423423197,0.617,0.02292723705262085,0.617,0.0,0.022917651,4.5
3.615653766654923,-1.0724079904658068,4.5,322.16599512382163,4.718009572434208,0.6180000000000001,0.02292722943733279,0.618,0.0,0.022917651,4.5
3.6160260227217957,-1.0695092968567175,4.5,322.31165538975307,4.71726937172716,0.619,0.0229272217716675,0.619,0.0,0.022917651,4.5
3.6163983842238347,-1.0666098261703607,4.5,322.4583202345102,4.716528815669894,0.6200000000000001,0.022927214054813662,0.62,0.0,0.022917651,4.5
3.6167708528682225,-1.06370956582447,4.5,322.60600592401454,4.715787898508653,0.6210000000000001,0.022927206285942445,0.621,0.0,0.022917651,4.5
3.617143430399199,-1.0608085029636658,4.5,322.7547290772592,4.715046614364796,0.622,0.022927198464207023,0.622,0.0,0.022917651,4.5
3.617516118599072,-1.0579066244520061,4.5,322.90450667594047,4.714304957231376,0.6230000000000001,0.02292719058874209,0.623,0.0,0.022917651,4.5
3.617888919289259,-1.0550039168652874,4.5,323.05535607440703,4.71356292096963,0.6240000000000001,0.022927182658663347,0.624,0.0,0.022917651,4.5
3.6182618343313697,-1.0521003664830966,4.5,323.2072950099387,4.712820499305339,0.625,0.022927174673066993,0.625,0.0,0.022917651,4.5
3.6186348656283176,-1.049195959280594,4.5,323.36034161336653,4.712077685825076,0.6260000000000001,0.02292716663102917,0.626,0.0,0.022917651,4.5
3.6190080151254747,-1.046290680920024,4.5,323.5145144200489,4.711334473972317,0.6270000000000001,0.022927158531605395,0.627,0.0,0.022917651,4.5
3.6193812848118587,-1.0433845167419389,4.5,323.6698323812169,4.710590857043433,0.628,0.022927150373830012,0.628,0.0,0.022917651,4.5
3.619754676721368,-1.0404774517561257,4.5,323.8263148757037,4.70984682818354,0.629,0.022927142156715558,0.629,0.0,0.022917651,4.5
3.620128311972552,-1.0375699795217233,4.5,323.9836380254513,4.709103364117755,0.6300000000000001,0.022927133867978705,0.63,0.0,0.022917651,4.5
3.620502111290265,-1.0346617249597714,4.5,324.14205743777006,4.70835977362129,0.6310000000000001,0.022927125514690536,0.631,0.0,0.022917651,4.5
3.620876041355672,-1.0317525184020973,4.5,324.30169658062965,4.707615754149558,0.632,0.02292711709920836,0.632,0.0,0.022917651,4.5
3.621250104450862,-1.0288423432324223,4.5,324.4625767433946,4.706871298215154,0.633,0.02292710862044663,0.633,0.0,0.022917651,4.5
3.621624302911347,-1.0259311824455062,4.5,324.62471971377914,4.706126398155413,0.6340000000000001,0.022927100077294395,0.634,0.0,0.022917651,4.5
3.6219986391276286,-1.0230190186356996,4.5,324.7881477925151,4.705381046127237,0.6350000000000001,0.022927091468614543,0.635,0.0,0.022917651,4.5
3.62237311554683,-1.0201058339850906,4.5,324.95288380854095,4.704635234101767,0.6360000000000001,0.022927082793243018,0.636,0.0,0.022917651,4.5
3.6227477346743826,-1.0171916102512246,4.5,325.1189511347337,4.703888953858834,0.637,0.02292707404998805,0.637,0.0,0.022917651,4.5
3.6231224990757696,-1.0142763287543852,4.5,325.286373704206,4.703142196981242,0.638,0.02292706523762928,0.638,0.0,0.022917651,4.5
3.6234974113783394,-1.0113599703644134,4.5,325.45517602719326,4.7023949548488195,0.639,0.022927056354916944,0.639,0.0,0.022917651,4.5
3.62387247427318,-1.0084425154870478,4.5,325.6253832085548,4.701647218632269,0.64,0.02292704740057094,0.64,0.0,0.022917651,4.5
3.6242476905170653,-1.0055239440497654,4.5,325.79702096591666,4.700898979286786,0.6410000000000001,0.022927038373279925,0.641,0.0,0.022917651,4.5
3.6246230629344685,-1.0026042354870988,4.5,325.970115648481,4.700150227545443,0.642,0.022927029271700355,0.642,0.0,0.022917651,4.5
3.624998594419656,-0.9996833687254123,4.5,326.14469425653493,4.699400953912324,0.643,0.022927020094455488,0.643,0.0,0.022917651,4.5
3.625374287938856,-0.9967613221671066,4.5,326.32078446168526,4.698651148655415,0.644,0.022927010840134352,0.644,0.0,0.022917651,4.5
3.625750146532509,-0.9938380736742337,4.5,326.4984146278529,4.697900801799219,0.645,0.022927001507290667,0.645,0.0,0.022917651,4.5
3.626126173317601,-0.9909136005514911,4.5,326.6776138330607,4.697149903117088,0.6460000000000001,0.022926992094441753,0.646,0.0,0.022917651,4.5
3.626502371490091,-0.987987879528571,4.5,326.85841189204905,4.696398442123276,0.647,0.02292698260006735,0.647,0.0,0.022917651,4.5
3.6268787443274277,-0.9850608867418339,4.5,327.0408393797558,4.695646408064677,0.648,0.02292697302260845,0.648,0.0,0.022917651,4.5
3.627255295191159,-0.9821325977152762,4.5,327.224927655701,4.694893789912248,0.6489999999999999,0.022926963360466027,0.649,0.0,0.022917651,4.5
3.627632043132691,-0.9792031334411846,4.5,327.4106274048202,4.694140785040106,0.65,0.02292695361311743,0.65,0.0,0.022917651,4.5
3.628009038160312,-0.9762728978358386,4.5,327.59773004835597,4.6933879978888395,0.6510000000000001,0.022926943782735413,0.651,0.0,0.022917651,4.5
3.6283862226610166,-0.9733412870598861,4.5,327.7865902179396,4.692634593457106,0.652,0.02292693386356203,0.652,0.0,0.022917651,4.5
3.6287636003938997,-0.9704082738303286,4.5,327.9772427823948,4.69188055949823,0.653,0.022926923853835702,0.653,0.0,0.022917651,4.5
3.629141175218154,-0.9674738301376461,4.5,328.1697235390694,4.691125883439427,0.6540000000000001,0.02292691375174791,0.654,0.0,0.022917651,4.5
3.6295189510964287,-0.9645379272214529,4.5,328.3640692449493,4.690370552370859,0.655,0.02292690355544168,0.655,0.0,0.022917651,4.5
3.6298969320983194,-0.9616005355451671,4.5,328.560317649033,4.689614553034281,0.6560000000000001,0.022926893263009902,0.656,0.0,0.022917651,4.5
3.630275122403999,-0.9586616247696457,4.5,328.7585075260247,4.688857871811189,0.657,0.022926882872493646,0.657,0.0,0.022917651,4.5
3.630653526308,-0.955721163725741,4.5,328.95867871140996,4.6881004947105165,0.658,0.02292687238188041,0.658,0.0,0.022917651,4.5
3.631032148223151,-0.9527791203857209,4.5,329.1608721379815,4.687342407355797,0.659,0.02292686178910223,0.659,0.0,0.022917651,4.5
3.63141099268468,-0.9498354618335008,4.5,329.3651298738843,4.686583594971806,0.66,0.02292685109203381,0.66,0.0,0.022917651,4.5
3.6317900643544876,-0.9468901542336282,4.5,329.5714951622539,4.685824042370634,0.6610000000000001,0.022926840288490465,0.661,0.0,0.022917651,4.5
3.6321693680255973,-0.9439431627989591,4.5,329.7800124625279,4.685063733937184,0.662,0.022926829376226084,0.662,0.0,0.022917651,4.5
3.6325489086268057,-0.9409944517569601,4.5,329.99072749351313,4.68430265361404,0.663,0.022926818352930922,0.663,0.0,0.022917651,4.5
3.6329286912275136,-0.9380439843145696,4.5,330.2036872782944,4.683540784885696,0.664,0.022926807216229337,0.664,0.0,0.022917651,4.5
3.633308721042787,-0.9350917226215439,4.5,330.41894019107986,4.682778110762101,0.6650000000000001,0.022926795963677436,0.665,0.0,0.022917651,4.5
3.6336890034386164,-0.9321376277322121,4.5,330.63653600607984,4.682014613761497,0.666,0.0229267845927606,0.666,0.0,0.022917651,4.5
3.634069701133636,-0.9291817862665136,4.5,330.8562739187773,4.681251030776272,0.667,0.022926772863358875,0.667,0.0,0.022917651,4.5
3.6344506762958657,-0.9262240483189904,4.5,331.0784343820818,4.6804866610975155,0.6680000000000001,0.022926760991470858,0.668,0.0,0.022917651,4.5
3.6348319195751353,-0.9232643598410339,4.5,331.3030956224296,4.679721413332278,0.6689999999999999,0.022926748997422683,0.669,0.0,0.022917651,4.5
3.6352134369376854,-0.9203026774287136,4.5,331.53031328804457,4.678955267941053,0.67,0.022926736878496015,0.67,0.0,0.022917651,4.5
3.635595234528096,-0.9173389563806874,4.5,331.760144690562,4.678188204800263,0.6710000000000002,0.022926724631891236,0.671,0.0,0.022917651,4.5
3.6359773186760016,-0.914373150649361,4.5,331.99264886764956,4.677420203180283,0.672,0.022926712254724424,0.672,0.0,0.022917651,4.5
3.6363596959031104,-0.9114052127898218,4.5,332.22788664847747,4.67665124172244,0.673,0.022926699744024146,0.673,0.0,0.022917651,4.5
3.6367423729305437,-0.9084350939064323,4.5,332.4659207221924,4.67588129841498,0.674,0.0229266870967281,0.674,0.0,0.022917651,4.5
3.63712535668652,-0.9054627435969533,4.5,332.7068157095558,4.67511035056791,0.675,0.02292667430967964,0.675,0.0,0.022917651,4.5
3.6375086543143897,-0.9024881098940671,4.5,332.9506382379189,4.674338374786668,0.676,0.022926661379624097,0.676,0.0,0.022917651,4.5
3.6378922731810546,-0.8995111392041524,4.5,333.1974570197173,4.673565346944572,0.677,0.02292664830320494,0.677,0.0,0.022917651,4.5
3.6382762208857753,-0.8965317762431657,4.5,333.44734293467957,4.672791242153942,0.6780000000000002,0.022926635076959776,0.678,0.0,0.022917651,4.5
3.638660505269413,-0.8935499639694626,4.5,333.70036911595525,4.672016034735869,0.679,0.022926621697316137,0.679,0.0,0.022917651,4.5
3.639045363881626,-0.8905653417077328,4.5,333.9564258555372,4.671240314488585,0.68,0.02292660822856116,0.68,0.0,0.022917651,4.5
3.639430652312785,-0.8875780510657012,4.5,334.2157099033416,4.670463645230981,0.6810000000000002,0.02292659462755597,0.681,0.0,0.022917651,4.5
3.6398163010244313,-0.8845881326226167,4.5,334.47836357020765,4.6696857892996455,0.682,0.02292658086826003,0.682,0.0,0.022917651,4.5
3.640202318837365,-0.8815955220416466,4.5,334.7444693550054,4.668906717641074,0.683,0.022926566946797858,0.683,0.0,0.022917651,4.5
3.6405887148627016,-0.878600152868453,4.5,335.01411247187326,4.668126400245531,0.6840000000000002,0.02292655285916647,0.684,0.0,0.022917651,4.5
3.6409754985139178,-0.8756019564433547,4.5,335.2873809628537,4.66734480610738,0.685,0.022926538601229996,0.685,0.0,0.022917651,4.5
3.641362679519498,-0.8726008618090777,4.5,335.56436581618283,4.666561903183429,0.6860000000000002,0.022926524168714192,0.686,0.0,0.022917651,4.5
3.6417502679362213,-0.8695967956138384,4.5,335.845161090567,4.665777658349165,0.687,0.022926509557200575,0.687,0.0,0.022917651,4.5
3.6421382741631305,-0.8665896820094784,4.5,336.12986404580465,4.664992037352748,0.6880000000000001,0.022926494762120265,0.6880000000000001,0.0,0.022917651,4.5
3.6425267089562117,-0.8635794425443544,4.5,336.4185752801327,4.664205004766648,0.6890000000000002,0.022926479778747594,0.6890000000000001,0.0,0.022917651,4.5
3.642915583443848,-0.8605659960506655,4.5,336.711398874706,4.663416523936758,0.6900000000000001,0.022926464602193247,0.6900000000000001,0.0,0.022917651,4.5
3.6433050599815933,-0.8575491076785484,4.5,337.00810978709984,4.6626270116710575,0.6910000000000001,0.02292644922145647,0.6910000000000001,0.0,0.022917651,4.5
3.6436950174608294,-0.8545288058250305,4.5,337.3091232296962,4.661836009966503,0.6920000000000001,0.022926433637936273,0.6920000000000001,0.0,0.022917651,4.5
3.6440854531471936,-0.8515050139138064,4.5,337.61458921519863,4.661043431085823,0.6930000000000002,0.02292641784689044,0.6930000000000001,0.0,0.022917651,4.5
3.6444763799499444,-0.8484776377303532,4.5,337.9246279405325,4.660249232452961,0.6940000000000002,0.0229264018427168,0.6940000000000001,0.0,0.022917651,4.5
3.6448678112472086,-0.845446579638247,4.5,338.23936396821364,4.659453369945483,0.6950000000000001,0.022926385619609694,0.6950000000000001,0.0,0.022917651,4.5
3.645259760907463,-0.8424117384223831,4.5,338.5589264263635,4.658655797823732,0.6960000000000002,0.02292636917155068,0.6960000000000001,0.0,0.022917651,4.5
3.645652243312208,-0.8393730091234978,4.5,338.88344921982366,4.657856468656042,0.6970000000000001,0.02292635249229867,0.6970000000000001,0.0,0.022917651,4.5
3.646045273379913,-0.836330282863422,4.5,339.21307125309403,4.657055333239776,0.6980000000000001,0.022926335575379556,0.6980000000000001,0.0,0.022917651,4.5
3.646438866591312,-0.8332834466604557,4.5,339.54793666587364,4.656252340517887,0.6990000000000002,0.02292631841407523,0.6990000000000001,0.0,0.022917651,4.5
3.6468332397906287,-0.8302318938796627,4.5,339.88793952129953,4.6554477471078,0.7,0.02292630100451664,0.7000000000000001,0.0,0.022917651,4.5
3.647242969116093,-0.8274895519770428,4.5,340.0992601703566,4.654924240175147,0.7010000000000002,0.022926299732268524,0.7010000000000001,0.0,0.022917651,4.5
3.6476528624159315,-0.8247460885208706,4.5,340.3120102777024,4.654400267613708,0.7020000000000001,0.02292629844964742,0.7020000000000001,0.0,0.022917651,4.5
3.6480629221037373,-0.8220014870026271,4.5,340.52621088400855,4.653875822569744,0.7030000000000001,0.02292629715650066,0.7030000000000001,0.0,0.022917651,4.5
3.6484731506407067,-0.8192557305882029,4.5,340.741883444922,4.653350898054333,0.7039999999999998,0.02292629585267254,0.704,0.0,0.022917651,4.5
3.6488835505368153,-0.8165088021098316,4.5,340.9590498413465,4.652825486940038,0.705,0.022926294538004283,0.705,0.0,0.022917651,4.5
3.649294124352038,-0.8137606840577832,4.5,341.17773239003105,4.652299581957445,0.706,0.02292629321233394,0.706,0.0,0.022917651,4.5
3.649704874697594,-0.8110113585718064,4.5,341.39795385447576,4.651773175691619,0.7070000000000001,0.02292629187549633,0.707,0.0,0.022917651,4.5
3.6501158042372404,-0.8082608074323129,4.5,341.6197374561678,4.651246260578443,0.7080000000000001,0.022926290527322944,0.708,0.0,0.022917651,4.5
3.6505269156885976,-0.8055090120512953,4.5,341.84310688615705,4.650718828900839,0.709,0.02292628916764186,0.709,0.0,0.022917651,4.5
3.650938211824518,-0.8027559534629672,4.5,342.0680863169857,4.650190872784898,0.71,0.022926287796277683,0.71,0.0,0.022917651,4.5
3.6513496954744973,-0.8000016123141167,4.5,342.29470041498286,4.649662384195858,0.711,0.022926286413051403,0.711,0.0,0.022917651,4.5
3.651761476995429,-0.7972456552747653,4.5,342.5228382346612,4.64913347218079,0.712,0.022926285007005512,0.712,0.0,0.022917651,4.5
3.6521734530048438,-0.7944883720974004,4.5,342.7526664285666,4.648604012035624,0.7130000000000001,0.02292628358849278,0.713,0.0,0.022917651,4.5
3.652585624321711,-0.7917297486314084,4.5,342.9842140371677,4.648073992867192,0.7140000000000001,0.02292628215753888,0.714,0.0,0.022917651,4.5
3.652997993988546,-0.7889697639976538,4.5,343.21750784565944,4.647543405966983,0.715,0.022926280713950014,0.715,0.0,0.022917651,4.5
3.6534105651113933,-0.7862083968810611,4.5,343.452575198491,4.647012242444656,0.7159999999999999,0.022926279257528305,0.716,0.0,0.022917651,4.5
3.6538233408614857,-0.7834456255191781,4.5,343.68944401403724,4.6464804932232715,0.717,0.02292627778807176,0.717,0.0,0.022917651,4.5
3.6542363244769693,-0.7806814276903757,4.5,343.92814279973635,4.645948149034374,0.7180000000000001,0.0229262763053741,0.718,0.0,0.022917651,4.5
3.6546495192646757,-0.7779157807016742,4.5,344.1687006677078,4.6454152004129075,0.719,0.022926274809224677,0.719,0.0,0.022917651,4.5
3.6550629286019505,-0.7751486613761792,4.5,344.4111473508712,4.644881637691985,0.7200000000000001,0.02292627329940836,0.72,0.0,0.022917651,4.5
3.6554765559385483,-0.7723800460401118,4.5,344.6555132195818,4.644347450997467,0.7209999999999999,0.02292627177570539,0.721,0.0,0.022917651,4.5
3.655890417051986,-0.769609865341784,4.5,344.9018176745933,4.643812634229115,0.722,0.022926270224440555,0.722,0.0,0.022917651,4.5
3.656304618791034,-0.7668377159727642,4.5,345.14999757395015,4.643277212591649,0.723,0.022926268534897876,0.723,0.0,0.022917651,4.5
3.656719050264797,-0.7640639966945223,4.5,345.40019658729693,4.642741139909885,0.724,0.022926266835013656,0.724,0.0,0.022917651,4.5
3.6571337152434027,-0.7612886817436018,4.5,345.65244784989653,4.642204405499672,0.7250000000000001,0.022926265124618202,0.725,0.0,0.022917651,4.5
3.657548617579929,-0.7585117447897142,4.5,345.90678522603497,4.641666998441786,0.726,0.022926263403538042,0.726,0.0,0.022917651,4.5
3.657963761212695,-0.7557331589200631,4.5,346.1632433291806,4.641128907575445,0.727,0.02292626167159591,0.727,0.0,0.022917651,4.5
3.658379150167632,-0.7529528966231466,4.5,346.4218575428178,4.640590121491575,0.728,0.02292625992861056,0.728,0.0,0.022917651,4.5
3.6587947885607344,-0.750170929772015,4.5,346.682664041979,4.640050628525875,0.729,0.022926258174396724,0.729,0.0,0.022917651,4.5
3.659210680600591,-0.7473872296069656,4.5,346.9456998155034,4.639510416751648,0.73,0.022926256408764948,0.73,0.0,0.022917651,4.5
3.6596268305910034,-0.7446017667176463,4.5,347.21100268905076,4.63896947397236,0.7310000000000001,0.022926254631521495,0.731,0.0,0.022917651,4.5
3.660043296967715,-0.7418142781356653,4.5,347.47858727570747,4.638427771340425,0.7319999999999999,0.022926252894354033,0.732,0.0,0.022917651,4.5
3.6604601179400937,-0.73902458877897,4.5,347.7484825570798,4.637885286945557,0.7329999999999999,0.022926251227651285,0.733,0.0,0.022917651,4.5
3.660877210495873,-0.7362330452843168,4.5,348.0207700364344,4.637342034805457,0.734,0.02292624954624999,0.734,0.0,0.022917651,4.5
3.6612945793379845,-0.7334396155441215,4.5,348.2954911387893,4.636798001625298,0.735,0.022926247849895613,0.735,0.0,0.022917651,4.5
3.6617122292785798,-0.7306442667051651,4.5,348.5726882511759,4.6362531738015065,0.736,0.022926246138327715,0.736,0.0,0.022917651,4.5
3.6621301652422122,-0.727846965146823,4.5,348.85240475072806,4.63570753741275,0.737,0.02292624441127977,0.737,0.0,0.022917651,4.5
3.6625483922691435,-0.7250476764585263,4.5,349.1346850337614,4.635161078210599,0.738,0.02292624266847899,0.738,0.0,0.022917651,4.5
3.6629669155187594,-0.7222463654164236,4.5,349.4195745458833,4.63461378160987,0.739,0.02292624090964614,0.739,0.0,0.022917651,4.5
3.66338574027311,-0.7194429959592122,4.5,349.70711981317646,4.634065632678613,0.7400000000000001,0.02292623913449535,0.74,0.0,0.022917651,4.5
3.6638049994544004,-0.716637086963337,4.5,349.99735458236705,4.633516679441616,0.741,0.02292623723225056,0.741,0.0,0.022917651,4.5
3.664224637210489,-0.7138288131966546,4.5,350.2903396392465,4.632966874422789,0.7420000000000001,0.02292623525602868,0.742,0.0,0.022917651,4.5
3.664644592811217,-0.7110183670060312,4.5,350.5861332610999,4.632416168359283,0.7430000000000001,0.022926233263096507,0.743,0.0,0.022917651,4.5
3.665064872046277,-0.708205708819718,4.5,350.8847866072912,4.631864544838137,0.744,0.022926231253149656,0.744,0.0,0.022917651,4.5
3.6654854808468382,-0.7053907980990043,4.5,351.1863520872981,4.631311987045326,0.7450000000000001,0.022926229225876307,0.745,0.0,0.022917651,4.5
3.665906425289891,-0.7025735933084993,4.5,351.4908833991307,4.630758477753437,0.7460000000000001,0.022926227180956965,0.746,0.0,0.022917651,4.5
3.666327711602759,-0.6997540518853131,4.5,351.7984355691766,4.630203999308886,0.7470000000000001,0.022926225118064233,0.747,0.0,0.022917651,4.5
3.666749346167775,-0.6969321302070864,4.5,352.10906499353285,4.629648533618663,0.748,0.022926223036862575,0.748,0.0,0.022917651,4.5
3.667171441052239,-0.6941071067704777,4.5,352.4228077034618,4.629091806687254,0.7490000000000001,0.022926220932488358,0.749,0.0,0.022917651,4.5
3.667593928349609,-0.6912794239514148,4.5,352.73974298720924,4.628533989753788,0.75,0.022926218807655236,0.75,0.0,0.022917651,4.5
3.6680167857282173,-0.6884492234565118,4.5,353.0599382173716,4.627975135401946,0.751,0.022926216663234376,0.751,0.0,0.022917651,4.5
3.668440020263383,-0.6856164571521177,4.5,353.38345571854194,4.62741522379806,0.752,0.02292621449885129,0.752,0.0,0.022917651,4.5
3.6688636392119403,-0.6827810756697352,4.5,353.7103594142222,4.626854234599646,0.753,0.02292621231412189,0.753,0.0,0.022917651,4.5
3.669287650018094,-0.6799430283661652,4.5,354.04071487842805,4.6262921469389715,0.7540000000000001,0.022926210108652163,0.754,0.0,0.022917651,4.5
3.669712060319511,-0.6771022632820983,4.5,354.3745893893059,4.625728939405997,0.7550000000000001,0.02292620788203787,0.755,0.0,0.022917651,4.5
3.6701371390195456,-0.6742579220093949,4.5,354.7122455877598,4.625164833403983,0.756,0.022926205709642045,0.756,0.0,0.022917651,4.5
3.6705627773403413,-0.6714102979730002,4.5,355.0536834694067,4.624599685558171,0.7569999999999999,0.022926203555928677,0.757,0.0,0.022917651,4.5
3.6709888302592404,-0.6685598050395655,4.5,355.3988652696771,4.624033327226212,0.758,0.022926201375703933,0.758,0.0,0.022917651,4.5
3.6714153059719576,-0.665706386497159,4.5,355.7478649977997,4.623465734479396,0.759,0.022926199168443746,0.759,0.0,0.022917651,4.5
3.6718422128916557,-0.6628499841291705,4.5,356.10075862661307,4.622896882754137,0.76,0.02292619693361014,0.76,0.0,0.022917651,4.5
3.672269559656204,-0.6599905381640747,4.5,356.4576241581241,4.622326746830776,0.761,0.02292619467065077,0.761,0.0,0.022917651,4.5
3.6726974149646736,-0.657127746322713,4.5,356.81854443257606,4.621755298526316,0.762,0.022926192365191906,0.762,0.0,0.022917651,4.5
3.6731261361887264,-0.6542601463019642,4.5,357.18362056893164,4.621182500983241,0.763,0.02292618993924196,0.763,0.0,0.022917651,4.5
3.6735553283759326,-0.6513893037348333,4.5,357.55292074683837,4.620608344787881,0.7640000000000001,0.02292618748786236,0.764,0.0,0.022917651,4.5
3.673985001199967,-0.6485151520187801,4.5,357.9265317289397,4.620032802033251,0.7650000000000001,0.022926185010530772,0.765,0.0,0.022917651,4.5
3.674415164601264,-0.6456376227146511,4.5,358.3045426704226,4.619455844042812,0.7660000000000001,0.02292618250671047,0.766,0.0,0.022917651,4.5
3.6748458287962746,-0.6427566454829318,4.5,358.68704520205983,4.618877441343755,0.767,0.02292617997584981,0.767,0.0,0.022917651,4.5
3.6752770087170656,-0.6398720208146128,4.5,359.0741909778216,4.6182974548693965,0.768,0.02292617742394358,0.768,0.0,0.022917651,4.5
3.6757087233063164,-0.6369832627858577,4.5,359.4662698025098,4.617715476816419,0.7690000000000001,0.022926174873530044,0.769,0.0,0.022917651,4.5
3.6761409599737394,-0.6340908479453848,4.5,359.86313604874465,4.617131930304962,0.77,0.022926172296849033,0.77,0.0,0.022917651,4.5
3.6765737298084473,-0.631194698621314,4.5,360.26489140293006,4.616546782020454,0.7710000000000001,0.022926169693342612,0.771,0.0,0.022917651,4.5
3.677007044215839,-0.628294734926378,4.5,360.67164045180806,4.615959997698113,0.772,0.022926167062436945,0.772,0.0,0.022917651,4.5
3.677440914928959,-0.6253908746783708,4.5,361.083490786607,4.6153715420888215,0.7730000000000001,0.022926164403541706,0.773,0.0,0.022917651,4.5
3.677875497135454,-0.6224820927971721,4.5,361.50070326538474,4.614781007381742,0.7739999999999999,0.0229261618118968,0.774,0.0,0.022917651,4.5
3.678310717171214,-0.6195688706068488,4.5,361.92330648385115,4.614188582125453,0.775,0.022926159227829597,0.775,0.0,0.022917651,4.5
3.678746529066187,-0.6166515052068974,4.5,362.3513565225175,4.613594380927062,0.7760000000000001,0.02292615661112101,0.776,0.0,0.022917651,4.5
3.6791829458780394,-0.6137299051893513,4.5,362.78497354975633,4.612998364605529,0.777,0.022926153961050924,0.777,0.0,0.022917651,4.5
3.679619981051388,-0.610803976437453,4.5,363.22428129501964,4.612400492818722,0.778,0.022926151276877846,0.778,0.0,0.022917651,4.5
3.6800578572144738,-0.6078725330391102,4.5,363.66931089558364,4.611800474992157,0.7790000000000001,0.022926148494152934,0.779,0.0,0.022917651,4.5
3.680496503234768,-0.604935933832434,4.5,364.12025055484173,4.611198383513572,0.7800000000000001,0.022926145645676688,0.78,0.0,0.022917651,4.5
3.680935823670474,-0.6019946533880053,4.5,364.57729137540076,4.61059430864672,0.7810000000000001,0.022926142766045078,0.781,0.0,0.022917651,4.5
3.681375834081311,-0.5990485837030475,4.5,365.04057411968205,4.609988204632029,0.782,0.022926139854539316,0.782,0.0,0.022917651,4.5
3.681816550509352,-0.5960976134266663,4.5,365.510243913783,4.609380024291366,0.7830000000000001,0.022926136910418313,0.783,0.0,0.022917651,4.5
3.682257771415921,-0.5931403844457449,4.5,365.98685286765067,4.608767595273846,0.7839999999999999,0.02292613380513595,0.784,0.0,0.022917651,4.5
3.6826997042381224,-0.5901780102841645,4.5,366.470159635694,4.608152868378959,0.785,0.022926130656062808,0.785,0.0,0.022917651,4.5
3.683142373423646,-0.5872104163000216,4.5,366.96030688216985,4.607535867040587,0.786,0.022926127466792554,0.786,0.0,0.022917651,4.5
3.683585796439374,-0.5842374786766898,4.5,367.4574568664187,4.606916537307868,0.787,0.0229261242363717,0.787,0.0,0.022917651,4.5
3.6840301421875217,-0.5812583452565451,4.5,367.96201402613804,4.606294705854066,0.788,0.02292612096412668,0.788,0.0,0.022917651,4.5
3.6844753730980293,-0.5782731683670124,4.5,368.47406480768126,4.605670373749311,0.789,0.022926117649065637,0.789,0.0,0.022917651,4.5
3.6849214063158326,-0.5752823062457955,4.5,368.9936265623556,4.605043565693898,0.79,0.022926114289977834,0.79,0.0,0.022917651,4.5
3.68536826130072,-0.5722856209988352,4.5,369.52088146718205,4.6044142216341815,0.791,0.022926110885795405,0.791,0.0,0.022917651,4.5
3.6858160438096066,-0.5692818395198251,4.5,370.0560926145311,4.603781490217893,0.792,0.022926107514503954,0.792,0.0,0.022917651,4.5
3.6862647675302136,-0.5662709193644635,4.5,370.5994550690816,4.603145383817501,0.793,0.02292610417034094,0.793,0.0,0.022917651,4.5
3.6867143787701857,-0.5632537041980674,4.5,371.1511062162033,4.602506532435065,0.7940000000000002,0.022926100783388144,0.794,0.0,0.022917651,4.5
3.6871648997872635,-0.5602300361505946,4.5,371.71125392467326,4.601864867230285,0.7949999999999999,0.022926097352572478,0.795,0.0,0.022917651,4.5
3.6876163162055002,-0.5571982012747605,4.5,372.28020944193327,4.601218615648552,0.796,0.022926093899495424,0.796,0.0,0.022917651,4.5
3.688068681660769,-0.5541589326530698,4.5,372.8581623917061,4.600568725963375,0.797,0.022926090409859812,0.797,0.0,0.022917651,4.5
3.688522036243366,-0.5511126292414698,4.5,373.445312449762,4.599915757900266,0.7980000000000002,0.022926086874071768,0.798,0.0,0.022917651,4.5
3.688976420429266,-0.5480589372847345,4.5,374.04193709837074,4.599259520694143,0.799,0.022926083276144406,0.799,0.0,0.022917651,4.5
3.6894319171520187,-0.544996981664911,4.5,374.64842767376825,4.598599475735218,0.8000000000000002,0.022926079550206348,0.8,0.0,0.022917651,4.5
3.689811064254213,-0.5424378095548434,4.5,374.85032802821945,4.598068419470018,0.801,0.02292607914876348,0.801,0.0,0.022917651,4.5
3.690190321093802,-0.5398771012477872,4.5,375.0544422904822,4.597536265981681,0.8020000000000002,0.022926078742546516,0.802,0.0,0.022917651,4.5
3.690569689032759,-0.5373148376776903,4.5,375.26079793781406,4.597003001652347,0.803,0.022926078331496208,0.803,0.0,0.022917651,4.5
3.6909491694556893,-0.5347509994616805,4.5,375.46942290406236,4.596468612637868,0.804,0.022926077915552314,0.804,0.0,0.022917651,4.5
3.6913288721320785,-0.5321847857144391,4.5,375.680387407112,4.595932736037455,0.805,0.022926077465539138,0.805,0.0,0.022917651,4.5
3.6917088008398857,-0.5296161572927495,4.5,375.89372657242797,4.595395347729292,0.8060000000000002,0.022926076981535433,0.806,0.0,0.022917651,4.5
3.6920888464218162,-0.527045890477193,4.5,376.1094289001208,4.594856788457912,0.807,0.02292607649346804,0.807,0.0,0.022917651,4.5
3.6924690103555853,-0.5244739645524711,4.5,376.3275242692171,4.594317043418055,0.808,0.022926076001285562,0.808,0.0,0.022917651,4.5
3.6928492941439286,-0.5219003584525848,4.5,376.5480430645823,4.5937760975538104,0.8090000000000002,0.022926075504935764,0.809,0.0,0.022917651,4.5
3.6932296993151277,-0.5193250507533804,4.5,376.77101618767057,4.593233935553294,0.8100000000000002,0.022926075004365498,0.81,0.0,0.022917651,4.5
3.693610227643806,-0.5167479991688595,4.5,376.99647889923864,4.592690522189933,0.8110000000000003,0.022926074499965064,0.811,0.0,0.022917651,4.5
3.6939908858480592,-0.5141682453907381,4.5,377.2246457631811,4.592144924376464,0.8120000000000002,0.022926074014669805,0.812,0.0,0.022917651,4.5
3.6943716604989625,-0.5115867186011832,4.5,377.4553786261977,4.591598019442654,0.8130000000000002,0.022926073530423516,0.8130000000000001,0.0,0.022917651,4.5
3.6947525530951215,-0.5090033959824798,4.5,377.68871051133294,4.59104979056656,0.8140000000000002,0.02292607304723971,0.8140000000000001,0.0,0.022917651,4.5
3.6951335651609685,-0.50641825432369,4.5,377.92467501072457,4.59050022063634,0.8150000000000002,0.022926072565132107,0.8150000000000001,0.0,0.022917651,4.5
3.6955146982473215,-0.5038312700121467,4.5,378.163306297916,4.589949292243989,0.8160000000000002,0.022926072084114683,0.8160000000000001,0.0,0.022917651,4.5
3.6958959539319536,-0.5012424190247229,4.5,378.4046391404893,4.589396987678891,0.8170000000000002,0.02292607160420165,0.8170000000000001,0.0,0.022917651,4.5
3.696277355552031,-0.4986509150301017,4.5,378.64885514453584,4.588842615597506,0.8180000000000001,0.022926071096610594,0.8180000000000001,0.0,0.022917651,4.5
3.696658885823271,-0.49605741134368175,4.5,378.8958657074226,4.5882867584970155,0.8190000000000001,0.0229260705808541,0.8190000000000001,0.0,0.022917651,4.5
3.6970405440113905,-0.4934619676257176,4.5,379.1456914803829,4.587729472904582,0.8200000000000001,0.022926070059751523,0.8200000000000001,0.0,0.022917651,4.5
3.6974223318114827,-0.4908645581678408,4.5,379.3983697692312,4.587170739890508,0.8210000000000001,0.022926069533232018,0.8210000000000001,0.0,0.022917651,4.5
3.6978042509487237,-0.4882651568054344,4.5,379.65393854185186,4.586610540189163,0.822,0.022926069001223483,0.8220000000000001,0.0,0.022917651,4.5
3.69818632494284,-0.4856635855928395,4.5,379.91245365754526,4.586048790037341,0.8230000000000002,0.022926068462860962,0.8230000000000001,0.0,0.022917651,4.5
3.698568728965248,-0.4830585949558427,4.5,380.17409544465175,4.585484941465718,0.8240000000000001,0.022926067911675268,0.8240000000000001,0.0,0.022917651,4.5
3.6989512673059997,-0.48045151644379097,4.5,380.4387508933784,4.5849195422948315,0.8250000000000001,0.02292606735470091,0.8250000000000001,0.0,0.022917651,4.5
3.6993339417831566,-0.47784232179632274,4.5,380.70646079503945,4.584352571536599,0.8260000000000002,0.02292606679185952,0.8260000000000001,0.0,0.022917651,4.5
3.699716754247741,-0.4752309822407419,4.5,380.97726668045806,4.583784007822443,0.8270000000000002,0.02292606622307134,0.8270000000000001,0.0,0.022917651,4.5
3.7000997065844827,-0.4726174684803548,4.5,381.2512108368013,4.583213829394625,0.8280000000000002,0.02292606564825514,0.8280000000000001,0.0,0.022917651,4.5
3.7004828488679538,-0.4700009646857908,4.5,381.5284829131765,4.582641421268253,0.8290000000000002,0.02292606506313234,0.8290000000000001,0.0,0.022917651,4.5
3.700866164938522,-0.46738172847869164,4.5,381.8090806648064,4.58206697624324,0.8300000000000003,0.02292606446933798,0.8300000000000001,0.0,0.022917651,4.5
3.701249625967349,-0.4647602299872078,4.5,382.0929571493329,4.581490848788641,0.8310000000000001,0.022926063869507535,0.8310000000000001,0.0,0.022917651,4.5
3.701633233964709,-0.4621364378381153,4.5,382.38015783602697,4.580913015572622,0.8320000000000002,0.022926063263557298,0.8320000000000001,0.0,0.022917651,4.5
3.7020169909782172,-0.4595103200753873,4.5,382.6707290388174,4.580333452829933,0.8330000000000001,0.022926062651401995,0.833,0.0,0.022917651,4.5
3.702400949475095,-0.45688136394438617,4.5,382.96476652655116,4.579751855388407,0.8340000000000001,0.0229260620328709,0.834,0.0,0.022917651,4.5
3.7027851388006834,-0.45424928735552056,4.5,383.26234391423753,4.57916805736763,0.8350000000000001,0.02292606140784349,0.835,0.0,0.022917651,4.5
3.7031694865707037,-0.4516147717203901,4.5,383.56343807162415,4.578582454054283,0.8360000000000001,0.022926060776359444,0.836,0.0,0.022917651,4.5
3.7035539950411835,-0.44897778231035734,4.5,383.8680990726358,4.577995019743506,0.8370000000000001,0.022926060138326834,0.837,0.0,0.022917651,4.5
3.703938666511186,-0.446338283734324,4.5,384.176377946375,4.577405728240104,0.838,0.022926059493651958,0.838,0.0,0.022917651,4.5
3.7043235429622507,-0.4436955137249505,4.5,384.4884446361388,4.576813988232243,0.8390000000000001,0.022926058907876683,0.839,0.0,0.022917651,4.5
3.704708635212064,-0.4410492607975236,4.5,384.8043861255602,4.576219632333385,0.8400000000000001,0.022926058402997464,0.84,0.0,0.022917651,4.5
3.705093896177085,-0.43840038656755254,4.5,385.1241125613889,4.575623330113251,0.8410000000000001,0.02292605790017163,0.841,0.0,0.022917651,4.5
3.705479328311251,-0.4357488529085793,4.5,385.44767899511095,4.5750250532628876,0.8420000000000001,0.02292605739942906,0.842,0.0,0.022917651,4.5
3.7058649341163212,-0.4330946209511519,4.5,385.77514155103466,4.574424772921663,0.8430000000000001,0.02292605690080019,0.843,0.0,0.022917651,4.5
3.7062508088946764,-0.4304364585959392,4.5,386.106790042751,4.573821634624864,0.844,0.022926056295851656,0.844,0.0,0.022917651,4.5
3.7066368943166634,-0.4277750856939962,4.5,386.44254206180756,4.573216127038474,0.8449999999999999,0.02292605564481569,0.845,0.0,0.022917651,4.5
3.707023159138001,-0.4251108929531648,4.5,386.7823739759708,4.572608517165123,0.8460000000000001,0.022926054985487575,0.846,0.0,0.022917651,4.5
3.707409606023582,-0.4224438384860731,4.5,387.12634639015107,4.571998773776329,0.8469999999999999,0.022926054317744127,0.847,0.0,0.022917651,4.5
3.7077962788748406,-0.4197734824652951,4.5,387.47457823563343,4.571386633568266,0.848,0.02292605362990824,0.848,0.0,0.022917651,4.5
3.708183266757149,-0.4170989491152826,4.5,387.82725536707557,4.57077157894936,0.849,0.022926052898784178,0.849,0.0,0.022917651,4.5
3.708570446169428,-0.4144214120115898,4.5,388.18426884337106,4.570154286671578,0.8500000000000001,0.022926052160384663,0.85,0.0,0.022917651,4.5
3.708957820014828,-0.4117408256242676,4.5,388.54568439346485,4.569534722817194,0.851,0.022926051414599406,0.851,0.0,0.022917651,4.5
3.7093453912554706,-0.40905714349852285,4.5,388.91156908144563,4.568912852779515,0.8520000000000001,0.022926050661315898,0.852,0.0,0.022917651,4.5
3.709733283776727,-0.40636876060750343,4.5,389.28227988120653,4.568287562907063,0.853,0.022926049922481737,0.853,0.0,0.022917651,4.5
3.710121383738783,-0.4036771216944498,4.5,389.65761677390134,4.567659846556772,0.854,0.022926049175999462,0.854,0.0,0.022917651,4.5
3.7105096897943453,-0.4009822348695077,4.5,390.0376405382493,4.567029706602108,0.855,0.02292604842090827,0.855,0.0,0.022917651,4.5
3.7108982051441877,-0.3982840496903798,4.5,390.4224239645796,4.566397105402835,0.856,0.02292604765707446,0.856,0.0,0.022917651,4.5
3.711287015671805,-0.3955810456875575,4.5,390.81232247576304,4.565760869159229,0.857,0.022926046899607387,0.857,0.0,0.022917651,4.5
3.7116760534814714,-0.39287442536857864,4.5,391.20717610046313,4.565121926354673,0.858,0.022926046134453554,0.858,0.0,0.022917651,4.5
3.7120653102251997,-0.39016434309833337,4.5,391.607022757586,4.564480397536667,0.859,0.022926045359239245,0.859,0.0,0.022917651,4.5
3.712454789370599,-0.3874507440443562,4.5,392.01194152978104,4.563836241746374,0.86,0.022926044573805114,0.86,0.0,0.022917651,4.5
3.712844801704081,-0.3847313570812597,4.5,392.4225849402466,4.563188430415415,0.861,0.022926044097706485,0.861,0.0,0.022917651,4.5
3.7132350461322767,-0.3820082824501528,4.5,392.83849270138677,4.56253785969226,0.862,0.02292604363337871,0.862,0.0,0.022917651,4.5
3.71362551519632,-0.3792815411634347,4.5,393.25972830779,4.561884520768309,0.863,0.0229260431697445,0.863,0.0,0.022917651,4.5
3.714016145267425,-0.37655081130450013,4.5,393.6863439981544,4.561227835905238,0.864,0.022926042606778087,0.864,0.0,0.022917651,4.5
3.7144067923901516,-0.3738153845531552,4.5,394.1183539001289,4.560566517846906,0.865,0.022926041704950308,0.865,0.0,0.022917651,4.5
3.7147976918191152,-0.3710760598795959,4.5,394.55596150631726,4.559902310915056,0.866,0.022926040795888253,0.866,0.0,0.022917651,4.5
3.7151888477204245,-0.36833277292092337,4.5,394.99925924659595,4.5592351674083,0.867,0.022926039879472476,0.867,0.0,0.022917651,4.5
3.715580536724828,-0.3655840459432176,4.5,395.44867601934214,4.558564724609288,0.8680000000000001,0.02292603899359278,0.868,0.0,0.022917651,4.5
3.7159726394802366,-0.36283042781312785,4.5,395.9041684450553,4.557891050616931,0.8690000000000001,0.022926038118850873,0.869,0.0,0.022917651,4.5
3.7163650057035826,-0.3600726461636027,4.5,396.3656476039572,4.557214267222243,0.8700000000000001,0.022926037233051033,0.87,0.0,0.022917651,4.5
3.7167576557154614,-0.3573101803267766,4.5,396.8333240937809,4.556533931992173,0.871,0.022926036335379263,0.871,0.0,0.022917651,4.5
3.717150639356388,-0.3545416540881141,4.5,397.30762727094935,4.55584885897175,0.872,0.022926035423844755,0.872,0.0,0.022917651,4.5
3.7175438981516407,-0.3517687696031951,4.5,397.7882334043994,4.555160528249613,0.8730000000000001,0.022926034500740825,0.873,0.0,0.022917651,4.5
3.7179374367708933,-0.3489914529077463,4.5,398.27524946229,4.55446888453895,0.874,0.022926033565871137,0.874,0.0,0.022917651,4.5
3.718331349353885,-0.3462077957191472,4.5,398.7690366230773,4.553772402793028,0.875,0.022926032616310713,0.875,0.0,0.022917651,4.5
3.718725563512234,-0.34341933043730877,4.5,399.26949313021527,4.553072319835011,0.876,0.022926031654243496,0.876,0.0,0.022917651,4.5
3.7191200751103954,-0.3406261669595672,4.5,399.7767083075794,4.552368728318459,0.877,0.02292603067973987,0.877,0.0,0.022917651,4.5
3.7195148671212546,-0.33782679484487577,4.5,400.29109215235627,4.551660051612979,0.878,0.02292602985325436,0.878,0.0,0.022917651,4.5
3.719909961382114,-0.33502203759952554,4.5,400.8125883933723,4.5509471995521915,0.879,0.022926029078333483,0.879,0.0,0.022917651,4.5
3.7203053716488745,-0.3322123183411651,4.5,401.341217833336,4.55023064962484,0.88,0.022926028298502998,0.88,0.0,0.022917651,4.5
3.720701186746043,-0.32939611183680434,4.5,401.8773631494022,4.549509229384198,0.8809999999999999,0.02292602753554031,0.881,0.0,0.022917651,4.5
3.721097370253318,-0.32657408460715165,4.5,402.4210280113965,4.548783460986537,0.882,0.022926026778449356,0.882,0.0,0.022917651,4.5
3.7214938909099864,-0.32374679160136394,4.5,402.9722318794833,4.548053775471191,0.883,0.022926026017411692,0.883,0.0,0.022917651,4.5
3.721890826399287,-0.3209122965093016,4.5,403.53153587228286,4.547318550252123,0.8840000000000001,0.022926025038213158,0.884,0.0,0.022917651,4.5
3.722288131795099,-0.3180717516418356,4.5,404.09879738092025,4.5465787559158475,0.885,0.022926023975782844,0.885,0.0,0.022917651,4.5
3.722685789611625,-0.31522566060571683,4.5,404.6740209029428,4.5458348251487015,0.8860000000000001,0.02292602289856184,0.886,0.0,0.022917651,4.5
3.7230826949090967,-0.3123723507180153,4.5,405.2581820144028,4.545080659338684,0.8870000000000001,0.022926021804543343,0.887,0.0,0.022917651,4.5
3.7234798351241647,-0.3095132073338692,4.5,405.850647525119,4.544321599204027,0.888,0.022926020695235076,0.888,0.0,0.022917651,4.5
3.723877389582635,-0.3066477712578713,4.5,406.4516016247989,4.54355790379321,0.889,0.022926019568191125,0.889,0.0,0.022917651,4.5
3.7242756579690326,-0.3037744217121698,4.5,407.0615165342936,4.542789152578628,0.89,0.022926018417030413,0.89,0.0,0.022917651,4.5
3.724674272016074,-0.3008950248966613,4.5,407.68015397271057,4.542015736709652,0.8910000000000001,0.022926017251926396,0.891,0.0,0.022917651,4.5
3.7250728447609154,-0.2980078607959938,4.5,408.3080193659084,4.541234390711875,0.892,0.02292601608339074,0.892,0.0,0.022917651,4.5
3.725471446464543,-0.2951131165728021,4.5,408.94521544720925,4.540445582463032,0.893,0.022926014905311813,0.893,0.0,0.022917651,4.5
3.7258703931916712,-0.292211920779544,4.5,409.59164835138216,4.539651702820858,0.894,0.022926013707910003,0.894,0.0,0.022917651,4.5
3.7262700087390437,-0.28930195089581534,4.5,410.24811398209357,4.538851711657837,0.895,0.022926012514205844,0.895,0.0,0.022917651,4.5
3.7266699778867913,-0.28638532644860615,4.5,410.9141663611518,4.538046479939014,0.896,0.022926011314747946,0.896,0.0,0.022917651,4.5
3.7270703273122994,-0.2834603967422151,4.5,411.59032994400945,4.537234474889847,0.897,0.022926010456326935,0.897,0.0,0.022917651,4.5
3.7274710544381953,-0.2805272841905249,4.5,412.2767393258299,4.536415807230535,0.898,0.022926009884804813,0.898,0.0,0.022917651,4.5
3.72787212162831,-0.2775866956630668,4.5,412.9734172120271,4.535591019873133,0.899,0.02292600919552211,0.899,0.0,0.022917651,4.5
3.7282734248590472,-0.2746368210735661,4.5,413.6810075441737,4.534757869274792,0.9000000000000001,0.022926007909613168,0.9,0.0,0.022917651,4.5
3.72858135139071,-0.27222700809559414,4.5,413.99768242615426,4.5340373290895855,0.901,0.022926007599821392,0.901,0.0,0.022917651,4.5
3.728889330463806,-0.26981506418743045,4.5,414.3176901788608,4.533314868376424,0.902,0.02292600728967442,0.902,0.0,0.022917651,4.5
3.729197564720193,-0.2673992258196067,4.5,414.6414350870149,4.532589542327386,0.903,0.022926006979112668,0.903,0.0,0.022917651,4.5
3.729505845999757,-0.2649812451177754,4.5,414.9685861614598,4.531862262133251,0.904,0.02292600666809884,0.904,0.0,0.022917651,4.5
3.729814174818856,-0.26256109855716414,4.5,415.29918080499414,4.5311330063357325,0.905,0.02292600635662798,0.905,0.0,0.022917651,4.5
3.730122553548771,-0.2601385282628481,4.5,415.63331982549346,4.5304015270117315,0.906,0.02292600604394196,0.906,0.0,0.022917651,4.5
3.730430990711921,-0.2577124135135064,4.5,415.9713418246961,4.5296667395677,0.907,0.022926005726626102,0.907,0.0,0.022917651,4.5
3.730739475871757,-0.25528405654329445,4.5,416.3129336533706,4.528929901743475,0.908,0.022926005409034955,0.908,0.0,0.022917651,4.5
3.731048009562517,-0.2528534323946337,4.5,416.65813504636225,4.528190990716806,0.9090000000000003,0.022926005091165463,0.909,0.0,0.022917651,4.5
3.731356627362707,-0.25041979394700004,4.5,417.0071694835652,4.527449401320853,0.91,0.022926004774302608,0.91,0.0,0.022917651,4.5
3.7316653471712176,-0.24798272305879368,4.5,417.36018694236003,4.526704786908565,0.911,0.022926004458991536,0.911,0.0,0.022917651,4.5
3.7319741147872025,-0.2455433060800724,4.5,417.71695085012374,4.525958017620595,0.912,0.022926004143175777,0.912,0.0,0.022917651,4.5
3.732282930749264,-0.24310151657964651,4.5,418.07750341456443,4.525209069179994,0.9130000000000003,0.022926003826849645,0.913,0.0,0.022917651,4.5
3.732591938820469,-0.24065582457398071,4.5,418.44223351220904,4.524456984030631,0.9140000000000001,0.022926003506797434,0.914,0.0,0.022917651,4.5
3.732901042732492,-0.23820720724664668,4.5,418.81096381241656,4.5237023560961775,0.915,0.022926003185355294,0.915,0.0,0.022917651,4.5
3.7332101957827653,-0.23575613126719075,4.5,419.1836261988768,4.522945466107936,0.9160000000000003,0.022926002863602992,0.916,0.0,0.022917651,4.5
3.733519374827272,-0.23330230368684388,4.5,419.5603638983913,4.52218592922447,0.9170000000000001,0.02292600259945292,0.917,0.0,0.022917651,4.5
3.7338285237262423,-0.23084503343388627,4.5,419.9414691729278,4.521422831478729,0.918,0.022926002533753157,0.918,0.0,0.022917651,4.5
3.7341377268457006,-0.22838520899606046,4.5,420.3266482288463,4.520657396428621,0.9189999999999999,0.022926002463285258,0.919,0.0,0.022917651,4.5
3.7344469848138133,-0.2259228007821286,4.5,420.71594826250924,4.519889596995556,0.9200000000000002,0.022926002387993968,0.92,0.0,0.022917651,4.5
3.734756322786091,-0.223456309055315,4.5,421.10986693218297,4.519118031569588,0.921,0.02292600224595938,0.921,0.0,0.022917651,4.5
3.7350657160126235,-0.22098678151876863,4.5,421.5081375908528,4.5183436505516905,0.922,0.022926002084110664,0.922,0.0,0.022917651,4.5
3.7353751577657115,-0.21851457289086162,4.5,421.9106933619827,4.517566782387001,0.9230000000000002,0.022926001918826263,0.923,0.0,0.022917651,4.5
3.735684690406336,-0.21603859459085584,4.5,422.3178832836929,4.516786506455823,0.9240000000000002,0.022926001672667486,0.924,0.0,0.022917651,4.5
3.7359943163170444,-0.21355863146029677,4.5,422.72982566358274,4.516002617209293,0.9250000000000002,0.022926001334191856,0.925,0.0,0.022917651,4.5
3.7363039848820487,-0.21107589364904278,4.5,423.14622679968716,4.515216124202226,0.926,0.02292600099509002,0.926,0.0,0.022917651,4.5
3.736613618435277,-0.20858995014769652,4.5,423.5673415145795,4.514426287311291,0.9270000000000003,0.022926000654384913,0.927,0.0,0.022917651,4.5
3.7369230054936544,-0.20609979221404034,4.5,423.993735892449,4.513631255307457,0.9280000000000002,0.02292600030988062,0.928,0.0,0.022917651,4.5
3.7372324014711906,-0.20360675298314146,4.5,424.4247807978877,4.51283337745479,0.929,0.02292599996501691,0.929,0.0,0.022917651,4.5
3.7375418197845405,-0.20111063075180902,4.5,424.86058445896714,4.512032505503861,0.9300000000000003,0.02292599961964576,0.93,0.0,0.022917651,4.5
3.7378514086489014,-0.19860952530447615,4.5,425.3018095955587,4.511227329928137,0.9310000000000002,0.022925999272079375,0.931,0.0,0.022917651,4.5
3.738161006015541,-0.19610544710796743,4.5,425.74787062260265,4.510419215704922,0.932,0.02292599892399191,0.932,0.0,0.022917651,4.5
3.7384706109380197,-0.19359833356625042,4.5,426.1988337611929,4.509608096473296,0.933,0.022925998575479577,0.933,0.0,0.022917651,4.5
3.7387801529133653,-0.19108634947854408,4.5,426.6553488422236,4.508791856316597,0.9340000000000003,0.022925998233189138,0.934,0.0,0.022917651,4.5
3.7390896994495835,-0.18857126950405015,4.5,427.11688545444196,4.507972538616558,0.935,0.022925997890278008,0.935,0.0,0.022917651,4.5
3.7393992500115196,-0.18605299042022874,4.5,427.5835237164848,4.507150037897476,0.9360000000000002,0.022925997546524503,0.936,0.0,0.022917651,4.5
3.7397087896361763,-0.18352963461347704,4.5,428.05588281355193,4.5063224134124145,0.937,0.02292599719604437,0.937,0.0,0.022917651,4.5
3.740018336563051,-0.18100305333094088,4.5,428.5334584125197,4.505491592507338,0.9380000000000001,0.02292599684503381,0.9380000000000001,0.0,0.022917651,4.5
3.740327900332124,-0.17847291054541853,4.5,429.0164206853956,4.5046572781815,0.9390000000000001,0.02292599653519682,0.9390000000000001,0.0,0.022917651,4.5
3.740637530565383,-0.1759374833104373,4.5,429.5054518251181,4.503817951056986,0.9400000000000002,0.02292599649888928,0.9400000000000001,0.0,0.022917651,4.5
3.7409471609937257,-0.1733987149839167,4.5,429.9999136478295,4.502975283733108,0.9410000000000001,0.022925996454042592,0.9410000000000001,0.0,0.022917651,4.5
3.741256623251332,-0.17085584862738656,4.5,430.50004591117516,4.502127842777502,0.9420000000000001,0.022925996327105385,0.9420000000000001,0.0,0.022917651,4.5
3.741565710683919,-0.16830792113611154,4.5,431.0061461530184,4.501273834496567,0.9430000000000001,0.022925996027136925,0.9430000000000001,0.0,0.022917651,4.5
3.741874815408222,-0.16575653420606304,4.5,431.51788936142464,4.500416435977755,0.9440000000000001,0.022925995724703687,0.9440000000000001,0.0,0.022917651,4.5
3.7421838436826156,-0.16320104990798712,4.5,432.0356121367425,4.499554636809742,0.9450000000000002,0.022925995382520697,0.9450000000000001,0.0,0.022917651,4.5
3.7424928189287243,-0.1606414938441862,4.5,432.55934675156374,4.4986885556672185,0.9460000000000001,0.022925995008370812,0.9460000000000001,0.0,0.022917651,4.5
3.742801822236683,-0.15807830909655046,4.5,433.0889455503892,4.497818957854822,0.9470000000000001,0.02292599463385778,0.9470000000000001,0.0,0.022917651,4.5
3.7431106327494694,-0.1555097908506591,4.5,433.6252028290562,4.49694326039896,0.9480000000000002,0.02292599425591915,0.9480000000000001,0.0,0.022917651,4.5
3.74341943164458,-0.1529372605134414,4.5,434.16761814368584,4.496063505473136,0.9490000000000001,0.022925993876862963,0.9490000000000001,0.0,0.022917651,4.5
3.743728271624556,-0.15036043464113188,4.5,434.71638885445225,4.495179617266153,0.9500000000000001,0.022925993498877008,0.9500000000000001,0.0,0.022917651,4.5
3.7440371829146604,-0.14777795034239274,4.5,435.2722249799938,4.494290347906704,0.9510000000000002,0.022925993126276568,0.9510000000000001,0.0,0.022917651,4.5
3.7443461151854103,-0.14519162329335375,4.5,435.83435299680093,4.493397319718153,0.9520000000000001,0.022925992753229093,0.9520000000000001,0.0,0.022917651,4.5
3.7446552299061016,-0.14259951834962978,4.5,436.40338608945524,4.492499250759028,0.9530000000000001,0.022925992376184066,0.9530000000000001,0.0,0.022917651,4.5
3.7449644519885132,-0.14000247419216832,4.5,436.9791644155367,4.491596675839173,0.9540000000000002,0.022925991996634483,0.9540000000000001,0.0,0.022917651,4.5
3.745273712197683,-0.13740100251934112,4.5,437.56164486356704,4.490689824087425,0.9550000000000001,0.022925991616339257,0.9550000000000001,0.0,0.022917651,4.5
3.745583066895123,-0.13479333445489966,4.5,438.15152978524264,4.489777144278244,0.9560000000000001,0.02292599123517061,0.9560000000000001,0.0,0.022917651,4.5
3.7458924461273426,-0.1321815284620039,4.5,438.74816303310934,4.488860424408547,0.9570000000000001,0.022925990853254568,0.9570000000000001,0.0,0.022917651,4.5
3.746201698989745,-0.12956401196076106,4.5,439.35242058466633,4.487937494809995,0.9580000000000002,0.022925990474408662,0.9580000000000001,0.0,0.022917651,4.5
3.7465109128602707,-0.12694168339001274,4.5,439.96391751546946,4.4870095998117066,0.9590000000000002,0.022925990096424875,0.9590000000000001,0.0,0.022917651,4.5
3.746820139569613,-0.12431430566772397,4.5,440.5828113332251,4.48607670620244,0.96,0.022925989807047513,0.96,0.0,0.022917651,4.5
3.747129376711622,-0.12168117430453472,4.5,441.20951799689476,4.485138098688083,0.961,0.022925989676101356,0.961,0.0,0.022917651,4.5
3.747438633099631,-0.11904355735040348,4.5,441.8434977658258,4.484195082510963,0.962,0.022925989528367576,0.962,0.0,0.022917651,4.5
3.7477479537627705,-0.11639865028037115,4.5,442.4857975955264,4.483245034766322,0.9630000000000001,0.022925989173585855,0.963,0.0,0.022917651,4.5
3.7480572993981784,-0.1137492118651803,4.5,443.13556296288607,4.4822905556461805,0.964,0.022925988815868967,0.964,0.0,0.022917651,4.5
3.748366535887818,-0.11109359882581195,4.5,443.79364200321066,4.48132946744073,0.965,0.022925988421075478,0.965,0.0,0.022917651,4.5
3.7486757521454765,-0.10843279245767817,4.5,444.4596494618328,4.480363105685055,0.9660000000000001,0.022925988014247296,0.966,0.0,0.022917651,4.5
3.748984981056126,-0.10576603883013917,4.5,445.1340089095546,4.47939083965335,0.967,0.022925987610578794,0.967,0.0,0.022917651,4.5
3.749294229104508,-0.10309343745508509,4.5,445.81676560932345,4.4784127957728055,0.9680000000000001,0.02292598720969396,0.968,0.0,0.022917651,4.5
3.749603514081508,-0.10041491852244329,4.5,446.50801816869085,4.477428987555637,0.969,0.022925986805775934,0.969,0.0,0.022917651,4.5
3.749912839832469,-0.09772970615452115,4.5,447.2082124327465,4.4764386585935965,0.9700000000000002,0.02292598639693483,0.97,0.0,0.022917651,4.5
3.750222164878393,-0.09503881047755243,4.5,447.9169960275079,4.475442641738532,0.9709999999999999,0.02292598598597673,0.971,0.0,0.022917651,4.5
3.7505314319933936,-0.0923408691783551,4.5,448.635097103569,4.474439342084863,0.972,0.022925985570537922,0.972,0.0,0.022917651,4.5
3.750840727673104,-0.08963724594885987,4.5,449.36200424711393,4.473430473853239,0.9730000000000001,0.02292598515609136,0.973,0.0,0.022917651,4.5
3.751150052944504,-0.08692611042164514,4.5,450.09878406075154,4.472414207213864,0.974,0.022925984748745583,0.974,0.0,0.022917651,4.5
3.751459397488397,-0.08420922334392593,4.5,450.8445976112759,4.471392266773604,0.975,0.022925984339926018,0.975,0.0,0.022917651,4.5
3.7517687539980806,-0.08148449160210976,4.5,451.60061665486893,4.470362534556006,0.976,0.02292598392570209,0.976,0.0,0.022917651,4.5
3.7520781167565898,-0.07875381419736334,4.5,452.3658955685253,4.4693268841679865,0.9770000000000001,0.022925983510203817,0.977,0.0,0.022917651,4.5
3.752387491292566,-0.07601515882412323,4.5,453.14128473799127,4.468283315025694,0.978,0.022925983091221947,0.978,0.0,0.022917651,4.5
3.7526968909663485,-0.07327014638955666,4.5,453.9263746957264,4.467233486387063,0.979,0.02292598269465715,0.979,0.0,0.022917651,4.5
3.7530063355365,-0.07051709797762057,4.5,454.72206934344547,4.466175790536142,0.9800000000000001,0.02292598236939134,0.98,0.0,0.022917651,4.5
3.7533157565978494,-0.0677574059228923,4.5,455.5279258708249,4.465111354548172,0.981,0.022925982034671798,0.981,0.0,0.022917651,4.5
3.7536251089768236,-0.06499016774189441,4.5,456.3445911273799,4.46403909271329,0.982,0.02292598169049259,0.982,0.0,0.022917651,4.5
3.7539343923170962,-0.062215803353736894,4.5,457.17204202311717,4.462959433749965,0.983,0.022925981296812607,0.983,0.0,0.022917651,4.5
3.754243587818893,-0.05943412981271252,4.5,458.010525183949,4.461872120457679,0.9840000000000001,0.022925980855885195,0.984,0.0,0.022917651,4.5
3.7545523719188214,-0.056644596059350766,4.5,458.8600395580056,4.460775298506774,0.985,0.022925980415858974,0.985,0.0,0.022917651,4.5
3.7548609597429277,-0.053847866686064914,4.5,459.72043849387865,4.459670494069611,0.986,0.0229259799759014,0.986,0.0,0.022917651,4.5
3.755167115936187,-0.05104198794279777,4.5,460.59309450808604,4.458546808675172,0.9870000000000001,0.022925979535059603,0.987,0.0,0.022917651,4.5
3.7554728508511896,-0.04822898539240075,4.5,461.4770092816095,4.457414315829704,0.988,0.022925979093259878,0.988,0.0,0.022917651,4.5
3.7557787080901166,-0.045407802188947334,4.5,462.37348872253585,4.456274153919671,0.989,0.022925978650002544,0.989,0.0,0.022917651,4.5
3.7560843210071457,-0.04257868413355591,4.5,463.2817774477923,4.4551250672707035,0.99,0.022925978204907944,0.99,0.0,0.022917651,4.5
3.756389550850662,-0.039740656985520054,4.5,464.20248582729295,4.453965517384871,0.9910000000000001,0.022925977757040413,0.991,0.0,0.022917651,4.5
3.7566945332304753,-0.03689344560637381,4.5,465.13588353007134,4.452795816113324,0.992,0.02292597730713266,0.992,0.0,0.022917651,4.5
3.7569993553430163,-0.034038112602918925,4.5,466.08159585818896,4.451617362278468,0.993,0.022925976855864137,0.993,0.0,0.022917651,4.5
3.7573039580852106,-0.031172819327516917,4.5,467.04097672425235,4.450428042791196,0.9940000000000001,0.022925976403771964,0.994,0.0,0.022917651,4.5
3.757608502582902,-0.028299106435970875,4.5,468.0132190980058,4.449230075665265,0.995,0.022925975951481256,0.995,0.0,0.022917651,4.5
3.75791299237859,-0.025416241937440506,4.5,468.9988956021406,4.448022745815225,0.996,0.022925975499490835,0.996,0.0,0.022917651,4.5
3.7582172828153975,-0.02252361155666735,4.5,469.9985860817561,4.446804853725898,0.997,0.022925975068810178,0.997,0.0,0.022917651,4.5
3.7585214036542856,-0.019622166130764455,4.5,471.0118380850852,4.445577468520069,0.9980000000000001,0.022925974625487185,0.998,0.0,0.022917651,4.5
3.7588252543682965,-0.0167107292304092,4.5,472.03949643875615,4.444339011741457,0.999,0.022925974163021345,0.999,0.0,0.022917651,4.5
3.759128991257521,-0.013788999580305281,4.5,473.08163761673575,4.443089802986732,1.0,0.02292597369310332,1.0,0.0,0.022917651,4.5
3.7593680850258577,-0.011457070217495032,4.5,473.7193575081963,4.442128173369447,1.0010000000000001,0.022925973675583865,1.0010000000000001,0.0,0.022917651,4.5
3.7596071020120134,-0.009120934357242597,4.5,474.3636043933225,4.441162029451273,1.0020000000000002,0.022925973655761777,1.002,0.0,0.022917651,4.5
3.7598460596593113,-0.006781514955091578,4.5,475.0139771948867,4.440192364419277,1.0030000000000001,0.02292597363495285,1.0030000000000001,0.0,0.022917651,4.5
3.760084913052576,-0.004438868327958875,4.5,475.67056754580153,4.4392190597667005,1.004,0.022925973614155933,1.004,0.0,0.022917651,4.5
3.760323592544453,-0.0020922419359229822,4.5,476.33390930902533,4.438241089372012,1.0050000000000001,0.02292597359346695,1.0050000000000001,0.0,0.022917651,4.5
3.760562218878218,0.0002570208933268827,4.5,477.0031998712434,4.437260269885443,1.0060000000000002,0.022925973572815592,1.006,0.0,0.022917651,4.5
3.760800587578331,0.002610799121539934,4.5,477.67976483263215,4.436273890574229,1.0070000000000001,0.02292597355170624,1.0070000000000001,0.0,0.022917651,4.5
3.761038895732474,0.004967302181585804,4.5,478.36243948467893,4.435284544016957,1.008,0.022925973530470316,1.008,0.0,0.022917651,4.5
3.7612769885991755,0.007327592463166175,4.5,479.05221362795,4.434290547320378,1.0090000000000001,0.022925973510481906,1.0090000000000001,0.0,0.022917651,4.5
3.7615149550456835,0.00969111442153091,4.5,479.74865210757605,4.433292812531234,1.0100000000000002,0.0229259734909685,1.01,0.0,0.022917651,4.5
3.761752873240903,0.012058470096388758,4.5,480.4520037157781,4.432291054373021,1.0110000000000003,0.022925973469599834,1.0110000000000001,0.0,0.022917651,4.5
3.761990740579432,0.014430050462394579,4.5,481.16257359617504,4.431284872517923,1.012,0.02292597344583082,1.012,0.0,0.022917651,4.5
3.762228521908562,0.016805061598774273,4.5,481.87989632213055,4.430274916162333,1.0130000000000001,0.02292597342238786,1.0130000000000001,0.0,0.022917651,4.5
3.762466144466679,0.01918528917897285,4.5,482.60490959949385,4.42925910949273,1.014,0.022925973400457916,1.014,0.0,0.022917651,4.5
3.7627036984097693,0.02156841588563565,4.5,483.3365789234931,4.428240128999535,1.0150000000000003,0.022925973378415572,1.0150000000000001,0.0,0.022917651,4.5
3.7629410513465484,0.023955885660555284,4.5,484.0763556990454,4.427215992539839,1.016,0.02292597335697521,1.016,0.0,0.022917651,4.5
3.763178336308502,0.02634628648637576,4.5,484.8229165076183,4.426188653222129,1.0170000000000001,0.022925973335389968,1.0170000000000001,0.0,0.022917651,4.5
3.763415338936173,0.02874096444040251,4.5,485.5777094958212,4.425155912342319,1.0180000000000002,0.022925973315757017,1.018,0.0,0.022917651,4.5
3.7636522342752494,0.031138823413645926,4.5,486.339655546877,4.424119562002521,1.0190000000000003,0.02292597329623937,1.0190000000000001,0.0,0.022917651,4.5
3.763889094642808,0.03354215101818333,4.5,487.10986566020244,4.42307760117927,1.0200000000000002,0.022925973271344876,1.02,0.0,0.022917651,4.5
3.764125888830342,0.03594930009122258,4.5,487.8876064467243,4.422031553278081,1.0210000000000001,0.022925973244706,1.0210000000000001,0.0,0.022917651,4.5
3.7643623863082096,0.038361063138171135,4.5,488.67370399310283,4.420979710459934,1.022,0.022925973220543454,1.022,0.0,0.022917651,4.5
3.7645986999302656,0.04077664498140785,4.5,489.4676622125376,4.419923316465307,1.0230000000000004,0.022925973197458045,1.0230000000000001,0.0,0.022917651,4.5
3.764834767166243,0.043196611784536564,4.5,490.27010444517583,4.41886154580488,1.024,0.022925973177897078,1.024,0.0,0.022917651,4.5
3.7650706520661603,0.045620459810779244,4.5,491.08068602748097,4.417795160865413,1.0250000000000001,0.02292597316052848,1.025,0.0,0.022917651,4.5
3.76530632522861,0.04804886456870808,4.5,491.8998890999651,4.416723373619662,1.0260000000000002,0.02292597314138516,1.026,0.0,0.022917651,4.5
3.765541831315278,0.050481340254706866,4.5,492.7274320306655,4.415646847987066,1.027,0.022925973120923187,1.027,0.0,0.022917651,4.5
3.765777117425277,0.05291856108605888,4.5,493.56384930651086,4.4145647026460155,1.028,0.02292597309494226,1.028,0.0,0.022917651,4.5
3.7660122371428613,0.055359937380421935,4.5,494.40879738499945,4.41347773937274,1.0290000000000001,0.022925973065794254,1.029,0.0,0.022917651,4.5
3.7662472604588197,0.05780660535529766,4.5,495.2630599470158,4.412385087083891,1.03,0.022925973041160088,1.03,0.0,0.022917651,4.5
3.7664821810268423,0.06025754881846048,4.5,496.1260642885861,4.411287742880445,1.031,0.022925973018534232,1.031,0.0,0.022917651,4.5
3.7667168480804003,0.06271324462025034,4.5,496.99866367845306,4.410184646312185,1.032,0.022925972996943225,1.032,0.0,0.022917651,4.5
3.766951356791472,0.06517278917952861,4.5,497.8800378243873,4.409077072186549,1.033,0.022925972975528678,1.033,0.0,0.022917651,4.5
3.7671854505808002,0.06763778254767991,4.5,498.77148972755094,4.407962379821491,1.0340000000000003,0.02292597294800439,1.034,0.0,0.022917651,4.5
3.7674193813156376,0.07010656448135827,4.5,499.67175598292994,4.406843244835644,1.035,0.022925972919443798,1.035,0.0,0.022917651,4.5
3.7676529224726663,0.07258112036326857,4.5,500.5826984988128,4.405716777796383,1.036,0.02292597289482227,1.036,0.0,0.022917651,4.5
3.7678862589760063,0.07505955410293882,4.5,501.50273369360264,4.404585614655167,1.037,0.022925972870472572,1.037,0.0,0.022917651,4.5
3.7681189914545157,0.07754345312347415,4.5,502.4333415902147,4.403446570727937,1.0380000000000003,0.02292597284818987,1.038,0.0,0.022917651,4.5
3.768351041044554,0.08003168115046194,4.5,503.37359214445405,4.402300466051772,1.039,0.022925972823890455,1.039,0.0,0.022917651,4.5
3.7685818912585,0.082524968468887,4.5,504.32421754994306,4.401144504983299,1.04,0.022925972795966636,1.04,0.0,0.022917651,4.5
3.768812259291712,0.08502286051227888,4.5,505.2851727214715,4.399982012446031,1.041,0.022925972768629493,1.041,0.0,0.022917651,4.5
3.769042212585878,0.08752524386070573,4.5,506.25641050856734,4.398813370870401,1.0420000000000003,0.02292597274173417,1.042,0.0,0.022917651,4.5
3.769271878590289,0.0900335268895185,4.5,507.23890494503445,4.397637677820415,1.043,0.022925972716706468,1.043,0.0,0.022917651,4.5
3.7695013802108805,0.0925463056691282,4.5,508.2316281993477,4.396456831109928,1.044,0.022925972691994825,1.044,0.0,0.022917651,4.5
3.7697304162613325,0.09506578523284011,4.5,509.2363642910077,4.3952674273682275,1.0450000000000002,0.022925972665904713,1.045,0.0,0.022917651,4.5
3.7699591846551446,0.09758967779921306,4.5,510.2518650537661,4.394072539282046,1.046,0.022925972641472718,1.046,0.0,0.022917651,4.5
3.7701874811834215,0.10011865098807092,4.5,511.2792553319016,4.39287068119626,1.047,0.022925972620102854,1.047,0.0,0.022917651,4.5
3.7704147048827616,0.10265311920414744,4.5,512.3185057875726,4.391659031500515,1.048,0.022925972597085426,1.048,0.0,0.022917651,4.5
3.770641184084599,0.10519248860749118,4.5,513.3691277322224,4.390439499509466,1.049,0.022925972572916706,1.049,0.0,0.022917651,4.5
3.770867259537267,0.10773840137118482,4.5,514.4326122867751,4.389211818359421,1.0500000000000003,0.022925972540693142,1.05,0.0,0.022917651,4.5
3.7710930214377796,0.11028923147270726,4.5,515.5076618212439,4.387977964479851,1.051,0.022925972510520743,1.051,0.0,0.022917651,4.5
3.7713183205576737,0.11284590720537703,4.5,516.5953353091988,4.386736409185409,1.052,0.022925972485888107,1.052,0.0,0.022917651,4.5
3.771543228707349,0.11540849433047419,4.5,517.6957859708417,4.38548738034365,1.0530000000000002,0.022925972456315256,1.053,0.0,0.022917651,4.5
3.7717678193585202,0.1179762892462393,4.5,518.8084671909477,4.384231874915806,1.054,0.022925972424816515,1.054,0.0,0.022917651,4.5
3.7719919327225284,0.12055099186635089,4.5,519.9352157309165,4.382967557415625,1.055,0.022925972398546355,1.055,0.0,0.022917651,4.5
3.7722156057696643,0.12313103901213951,4.5,521.0748290347726,4.3816961324398225,1.056,0.02292597237090585,1.056,0.0,0.022917651,4.5
3.7724388200880608,0.12571652417860799,4.5,522.227564085475,4.380417432781248,1.057,0.0229259723418994,1.057,0.0,0.022917651,4.5
3.7726613491943355,0.12830818582951822,4.5,523.3948862113405,4.379129807875474,1.0580000000000003,0.02292597231183507,1.058,0.0,0.022917651,4.5
3.772883497582089,0.13090531347440432,4.5,524.5756235814519,4.377835198167378,1.059,0.02292597228315156,1.059,0.0,0.022917651,4.5
3.7731052283010573,0.1335084211308493,4.5,525.7704618093096,4.37653294552245,1.06,0.022925972256777578,1.06,0.0,0.022917651,4.5
3.7733263941471393,0.13611838993358835,4.5,526.9803005125408,4.375221562282282,1.061,0.022925972224024288,1.061,0.0,0.022917651,4.5
3.7735470679285683,0.138734111746861,4.5,528.2042783124131,4.373902458662047,1.062,0.022925972192753004,1.062,0.0,0.022917651,4.5
3.773767146169618,0.1413559818363232,4.5,529.4430671760766,4.372574829464732,1.063,0.022925972165757983,1.063,0.0,0.022917651,4.5
3.7739865831210215,0.143984421900961,4.5,530.6977799992696,4.371238068347302,1.064,0.022925972133466203,1.064,0.0,0.022917651,4.5
3.7742055084515704,0.14661880570046626,4.5,531.9676066465767,4.369893310582088,1.065,0.022925972105738664,1.065,0.0,0.022917651,4.5
3.774423882846826,0.14925936481996668,4.5,533.2530092933434,4.3685401641323605,1.0660000000000003,0.02292597208580225,1.066,0.0,0.022917651,4.5
3.7746415563831754,0.1519071661333206,4.5,534.5555142061534,4.367176988170152,1.067,0.022925972059656526,1.067,0.0,0.022917651,4.5
3.774858686023404,0.15456074026980035,4.5,535.8740063441902,4.3658058658781504,1.068,0.02292597203039668,1.068,0.0,0.022917651,4.5
3.7750752551063442,0.15722021628604688,4.5,537.2087883245562,4.364426599003204,1.069,0.022925971998295384,1.069,0.0,0.022917651,4.5
3.775291106052178,0.15988687739925928,4.5,538.5612033814241,4.363037256876593,1.07,0.02292597196425417,1.07,0.0,0.022917651,4.5
3.7755060664358493,0.16255980743196358,4.5,539.9313053407781,4.361638096001741,1.071,0.022925971933944713,1.071,0.0,0.022917651,4.5
3.7757202703506363,0.16523887754268846,4.5,541.3187945840201,4.360229771765387,1.072,0.02292597190391733,1.072,0.0,0.022917651,4.5
3.7759337474938484,0.16792429113448282,4.5,542.7239912677558,4.3588121919102045,1.073,0.022925971872006932,1.073,0.0,0.022917651,4.5
3.776146364292023,0.17061770741287172,4.5,544.1487042230674,4.357383174951768,1.074,0.022925971839899143,1.074,0.0,0.022917651,4.5
3.7763582226707477,0.17331740684616612,4.5,545.5919415663437,4.35594483476888,1.075,0.022925971805992994,1.075,0.0,0.022917651,4.5
3.776569305244733,0.1760234236958124,4.5,547.054117961912,4.354497073622611,1.076,0.022925971772598256,1.076,0.0,0.022917651,4.5
3.7767795937182718,0.17873585289517355,4.5,548.5357617404062,4.353039731744799,1.077,0.022925971742450826,1.077,0.0,0.022917651,4.5
3.776988551338278,0.18145570322561194,4.5,550.0387981159098,4.351569636386037,1.078,0.02292597170946247,1.078,0.0,0.022917651,4.5
3.7771965839841224,0.18418177746829484,4.5,551.562075429552,4.3500896186827696,1.079,0.022925971676505764,1.079,0.0,0.022917651,4.5
3.7774037914917575,0.1869144128302969,4.5,553.1061165385606,4.348599736192977,1.08,0.022925971642566347,1.08,0.0,0.022917651,4.5
3.77761015186922,0.1896538531048319,4.5,554.6714939326845,4.34709965516476,1.081,0.022925971607589062,1.081,0.0,0.022917651,4.5
3.7778147674463214,0.19240022385648883,4.5,556.2598754646519,4.345585674441564,1.082,0.022925971576047158,1.082,0.0,0.022917651,4.5
3.7780182487821117,0.19515240927725047,4.5,557.8715507912275,4.344061355572015,1.083,0.02292597154093969,1.083,0.0,0.022917651,4.5
3.7782206232166793,0.19791119647192615,4.5,559.5060974882344,4.3425259969520225,1.0839999999999999,0.022925971507344465,1.084,0.0,0.022917651,4.5
3.7784217616754154,0.20067688114248453,4.5,561.16413996705,4.340978790656867,1.0850000000000002,0.022925971473646365,1.085,0.0,0.022917651,4.5
3.7786215612636136,0.2034492888572851,4.5,562.8463735385062,4.339419509201294,1.086,0.022925971440021228,1.086,0.0,0.022917651,4.5
3.778819980273751,0.20622768601243419,4.5,564.5538554266884,4.337848703218555,1.087,0.022925971421859263,1.087,0.0,0.022917651,4.5
3.779016993923861,0.20901280905248787,4.5,566.2878311734752,4.336265574980337,1.0880000000000003,0.02292597139176868,1.088,0.0,0.022917651,4.5
3.7792127631479504,0.2118045273777163,4.5,568.0484344836825,4.334670861962483,1.0890000000000002,0.022925971357513536,1.089,0.0,0.022917651,4.5
3.7794072031365373,0.2146023893091338,4.5,569.8362743898755,4.333064683855934,1.09,0.02292597132269639,1.09,0.0,0.022917651,4.5
3.779600183431984,0.21740579059708023,4.5,571.6520320270031,4.331447123876538,1.0910000000000002,0.022925971287697047,1.091,0.0,0.022917651,4.5
3.7797916075326103,0.2202145534584068,4.5,573.4964633896832,4.329817971873393,1.092,0.022925971251762493,1.092,0.0,0.022917651,4.5
3.779981558648025,0.22302998717697842,4.5,575.3702473782129,4.32817627533001,1.093,0.02292597121710772,1.093,0.0,0.022917651,4.5
3.780169978466221,0.22585125627194486,4.5,577.2760479183612,4.326522627011607,1.0940000000000003,0.022925971180577057,1.094,0.0,0.022917651,4.5
3.7803567300358365,0.22867792702140508,4.5,579.2135425318435,4.324856875964523,1.095,0.0229259711450567,1.095,0.0,0.022917651,4.5
3.7805416755482564,0.23151025229475752,4.5,581.1834237194614,4.3231782651004576,1.0960000000000003,0.022925971108606127,1.096,0.0,0.022917651,4.5
3.7807248647459795,0.23434755772960478,4.5,583.1866472885544,4.321487641811753,1.097,0.02292597107202899,1.097,0.0,0.022917651,4.5
3.780906282510523,0.23718982970479455,4.5,585.224338016599,4.319784971873715,1.098,0.022925971035396064,1.098,0.0,0.022917651,4.5
3.781085693139706,0.24003647808960865,4.5,587.2977258724486,4.3180699073334265,1.0990000000000002,0.02292597099847308,1.099,0.0,0.022917651,4.5
3.781262854135507,0.2428864512122844,4.5,589.4078429252464,4.3163425006726985,1.1000000000000003,0.022925970961393084,1.1,0.0,0.022917651,4.5
3.7812247250826445,0.24481626427596664,4.5,590.7005296535738,4.314638056924418,1.101,0.022925970946636266,1.101,0.0,0.022917651,4.5
3.7811877644708742,0.2467482588731164,4.5,591.9903385478312,4.312936106234887,1.102,0.022925970931665006,1.102,0.0,0.022917651,4.5
3.7811521640856487,0.2486824673122557,4.5,593.2755705288358,4.311237382814297,1.103,0.022925970916506166,1.103,0.0,0.022917651,4.5
3.7811179921585207,0.25061889981357705,4.5,594.5556664703743,4.309542149160909,1.1040000000000005,0.02292597090114864,1.104,0.0,0.022917651,4.5
3.7810852605090233,0.252557574779702,4.5,595.8305838751645,4.307850434150202,1.1050000000000002,0.022925970885590768,1.105,0.0,0.022917651,4.5
3.7810539810874473,0.2544985108168413,4.5,597.100279775781,4.3061622669771085,1.106,0.02292597086983089,1.106,0.0,0.022917651,4.5
3.78102407876494,0.25644169501417136,4.5,598.3653064730179,4.304477358530942,1.107,0.022925970853780942,1.107,0.0,0.022917651,4.5
3.780995406829982,0.25838714192759116,4.5,599.6266467891309,4.302795104701794,1.1080000000000003,0.02292597083721933,1.108,0.0,0.022917651,4.5
3.78096822575306,0.2603349920090184,4.5,600.8825240334189,4.301116411238413,1.1090000000000002,0.022925970820353702,1.109,0.0,0.022917651,4.5
3.7809425470990057,0.26228526390022594,4.5,602.1328958279311,4.299441305759147,1.1100000000000003,0.022925970803181712,1.11,0.0,0.022917651,4.5
3.780918382552577,0.2642379764362945,4.5,603.3777193552676,4.297769816168735,1.111,0.022925970785700973,1.111,0.0,0.022917651,4.5
3.7808957439200106,0.26619314864812826,4.5,604.6169513528724,4.2961019706620345,1.112,0.022925970767909077,1.112,0.0,0.022917651,4.5
3.7808744404232297,0.2681514195813082,4.5,605.852779166887,4.2944363729640385,1.113,0.02292597075032635,1.113,0.0,0.022917651,4.5
3.780854661256883,0.2701123635941207,4.5,607.0832350339406,4.292774200283407,1.114,0.022925970732590874,1.114,0.0,0.022917651,4.5
3.7808364471728804,0.2720759187065546,4.5,608.3079596096574,4.291115676765609,1.115,0.022925970714632968,1.115,0.0,0.022917651,4.5
3.7808198101906876,0.27404210497124565,4.5,609.5269088790598,4.289460830435362,1.1160000000000003,0.022925970696450925,1.116,0.0,0.022917651,4.5
3.780804762453162,0.2760109426466875,4.5,610.7400383753127,4.287809689605084,1.117,0.02292597067804301,1.117,0.0,0.022917651,4.5
3.7807911279589317,0.27798140394201964,4.5,611.9505993349238,4.286162575263342,1.1180000000000003,0.022925970659443597,1.118,0.0,0.022917651,4.5
3.7807789912727006,0.27995379265607145,4.5,613.1574428000856,4.284519523173094,1.1190000000000002,0.022925970640641564,1.119,0.0,0.022917651,4.5
3.780768473496955,0.2819287073099654,4.5,614.3586561949154,4.282880420893134,1.1200000000000003,0.022925970621615346,1.12,0.0,0.022917651,4.5
3.7807595869554382,0.28390616713208683,4.5,615.5541966612393,4.28124529849088,1.1210000000000002,0.022925970602363253,1.121,0.0,0.022917651,4.5
3.780752344097297,0.28588619154648454,4.5,616.7440209047747,4.279614186339698,1.122,0.022925970582883544,1.122,0.0,0.022917651,4.5
3.7807466448318823,0.2878685695274798,4.5,617.9300377811848,4.277986897352915,1.123,0.022925970562520624,1.123,0.0,0.022917651,4.5
3.7807425187725427,0.2898532996103365,4.5,619.1121421807209,4.276363551083094,1.124,0.022925970541231522,1.124,0.0,0.022917651,4.5
3.78074008646821,0.2918406039129341,4.5,620.288504459864,4.27474440545798,1.125,0.02292597051959156,1.125,0.0,0.022917651,4.5
3.7807393615195823,0.29383050310602155,4.5,621.4590785099151,4.273129494208365,1.1260000000000003,0.022925970497597932,1.1260000000000001,0.0,0.022917651,4.5
3.7807403576733623,0.2958230180822523,4.5,622.6238177271845,4.271518851427149,1.127,0.02292597047524779,1.127,0.0,0.022917651,4.5
3.780742924644582,0.29781953328587396,4.5,623.7847209702737,4.269910489002309,1.1280000000000003,0.022925970454262947,1.1280000000000001,0.0,0.022917651,4.5
3.7807470945707693,0.2998199627523638,4.5,624.9414905467141,4.268304622051289,1.129,0.022925970434529257,1.129,0.0,0.022917651,4.5
3.7807530131230873,0.3018232388149239,4.5,626.0924229309526,4.266702903061782,1.1300000000000001,0.022925970414675433,1.1300000000000001,0.0,0.022917651,4.5
3.780760693282429,0.3038293826052055,4.5,627.2374747907029,4.265105362826099,1.131,0.022925970394700578,1.131,0.0,0.022917651,4.5
3.7807701481584908,0.305838415464541,4.5,628.3766023637137,4.263512032442094,1.1320000000000001,0.022925970374603796,1.1320000000000001,0.0,0.022917651,4.5
3.7807812107939265,0.30784996901849143,4.5,629.5115519138081,4.261922614828993,1.133,0.02292597035438703,1.133,0.0,0.022917651,4.5
3.780793980400719,0.3098642191509873,4.5,630.6413967620542,4.260337329827467,1.1340000000000001,0.022925970334048345,1.1340000000000001,0.0,0.022917651,4.5
3.7808085577208272,0.31188137028335683,4.5,631.7652170929572,4.258756374832785,1.135,0.02292597031358552,1.135,0.0,0.022917651,4.5
3.78082495600495,0.3139014436801867,4.5,632.8829687462718,4.257179781584277,1.1360000000000003,0.022925970292997633,1.1360000000000001,0.0,0.022917651,4.5
3.7808431886336074,0.3159244608143993,4.5,633.9946071290976,4.2556075821322406,1.1370000000000002,0.022925970272283776,1.137,0.0,0.022917651,4.5
3.7808631511996933,0.3179504318600774,4.5,635.1023757194001,4.254039347591203,1.1380000000000001,0.022925970247465753,1.1380000000000001,0.0,0.022917651,4.5
3.780884971634939,0.31997937082764305,4.5,636.2042094423815,4.252475576305196,1.139,0.02292597022181566,1.139,0.0,0.022917651,4.5
3.7809086783410555,0.32201130057455324,4.5,637.2997963959227,4.25091635912963,1.1400000000000003,0.022925970195778026,1.1400000000000001,0.0,0.022917651,4.5
3.780934285669981,0.32404624385654274,4.5,638.3890890506606,4.249361730715052,1.141,0.022925970169349906,1.141,0.0,0.022917651,4.5
3.7809617371797963,0.32608404326006196,4.5,639.472653750491,4.2478116228046465,1.1420000000000001,0.022925970143709888,1.1420000000000001,0.0,0.022917651,4.5
3.7809908854197287,0.3281242906331978,4.5,640.5518433522029,4.246265854073992,1.143,0.022925970121672017,1.143,0.0,0.022917651,4.5
3.7810219734047674,0.3301675780123733,4.5,641.6246295442555,4.244724804291273,1.1440000000000003,0.02292597009950152,1.1440000000000001,0.0,0.022917651,4.5
3.7810550157046947,0.3322139282316331,4.5,642.6909642294587,4.24318850890138,1.145,0.022925970077197395,1.145,0.0,0.022917651,4.5
3.781090027035575,0.3342633643542788,4.5,643.7507988277243,4.241657003705065,1.1460000000000001,0.022925970054758636,1.1460000000000001,0.0,0.022917651,4.5
3.7811268313278883,0.3363158539305374,4.5,644.805949201527,4.24012961747295,1.1469999999999998,0.022925970032189002,1.147,0.0,0.022917651,4.5
3.7811655376715723,0.33837143444333023,4.5,645.8554395829306,4.238606748780878,1.1480000000000001,0.022925970009485527,1.1480000000000001,0.0,0.022917651,4.5
3.781206252402214,0.3404301531891781,4.5,646.8983261495341,4.2370887753863995,1.149,0.022925969986645006,1.149,0.0,0.022917651,4.5
3.781248990484769,0.3424920335517829,4.5,647.9345596947853,4.235575733765509,1.1500000000000001,0.022925969963666408,1.1500000000000001,0.0,0.022917651,4.5
3.7812936943582707,0.34455697464045093,4.5,648.9646747613651,4.234067493789266,1.151,0.022925969940236386,1.151,0.0,0.022917651,4.5
3.7813401600292935,0.34662460542499873,4.5,649.9903623843811,4.232563608306095,1.1520000000000001,0.022925969915433816,1.1520000000000001,0.0,0.022917651,4.5
3.781388683998033,0.3486954186606111,4.5,651.0092965995277,4.231064773652896,1.1530000000000002,0.022925969890481613,1.153,0.0,0.022917651,4.5
3.781439281395301,0.35076943774189867,4.5,652.0214277616279,4.2295710269589755,1.154,0.022925969865378676,1.154,0.0,0.022917651,4.5
3.781491967500581,0.35284668629333826,4.5,653.026705737713,4.228082405718453,1.155,0.0229259698401239,1.155,0.0,0.022917651,4.5
3.781546439905801,0.3549266433653228,4.5,654.0275200412891,4.226598224336308,1.156,0.022925969812181212,1.156,0.0,0.022917651,4.5
3.781602947300103,0.35700970483159644,4.5,655.0219958242368,4.2251190791513995,1.157,0.02292596978348989,1.157,0.0,0.022917651,4.5
3.78166157716789,0.3590960149823338,4.5,656.0095252883449,4.223645175080427,1.158,0.02292596975463287,1.158,0.0,0.022917651,4.5
3.781722344926349,0.36118559741527567,4.5,656.9900579770589,4.222176550193706,1.159,0.02292596972560896,1.159,0.0,0.022917651,4.5
3.781785025852323,0.3632780037296902,4.5,657.9650148558017,4.220712755277743,1.1600000000000001,0.02292596970069918,1.16,0.0,0.022917651,4.5
3.78184961812638,0.36537320586587024,4.5,658.9344148096219,4.2192538113382865,1.161,0.022925969680083324,1.161,0.0,0.022917651,4.5
3.7819163756290894,0.36747168998818897,4.5,659.8967338765885,4.217800246508237,1.1620000000000001,0.022925969659465133,1.162,0.0,0.022917651,4.5
3.7819853136877146,0.3695734793292337,4.5,660.851921932384,4.2163520988653405,1.163,0.02292596963884459,1.163,0.0,0.022917651,4.5
3.782055910638244,0.37168064652682775,4.5,661.7997201392371,4.214905207678848,1.164,0.022925969616847532,1.164,0.0,0.022917651,4.5
3.7821269926371914,0.3737975356877473,4.5,662.7397265748946,4.213450530314214,1.1650000000000003,0.022925969590527364,1.165,0.0,0.022917651,4.5
3.7822001621657324,0.3759179700248538,4.5,663.6725821685392,4.212000657758174,1.166,0.02292596956400923,1.166,0.0,0.022917651,4.5
3.7822754307020485,0.3780419690311301,4.5,664.5982476016084,4.210555616429739,1.167,0.022925969537292035,1.167,0.0,0.022917651,4.5
3.7823528098086245,0.38016955234272787,4.5,665.5166832667538,4.209115432941959,1.168,0.022925969510374684,1.168,0.0,0.022917651,4.5
3.7824277516125853,0.38229292461939995,4.5,666.4241779259598,4.207669710033552,1.1690000000000003,0.02292596948326294,1.169,0.0,0.022917651,4.5
3.7825042597477867,0.3844189201522814,4.5,667.3243573180488,4.2062276291812974,1.1700000000000002,0.022925969455961027,1.17,0.0,0.022917651,4.5
3.7825826383815637,0.38654805921478275,4.5,668.2174575169554,4.2047898868625815,1.171,0.022925969428468345,1.171,0.0,0.022917651,4.5
3.782662892545358,0.3886803502626621,4.5,669.1034594804055,4.203356494747596,1.172,0.02292596940078437,1.172,0.0,0.022917651,4.5
3.7827465936883127,0.3908143851245448,4.5,669.9874701858038,4.201935149614259,1.173,0.022925969375406113,1.173,0.0,0.022917651,4.5
3.782834572560783,0.3929496047560958,4.5,670.8716370397826,4.200529734755793,1.174,0.022925969353526816,1.174,0.0,0.022917651,4.5
3.7829246660752633,0.3950880629164484,4.5,671.7485956769377,4.1991295400693875,1.175,0.022925969331631445,1.175,0.0,0.022917651,4.5
3.7830168846221963,0.39722977551834276,4.5,672.6183106791834,4.197734591204732,1.176,0.022925969309719928,1.176,0.0,0.022917651,4.5
3.7831111883323967,0.3993743901926831,4.5,673.4811839298973,4.196345080533266,1.177,0.02292596928712855,1.177,0.0,0.022917651,4.5
3.783207353370833,0.40152014945455655,4.5,674.3392473004548,4.194961867618218,1.178,0.022925969260674674,1.178,0.0,0.022917651,4.5
3.7833056773286287,0.403669127006589,4.5,675.1899921180159,4.193584071982138,1.179,0.02292596923407402,1.179,0.0,0.022917651,4.5
3.783406170856808,0.40582133872620735,4.5,676.0333822765148,4.19221172035116,1.1800000000000002,0.022925969207325876,1.18,0.0,0.022917651,4.5
3.783508844676573,0.4079768005954536,4.5,676.8693814319894,4.190844839627515,1.181,0.022925969180429506,1.181,0.0,0.022917651,4.5
3.783612905933405,0.410132775417573,4.5,677.7022273781372,4.189482995709791,1.182,0.022925969154002097,1.182,0.0,0.022917651,4.5
3.783719086684226,0.4122917497205992,4.5,678.5279900905778,4.188126630273703,1.183,0.02292596912748176,1.183,0.0,0.022917651,4.5
3.78382744608017,0.41445390599094606,4.5,679.3463730412348,4.186775797432495,1.184,0.022925969100830085,1.184,0.0,0.022917651,4.5
3.7839379944280838,0.4166192592820312,4.5,680.1573413175469,4.185430523360056,1.1850000000000003,0.02292596907404645,1.185,0.0,0.022917651,4.5
3.7840500136018416,0.4187859208317537,4.5,680.9645513986337,4.184089823056003,1.186,0.022925969050459374,1.186,0.0,0.022917651,4.5
3.784163980472433,0.420955113758742,4.5,681.7655691106935,4.182754381700347,1.187,0.022925969027901012,1.187,0.0,0.022917651,4.5
3.7842801325882043,0.4231274458512218,4.5,682.5592023916881,4.181424542092507,1.188,0.02292596900532555,1.188,0.0,0.022917651,4.5
3.784398479741664,0.42530293117640566,4.5,683.3454181505435,4.180100329335006,1.1890000000000003,0.02292596898273291,1.189,0.0,0.022917651,4.5
3.7845183096481256,0.4274797619323191,4.5,684.1272049119868,4.178780701742294,1.19,0.02292596895701776,1.19,0.0,0.022917651,4.5
3.7846398242808146,0.42965843472120496,4.5,684.9036971347991,4.177465970784235,1.1910000000000003,0.022925968929057742,1.191,0.0,0.022917651,4.5
3.7847635173382734,0.43184018448101447,4.5,685.6728290418366,4.176156876573029,1.192,0.02292596890094923,1.192,0.0,0.022917651,4.5
3.784889397866456,0.4340250239889321,4.5,686.4345700692398,4.1748534425153805,1.1930000000000003,0.02292596887269159,1.193,0.0,0.022917651,4.5
3.785016999169396,0.43621141660646107,4.5,687.191335472706,4.1735553395511955,1.1940000000000002,0.02292596884526953,1.194,0.0,0.022917651,4.5
3.785146161962607,0.4383988316834881,4.5,687.9439249782005,4.172262461497961,1.195,0.02292596881901359,1.195,0.0,0.022917651,4.5
3.785277500572558,0.44058925574562685,4.5,688.6891817626004,4.170975277723364,1.1960000000000002,0.02292596879266206,1.196,0.0,0.022917651,4.5
3.7854110235072773,0.44278270055882135,4.5,689.4270771529892,4.169693810493569,1.197,0.02292596876621457,1.197,0.0,0.022917651,4.5
3.7855462818904133,0.44497792535447833,4.5,690.1593079729655,4.168417506494708,1.198,0.022925968740218638,1.198,0.0,0.022917651,4.5
3.7856825752819763,0.4471730072246795,4.5,690.8885008286384,4.167145489061735,1.199,0.022925968715508206,1.199,0.0,0.022917651,4.5
3.7858210214927728,0.44937100007046127,4.5,691.6104312796926,4.165879172074006,1.2,0.022925968690745254,1.2,0.0,0.022917651,4.5
3.785743955755938,0.45107833126962604,4.5,692.6697708471066,4.164211191599175,1.201,0.022925968673648135,1.201,0.0,0.022917651,4.5
3.7856648496874934,0.4527832317001389,4.5,693.7366264343106,4.162537483120506,1.202,0.022925968657451796,1.202,0.0,0.022917651,4.5
3.7855830243161073,0.4544841400894192,4.5,694.8139443085016,4.16085689392602,1.203,0.022925968642917502,1.203,0.0,0.022917651,4.5
3.785499941438563,0.45618500217901925,4.5,695.8961059734373,4.159171320948186,1.2040000000000002,0.02292596862830611,1.204,0.0,0.022917651,4.5
3.7854147976563755,0.4578829508442176,4.5,696.9871860685098,4.157480419342793,1.205,0.02292596861529972,1.205,0.0,0.022917651,4.5
3.7853273518836645,0.45957696203881404,4.5,698.0884347169787,4.155784249308152,1.2060000000000002,0.022925968604445044,1.206,0.0,0.022917651,4.5
3.785238574934852,0.46127053557817616,4.5,699.1949043824584,4.154083192267199,1.207,0.022925968593664806,1.207,0.0,0.022917651,4.5
3.785147180007443,0.4629604404307164,4.5,700.312011149816,4.152375331450504,1.2080000000000002,0.02292596857749268,1.208,0.0,0.022917651,4.5
3.785053656055328,0.4646479440592537,4.5,701.4377603454462,4.150661355285528,1.2089999999999999,0.022925968557981298,1.209,0.0,0.022917651,4.5
3.7849587670828666,0.46633501749677736,4.5,702.5689462717986,4.148942349080374,1.2100000000000002,0.022925968538454758,1.21,0.0,0.022917651,4.5
3.784860927161843,0.46801738086527167,4.5,703.713263535078,4.1472162475252405,1.211,0.0229259685251861,1.211,0.0,0.022917651,4.5
3.7847614977917394,0.46969876004001787,4.5,704.8640983368721,4.145484772256864,1.2120000000000002,0.02292596851258987,1.212,0.0,0.022917651,4.5
3.7846602483526395,0.4713783301366808,4.5,706.0225747248514,4.14374782605037,1.213,0.02292596850013644,1.213,0.0,0.022917651,4.5
3.7845562434272035,0.47305307648339623,4.5,707.1932760829612,4.14200468221843,1.2140000000000002,0.022925968488407254,1.214,0.0,0.022917651,4.5
3.784450802863289,0.474727399261592,4.5,708.3697316501812,4.140256219371995,1.215,0.02292596847653423,1.215,0.0,0.022917651,4.5
3.7843436008707836,0.4763978987194419,4.5,709.5553827760491,4.138504528881269,1.2160000000000002,0.022925968459221614,1.216,0.0,0.022917651,4.5
3.784234769174281,0.4780662074854262,4.5,710.7486895880779,4.13674850770848,1.217,0.022925968439116887,1.217,0.0,0.022917651,4.5
3.784125873615157,0.4797337250212549,4.5,711.9494294852548,4.134993023812056,1.2180000000000002,0.02292596842076652,1.218,0.0,0.022917651,4.5
3.7840247585089575,0.48139842358305657,4.5,713.1655577597967,4.133271489289811,1.2190000000000003,0.022925968414049626,1.219,0.0,0.022917651,4.5
3.7839220311436947,0.4830626791919005,4.5,714.3873536245048,4.131543948642251,1.2200000000000002,0.022925968407359172,1.22,0.0,0.022917651,4.5
3.7838101981211776,0.4847142076284525,4.5,715.6200642115473,4.129792713805935,1.221,0.022925968399693367,1.221,0.0,0.022917651,4.5
3.7836894419972724,0.48635345568528315,4.5,716.8639955719311,4.128018068134451,1.2220000000000002,0.022925968390876773,1.222,0.0,0.022917651,4.5
3.7835659890555586,0.48799423777901924,4.5,718.115298980853,4.1262310988622986,1.223,0.022925968380287074,1.223,0.0,0.022917651,4.5
3.7834329198848264,0.4896461331125081,4.5,719.3805658221061,4.12439453621038,1.2240000000000002,0.022925968358787158,1.224,0.0,0.022917651,4.5
3.783298258273841,0.49129762106943087,4.5,720.6523956038776,4.1225520112118605,1.225,0.022925968337284403,1.225,0.0,0.022917651,4.5
3.7831599405320024,0.4929450653669494,4.5,721.9370384268649,4.120698918826647,1.2260000000000002,0.022925968333227232,1.226,0.0,0.022917651,4.5
3.783019719926395,0.49459169372822676,4.5,723.2289938504342,4.118839032542198,1.227,0.022925968331086524,1.227,0.0,0.022917651,4.5
3.782876590794292,0.49623717469968087,4.5,724.5400255628729,4.116968657182964,1.2280000000000002,0.022925968323062876,1.228,0.0,0.022917651,4.5
3.7827312844754055,0.497882146510429,4.5,725.862959690329,4.115090081311619,1.229,0.022925968312694403,1.229,0.0,0.022917651,4.5
3.7825832635497494,0.49952228161674167,4.5,727.2010581730086,4.113205483287957,1.23,0.022925968300664522,1.23,0.0,0.022917651,4.5
3.7824328624407513,0.5011591114920133,4.5,728.5517714065222,4.111314669526217,1.231,0.022925968287549368,1.231,0.0,0.022917651,4.5
3.782280198148627,0.5027947672862575,4.5,729.9150875377782,4.109415978706645,1.2320000000000002,0.022925968276619763,1.232,0.0,0.022917651,4.5
3.7821253468342504,0.5044293817622307,4.5,731.2902936903558,4.107509582475255,1.233,0.0229259682676841,1.233,0.0,0.022917651,4.5
3.781968154775908,0.5060619368575189,4.5,732.6779906551342,4.1055958849959575,1.234,0.022925968267723456,1.234,0.0,0.022917651,4.5
3.7818086544413645,0.5076926224176644,4.5,734.0779466728197,4.103674825793294,1.235,0.022925968275697556,1.235,0.0,0.022917651,4.5
3.7816478313461643,0.5093228179234441,4.5,735.488278768971,4.101748956038793,1.236,0.022925968272417004,1.236,0.0,0.022917651,4.5
3.7814856057821995,0.5109525396784275,4.5,736.9089058471393,4.0998179419651235,1.237,0.02292596825926767,1.237,0.0,0.022917651,4.5
3.7813208608277167,0.5125800302602754,4.5,738.3434463173304,4.0978790890209424,1.2380000000000002,0.022925968248303813,1.238,0.0,0.022917651,4.5
3.7811537340514407,0.5142057962622234,4.5,739.7908757703841,4.095932439315039,1.239,0.022925968239224617,1.239,0.0,0.022917651,4.5
3.7809825506459473,0.5158378417094228,4.5,741.2632823192884,4.093963288355367,1.24,0.0229259682377246,1.24,0.0,0.022917651,4.5
3.780808225019073,0.5174733882240172,4.5,742.7540963589479,4.091978070219251,1.2410000000000003,0.022925968240138265,1.241,0.0,0.022917651,4.5
3.7806336261662037,0.5191086420695512,4.5,744.2604389398552,4.089992039882862,1.2420000000000002,0.022925968239901087,1.242,0.0,0.022917651,4.5
3.7804576618270245,0.5207436621285269,4.5,745.7777932858963,4.0880007774709775,1.2430000000000003,0.022925968238825537,1.243,0.0,0.022917651,4.5
3.78027966265117,0.5223690410116182,4.5,747.3443829216766,4.086011023627214,1.244,0.022925968238019012,1.244,0.0,0.022917651,4.5
3.7800997605633313,0.523993745158219,4.5,748.9261124481778,4.084014333552645,1.2450000000000003,0.022925968237424977,1.245,0.0,0.022917651,4.5
3.779916313034938,0.5256225146625713,4.5,750.5414580309415,4.081999393649831,1.246,0.022925968243780587,1.246,0.0,0.022917651,4.5
3.779730334218999,0.5272538916866709,4.5,752.1694065690448,4.0799717216662055,1.2470000000000003,0.022925968247885144,1.247,0.0,0.022917651,4.5
3.779540379863797,0.5288937416961113,4.5,753.8160239988937,4.0779196763046555,1.248,0.022925968245618385,1.248,0.0,0.022917651,4.5
3.7793462896038545,0.5305371559257319,4.5,755.474672268737,4.0758475218934755,1.249,0.02292596824792114,1.249,0.0,0.022917651,4.5
3.779147678698393,0.5321845499364827,4.5,757.1455991869351,4.073753303336809,1.25,0.022925968255204807,1.25,0.0,0.022917651,4.5
3.7789490970192254,0.5338446840302374,4.5,758.8336388674228,4.071646465593255,1.2510000000000003,0.02292596825697984,1.2510000000000001,0.0,0.022917651,4.5
3.77874944903415,0.5355106786988149,4.5,760.534848113266,4.0695295033788845,1.252,0.022925968257824798,1.252,0.0,0.022917651,4.5
3.778551534973934,0.5371955008738224,4.5,762.2553739252163,4.067400646858503,1.2530000000000001,0.022925968270690242,1.2530000000000001,0.0,0.022917651,4.5
3.7783536303796423,0.538889417544735,4.5,763.9892542896442,4.065262733278947,1.254,0.02292596828400093,1.254,0.0,0.022917651,4.5
3.7781571546791417,0.5405984136035429,4.5,765.7385414961302,4.063115455331778,1.2550000000000001,0.022925968298926392,1.2550000000000001,0.0,0.022917651,4.5
3.7779621959943968,0.5423308249286526,4.5,767.5261615616745,4.060950832699122,1.256,0.022925968308093746,1.256,0.0,0.022917651,4.5
3.777767314591111,0.5440774916983167,4.5,769.340578513773,4.058772265146778,1.2570000000000001,0.02292596831390889,1.2570000000000001,0.0,0.022917651,4.5
3.7775772708650845,0.5458727617538535,4.5,771.2034875068063,4.056564427276043,1.258,0.022925968319400213,1.258,0.0,0.022917651,4.5
3.7773881939410967,0.5476852750981769,4.5,773.0883488970181,4.054343216545966,1.2590000000000001,0.022925968325866,1.2590000000000001,0.0,0.022917651,4.5
3.7772054181031685,0.5495422146887659,4.5,775.0113492138674,4.052102800776819,1.26,0.02292596833754329,1.26,0.0,0.022917651,4.5
3.7770275383266108,0.5514368474688496,4.5,776.9522808693057,4.0498442747339976,1.2610000000000001,0.022925968342131384,1.2610000000000001,0.0,0.022917651,4.5
3.776855662157562,0.5533753597670352,4.5,778.9122552242911,4.047565882390366,1.262,0.022925968339114207,1.262,0.0,0.022917651,4.5
3.776695309034819,0.5553926958899241,4.5,780.9061596138528,4.045254754350116,1.2630000000000001,0.022925968332562465,1.2630000000000001,0.0,0.022917651,4.5
3.7765398014961007,0.5574503310248801,4.5,782.9227491312206,4.042922707838845,1.264,0.02292596832364157,1.264,0.0,0.022917651,4.5
3.776408027465368,0.5596491535470984,4.5,785.0134152786737,4.040544407224734,1.2650000000000001,0.022925968313467843,1.2650000000000001,0.0,0.022917651,4.5
3.776282774695456,0.5618947749179528,4.5,787.1269030970508,4.038145393554859,1.2660000000000002,0.02292596829938797,1.266,0.0,0.022917651,4.5
3.7761856836209913,0.5642990369528991,4.5,789.2642624347493,4.0357003933764615,1.2670000000000001,0.022925968266474687,1.2670000000000001,0.0,0.022917651,4.5
3.776105352034076,0.56680372710883,4.5,791.4280479080365,4.033221998689536,1.268,0.022925968233561404,1.268,0.0,0.022917651,4.5
3.77604831926271,0.5694431673169679,4.5,793.6218616775642,4.030702043385514,1.2690000000000001,0.022925968200648125,1.2690000000000001,0.0,0.022917651,4.5
3.7760356528643078,0.5723169631964494,4.5,795.9578520474446,4.028125213608553,1.27,0.022925968167734838,1.27,0.0,0.022917651,4.5
3.7760607659547443,0.5753853966827033,4.5,798.4394469667195,4.0255048548983305,1.2710000000000004,0.022925968134821555,1.2710000000000001,0.0,0.022917651,4.5
3.776139135898393,0.5787241352416215,4.5,801.1123362747428,4.022827211988222,1.272,0.022925968101908275,1.272,0.0,0.022917651,4.5
3.776289724335419,0.5824390904137161,4.5,804.0264330475459,4.0200622291609305,1.2730000000000001,0.022925968068994988,1.2730000000000001,0.0,0.022917651,4.5
3.7765342547538356,0.5866503976829857,4.5,807.3373044534947,4.017176658689667,1.274,0.022925968036081705,1.274,0.0,0.022917651,4.5
3.7769244446910353,0.5916345986272703,4.5,811.2961199682525,4.014100836464138,1.2750000000000001,0.022925968003168422,1.2750000000000001,0.0,0.022917651,4.5
3.7775387619529144,0.5977952873895586,4.5,816.2389562684539,4.0107450527034345,1.2760000000000002,0.02292596797025514,1.276,0.0,0.022917651,4.5
3.7784940148012485,0.6057284473503399,4.5,822.6361525503456,4.006980521957823,1.2770000000000001,0.02292596793734186,1.2770000000000001,0.0,0.022917651,4.5
3.780014579662239,0.6169590347653869,4.5,831.5993416711111,4.002179817192454,1.278,0.022925967904428576,1.278,0.0,0.022917651,4.5
3.7827438955376396,0.6351445967984131,4.5,845.8906448480874,3.9952591406744538,1.2790000000000001,0.02292596787151529,1.2790000000000001,0.0,0.022917651,4.5
3.789132540568207,0.6787200181575673,4.5,878.6636581353278,3.9775859130142055,1.2800000000000002,0.02292596783860201,1.28,0.0,0.022917651,4.5
3.7859911216220037,0.7257176523535417,4.5,887.6363446843174,3.9183702344052413,1.281,0.022925967805688726,1.281,0.0,0.022917651,4.5
3.7824224473300094,0.7288913110963664,4.5,892.7385675885154,3.901269489640064,1.282,0.022925967773419167,1.282,0.0,0.022917651,4.5
3.779982024969525,0.7311493454774569,4.5,898.1427372829208,3.889597388442759,1.2829999999999997,0.02292596776506615,1.283,0.0,0.022917651,4.5
3.7778928829607596,0.7327199885803964,4.5,903.8066271424462,3.880017805262889,1.284,0.0229259678665528,1.284,0.0,0.022917651,4.5
3.775891141791752,0.7339832572704705,4.5,909.5978928972406,3.8710951825886943,1.285,0.022925968118882648,1.285,0.0,0.022917651,4.5
3.77373991543637,0.7348005796999457,4.5,915.4616967648595,3.86202058304829,1.286,0.02292596874861072,1.286,0.0,0.022917651,4.5
3.771435490792952,0.7350193138895534,4.5,921.3852154065721,3.852931765623827,1.2869999999999997,0.022925969954044292,1.287,0.0,0.022917651,4.5
3.7687875827702633,0.7342792052385543,4.5,927.3499207738105,3.843427876500138,1.288,0.022925972682415717,1.288,0.0,0.022917651,4.5
3.76576766130796,0.7322064923460961,4.5,933.3559698270308,3.833768528051739,1.289,0.0229259785267651,1.289,0.0,0.022917651,4.5
3.7622018132638075,0.728271957340905,4.5,939.3902112649661,3.823787276239021,1.29,0.022925993415331188,1.29,0.0,0.022917651,4.5
3.75794485196253,0.7217017793932048,4.5,945.4384386993511,3.813677232842305,1.291,0.022926029547251658,1.291,0.0,0.022917651,4.5
3.752850786311463,0.7114994905246054,4.5,951.4612604147749,3.8038508839213,1.292,0.022926144391015507,1.292,0.0,0.022917651,4.5
3.74690040720108,0.6970554037611285,4.5,957.3766678742684,3.7948410642948036,1.2929999999999997,0.022926557153958846,1.293,0.0,0.022917651,4.5
3.740356758804623,0.6788978523315872,4.5,963.0851666446158,3.787171648600314,1.294,0.02292815337596086,1.294,0.0,0.022917651,4.5
3.7336406375526505,0.659383842357489,4.5,968.4702421919841,3.7801687859055524,1.295,0.022934568308290482,1.295,0.0,0.022917651,4.5
3.7272629286480274,0.6416776029776957,4.5,973.5534643760883,3.77271182534076,1.296,0.02295511307114683,1.296,0.0,0.022917651,4.5
3.721292256783302,0.6269917014636007,4.5,978.4985209250873,3.76386265991037,1.297,0.02299360114262076,1.297,0.0,0.022917651,4.5
3.7159476516705476,0.616446610093549,4.5,983.3912848123227,3.7533769420763767,1.298,0.02305028750840811,1.298,0.0,0.022917651,4.5
3.71138646464512,0.6108936981201233,4.5,988.2549016200747,3.741032745196449,1.299,0.023124614271987313,1.299,0.0,0.022917651,4.5
3.7075750899863222,0.6101048068984071,4.5,993.1017139585103,3.7269237446067103,1.3,0.023213779176327717,1.3,0.0,0.022917651,4.5
3.7055478097866943,0.6125991338689649,4.5,996.4799059836255,3.7166421468833573,1.3010000000000002,0.023288431925476853,1.301,0.0,0.022917651,4.5
3.7036921752491296,0.6164071397144343,4.5,999.8767528455553,3.7057334566108175,1.302,0.02338589838468428,1.302,0.0,0.022917651,4.5
3.7020330931280876,0.6216713595493251,4.5,1003.3100987583064,3.6941547319381915,1.303,0.02348998451769972,1.303,0.0,0.022917651,4.5
3.7005228813922724,0.628018433913683,4.5,1006.7880346690596,3.682088669129797,1.304,0.023607608352027194,1.304,0.0,0.022917651,4.5
3.6991511612645374,0.635452888509714,4.5,1010.3306756283467,3.669489183140061,1.3050000000000002,0.02374218443463416,1.305,0.0,0.022917651,4.5
3.697912180714459,0.6438650621428992,4.5,1013.948055903737,3.6564429198602806,1.306,0.023893260746056,1.306,0.0,0.022917651,4.5
3.696784944118443,0.6531785054287501,4.5,1017.6538943178722,3.6429423925577127,1.3070000000000002,0.024059860507989916,1.307,0.0,0.022917651,4.5
3.695731711187233,0.6633380827370444,4.5,1021.4630725015345,3.6288917282738775,1.308,0.0242553907731371,1.308,0.0,0.022917651,4.5
3.694760144108416,0.6743444454205356,4.5,1025.3888695427231,3.614320950182523,1.3090000000000002,0.02445908906027424,1.309,0.0,0.022917651,4.5
3.6938577712981386,0.6861223846589924,4.5,1029.4382496835024,3.599255375566848,1.3100000000000003,0.02471331681672863,1.31,0.0,0.022917651,4.5
3.6930201290315545,0.6986520793798036,4.5,1033.6312948867908,3.5836969478259544,1.3110000000000002,0.024958530900923752,1.311,0.0,0.022917651,4.5
3.6922451413167177,0.7118690521559962,4.5,1037.9855123605323,3.5677018639514673,1.312,0.025288591229250208,1.312,0.0,0.022917651,4.5
3.691516886664467,0.7257059951921833,4.5,1042.5104447660024,3.5512737525846103,1.3130000000000002,0.025618514898804796,1.313,0.0,0.022917651,4.5
3.69083239020471,0.740152457285293,4.5,1047.2214651094046,3.5344111431766465,1.314,0.025946911309146652,1.314,0.0,0.022917651,4.5
3.690163936402353,0.7552872708477752,4.5,1052.130009395288,3.5169243631090303,1.315,0.02635993184067441,1.315,0.0,0.022917651,4.5
3.689490736867056,0.7713920412973494,4.5,1057.2495848441865,3.498448628766261,1.3160000000000005,0.026785765798296897,1.316,0.0,0.022917651,4.5
3.6888285538699024,0.7884699343174627,4.5,1062.6125484683782,3.4790438664758767,1.317,0.02728374317416321,1.317,0.0,0.022917651,4.5
3.6881642935677372,0.806312039156643,4.5,1068.2359402314826,3.458866577787751,1.3180000000000003,0.027760668474809628,1.318,0.0,0.022917651,4.5
3.687512091866815,0.8249605345879971,4.5,1074.1677537442388,3.437931112003656,1.3190000000000002,0.02831369498777153,1.319,0.0,0.022917651,4.5
3.6868568850497225,0.8443946413549531,4.5,1080.4161821049322,3.4161980245428163,1.3200000000000003,0.028921412186412625,1.32,0.0,0.022917651,4.5
3.686193696167667,0.8647328718449921,4.5,1087.017642200663,3.3935288788681572,1.3210000000000002,0.02947636179708079,1.321,0.0,0.022917651,4.5
3.685493515115992,0.8861566452367129,4.5,1094.0135405412423,3.3696262394196306,1.322,0.0300604555403727,1.322,0.0,0.022917651,4.5
3.6847780000919417,0.9086806493967674,4.5,1101.4435773007522,3.344562013998519,1.323,0.030662394754410408,1.323,0.0,0.022917651,4.5
3.6839969844663014,0.932309713754052,4.5,1109.3539775365282,3.3181307365776656,1.324,0.031213024453467242,1.324,0.0,0.022917651,4.5
3.683167928425836,0.9573121479218627,4.5,1117.7931512618927,3.2901339273416066,1.3250000000000002,0.0317685594983113,1.325,0.0,0.022917651,4.5
3.682247544322138,0.9837502329283198,4.5,1126.8383547233673,3.2603361525390455,1.3260000000000003,0.03230530943881237,1.326,0.0,0.022917651,4.5
3.6812726426478877,1.0117855341176782,4.5,1136.5545247865664,3.2287230929965003,1.327,0.03278417940812247,1.327,0.0,0.022917651,4.5
3.6801715614600186,1.0416359286477945,4.5,1147.0346410656548,3.1947902105545807,1.328,0.03324375311780768,1.328,0.0,0.022917651,4.5
3.6789758997932074,1.0736403199603874,4.5,1158.3979944714781,3.158325025130843,1.329,0.03362263503736368,1.329,0.0,0.022917651,4.5
3.6776549723331633,1.1079838839793426,4.5,1170.803432129302,3.1190196068621474,1.33,0.03397833289062246,1.33,0.0,0.022917651,4.5
3.6761277756927555,1.1450145497659936,4.5,1184.437760793168,3.076201997914521,1.331,0.03425391201507165,1.331,0.0,0.022917651,4.5
3.6744170871608417,1.1852542198593552,4.5,1199.5123564564153,3.029441415121604,1.3319999999999999,0.034494367903732545,1.332,0.0,0.022917651,4.5
3.6724838133631676,1.2292524917902,4.5,1216.3355758008993,2.978031898045818,1.3330000000000002,0.03469135697506115,1.333,0.0,0.022917651,4.5
3.6702558375163266,1.2777444705565457,4.5,1235.2918566279368,2.920949862776474,1.3340000000000003,0.0348291547272251,1.334,0.0,0.022917651,4.5
3.6676718406898443,1.3317472696585768,4.5,1257.0636221980628,2.8569329377329074,1.3350000000000002,0.03490815856518683,1.335,0.0,0.022917651,4.5
3.6647626134617646,1.3909506727525012,4.5,1284.4576666957753,2.7864144568398554,1.3360000000000003,0.03491380490804532,1.336,0.0,0.022917651,4.5
3.6613822995515193,1.4563800698718314,4.5,1318.7214679337592,2.7077856548327763,1.337,0.034909123913220444,1.337,0.0,0.022917651,4.5
3.657086910437044,1.535316098281562,4.5,1363.2463464707516,2.611989905944728,1.3380000000000003,0.03490444291839556,1.338,0.0,0.022917651,4.5
3.6519345894089716,1.6262967798610566,4.5,1423.534965095852,2.5007217912904536,1.339,0.03489976192357069,1.339,0.0,0.022917651,4.5
3.647590595656176,1.7019766101484686,4.5,1506.0705561692328,2.407987838223763,1.3400000000000003,0.03489508092874581,1.34,0.0,0.022917651,4.5
3.6475560125834843,1.7100111466822516,4.5,1610.2547404563597,2.4001368081577232,1.3409999999999997,0.03489039993392093,1.341,0.0,0.022917651,4.5
3.6392792121341677,1.8426053015833956,4.5,1758.5929284253066,2.234757302238787,1.342,0.034885718939096054,1.342,0.0,0.022917651,4.5
3.6279600043263383,2.0147470689563782,4.5,1999.9161468012987,2.0176605574131092,1.343,0.03488103794427118,1.343,0.0,0.022917651,4.5
3.610244528007235,2.267976085022293,4.5,2472.8753543478324,1.6938914790061281,1.3440000000000003,0.0348763569494463,1.344,0.0,0.022917651,4.5
3.5733255573271254,2.7388487160406383,4.5,3957.705517105156,1.0756648087351175,1.345,0.034871675954621414,1.345,0.0,0.022917651,4.5
