log_Teff,LogL_lsun,Age_gyr,Step,Log_g,Mass_msun,feh,Mass_input,Metallicity_input,Z_used,Age_input
3.5403603786804205,-1.9487620380435855,2.0,286.1572319232651,4.980109648621027,0.3,0.024055733345712326,0.3,0.0,0.022917651,2.0
3.5405221804864198,-1.9461658141730507,2.0,286.1708938032843,4.979410018752066,0.301,0.024053879744298623,0.301,0.0,0.022917651,2.0
3.540683845696891,-1.943567689742352,2.0,286.1859216351018,4.978707941947055,0.302,0.0240520023742199,0.302,0.0,0.022917651,2.0
3.5408453706603673,-1.9409676139458032,2.0,286.20235193327693,4.978003352794607,0.30299999999999994,0.024050100600093303,0.303,0.0,0.022917651,2.0
3.541006751594067,-1.9383655341505919,2.0,286.22022252554467,4.977296183530956,0.30400000000000005,0.024048173763685694,0.304,0.0,0.022917651,2.0
3.541167984577932,-1.9357613958138953,2.0,286.2395726123826,4.97658636393322,0.305,0.024046221182877078,0.305,0.0,0.022917651,2.0
3.5413286171416614,-1.9331613200116475,2.0,286.2537607929447,4.975878205419836,0.30600000000000005,0.02404401119107504,0.306,0.0,0.022917651,2.0
3.541488718345301,-1.9305648151141497,2.0,286.263154564362,4.975171492577985,0.307,0.024041563625590474,0.307,0.0,0.022917651,2.0
3.5416487030814774,-1.9279662430920859,2.0,286.2737813486011,4.974462246744564,0.308,0.024039087768287178,0.308,0.0,0.022917651,2.0
3.541808568094313,-1.925365546158473,2.0,286.28567561484346,4.973750397109157,0.309,0.024036582828260294,0.309,0.0,0.022917651,2.0
3.5419683100054304,-1.9227626643521334,2.0,286.29887312914786,4.973035870197164,0.30999999999999994,0.024034047984847744,0.31,0.0,0.022917651,2.0
3.542127925308137,-1.9201575354344755,2.0,286.3134110160226,4.972318589743305,0.311,0.024031482386217478,0.311,0.0,0.022917651,2.0
3.5422874103612734,-1.9175500947803281,2.0,286.3293278235385,4.971598476557864,0.312,0.024028885147873373,0.312,0.0,0.022917651,2.0
3.542446761382708,-1.9149402752624418,2.0,286.3466635922239,4.970875448385148,0.313,0.024026255351074503,0.313,0.0,0.022917651,2.0
3.542605974442442,-1.912328007129214,2.0,286.3654599279988,4.970149419753667,0.314,0.024023592041161567,0.314,0.0,0.022917651,2.0
3.5427650454553192,-1.9097132178751743,2.0,286.3857600794302,4.9694203018174194,0.31499999999999995,0.024020894225784288,0.315,0.0,0.022917651,2.0
3.5429239701732884,-1.9070958321037228,2.0,286.4076090196058,4.96868800218771,0.316,0.02401816087302278,0.316,0.0,0.022917651,2.0
3.543082744177205,-1.9044757713815748,2.0,286.4310535329563,4.967952424754773,0.317,0.024015390909395407,0.317,0.0,0.022917651,2.0
3.543241362868123,-1.9018529540843225,2.0,286.4561423073748,4.967213469498544,0.318,0.024012583217745045,0.318,0.0,0.022917651,2.0
3.543399821458068,-1.8992272952324791,2.0,286.4829260320168,4.9664710322877434,0.319,0.024009736634995067,0.319,0.0,0.022917651,2.0
3.5435581149602147,-1.8965987063173013,2.0,286.51145750119207,4.9657250046664485,0.32,0.024006849949765496,0.32,0.0,0.022917651,2.0
3.5437162381784573,-1.893967095115654,2.0,286.54179172479706,4.9649752736272355,0.32099999999999995,0.02400392189983911,0.321,0.0,0.022917651,2.0
3.543874185696319,-1.8913323654930931,2.0,286.57398604577224,4.964221721369881,0.322,0.024000951169466354,0.322,0.0,0.022917651,2.0
3.544031951865138,-1.8886944171942917,2.0,286.60810026511217,4.9634642250445555,0.323,0.023997936386496922,0.323,0.0,0.022917651,2.0
3.5441895307914995,-1.886053145619838,2.0,286.6441967750005,4.962702656478322,0.32400000000000007,0.023994876119325007,0.324,0.0,0.022917651,2.0
3.5443469163238244,-1.8834084415883727,2.0,286.68234070069263,4.961936881883662,0.325,0.023991768873633676,0.325,0.0,0.022917651,2.0
3.544504102038085,-1.8807601910829237,2.0,286.72260005182454,4.961166761547648,0.32600000000000007,0.0239886130889231,0.326,0.0,0.022917651,2.0
3.54466111512265,-1.878110199924183,2.0,286.7624684321538,4.960394210151625,0.327,0.023985327752938216,0.327,0.0,0.022917651,2.0
3.5448181651142208,-1.8754691357787603,2.0,286.78757381683045,4.959630734087429,0.328,0.023981472665973405,0.328,0.0,0.022917651,2.0
3.54497504912436,-1.872824544720343,2.0,286.81450073773095,4.95886306717238,0.329,0.0239775597195851,0.329,0.0,0.022917651,2.0
3.5451317615829545,-1.8701763083905063,2.0,286.8433103231449,4.958091068767193,0.33,0.02397358697208936,0.33,0.0,0.022917651,2.0
3.545288296667842,-1.867524303074981,2.0,286.8740664674816,4.957314591868516,0.33100000000000007,0.023969552393939032,0.331,0.0,0.022917651,2.0
3.5454446482903803,-1.8648683993972424,2.0,286.90683598952177,4.956533482744818,0.33199999999999996,0.02396545386269698,0.332,0.0,0.022917651,2.0
3.545600810080035,-1.8622084619908161,2.0,286.9416888016608,4.955747580547022,0.333,0.02396128915766023,0.333,0.0,0.022917651,2.0
3.5457567753678725,-1.8595443491485624,2.0,286.97869809104304,4.954956716891759,0.3340000000000001,0.02395705595410643,0.334,0.0,0.022917651,2.0
3.5459125371688773,-1.8568759124470222,2.0,287.0179405135726,4.9541607154150045,0.3350000000000001,0.02395275181713126,0.335,0.0,0.022917651,2.0
3.5460680881630053,-1.854202996343744,2.0,287.05949640188385,4.953359391293594,0.336,0.02394837419504244,0.336,0.0,0.022917651,2.0
3.546223420674852,-1.8515254377452801,2.0,287.10344998845505,4.952552550731899,0.3370000000000001,0.023943920412272748,0.337,0.0,0.022917651,2.0
3.5463785266518246,-1.8488430655433437,2.0,287.14988964516937,4.951739990410671,0.338,0.023939387661770554,0.338,0.0,0.022917651,2.0
3.5465333976406788,-1.8461557001163462,2.0,287.19890814075393,4.950921496894732,0.339,0.023934772996822527,0.339,0.0,0.022917651,2.0
3.5466880247622967,-1.8434631527932672,2.0,287.2506029176743,4.950096845995933,0.34,0.023930073322258334,0.34,0.0,0.022917651,2.0
3.546842398684515,-1.8407652252764912,2.0,287.3050763902207,4.9492658020873295,0.341,0.023925285384982214,0.341,0.0,0.022917651,2.0
3.5469965095928635,-1.8380617090198994,2.0,287.36243626570246,4.9484281173642035,0.342,0.02392040576377049,0.342,0.0,0.022917651,2.0
3.547150787754762,-1.8353735583730575,2.0,287.40889108102976,4.947606466588975,0.3430000000000001,0.023914851409759123,0.343,0.0,0.022917651,2.0
3.547305047729246,-1.83269101175119,2.0,287.45104473683455,4.9467903467601975,0.344,0.02390889631945071,0.34400000000000003,0.0,0.022917651,2.0
3.5474590685102263,-1.8300034584238176,2.0,287.4958879181121,4.9459682634566935,0.3450000000000001,0.023902825083939427,0.34500000000000003,0.0,0.022917651,2.0
3.547612841153543,-1.827310711175297,2.0,287.5435211942365,4.945139993686364,0.3460000000000001,0.02389663336020993,0.34600000000000003,0.0,0.022917651,2.0
3.5477663562634776,-1.8246125733381067,2.0,287.5940502119868,4.944305303199003,0.34700000000000003,0.023890316585982847,0.34700000000000003,0.0,0.022917651,2.0
3.547919603963892,-1.821908838188729,2.0,287.6475860200688,4.943463945766733,0.3480000000000001,0.02388386996570054,0.34800000000000003,0.0,0.022917651,2.0
3.5480725738671217,-1.8191992882965997,2.0,287.7042454188492,4.94261566240854,0.3490000000000001,0.02387728845542404,0.34900000000000003,0.0,0.022917651,2.0
3.5482252550404225,-1.8164836948218137,2.0,287.76415133761867,4.941760180553768,0.35000000000000003,0.023870566746541286,0.35000000000000003,0.0,0.022917651,2.0
3.548377635969749,-1.8137618167568164,2.0,287.8274332419423,4.940897213138907,0.35100000000000003,0.023863699248175937,0.35100000000000003,0.0,0.022917651,2.0
3.5485297045205937,-1.8110334001068003,2.0,287.89422757393794,4.940026457631362,0.35200000000000004,0.02385668006817429,0.352,0.0,0.022917651,2.0
3.5486814478956226,-1.80829817700295,2.0,287.9646782286284,4.939147594973239,0.35300000000000004,0.02384950299253437,0.353,0.0,0.022917651,2.0
3.548832852588792,-1.8055558647420238,2.0,288.03893706986315,4.9382602884373945,0.35400000000000004,0.0238421614631262,0.354,0.0,0.022917651,2.0
3.5489840208126076,-1.8028174147404115,2.0,288.11220180471764,4.937375898439097,0.355,0.023834390994995333,0.355,0.0,0.022917651,2.0
3.549135208205249,-1.800105063798318,2.0,288.17423899127675,4.936517684602296,0.356,0.02382568724770285,0.356,0.0,0.022917651,2.0
3.549286092379735,-1.7973864991484743,2.0,288.2390418513502,4.935652044172142,0.357,0.023816787994631064,0.357,0.0,0.022917651,2.0
3.549436661210222,-1.7946614723016596,2.0,288.3067209855781,4.934778680155523,0.358,0.02380768541740797,0.358,0.0,0.022917651,2.0
3.5495869019155757,-1.7919297213400402,2.0,288.37739297157344,4.933897279509514,0.35900000000000004,0.0237983712751487,0.359,0.0,0.022917651,2.0
3.5497368010144936,-1.7891909699976252,2.0,288.4511807732028,4.933007512042343,0.36,0.023788836875523328,0.36,0.0,0.022917651,2.0
3.5498863442769,-1.786444926664115,2.0,288.52821418396775,4.932109029222795,0.361,0.02377907304341431,0.361,0.0,0.022917651,2.0
3.5500355166712247,-1.7836912833045844,2.0,288.60863030784276,4.931201462889024,0.36200000000000004,0.023769070086925876,0.362,0.0,0.022917651,2.0
3.5501843023071697,-1.7809297142865983,2.0,288.69257408132,4.930284423846719,0.363,0.023758817760480708,0.363,0.0,0.022917651,2.0
3.5503326843734997,-1.7781598751053558,2.0,288.78019884083574,4.929357500345418,0.36400000000000005,0.023748305224708454,0.364,0.0,0.022917651,2.0
3.550480645070341,-1.7753814009963813,2.0,288.8716669402517,4.928420256420389,0.365,0.023737521002795935,0.365,0.0,0.022917651,2.0
3.5506294565049332,-1.772634148363954,2.0,288.95418266687614,4.927517636712183,0.366,0.02372578654005682,0.366,0.0,0.022917651,2.0
3.550778570168258,-1.769899076798761,2.0,289.03302374627106,4.926628406902055,0.36699999999999994,0.023713438575757754,0.367,0.0,0.022917651,2.0
3.550927370923469,-1.7671567002022017,2.0,289.11430013351037,4.92573062044349,0.368,0.023700790632440412,0.368,0.0,0.022917651,2.0
3.551075845601005,-1.7644067111228534,2.0,289.1981143249179,4.924823917207475,0.369,0.023687830084700306,0.369,0.0,0.022917651,2.0
3.5512239802817573,-1.7616487846106008,2.0,289.28457465042766,4.923907916568143,0.37,0.02367454358855412,0.37,0.0,0.022917651,2.0
3.5513717602429735,-1.7588825769537368,2.0,289.3737956946013,4.9229822159234935,0.371,0.02366091702957915,0.371,0.0,0.022917651,2.0
3.5515191698994015,-1.7561077243050862,2.0,289.4658987546425,4.9220463890861215,0.37199999999999994,0.02364693546649551,0.372,0.0,0.022917651,2.0
3.5516661927392033,-1.7533238411856127,2.0,289.5610123392568,4.921099984530435,0.37300000000000005,0.02363258306971708,0.373,0.0,0.022917651,2.0
3.5518128112540426,-1.7505305188525568,2.0,289.6592727126702,4.920142523481205,0.37399999999999994,0.0236178430543397,0.374,0.0,0.022917651,2.0
3.5519593522111332,-1.7477417575625216,2.0,289.75607219597157,4.919189313352366,0.37500000000000006,0.023602447820577733,0.375,0.0,0.022917651,2.0
3.552108017105145,-1.745047506787408,2.0,289.82124514191025,4.918339110147466,0.37600000000000006,0.02358488644076992,0.376,0.0,0.022917651,2.0
3.5522564737551843,-1.742348599384086,2.0,289.88699100126615,4.917483417404108,0.377,0.023566912693705967,0.377,0.0,0.022917651,2.0
3.5524047155182084,-1.7396448868047152,2.0,289.95332805014954,4.916622060004365,0.378,0.023548513424746377,0.378,0.0,0.022917651,2.0
3.5525527354655813,-1.7369362141152533,2.0,290.02027535037695,4.9157548553018335,0.379,0.0235296749137222,0.379,0.0,0.022917651,2.0
3.5527005263675613,-1.7342224196485432,2.0,290.08785279215186,4.914881612712677,0.38,0.023510382844214073,0.38,0.0,0.022917651,2.0
3.5528480806767697,-1.731503334634534,2.0,290.1560811395598,4.914002133279701,0.381,0.023490622270806703,0.381,0.0,0.022917651,2.0
3.552995390510546,-1.7287787828058676,2.0,290.2249820790939,4.913116209207392,0.382,0.02347037758416132,0.382,0.0,0.022917651,2.0
3.5531424476321254,-1.7260485799768817,2.0,290.2945782714502,4.912223623365624,0.38300000000000006,0.02344963247373464,0.383,0.0,0.022917651,2.0
3.5532892434305268,-1.7233125335939277,2.0,290.3648934068534,4.9113241487595385,0.384,0.023428369887957136,0.384,0.0,0.022917651,2.0
3.553435768899057,-1.7205704422546897,2.0,290.43595226419586,4.910417547962888,0.385,0.02340657199166636,0.385,0.0,0.022917651,2.0
3.553583567213059,-1.717872904211964,2.0,290.48021650522554,4.909560590304294,0.386,0.02338361124682986,0.386,0.0,0.022917651,2.0
3.5537322873255692,-1.7152070712667316,2.0,290.5039987888703,4.908739023757449,0.38700000000000007,0.023359712421444113,0.387,0.0,0.022917651,2.0
3.5538808687654266,-1.712537900561306,2.0,290.5260733229733,4.907913564686425,0.388,0.02333530442484327,0.388,0.0,0.022917651,2.0
3.5540293078914083,-1.709865304453839,2.0,290.5463952659891,4.90708411088256,0.38900000000000007,0.023310373887371137,0.389,0.0,0.022917651,2.0
3.554177600933687,-1.7071891922070275,2.0,290.5649181925966,4.90625055652724,0.39,0.02328490696716356,0.39,0.0,0.022917651,2.0
3.5543257439881,-1.7045094698502323,2.0,290.58159402315385,4.905412792031114,0.391,0.02325888932911511,0.391,0.0,0.022917651,2.0
3.5544737330101124,-1.7018260400341647,2.0,290.596372949348,4.904570703864614,0.392,0.023232306122711394,0.392,0.0,0.022917651,2.0
3.554621563808455,-1.6991388018776614,2.0,290.60920335579914,4.903724174379277,0.393,0.02320514195865495,0.393,0.0,0.022917651,2.0
3.554769232038402,-1.6964476508060462,2.0,290.62003173735883,4.90287308161923,0.3940000000000001,0.023177380884207507,0.394,0.0,0.022917651,2.0
3.554916733194688,-1.693752478380534,2.0,290.6288026118247,4.9020172991222415,0.395,0.023149006357165578,0.395,0.0,0.022917651,2.0
3.5550640626040253,-1.6910531721180875,2.0,290.6354584277719,4.901156695709646,0.396,0.023120001218380128,0.396,0.0,0.022917651,2.0
3.5552121788825746,-1.688386211325884,2.0,290.626750983063,4.900331585861467,0.397,0.023090268828313682,0.397,0.0,0.022917651,2.0
3.555362968564929,-1.6858219321342718,2.0,290.57770377731487,4.899619853218136,0.3980000000000001,0.023059807635330876,0.398,0.0,0.022917651,2.0
3.5555137481605334,-1.6832576072369825,2.0,290.52557393444874,4.898908034519421,0.399,0.023028931024251263,0.399,0.0,0.022917651,2.0
3.555664517593048,-1.6806932362881029,2.0,290.47033812415697,4.89819612911403,0.4000000000000001,0.022997635851068055,0.4,0.0,0.022917651,2.0
3.5558860675127244,-1.6781090031124049,2.0,290.4750008002677,4.897467195453631,0.401,0.022996140660430462,0.401,0.0,0.022917651,2.0
3.556107556139664,-1.675524619322477,2.0,290.4781350097647,4.896737866012293,0.4020000000000001,0.022994663079584657,0.402,0.0,0.022917651,2.0
3.556328983569056,-1.6729400851522271,2.0,290.4797431264022,4.896008141404674,0.403,0.022993203081182106,0.403,0.0,0.022917651,2.0
3.5565503498958937,-1.67035540083508,2.0,290.4798275190221,4.895278022244162,0.404,0.022991760637930885,0.404,0.0,0.022917651,2.0
3.5567716552149715,-1.667770566603977,2.0,290.478390551566,4.8945475091428765,0.405,0.02299033572259549,0.405,0.0,0.022917651,2.0
3.5569928996208904,-1.6651855826913775,2.0,290.4754345830882,4.893816602711672,0.4060000000000001,0.02298892830799678,0.406,0.0,0.022917651,2.0
3.5572140832080557,-1.6626004493292617,2.0,290.4709619677679,4.893085303560136,0.40700000000000003,0.022987538367011742,0.40700000000000003,0.0,0.022917651,2.0
3.5574366670293895,-1.6600753750634412,2.0,290.44460227243275,4.8924196656243835,0.40800000000000003,0.0229862441076552,0.40800000000000003,0.0,0.022917651,2.0
3.5576591210211204,-1.6575489280127362,2.0,290.41745286722715,4.8917521355660485,0.4090000000000001,0.022984974587174804,0.40900000000000003,0.0,0.022917651,2.0
3.5578814332760667,-1.6550205449487914,2.0,290.3897311541283,4.891082102516883,0.41000000000000003,0.02298372858081366,0.41000000000000003,0.0,0.022917651,2.0
3.5581036066469434,-1.652490264837448,2.0,290.36144865188965,4.890409616854196,0.4110000000000001,0.022982505615306695,0.41100000000000003,0.0,0.022917651,2.0
3.558325643910421,-1.649958125605838,2.0,290.33261657220953,4.889734727612398,0.41200000000000003,0.022981305230004648,0.41200000000000003,0.0,0.022917651,2.0
3.558547547769641,-1.6474241641767635,2.0,290.30324582989516,4.8890574825274395,0.41300000000000014,0.022980126976456454,0.41300000000000003,0.0,0.022917651,2.0
3.5587693208566367,-1.6448884165017232,2.0,290.2733470526251,4.888377928079516,0.41400000000000003,0.022978970418008175,0.41400000000000003,0.0,0.022917651,2.0
3.558990965734653,-1.6423509175926427,2.0,290.2429305903295,4.887696109534085,0.41500000000000004,0.022977835129417555,0.41500000000000004,0.0,0.022917651,2.0
3.5592124849003826,-1.6398117015523705,2.0,290.21200652420436,4.887012070981301,0.4160000000000001,0.02297672069648371,0.41600000000000004,0.0,0.022917651,2.0
3.5594338807861075,-1.637270801603991,2.0,290.1805846753774,4.8863258553739035,0.4170000000000001,0.022975626715691012,0.417,0.0,0.022917651,2.0
3.5596551557617677,-1.6347282501190126,2.0,290.148674613241,4.885637504563667,0.418,0.022974552793866787,0.418,0.0,0.022917651,2.0
3.559876312136942,-1.6321840786444795,2.0,290.1162856634659,4.88494705933645,0.41899999999999993,0.022973498547852002,0.419,0.0,0.022917651,2.0
3.560097352162762,-1.6296383179290528,2.0,290.0834269157117,4.884254559445915,0.42,0.022972463604184496,0.42,0.0,0.022917651,2.0
3.560318278033743,-1.6270909979481079,2.0,290.0501072310459,4.883560043645976,0.421,0.022971447598794173,0.421,0.0,0.022917651,2.0
3.5605390918895563,-1.624542147927891,2.0,290.0163352490849,4.882863549722028,0.42200000000000004,0.02297045017670956,0.422,0.0,0.022917651,2.0
3.5607597958167347,-1.6219917963687775,2.0,289.98211939486896,4.882165114521019,0.42299999999999993,0.022969470991775372,0.423,0.0,0.022917651,2.0
3.560980391850306,-1.6194399710676677,2.0,289.9474678854831,4.881464773980404,0.42400000000000004,0.022968509706380483,0.424,0.0,0.022917651,2.0
3.5612008819753767,-1.616886699139556,2.0,289.9123887364333,4.880762563156025,0.425,0.022967565991195926,0.425,0.0,0.022917651,2.0
3.5614212681286532,-1.6143320070383178,2.0,289.8768897677907,4.880058516249002,0.42599999999999993,0.022966639524922464,0.426,0.0,0.022917651,2.0
3.5616415521999047,-1.611775920576734,2.0,289.84097861011185,4.879352666631596,0.42699999999999994,0.02296572999404737,0.427,0.0,0.022917651,2.0
3.5618617360333804,-1.6092184649457955,2.0,289.80466271014467,4.878645046872195,0.42800000000000005,0.02296483709260994,0.428,0.0,0.022917651,2.0
3.5620818214291696,-1.6066596647333127,2.0,289.76794933633045,4.877935688759351,0.42899999999999994,0.02296396052197549,0.429,0.0,0.022917651,2.0
3.562301810144518,-1.6040995439418635,2.0,289.7308455841084,4.877224623324998,0.42999999999999994,0.02296309999061734,0.43,0.0,0.022917651,2.0
3.562521703895089,-1.6015381260061012,2.0,289.693358381033,4.876511880866824,0.431,0.022962255213906664,0.431,0.0,0.022917651,2.0
3.5627415043561963,-1.598975433809451,2.0,289.65549449170936,4.875797490969853,0.432,0.0229614259139096,0.432,0.0,0.022917651,2.0
3.562961213163972,-1.5964114897002264,2.0,289.6172605225572,4.875081482527289,0.433,0.022960611819191606,0.433,0.0,0.022917651,2.0
3.56318110547317,-1.593858412242789,2.0,289.5728095580303,4.874377074280263,0.434,0.02295980873396419,0.434,0.0,0.022917651,2.0
3.563401202291914,-1.5913177072471487,2.0,289.52164961090637,4.87368585602065,0.435,0.02295901703703544,0.435,0.0,0.022917651,2.0
3.5636211743880324,-1.5887749686913093,2.0,289.4708484261224,4.872992105327452,0.43599999999999994,0.022958241468343847,0.436,0.0,0.022917651,2.0
3.563841024733179,-1.5862302450270787,2.0,289.4203974557715,4.872295882538682,0.43699999999999994,0.02295748164361644,0.437,0.0,0.022917651,2.0
3.5640607562053486,-1.5836835831791685,2.0,289.3702884213578,4.871597246090637,0.43800000000000006,0.022956737190691683,0.438,0.0,0.022917651,2.0
3.5642803715925346,-1.5811350286048882,2.0,289.320513303266,4.870896252592217,0.439,0.022956007749046065,0.439,0.0,0.022917651,2.0
3.5644998735962234,-1.5785846253510603,2.0,289.2710643307198,4.870192956895821,0.44,0.022955292969342685,0.44,0.0,0.022917651,2.0
3.5647192648347237,-1.5760324161083055,2.0,289.22193397220525,4.869487412164942,0.44100000000000006,0.022954592513000742,0.441,0.0,0.022917651,2.0
3.5649385478463413,-1.573478442262842,2.0,289.1731149263323,4.868779669938674,0.44200000000000006,0.022953906051784687,0.442,0.0,0.022917651,2.0
3.5651577250924107,-1.5709227439459266,2.0,289.1246001131119,4.868069780193279,0.443,0.022953233267412124,0.443,0.0,0.022917651,2.0
3.5653767989601963,-1.5683653600810643,2.0,289.0763826656279,4.867357791400986,0.44399999999999995,0.022952573851179364,0.444,0.0,0.022917651,2.0
3.565595771765652,-1.5658063284291048,2.0,289.0284559220804,4.866643750586144,0.44500000000000006,0.022951927503603784,0.445,0.0,0.022917651,2.0
3.5658146457560664,-1.5632456856313304,2.0,288.98081341818477,4.865927703378881,0.446,0.022951293934082097,0.446,0.0,0.022917651,2.0
3.566033423112588,-1.5606834672506433,2.0,288.93344887990486,4.865209694066396,0.447,0.022950672860563674,0.447,0.0,0.022917651,2.0
3.566252105952643,-1.558119707810949,2.0,288.8863562165053,4.864489765642007,0.44800000000000006,0.02295006400923822,0.448,0.0,0.022917651,2.0
3.566470696332243,-1.555554440834823,2.0,288.8395295139061,4.863767959852055,0.44900000000000007,0.022949467114237003,0.449,0.0,0.022917651,2.0
3.5666891962481966,-1.5529876988795541,2.0,288.792963028324,4.863044317240789,0.45000000000000007,0.022948881917347033,0.45,0.0,0.022917651,2.0
3.5669076076402253,-1.5504195135716403,2.0,288.7466511801865,4.862318877193324,0.451,0.022948308167737446,0.451,0.0,0.022917651,2.0
3.5671259323929885,-1.547849915639815,2.0,288.7005885483055,4.861591677976774,0.452,0.022947745621697574,0.452,0.0,0.022917651,2.0
3.5673441723380233,-1.5452789349466802,2.0,288.65476986429667,4.860862756779641,0.453,0.02294719404238609,0.453,0.0,0.022917651,2.0
3.567562329255604,-1.5427066005190069,2.0,288.6091900072334,4.860132149749545,0.454,0.02294665319959064,0.454,0.0,0.022917651,2.0
3.567780404876524,-1.540132940576776,2.0,288.56384399852385,4.859399892029403,0.45500000000000007,0.022946122869497574,0.455,0.0,0.022917651,2.0
3.567998400883798,-1.5375579825610153,2.0,288.5187269969995,4.858666017792078,0.456,0.02294560283447114,0.456,0.0,0.022917651,2.0
3.568216318914309,-1.5349817531604921,2.0,288.4738342942064,4.857930560273635,0.457,0.022945092882841786,0.457,0.0,0.022917651,2.0
3.5684341605603676,-1.532404278337316,2.0,288.42916130988834,4.857193551805209,0.458,0.02294459280870312,0.458,0.0,0.022917651,2.0
3.5686519273712234,-1.5298255833515007,2.0,288.38470358765284,4.856455023843605,0.459,0.02294410241171708,0.459,0.0,0.022917651,2.0
3.568869620854514,-1.527245692784541,2.0,288.34045679081294,4.855715007000659,0.46,0.022943621496926976,0.46,0.0,0.022917651,2.0
3.569087242477648,-1.5246646305620408,2.0,288.296416698394,4.854973531071406,0.461,0.022943149874577996,0.461,0.0,0.022917651,2.0
3.5693047936691396,-1.5220824199754461,2.0,288.25257920130036,4.854230625061154,0.4620000000000001,0.022942687359944876,0.462,0.0,0.022917651,2.0
3.569522275819889,-1.5194990837029152,2.0,288.2089402986329,4.8534863172114715,0.463,0.022942233773166343,0.463,0.0,0.022917651,2.0
3.569739690284413,-1.5169146438293748,2.0,288.1654960941509,4.852740635025164,0.464,0.02294178893908607,0.464,0.0,0.022917651,2.0
3.5699568686095753,-1.5143363925313635,2.0,288.1189824235892,4.8520001970715665,0.4650000000000001,0.022941367554758882,0.465,0.0,0.022917651,2.0
3.570173764116873,-1.5117650853739424,2.0,288.0690814689689,4.8512655722341655,0.466,0.02294097101976117,0.466,0.0,0.022917651,2.0
3.5703905708984984,-1.5091920604329336,2.0,288.0196900077264,4.85052887471574,0.467,0.022940581373867557,0.467,0.0,0.022917651,2.0
3.570607291312187,-1.5066173633555608,2.0,287.97079450092804,4.849790159594318,0.468,0.02294019843401163,0.468,0.0,0.022917651,2.0
3.5708239276328735,-1.5040410381859168,2.0,287.9223818851276,4.849049480013588,0.4690000000000001,0.022939822023556277,0.46900000000000003,0.0,0.022917651,2.0
3.5710404820562864,-1.5014631274347268,2.0,287.8744395516741,4.848306887267076,0.47000000000000003,0.022939451972013882,0.47000000000000003,0.0,0.022917651,2.0
3.571256956702378,-1.4988836721455054,2.0,287.8269553270911,4.847562430877964,0.47100000000000003,0.02293908811478105,0.47100000000000003,0.0,0.022917651,2.0
3.5714733536185537,-1.4963027119573098,2.0,287.77991745446263,4.846816158674817,0.47200000000000003,0.022938730292886865,0.47200000000000003,0.0,0.022917651,2.0
3.5716896747827556,-1.493720285164305,2.0,287.7333145757666,4.846068116863449,0.47300000000000003,0.022938378352754085,0.47300000000000003,0.0,0.022917651,2.0
3.5719059221063802,-1.491136428772324,2.0,287.68713571509977,4.84531835009517,0.47400000000000003,0.022938032145972256,0.47400000000000003,0.0,0.022917651,2.0
3.5721220974370573,-1.4885511785525927,2.0,287.6413702627423,4.844566901531612,0.47500000000000003,0.022937691529082274,0.47500000000000003,0.0,0.022917651,2.0
3.5723382025612844,-1.485964569092791,2.0,287.5960079600131,4.843813812906335,0.4760000000000001,0.022937356363371596,0.47600000000000003,0.0,0.022917651,2.0
3.572554239206932,-1.4833766338456011,2.0,287.5510388848703,4.843059124583412,0.47700000000000004,0.022937026514679534,0.47700000000000004,0.0,0.022917651,2.0
3.5727702090456366,-1.4807874051748866,2.0,287.5064534382157,4.842302875613143,0.47800000000000004,0.0229367018532121,0.47800000000000004,0.0,0.022917651,2.0
3.572986113695061,-1.4781969143996307,2.0,287.4622423308613,4.841545103785075,0.4790000000000001,0.022936382253365705,0.47900000000000004,0.0,0.022917651,2.0
3.573201954721063,-1.4756051918357684,2.0,287.41839657112246,4.840785845678473,0.48000000000000004,0.02293606759355949,0.48,0.0,0.022917651,2.0
3.5734177336397455,-1.4730122668360226,2.0,287.37490745300266,4.840025136710391,0.481,0.022935757756075502,0.481,0.0,0.022917651,2.0
3.5736334519194246,-1.470418167827857,2.0,287.33176654493667,4.839263011181463,0.482,0.0229354526269065,0.482,0.0,0.022917651,2.0
3.5738491109824904,-1.4678229223496488,2.0,287.28896567906145,4.8384995023195465,0.483,0.022935152095610905,0.483,0.0,0.022917651,2.0
3.574064712207195,-1.4652265570851781,2.0,287.2464969409872,4.837734642321342,0.48400000000000004,0.02293485605517446,0.484,0.0,0.022917651,2.0
3.5742802569293453,-1.462629097896522,2.0,287.2043526600402,4.836968462392084,0.485,0.022934564401878296,0.485,0.0,0.022917651,2.0
3.574495746443931,-1.4600305698554448,2.0,287.1625253999534,4.836200992783413,0.486,0.022934277035173097,0.486,0.0,0.022917651,2.0
3.5747111820066655,-1.4574309972733548,2.0,287.1210079499804,4.835432262829518,0.48700000000000004,0.022933993857558895,0.487,0.0,0.022917651,2.0
3.574926564835468,-1.4548304037299145,2.0,287.0797933164103,4.834662300981669,0.488,0.02293371477447038,0.488,0.0,0.022917651,2.0
3.575141896111874,-1.4522288121003641,2.0,287.0388747144633,4.833891134841176,0.489,0.0229334396941673,0.489,0.0,0.022917651,2.0
3.575357176982382,-1.4496262445816332,2.0,286.9982455605462,4.833118791190894,0.49,0.02293316852762972,0.49,0.0,0.022917651,2.0
3.575572408559746,-1.4470227227172956,2.0,286.95789946485024,4.832345296025343,0.49100000000000005,0.022932901188457987,0.491,0.0,0.022917651,2.0
3.575787591924202,-1.444418267421434,2.0,286.9178302242734,4.831570674579496,0.492,0.02293263759277698,0.492,0.0,0.022917651,2.0
3.5760027281246556,-1.4418128990014665,2.0,286.87803181565056,4.8307949513563235,0.493,0.0229323776591446,0.493,0.0,0.022917651,2.0
3.5762178181798023,-1.4392066371799819,2.0,286.8384983892756,4.83001815015314,0.49400000000000005,0.022932121308464167,0.494,0.0,0.022917651,2.0
3.5764328630792117,-1.4365995011156456,2.0,286.7992242627023,4.829240294086827,0.495,0.022931868463900603,0.495,0.0,0.022917651,2.0
3.5766478637843595,-1.4339915094232099,2.0,286.7602039148086,4.828461405617982,0.496,0.022931619050800173,0.496,0.0,0.022917651,2.0
3.5768628212296156,-1.4313826801926803,2.0,286.7214319801116,4.827681506574041,0.497,0.022931372996613606,0.497,0.0,0.022917651,2.0
3.577077736323197,-1.4287730310076774,2.0,286.6829032433223,4.8269006181714325,0.49800000000000005,0.022931130230822484,0.498,0.0,0.022917651,2.0
3.5772926099480724,-1.426162578963031,2.0,286.6446126341263,4.826118761036815,0.499,0.022930890684868654,0.499,0.0,0.022917651,2.0
3.5775074429628373,-1.4235513406816498,2.0,286.6065552221811,4.8253359552274215,0.5,0.022930654292086603,0.5,0.0,0.022917651,2.0
3.577811031804947,-1.4206835236782078,2.0,286.7416686125354,4.824474305999816,0.501,0.022930615702856438,0.501,0.0,0.022917651,2.0
3.5781146218548514,-1.4178156967249478,2.0,286.87686104659196,4.8236126516539874,0.5020000000000001,0.022930577090582514,0.502,0.0,0.022917651,2.0
3.578418213120277,-1.4149478597581975,2.0,287.01213303016516,4.82275099215718,0.503,0.02293053845511737,0.503,0.0,0.022917651,2.0
3.5787218056090193,-1.412080012713743,2.0,287.1474850733946,4.821889327476363,0.504,0.022930499796312287,0.504,0.0,0.022917651,2.0
3.5790253993289407,-1.409212155526818,2.0,287.2829176907912,4.821027657578221,0.505,0.022930461114017264,0.505,0.0,0.022917651,2.0
3.57932899428797,-1.406344288132102,2.0,287.41843140128407,4.8201659824291525,0.506,0.02293042240808102,0.506,0.0,0.022917651,2.0
3.5796325904941058,-1.403476410463711,2.0,287.55402672826796,4.819304301995264,0.507,0.02293038367835097,0.507,0.0,0.022917651,2.0
3.579936187955412,-1.400608522455193,2.0,287.68970419965143,4.818442616242377,0.508,0.022930344924673204,0.508,0.0,0.022917651,2.0
3.5802397866800275,-1.3977406240395223,2.0,287.825464347906,4.81758092513601,0.509,0.022930306146892506,0.509,0.0,0.022917651,2.0
3.580543386676157,-1.3948727151490916,2.0,287.96130771011485,4.816719228641387,0.51,0.022930267344852276,0.51,0.0,0.022917651,2.0
3.5808469879520803,-1.3920047957157082,2.0,288.09723482802343,4.815857526723427,0.511,0.022930228518394602,0.511,0.0,0.022917651,2.0
3.5811505905161454,-1.3891368656705845,2.0,288.23324624809,4.8149958193467475,0.512,0.02293018966736015,0.512,0.0,0.022917651,2.0
3.5814541943767773,-1.3862689249443347,2.0,288.36934252153674,4.814134106475657,0.5130000000000001,0.022930150791588243,0.513,0.0,0.022917651,2.0
3.581757799542469,-1.3834009734669659,2.0,288.5055242044023,4.813272388074148,0.514,0.022930111890916767,0.514,0.0,0.022917651,2.0
3.582061406021795,-1.3805330111678724,2.0,288.6417918575939,4.812410664105904,0.5150000000000001,0.022930072965182197,0.515,0.0,0.022917651,2.0
3.5823650138233982,-1.3776650379758293,2.0,288.7781460469412,4.811548934534286,0.5160000000000001,0.022930034014219586,0.516,0.0,0.022917651,2.0
3.5826686229560023,-1.3747970538189846,2.0,288.9145873432503,4.81068719932233,0.517,0.022929995037862513,0.517,0.0,0.022917651,2.0
3.5829722334284053,-1.3719290586248534,2.0,289.05111632235844,4.809825458432752,0.5180000000000001,0.02292995603594311,0.518,0.0,0.022917651,2.0
3.5832758452494837,-1.3690610523203108,2.0,289.1877335651897,4.808963711827936,0.519,0.022929917008292028,0.519,0.0,0.022917651,2.0
3.583579458428194,-1.366193034831584,2.0,289.32443965781135,4.808101959469933,0.52,0.022929877954738397,0.52,0.0,0.022917651,2.0
3.5838830729735687,-1.3633250060842457,2.0,289.46123519149046,4.8072402013204565,0.521,0.022929838875109843,0.521,0.0,0.022917651,2.0
3.5841866888947242,-1.3604569660032069,2.0,289.59812076275233,4.806378437340881,0.522,0.022929799769232467,0.522,0.0,0.022917651,2.0
3.5844903062008564,-1.3575889145127096,2.0,289.73509697343866,4.805516667492238,0.5230000000000001,0.022929760636930807,0.523,0.0,0.022917651,2.0
3.5847939249012435,-1.3547208515363183,2.0,289.872164430767,4.804654891735206,0.5240000000000001,0.022929721478027847,0.524,0.0,0.022917651,2.0
3.5850975450052465,-1.351852776996914,2.0,290.00932374739085,4.803793110030115,0.525,0.02292968229234497,0.525,0.0,0.022917651,2.0
3.585401166522311,-1.3489846908166854,2.0,290.14657554146083,4.802931322336941,0.526,0.022929643079701977,0.526,0.0,0.022917651,2.0
3.5857047894619685,-1.3461165929171215,2.0,290.2839204366864,4.802069528615295,0.5270000000000001,0.022929603839917028,0.527,0.0,0.022917651,2.0
3.5860084138338335,-1.3432484832190041,2.0,290.4213590623982,4.801207728824428,0.528,0.022929564572806656,0.528,0.0,0.022917651,2.0
3.586312039647609,-1.3403803616423988,2.0,290.5588920536119,4.8003459229232215,0.5290000000000001,0.022929525278185727,0.529,0.0,0.022917651,2.0
3.5866156669130884,-1.3375122281066478,2.0,290.69652005109225,4.799484110870185,0.5300000000000001,0.022929485955867447,0.53,0.0,0.022917651,2.0
3.586919295640149,-1.3346440825303612,2.0,290.8342437014187,4.79862229262345,0.5310000000000001,0.022929446605663314,0.531,0.0,0.022917651,2.0
3.5872229258387613,-1.3317759248314092,2.0,290.9720636570509,4.797760468140771,0.532,0.022929407227383118,0.532,0.0,0.022917651,2.0
3.587526557518985,-1.3289077549269133,2.0,291.10998057639625,4.7968986373795115,0.533,0.022929367820834906,0.533,0.0,0.022917651,2.0
3.5878301906909758,-1.3260395727332372,2.0,291.2479951238776,4.796036800296653,0.5340000000000001,0.022929328385824985,0.534,0.0,0.022917651,2.0
3.5881338253649737,-1.32317137816598,2.0,291.386107970002,4.795174956848776,0.535,0.02292928892215787,0.535,0.0,0.022917651,2.0
3.5884374615513224,-1.3203031711399642,2.0,291.5243197914306,4.794313106992065,0.536,0.022929249429636308,0.536,0.0,0.022917651,2.0
3.5887410992604547,-1.317434951569231,2.0,291.6626312710497,4.793451250682304,0.537,0.0229292099080612,0.537,0.0,0.022917651,2.0
3.589044738502902,-1.3145667193670267,2.0,291.80104309804193,4.792589387874866,0.538,0.02292917035723164,0.538,0.0,0.022917651,2.0
3.5893483792892917,-1.3116984744457982,2.0,291.9395559679594,4.791727518524713,0.5390000000000001,0.022929130776944844,0.539,0.0,0.022917651,2.0
3.58965202163035,-1.308830216717179,2.0,292.0781705827974,4.790865642586389,0.54,0.022929091166996166,0.54,0.0,0.022917651,2.0
3.5899556655369054,-1.305961946091984,2.0,292.2168876510692,4.7900037600140175,0.5410000000000001,0.02292905152717904,0.541,0.0,0.022917651,2.0
3.5902593110198815,-1.303093662480197,2.0,292.35570788788147,4.789141870761292,0.542,0.022929011857285003,0.542,0.0,0.022917651,2.0
3.59056295809031,-1.3002253657909628,2.0,292.4946320150119,4.78827997478148,0.543,0.022928972157103624,0.543,0.0,0.022917651,2.0
3.5908666067593216,-1.2973570559325764,2.0,292.63366076098646,4.787418072027403,0.544,0.022928932426422518,0.544,0.0,0.022917651,2.0
3.5911702570381516,-1.2944887328124728,2.0,292.77279486115884,4.78655616245145,0.545,0.022928892665027307,0.545,0.0,0.022917651,2.0
3.5914739089381436,-1.2916203963372186,2.0,292.9120350577906,4.785694246005556,0.546,0.022928852872701598,0.546,0.0,0.022917651,2.0
3.5917775624707446,-1.2887520464124997,2.0,293.0513821001324,4.784832322641205,0.547,0.02292881304922696,0.547,0.0,0.022917651,2.0
3.5920812176475123,-1.285883682943113,2.0,293.1908367445064,4.783970392309425,0.548,0.022928773194382895,0.548,0.0,0.022917651,2.0
3.5923848744801123,-1.2830153058329528,2.0,293.33039975439,4.78310845496078,0.549,0.022928733307946834,0.549,0.0,0.022917651,2.0
3.5926885329803215,-1.2801469149850038,2.0,293.47007190050056,4.782246510545362,0.5500000000000002,0.022928693389694086,0.55,0.0,0.022917651,2.0
3.592992193160028,-1.2772785103013276,2.0,293.6098539608815,4.781384559012794,0.551,0.022928653439397824,0.551,0.0,0.022917651,2.0
3.5932958550312337,-1.274410091683053,2.0,293.74974672098955,4.780522600312215,0.552,0.022928613456829065,0.552,0.0,0.022917651,2.0
3.5935995186060556,-1.2715416590303648,2.0,293.8897509737832,4.779660634392281,0.553,0.022928573441756635,0.553,0.0,0.022917651,2.0
3.593903183896726,-1.2686732122424913,2.0,294.0298675198125,4.778798661201153,0.554,0.022928533393947143,0.554,0.0,0.022917651,2.0
3.5942068509155938,-1.2658047512176942,2.0,294.17009716731013,4.777936680686497,0.555,0.022928493313164978,0.555,0.0,0.022917651,2.0
3.5945105196751292,-1.2629362758532572,2.0,294.3104407322839,4.777074692795475,0.556,0.02292845319917223,0.556,0.0,0.022917651,2.0
3.5948141901879205,-1.260067786045472,2.0,294.4508990386102,4.7762126974747385,0.557,0.022928413051728727,0.557,0.0,0.022917651,2.0
3.5951178624666773,-1.2571992816896294,2.0,294.5914729181292,4.775350694670427,0.5580000000000002,0.022928372870591948,0.558,0.0,0.022917651,2.0
3.5954215365242344,-1.2543307626800044,2.0,294.7321632107415,4.774488684328154,0.559,0.02292833265551705,0.559,0.0,0.022917651,2.0
3.5957252123735493,-1.2514622289098456,2.0,294.8729707645057,4.773626666393005,0.56,0.022928292406256785,0.56,0.0,0.022917651,2.0
3.596028890027708,-1.2485936802713622,2.0,295.01389643573793,4.772764640809533,0.5610000000000002,0.022928252122561516,0.561,0.0,0.022917651,2.0
3.5963325694999217,-1.2457251166557113,2.0,295.1549410891123,4.771902607521747,0.562,0.022928211804179158,0.562,0.0,0.022917651,2.0
3.596636250803532,-1.242856537952985,2.0,295.29610559776364,4.771040566473115,0.563,0.02292817145085517,0.5630000000000001,0.0,0.022917651,2.0
3.5969399339520116,-1.2399879440521973,2.0,295.4373908433906,4.770178517606539,0.5640000000000001,0.022928131062332505,0.5640000000000001,0.0,0.022917651,2.0
3.5972436189589656,-1.2371193348412706,2.0,295.5787977163613,4.7693164608643706,0.5650000000000001,0.022928090638351592,0.5650000000000001,0.0,0.022917651,2.0
3.597547305838132,-1.2342507102070233,2.0,295.7203271158201,4.768454396188386,0.5660000000000002,0.022928050178650308,0.5660000000000001,0.0,0.022917651,2.0
3.5978509946033865,-1.2313820700351548,2.0,295.861979949796,4.767592323519791,0.5670000000000001,0.02292800968296392,0.5670000000000001,0.0,0.022917651,2.0
3.598154685268742,-1.2285134142102327,2.0,296.00375713531264,4.766730242799205,0.5680000000000001,0.0229279691510251,0.5680000000000001,0.0,0.022917651,2.0
3.598458377848347,-1.225644742615678,2.0,296.1456595984995,4.765868153966658,0.5690000000000001,0.022927928582563845,0.5690000000000001,0.0,0.022917651,2.0
3.598762072356497,-1.2227760551337514,2.0,296.28768827470634,4.765006056961587,0.5700000000000001,0.02292788797730748,0.5700000000000001,0.0,0.022917651,2.0
3.599065768807625,-1.2199073516455385,2.0,296.4298441086169,4.764143951722822,0.5710000000000001,0.022927847334980583,0.5710000000000001,0.0,0.022917651,2.0
3.5993694672163103,-1.217038632030935,2.0,296.5721280543666,4.763281838188579,0.5720000000000002,0.022927806655305003,0.5720000000000001,0.0,0.022917651,2.0
3.5996731675972793,-1.2141698961686327,2.0,296.71454107566046,4.762419716296457,0.5730000000000001,0.02292776593799979,0.5730000000000001,0.0,0.022917651,2.0
3.5999768699654044,-1.2113011439361023,2.0,296.85708414589374,4.761557585983428,0.5740000000000001,0.022927725182781168,0.5740000000000001,0.0,0.022917651,2.0
3.6002805743357102,-1.2084323752095811,2.0,296.99975824827385,4.760695447185826,0.5750000000000001,0.022927684389362504,0.5750000000000001,0.0,0.022917651,2.0
3.600584280723371,-1.2055635898640538,2.0,297.1425643759443,4.759833299839345,0.5760000000000001,0.022927643557454247,0.5760000000000001,0.0,0.022917651,2.0
3.6008879891437164,-1.2026947877732406,2.0,297.2855035321107,4.758971143879024,0.577,0.022927602686763957,0.577,0.0,0.022917651,2.0
3.601191699612231,-1.1998259688095765,2.0,297.4285767301682,4.758108979239243,0.578,0.02292756177699618,0.578,0.0,0.022917651,2.0
3.6014954121445575,-1.1969571328441997,2.0,297.5717849938315,4.757246805853717,0.579,0.022927520827852474,0.579,0.0,0.022917651,2.0
3.601799126756498,-1.194088279746932,2.0,297.71512935726656,4.756384623655481,0.5800000000000001,0.022927479839031345,0.58,0.0,0.022917651,2.0
3.6021028434640145,-1.191219409386263,2.0,297.85861086522397,4.755522432576884,0.581,0.022927438810228216,0.581,0.0,0.022917651,2.0
3.6024065622832384,-1.1883505216293322,2.0,298.002230573175,4.7546602325495835,0.582,0.022927397741135388,0.582,0.0,0.022917651,2.0
3.60271028323046,-1.1854816163419133,2.0,298.1459895474495,4.753798023504533,0.583,0.02292735663144199,0.583,0.0,0.022917651,2.0
3.603014006322143,-1.1826126933883947,2.0,298.2898888653756,4.752935805371974,0.584,0.022927315480833942,0.584,0.0,0.022917651,2.0
3.6033177315749176,-1.1797437526317622,2.0,298.4339296154221,4.752073578081425,0.585,0.022927274288993927,0.585,0.0,0.022917651,2.0
3.6036214590055895,-1.1768747939335826,2.0,298.57811289734286,4.751211341561675,0.5860000000000001,0.022927233055601327,0.586,0.0,0.022917651,2.0
3.603925188631137,-1.1740058171539824,2.0,298.7224398223235,4.750349095740773,0.587,0.022927191780332194,0.587,0.0,0.022917651,2.0
3.604228920468716,-1.17113682215163,2.0,298.86691151313,4.749486840546017,0.588,0.022927150462859213,0.588,0.0,0.022917651,2.0
3.604532654535662,-1.1682678087837188,2.0,299.0115291042603,4.748624575903948,0.589,0.022927109102851638,0.589,0.0,0.022917651,2.0
3.604836390849492,-1.1653987769059442,2.0,299.1562937420979,4.747762301740333,0.59,0.022927067699975257,0.59,0.0,0.022917651,2.0
3.6051401294279066,-1.1625297263724872,2.0,299.3012065850675,4.746900017980165,0.5910000000000001,0.02292702625389236,0.591,0.0,0.022917651,2.0
3.605443870288792,-1.1596606570359915,2.0,299.44626880379406,4.746037724547641,0.592,0.022926984764261672,0.592,0.0,0.022917651,2.0
3.605747613450226,-1.1567915687475472,2.0,299.5914815812637,4.745175421366163,0.593,0.022926943230738312,0.593,0.0,0.022917651,2.0
3.606051358930476,-1.1539224613566657,2.0,299.73684611298694,4.744313108358318,0.5940000000000001,0.022926901652973748,0.594,0.0,0.022917651,2.0
3.606355106748001,-1.1510533347112615,2.0,299.8823636071653,4.743450785445872,0.595,0.022926860030615753,0.595,0.0,0.022917651,2.0
3.6066588569214617,-1.148184188657631,2.0,300.02803528486,4.74258845254976,0.5960000000000001,0.02292681836330835,0.596,0.0,0.022917651,2.0
3.6069626094697145,-1.1453150230404296,2.0,300.1738623801635,4.741726109590074,0.597,0.022926776650691764,0.597,0.0,0.022917651,2.0
3.607266364411817,-1.142445837702651,2.0,300.3198461403737,4.740863756486046,0.598,0.022926734892402365,0.598,0.0,0.022917651,2.0
3.6075701217670333,-1.1395766324856031,2.0,300.4659878261714,4.740001393156046,0.599,0.02292669308807262,0.599,0.0,0.022917651,2.0
3.607873881554834,-1.1367074072288885,2.0,300.6122887117997,4.739139019517564,0.6,0.022926651237331057,0.6,0.0,0.022917651,2.0
3.6082374758272735,-1.133855886676167,2.0,300.7266877829847,4.738411344122184,0.601,0.02292664735860722,0.601,0.0,0.022917651,2.0
3.608601094874214,-1.131004177017913,2.0,300.8412356230592,4.737683578716133,0.602,0.022926643465658217,0.602,0.0,0.022917651,2.0
3.6089647390315265,-1.1281522756903917,2.0,300.9559342489068,4.736955722079125,0.603,0.02292663955829118,0.603,0.0,0.022917651,2.0
3.6093284086411814,-1.125300180083317,2.0,301.0707857140342,4.736227772968711,0.6040000000000001,0.022926635636309756,0.604,0.0,0.022917651,2.0
3.6096921040513883,-1.122447887538787,2.0,301.1857921094064,4.73549973011978,0.605,0.022926631699514012,0.605,0.0,0.022917651,2.0
3.6100558256167363,-1.1195953953501958,2.0,301.3009555643044,4.734771592244038,0.6060000000000001,0.022926627747700344,0.606,0.0,0.022917651,2.0
3.6104195736983424,-1.1167427007611106,2.0,301.4162782472072,4.734043358029476,0.607,0.02292662378066141,0.607,0.0,0.022917651,2.0
3.6107833486640017,-1.113889800964121,2.0,301.53176236669793,4.733315026139819,0.608,0.02292661979818602,0.608,0.0,0.022917651,2.0
3.611147150888345,-1.111036693099656,2.0,301.6474101723951,4.732586595213967,0.6090000000000001,0.022926615800059072,0.609,0.0,0.022917651,2.0
3.611510980752992,-1.1081833742547649,2.0,301.7632239559102,4.731858063865408,0.61,0.022926611786061438,0.61,0.0,0.022917651,2.0
3.6118748386467243,-1.105329841461867,2.0,301.87920605183194,4.73112943068163,0.6110000000000001,0.022926607755969892,0.611,0.0,0.022917651,2.0
3.612238724965646,-1.102476091697465,2.0,301.995358838739,4.730400694223504,0.612,0.02292660370955699,0.612,0.0,0.022917651,2.0
3.6126026401133617,-1.0996221218808215,2.0,302.1116847402406,4.72967185302466,0.613,0.02292659964659099,0.613,0.0,0.022917651,2.0
3.6129665845011516,-1.096767928872597,2.0,302.22818622604706,4.728942905590832,0.614,0.02292659556683575,0.614,0.0,0.022917651,2.0
3.6133305585481574,-1.093913509473453,2.0,302.3448658130718,4.728213850399191,0.615,0.02292659147005059,0.615,0.0,0.022917651,2.0
3.6136945626815717,-1.091058860422607,2.0,302.461726066564,4.727484685897669,0.6160000000000002,0.022926587355990236,0.616,0.0,0.022917651,2.0
3.614058597336828,-1.0882039783963549,2.0,302.57876960127453,4.726755410504245,0.617,0.022926583224404648,0.617,0.0,0.022917651,2.0
3.614422662957806,-1.0853488600065428,2.0,302.69599908265616,4.72602602260622,0.6180000000000001,0.022926579075038978,0.618,0.0,0.022917651,2.0
3.6147867599970307,-1.082493501798999,2.0,302.813417228098,4.725296520559477,0.619,0.022926574907633383,0.619,0.0,0.022917651,2.0
3.6151508889158914,-1.0796379002519172,2.0,302.9310268081969,4.724566902687699,0.6200000000000001,0.022926570721922935,0.62,0.0,0.022917651,2.0
3.615515050184854,-1.0767820517741933,2.0,303.04883064806626,4.72383716728159,0.6210000000000001,0.022926566517637515,0.621,0.0,0.022917651,2.0
3.615879244283688,-1.0739259527037122,2.0,303.1668316286834,4.723107312598051,0.622,0.022926562294501622,0.622,0.0,0.022917651,2.0
3.6162434717016976,-1.0710695993055854,2.0,303.2850326882771,4.722377336859347,0.6230000000000001,0.02292655805223432,0.623,0.0,0.022917651,2.0
3.6166077329379576,-1.068212987770331,2.0,303.40343682375726,4.721647238252236,0.6240000000000001,0.02292655379054905,0.624,0.0,0.022917651,2.0
3.6169720285015616,-1.0653561142120065,2.0,303.5220470921867,4.720917014927082,0.625,0.022926549509153488,0.625,0.0,0.022917651,2.0
3.6173363589118726,-1.0624989746662765,2.0,303.64086661229845,4.720186664996936,0.6260000000000001,0.022926545207749425,0.626,0.0,0.022917651,2.0
3.617700724698784,-1.0596415650884292,2.0,303.7598985660584,4.719456186536592,0.6270000000000001,0.022926540886032604,0.627,0.0,0.022917651,2.0
3.6180651264029864,-1.056783881351327,2.0,303.87914620027595,4.718725577581609,0.628,0.022926536543692574,0.628,0.0,0.022917651,2.0
3.6184295645762465,-1.0539259192432973,2.0,303.99861282826475,4.717994836127312,0.629,0.022926532180412507,0.629,0.0,0.022917651,2.0
3.618794039781692,-1.051067674465955,2.0,304.1183018315538,4.717263960127751,0.6300000000000001,0.02292652779586907,0.63,0.0,0.022917651,2.0
3.6191585525941012,-1.0482091426319629,2.0,304.2382166616519,4.716532947494634,0.6310000000000001,0.02292652338973224,0.631,0.0,0.022917651,2.0
3.619523103600213,-1.0453503192627145,2.0,304.3583608418679,4.71580179609623,0.632,0.022926518961665105,0.632,0.0,0.022917651,2.0
3.6198876933990323,-1.0424911997859518,2.0,304.4787379691871,4.71507050375623,0.633,0.022926514511323732,0.633,0.0,0.022917651,2.0
3.6202523226021577,-1.039631779533303,2.0,304.5993517162072,4.714339068252578,0.6340000000000001,0.022926510038356954,0.634,0.0,0.022917651,2.0
3.6206169918341122,-1.0367720537377425,2.0,304.72020583313565,4.713607487316258,0.6350000000000001,0.02292650554240617,0.635,0.0,0.022917651,2.0
3.6209817017326853,-1.033912017530973,2.0,304.8413041498508,4.712875758630053,0.6360000000000001,0.02292650102310517,0.636,0.0,0.022917651,2.0
3.6213464529492887,-1.031051665940722,2.0,304.9626505780288,4.712143879827256,0.637,0.022926496480079925,0.637,0.0,0.022917651,2.0
3.621711246149322,-1.0281909938879485,2.0,305.0842491133386,4.711411848490338,0.638,0.02292649191294838,0.638,0.0,0.022917651,2.0
3.622076082012549,-1.025329996183965,2.0,305.20610383770963,4.710679662149582,0.639,0.022926487321320212,0.639,0.0,0.022917651,2.0
3.6224409612334894,-1.02246866752746,2.0,305.32821892167095,4.709947318281664,0.64,0.022926482704796643,0.64,0.0,0.022917651,2.0
3.622805884521818,-1.0196070025014272,2.0,305.4505986267693,4.70921481430819,0.6410000000000001,0.022926478062970188,0.641,0.0,0.022917651,2.0
3.623170852602784,-1.0167449955699914,2.0,305.57324730806465,4.7084821475941885,0.642,0.022926473395424415,0.642,0.0,0.022917651,2.0
3.623535866217638,-1.0138826410751303,2.0,305.69616941671063,4.707749315446548,0.643,0.022926468701733708,0.643,0.0,0.022917651,2.0
3.6239009261240778,-1.0110199332332868,2.0,305.8193695026183,4.707016315112403,0.644,0.022926463981463013,0.644,0.0,0.022917651,2.0
3.6242660330967054,-1.0081568661318672,2.0,305.94285221721117,4.706283143777472,0.645,0.02292645923416756,0.645,0.0,0.022917651,2.0
3.6246311879275015,-1.005293433725624,2.0,306.0666223162719,4.70554979856433,0.6460000000000001,0.022926454459392606,0.646,0.0,0.022917651,2.0
3.6249963914263157,-1.0024296298329134,2.0,306.1906846628853,4.7048162765306305,0.647,0.022926449656673148,0.647,0.0,0.022917651,2.0
3.625361644421376,-0.9995654481318277,2.0,306.31504423048233,4.704082574667265,0.648,0.02292644482553362,0.648,0.0,0.022917651,2.0
3.6257271114724356,-0.9967013228238223,2.0,306.43677216742907,4.703349785374906,0.6489999999999999,0.02292643995859863,0.649,0.0,0.022917651,2.0
3.626093108264193,-0.9938380831599601,2.0,306.5502554519396,4.702620000571604,0.65,0.022926435042699138,0.65,0.0,0.022917651,2.0
3.6264591580475956,-0.9909744292931592,2.0,306.66407458882645,4.701890013532628,0.6510000000000001,0.022926430097762514,0.651,0.0,0.022917651,2.0
3.6268252617890586,-0.9881103536695394,2.0,306.77823570307925,4.701159820569775,0.652,0.022926425123259212,0.652,0.0,0.022917651,2.0
3.627191420478642,-0.9852458485504147,2.0,306.892745069535,4.700429417904612,0.653,0.022926420118646717,0.653,0.0,0.022917651,2.0
3.627557635130777,-0.9823809060066087,2.0,307.007609117489,4.699698801665697,0.6540000000000001,0.022926415083369168,0.654,0.0,0.022917651,2.0
3.6279239067850173,-0.9795155179125548,2.0,307.12283443547625,4.698967967885702,0.655,0.022926410016856923,0.655,0.0,0.022917651,2.0
3.6282902365068295,-0.9766496759401804,2.0,307.23842777623304,4.698236912498421,0.6560000000000001,0.02292640491852617,0.656,0.0,0.022917651,2.0
3.6286566253883965,-0.9737833715525568,2.0,307.35439606184366,4.697505631335681,0.657,0.022926399787778426,0.657,0.0,0.022917651,2.0
3.6290230745494654,-0.9709165959973122,2.0,307.4707463890828,4.696774120124108,0.658,0.022926394624000125,0.658,0.0,0.022917651,2.0
3.629389585138222,-0.9680493402997905,2.0,307.5874860349618,4.696042374481806,0.659,0.02292638942656211,0.659,0.0,0.022917651,2.0
3.629756158332198,-0.9651815952559518,2.0,307.70462246248604,4.6953103899148765,0.66,0.022926384194819144,0.66,0.0,0.022917651,2.0
3.6301227953392163,-0.9623133514249946,2.0,307.8221633266366,4.6945781618138245,0.6610000000000001,0.02292637892810939,0.661,0.0,0.022917651,2.0
3.630489497398369,-0.9594445991216946,2.0,307.94011648058205,4.693845685449814,0.662,0.022926373625753886,0.662,0.0,0.022917651,2.0
3.6308562657810395,-0.9565753284084427,2.0,308.0584899821351,4.69311295597078,0.663,0.02292636828705596,0.663,0.0,0.022917651,2.0
3.6312231017919565,-0.9537055290869703,2.0,308.17729210046133,4.692379968397391,0.664,0.022926362911300683,0.664,0.0,0.022917651,2.0
3.6315900067703,-0.9508351906897468,2.0,308.29653132305504,4.691646717618848,0.6650000000000001,0.02292635749775424,0.665,0.0,0.022917651,2.0
3.6319569820908395,-0.947964302471033,2.0,308.41621636299294,4.690913198388517,0.666,0.022926352045663317,0.666,0.0,0.022917651,2.0
3.6323240291651318,-0.9450928533975779,2.0,308.5363561664782,4.690179405319382,0.667,0.022926346554254445,0.667,0.0,0.022917651,2.0
3.6326911494427523,-0.9422208321389369,2.0,308.65695992069027,4.689445332879326,0.6680000000000001,0.022926341022733315,0.668,0.0,0.022917651,2.0
3.6330583444125883,-0.9393482270573977,2.0,308.7780370619534,4.6887109753862015,0.6689999999999999,0.022926335450284083,0.669,0.0,0.022917651,2.0
3.6334256156041804,-0.9364750261974943,2.0,308.8995972842401,4.687976327002725,0.67,0.022926329836068626,0.67,0.0,0.022917651,2.0
3.6337929645891167,-0.9336012172750856,2.0,309.0216505480247,4.6872413817311305,0.6710000000000002,0.02292632417922579,0.671,0.0,0.022917651,2.0
3.634160392982491,-0.9307267876659846,2.0,309.14420708950536,4.686506133407625,0.672,0.022926318478870555,0.672,0.0,0.022917651,2.0
3.6345279024444164,-0.9278517243941083,2.0,309.26727743021087,4.685770575696603,0.673,0.02292631273409327,0.673,0.0,0.022917651,2.0
3.634895494681607,-0.9249760141191323,2.0,309.3908723870124,4.6850347020846135,0.674,0.022926306943958714,0.674,0.0,0.022917651,2.0
3.635263171449023,-0.922099643123618,2.0,309.51500308255993,4.684298505874084,0.675,0.02292630110750526,0.675,0.0,0.022917651,2.0
3.635630934551588,-0.9192225972995933,2.0,309.63968095616355,4.683561980176759,0.676,0.022926295223743877,0.676,0.0,0.022917651,2.0
3.6359987858459792,-0.9163448621345552,2.0,309.76491777514394,4.68282511790687,0.677,0.02292628929165719,0.677,0.0,0.022917651,2.0
3.6363667272424975,-0.9134664226968646,2.0,309.8907256466733,4.682087911774006,0.6780000000000002,0.022926283310198435,0.678,0.0,0.022917651,2.0
3.6367347607070157,-0.9105872636205058,2.0,310.01711703013433,4.6813503542756685,0.679,0.022926277278290403,0.679,0.0,0.022917651,2.0
3.6371028882630156,-0.9077073690891752,2.0,310.1441047500214,4.680612437689506,0.68,0.02292627119482431,0.68,0.0,0.022917651,2.0
3.6374711119937126,-0.9048267228196645,2.0,310.2717020094133,4.6798741540652,0.6810000000000002,0.02292626505865864,0.681,0.0,0.022917651,2.0
3.6378394340442766,-0.9019453080445051,2.0,310.39992240404723,4.679135495215989,0.682,0.022926258868617946,0.682,0.0,0.022917651,2.0
3.6382078566241534,-0.8990631074938297,2.0,310.52877993702515,4.678396452709813,0.683,0.02292625262349153,0.683,0.0,0.022917651,2.0
3.638576382009487,-0.8961801033764139,2.0,310.65828903418605,4.677657017860064,0.6840000000000002,0.02292624632203218,0.684,0.0,0.022917651,2.0
3.6389450125456615,-0.8932962773598532,2.0,310.7884645601798,4.676917181715894,0.685,0.022926239962954717,0.685,0.0,0.022917651,2.0
3.6393137506499484,-0.8904116105498278,2.0,310.91932183527973,4.676176935052103,0.6860000000000002,0.02292623354493458,0.686,0.0,0.022917651,2.0
3.639682598814283,-0.8875260834684064,2.0,311.05087665297435,4.67543626835854,0.687,0.022926227066606304,0.687,0.0,0.022917651,2.0
3.640051559608175,-0.8846396760313392,2.0,311.18314529838074,4.674695171829017,0.6880000000000001,0.0229262205265619,0.6880000000000001,0.0,0.022917651,2.0
3.6404206356817426,-0.8817523675242775,2.0,311.316144567524,4.673953635349697,0.6890000000000002,0.022926213923349228,0.6890000000000001,0.0,0.022917651,2.0
3.6407898297689036,-0.8788641365778717,2.0,311.4498917875311,4.673211648486941,0.6900000000000001,0.022926207255470205,0.6900000000000001,0.0,0.022917651,2.0
3.6411591906182905,-0.8759750464347982,2.0,311.5839805519253,4.672469469490987,0.6910000000000001,0.022926200524805176,0.6910000000000001,0.0,0.022917651,2.0
3.641529081247378,-0.8730857103586626,2.0,311.71544924650584,4.671729163784263,0.6920000000000001,0.022926193756165617,0.6920000000000001,0.0,0.022917651,2.0
3.6418991059105155,-0.8701953357243635,2.0,311.8482954468506,4.67098835563514,0.6930000000000002,0.022926186917714066,0.6930000000000001,0.0,0.022917651,2.0
3.642269268034202,-0.867303895981799,2.0,311.9825543680493,4.670247032198991,0.6940000000000002,0.02292618000766583,0.6940000000000001,0.0,0.022917651,2.0
3.642639571162736,-0.8644113636681064,2.0,312.1182624358442,4.6695051801895975,0.6950000000000001,0.022926173024174854,0.6950000000000001,0.0,0.022917651,2.0
3.643010018963319,-0.861517710368097,2.0,312.2554573391073,4.668762785860023,0.6960000000000002,0.022926165965331063,0.6960000000000001,0.0,0.022917651,2.0
3.6433806152314316,-0.8586229066726168,2.0,312.39417808507085,4.668019834982458,0.6970000000000001,0.02292615882915757,0.6970000000000001,0.0,0.022917651,2.0
3.6437513638964933,-0.8557269221347009,2.0,312.53446505748144,4.667276312827016,0.6980000000000001,0.022926151613607726,0.6980000000000001,0.0,0.022917651,2.0
3.6441222690278217,-0.8528297252233874,2.0,312.6763600778596,4.666532204139384,0.6990000000000002,0.022926144316562026,0.6990000000000001,0.0,0.022917651,2.0
3.6444933348409125,-0.8499312832750431,2.0,312.8199064700602,4.6657874931172705,0.7,0.0229261369358248,0.7000000000000001,0.0,0.022917651,2.0
3.6448921405635195,-0.8472526953710255,2.0,312.9526407352178,4.665284047471208,0.7010000000000002,0.022926136250836615,0.7010000000000001,0.0,0.022917651,2.0
3.6452910139259367,-0.8445735800594132,2.0,313.0860309093309,4.664780344987538,0.7020000000000001,0.022926135561496603,0.7020000000000001,0.0,0.022917651,2.0
3.645689955961167,-0.8418939292855668,2.0,313.2200870095281,4.664276381743803,0.7030000000000001,0.022926134867738316,0.7030000000000001,0.0,0.022917651,2.0
3.6460889677233586,-0.8392137348299936,2.0,313.35481925795915,4.663772153737265,0.7039999999999998,0.02292613416949393,0.704,0.0,0.022917651,2.0
3.6464880502883434,-0.8365329883041056,2.0,313.49023808706687,4.663267656882838,0.705,0.022926133466694216,0.705,0.0,0.022917651,2.0
3.6468872047542016,-0.8338516811458511,2.0,313.62635414502273,4.662762887010965,0.706,0.02292613275926854,0.706,0.0,0.022917651,2.0
3.6472864322418377,-0.8311698046152063,2.0,313.76317830133246,4.662257839865416,0.7070000000000001,0.02292613204714478,0.707,0.0,0.022917651,2.0
3.647685733895577,-0.8284873497895273,2.0,313.90072165261665,4.661752511101033,0.7080000000000001,0.022926131330249313,0.708,0.0,0.022917651,2.0
3.648085110883781,-0.8258043075587558,2.0,314.0389955285738,4.661246896281388,0.709,0.022926130608506963,0.709,0.0,0.022917651,2.0
3.6484845643994803,-0.8231206686204713,2.0,314.17801149813226,4.660740990876375,0.71,0.022926129881840982,0.71,0.0,0.022917651,2.0
3.6488840956610322,-0.8204364234747881,2.0,314.317781375798,4.66023479025973,0.711,0.022926129150172975,0.711,0.0,0.022917651,2.0
3.649283705912794,-0.8177515624190873,2.0,314.4583172282055,4.659728289706457,0.712,0.02292612841342289,0.712,0.0,0.022917651,2.0
3.6496833964258206,-0.8150660755425797,2.0,314.59963138087966,4.659221484390191,0.7130000000000001,0.02292612767150894,0.713,0.0,0.022917651,2.0
3.650083168498582,-0.8123799527206925,2.0,314.74173642521635,4.658714369380453,0.7140000000000001,0.02292612692434759,0.714,0.0,0.022917651,2.0
3.650483023457715,-0.8096931836092747,2.0,314.8846452256898,4.658206939639834,0.715,0.02292612617185349,0.715,0.0,0.022917651,2.0
3.650882962658778,-0.8070057576386108,2.0,315.0283709272965,4.657699190021084,0.7159999999999999,0.022926125413939416,0.716,0.0,0.022917651,2.0
3.6512829874870567,-0.8043176640072396,2.0,315.17292696324324,4.657191115264093,0.717,0.022926124650516258,0.717,0.0,0.022917651,2.0
3.651683099358373,-0.8016288916755672,2.0,315.3183270628891,4.656682709992784,0.7180000000000001,0.02292612388149291,0.718,0.0,0.022917651,2.0
3.6520833828635455,-0.7989396198691721,2.0,315.46446228467823,4.656174491904351,0.719,0.02292612309446345,0.719,0.0,0.022917651,2.0
3.6524840005564765,-0.796250217536943,2.0,315.61111604873093,4.655667480359364,0.7200000000000001,0.022926122265958717,0.72,0.0,0.022917651,2.0
3.6528847108203304,-0.7935601229563193,2.0,315.75866694709714,4.655160146843695,0.7209999999999999,0.022926121432179897,0.721,0.0,0.022917651,2.0
3.6532855151988497,-0.7908693245831324,2.0,315.90712994069236,4.654652485988052,0.722,0.022926120593039043,0.722,0.0,0.022917651,2.0
3.6536864152702972,-0.7881778106150932,2.0,316.0565203249491,4.6541444923030895,0.723,0.022926119748446234,0.723,0.0,0.022917651,2.0
3.654087412648421,-0.7854855689845366,2.0,316.2068537392195,4.653636160176032,0.724,0.022926118898309526,0.724,0.0,0.022917651,2.0
3.654488508983459,-0.7827925873509209,2.0,316.3581461764958,4.653127483867187,0.7250000000000001,0.02292611804253491,0.725,0.0,0.022917651,2.0
3.6548897059631797,-0.7800988530930718,2.0,316.5104139934627,4.652618457506337,0.726,0.02292611718102621,0.726,0.0,0.022917651,2.0
3.6552910053139502,-0.7774043533011582,2.0,316.6636739208959,4.652109075089011,0.727,0.022926116313685085,0.727,0.0,0.022917651,2.0
3.6556924088018463,-0.7747090747683931,2.0,316.81794307441675,4.651599330472616,0.728,0.022926115440410906,0.728,0.0,0.022917651,2.0
3.6560939182338066,-0.7720130039824461,2.0,316.97323896562307,4.651089217372453,0.729,0.02292611456110073,0.729,0.0,0.022917651,2.0
3.656495535458814,-0.7693161271165557,2.0,317.1295795136061,4.650578729357575,0.73,0.02292611367564922,0.73,0.0,0.022917651,2.0
3.6568972623691294,-0.7666184300203299,2.0,317.2869830568733,4.650067859846514,0.7310000000000001,0.022926112783948554,0.731,0.0,0.022917651,2.0
3.657299100901566,-0.7639198982102215,2.0,317.44546836569145,4.649556602102847,0.7319999999999999,0.022926111885888396,0.732,0.0,0.022917651,2.0
3.6577010530388057,-0.7612205168596656,2.0,317.60505465486875,4.6490449492306105,0.7329999999999999,0.02292611098135578,0.733,0.0,0.022917651,2.0
3.658103120810768,-0.7585202707888644,2.0,317.7657615969933,4.648532894169553,0.734,0.02292611007023506,0.734,0.0,0.022917651,2.0
3.6585053062960218,-0.7558191444542046,2.0,317.9276093361474,4.648020429690202,0.735,0.02292610915240781,0.735,0.0,0.022917651,2.0
3.6589076116232544,-0.7531171219372927,2.0,318.09061850211873,4.647507548388779,0.736,0.022926108227752744,0.736,0.0,0.022917651,2.0
3.6593100389727913,-0.7504141869335899,2.0,318.2548102251273,4.646994242681901,0.737,0.022926107296145654,0.737,0.0,0.022917651,2.0
3.659712590578169,-0.7477103227406326,2.0,318.4202061510931,4.646480504801109,0.738,0.022926106357459276,0.738,0.0,0.022917651,2.0
3.6601152687277696,-0.7450055122458186,2.0,318.5868284574641,4.645966326787185,0.739,0.02292610541156324,0.739,0.0,0.022917651,2.0
3.660518075766517,-0.7422997379137388,2.0,318.75469986963316,4.645451700484259,0.7400000000000001,0.022926104458323947,0.74,0.0,0.022917651,2.0
3.660921147769131,-0.7395933856104405,2.0,318.92283616117527,4.644937555832431,0.741,0.022926103489670096,0.741,0.0,0.022917651,2.0
3.6613244880563633,-0.7368864494107109,2.0,319.09117464049507,4.644423900190947,0.7420000000000001,0.02292610250518492,0.742,0.0,0.022917651,2.0
3.661727965155291,-0.7341785092637568,2.0,319.2607210959362,4.643909787843435,0.7430000000000001,0.022926101512598246,0.743,0.0,0.022917651,2.0
3.6621315816484756,-0.7314695462183091,2.0,319.4314983301719,4.643395210168765,0.744,0.022926100511757152,0.744,0.0,0.022917651,2.0
3.6625353401838896,-0.7287595408430939,2.0,319.6035297234302,4.642880158327449,0.7450000000000001,0.02292609950250482,0.745,0.0,0.022917651,2.0
3.6629392434770027,-0.726048473211538,2.0,319.77683925189615,4.6423646232546805,0.7460000000000001,0.022926098484680454,0.746,0.0,0.022917651,2.0
3.663343294312945,-0.7233363228858866,2.0,319.9514515068222,4.641848595653114,0.7470000000000001,0.022926097458119136,0.747,0.0,0.022917651,2.0
3.663747495548756,-0.720623068900706,2.0,320.1273917143786,4.641332065985354,0.748,0.022926096422651674,0.748,0.0,0.022917651,2.0
3.66415185011572,-0.7179086897457422,2.0,320.3046857562774,4.640815024466165,0.7490000000000001,0.022926095378104496,0.749,0.0,0.022917651,2.0
3.664556361021793,-0.7151931633481083,2.0,320.4833601912062,4.6402974610543595,0.75,0.022926094324299474,0.75,0.0,0.022917651,2.0
3.664961031354126,-0.7124764670537669,2.0,320.6634422771073,4.639779365444381,0.751,0.022926093261053798,0.751,0.0,0.022917651,2.0
3.6653658642816898,-0.7097585776082785,2.0,320.84495999434415,4.639260727057542,0.752,0.02292609218817982,0.752,0.0,0.022917651,2.0
3.665770863058003,-0.7070394711367771,2.0,321.0279420697932,4.63874153503292,0.753,0.02292609110548487,0.753,0.0,0.022917651,2.0
3.6661760310239706,-0.7043191231231405,2.0,321.21241800190757,4.638221778217875,0.7540000000000001,0.02292609001277112,0.754,0.0,0.022917651,2.0
3.666581371610838,-0.7015975083883152,2.0,321.39841808679705,4.637701445158194,0.7550000000000001,0.02292608890983538,0.755,0.0,0.022917651,2.0
3.6669868883432626,-0.6988746010677567,2.0,321.58597344537264,4.637180524087824,0.756,0.022926087796468934,0.756,0.0,0.022917651,2.0
3.6673925848425224,-0.6961503745879413,2.0,321.77511605160805,4.636659002918199,0.7569999999999999,0.022926086672457335,0.757,0.0,0.022917651,2.0
3.667798626341006,-0.693424900386755,2.0,321.9658835823883,4.6361376140459365,0.758,0.022926085526878383,0.758,0.0,0.022917651,2.0
3.668205159127021,-0.6906982404515677,2.0,322.1583244585876,4.635617004640218,0.759,0.022926084349574338,0.759,0.0,0.022917651,2.0
3.6686118870115023,-0.6879701839951584,2.0,322.3524696496214,4.635095779104341,0.76,0.022926083159949383,0.76,0.0,0.022917651,2.0
3.669018814109171,-0.685240701564226,2.0,322.54835510030443,4.634573924443824,0.761,0.02292608195774365,0.761,0.0,0.022917651,2.0
3.6694259446512745,-0.6825097628713611,2.0,322.7460177733992,4.634051427296189,0.762,0.02292608074268993,0.762,0.0,0.022917651,2.0
3.6698332829897415,-0.6797773367653062,2.0,322.94549568590736,4.633528273917835,0.763,0.02292607951451339,0.763,0.0,0.022917651,2.0
3.6702408336015195,-0.6770433911999377,2.0,323.14682794692584,4.633004450170358,0.7640000000000001,0.0229260782729313,0.764,0.0,0.022917651,2.0
3.6706486010930908,-0.6743078932019005,2.0,323.35005479714533,4.632479941506267,0.7650000000000001,0.022926077017652754,0.765,0.0,0.022917651,2.0
3.671056590205194,-0.6715708088368271,2.0,323.55521765007614,4.6319547329540836,0.7660000000000001,0.022926075748378356,0.766,0.0,0.022917651,2.0
3.671464805817752,-0.6688321031740698,2.0,323.7623591350887,4.631428809102782,0.767,0.022926074464799936,0.767,0.0,0.022917651,2.0
3.6718732529550175,-0.6660917402498685,2.0,323.9715231423649,4.630902154085537,0.768,0.022926073166600194,0.768,0.0,0.022917651,2.0
3.6722819367909465,-0.6633496830288712,2.0,324.18275486985686,4.630374751562749,0.7690000000000001,0.02292607185345238,0.769,0.0,0.022917651,2.0
3.6726908626548185,-0.6606058933639232,2.0,324.39610087236156,4.629846584704302,0.77,0.022926070525019947,0.77,0.0,0.022917651,2.0
3.6731000360371078,-0.6578603319540302,2.0,324.6116091128215,4.629317636171023,0.7710000000000001,0.022926069180956157,0.771,0.0,0.022917651,2.0
3.673509553979434,-0.6551133928258922,2.0,324.82910582586914,4.628788688423661,0.772,0.02292606782044929,0.772,0.0,0.022917651,2.0
3.6739194031987834,-0.6523649877890569,2.0,325.04866886766166,4.6282596000861735,0.7730000000000001,0.02292606644370344,0.773,0.0,0.022917651,2.0
3.6743295133624128,-0.6496147257259861,2.0,325.27053015558255,4.627729698487388,0.7739999999999999,0.022926065050873978,0.774,0.0,0.022917651,2.0
3.6747398904890995,-0.6468625638036902,2.0,325.4947426995197,4.627198964869138,0.775,0.022926063641589934,0.775,0.0,0.022917651,2.0
3.6751505407841525,-0.6441084578616952,2.0,325.7213611522485,4.626667379891897,0.7760000000000001,0.02292606221546883,0.776,0.0,0.022917651,2.0
3.675561470646699,-0.6413523623602149,2.0,325.95044187357496,4.626134923612088,0.777,0.02292606077211625,0.777,0.0,0.022917651,2.0
3.675972686677311,-0.6385942303258735,2.0,326.1820429975073,4.625601575458311,0.778,0.022926059311125367,0.778,0.0,0.022917651,2.0
3.6763841956859924,-0.6358340132948479,2.0,326.4162245026242,4.625067314206445,0.7790000000000001,0.022926057832076425,0.779,0.0,0.022917651,2.0
3.676796004700555,-0.6330716612532803,2.0,326.6530482858188,4.6245321179535495,0.7800000000000001,0.022926056334536267,0.78,0.0,0.022917651,2.0
3.677208120975394,-0.6303071225748097,2.0,326.8925782396103,4.623995964090509,0.7810000000000001,0.022926054818057758,0.781,0.0,0.022917651,2.0
3.6776205520006964,-0.6275403439550581,2.0,327.1348803332235,4.623458829273339,0.782,0.022926053282179223,0.782,0.0,0.022917651,2.0
3.6780333272276686,-0.6247713306829128,2.0,327.3799978646893,4.622920836493851,0.7830000000000001,0.02292605173365265,0.783,0.0,0.022917651,2.0
3.6784466088391437,-0.6220004485788799,2.0,327.62783053880617,4.622382999586612,0.7839999999999999,0.022926050223339788,0.784,0.0,0.022917651,2.0
3.678860234182163,-0.6192271590311513,2.0,327.8786513882905,4.621844130130233,0.785,0.022926048693853878,0.785,0.0,0.022917651,2.0
3.679274211942112,-0.6164514012085994,2.0,328.1325359181588,4.621304202034333,0.786,0.02292604714471044,0.786,0.0,0.022917651,2.0
3.6796885510994786,-0.6136731122132529,2.0,328.38956219884267,4.6207631883220595,0.787,0.022926045575408564,0.787,0.0,0.022917651,2.0
3.68010326094249,-0.6108922269917637,2.0,328.6498109760779,4.620221061092126,0.788,0.022926043985430154,0.788,0.0,0.022917651,2.0
3.680518351080415,-0.6081086782422837,2.0,328.9133657864913,4.619677791478868,0.789,0.022926042374239213,0.789,0.0,0.022917651,2.0
3.680933831457547,-0.6053223963164714,2.0,329.1803130792308,4.619133349610211,0.79,0.022926040741281052,0.79,0.0,0.022917651,2.0
3.681349712367942,-0.6025333091163305,2.0,329.45074234401494,4.618587704563427,0.791,0.02292603908598148,0.791,0.0,0.022917651,2.0
3.6817660044709237,-0.5997413419855545,2.0,329.72474624599516,4.618040824318536,0.792,0.022926037407745934,0.792,0.0,0.022917651,2.0
3.6821827797629365,-0.5969467903179392,2.0,330.00234544645343,4.617493293118935,0.793,0.02292603569942441,0.793,0.0,0.022917651,2.0
3.6826000545321853,-0.5941496197160732,2.0,330.2836323116869,4.616945141854534,0.7940000000000002,0.02292603396291797,0.794,0.0,0.022917651,2.0
3.683017775584245,-0.5913493558904488,2.0,330.56878956207055,4.616395682559845,0.7949999999999999,0.022926032205696067,0.795,0.0,0.022917651,2.0
3.6834359551918614,-0.5885459137776351,2.0,330.8579236329183,4.615844879264128,0.796,0.02292603042718903,0.796,0.0,0.022917651,2.0
3.683854606081943,-0.585739205166361,2.0,331.1511448982669,4.615292694665519,0.797,0.022926028626806094,0.797,0.0,0.022917651,2.0
3.6842737414567654,-0.5829291385505461,2.0,331.44856785477197,4.614739090068879,0.7980000000000002,0.022926026803934452,0.798,0.0,0.022917651,2.0
3.684693375016372,-0.5801156189740184,2.0,331.7503113160034,4.614184025320127,0.799,0.02292602495793817,0.799,0.0,0.022917651,2.0
3.685113520982265,-0.5772985478663673,2.0,332.05649861783485,4.613627458736836,0.8000000000000002,0.022926023088157117,0.8,0.0,0.022917651,2.0
3.685484819603184,-0.5748404603862727,2.0,332.12388048052514,4.613166091442616,0.801,0.022926022943459096,0.801,0.0,0.022917651,2.0
3.6858562127062457,-0.5723817775471884,2.0,332.1922648474468,4.6127045060465175,0.8020000000000002,0.022926022795887204,0.802,0.0,0.022917651,2.0
3.686227691994288,-0.5699224445469958,2.0,332.26169263942126,4.612242614775901,0.803,0.022926022645461102,0.803,0.0,0.022917651,2.0
3.686599228510308,-0.5674623311230548,2.0,332.33218765787905,4.61178017203007,0.804,0.022926022492248423,0.804,0.0,0.022917651,2.0
3.6869708229951192,-0.5650014271728144,2.0,332.40376371802,4.6113171706701985,0.805,0.022926022336213076,0.805,0.0,0.022917651,2.0
3.687342476202378,-0.5625397224185985,2.0,332.4764348745269,4.6108536034337195,0.8060000000000002,0.02292602217731837,0.806,0.0,0.022917651,2.0
3.68771418889886,-0.5600772064037945,2.0,332.55021542677724,4.6103894629316144,0.807,0.022926022015526966,0.807,0.0,0.022917651,2.0
3.6880859618647497,-0.5576138684889426,2.0,332.6251199241917,4.6099247416456635,0.808,0.022926021850800882,0.808,0.0,0.022917651,2.0
3.688457795893936,-0.5551496978477212,2.0,332.7011631717237,4.609459431925603,0.8090000000000002,0.022926021683101455,0.809,0.0,0.022917651,2.0
3.68882969179431,-0.5526846834628262,2.0,332.77836023549366,4.608993525986212,0.8100000000000002,0.02292602151238935,0.81,0.0,0.022917651,2.0
3.689201650388078,-0.550218814121742,2.0,332.8567264485741,4.608527015904327,0.8110000000000003,0.02292602133862453,0.811,0.0,0.022917651,2.0
3.68957367251208,-0.5477520784123981,2.0,332.9362774169279,4.608059893615776,0.8120000000000002,0.022926021161766237,0.812,0.0,0.022917651,2.0
3.689945759018116,-0.5452844647187096,2.0,333.01702902550653,4.6075921509122155,0.8130000000000002,0.022926020981773012,0.8130000000000001,0.0,0.022917651,2.0
3.690317910773283,-0.5428159612159976,2.0,333.0989974445126,4.607123779437909,0.8140000000000002,0.022926020798602623,0.8140000000000001,0.0,0.022917651,2.0
3.690690128660317,-0.5403465558662869,2.0,333.1821991358316,4.6066547706863945,0.8150000000000002,0.022926020612212092,0.8150000000000001,0.0,0.022917651,2.0
3.6910624332013793,-0.5378764928494275,2.0,333.26667344364466,4.606185450975046,0.8160000000000002,0.022926020438380497,0.8160000000000001,0.0,0.022917651,2.0
3.691434808314564,-0.5354055489454675,2.0,333.3524235582593,4.6057155326509225,0.8170000000000002,0.02292602026647285,0.8170000000000001,0.0,0.022917651,2.0
3.691807251979422,-0.5329336739226752,2.0,333.4394638620396,4.605244957388495,0.8180000000000001,0.022926020094326156,0.8180000000000001,0.0,0.022917651,2.0
3.692179765136097,-0.5304608550113334,2.0,333.52781204912986,4.60477371617826,0.8190000000000001,0.022926019921937164,0.8190000000000001,0.0,0.022917651,2.0
3.6925523487420033,-0.5279870792071473,2.0,333.61748613871276,4.604301799845214,0.8200000000000001,0.022926019749302515,0.8200000000000001,0.0,0.022917651,2.0
3.6929250037722228,-0.5255123332658332,2.0,333.7085044825071,4.60382919904503,0.8210000000000001,0.02292601957641882,0.8210000000000001,0.0,0.022917651,2.0
3.6932977312199164,-0.5230366036975574,2.0,333.80088577247454,4.603355904260141,0.822,0.022926019403282608,0.8220000000000001,0.0,0.022917651,2.0
3.6936705320967453,-0.5205598767612187,2.0,333.8946490487414,4.602881905795697,0.8230000000000002,0.022926019229890366,0.8230000000000001,0.0,0.022917651,2.0
3.6940434074332993,-0.5180821384585701,2.0,333.98981370774317,4.602407193775424,0.8240000000000001,0.022926019056238485,0.8240000000000001,0.0,0.022917651,2.0
3.6944163582795473,-0.5156033745281763,2.0,334.08639951059774,4.601931758137359,0.8250000000000001,0.022926018882323308,0.8250000000000001,0.0,0.022917651,2.0
3.694789385705292,-0.5131235704391987,2.0,334.1844265917178,4.601455588629465,0.8260000000000002,0.022926018708141108,0.8260000000000001,0.0,0.022917651,2.0
3.6951624908006413,-0.510642711385004,2.0,334.28391546766613,4.600978674805123,0.8270000000000002,0.022926018533688083,0.8270000000000001,0.0,0.022917651,2.0
3.6955357302496945,-0.5081607022266398,2.0,334.3849213368215,4.600501148885707,0.8280000000000002,0.022926018296679705,0.8280000000000001,0.0,0.022917651,2.0
3.6959090745753085,-0.5056775726990691,2.0,334.487451233669,4.600022922429415,0.8290000000000002,0.022926018024490027,0.8290000000000001,0.0,0.022917651,2.0
3.6962824947941466,-0.503193350927071,2.0,334.59150907122887,4.599543907305791,0.8300000000000003,0.02292601774932926,0.8300000000000001,0.0,0.022917651,2.0
3.6966559919932145,-0.5007080212665983,2.0,334.6971167339579,4.5990640922188755,0.8310000000000001,0.022926017471154844,0.8310000000000001,0.0,0.022917651,2.0
3.6970295672803766,-0.49822156777341486,2.0,334.8042965262485,4.598583465655955,0.8320000000000002,0.022926017189923407,0.8320000000000001,0.0,0.022917651,2.0
3.6974032217848602,-0.49573397419585974,2.0,334.913071182549,4.5981020158823345,0.8330000000000001,0.02292601690559075,0.833,0.0,0.022917651,2.0
3.6977769566577687,-0.4932452239674016,2.0,335.0234638777791,4.597619730935965,0.8340000000000001,0.0229260166181118,0.834,0.0,0.022917651,2.0
3.698150773072618,-0.49075530019897706,2.0,335.13549823804937,4.597136598621909,0.8350000000000001,0.022926016327440617,0.835,0.0,0.022917651,2.0
3.698524672225883,-0.4882641856711028,2.0,335.2491983516953,4.596652606506646,0.8360000000000001,0.022926016033530366,0.836,0.0,0.022917651,2.0
3.6988986553375582,-0.4857718628257545,2.0,335.3645887806362,4.596167741912208,0.8370000000000001,0.02292601573633329,0.837,0.0,0.022917651,2.0
3.699272723651747,-0.4832783137580072,2.0,335.4816945720718,4.595681991910141,0.838,0.022926015435800674,0.838,0.0,0.022917651,2.0
3.6996468923279755,-0.4807836715956847,2.0,335.60058595627714,4.59519555036184,0.8390000000000001,0.02292601512938735,0.839,0.0,0.022917651,2.0
3.7000211556466636,-0.478287828881245,2.0,335.72126354787594,4.594708286847272,0.8400000000000001,0.022926014818661824,0.84,0.0,0.022917651,2.0
3.7003955099179526,-0.4757907098318072,2.0,335.8437373046231,4.59422011078344,0.8410000000000001,0.022926014504535616,0.841,0.0,0.022917651,2.0
3.700769956516981,-0.4732922951501035,2.0,335.96803438324497,4.5937310083732585,0.8420000000000001,0.02292601418695732,0.842,0.0,0.022917651,2.0
3.7011444968467475,-0.47079256514788087,2.0,336.0941824906944,4.593240965540092,0.8430000000000001,0.022926013865874475,0.843,0.0,0.022917651,2.0
3.7015191323388237,-0.46829149973594897,2.0,336.22220989815696,4.592749967920646,0.844,0.02292601354123355,0.844,0.0,0.022917651,2.0
3.701893864454082,-0.46578907841392153,2.0,336.3521454554876,4.5922580008576315,0.8449999999999999,0.022926013212979934,0.845,0.0,0.022917651,2.0
3.7022686946834535,-0.46328528025964183,2.0,336.4840186060918,4.5917650493922,0.8460000000000001,0.02292601288105787,0.846,0.0,0.022917651,2.0
3.702643624548697,-0.4607800839182791,2.0,336.6178594022694,4.591271098256156,0.8469999999999999,0.022926012545410473,0.847,0.0,0.022917651,2.0
3.7030186556032083,-0.4582734675910869,2.0,336.75369852103637,4.590776131863913,0.848,0.02292601220597965,0.848,0.0,0.022917651,2.0
3.7033938198199188,-0.4557654041278454,2.0,336.891743261081,4.590280249154041,0.849,0.022926011901600554,0.849,0.0,0.022917651,2.0
3.7037690909429437,-0.45325588562910324,2.0,337.03188454390477,4.589783338744516,0.8500000000000001,0.02292601159877523,0.85,0.0,0.022917651,2.0
3.7041444651290343,-0.4507448909393297,2.0,337.1741249531946,4.589285364420978,0.851,0.022926011290636716,0.851,0.0,0.022917651,2.0
3.7045199440058387,-0.44823239674541415,2.0,337.31849763992255,4.588786309381303,0.8520000000000001,0.022926010977101098,0.852,0.0,0.022917651,2.0
3.7048955292354613,-0.44571837924074403,2.0,337.4650364568146,4.5882861564676904,0.853,0.022926010658082696,0.853,0.0,0.022917651,2.0
3.7052712225153774,-0.4432028141120771,2.0,337.6137759770183,4.587784888157207,0.854,0.022926010333493996,0.854,0.0,0.022917651,2.0
3.7056470255793776,-0.440685676525992,2.0,337.76475151336984,4.587282486552018,0.855,0.022926010003245612,0.855,0.0,0.022917651,2.0
3.70602294019855,-0.4381669411149024,2.0,337.9179991382816,4.586778933369305,0.856,0.022926009667246252,0.856,0.0,0.022917651,2.0
3.706398968182281,-0.4356465819626168,2.0,338.07355570427615,4.586274209930861,0.857,0.022926009325402626,0.857,0.0,0.022917651,2.0
3.706775219185203,-0.4331243536321437,2.0,338.2315003169491,4.585768512866902,0.858,0.022926009090061383,0.858,0.0,0.022917651,2.0
3.7071516014039485,-0.4306004221329157,2.0,338.39183553049037,4.5852616378678,0.859,0.022926008866175244,0.859,0.0,0.022917651,2.0
3.70752810529972,-0.42807478325588555,2.0,338.55459632852205,4.584753542195396,0.86,0.022926008641867023,0.86,0.0,0.022917651,2.0
3.7079047328931707,-0.4255474086471634,2.0,338.7198229919682,4.584244205578348,0.861,0.022926008417129703,0.861,0.0,0.022917651,2.0
3.708281486249944,-0.4230182693215457,2.0,338.8875566986278,4.583733607293965,0.862,0.022926008191956122,0.862,0.0,0.022917651,2.0
3.708658367481931,-0.42048733564484625,2.0,339.05783954827666,4.58322172615557,0.863,0.022926007966338955,0.863,0.0,0.022917651,2.0
3.709035378748578,-0.4179545773156307,2.0,339.2307145886157,4.582708540499445,0.864,0.022926007740270708,0.864,0.0,0.022917651,2.0
3.709412522258228,-0.41541996334633,2.0,339.40622584210263,4.582194028171329,0.865,0.022926007513743723,0.865,0.0,0.022917651,2.0
3.709789878126871,-0.4128833074759042,2.0,339.58452763579277,4.58167832128043,0.866,0.0229260071441596,0.866,0.0,0.022917651,2.0
3.7101673962199833,-0.4103446866320415,2.0,339.76559380413704,4.5811612976725815,0.867,0.02292600672464941,0.867,0.0,0.022917651,2.0
3.7105450543326706,-0.4078041172823008,2.0,339.949437115658,4.580642885663375,0.8680000000000001,0.022926006299742493,0.868,0.0,0.022917651,2.0
3.7109228548933944,-0.4052615656323036,2.0,340.1361057364033,4.580123061172735,0.8690000000000001,0.022926005869345262,0.869,0.0,0.022917651,2.0
3.7113008003871033,-0.40271699710163245,2.0,340.32564895273697,4.579601799560503,0.8700000000000001,0.022926005433361932,0.87,0.0,0.022917651,2.0
3.711678893356881,-0.40017037630084407,2.0,340.518117204102,4.579079075610047,0.871,0.022926004991694476,0.871,0.0,0.022917651,2.0
3.7120571364056594,-0.3976216670076706,2.0,340.7135621169397,4.578554863511314,0.872,0.022926004544242592,0.872,0.0,0.022917651,2.0
3.7124355598912975,-0.39507072560714773,2.0,340.9120951953551,4.5780291404768745,0.8730000000000001,0.022926004090078417,0.873,0.0,0.022917651,2.0
3.7128141985463876,-0.39251739291011306,2.0,341.11384094751884,4.5775018855395775,0.874,0.02292600362824472,0.874,0.0,0.022917651,2.0
3.7131929950597597,-0.38996186235135977,2.0,341.3187287767858,4.57697306419606,0.875,0.022926003160479692,0.875,0.0,0.022917651,2.0
3.7135719522765114,-0.3874040943185607,2.0,341.5268153131911,4.576442648214795,0.876,0.02292600268667643,0.876,0.0,0.022917651,2.0
3.713951073110525,-0.38484404824171814,2.0,341.73815855586156,4.575910608681724,0.877,0.022926002206725443,0.877,0.0,0.022917651,2.0
3.7143303605465574,-0.38228168256404715,2.0,341.9528179146415,4.575376915979515,0.878,0.022926001720514597,0.878,0.0,0.022917651,2.0
3.7147098176424076,-0.37971695471178973,2.0,342.17085425324626,4.574841539766038,0.879,0.02292600122792899,0.879,0.0,0.022917651,2.0
3.715089478375858,-0.37714968464374315,2.0,342.3924164267919,4.574304437551431,0.88,0.02292600072889328,0.88,0.0,0.022917651,2.0
3.7154693483800156,-0.3745798186072665,2.0,342.61757600813473,4.573765578174675,0.8809999999999999,0.022926000223291835,0.881,0.0,0.022917651,2.0
3.715849398509411,-0.3720074548564784,2.0,342.8463078579844,4.573224941558388,0.882,0.022925999710957053,0.882,0.0,0.022917651,2.0
3.7162296321526553,-0.3694325464030536,2.0,343.0786791797489,4.572682494268199,0.883,0.022925999191762265,0.883,0.0,0.022917651,2.0
3.716610052783893,-0.36685504507260375,2.0,343.3147588731619,4.572138202025796,0.8840000000000001,0.022925998665577603,0.884,0.0,0.022917651,2.0
3.7169906639655195,-0.36427490146701647,2.0,343.55461758814516,4.571592029682132,0.885,0.022925998132269892,0.885,0.0,0.022917651,2.0
3.7173714905293087,-0.3616919348997325,2.0,343.798389002507,4.571043895675635,0.8860000000000001,0.022925997606281,0.886,0.0,0.022917651,2.0
3.717752600169956,-0.3591056904110218,2.0,344.0463402098323,4.570493615208179,0.8870000000000001,0.022925997135854716,0.887,0.0,0.022917651,2.0
3.7181339047669684,-0.3565166722803816,2.0,344.2982866093353,4.569941340946162,0.888,0.02292599666062662,0.888,0.0,0.022917651,2.0
3.718515408087455,-0.35392482691322275,2.0,344.55430539940363,4.569387034363846,0.889,0.02292599618050392,0.889,0.0,0.022917651,2.0
3.718897113996206,-0.35133009932520626,2.0,344.81447578023904,4.56883065593649,0.89,0.022925995695391437,0.89,0.0,0.022917651,2.0
3.719279026458883,-0.34873243309690305,2.0,345.078879019167,4.56827216510776,0.8910000000000001,0.02292599520519149,0.891,0.0,0.022917651,2.0
3.7196612217570313,-0.34613154819012626,2.0,345.3476557929118,4.567711586284391,0.892,0.02292599475724887,0.892,0.0,0.022917651,2.0
3.7200437578608483,-0.3435272243511806,2.0,345.6209410151993,4.567148930573087,0.893,0.02292599438361597,0.893,0.0,0.022917651,2.0
3.7204265246873174,-0.3409197542128302,2.0,345.8987356784178,4.566584051348916,0.894,0.0229259940075101,0.894,0.0,0.022917651,2.0
3.7208095269208608,-0.3383090738949126,2.0,346.18113133895827,4.566016903467299,0.895,0.022925993628881057,0.895,0.0,0.022917651,2.0
3.721192769373581,-0.33569511777618066,2.0,346.46822204862553,4.5654474405532195,0.896,0.022925993247677263,0.896,0.0,0.022917651,2.0
3.721576256989633,-0.3330778184345781,2.0,346.7601044402387,4.564875614959017,0.897,0.02292599286384572,0.897,0.0,0.022917651,2.0
3.7219599867348188,-0.3304565821394233,2.0,347.0571726033722,4.564300825078687,0.898,0.02292599224105165,0.898,0.0,0.022917651,2.0
3.7223439685086954,-0.32783186322974056,2.0,347.3592360137165,4.563723560892484,0.899,0.022925991604575757,0.899,0.0,0.022917651,2.0
3.7227282076247086,-0.3252035915658547,2.0,347.66639773204554,4.563143773496585,0.9000000000000001,0.02292599095536658,0.9,0.0,0.022917651,2.0
3.7230329903297386,-0.3229567202851985,2.0,347.77005414598693,4.56257360941832,0.901,0.022925990768403882,0.901,0.0,0.022917651,2.0
3.723337806354927,-0.32070875402266896,2.0,347.875334381955,4.5620024835793656,0.902,0.022925990581196792,0.902,0.0,0.022917651,2.0
3.7236426560803677,-0.3184596802874137,2.0,347.98225696347174,4.561430385008576,0.903,0.02292599039374251,0.903,0.0,0.022917651,2.0
3.723947612207194,-0.31620909978508277,2.0,348.090941134662,4.560857202909937,0.904,0.02292599020507727,0.904,0.0,0.022917651,2.0
3.724252633094698,-0.31395721697638046,2.0,348.20135472203174,4.560282976557617,0.905,0.02292599001573755,0.905,0.0,0.022917651,2.0
3.724557685585755,-0.31170419681942985,2.0,348.3134717441712,4.559707739357504,0.906,0.022925989826162486,0.906,0.0,0.022917651,2.0
3.7248627700426757,-0.30945002627535373,2.0,348.42731172973095,4.559131479720955,0.907,0.022925989636349405,0.907,0.0,0.022917651,2.0
3.7251678868333324,-0.30719469210520217,2.0,348.5428945070161,4.558554185881513,0.908,0.02292598944629555,0.908,0.0,0.022917651,2.0
3.7254730363312625,-0.30493818086609964,2.0,348.66024020975544,4.55797584589147,0.9090000000000003,0.022925989255998154,0.909,0.0,0.022917651,2.0
3.72577821891578,-0.3026804789073042,2.0,348.77936928300517,4.557396447618375,0.91,0.022925989065454375,0.91,0.0,0.022917651,2.0
3.726083434972087,-0.30042157236617306,2.0,348.90030248918987,4.556815978741445,0.911,0.02292598887466136,0.911,0.0,0.022917651,2.0
3.7263887924698507,-0.29816092096998753,2.0,349.0232569804818,4.556234334048601,0.912,0.02292598868288963,0.912,0.0,0.022917651,2.0
3.7266941883210807,-0.29589902358335624,2.0,349.14806771894206,4.555651596768826,0.9130000000000003,0.022925988490854535,0.913,0.0,0.022917651,2.0
3.7269996198461395,-0.29363588097098725,2.0,349.27475085109563,4.555067756852381,0.9140000000000001,0.022925988298574385,0.914,0.0,0.022917651,2.0
3.7273050874660356,-0.2913714784372476,2.0,349.4033284741488,4.554482801286411,0.915,0.02292598810604629,0.915,0.0,0.022917651,2.0
3.727610591608428,-0.28910580105434913,2.0,349.53382303439037,4.553896716852488,0.9160000000000003,0.02292598791326732,0.916,0.0,0.022917651,2.0
3.7279161327077563,-0.28683883365774526,2.0,349.6662573341128,4.553309490122537,0.9170000000000001,0.02292598772023447,0.917,0.0,0.022917651,2.0
3.728221711205381,-0.2845705608414191,2.0,349.8006545386972,4.552721107454662,0.918,0.022925987526944736,0.918,0.0,0.022917651,2.0
3.7285273018265084,-0.2823006987020093,2.0,349.9372168604788,4.552131183927466,0.9189999999999999,0.022925987484474785,0.919,0.0,0.022917651,2.0
3.7288329205278594,-0.2800293959850006,2.0,350.0758657919403,4.551539932225127,0.9200000000000002,0.022925987499216694,0.92,0.0,0.022917651,2.0
3.7291385780899846,-0.27775674470706435,2.0,350.2165548521542,4.55094748748131,0.921,0.022925987510103413,0.921,0.0,0.022917651,2.0
3.729444274983432,-0.275482728539088,2.0,350.3593087441143,4.550353835250018,0.922,0.022925987517088263,0.922,0.0,0.022917651,2.0
3.7297500116863773,-0.2732073308872613,2.0,350.50415257125377,4.549758960851081,0.9230000000000002,0.0229259875201238,0.923,0.0,0.022917651,2.0
3.7300557886847785,-0.2709305348876915,2.0,350.6511118455922,4.549162849365393,0.9240000000000002,0.022925987519161823,0.924,0.0,0.022917651,2.0
3.730361606472534,-0.26865232340088535,2.0,350.8002124960823,4.548565485630029,0.9250000000000002,0.022925987514153326,0.925,0.0,0.022917651,2.0
3.73066737248838,-0.26637222712232783,2.0,350.95169886752376,4.547966026050142,0.926,0.022925987329474172,0.926,0.0,0.022917651,2.0
3.730973165191911,-0.26409061053818567,2.0,351.10541943025754,4.54736515223074,0.9270000000000003,0.022925987115373865,0.927,0.0,0.022917651,2.0
3.7312790004153835,-0.261807530367904,2.0,351.26136587589826,4.54676298487744,0.9280000000000002,0.022925986900980636,0.928,0.0,0.022917651,2.0
3.7315848786876704,-0.2595229684070756,2.0,351.41956589046913,4.54615950790098,0.929,0.022925986686290856,0.929,0.0,0.022917651,2.0
3.731890800546452,-0.2572369061481288,2.0,351.58004762105753,4.545554704944164,0.9300000000000003,0.022925986471300806,0.93,0.0,0.022917651,2.0
3.7321967665383977,-0.2549493247739904,2.0,351.74283968545393,4.544948559376246,0.9310000000000002,0.02292598625600673,0.931,0.0,0.022917651,2.0
3.7325028169695305,-0.2526600283423368,2.0,351.90806230698075,4.544341037697714,0.932,0.022925986039954306,0.932,0.0,0.022917651,2.0
3.7328089810588847,-0.2503688748609119,2.0,352.0758099017863,4.543732115650902,0.933,0.022925985822768266,0.933,0.0,0.022917651,2.0
3.7331151928478086,-0.24807614280350754,2.0,352.2459596384828,4.543121805824679,0.9340000000000003,0.02292598560517661,0.934,0.0,0.022917651,2.0
3.7334214529449725,-0.24578181202666863,2.0,352.4185421696569,4.542510090510253,0.935,0.022925985387174157,0.935,0.0,0.022917651,2.0
3.733727761969448,-0.24348586204275485,2.0,352.5935886716473,4.541896951696248,0.9360000000000002,0.022925985168755648,0.936,0.0,0.022917651,2.0
3.7340341205509304,-0.24118827201255763,2.0,352.77113085577867,4.541282371062213,0.937,0.022925984949915726,0.937,0.0,0.022917651,2.0
3.734340525539951,-0.2388888930526905,2.0,352.95125278651045,4.540666187570942,0.9380000000000001,0.022925984731718398,0.9380000000000001,0.0,0.022917651,2.0
3.734646970918309,-0.23658740970164496,2.0,353.13410653202476,4.540048062688343,0.9390000000000001,0.022925984516618363,0.9390000000000001,0.0,0.022917651,2.0
3.734953471036114,-0.23428421694484583,2.0,353.319556386873,4.539428447336067,0.9400000000000002,0.022925984301116538,0.9400000000000001,0.0,0.022917651,2.0
3.735260026612751,-0.23197929231737235,2.0,353.5076364689878,4.538807321926441,0.9410000000000001,0.022925984085207657,0.9410000000000001,0.0,0.022917651,2.0
3.735566638380262,-0.22967261295892807,2.0,353.6983814967669,4.538184666527053,0.9420000000000001,0.02292598386888634,0.9420000000000001,0.0,0.022917651,2.0
3.735873307083632,-0.22736415560510428,2.0,353.89182680234177,4.537560460853137,0.9430000000000001,0.022925983652147118,0.9430000000000001,0.0,0.022917651,2.0
3.736180065836141,-0.2250535688920033,2.0,354.08819407256937,4.5369344841948465,0.9440000000000001,0.022925983438339754,0.9440000000000001,0.0,0.022917651,2.0
3.7364869272613657,-0.2227406988051169,2.0,354.28760500300797,4.53630663231158,0.9450000000000002,0.02292598322873137,0.9450000000000001,0.0,0.022917651,2.0
3.736793845187179,-0.22042599224337556,2.0,354.4898344347767,4.535677169997351,0.9460000000000001,0.022925983018465993,0.9460000000000001,0.0,0.022917651,2.0
3.737100820369652,-0.2181094246317177,2.0,354.69492008407065,4.535046075701936,0.9470000000000001,0.022925982807534814,0.9470000000000001,0.0,0.022917651,2.0
3.737407853578407,-0.2157909709546442,2.0,354.90290034303945,4.534413327488887,0.9480000000000002,0.022925982595928904,0.9480000000000001,0.0,0.022917651,2.0
3.7377149455969194,-0.21347060574630658,2.0,355.1138142949994,4.533778903026842,0.9490000000000001,0.02292598238363914,0.9490000000000001,0.0,0.022917651,2.0
3.7380218334654787,-0.21114798998849565,2.0,355.32793550265285,4.5331414149623495,0.9500000000000001,0.022925982302424486,0.9500000000000001,0.0,0.022917651,2.0
3.7383287555086655,-0.20882337414904728,2.0,355.54510205624615,4.532502063877886,0.9510000000000002,0.02292598223228467,0.9510000000000001,0.0,0.022917651,2.0
3.73863574524899,-0.20649676964024813,2.0,355.76532704444395,4.531860994840074,0.9520000000000001,0.02292598215678265,0.9520000000000001,0.0,0.022917651,2.0
3.7389428036226997,-0.20416814895889882,2.0,355.98865276524657,4.531218184089699,0.9530000000000001,0.022925982075844276,0.9530000000000001,0.0,0.022917651,2.0
3.739249931583387,-0.20183748409229407,2.0,356.2151223002387,4.530573607427407,0.9540000000000002,0.022925981989394002,0.9540000000000001,0.0,0.022917651,2.0
3.7395571737101756,-0.19950434657593827,2.0,356.4449613552144,4.529927012406964,0.9550000000000001,0.02292598180531475,0.9550000000000001,0.0,0.022917651,2.0
3.73986451512693,-0.19716885804330164,2.0,356.6781454987121,4.529278462237698,0.9560000000000001,0.022925981564714357,0.9560000000000001,0.0,0.022917651,2.0
3.740171931153783,-0.194831225679903,2.0,356.91461256369297,4.52862806679826,0.9570000000000001,0.02292598132362766,0.9570000000000001,0.0,0.022917651,2.0
3.7404794228506697,-0.19249141902983163,2.0,357.1544091883364,4.5279757998741825,0.9580000000000002,0.02292598108204775,0.9580000000000001,0.0,0.022917651,2.0
3.740786991297695,-0.19014940705754402,2.0,357.397582898433,4.527321634752088,0.9590000000000002,0.022925980839967594,0.9590000000000001,0.0,0.022917651,2.0
3.7410946561845084,-0.18780444409209465,2.0,357.6444817936466,4.526664906121709,0.96,0.02292598059511166,0.96,0.0,0.022917651,2.0
3.7414024110174404,-0.18545677672091182,2.0,357.8950479036742,4.5260058338962255,0.961,0.022925980348451006,0.961,0.0,0.022917651,2.0
3.7417102452158946,-0.18310681891871142,2.0,358.1491462973786,4.5253447887093685,0.962,0.022925980101420624,0.962,0.0,0.022917651,2.0
3.7420181599284357,-0.1807545375387752,2.0,358.4068280933535,4.524681742008786,0.9630000000000001,0.02292597985401516,0.963,0.0,0.022917651,2.0
3.742326156325896,-0.1783998987916931,2.0,358.668145401346,4.524016664688514,0.964,0.02292597960622916,0.964,0.0,0.022917651,2.0
3.7426342190933513,-0.17604222662781693,2.0,358.9335026397546,4.5233488204275965,0.965,0.022925979359158195,0.965,0.0,0.022917651,2.0
3.7429423616909867,-0.1736820068605979,2.0,359.2026703644775,4.522678748068822,0.9660000000000001,0.022925979111800394,0.966,0.0,0.022917651,2.0
3.7432505881499014,-0.1713193164572312,2.0,359.47564221469855,4.5220065405293,0.967,0.02292597886394656,0.967,0.0,0.022917651,2.0
3.743558899713815,-0.168954118776534,2.0,359.7524746081376,4.5213321661428765,0.9680000000000001,0.022925978615589336,0.968,0.0,0.022917651,2.0
3.7438672834694344,-0.16658608870552555,2.0,360.0334232462465,4.520655247248226,0.969,0.022925978365722036,0.969,0.0,0.022917651,2.0
3.7441757165489196,-0.16421481952608705,2.0,360.31881127529397,4.519975284521612,0.9700000000000002,0.02292597811293845,0.97,0.0,0.022917651,2.0
3.744484230048415,-0.1618409444036817,2.0,360.60824136955466,4.5192930376103835,0.9709999999999999,0.022925977859497796,0.971,0.0,0.022917651,2.0
3.744792825172763,-0.1594644242964307,2.0,360.9017740866936,4.518608472293204,0.972,0.022925977605390235,0.972,0.0,0.022917651,2.0
3.7451015031509933,-0.1570852193786473,2.0,361.1994712001358,4.517921553661703,0.9730000000000001,0.022925977350605715,0.973,0.0,0.022917651,2.0
3.745410379282665,-0.1547022113183009,2.0,361.5018113986227,4.517231624346056,0.974,0.022925977205502785,0.974,0.0,0.022917651,2.0
3.74571934978614,-0.15231638041675852,2.0,361.80847055497725,4.516539249461254,0.975,0.022925977057413956,0.975,0.0,0.022917651,2.0
3.746028411108189,-0.14992773129429038,2.0,362.11949649335065,4.515844419415719,0.976,0.022925976901218545,0.976,0.0,0.022917651,2.0
3.746337564647261,-0.1475362205552159,2.0,362.43495645455994,4.51514709640426,0.9770000000000001,0.022925976736791715,0.977,0.0,0.022917651,2.0
3.746646819730075,-0.14514100465145632,2.0,362.7553435350518,4.5144464773010595,0.978,0.022925976484148413,0.978,0.0,0.022917651,2.0
3.7469561713192205,-0.1427426461392408,2.0,363.080410819357,4.51374310247407,0.979,0.022925976211387523,0.979,0.0,0.022917651,2.0
3.7472656189782887,-0.14034128740128227,2.0,363.41013035750456,4.513037111862326,0.9800000000000001,0.022925975938123833,0.98,0.0,0.022917651,2.0
3.7475751642161237,-0.13793688131694365,2.0,363.7445752163846,4.512328464383108,0.981,0.022925975664349448,0.981,0.0,0.022917651,2.0
3.7478840774863964,-0.13552848506767867,2.0,364.08455486734886,4.511613291527919,0.982,0.022925975390297407,0.982,0.0,0.022917651,2.0
3.7481929179095057,-0.1331167917490455,2.0,364.4295460353163,4.510894528560985,0.983,0.022925975115673774,0.983,0.0,0.022917651,2.0
3.7485018248080713,-0.13070192689045118,2.0,364.7794826150055,4.510172859715028,0.9840000000000001,0.02292597484041426,0.984,0.0,0.022917651,2.0
3.7488107974763407,-0.128283835104396,2.0,365.1344562499156,4.509448227020335,0.985,0.022925974572075403,0.985,0.0,0.022917651,2.0
3.7491197438256463,-0.12586220116474242,2.0,365.4952588987203,4.508719959789173,0.986,0.02292597470788425,0.986,0.0,0.022917651,2.0
3.7494287542671,-0.12343727897483411,2.0,365.8612450647441,4.507988660987372,0.9870000000000001,0.02292597485699695,0.987,0.0,0.022917651,2.0
3.7497378298156545,-0.1210090164624589,2.0,366.2324968333476,4.507254282607457,0.988,0.022925975019624203,0.988,0.0,0.022917651,2.0
3.7500469393835165,-0.11857684136802374,2.0,366.60931402742847,4.506516125155511,0.989,0.02292597504295615,0.989,0.0,0.022917651,2.0
3.7503560523407597,-0.11614022919218833,2.0,366.9919813420976,4.505773538722951,0.99,0.022925974781539172,0.99,0.0,0.022917651,2.0
3.750665228818835,-0.11370009977702522,2.0,367.3801820760339,4.505027688968923,0.9910000000000001,0.0229259745195485,0.991,0.0,0.022917651,2.0
3.750974469844449,-0.11125639627230992,2.0,367.77400566760053,4.504278523147356,0.992,0.022925974256974863,0.992,0.0,0.022917651,2.0
3.7512837760800255,-0.10880784980548469,2.0,368.1740172189404,4.50352477843012,0.993,0.022925974024447883,0.993,0.0,0.022917651,2.0
3.751593147229645,-0.10635532904665333,2.0,368.57995065605616,4.502767319905479,0.9940000000000001,0.02292597378866012,0.994,0.0,0.022917651,2.0
3.7519025842811518,-0.10389903597159915,2.0,368.9917991237354,4.5020063527847825,0.995,0.022925973541820667,0.995,0.0,0.022917651,2.0
3.752212136918964,-0.1014383074986941,2.0,369.4099636799294,4.501241410487625,0.996,0.022925973274015143,0.996,0.0,0.022917651,2.0
3.752521822446266,-0.09897290062184962,2.0,369.8346436771374,4.500472318519676,0.997,0.02292597298972201,0.997,0.0,0.022917651,2.0
3.7528315790846842,-0.09650353665217756,2.0,370.2655478239951,4.4996995539961135,0.9980000000000001,0.022925972704623,0.998,0.0,0.022917651,2.0
3.753141418032745,-0.09402990485526688,2.0,370.7029183218773,4.498922850361977,0.999,0.02292597241746751,0.999,0.0,0.022917651,2.0
3.7534513743711866,-0.09155105451410589,2.0,371.14736399043227,4.498141394700824,1.0,0.022925972123683205,1.0,0.0,0.022917651,2.0
3.7536962086771815,-0.08946446346231084,2.0,371.40777938037627,4.497448063754288,1.0010000000000001,0.022925972113297045,1.0010000000000001,0.0,0.022917651,2.0
3.7539410886651177,-0.08737633073546988,2.0,371.6701517542622,4.496753373894401,1.0020000000000002,0.022925972102847768,1.002,0.0,0.022917651,2.0
3.75418601482631,-0.08528663975272839,2.0,371.9345021596284,4.496057310505924,1.0030000000000001,0.02292597209233469,1.0030000000000001,0.0,0.022917651,2.0
3.7544310086906374,-0.08319457832878253,2.0,372.20157940154087,4.4953591518200895,1.004,0.022925972086855595,1.004,0.0,0.022917651,2.0
3.754676041624769,-0.08110098055257553,2.0,372.47079891191635,4.49465961315889,1.0050000000000001,0.02292597208124257,1.0050000000000001,0.0,0.022917651,2.0
3.7549211140257275,-0.07900583071228348,2.0,372.74218289412363,4.493958680397005,1.0060000000000002,0.02292597207549104,1.006,0.0,0.022917651,2.0
3.7551662263115833,-0.07690911236696801,2.0,373.01575427630513,4.493256338766794,1.0070000000000001,0.02292597206959955,1.0070000000000001,0.0,0.022917651,2.0
3.7554113370272937,-0.07481054504002808,2.0,373.29184999933955,4.492552142543311,1.008,0.022925972062996635,1.008,0.0,0.022917651,2.0
3.7556564141049518,-0.07270990706216797,2.0,373.57080406869625,4.491845742101723,1.0090000000000001,0.022925972055335975,1.0090000000000001,0.0,0.022917651,2.0
3.755901532330494,-0.07060764960716165,2.0,373.8521158271012,4.491137886685513,1.0100000000000002,0.02292597204767494,1.01,0.0,0.022917651,2.0
3.7561466921457893,-0.0685037552841315,2.0,374.13581059277493,4.490428560670322,1.0110000000000003,0.022925972040013533,1.0110000000000001,0.0,0.022917651,2.0
3.7563918939990564,-0.0663982064523029,2.0,374.4219140477487,4.489717748207284,1.012,0.02292597203235175,1.012,0.0,0.022917651,2.0
3.7566371833166623,-0.06429037567728406,2.0,374.7115234141854,4.489005003842462,1.0130000000000001,0.022925972022919572,1.0130000000000001,0.0,0.022917651,2.0
3.756882518334362,-0.062180782141758414,2.0,375.0038535731339,4.488290679548232,1.014,0.022925972013152104,1.014,0.0,0.022917651,2.0
3.7571278927710985,-0.06006949628945134,2.0,375.2987855827545,4.48757482061003,1.0150000000000003,0.02292597200329712,1.0150000000000001,0.0,0.022917651,2.0
3.7573733070536033,-0.057956499800109966,2.0,375.5963476095019,4.4868574104144985,1.016,0.02292597199335365,1.016,0.0,0.022917651,2.0
3.7576187978902933,-0.05584119959492178,2.0,375.8975027174841,4.486138001181755,1.0170000000000001,0.02292597198507086,1.0170000000000001,0.0,0.022917651,2.0
3.757864359647085,-0.05372365865300944,2.0,376.2022642170378,4.485416633575701,1.0180000000000002,0.02292597197815196,1.018,0.0,0.022917651,2.0
3.7581099611883997,-0.05160435354183284,2.0,376.5098919717696,4.48469366094628,1.0190000000000003,0.02292597197107151,1.0190000000000001,0.0,0.022917651,2.0
3.7583556029495035,-0.049483264960382176,2.0,376.82041734013427,4.483969065733627,1.0200000000000002,0.022925971963827757,1.02,0.0,0.022917651,2.0
3.7586012802138398,-0.04736003634085128,2.0,377.1345593831923,4.483242470706061,1.0210000000000001,0.022925971954608586,1.0210000000000001,0.0,0.022917651,2.0
3.7588469878444015,-0.045234360055140144,2.0,377.4530707251253,4.482513546074346,1.022,0.022925971941836966,1.022,0.0,0.022917651,2.0
3.759092735661538,-0.04310686683321567,2.0,377.7747235939374,4.481782965282299,1.0230000000000004,0.022925971928992074,1.0230000000000001,0.0,0.022917651,2.0
3.7593385241064405,-0.040977536727713086,2.0,378.09955247910864,4.481050710147647,1.024,0.02292597191607311,1.024,0.0,0.022917651,2.0
3.759584337656832,-0.038846116662462404,2.0,378.42834451891946,4.480316467740818,1.0250000000000001,0.022925971904550844,1.025,0.0,0.022917651,2.0
3.7598301511500383,-0.03671223976542364,2.0,378.7623890564528,4.479579773897911,1.0260000000000002,0.02292597189658619,1.026,0.0,0.022917651,2.0
3.760076004346446,-0.034576473749323045,2.0,379.09989798066016,4.478841349742901,1.027,0.022925971888443548,1.027,0.0,0.022917651,2.0
3.760321897686071,-0.032438797677771594,2.0,379.44090968602137,4.478101176099397,1.028,0.022925971880120938,1.028,0.0,0.022917651,2.0
3.7605677827058774,-0.03029897235187394,2.0,379.7860919820183,4.477358818801759,1.0290000000000001,0.022925971871959435,1.029,0.0,0.022917651,2.0
3.760813614034261,-0.02815680163628843,2.0,380.1360885743734,4.476613899312993,1.03,0.022925971864362456,1.03,0.0,0.022917651,2.0
3.7610594816455465,-0.026012677409631035,2.0,380.48979575037816,4.475867171512803,1.031,0.022925971856741657,1.031,0.0,0.022917651,2.0
3.761305385943845,-0.023866577914071714,2.0,380.84725483779687,4.475118615260561,1.032,0.022925971849096765,1.032,0.0,0.022917651,2.0
3.761551098713287,-0.02171795013051543,2.0,381.2081467121004,4.4743667649115,1.033,0.022925971838714605,1.033,0.0,0.022917651,2.0
3.761796617790459,-0.019566842020745438,2.0,381.5724787412797,4.473611659591264,1.0340000000000003,0.022925971825829505,1.034,0.0,0.022917651,2.0
3.7620421398636004,-0.017413711642915858,2.0,381.94059324271376,4.472854543848489,1.035,0.022925971812855467,1.035,0.0,0.022917651,2.0
3.762287664965781,-0.015258536676352982,2.0,382.3125319652329,4.472095395493244,1.036,0.022925971799791504,1.036,0.0,0.022917651,2.0
3.762533218256355,-0.013100072350995367,2.0,382.68915347909495,4.471333070366126,1.037,0.02292597178962414,1.037,0.0,0.022917651,2.0
3.76277877651854,-0.010939232868000486,2.0,383.06989293136945,4.470568390049173,1.0380000000000003,0.022925971779948123,1.038,0.0,0.022917651,2.0
3.7630243335814724,-0.008776274630989492,2.0,383.4546091272187,4.469801586293067,1.039,0.022925971770065796,1.039,0.0,0.022917651,2.0
3.7632698779445835,-0.006611056982562644,2.0,383.8435660196642,4.469032473245605,1.04,0.022925971758994322,1.04,0.0,0.022917651,2.0
3.7635153740784406,-0.004443234299961109,2.0,384.23742352585475,4.468260565230108,1.041,0.022925971744115876,1.041,0.0,0.022917651,2.0
3.7637608622797485,-0.0022732194718014798,2.0,384.63541442314687,4.467486433207905,1.0420000000000003,0.022925971729145834,1.042,0.0,0.022917651,2.0
3.7640063424591914,-0.0001009878157957353,2.0,385.0375852511296,4.4667100521379695,1.043,0.022925971714083164,1.043,0.0,0.022917651,2.0
3.7642517427642423,0.0020743930816849543,2.0,385.4445564540786,4.465930199171176,1.044,0.022925971701484624,1.044,0.0,0.022917651,2.0
3.764497103738969,0.004252422626602475,2.0,385.85604868837436,4.465147539070927,1.0450000000000002,0.022925971689769318,1.045,0.0,0.022917651,2.0
3.76474245495373,0.00643274930045982,2.0,386.2718731679833,4.464362542937636,1.046,0.02292597167785462,1.046,0.0,0.022917651,2.0
3.7649878215672747,0.008615843261488346,2.0,386.69235868273495,4.463574842705581,1.047,0.02292597166513207,1.047,0.0,0.022917651,2.0
3.7652332380007083,0.010802323945811848,2.0,387.1179396664647,4.462783958459476,1.048,0.02292597165085903,1.048,0.0,0.022917651,2.0
3.7654786452006177,0.012991175299643621,2.0,387.54801695928984,4.461990666559595,1.049,0.022925971636495693,1.049,0.0,0.022917651,2.0
3.765724043060683,0.015182424620144819,2.0,387.98264233412493,4.461194939282921,1.0500000000000003,0.02292597162204102,1.05,0.0,0.022917651,2.0
3.7659692989016005,0.017377124783521648,2.0,388.42289381984,4.460395185959672,1.051,0.022925971613614243,1.051,0.0,0.022917651,2.0
3.7662145395862416,0.019574285062021447,2.0,388.8678253258519,4.459592911864178,1.052,0.02292597160518114,1.052,0.0,0.022917651,2.0
3.7664597663809594,0.021773922649213052,2.0,389.317479910323,4.458788104946627,1.0530000000000002,0.022925971596674123,1.053,0.0,0.022917651,2.0
3.7667049419363665,0.02397698168102817,2.0,389.7726676875395,4.457979675974147,1.054,0.022925971582075915,1.054,0.0,0.022917651,2.0
3.7669500919172516,0.026182857882040264,2.0,390.23293121843204,4.457168328902298,1.055,0.022925971565543664,1.055,0.0,0.022917651,2.0
3.7671952274683695,0.02839130291373227,2.0,390.6980991674347,4.45635435534222,1.056,0.022925971548903537,1.056,0.0,0.022917651,2.0
3.7674403901092717,0.030603189574858244,2.0,391.1689079153738,4.455537045879971,1.057,0.022925971534147438,1.057,0.0,0.022917651,2.0
3.7676855618618306,0.032818199847775655,2.0,391.64514911382236,4.45471664757206,1.0580000000000003,0.022925971520353704,1.058,0.0,0.022917651,2.0
3.767930717859538,0.03503586854163476,2.0,392.1264858027052,4.45389352769167,1.059,0.02292597150632394,1.059,0.0,0.022917651,2.0
3.768175859455619,0.037256912190793995,2.0,392.61364576345414,4.45306697789805,1.06,0.022925971490687546,1.06,0.0,0.022917651,2.0
3.76842098404871,0.03948117689105693,2.0,393.10652577468903,4.452237141106711,1.061,0.022925971473882395,1.061,0.0,0.022917651,2.0
3.7686660897482596,0.041708190015127856,2.0,393.6047007217907,4.45140448037821,1.062,0.022925971456933862,1.062,0.0,0.022917651,2.0
3.7689110593589303,0.04393857312314963,2.0,394.1089406853551,4.450567901875622,1.063,0.022925971441558054,1.063,0.0,0.022917651,2.0
3.7691559348765074,0.04617215257816877,2.0,394.61908430770103,4.449727748462158,1.064,0.022925971427067135,1.064,0.0,0.022917651,2.0
3.769400794233759,0.04840857040647308,2.0,395.1347324832101,4.448884692174558,1.065,0.022925971412294105,1.065,0.0,0.022917651,2.0
3.7696455745376984,0.050648989122152606,2.0,395.6566901797092,4.448037321179089,1.0660000000000003,0.022925971399395433,1.066,0.0,0.022917651,2.0
3.769890315061068,0.052892818137135734,2.0,396.1846197865879,4.44718638152355,1.067,0.022925971387486185,1.067,0.0,0.022917651,2.0
3.770135043268468,0.05513961138274223,2.0,396.7182759819037,4.446332428102571,1.068,0.022925971375700537,1.068,0.0,0.022917651,2.0
3.7703792077681038,0.05738988842056154,2.0,397.2586124807067,4.445472736758599,1.069,0.02292597136042151,1.069,0.0,0.022917651,2.0
3.7706233033022376,0.05964327113293235,2.0,397.80496970965913,4.444609664239716,1.07,0.02292597134435572,1.07,0.0,0.022917651,2.0
3.770867418496633,0.06189984614885347,2.0,398.3574233296674,4.443743478268453,1.071,0.022925971327787672,1.071,0.0,0.022917651,2.0
3.771111591166768,0.06416057493107023,2.0,398.91705800222627,4.442873368135912,1.072,0.022925971309092002,1.072,0.0,0.022917651,2.0
3.7713557773424737,0.0664244647014852,2.0,399.4828299666414,4.4420001509785045,1.073,0.02292597129024049,1.073,0.0,0.022917651,2.0
3.7715999172849357,0.06869209781312341,2.0,400.0553836501234,4.441123005670484,1.074,0.022925971271517267,1.074,0.0,0.022917651,2.0
3.771843983732739,0.07096375828935247,2.0,400.63507567639454,4.4402415392146315,1.075,0.02292597125301938,1.075,0.0,0.022917651,2.0
3.77208806487046,0.07323868907273912,2.0,401.22116264084616,4.439356861131696,1.076,0.022925971234310547,1.076,0.0,0.022917651,2.0
3.7723322136977586,0.07551850734590927,2.0,401.81481128855205,4.43846755928183,1.077,0.022925971215149738,1.077,0.0,0.022917651,2.0
3.7725763934513608,0.07780215253043721,2.0,402.4153575372994,4.437574552097993,1.078,0.022925971195723826,1.078,0.0,0.022917651,2.0
3.772820571770519,0.08008938605781032,2.0,403.02288187697025,4.436677952479046,1.079,0.022925971176147482,1.079,0.0,0.022917651,2.0
3.7730647016860317,0.08238075729073785,2.0,403.6383695803959,4.43577702802575,1.08,0.022925971156532415,1.08,0.0,0.022917651,2.0
3.773308849636021,0.08467561207812123,2.0,404.2607175572003,4.434872691979021,1.081,0.02292597113669875,1.081,0.0,0.022917651,2.0
3.7735529163487156,0.08697513367951351,2.0,404.8911160254014,4.4339633684198505,1.082,0.022925971122774388,1.082,0.0,0.022917651,2.0
3.7737969532335844,0.08927872154880927,2.0,405.5290459545538,4.4330498614158556,1.083,0.022925971111549145,1.083,0.0,0.022917651,2.0
3.774040991687651,0.09158636903323845,2.0,406.17454188330055,4.432132298868728,1.0839999999999999,0.022925971098345585,1.084,0.0,0.022917651,2.0
3.7742850078140906,0.09389897905922925,2.0,406.8285219522818,4.431209677166142,1.0850000000000002,0.022925971078742384,1.085,0.0,0.022917651,2.0
3.7745290310791866,0.09621530568226953,2.0,407.4898662599771,4.430283367509625,1.086,0.02292597105880271,1.086,0.0,0.022917651,2.0
3.77477306554914,0.09853663901127144,2.0,408.1600543186236,4.4293521016099335,1.087,0.022925971037437223,1.087,0.0,0.022917651,2.0
3.7750171140751494,0.10086199860948801,2.0,408.8380533550347,4.428416866449694,1.0880000000000003,0.022925971015722538,1.088,0.0,0.022917651,2.0
3.7752611155656375,0.10319190621514325,2.0,409.52464097647896,4.427476889704911,1.0890000000000002,0.0229259709945114,1.089,0.0,0.022917651,2.0
3.775505076024841,0.10552635837292637,2.0,410.2198541668135,4.426532199386839,1.09,0.02292597097356709,1.09,0.0,0.022917651,2.0
3.7757490038226944,0.10786515306807001,2.0,410.92346417754356,4.425583036514959,1.0910000000000002,0.02292597095198176,1.091,0.0,0.022917651,2.0
3.775992792096967,0.1102090504230956,2.0,411.636570933108,4.424628215006089,1.092,0.022925970929357387,1.092,0.0,0.022917651,2.0
3.7762365819289596,0.11255702996140476,2.0,412.3578510250155,4.423669317437179,1.093,0.022925970906552465,1.093,0.0,0.022917651,2.0
3.7764803302586616,0.11491062602577172,2.0,413.0893155788185,4.422704652992167,1.0940000000000003,0.022925970883540616,1.094,0.0,0.022917651,2.0
3.7767240779906164,0.11726838643627012,2.0,413.82918091070377,4.421735822414326,1.095,0.022925970860351474,1.095,0.0,0.022917651,2.0
3.7769679046854283,0.1196316388552321,2.0,414.5790904386683,4.420761802119152,1.0960000000000003,0.022925970846478533,1.096,0.0,0.022917651,2.0
3.777211757921487,0.12199945702654415,2.0,415.3379954367258,4.419783318961423,1.097,0.02292597083457482,1.097,0.0,0.022917651,2.0
3.777455423417149,0.1243727575746922,2.0,416.10702290580565,4.418798607014148,1.098,0.02292597081539378,1.098,0.0,0.022917651,2.0
3.7776990018934886,0.1267509940595567,2.0,416.8855928285937,4.417808613304711,1.0990000000000002,0.022925970792735617,1.099,0.0,0.022917651,2.0
3.7779423890495853,0.12913461059362377,2.0,417.6744568305373,4.4168124742166315,1.1000000000000003,0.02292597076912642,1.1,0.0,0.022917651,2.0
3.7781346279506307,0.13123895783141712,2.0,418.03028162036856,4.415854967876279,1.101,0.022925970746925137,1.101,0.0,0.022917651,2.0
3.7783270473429456,0.1333423430820579,2.0,418.3842282040108,4.414899145540349,1.102,0.022925970724723854,1.102,0.0,0.022917651,2.0
3.77851963008408,0.13544483466119117,2.0,418.73640924873075,4.413944870286965,1.103,0.022925970702470037,1.103,0.0,0.022917651,2.0
3.778712324752644,0.13754661541127636,2.0,419.08715632005334,4.412991753434755,1.1040000000000005,0.02292597068001709,1.104,0.0,0.022917651,2.0
3.7789051908019844,0.13964744090316797,2.0,419.43609422438465,4.412040277333277,1.1050000000000002,0.02292597065757017,1.105,0.0,0.022917651,2.0
3.7790982274387295,0.1417473155590461,2.0,419.78323133690634,4.411090434387001,1.106,0.02292597063512924,1.106,0.0,0.022917651,2.0
3.779291433874395,0.14384624377383556,2.0,420.1285759811842,4.410142217047204,1.107,0.022925970612694288,1.107,0.0,0.022917651,2.0
3.7794848093253477,0.1459442299154193,2.0,420.472136429566,4.409195617811615,1.1080000000000003,0.02292597059026528,1.108,0.0,0.022917651,2.0
3.7796783530127716,0.14804127832484215,2.0,420.8139209035743,4.40825062922406,1.1090000000000002,0.022925970567842187,1.109,0.0,0.022917651,2.0
3.7798720641626256,0.1501373933165207,2.0,421.15393757429655,4.4073072438741,1.1100000000000003,0.02292597054542498,1.11,0.0,0.022917651,2.0
3.7800659420056113,0.15223257917844313,2.0,421.4921945627711,4.406365454396688,1.111,0.022925970523013636,1.111,0.0,0.022917651,2.0
3.7802599857771346,0.15432684017237505,2.0,421.8286999403697,4.40542525347182,1.112,0.022925970500608118,1.112,0.0,0.022917651,2.0
3.780454160359342,0.15642026392142394,2.0,422.16368363798983,4.4044864134872315,1.113,0.022925970477605598,1.113,0.0,0.022917651,2.0
3.7806484190788665,0.15851294650232442,2.0,422.49744913702074,4.403548652247501,1.114,0.022925970453313623,1.114,0.0,0.022917651,2.0
3.7808428345164025,0.16060470391355858,2.0,422.82953011692763,4.402612443012103,1.115,0.022925970429077267,1.115,0.0,0.022917651,2.0
3.781037405976942,0.16269554025803828,2.0,423.15993404815856,4.401677778898261,1.1160000000000003,0.022925970404896266,1.116,0.0,0.022917651,2.0
3.781232132769581,0.16478545961444852,2.0,423.48866835705354,4.400744653063838,1.117,0.02292597038077039,1.117,0.0,0.022917651,2.0
3.7814270142074897,0.16687446603743009,2.0,423.8157404261702,4.399813058707033,1.1180000000000003,0.022925970356699393,1.118,0.0,0.022917651,2.0
3.78162204960788,0.16896256355775247,2.0,424.1411575946053,4.398882989066089,1.1190000000000002,0.022925970332683034,1.119,0.0,0.022917651,2.0
3.7818172382919784,0.17104975618249316,2.0,424.464927158315,4.3979544374189965,1.1200000000000003,0.02292597030872107,1.12,0.0,0.022917651,2.0
3.7820125795849937,0.1731360478952076,2.0,424.7870563704303,4.3970273970832,1.1210000000000002,0.022925970284813257,1.121,0.0,0.022917651,2.0
3.782208072816092,0.17522144265610545,2.0,425.10755244157167,4.39610186141531,1.122,0.022925970260959362,1.122,0.0,0.022917651,2.0
3.7824037110661197,0.17730597676890344,2.0,425.4265098886348,4.3951777661549265,1.123,0.022925970237347566,1.123,0.0,0.022917651,2.0
3.782599440833016,0.17938990630122673,2.0,425.74463904763815,4.394254639095206,1.124,0.02292597021542095,1.124,0.0,0.022917651,2.0
3.782795313369079,0.1814729490932054,2.0,426.06119344864885,4.393332969923838,1.125,0.022925970193494332,1.125,0.0,0.022917651,2.0
3.782991328056361,0.1835551089829239,2.0,426.37617990770144,4.392412752330635,1.1260000000000003,0.022925970171567712,1.1260000000000001,0.0,0.022917651,2.0
3.7831874842804734,0.18563638978634675,2.0,426.6896052015509,4.391493980041778,1.127,0.022925970149641095,1.127,0.0,0.022917651,2.0
3.7833837814305658,0.1877167952974816,2.0,427.0014760679558,4.390576646819543,1.1280000000000003,0.022925970127714478,1.1280000000000001,0.0,0.022917651,2.0
3.783580218899295,0.18979632928853296,2.0,427.31179920595804,4.389660746462054,1.129,0.022925970105787858,1.129,0.0,0.022917651,2.0
3.783776796082804,0.19187499551006246,2.0,427.62058127616075,4.388746272803021,1.1300000000000001,0.02292597008386124,1.1300000000000001,0.0,0.022917651,2.0
3.783973512380696,0.19395279769114027,2.0,427.9278289010036,4.387833219711485,1.131,0.022925970061934628,1.131,0.0,0.022917651,2.0
3.7841703671960087,0.19602973953950223,2.0,428.2335486650354,4.3869215810915625,1.1320000000000001,0.02292597004000801,1.1320000000000001,0.0,0.022917651,2.0
3.7843673599351915,0.1981058247416987,2.0,428.5377471151854,4.386011350882203,1.133,0.022925970018081394,1.133,0.0,0.022917651,2.0
3.784564474546606,0.20018137091206997,2.0,428.840953731234,4.3851021484157515,1.1340000000000001,0.022925969996154778,1.1340000000000001,0.0,0.022917651,2.0
3.7847617125989705,0.20225633177867444,2.0,429.1430958586017,4.384194025930041,1.135,0.02292596997422816,1.135,0.0,0.022917651,2.0
3.784959085627828,0.204330462935898,2.0,429.44376791219594,4.383287273025635,1.1360000000000003,0.022925969952301544,1.1360000000000001,0.0,0.022917651,2.0
3.7851565930399595,0.20640376803030364,2.0,429.7429763529752,4.382381883683239,1.1370000000000002,0.022925969930374927,1.137,0.0,0.022917651,2.0
3.785354234245615,0.2084762506871186,2.0,430.04072760409247,4.38147785191878,1.1380000000000001,0.022925969908448307,1.1380000000000001,0.0,0.022917651,2.0
3.7855520086584913,0.21054791451038668,2.0,430.3370280511709,4.380575171783149,1.139,0.022925969886521694,1.139,0.0,0.022917651,2.0
3.7857499156957064,0.21261876308312616,2.0,430.6318840425778,4.379673837361942,1.1400000000000003,0.022925969864595074,1.1400000000000001,0.0,0.022917651,2.0
3.7859479547777717,0.21468879996747942,2.0,430.92530188969585,4.378773842775217,1.141,0.022925969842668457,1.141,0.0,0.022917651,2.0
3.786146125328574,0.21675802870486827,2.0,431.2172878671922,4.377875182177236,1.1420000000000001,0.02292596982074184,1.1420000000000001,0.0,0.022917651,2.0
3.7863444267753428,0.21882645281614105,2.0,431.50784821328466,4.3769778497562175,1.143,0.022925969798815223,1.143,0.0,0.022917651,2.0
3.786542858548632,0.22089407580172507,2.0,431.7969891300066,4.376081839734092,1.1440000000000003,0.022925969776888606,1.1440000000000001,0.0,0.022917651,2.0
3.7867412918959515,0.2229613005175445,2.0,432.08514064340625,4.3751862347011645,1.145,0.022925969754961986,1.145,0.0,0.022917651,2.0
3.7869397754723533,0.22502797475931435,2.0,432.37214038500866,4.374291381295166,1.1460000000000001,0.022925969733035373,1.1460000000000001,0.0,0.022917651,2.0
3.7871383811795267,0.22709387575338524,2.0,432.65775372524956,4.373397789636217,1.1469999999999998,0.022925969711108753,1.147,0.0,0.022917651,2.0
3.7873371084705454,0.22915900696252106,2.0,432.94198687272103,4.372505454073952,1.1480000000000001,0.02292596968918214,1.1480000000000001,0.0,0.022917651,2.0
3.7875359568017415,0.23122337182883887,2.0,433.2248459989989,4.371614368991693,1.149,0.022925969667255523,1.149,0.0,0.022917651,2.0
3.7877349256326873,0.23328697377396596,2.0,433.50633723891883,4.370724528806202,1.1500000000000001,0.022925969645328906,1.1500000000000001,0.0,0.022917651,2.0
3.7879340144261646,0.23534981619918854,2.0,433.78646669084884,4.36983592796743,1.151,0.02292596962340229,1.151,0.0,0.022917651,2.0
3.788133222648146,0.23741190248560634,2.0,434.0652404169605,4.3689485609582634,1.1520000000000001,0.022925969601475672,1.1520000000000001,0.0,0.022917651,2.0
3.788332549767767,0.2394732359942785,2.0,434.3426644434959,4.368062422294297,1.1530000000000002,0.022925969579549052,1.153,0.0,0.022917651,2.0
3.7885319952573058,0.2415338200663749,2.0,434.61874476103503,4.367177506523576,1.154,0.022925969557622435,1.154,0.0,0.022917651,2.0
3.788731558592161,0.2435936580233219,2.0,434.8934873247579,4.36629380822636,1.155,0.02292596953569582,1.155,0.0,0.022917651,2.0
3.788931153133841,0.2456524038436847,2.0,435.1672204101431,4.365411326819589,1.156,0.0229259695137692,1.156,0.0,0.022917651,2.0
3.789130666490899,0.24770959090416172,2.0,435.44035647654886,4.364530079338889,1.157,0.022925969491842585,1.157,0.0,0.022917651,2.0
3.7893302889439093,0.24976598751987256,2.0,435.7121804641369,4.363650058726644,1.158,0.022925969469915968,1.158,0.0,0.022917651,2.0
3.7895300200644133,0.25182159679517174,2.0,435.9826975259005,4.362771260164511,1.159,0.02292596944798935,1.159,0.0,0.022917651,2.0
3.7897298594261954,0.2538764218181775,2.0,436.2519127878851,4.361893678859348,1.1600000000000001,0.022925969426062735,1.16,0.0,0.022917651,2.0
3.7899298066052616,0.25593046566088107,2.0,436.5198313493633,4.361017310043041,1.161,0.022925969404136118,1.161,0.0,0.022917651,2.0
3.790129861179834,0.25798373137924857,2.0,436.7864582830104,4.360142148972353,1.1620000000000001,0.0229259693822095,1.162,0.0,0.022917651,2.0
3.7903300227303287,0.2600362220133289,2.0,437.0517986350771,4.35926819092875,1.163,0.02292596936028288,1.163,0.0,0.022917651,2.0
3.790530290839347,0.26208794058735324,2.0,437.3158574255614,4.3583954312182485,1.164,0.022925969338356264,1.164,0.0,0.022917651,2.0
3.7907306650916572,0.264138890109842,2.0,437.5786396483791,4.357523865171254,1.1650000000000003,0.02292596931642965,1.165,0.0,0.022917651,2.0
3.7909311450741825,0.26618907357370275,2.0,437.8401502715329,4.356653488142398,1.166,0.02292596929450303,1.166,0.0,0.022917651,2.0
3.791131730375987,0.26823849395633503,2.0,438.1003942372805,4.355784295510389,1.167,0.022925969272576417,1.167,0.0,0.022917651,2.0
3.7913322995534093,0.2702871888707456,2.0,438.36044475782376,4.35491576313032,1.168,0.022925969250649797,1.168,0.0,0.022917651,2.0
3.791532918720679,0.27233513346663946,2.0,438.6197082896993,4.354048180702083,1.1690000000000003,0.02292596922872318,1.169,0.0,0.022917651,2.0
3.79173363738404,0.2743823148459353,2.0,438.877747232397,4.353181759456795,1.1700000000000002,0.022925969206796563,1.17,0.0,0.022917651,2.0
3.7919344551683265,0.27642873588645545,2.0,439.13456620341213,4.352316495016044,1.171,0.022925969184869947,1.171,0.0,0.022917651,2.0
3.7921353717002577,0.27847439945157015,2.0,439.3901697970543,4.351452383023403,1.172,0.02292596916294333,1.172,0.0,0.022917651,2.0
3.792336386608424,0.28051930839029204,2.0,439.6445625845931,4.35058941914429,1.173,0.022925969141016713,1.173,0.0,0.022917651,2.0
3.792537499523278,0.28256346553736217,2.0,439.89774911440225,4.349727599065838,1.174,0.022925969119090096,1.174,0.0,0.022917651,2.0
3.7927387100771184,0.2846068737133428,2.0,440.1497339121027,4.348866918496747,1.175,0.022925969097163476,1.175,0.0,0.022917651,2.0
3.792940017904083,0.2866495357247027,2.0,440.4005214807047,4.348007373167166,1.176,0.022925969075236863,1.176,0.0,0.022917651,2.0
3.7931414226401334,0.2886914543639082,2.0,440.6501163007493,4.347148958828542,1.177,0.022925969053310246,1.177,0.0,0.022917651,2.0
3.793342923923047,0.2907326324095073,2.0,440.89852283044763,4.346291671253502,1.178,0.02292596903138363,1.178,0.0,0.022917651,2.0
3.7935445213924033,0.2927730726262196,2.0,441.1457455058202,4.3454355062357095,1.179,0.022925969009457012,1.179,0.0,0.022917651,2.0
3.793746052913334,0.29481292946988724,2.0,441.39300717094915,4.344579660079964,1.1800000000000002,0.022925968987193065,1.18,0.0,0.022917651,2.0
3.7939476212624257,0.2968521016517657,2.0,441.6395303080598,4.343724645673611,1.181,0.022925968964855093,1.181,0.0,0.022917651,2.0
3.794149280418202,0.29889053988150444,2.0,441.88490932066026,4.3428707284626995,1.182,0.02292596894256319,1.182,0.0,0.022917651,2.0
3.794351030048103,0.3009282468470427,2.0,442.12914839885485,4.342017904428995,1.183,0.022925968920317185,1.183,0.0,0.022917651,2.0
3.794552869821191,0.3029652252232086,2.0,442.37225171231245,4.341166169573856,1.184,0.022925968898116912,1.184,0.0,0.022917651,2.0
3.7947547994081403,0.3050014776718025,2.0,442.6142234103911,4.3403155199181205,1.1850000000000003,0.0229259688759622,1.185,0.0,0.022917651,2.0
3.794956818481228,0.3070370068416729,2.0,442.85506762226095,4.339465951501988,1.186,0.02292596885385289,1.186,0.0,0.022917651,2.0
3.7951589267143238,0.3090718153687982,2.0,443.09478845702745,4.338617460384896,1.187,0.02292596883178881,1.187,0.0,0.022917651,2.0
3.795361123782878,0.31110590587636183,2.0,443.3333900038527,4.3377700426454116,1.188,0.022925968809769798,1.188,0.0,0.022917651,2.0
3.795563409363918,0.31313928097483285,2.0,443.57087633207664,4.336923694381108,1.1890000000000003,0.022925968787795684,1.189,0.0,0.022917651,2.0
3.795765783136031,0.3151719432620397,2.0,443.8072514913366,4.336078411708452,1.19,0.022925968765866316,1.19,0.0,0.022917651,2.0
3.7959682447793615,0.31720389532324955,2.0,444.04251951168686,4.3352341907626935,1.1910000000000003,0.022925968743981527,1.191,0.0,0.022917651,2.0
3.7961707038398806,0.3192352145981708,2.0,444.2773717049378,4.334390592999435,1.192,0.02292596872221366,1.192,0.0,0.022917651,2.0
3.7963731198746253,0.3212659322100237,2.0,444.51211706756015,4.333547425814728,1.1930000000000003,0.022925968700561704,1.193,0.0,0.022917651,2.0
3.796575619571512,0.32329594323688265,2.0,444.74579073809156,4.332705299869126,1.1940000000000002,0.022925968678909756,1.194,0.0,0.022917651,2.0
3.7967782026321326,0.3253252501990042,2.0,444.97839653905635,4.331864211448722,1.195,0.022925968657257805,1.195,0.0,0.022917651,2.0
3.7969808687594986,0.32735385560467195,2.0,445.2099382748211,4.331024156857258,1.1960000000000002,0.022925968635605858,1.196,0.0,0.022917651,2.0
3.797183617658028,0.3293817619502704,2.0,445.4404197317031,4.330185132416005,1.197,0.022925968613953907,1.197,0.0,0.022917651,2.0
3.7973864490335423,0.3314089717203527,2.0,445.6698446780764,4.329347134463671,1.198,0.022925968592301955,1.198,0.0,0.022917651,2.0
3.7975893625932535,0.3334354873877136,2.0,445.8982168644788,4.328510159356292,1.199,0.022925968570650004,1.199,0.0,0.022917651,2.0
3.7977923580457578,0.3354613114134554,2.0,446.12554002371667,4.327674203467134,1.2,0.022925968548998053,1.2,0.0,0.022917651,2.0
3.797951748692394,0.3373146354501862,2.0,446.4280815194712,4.326806062843232,1.201,0.022925968529818104,1.201,0.0,0.022917651,2.0
3.7981110261509636,0.33916811426744925,2.0,446.7311438175057,4.325937314690947,1.202,0.02292596851063815,1.202,0.0,0.022917651,2.0
3.798270190091266,0.34102174831678267,2.0,447.0347284371434,4.325067957237949,1.203,0.022925968491458202,1.203,0.0,0.022917651,2.0
3.7984292401818145,0.3428755380514812,2.0,447.33883690362296,4.324197988705015,1.2040000000000002,0.022925968472278253,1.204,0.0,0.022917651,2.0
3.7985881760898312,0.3447294839266074,2.0,447.6434707481273,4.323327407305979,1.205,0.022925968453098296,1.205,0.0,0.022917651,2.0
3.7987469974812393,0.3465835863989978,2.0,447.94863150781254,4.322456211247714,1.2060000000000002,0.022925968433918344,1.206,0.0,0.022917651,2.0
3.798905704020658,0.3484378459272742,2.0,448.25432072583743,4.321584398730088,1.207,0.0229259684147384,1.207,0.0,0.022917651,2.0
3.7990642953713976,0.35029226297184957,2.0,448.56053995139223,4.3207119679459325,1.2080000000000002,0.022925968395558455,1.208,0.0,0.022917651,2.0
3.799222771195446,0.3521468379949399,2.0,448.86729073972873,4.319838917081008,1.2089999999999999,0.0229259683763785,1.209,0.0,0.022917651,2.0
3.7993811311534715,0.3540015714605695,2.0,449.1745746521892,4.318965244313974,1.2100000000000002,0.02292596835719855,1.21,0.0,0.022917651,2.0
3.799539374904811,0.3558564638345836,2.0,449.48239325623734,4.318090947816344,1.211,0.022925968338018597,1.211,0.0,0.022917651,2.0
3.7996975021074637,0.35771151558465375,2.0,449.79074812548686,4.31721602575246,1.2120000000000002,0.022925968318838648,1.212,0.0,0.022917651,2.0
3.799855512418088,0.3595667271802901,2.0,450.0996408397331,4.316340476279454,1.213,0.0229259682996587,1.213,0.0,0.022917651,2.0
3.800013405491989,0.36142209909284717,2.0,450.40907298498234,4.315464297547211,1.2140000000000002,0.022925968280478746,1.214,0.0,0.022917651,2.0
3.8001711809831185,0.3632776317955361,2.0,450.7190461534832,4.3145874876983346,1.215,0.022925968261298793,1.215,0.0,0.022917651,2.0
3.8003288385440626,0.3651333257634308,2.0,451.0295619437565,4.313710044868111,1.2160000000000002,0.022925968242118844,1.216,0.0,0.022917651,2.0
3.800486377826038,0.36698918147348014,2.0,451.3406219606271,4.312831967184476,1.217,0.022925968222938894,1.217,0.0,0.022917651,2.0
3.8006437984788852,0.3688451994045137,2.0,451.65222781525415,4.31195325276797,1.2180000000000002,0.022925968203758945,1.218,0.0,0.022917651,2.0
3.800800977990938,0.37070134329766213,2.0,451.9650748981981,4.311073448301878,1.2190000000000003,0.022925968184578996,1.219,0.0,0.022917651,2.0
3.8009579998124736,0.3725576284683282,2.0,452.2786692673159,4.310192871913863,1.2200000000000002,0.022925968165399047,1.22,0.0,0.022917651,2.0
3.8011148966646076,0.3744140640597012,2.0,452.5928222738527,4.3093116452133415,1.221,0.0229259681462191,1.221,0.0,0.022917651,2.0
3.8012716681766205,0.37627065051800096,2.0,452.9075355749978,4.308429766271173,1.2220000000000002,0.022925968127039148,1.222,0.0,0.022917651,2.0
3.8014283139763263,0.3781273882912158,2.0,453.2228108345016,4.307547233150575,1.223,0.022925968107859195,1.223,0.0,0.022917651,2.0
3.8015848336900606,0.37998427782910743,2.0,453.538649722708,4.306664043907092,1.2240000000000002,0.022925968088679242,1.224,0.0,0.022917651,2.0
3.8017412269426787,0.38184131958322404,2.0,453.85505391658745,4.305780196588557,1.225,0.022925968069499293,1.225,0.0,0.022917651,2.0
3.801897493357547,0.38369851400690475,2.0,454.1720250997696,4.304895689235047,1.2260000000000002,0.02292596805031934,1.226,0.0,0.022917651,2.0
3.802053632556533,0.3855558615552926,2.0,454.4895649625767,4.304010519878849,1.227,0.02292596803113939,1.227,0.0,0.022917651,2.0
3.802209644160001,0.3874133626853397,2.0,454.80767520205615,4.303124686544425,1.2280000000000002,0.02292596801195944,1.228,0.0,0.022917651,2.0
3.8023655277868023,0.3892710178558204,2.0,455.12635752201516,4.302238187248362,1.229,0.022925967992779486,1.229,0.0,0.022917651,2.0
3.8025212830542676,0.39112882752733574,2.0,455.4456136330531,4.301351019999343,1.23,0.022925967973599543,1.23,0.0,0.022917651,2.0
3.8026769095782043,0.39298679216232696,2.0,455.7654452525967,4.300463182798105,1.231,0.02292596795441959,1.231,0.0,0.022917651,2.0
3.802832406972881,0.39484491222508106,2.0,456.0858541049327,4.299574673637396,1.2320000000000002,0.022925967935239638,1.232,0.0,0.022917651,2.0
3.8029877748510263,0.3967031881817431,2.0,456.40684192124394,4.298685490501939,1.233,0.02292596791605969,1.233,0.0,0.022917651,2.0
3.8031430128238166,0.39856162050032246,2.0,456.72841043964183,4.29779563136839,1.234,0.02292596789687974,1.234,0.0,0.022917651,2.0
3.8032981205008727,0.40042020965070546,2.0,457.0505614052028,4.296905094205297,1.235,0.02292596787769979,1.235,0.0,0.022917651,2.0
3.803453097490247,0.4022789561046614,2.0,457.37329657000214,4.29601387697306,1.236,0.022925967858519837,1.236,0.0,0.022917651,2.0
3.8036079433984207,0.4041378603358551,2.0,457.6966176931497,4.29512197762389,1.237,0.022925967839339888,1.237,0.0,0.022917651,2.0
3.8037626578302928,0.4059969228198538,2.0,458.0205265408248,4.294229394101772,1.2380000000000002,0.02292596782015994,1.238,0.0,0.022917651,2.0
3.803917240389171,0.4078561440341389,2.0,458.3450248863121,4.293336124342414,1.239,0.02292596780097999,1.239,0.0,0.022917651,2.0
3.8040716906767678,0.40971552445811366,2.0,458.67011451003714,4.292442166273216,1.24,0.022925967781800036,1.24,0.0,0.022917651,2.0
3.8042260082931896,0.4115750645731151,2.0,458.99579719960286,4.291547517813219,1.2410000000000003,0.022925967762620087,1.241,0.0,0.022917651,2.0
3.8043801928369296,0.41343476486242087,2.0,459.3220747498248,4.290652176873071,1.2420000000000002,0.022925967743440134,1.242,0.0,0.022917651,2.0
3.8045342439048575,0.4152946258112623,2.0,459.64894896276843,4.289756141354979,1.2430000000000003,0.02292596772426019,1.243,0.0,0.022917651,2.0
3.8046881610922147,0.4171546479068311,2.0,459.9764216477853,4.288859409152668,1.244,0.022925967705080236,1.244,0.0,0.022917651,2.0
3.8048421788844777,0.41901418173144195,2.0,460.3050012959158,4.287963567614649,1.2450000000000003,0.022925967685900286,1.245,0.0,0.022917651,2.0
3.8049962534152866,0.4208733587329677,2.0,460.6345491081876,4.287068309840256,1.246,0.022925967666720337,1.246,0.0,0.022917651,2.0
3.8051502182966472,0.4227326416255235,2.0,460.96469583717834,4.286172507574025,1.2470000000000003,0.022925967647540384,1.247,0.0,0.022917651,2.0
3.8053040732507104,0.42459203067743356,2.0,461.2954430005263,4.285276159436232,1.248,0.02292596762836043,1.248,0.0,0.022917651,2.0
3.805457817998687,0.4264515261579308,2.0,461.62679212100187,4.28437926404248,1.249,0.022925967609180482,1.249,0.0,0.022917651,2.0
3.805611452260847,0.428311128337158,2.0,461.9587447265288,4.283481820003692,1.25,0.022925967590000533,1.25,0.0,0.022917651,2.0
3.80576497575651,0.4301708374861744,2.0,462.2913023502066,4.282583825926086,1.2510000000000003,0.022925967570820584,1.2510000000000001,0.0,0.022917651,2.0
3.805918388204046,0.43203065387695655,2.0,462.6244665303316,4.281685280411154,1.252,0.02292596755164063,1.252,0.0,0.022917651,2.0
3.8060716893208686,0.4338905777824056,2.0,462.9582388104199,4.2807861820556425,1.2530000000000001,0.022925967532460678,1.2530000000000001,0.0,0.022917651,2.0
3.8062248788234307,0.4357506094763476,2.0,463.29262073922905,4.279886529451532,1.254,0.022925967513280732,1.254,0.0,0.022917651,2.0
3.806377956427224,0.4376107492335408,2.0,463.6276138707803,4.278986321186018,1.2550000000000001,0.02292596749410078,1.2550000000000001,0.0,0.022917651,2.0
3.8065309218467696,0.43947099732967687,2.0,463.9632197643812,4.278085555841493,1.256,0.02292596747492083,1.256,0.0,0.022917651,2.0
3.8066837747956206,0.4413313540413874,2.0,464.2994399846481,4.277184231995519,1.2570000000000001,0.02292596745574088,1.2570000000000001,0.0,0.022917651,2.0
3.8068365149863483,0.4431918196462447,2.0,464.63627610152804,4.276282348220813,1.258,0.022925967436560928,1.258,0.0,0.022917651,2.0
3.80698914213055,0.4450523944227699,2.0,464.97372969032295,4.275379903085226,1.2590000000000001,0.02292596741738098,1.2590000000000001,0.0,0.022917651,2.0
3.8071416559388345,0.4469130786504328,2.0,465.3118023317108,4.274476895151721,1.26,0.022925967398201026,1.26,0.0,0.022917651,2.0
3.8072940561208233,0.4487738726096595,2.0,465.6504956117701,4.273573322978345,1.2610000000000001,0.022925967379021077,1.2610000000000001,0.0,0.022917651,2.0
3.8074463423851452,0.4506347765818334,2.0,465.98981112200164,4.272669185118224,1.262,0.022925967359841128,1.262,0.0,0.022917651,2.0
3.8075985144394306,0.45249579084930247,2.0,466.32975045935285,4.271764480119528,1.2630000000000001,0.02292596734066118,1.2630000000000001,0.0,0.022917651,2.0
3.8077505719903115,0.45435691569537984,2.0,466.67031522624,4.270859206525457,1.264,0.022925967321481226,1.264,0.0,0.022917651,2.0
3.807902514743411,0.4562181514043517,2.0,467.0115070305726,4.2699533628742135,1.2650000000000001,0.02292596730230128,1.2650000000000001,0.0,0.022917651,2.0
3.808054342403344,0.45807949826147765,2.0,467.3533274857766,4.269046947698989,1.2660000000000002,0.022925967283121323,1.266,0.0,0.022917651,2.0
3.808206054673711,0.4599409565529987,2.0,467.6957782108178,4.268139959527935,1.2670000000000001,0.022925967263941378,1.2670000000000001,0.0,0.022917651,2.0
3.808357651257095,0.4618025265661377,2.0,468.0388608302259,4.267232396884148,1.268,0.022925967244761425,1.268,0.0,0.022917651,2.0
3.808509131855052,0.46366420858910734,2.0,468.3825769741187,4.26632425828564,1.2690000000000001,0.02292596722558148,1.2690000000000001,0.0,0.022917651,2.0
3.8086598926048083,0.46552644391684195,2.0,468.7272370692902,4.265412686871467,1.27,0.022925967206401526,1.27,0.0,0.022917651,2.0
3.8088096779976737,0.46738942246167714,2.0,469.0729613352863,4.264496470665626,1.2710000000000004,0.022925967187221577,1.2710000000000001,0.0,0.022917651,2.0
3.8089593038584977,0.4692525495048996,2.0,469.41932928483413,4.263579467849696,1.272,0.022925967168041624,1.272,0.0,0.022917651,2.0
3.809108769660467,0.4711158255368865,2.0,469.76634304352734,4.262661675826106,1.2730000000000001,0.02292596714886167,1.2730000000000001,0.0,0.022917651,2.0
3.8092580748744487,0.47297925105017513,2.0,470.11400474632893,4.261743091985835,1.274,0.022925967129681722,1.274,0.0,0.022917651,2.0
3.809407218968974,0.4748428265394775,2.0,470.46231653762266,4.260823713708351,1.2750000000000001,0.022925967110501773,1.2750000000000001,0.0,0.022917651,2.0
3.809556201410224,0.4767065525016896,2.0,470.81128057126523,4.259903538361544,1.2760000000000002,0.02292596709132182,1.276,0.0,0.022917651,2.0
3.8097050216620234,0.47857042943590633,2.0,471.16089901063884,4.258982563301665,1.2770000000000001,0.02292596707214187,1.2770000000000001,0.0,0.022917651,2.0
3.809853679185819,0.48043445784343086,2.0,471.51117402870335,4.258060785873259,1.278,0.022925967052961925,1.278,0.0,0.022917651,2.0
3.810002173440673,0.48229863822778996,2.0,471.86210780805044,4.257138203409103,1.2790000000000001,0.02292596703378197,1.2790000000000001,0.0,0.022917651,2.0
3.8101505038832464,0.4841629710947426,2.0,472.2137025409554,4.256214813230137,1.2800000000000002,0.02292596701460202,1.28,0.0,0.022917651,2.0
3.810298669967787,0.486027456952296,2.0,472.5659604294324,4.2552906126454015,1.281,0.02292596699542207,1.281,0.0,0.022917651,2.0
3.8104466711461153,0.48789209631071634,2.0,472.91888368528816,4.25436559895197,1.282,0.022925966976242117,1.282,0.0,0.022917651,2.0
3.8105945068676124,0.4897568896825402,2.0,473.2724745301758,4.253439769434882,1.2829999999999997,0.022925966957062168,1.283,0.0,0.022917651,2.0
3.8107421765792027,0.4916218375825904,2.0,473.62673519565067,4.252513121367079,1.284,0.02292596693788222,1.284,0.0,0.022917651,2.0
3.810889679725346,0.493486940527985,2.0,473.98166792322496,4.251585652009331,1.285,0.02292596691870227,1.285,0.0,0.022917651,2.0
3.811037015748019,0.4953521990381535,2.0,474.3372749644234,4.250657358610175,1.286,0.022925966899522317,1.286,0.0,0.022917651,2.0
3.8111841840867022,0.49721761363484684,2.0,474.6935585808394,4.249728238405843,1.2869999999999997,0.022925966880342367,1.287,0.0,0.022917651,2.0
3.8113311841783677,0.4990831848421535,2.0,475.0505210441913,4.2487982886201925,1.288,0.022925966861162418,1.288,0.0,0.022917651,2.0
3.811478015457466,0.5009489131865089,2.0,475.40816463637907,4.247867506464642,1.289,0.022925966841982465,1.289,0.0,0.022917651,2.0
3.811624677355905,0.5028147991967125,2.0,475.7664916495414,4.246935889138092,1.29,0.022925966822802516,1.29,0.0,0.022917651,2.0
3.8117711693030456,0.5046808434039373,2.0,476.12550438611305,4.246003433826866,1.291,0.022925966803622563,1.291,0.0,0.022917651,2.0
3.8119174907256816,0.5065470463417464,2.0,476.4852051588834,4.245070137704633,1.292,0.022925966784442614,1.292,0.0,0.022917651,2.0
3.8120636410480233,0.5084134085461041,2.0,476.84559629105365,4.244135997932337,1.2929999999999997,0.022925966765262665,1.293,0.0,0.022917651,2.0
3.8122101545554083,0.5102784782760134,2.0,477.20664131753375,4.243204603236788,1.294,0.022925966746082715,1.294,0.0,0.022917651,2.0
3.812356666153829,0.5121432821873311,2.0,477.56835479071265,4.24227346668233,1.295,0.022925966726902766,1.295,0.0,0.022917651,2.0
3.8125030268558167,0.5140082284597749,2.0,477.93074787116046,4.241341584181356,1.296,0.022925966707722817,1.296,0.0,0.022917651,2.0
3.812649236186138,0.5158733175416969,2.0,478.2938226992345,4.240408953384579,1.297,0.022925966688542864,1.297,0.0,0.022917651,2.0
3.812795293667562,0.5177385498833349,2.0,478.6575814242897,4.239475571932838,1.298,0.02292596666936291,1.298,0.0,0.022917651,2.0
3.812941198820848,0.5196039259368201,2.0,479.0220262047253,4.238541437457042,1.299,0.022925966650182962,1.299,0.0,0.022917651,2.0
3.8130869511647383,0.5214694461561903,2.0,479.3871592080331,4.237606547578122,1.3,0.022925966631003013,1.3,0.0,0.022917651,2.0
3.8131960827366407,0.5231148931291145,2.0,479.8404689306588,4.236719473609388,1.3010000000000002,0.022925966649358965,1.301,0.0,0.022917651,2.0
3.8133049663432588,0.5247604817783323,2.0,480.2944786838542,4.2358312661004165,1.302,0.022925966667714914,1.302,0.0,0.022917651,2.0
3.8134135995675105,0.5264062134848543,2.0,480.74919529127595,4.234941914001849,1.303,0.02292596668607087,1.303,0.0,0.022917651,2.0
3.813521979960801,0.5280520896477003,2.0,481.204625665556,4.23405140612025,1.304,0.02292596670442682,1.304,0.0,0.022917651,2.0
3.8136301050425,0.5296981116841903,2.0,481.66077680975656,4.233159731115754,1.3050000000000002,0.022925966722782767,1.305,0.0,0.022917651,2.0
3.813737972299421,0.5313442810302483,2.0,482.11765581885385,4.232266877499662,1.306,0.022925966741138715,1.306,0.0,0.022917651,2.0
3.813845579185283,0.5329905991407043,2.0,482.5752698812507,4.2313728336319905,1.3070000000000002,0.02292596675949466,1.307,0.0,0.022917651,2.0
3.8139529231201643,0.5346370674896109,2.0,483.0336262803196,4.230477587718973,1.308,0.022925966777850616,1.308,0.0,0.022917651,2.0
3.8140600014899473,0.5362836875705578,2.0,483.4927323959762,4.229581127810518,1.3090000000000002,0.02292596679620656,1.309,0.0,0.022917651,2.0
3.8141668116457472,0.5379304608970004,2.0,483.95259570628457,4.228683441797601,1.3100000000000003,0.022925966814562514,1.31,0.0,0.022917651,2.0
3.814273350903333,0.5395773890025874,2.0,484.41322378909376,4.227784517409621,1.3110000000000002,0.02292596683291847,1.311,0.0,0.022917651,2.0
3.8143796165425354,0.5412244734415023,2.0,484.8746243237082,4.2268843422116875,1.312,0.02292596685127441,1.312,0.0,0.022917651,2.0
3.814485605806648,0.5428717157888048,2.0,485.3368050925909,4.225982903601876,1.3130000000000002,0.022925966869630367,1.313,0.0,0.022917651,2.0
3.814591119966162,0.5445193416768069,2.0,485.7999889457406,4.225079181069133,1.314,0.02292596688798632,1.314,0.0,0.022917651,2.0
3.8146949722229144,0.5461686925892011,2.0,486.2654977856474,4.224167086170184,1.315,0.022925966906342268,1.315,0.0,0.022917651,2.0
3.8147985495458347,0.547818170040791,2.0,486.7318266226779,4.223253764983476,1.3160000000000005,0.02292596692469822,1.316,0.0,0.022917651,2.0
3.814901849239927,0.549467775271956,2.0,487.19898349471964,4.222339205488523,1.317,0.02292596694305417,1.317,0.0,0.022917651,2.0
3.815004868574862,0.551117509539341,2.0,487.66697654505964,4.221423395507219,1.3180000000000003,0.022925966961410117,1.318,0.0,0.022917651,2.0
3.815107604784384,0.5527673741161222,2.0,488.1358140241145,4.220506322701245,1.3190000000000002,0.022925966979766073,1.319,0.0,0.022917651,2.0
3.8152100550657306,0.5544173702922816,2.0,488.60550429120036,4.219587974569427,1.3200000000000003,0.02292596699812202,1.32,0.0,0.022917651,2.0
3.8153122165790205,0.5560674993748831,2.0,489.07605581633425,4.218668338445041,1.3210000000000002,0.022925967016477974,1.321,0.0,0.022917651,2.0
3.815414086446639,0.5577177626883586,2.0,489.5474771820733,4.217747401493058,1.322,0.022925967034833922,1.322,0.0,0.022917651,2.0
3.81551566175261,0.5593681615747951,2.0,490.01977708538953,4.216825150707349,1.323,0.02292596705318987,1.323,0.0,0.022917651,2.0
3.8156169395419552,0.5610186973942319,2.0,490.4929643395837,4.215901572907815,1.324,0.022925967071545823,1.324,0.0,0.022917651,2.0
3.815717916820038,0.5626693715249599,2.0,490.9670478762356,4.214976654737474,1.3250000000000002,0.022925967089901772,1.325,0.0,0.022917651,2.0
3.815818590551895,0.5643201853638309,2.0,491.44203674719637,4.21405038265948,1.3260000000000003,0.02292596710825772,1.326,0.0,0.022917651,2.0
3.815918957661559,0.5659711403265683,2.0,491.9179401266183,4.213122742954089,1.327,0.022925967126613676,1.327,0.0,0.022917651,2.0
3.816019015031361,0.5676222378480905,2.0,492.39476731302875,4.212193721715558,1.328,0.022925967144969625,1.328,0.0,0.022917651,2.0
3.8161187595012223,0.5692734793828333,2.0,492.8725277314439,4.211263304848979,1.329,0.02292596716332557,1.329,0.0,0.022917651,2.0
3.816218187867929,0.5709248664050871,2.0,493.3512309355279,4.210331478067059,1.33,0.02292596718168152,1.33,0.0,0.022917651,2.0
3.8163172891169195,0.5725763766338232,2.0,493.8309141283836,4.2093982195851884,1.331,0.022925967200037475,1.331,0.0,0.022917651,2.0
3.81641564991029,0.574226743850965,2.0,494.3130658647835,4.208463141910689,1.3319999999999999,0.022925967218393423,1.332,0.0,0.022917651,2.0
3.816513698442657,0.5758772780360146,2.0,494.7961927429485,4.20752664826659,1.3330000000000002,0.022925967236749376,1.333,0.0,0.022917651,2.0
3.816611431509295,0.5775279809025585,2.0,495.28030477072576,4.206588724120846,1.3340000000000003,0.022925967255105324,1.334,0.0,0.022917651,2.0
3.8167088458614766,0.5791788541877111,2.0,495.76541209337887,4.205649354741869,1.3350000000000002,0.02292596727346128,1.335,0.0,0.022917651,2.0
3.8168059382057122,0.5808298996525227,2.0,496.25152499595544,4.204708525195095,1.3360000000000003,0.02292596729181723,1.336,0.0,0.022917651,2.0
3.816902705202977,0.5824811190823898,2.0,496.73865390570234,4.203766220339483,1.337,0.022925967310173177,1.337,0.0,0.022917651,2.0
3.816999143467921,0.5841325142874811,2.0,497.22680939453255,4.202822424823923,1.3380000000000003,0.022925967328529126,1.338,0.0,0.022917651,2.0
3.817095249568064,0.5857840871031648,2.0,497.71600218154146,4.201877123083588,1.339,0.02292596734688508,1.339,0.0,0.022917651,2.0
3.8171910200229693,0.587435839390452,2.0,498.2062431355784,4.200930299336197,1.3400000000000003,0.02292596736524103,1.34,0.0,0.022917651,2.0
3.8172864513034077,0.5890877730364431,2.0,498.6975432778704,4.199981937578209,1.3409999999999997,0.02292596738359698,1.341,0.0,0.022917651,2.0
3.8173815398304973,0.5907398899547899,2.0,499.1899137847021,4.199032021580929,1.342,0.022925967401952928,1.342,0.0,0.022917651,2.0
3.8174762819748262,0.5923921920861608,2.0,499.6833659901521,4.1980805348865315,1.343,0.02292596742030888,1.343,0.0,0.022917651,2.0
3.817570674055558,0.5940446813987219,2.0,500.1779113888878,4.197127460804009,1.3440000000000003,0.022925967438664832,1.344,0.0,0.022917651,2.0
3.817664712339521,0.5956973598886235,2.0,500.6735616390195,4.196172782405023,1.345,0.02292596745702078,1.345,0.0,0.022917651,2.0
3.8177583930402683,0.5973502295805022,2.0,501.1703285650163,4.195216482519672,1.346,0.02292596747537673,1.346,0.0,0.022917651,2.0
3.8178511011471947,0.5990031991115243,2.0,501.66970274495696,4.194256192676608,1.347,0.022925967493732678,1.347,0.0,0.022917651,2.0
3.817943142955593,0.6006563048650285,2.0,502.170937750038,4.193293101491802,1.348,0.02292596751208863,1.348,0.0,0.022917651,2.0
3.8180348105678186,0.6023095914995057,2.0,502.67332800593124,4.19232833260016,1.349,0.022925967530444583,1.349,0.0,0.022917651,2.0
3.8181260999078637,0.6039630609852399,2.0,503.17688609644506,4.191361867726913,1.35,0.02292596754880053,1.35,0.0,0.022917651,2.0
3.8182170068403054,0.6056167153212338,2.0,503.68162478881527,4.190393688330913,1.351,0.022925967567156483,1.351,0.0,0.022917651,2.0
3.8183075271692184,0.6072705565357363,2.0,504.18755703706137,4.189423775599754,1.352,0.022925967585512436,1.352,0.0,0.022917651,2.0
3.8183976566370696,0.6089245866867772,2.0,504.69469598541303,4.188452110444798,1.3530000000000002,0.022925967603868384,1.353,0.0,0.022917651,2.0
3.818487390923577,0.6105788078627178,2.0,505.2030549718157,4.187478673496084,1.354,0.022925967622224333,1.354,0.0,0.022917651,2.0
3.818576725644554,0.6122332221828095,2.0,505.71264753151127,4.18650344509713,1.355,0.022925967640580285,1.355,0.0,0.022917651,2.0
3.81866565635072,0.6138878317977702,2.0,506.2234874007003,4.185526405299611,1.3560000000000003,0.022925967658936237,1.356,0.0,0.022917651,2.0
3.8187541785264925,0.6155426388903662,2.0,506.73558852028543,4.184547533857926,1.357,0.022925967677292186,1.357,0.0,0.022917651,2.0
3.8188422875887422,0.6171976456760162,2.0,507.24896503969853,4.183566810223639,1.358,0.022925967695648135,1.358,0.0,0.022917651,2.0
3.8189299788855267,0.6188528544033998,2.0,507.76363132081457,4.182584213539793,1.3589999999999998,0.022925967714004084,1.359,0.0,0.022917651,2.0
3.8190172088102265,0.6205082265349642,2.0,508.27971071673585,4.181599607899083,1.3600000000000003,0.022925967732360036,1.36,0.0,0.022917651,2.0
3.8191033141907846,0.6221630760266339,2.0,508.79905694798117,4.180611026391289,1.3610000000000002,0.022925967750715988,1.361,0.0,0.022917651,2.0
3.8191889851771976,0.6238181374797718,2.0,509.31973826152,4.179620495367188,1.362,0.022925967769071937,1.362,0.0,0.022917651,2.0
3.8192742167196463,0.6254734133584232,2.0,509.8417701776432,4.178627992163713,1.363,0.022925967787427885,1.363,0.0,0.022917651,2.0
3.8193590036897347,0.6271289061649753,2.0,510.36516845814185,4.1776334937651525,1.364,0.02292596780578384,1.364,0.0,0.022917651,2.0
3.8194433408789576,0.6287846184409042,2.0,510.88994911102185,4.176636976796269,1.3650000000000002,0.02292596782413979,1.365,0.0,0.022917651,2.0
3.819527222997127,0.6304405527675433,2.0,511.4161283953314,4.17563841751524,1.366,0.02292596784249574,1.366,0.0,0.022917651,2.0
3.819610644670768,0.6320967117668652,2.0,511.94372282610027,4.1746377918064645,1.367,0.02292596786085169,1.367,0.0,0.022917651,2.0
3.81969360044147,0.6337530981022872,2.0,512.4727491793992,4.173635075173154,1.368,0.02292596787920764,1.368,0.0,0.022917651,2.0
3.8197760847642046,0.6354097144794909,2.0,513.0032244975158,4.17263024272979,1.369,0.02292596789756359,1.369,0.0,0.022917651,2.0
3.8198580920055973,0.6370665636472663,2.0,513.5351660942581,4.171623269194372,1.37,0.02292596791591954,1.37,0.0,0.022917651,2.0
3.8199396164421664,0.6387236483983716,2.0,514.0685915603827,4.170614128880492,1.3710000000000002,0.022925967934275492,1.371,0.0,0.022917651,2.0
3.820020652258506,0.6403809715704176,2.0,514.6035187691546,4.169602795689219,1.3720000000000003,0.022925967952631444,1.372,0.0,0.022917651,2.0
3.8201008738848365,0.6420396493139727,2.0,515.141793581758,4.168586851615083,1.373,0.02292596797098739,1.373,0.0,0.022917651,2.0
3.8201804936255503,0.6436986927164184,2.0,515.6819893317643,4.167568134414675,1.3740000000000003,0.022925967989343342,1.374,0.0,0.022917651,2.0
3.8202595673367514,0.6453578654825691,2.0,516.2237505659982,4.166547103717231,1.375,0.02292596800769929,1.375,0.0,0.022917651,2.0
3.820338088641502,0.6470171691232312,2.0,516.767095567349,4.165523732504011,1.3760000000000001,0.02292596802605524,1.3760000000000001,0.0,0.022917651,2.0
3.820416051063177,0.6486766051728271,2.0,517.3120429045131,4.164497993333904,1.377,0.022925968044411195,1.377,0.0,0.022917651,2.0
3.820493448023505,0.650336175189862,2.0,517.8586114376018,4.163469858335144,1.3780000000000001,0.022925968062767144,1.3780000000000001,0.0,0.022917651,2.0
3.820570272840573,0.6519958807573945,2.0,518.4068203238793,4.16243929919683,1.379,0.022925968081123096,1.379,0.0,0.022917651,2.0
3.8206465187267704,0.6536557234835256,2.0,518.9566890236393,4.161406287160232,1.3800000000000003,0.02292596809947904,1.3800000000000001,0.0,0.022917651,2.0
3.820722178786698,0.655315705001893,2.0,519.5082373062198,4.160370793009914,1.381,0.022925968117834997,1.381,0.0,0.022917651,2.0
3.8207972460150117,0.6569758269721823,2.0,520.0614852561628,4.159332787064628,1.3820000000000001,0.02292596813619095,1.3820000000000001,0.0,0.022917651,2.0
3.82087171329423,0.6586360910806459,2.0,520.6164532795203,4.158292239167991,1.383,0.022925968154546898,1.383,0.0,0.022917651,2.0
3.820945311374205,0.6602931804509495,2.0,521.1742160821087,4.157251388496062,1.3840000000000001,0.022925968172902846,1.3840000000000001,0.0,0.022917651,2.0
3.8210182000510633,0.6619503553026415,2.0,521.7339625311365,4.156207614661894,1.385,0.0229259681912588,1.385,0.0,0.022917651,2.0
3.8210903949994117,0.6636080034111173,2.0,522.2956087801689,4.155160592667005,1.3860000000000001,0.022925968209614747,1.3860000000000001,0.0,0.022917651,2.0
3.8211618862307217,0.6652661315904815,2.0,522.8591821831457,4.154110275743317,1.3869999999999998,0.022925968227970696,1.387,0.0,0.022917651,2.0
3.821232663563782,0.6669247467862872,2.0,523.4247106216736,4.153056616220582,1.3880000000000003,0.022925968246326648,1.3880000000000001,0.0,0.022917651,2.0
3.82130271662003,0.6685838560787164,2.0,523.9922225178115,4.151999565504518,1.389,0.0229259682646826,1.389,0.0,0.022917651,2.0
3.8213720348187477,0.6702434666858628,2.0,524.5617468472298,4.150939074054314,1.3900000000000001,0.02292596828303855,1.3900000000000001,0.0,0.022917651,2.0
3.8214406073721148,0.6719035859671019,2.0,525.1333131527547,4.149875091359469,1.3910000000000002,0.0229259683013945,1.391,0.0,0.022917651,2.0
3.821508423280117,0.6735642214265678,2.0,525.7069515583141,4.148807565915952,1.3920000000000003,0.02292596831975045,1.3920000000000001,0.0,0.022917651,2.0
3.8215754713253025,0.6752253807167281,2.0,526.2826927832949,4.147736445201654,1.3930000000000002,0.022925968338106402,1.393,0.0,0.022917651,2.0
3.8216411080860304,0.6768832909972824,2.0,526.8631584976968,4.146662930651847,1.3940000000000003,0.022925968356462347,1.3940000000000001,0.0,0.022917651,2.0
3.821706005686012,0.6785411375915276,2.0,527.4459316885126,4.145586523344474,1.395,0.0229259683748183,1.395,0.0,0.022917651,2.0
3.821770204732351,0.6801991912942226,2.0,528.0308485381731,4.144507114745708,1.3960000000000001,0.022925968393174248,1.3960000000000001,0.0,0.022917651,2.0
3.8218336954947616,0.6818574549902194,2.0,528.6179389061095,4.143424663049992,1.397,0.022925968411530204,1.397,0.0,0.022917651,2.0
3.821896468061401,0.6835159316181997,2.0,529.2072332088969,4.142339125671721,1.3980000000000001,0.02292596842988615,1.3980000000000001,0.0,0.022917651,2.0
3.8219585123346156,0.6851746241719333,2.0,529.7987624333093,4.14125045922697,1.3990000000000002,0.022925968448242105,1.399,0.0,0.022917651,2.0
3.8220198180265665,0.6868335357015783,2.0,530.3925581497448,4.140158619514691,1.4000000000000001,0.022925968466598053,1.4000000000000001,0.0,0.022917651,2.0
3.8220904474858277,0.6883107773603705,2.0,530.9127723313984,4.139263530567543,1.4010000000000002,0.022925968466323388,1.401,0.0,0.022917651,2.0
3.8221594830993264,0.6897908838324959,2.0,531.435740713674,4.138359198520283,1.4020000000000001,0.02292596846604872,1.4020000000000001,0.0,0.022917651,2.0
3.8222265909783,0.6912745409565529,2.0,531.961936315099,4.1374436012387,1.403,0.022925968465774053,1.403,0.0,0.022917651,2.0
3.822293037726614,0.6927588897869934,2.0,532.4896562420698,4.136524667897496,1.4040000000000001,0.022925968465499384,1.4040000000000001,0.0,0.022917651,2.0
3.822358817732145,0.6942439361954845,2.0,533.0189134340852,4.135602370177954,1.4049999999999998,0.022925968465224718,1.405,0.0,0.022917651,2.0
3.822423925319075,0.6957296861203411,2.0,533.5497209775117,4.134676679439935,1.4060000000000004,0.02292596846495005,1.4060000000000001,0.0,0.022917651,2.0
3.8224883547469752,0.6972161455674696,2.0,534.0820921076734,4.133747566717296,1.407,0.022925968464675386,1.407,0.0,0.022917651,2.0
3.8225513743188713,0.6987028173541747,2.0,534.6175891456121,4.132812604169505,1.4080000000000001,0.022925968464400724,1.408,0.0,0.022917651,2.0
3.8226127713145956,0.7001895730515136,2.0,535.1566575239688,4.1318710696615835,1.409,0.022925968464126055,1.409,0.0,0.022917651,2.0
3.8226734670680704,0.7016770652296456,2.0,535.6973284866547,4.130925993633448,1.41,0.02292596846385139,1.41,0.0,0.022917651,2.0
3.822733455560932,0.703165300209367,2.0,536.2396157877411,4.129977345690239,1.4110000000000003,0.022925968463576724,1.411,0.0,0.022917651,2.0
3.822792730705747,0.7046542843840119,2.0,536.7835333391417,4.129025095088289,1.4120000000000001,0.022925968463302054,1.412,0.0,0.022917651,2.0
3.8228512863450264,0.7061440242204967,2.0,537.3290952128843,4.128069210730095,1.413,0.02292596846302739,1.413,0.0,0.022917651,2.0
3.822908788057688,0.7076357865123212,2.0,537.8796590275854,4.127107087840718,1.414,0.02292596846275272,1.414,0.0,0.022917651,2.0
3.822965472888595,0.7091291242977295,2.0,538.433193593009,4.12614012177148,1.4150000000000005,0.022925968462478054,1.415,0.0,0.022917651,2.0
3.8230214572081684,0.7106236502725392,2.0,538.9885325348779,4.125169165417063,1.4159999999999997,0.022925968462203385,1.416,0.0,0.022917651,2.0
3.8230767348558863,0.712119374886074,2.0,539.5456917214641,4.1241941836856055,1.4169999999999998,0.022925968461928715,1.417,0.0,0.022917651,2.0
3.8231312995987756,0.7136163087105425,2.0,540.1046872076531,4.123215141072559,1.4180000000000001,0.022925968461654053,1.418,0.0,0.022917651,2.0
3.823184800977095,0.7151146313294038,2.0,540.6672036328205,4.122230456638125,1.419,0.022925968461379388,1.419,0.0,0.022917651,2.0
3.823236463492295,0.7166143778228914,2.0,541.2366391561892,4.121236994310046,1.4200000000000002,0.022925968461104722,1.42,0.0,0.022917651,2.0
3.8232872695639597,0.7181148579808208,2.0,541.8080037249048,4.120239372540925,1.421,0.022925968460830056,1.421,0.0,0.022917651,2.0
3.82333721119439,0.7196160786543477,2.0,542.3813153529129,4.119237552488781,1.4220000000000002,0.02292596846055539,1.422,0.0,0.022917651,2.0
3.8233862802859946,0.7211180467802001,2.0,542.9565922791526,4.118231494826494,1.4230000000000003,0.02292596846028072,1.423,0.0,0.022917651,2.0
3.823434404858428,0.722620208374621,2.0,543.5339171496331,4.117221465634533,1.4239999999999997,0.022925968460006052,1.424,0.0,0.022917651,2.0
3.8234808103527507,0.72411573038663,2.0,544.1141283554283,4.116211199973117,1.4250000000000003,0.022925968459731383,1.425,0.0,0.022917651,2.0
3.8235263455484634,0.7256120709085148,2.0,544.696425123734,4.115196634648636,1.426,0.022925968459456717,1.426,0.0,0.022917651,2.0
3.823571002245167,0.7271092376526953,2.0,545.2808271057897,4.114177729147462,1.427,0.02292596845918205,1.427,0.0,0.022917651,2.0
3.823614772139113,0.72860723842879,2.0,545.8673542004974,4.113154442445373,1.428,0.022925968458907386,1.428,0.0,0.022917651,2.0
3.8236575877469763,0.730106071542682,2.0,546.4561322632436,4.112126506153688,1.4290000000000003,0.022925968458632717,1.429,0.0,0.022917651,2.0
3.8236975263886084,0.7316054303204554,2.0,547.050618081583,4.111086531284013,1.4299999999999997,0.022925968458358054,1.43,0.0,0.022917651,2.0
3.823736569412905,0.733105642822937,2.0,547.6472822794046,4.110042120139494,1.431,0.02292596845808339,1.431,0.0,0.022917651,2.0
3.823774708424128,0.7346067170531521,2.0,548.2461452773749,4.108993231133397,1.432,0.02292596845780872,1.432,0.0,0.022917651,2.0
3.823811934921272,0.73610866111447,2.0,548.847227752198,4.107939822157565,1.433,0.022925968457534054,1.433,0.0,0.022917651,2.0
3.823847870108976,0.7376112789149829,2.0,549.4513201527752,4.10688057517582,1.434,0.022925968457259388,1.434,0.0,0.022917651,2.0
3.8238814030070474,0.7391139802472593,2.0,550.060720168877,4.105811639655724,1.435,0.02292596845698472,1.435,0.0,0.022917651,2.0
3.8239139829304833,0.7406175848915074,2.0,550.6724082253558,4.10473798895305,1.436,0.022925968456710053,1.436,0.0,0.022917651,2.0
3.823945600771714,0.7421221014806711,2.0,551.2864061889901,4.103659578004843,1.437,0.022925968456435387,1.437,0.0,0.022917651,2.0
3.8239762473067467,0.7436275387580512,2.0,551.9027362060892,4.102576361172099,1.4380000000000002,0.02292596845616072,1.438,0.0,0.022917651,2.0
3.8240053158605867,0.7451337020132873,2.0,552.5240290231499,4.1014861050400695,1.439,0.022925968455886056,1.439,0.0,0.022917651,2.0
3.824033000940319,0.7466406730317887,2.0,553.1495752728105,4.100389506301776,1.44,0.022925968455611387,1.44,0.0,0.022917651,2.0
3.824059725919466,0.7481486087318455,2.0,553.7775514638151,4.09928810255529,1.441,0.022925968455336718,1.441,0.0,0.022917651,2.0
3.824085482012638,0.7496575179407655,2.0,554.4079798313172,4.098181849832431,1.442,0.022925968455062052,1.442,0.0,0.022917651,2.0
3.8241103780251295,0.7511664335811249,2.0,555.0414381939511,4.097072149763486,1.443,0.02292596845478739,1.443,0.0,0.022917651,2.0
3.824135085653927,0.7526700047699136,2.0,555.6810603824852,4.095967036172796,1.444,0.022925968454512724,1.444,0.0,0.022917651,2.0
3.8241588344902717,0.754174775681745,2.0,556.3231991641605,4.094856887595886,1.4450000000000003,0.022925968454238055,1.445,0.0,0.022917651,2.0
3.8241816156671242,0.7556807574118164,2.0,556.9678778127649,4.093741657468535,1.4460000000000002,0.02292596845396339,1.446,0.0,0.022917651,2.0
3.8242034202077666,0.7571879611925629,2.0,557.6151198899595,4.0926212986505695,1.447,0.02292596845368872,1.447,0.0,0.022917651,2.0
3.8242218484678583,0.7586986544542985,2.0,558.2678139421695,4.091483951779772,1.448,0.022925968453414054,1.448,0.0,0.022917651,2.0
3.824238442962616,0.7602112985992449,2.0,558.9241691839478,4.090337321420591,1.449,0.022925968453139385,1.449,0.0,0.022917651,2.0
3.824254054101603,0.7617250799353534,2.0,559.5831860832027,4.089185620549561,1.45,0.022925968452864723,1.45,0.0,0.022917651,2.0
3.8242686733464075,0.7632400083367784,2.0,560.2448877509253,4.088028805139769,1.451,0.022925968452590054,1.451,0.0,0.022917651,2.0
3.8242823815821265,0.764755293430274,2.0,560.9113008110207,4.086867986447257,1.452,0.022925968452315384,1.452,0.0,0.022917651,2.0
3.8242951012703967,0.7662710379424303,2.0,561.5819428272605,4.0857027522541856,1.4530000000000003,0.02292596845204072,1.453,0.0,0.022917651,2.0
3.824306741965057,0.7677878291494695,2.0,562.2553180787788,4.084532155516202,1.4540000000000002,0.022925968451766053,1.454,0.0,0.022917651,2.0
3.824317293573911,0.7693056768414872,2.0,562.9314521304595,4.083356146075592,1.455,0.022925968451491387,1.455,0.0,0.022917651,2.0
3.824325002264737,0.7708249886748049,2.0,563.6128342218759,4.082167299696727,1.456,0.02292596845121672,1.456,0.0,0.022917651,2.0
3.8243298653017765,0.7723458685568851,2.0,564.2995506358211,4.0809655013018,1.457,0.022925968450942052,1.457,0.0,0.022917651,2.0
3.82433365176885,0.7738679533679127,2.0,564.9891376290171,4.079758191543022,1.4579999999999997,0.022925968450667383,1.458,0.0,0.022917651,2.0
3.824336352162091,0.7753912537448991,2.0,565.6816205426949,4.078545321766544,1.459,0.02292596845039272,1.459,0.0,0.022917651,2.0
3.824337283503109,0.7769142567849959,2.0,566.3789640196495,4.0773256764441,1.4600000000000002,0.022925968450118052,1.46,0.0,0.022917651,2.0
3.8243366422170566,0.7784375298892461,2.0,567.0804196585685,4.076099472617161,1.461,0.022925968449843386,1.461,0.0,0.022917651,2.0
3.8243348161850883,0.7799620080450497,2.0,567.7848241249827,4.074867324714154,1.462,0.02292596844956872,1.462,0.0,0.022917651,2.0
3.8243317940962345,0.7814877027572369,2.0,568.4922055718441,4.0736291759859835,1.4630000000000003,0.02292596844929405,1.463,0.0,0.022917651,2.0
3.8243270643306158,0.7830138994142951,2.0,569.2055931585226,4.072383693969718,1.4640000000000002,0.022925968449019386,1.464,0.0,0.022917651,2.0
3.8243209882768423,0.7845412266264553,2.0,569.9225127924518,4.0711316961077895,1.4649999999999999,0.02292596844874472,1.465,0.0,0.022917651,2.0
3.824313633470922,0.7860698193315536,2.0,570.6424930302311,4.069873317705666,1.4660000000000002,0.02292596844847005,1.466,0.0,0.022917651,2.0
3.8243046555430062,0.7875993933381664,2.0,571.3664433826489,4.068607464921754,1.4670000000000003,0.02292596844819539,1.467,0.0,0.022917651,2.0
3.8242930473422976,0.7891290393989543,2.0,572.0971220225905,4.067331016819963,1.468,0.02292596844792072,1.468,0.0,0.022917651,2.0
3.8242801852199966,0.7906599930847172,2.0,572.8309401917645,4.06604824560675,1.469,0.022925968447646057,1.469,0.0,0.022917651,2.0
3.82426605727501,0.7921922668062507,2.0,573.5679276877489,4.064759091268852,1.47,0.022925968447371388,1.47,0.0,0.022917651,2.0
3.8242495567765595,0.7937245517889352,2.0,574.3103846448919,4.063460436586391,1.471,0.02292596844709672,1.471,0.0,0.022917651,2.0
3.824231151920919,0.7952574927432535,2.0,575.0572661265572,4.062153508890478,1.4719999999999998,0.022925968446822056,1.472,0.0,0.022917651,2.0
3.824211398851659,0.7967918010330396,2.0,575.8074069871745,4.060839820837743,1.4730000000000003,0.022925968446547387,1.473,0.0,0.022917651,2.0
3.824189750522526,0.7983271478261584,2.0,576.5617088349848,4.059517512641425,1.4740000000000002,0.022925968446272718,1.474,0.0,0.022917651,2.0
3.824164891598435,0.7998627107712893,2.0,577.3223162642882,4.058182144425116,1.4750000000000003,0.022925968445998056,1.475,0.0,0.022917651,2.0
3.8241386419845496,0.8013996796249663,2.0,578.0862701951754,4.056839807644944,1.476,0.022925968445723383,1.476,0.0,0.022917651,2.0
3.824110987929665,0.802938068288877,2.0,578.8536037180055,4.055490433395432,1.477,0.02292596844544872,1.477,0.0,0.022917651,2.0
3.824079969012972,0.8044762506463494,2.0,579.6275369528453,4.0541278096065465,1.478,0.022925968445174055,1.478,0.0,0.022917651,2.0
3.824047319975741,0.8060157414158095,2.0,580.4052166808633,4.05275735713831,1.4789999999999999,0.022925968444899383,1.479,0.0,0.022917651,2.0
3.8240132021602733,0.8075567046541854,2.0,581.1863885408007,4.051379556975241,1.4800000000000002,0.02292596844462472,1.48,0.0,0.022917651,2.0
3.823976168078286,0.8090975586482132,2.0,581.9737583341101,4.049990198730913,1.4810000000000003,0.022925968444350055,1.481,0.0,0.022917651,2.0
3.823937042875324,0.8106393619538869,2.0,582.7657393414519,4.04859152585538,1.4819999999999998,0.022925968444075386,1.482,0.0,0.022917651,2.0
3.8238963747222727,0.8121827770785406,2.0,583.5613077509734,4.047185069397108,1.483,0.02292596844380072,1.483,0.0,0.022917651,2.0
3.823856935774271,0.813741856932179,2.0,584.3723517351355,4.045767863949435,1.484,0.022925968443526054,1.484,0.0,0.022917651,2.0
3.8238177753097853,0.8153122619301439,2.0,585.1948321242496,4.044340446449209,1.485,0.022925968443251385,1.485,0.0,0.022917651,2.0
3.823777161332769,0.8168854584088784,2.0,586.021467916079,4.042904423229852,1.486,0.02292596844297672,1.486,0.0,0.022917651,2.0
3.823732544224563,0.8184512222520595,2.0,586.8580803284947,4.0414598227452405,1.487,0.022925968442702054,1.487,0.0,0.022917651,2.0
3.8236842803460527,0.8200102011254901,2.0,587.7040157906629,4.0400074226760125,1.488,0.022925968442427384,1.488,0.0,0.022917651,2.0
3.8236345571744788,0.8215710511360501,2.0,588.5543422976899,4.038547314477236,1.489,0.022925968442152722,1.489,0.0,0.022917651,2.0
3.823580498520342,0.8231199908593008,2.0,589.411844534684,4.0370817749856185,1.49,0.022925968441878053,1.49,0.0,0.022917651,2.0
3.823522734300566,0.8246593841909788,2.0,590.2756237563794,4.0356109598486585,1.491,0.022925968441603387,1.491,0.0,0.022917651,2.0
3.823463372019785,0.8261992581907341,2.0,591.1435961349672,4.034133271877095,1.492,0.022925968441328718,1.492,0.0,0.022917651,2.0
3.823403501107853,0.8277621631747831,2.0,592.0195381399958,4.032630518099606,1.493,0.022925968441054056,1.493,0.0,0.022917651,2.0
3.8233426123030334,0.8293356820039444,2.0,592.9010324308045,4.031113078756479,1.4940000000000002,0.022925968440779387,1.494,0.0,0.022917651,2.0
3.823280273487847,0.8309108571242063,2.0,593.786558168543,4.029588183071081,1.495,0.022925968440504717,1.495,0.0,0.022917651,2.0
3.8232118940765534,0.8324570072525324,2.0,594.6789577556059,4.028068144268365,1.496,0.022925968440230055,1.496,0.0,0.022917651,2.0
3.82314143337579,0.8340015032756558,2.0,595.5758116139519,4.02654143386496,1.497,0.02292596843995539,1.497,0.0,0.022917651,2.0
3.8230690852874454,0.8355482069816699,2.0,596.4775133948417,4.025004968106721,1.4980000000000002,0.02292596843968072,1.498,0.0,0.022917651,2.0
3.822993626065879,0.837099176358564,2.0,597.3866886548384,4.023451800939014,1.499,0.022925968439406055,1.499,0.0,0.022917651,2.0
3.822916297844181,0.8386519041306338,2.0,598.3002668326859,4.021889399494809,1.5,0.02292596843913139,1.5,0.0,0.022917651,2.0
3.8229013923555795,0.8400535843634355,2.0,599.0906114962828,4.02070838612751,1.5010000000000003,0.022925968439406055,1.5010000000000001,0.0,0.022917651,2.0
3.822883757036348,0.8414551039102691,2.0,599.8857817027565,4.01951660719413,1.5020000000000002,0.02292596843968072,1.502,0.0,0.022917651,2.0
3.8228648536347665,0.842857197401742,2.0,600.6831335756922,4.018319182142391,1.5030000000000001,0.02292596843995539,1.5030000000000001,0.0,0.022917651,2.0
3.8228446695905705,0.8442598705227347,2.0,601.4826887243404,4.017116055047893,1.5039999999999998,0.022925968440230055,1.504,0.0,0.022917651,2.0
3.822822447035763,0.8456621133652275,2.0,602.2858110783762,4.015905206404905,1.5050000000000003,0.02292596844050472,1.5050000000000001,0.0,0.022917651,2.0
3.8227980374175208,0.8470636654842942,2.0,603.0930175802874,4.014686302923473,1.5060000000000002,0.022925968440779383,1.506,0.0,0.022917651,2.0
3.8227724225769073,0.8484658537164704,2.0,603.9026396063706,4.013461942430827,1.507,0.022925968441054052,1.5070000000000001,0.0,0.022917651,2.0
3.8227455919781357,0.8498686836225159,2.0,604.7146982726034,4.012232077222983,1.5080000000000002,0.02292596844132872,1.508,0.0,0.022917651,2.0
3.822716256748293,0.8512711149449413,2.0,605.5310440979531,4.010992588865102,1.5090000000000003,0.022925968441603387,1.5090000000000001,0.0,0.022917651,2.0
3.8226852101269455,0.8526738057079079,2.0,606.3505511906911,4.009745994366761,1.51,0.022925968441878056,1.51,0.0,0.022917651,2.0
3.822652911156623,0.8540771451525103,2.0,607.1725693506019,4.008493741843649,1.5110000000000003,0.022925968442152722,1.5110000000000001,0.0,0.022917651,2.0
3.82261906770652,0.8554808043152052,2.0,607.9974904804037,4.007234993000321,1.512,0.022925968442427388,1.512,0.0,0.022917651,2.0
3.822582247947414,0.8568831053448528,2.0,608.8271940256174,4.005965704685202,1.5130000000000001,0.022925968442702057,1.5130000000000001,0.0,0.022917651,2.0
3.822544130493439,0.8582860708266695,2.0,609.6594700786335,4.00469056111992,1.5140000000000002,0.02292596844297672,1.514,0.0,0.022917651,2.0
3.822504703916157,0.8596897066123014,2.0,610.4943412948126,4.0034095107389165,1.5150000000000003,0.022925968443251385,1.5150000000000001,0.0,0.022917651,2.0
3.822462558332514,0.8610928224048165,2.0,611.3333435208817,4.002118102179746,1.516,0.022925968443526054,1.516,0.0,0.022917651,2.0
3.8224183555946234,0.8624960384371244,2.0,612.175724081669,4.000818363578712,1.517,0.022925968443800716,1.5170000000000001,0.0,0.022917651,2.0
3.8223727742596845,0.8638999596184005,2.0,613.0207498034047,3.9995124052924425,1.518,0.022925968444075386,1.518,0.0,0.022917651,2.0
3.8223265316733395,0.8653056559572039,2.0,613.8699888335625,3.9982020266254987,1.5190000000000003,0.022925968444350055,1.5190000000000001,0.0,0.022917651,2.0
3.8222805172335015,0.8667144278451306,2.0,614.7253884879373,3.9968894848994445,1.5200000000000002,0.022925968444624724,1.52,0.0,0.022917651,2.0
3.822233022120558,0.8681238005694162,2.0,615.5833962850544,3.9955704198182973,1.5210000000000001,0.022925968444899386,1.5210000000000001,0.0,0.022917651,2.0
3.8221840317489937,0.8695337800486573,2.0,616.4440379166776,3.9942447671231145,1.5220000000000002,0.02292596844517406,1.522,0.0,0.022917651,2.0
3.8221321514719886,0.8709455794303164,2.0,617.326689792822,3.992905735972809,1.5230000000000001,0.022925968445448724,1.5230000000000001,0.0,0.022917651,2.0
3.8220786959868387,0.8723580149221136,2.0,618.2123861048149,3.991559767951924,1.5240000000000002,0.022925968445723387,1.524,0.0,0.022917651,2.0
3.822023696769733,0.8737710512434114,2.0,619.1004922815378,3.990207024213882,1.5250000000000004,0.022925968445998052,1.5250000000000001,0.0,0.022917651,2.0
3.821966236917893,0.8751750386998285,2.0,619.993066541457,3.988853484145758,1.5260000000000002,0.022925968446272718,1.526,0.0,0.022917651,2.0
3.821906847951462,0.8765762524083096,2.0,620.8888401242837,3.9874950002865925,1.5270000000000001,0.022925968446547387,1.5270000000000001,0.0,0.022917651,2.0
3.821845841208018,0.8779782734953987,2.0,621.7870896066264,3.986129237829763,1.5279999999999998,0.022925968446822053,1.528,0.0,0.022917651,2.0
3.8217822424785126,0.8793805491964302,2.0,622.6893239819194,3.9847528501998575,1.5290000000000001,0.022925968447096715,1.5290000000000001,0.0,0.022917651,2.0
3.8217162561153004,0.8807832155456833,2.0,623.5951963298567,3.9833665195710966,1.53,0.022925968447371384,1.53,0.0,0.022917651,2.0
3.821648580807967,0.8821866999950337,2.0,624.5036153296111,3.9819726151830057,1.531,0.022925968447646054,1.5310000000000001,0.0,0.022917651,2.0
3.821578082177967,0.8835898639396433,2.0,625.4160964448063,3.980567743355697,1.5319999999999998,0.02292596844792072,1.532,0.0,0.022917651,2.0
3.8215047742386643,0.8849927522276827,2.0,626.3326471918588,3.97915191504926,1.5330000000000001,0.02292596844819539,1.5330000000000001,0.0,0.022917651,2.0
3.8214297396893118,0.886396505028701,2.0,627.251835046735,3.9777283157073646,1.534,0.02292596844847005,1.534,0.0,0.022917651,2.0
3.821353374996552,0.8878003101586363,2.0,628.176114323832,3.9762993420256922,1.5350000000000001,0.02292596844874472,1.5350000000000001,0.0,0.022917651,2.0
3.8212757597712192,0.8892042839491071,2.0,629.10525782861,3.9748651963360646,1.536,0.022925968449019386,1.536,0.0,0.022917651,2.0
3.8211965650558355,0.8906091488393868,2.0,630.0371976992471,3.973423841560487,1.5370000000000001,0.02292596844929405,1.537,0.0,0.022917651,2.0
3.8211147680434663,0.8920161393096123,2.0,630.9769567200675,3.9719699489468114,1.538,0.02292596844956872,1.538,0.0,0.022917651,2.0
3.8210307543771367,0.8934250766571856,2.0,631.9229809893307,3.9705052409716752,1.539,0.022925968449843386,1.539,0.0,0.022917651,2.0
3.820945173024301,0.8948352387017103,2.0,632.8721131503376,3.969033037683893,1.54,0.022925968450118052,1.54,0.0,0.022917651,2.0
3.820855297716041,0.8962401398332923,2.0,633.8312217787327,3.9675489216264483,1.541,0.02292596845039272,1.541,0.0,0.022917651,2.0
3.8207628554350688,0.8976438425999087,2.0,634.7960507127791,3.966055736504615,1.5420000000000003,0.022925968450667383,1.542,0.0,0.022917651,2.0
3.8206687021251513,0.8990484248985118,2.0,635.7644494147589,3.9645548274952245,1.5430000000000001,0.022925968450942056,1.543,0.0,0.022917651,2.0
3.8205707706255407,0.9004472799495784,2.0,636.7396528106374,3.9630445366052527,1.544,0.02292596845121672,1.544,0.0,0.022917651,2.0
3.8204710532569517,0.9018470067889319,2.0,637.7185007189703,3.9615262303898384,1.5450000000000002,0.02292596845149139,1.545,0.0,0.022917651,2.0
3.8203689183131324,0.9032475163790484,2.0,638.7019493866476,3.9599974698792475,1.5460000000000003,0.022925968451766057,1.546,0.0,0.022917651,2.0
3.8202635120806194,0.9046485827080438,2.0,639.691345120152,3.9584550648751673,1.547,0.02292596845204072,1.547,0.0,0.022917651,2.0
3.8201563331978154,0.9060505673024248,2.0,640.6844766192658,3.9569046512439834,1.548,0.022925968452315384,1.548,0.0,0.022917651,2.0
3.8200456640074956,0.9074520162878863,2.0,641.6829706459416,3.9553408142035016,1.549,0.022925968452590054,1.549,0.0,0.022917651,2.0
3.8199323245953662,0.9088536559568158,2.0,642.6860443175519,3.953766106585145,1.55,0.022925968452864723,1.55,0.0,0.022917651,2.0
3.819817631142382,0.9102567540203759,2.0,643.6937174890721,3.9521845241573765,1.551,0.022925968453139385,1.551,0.0,0.022917651,2.0
3.819704881079726,0.9116649121862478,2.0,644.7111625765738,3.950605653389386,1.552,0.022925968453414054,1.552,0.0,0.022917651,2.0
3.8195900256290054,0.913073755538704,2.0,645.7323546425982,3.9490176759627644,1.553,0.02292596845368872,1.553,0.0,0.022917651,2.0
3.8194711994575643,0.9144743772780924,2.0,646.7655215503859,3.9474220337361383,1.554,0.022925968453963386,1.554,0.0,0.022917651,2.0
3.819348728669352,0.91586884643163,2.0,647.808838887978,3.94581796265196,1.555,0.022925968454238055,1.555,0.0,0.022917651,2.0
3.819223903618663,0.9172645195669556,2.0,648.8557875655486,3.944203271214738,1.556,0.02292596845451272,1.556,0.0,0.022917651,2.0
3.8190941492915185,0.9186610728270276,2.0,649.9091240368359,3.942567993586083,1.5570000000000002,0.022925968454787386,1.557,0.0,0.022917651,2.0
3.818962187164779,0.9200587103146658,2.0,650.9659703699863,3.9409228004879275,1.5580000000000003,0.022925968455062052,1.558,0.0,0.022917651,2.0
3.8188295938625063,0.9214603998772662,2.0,652.0299470580592,3.939271025057678,1.559,0.022925968455336718,1.559,0.0,0.022917651,2.0
3.818695877684694,0.9228649879603612,2.0,653.0994587496986,3.937611856604736,1.56,0.022925968455611387,1.56,0.0,0.022917651,2.0
3.818559325752324,0.9242674062030899,2.0,654.1730893434571,3.935943515297204,1.5609999999999997,0.022925968455886056,1.561,0.0,0.022917651,2.0
3.818418104875427,0.9256603021162765,2.0,655.2518443615531,3.934266021681111,1.562,0.02292596845616072,1.562,0.0,0.022917651,2.0
3.8182748496553267,0.9270541448599354,2.0,656.3342719437776,3.932579444083405,1.563,0.022925968456435387,1.563,0.0,0.022917651,2.0
3.818127883425888,0.9284457214686751,2.0,657.4231002958333,3.9308802878137197,1.564,0.022925968456710053,1.564,0.0,0.022917651,2.0
3.8179787088676735,0.9298379160493001,2.0,658.5159233717953,3.9291716800292944,1.565,0.02292596845698472,1.565,0.0,0.022917651,2.0
3.8178269848697823,0.9312301784123874,2.0,659.6299882075621,3.9274528134254307,1.566,0.022925968457259388,1.566,0.0,0.022917651,2.0
3.8176729447069726,0.9326228932181702,2.0,660.7591603815666,3.9257242338620744,1.5670000000000002,0.022925968457534054,1.567,0.0,0.022917651,2.0
3.817515658408419,0.9340153078300397,2.0,661.8947269759143,3.9239829646361883,1.568,0.02292596845780872,1.568,0.0,0.022917651,2.0
3.81735421158738,0.9354065040670861,2.0,663.0379972274784,3.9222262625926434,1.5690000000000002,0.02292596845808339,1.569,0.0,0.022917651,2.0
3.8171902837366205,0.9367981051786313,2.0,664.1864827492769,3.9204592328471723,1.5699999999999998,0.022925968458358054,1.57,0.0,0.022917651,2.0
3.8170222906207245,0.9381876918960368,2.0,665.3418520621058,3.9186779625320316,1.571,0.02292596845863272,1.571,0.0,0.022917651,2.0
3.8168520921439866,0.9395783321672635,2.0,666.5021479262202,3.9168868168890967,1.572,0.02292596845890739,1.572,0.0,0.022917651,2.0
3.8166762924501336,0.940971436413055,2.0,667.670020283942,3.915070798853861,1.5730000000000002,0.02292596845918205,1.573,0.0,0.022917651,2.0
3.8164980900414927,0.9423657476169824,2.0,668.8429591093287,3.9132439630487132,1.574,0.022925968459456717,1.574,0.0,0.022917651,2.0
3.816315926483433,0.9437487360001005,2.0,670.0243692433316,3.9114126057717873,1.5750000000000002,0.022925968459731383,1.575,0.0,0.022917651,2.0
3.816130888642682,0.9451312345772607,2.0,671.2111311520305,3.909570241154763,1.5760000000000003,0.022925968460006052,1.576,0.0,0.022917651,2.0
3.815939151201933,0.9465095109954588,2.0,672.4136308672614,3.9077053012544525,1.577,0.02292596846028072,1.577,0.0,0.022917651,2.0
3.815744162835309,0.9478877108350949,2.0,673.6224326270386,3.905827434671001,1.5779999999999998,0.022925968460555387,1.578,0.0,0.022917651,2.0
3.8155533612000925,0.9492627400851134,2.0,674.8395714381566,3.90396948543425,1.5790000000000002,0.022925968460830053,1.579,0.0,0.022917651,2.0
3.8153613388011602,0.9506380268076073,2.0,676.0618359331456,3.9021063954537674,1.5800000000000003,0.022925968461104722,1.58,0.0,0.022917651,2.0
3.815165059786412,0.9520107180874725,2.0,677.2908347653943,3.9002288821287934,1.581,0.022925968461379384,1.581,0.0,0.022917651,2.0
3.8149659759577395,0.9533836094125702,2.0,678.524839006461,3.898339951235934,1.582,0.022925968461654053,1.582,0.0,0.022917651,2.0
3.8147657741042313,0.9547550453027096,2.0,679.7664174983857,3.8964479955914046,1.583,0.02292596846192872,1.583,0.0,0.022917651,2.0
3.8145635530477455,0.9561269607653385,2.0,681.0131755139859,3.8945474821801995,1.5839999999999999,0.022925968462203385,1.584,0.0,0.022917651,2.0
3.814355528107441,0.9574988704034281,2.0,682.2744449875196,3.8926237604798457,1.585,0.022925968462478054,1.585,0.0,0.022917651,2.0
3.8141445106356393,0.9588716376592681,2.0,683.542323614451,3.8906872109705364,1.586,0.02292596846275272,1.586,0.0,0.022917651,2.0
3.8139244337365277,0.9602386475018417,2.0,684.847018694126,3.8887201846630473,1.587,0.02292596846302739,1.587,0.0,0.022917651,2.0
3.8137011507371663,0.9616053889153403,2.0,686.1607298820038,3.8867406023265545,1.588,0.022925968463302054,1.588,0.0,0.022917651,2.0
3.813472793039194,0.9629607246973275,2.0,687.4839777611891,3.884752116966693,1.589,0.02292596846357672,1.589,0.0,0.022917651,2.0
3.8132414471870337,0.9643158588625271,2.0,688.8139024425203,3.882751882946148,1.59,0.02292596846385139,1.59,0.0,0.022917651,2.0
3.8130054976379055,0.9656672518001219,2.0,690.1526030787556,3.8807369839624886,1.591,0.022925968464126055,1.591,0.0,0.022917651,2.0
3.8127648689262528,0.9670185115567369,2.0,691.499418700359,3.8787034975300054,1.592,0.02292596846440072,1.592,0.0,0.022917651,2.0
3.8125187228001156,0.9683690688944523,2.0,692.8550002469187,3.8766486377243567,1.593,0.022925968464675386,1.593,0.0,0.022917651,2.0
3.812271999072769,0.9697188027794715,2.0,694.2197344701657,3.874592297489178,1.5940000000000003,0.02292596846495005,1.594,0.0,0.022917651,2.0
3.812023407309946,0.9710684608424264,2.0,695.5918338256736,3.8725285647643966,1.595,0.022925968465224718,1.595,0.0,0.022917651,2.0
3.811776399064952,0.9724157452284623,2.0,696.9732820673704,3.8704735225813764,1.596,0.022925968465499387,1.596,0.0,0.022917651,2.0
3.8115279286193253,0.97376289351195,2.0,698.3607256582422,3.8684127681984726,1.597,0.022925968465774053,1.597,0.0,0.022917651,2.0
3.811278714163436,0.9751058141489412,2.0,699.7556503927062,3.8663532892383734,1.5980000000000003,0.02292596846604872,1.598,0.0,0.022917651,2.0
3.8110263987152186,0.9764484698456964,2.0,701.1567195347981,3.8642816648661635,1.599,0.022925968466323384,1.599,0.0,0.022917651,2.0
3.810770414068662,0.9777895883247705,2.0,702.564641076002,3.862196888644083,1.6000000000000003,0.022925968466598053,1.6,0.0,0.022917651,2.0
3.8105992933453146,0.9790318148758804,2.0,703.6809754340059,3.86053346416007,1.601,0.022925968409058202,1.601,0.0,0.022917651,2.0
3.8104240805008236,0.9802730956398775,2.0,704.814980420065,3.8588546169724447,1.6020000000000003,0.02292596835151835,1.602,0.0,0.022917651,2.0
3.810246802029877,0.9815146259935676,2.0,705.9524099536767,3.857167257814618,1.603,0.022925968293978503,1.603,0.0,0.022917651,2.0
3.8100628651663655,0.9827492918978465,2.0,707.1120574636863,3.8554601339188928,1.6040000000000003,0.022925968236438648,1.604,0.0,0.022917651,2.0
3.8098768820906646,0.9839843527873502,2.0,708.2747924894006,3.8537444301919597,1.6050000000000002,0.022925968178898793,1.605,0.0,0.022917651,2.0
3.8096882596900112,0.9852164278905122,2.0,709.4420871507796,3.8520211587999635,1.6060000000000003,0.02292596812135894,1.606,0.0,0.022917651,2.0
3.8094972923853456,0.9864471207628767,2.0,710.6133136244114,3.8502898918708826,1.6070000000000002,0.02292596806381909,1.607,0.0,0.022917651,2.0
3.809303669104566,0.9876769120659441,2.0,711.7891416327539,3.84854890093103,1.608,0.022925968006279246,1.608,0.0,0.022917651,2.0
3.8091068692220853,0.9889044218768565,2.0,712.9715621107151,3.8467974820291593,1.6090000000000002,0.02292596794873939,1.609,0.0,0.022917651,2.0
3.808908105771153,0.9901323034920804,2.0,714.1580696118987,3.8450378370960823,1.61,0.02292596789119954,1.61,0.0,0.022917651,2.0
3.8087051299979287,0.9913587884286863,2.0,715.3515918383997,3.843262741770922,1.6110000000000004,0.02292596783365969,1.611,0.0,0.022917651,2.0
3.808500226464273,0.9925856547572474,2.0,716.5494489914009,3.841479554104391,1.612,0.02292596777611983,1.612,0.0,0.022917651,2.0
3.808302332533452,0.9938114964545111,2.0,717.7535397838463,3.8397254184297656,1.6129999999999998,0.022925967718579982,1.613,0.0,0.022917651,2.0
3.8081046451582754,0.9950373216266856,2.0,718.9623050461018,3.8379721227093087,1.614,0.02292596766104013,1.614,0.0,0.022917651,2.0
3.807900996664528,0.996262298321179,2.0,720.1762010528572,3.8361958415426733,1.6149999999999998,0.02292596760350028,1.615,0.0,0.022917651,2.0
3.8076910721679864,0.9974863222797761,2.0,721.3954575367111,3.834395420498624,1.6160000000000003,0.022925967545960428,1.616,0.0,0.022917651,2.0
3.807480168210467,0.9987101892338062,2.0,722.6195705180738,3.8325912329785727,1.617,0.022925967488420573,1.617,0.0,0.022917651,2.0
3.807270349191977,0.9999328446827906,2.0,723.8494246095804,3.8307925802415523,1.6180000000000003,0.022925967430880722,1.618,0.0,0.022917651,2.0
3.807058386652777,1.0011558655640793,2.0,725.0837705381522,3.8289849881840774,1.619,0.022925967373340878,1.619,0.0,0.022917651,2.0
3.8068439131579606,1.0023780221561522,2.0,726.3420719802431,3.827168233875659,1.6200000000000003,0.022925967315801026,1.62,0.0,0.022917651,2.0
3.8066272485408077,1.0036005486528905,2.0,727.6044742544025,3.825342345340702,1.6210000000000002,0.022925967258261175,1.621,0.0,0.022917651,2.0
3.8064062819718307,1.004818659068771,2.0,728.88879561017,3.823503656399017,1.6219999999999999,0.022925967200721317,1.622,0.0,0.022917651,2.0
3.80618255692946,1.0060359830273697,2.0,730.1816081539223,3.821654717640444,1.623,0.022925967143181465,1.623,0.0,0.022917651,2.0
3.8059562449208433,1.0072518048641823,2.0,731.4837526123847,3.8197969375701613,1.6240000000000003,0.022925967085641617,1.624,0.0,0.022917651,2.0
3.805727720830629,1.0084669703042108,2.0,732.7932442246712,3.8179309684072584,1.6250000000000002,0.022925967028101762,1.625,0.0,0.022917651,2.0
3.805496035705241,1.0096823931646561,2.0,734.1129859550948,3.8160520960008157,1.6260000000000003,0.022925966970561908,1.6260000000000001,0.0,0.022917651,2.0
3.805260955731161,1.0108979173184909,2.0,735.4445598802826,3.8141595408840807,1.6270000000000002,0.022925966913022056,1.627,0.0,0.022917651,2.0
3.805023477505581,1.0121141102843096,2.0,736.7816687350024,3.812256722769596,1.628,0.02292596685548221,1.6280000000000001,0.0,0.022917651,2.0
3.8047833259979607,1.0133312058146307,2.0,738.124781880342,3.810342306785621,1.629,0.022925966797942357,1.629,0.0,0.022917651,2.0
3.804541723559268,1.0145489422182308,2.0,739.4738097037646,3.8084214490828265,1.6300000000000001,0.02292596674040251,1.6300000000000001,0.0,0.022917651,2.0
3.804299711949885,1.0157675276574691,2.0,740.8302370374117,3.8064981141012586,1.6309999999999998,0.022925966682862654,1.631,0.0,0.022917651,2.0
3.804057578424848,1.0169870683472633,2.0,742.1920251754124,3.8045733337967618,1.6320000000000001,0.022925966625322803,1.6320000000000001,0.0,0.022917651,2.0
3.8038220399703366,1.018209022868428,2.0,743.5598783025736,3.802672508546177,1.6329999999999998,0.02292596656778295,1.633,0.0,0.022917651,2.0
3.8035841232712575,1.0194316693511807,2.0,744.9328892854392,3.80076147886419,1.6340000000000001,0.0229259665102431,1.6340000000000001,0.0,0.022917651,2.0
3.8033396071350722,1.020657848836586,2.0,746.313491246019,3.7988205290025063,1.6350000000000002,0.02292596645270325,1.635,0.0,0.022917651,2.0
3.8030929366824755,1.0218847068190162,2.0,747.6993008161019,3.7968702833380097,1.6360000000000001,0.0229259663951634,1.6360000000000001,0.0,0.022917651,2.0
3.8028471220289086,1.0231144169070527,2.0,749.1149059228923,3.7949206078596984,1.6370000000000002,0.022925966337623546,1.637,0.0,0.022917651,2.0
3.8025992817941594,1.024345066882619,2.0,750.5367497636173,3.792961889973332,1.6380000000000003,0.022925966280083695,1.6380000000000001,0.0,0.022917651,2.0
3.802351210407612,1.0255823839455618,2.0,751.9818031860278,3.790995565783565,1.6390000000000002,0.022925966222543843,1.639,0.0,0.022917651,2.0
3.8021015224901387,1.0268217100592885,2.0,753.4354437195868,3.7890207637006728,1.6400000000000003,0.022925966165003992,1.6400000000000001,0.0,0.022917651,2.0
3.8018511063196936,1.0280687148014747,2.0,754.905917552643,3.787035390707395,1.641,0.02292596610746414,1.641,0.0,0.022917651,2.0
3.8015991626275176,1.0293190777138324,2.0,756.3861680961348,3.7850405566938585,1.6420000000000001,0.022925966049924286,1.6420000000000001,0.0,0.022917651,2.0
3.801347487922004,1.0305810942370306,2.0,757.8737836962945,3.7830351309577024,1.6430000000000002,0.022925965992384438,1.643,0.0,0.022917651,2.0
3.801095116356174,1.0318499925365112,2.0,759.3680940453032,3.78102002855976,1.6440000000000001,0.022925965934844583,1.6440000000000001,0.0,0.022917651,2.0
3.8008440680627356,1.0331320241124247,2.0,760.8697525902447,3.7789970904705457,1.6450000000000002,0.022925965877304732,1.645,0.0,0.022917651,2.0
3.8005937974788933,1.034424841648751,2.0,762.3785053744676,3.7769664803827885,1.6460000000000001,0.02292596581976488,1.6460000000000001,0.0,0.022917651,2.0
3.800343200066817,1.0357313787602251,2.0,763.8967604729669,3.7749208426923024,1.647,0.02292596576222503,1.647,0.0,0.022917651,2.0
3.800092597381661,1.0370545303196976,2.0,765.4253437442154,3.7728585692655403,1.6480000000000001,0.022925965704685178,1.6480000000000001,0.0,0.022917651,2.0
3.7998417161862204,1.0383892524880824,2.0,766.9731954632354,3.7707836110073942,1.6490000000000002,0.022925965647145326,1.649,0.0,0.022917651,2.0
3.7995917449179237,1.0397434554089573,2.0,768.5503372533975,3.7686928110038487,1.65,0.022925965589605475,1.6500000000000001,0.0,0.022917651,2.0
3.7993402272323302,1.0411075728515577,2.0,770.1532682843216,3.7665859139950313,1.651,0.022925965532065624,1.651,0.0,0.022917651,2.0
3.7990873542535795,1.0424938942061637,2.0,771.8130675748845,3.764451399667921,1.6520000000000004,0.022925965474525772,1.6520000000000001,0.0,0.022917651,2.0
3.798836157673939,1.043891255111353,2.0,773.483152662562,3.762312547885583,1.653,0.022925965416985918,1.653,0.0,0.022917651,2.0
3.7985935540489693,1.0453181476509545,2.0,775.1717795318528,3.760178525346192,1.654,0.02292596535944607,1.6540000000000001,0.0,0.022917651,2.0
3.798350806254298,1.0467539591978807,2.0,776.8683995835805,3.7580350073792625,1.655,0.02292596530190622,1.655,0.0,0.022917651,2.0
3.7981138620140986,1.0482295728826314,2.0,778.5805529056687,3.7558749041183557,1.6560000000000001,0.022925965244366367,1.6560000000000001,0.0,0.022917651,2.0
3.797875693738979,1.0497091590662555,2.0,780.2993878922312,3.7537059321696575,1.657,0.022925965186826512,1.657,0.0,0.022917651,2.0
3.7976587616244193,1.0512586456492545,2.0,782.0366037436379,3.7515520091837224,1.6580000000000004,0.022925965129286664,1.6580000000000001,0.0,0.022917651,2.0
3.7974411017325638,1.0528133405004847,2.0,783.7805152524681,3.7493899668593156,1.659,0.02292596507174681,1.659,0.0,0.022917651,2.0
3.797245228187139,1.054457441358226,2.0,785.5780221191718,3.7472256589579986,1.6600000000000004,0.02292596501420696,1.6600000000000001,0.0,0.022917651,2.0
3.797057434232307,1.0561395998654608,2.0,787.4005014971829,3.7450556101518755,1.661,0.022925964956667107,1.661,0.0,0.022917651,2.0
3.7968829712446643,1.0578782295153455,2.0,789.237893514653,3.7428824152045626,1.6620000000000004,0.022925964899127255,1.6620000000000001,0.0,0.022917651,2.0
3.796741865831399,1.0597462451695159,2.0,791.0998084784197,3.7407132668100362,1.663,0.022925964841587404,1.663,0.0,0.022917651,2.0
3.7966016156531897,1.0616249109894875,2.0,792.9689139595637,3.738536889174607,1.6640000000000004,0.022925964784047556,1.6640000000000001,0.0,0.022917651,2.0
3.796508805711371,1.0636785084969889,2.0,794.9295498281037,3.736375343066692,1.665,0.0229259647265077,1.665,0.0,0.022917651,2.0
3.7964435948099555,1.0658373133398775,2.0,796.9465849668505,3.734218987025666,1.6660000000000001,0.02292596466896785,1.666,0.0,0.022917651,2.0
3.7963846172919724,1.068024823903889,2.0,798.9849010903728,3.732058858581399,1.667,0.022925964611428,1.667,0.0,0.022917651,2.0
3.7964119220165706,1.0704978530752831,2.0,801.2650282945771,3.7299583356896595,1.668,0.022925964553888147,1.668,0.0,0.022917651,2.0
3.7964448092605583,1.0729991865638246,2.0,803.5688217763288,3.7278518385297694,1.6690000000000005,0.022925964496348296,1.669,0.0,0.022917651,2.0
3.7965473883359135,1.075747725941228,2.0,806.029129911999,3.7257769038124535,1.6700000000000002,0.02292596443880844,1.67,0.0,0.022917651,2.0
3.796674803262048,1.078592947548911,2.0,808.5632280714734,3.7237046303882293,1.6709999999999998,0.022925964381268593,1.671,0.0,0.022917651,2.0
3.7968974806425337,1.081799328789605,2.0,811.3681358487663,3.721652247049493,1.6720000000000002,0.022925964323728742,1.672,0.0,0.022917651,2.0
3.7972176054425724,1.0854081244165632,2.0,814.5058588084606,3.7195872390664126,1.6729999999999998,0.022925964266188887,1.673,0.0,0.022917651,2.0
3.7976997976185505,1.089591976335475,2.0,818.135386823952,3.7175954523320454,1.6740000000000002,0.022925964208649036,1.674,0.0,0.022917651,2.0
3.7984488895764557,1.0947031985415454,2.0,822.5565471264854,3.7157438831564336,1.6750000000000003,0.022925964151109188,1.675,0.0,0.022917651,2.0
3.7995640894067333,1.1010881366982799,2.0,828.0401355498057,3.7140830385051893,1.676,0.022925964093569333,1.676,0.0,0.022917651,2.0
3.801249079620944,1.1095082600683304,2.0,835.1451570245,3.712666159873705,1.6769999999999998,0.022925964036029485,1.677,0.0,0.022917651,2.0
3.804160203440385,1.1220175114025999,2.0,845.3414881220451,3.712064694188225,1.6779999999999997,0.02292596397848963,1.678,0.0,0.022917651,2.0
3.8098770842443526,1.1437322332481692,2.0,862.7000381497226,3.713480779877404,1.6790000000000003,0.022925963920949782,1.679,0.0,0.022917651,2.0
3.8308574768047645,1.2173682706811235,2.0,886.8135638325647,3.7240296096436887,1.6800000000000002,0.02292596386340993,1.68,0.0,0.022917651,2.0
3.8001026613034656,1.2016683637253758,2.0,892.3939836591443,3.616973536403046,1.6810000000000003,0.022925963805870076,1.681,0.0,0.022917651,2.0
3.789155797509348,1.2010282599734647,2.0,897.8983245669731,3.574089478990693,1.682,0.022925963753543582,1.682,0.0,0.022917651,2.0
3.781131356371176,1.193472392833861,2.0,903.4903481895828,3.5498108685022767,1.6829999999999998,0.02292596375372618,1.683,0.0,0.022917651,2.0
3.77319133490775,1.1806052312860642,2.0,909.0631751058428,3.5311812365926576,1.684,0.02292596415345084,1.684,0.0,0.022917651,2.0
3.7640002188282295,1.1589480602009445,2.0,914.5065486318713,3.516337243934273,1.6850000000000003,0.02292596826596589,1.685,0.0,0.022917651,2.0
3.752640273888957,1.121840767432177,2.0,919.6874368586716,3.5082680350844595,1.6860000000000002,0.022926024580525207,1.686,0.0,0.022917651,2.0
3.7388447265026805,1.0640722305328485,2.0,924.4255361266404,3.5111176679472154,1.6870000000000003,0.022927677151545596,1.687,0.0,0.022917651,2.0
3.723985806743629,1.0047212474429168,2.0,928.600389615604,3.511296276195025,1.688,0.022964743261094482,1.688,0.0,0.022917651,2.0
3.7104826229855634,0.9840835738231019,2.0,932.4223972802887,3.4781845024363953,1.689,0.023140100156911564,1.689,0.0,0.022917651,2.0
3.700889776056509,1.0244116187059402,2.0,936.2069801817365,3.399748361279837,1.6900000000000002,0.023740324123522654,1.69,0.0,0.022917651,2.0
3.6946178785207935,1.096577679263753,2.0,940.3778829728333,3.302757988325832,1.691,0.025109082332166063,1.691,0.0,0.022917651,2.0
3.689825589709106,1.1773427455385146,2.0,945.3032889511953,3.2030870596586216,1.6920000000000002,0.027004648345002102,1.692,0.0,0.022917651,2.0
3.685508292811062,1.259365168037096,2.0,951.257221315071,3.104058750630841,1.693,0.02877455132729404,1.693,0.0,0.022917651,2.0
3.6812059398520085,1.3411995177651717,2.0,958.4902471018892,3.005278254665686,1.694,0.03009995611222906,1.694,0.0,0.022917651,2.0
3.6767296051703853,1.4231019793554616,2.0,967.2814774099119,2.9057337670311747,1.695,0.03099657811273931,1.695,0.0,0.022917651,2.0
3.672041877699965,1.5060751828610524,2.0,977.9797272005721,2.8042729384173515,1.696,0.031583581586825685,1.696,0.0,0.022917651,2.0
3.6670850300355853,1.590997754462589,2.0,991.05475279027,2.6997862577726726,1.697,0.0323094920887826,1.697,0.0,0.022917651,2.0
3.661825782683769,1.6788571355746433,2.0,1007.1161607958397,2.5911531749372267,1.698,0.03314669662465191,1.698,0.0,0.022917651,2.0
3.6559830484636517,1.7725552655453123,2.0,1027.1123161838443,2.474347389730786,1.699,0.03347735668889392,1.699,0.0,0.022917651,2.0
3.6499259987658577,1.8661145072124534,2.0,1052.2110306152192,2.3568232476386566,1.7,0.03350881697734656,1.7,0.0,0.022917651,2.0
3.6461738832574486,1.9238197493067652,2.0,1075.0018483127046,2.284357779503341,1.7009999999999998,0.03352381364430112,1.701,0.0,0.022917651,2.0
3.6431625386021325,1.9698374187314696,2.0,1101.1188151009342,2.2265429568995665,1.702,0.03353881031125568,1.702,0.0,0.022917651,2.0
3.6448097060315723,1.9488021361474817,2.0,1128.8712883845808,2.2544151482002546,1.703,0.03355380697821024,1.703,0.0,0.022917651,2.0
3.6566715057465813,1.7779687776195903,2.0,1151.5779595088463,2.4729439408954264,1.7039999999999997,0.033568803645164805,1.704,0.0,0.022917651,2.0
3.655996340673189,1.7907180752607887,2.0,1176.8527759438598,2.457742223123414,1.705,0.03358380031211937,1.705,0.0,0.022917651,2.0
3.652130110831321,1.8502240891946538,2.0,1211.5771985224624,2.383019519537654,1.7059999999999997,0.03359879697907393,1.706,0.0,0.022917651,2.0
3.6483278581715357,1.9079630483983343,2.0,1255.6810623405963,2.310319789248545,1.707,0.03361379364602849,1.707,0.0,0.022917651,2.0
3.644116275412826,1.9707937998545435,2.0,1311.6014513658927,2.230890954274419,1.708,0.03362879031298305,1.708,0.0,0.022917651,2.0
3.639303341203736,2.0413988579177604,2.0,1382.0864286797137,2.1412823808662256,1.709,0.03364378697993761,1.709,0.0,0.022917651,2.0
3.633997808970491,2.11812491820638,2.0,1472.7190244645155,2.0435824262646762,1.7100000000000004,0.03365878364689217,1.71,0.0,0.022917651,2.0
3.628013011789394,2.2033889913769236,2.0,1591.9240027679612,1.9346274125356306,1.7110000000000003,0.033673780313846734,1.711,0.0,0.022917651,2.0
3.620981026528897,2.3004174459907607,2.0,1753.5225161475028,1.809719254930859,1.712,0.0336887769808013,1.712,0.0,0.022917651,2.0
3.612605859806838,2.414072269821463,2.0,1982.5881464685745,1.6628119891654547,1.713,0.03370377364775586,1.713,0.0,0.022917651,2.0
3.602263202174058,2.5519208850178825,2.0,2329.148276179184,1.4838409896926812,1.714,0.03371877031471041,1.714,0.0,0.022917651,2.0
3.588497344571567,2.727318878794541,2.0,2908.9814193682396,1.253627789140403,1.715,0.033733766981664984,1.715,0.0,0.022917651,2.0
3.568012052544725,2.967211588805024,2.0,4061.7382928162942,0.9320421574948027,1.716,0.03374876364861954,1.716,0.0,0.022917651,2.0
