log_Teff,LogL_lsun,Age_gyr,Step,Log_g,Mass_msun,feh,Mass_input,Metallicity_input,Z_used,Age_input
3.5404400419189512,-1.9447499632420508,2.5,288.57912702740293,4.976416220110847,0.3,0.024327241631922517,0.3,0.0,0.022917651,2.5
3.5405993171190855,-1.9421387980086824,2.5,288.5972654978078,4.97569154293931,0.301,0.02432459341691165,0.301,0.0,0.022917651,2.5
3.5407584675133292,-1.9395254176560175,2.5,288.61672525795956,4.974964151427957,0.302,0.024321914884543702,0.302,0.0,0.022917651,2.5
3.54091748979744,-1.9369097635387316,2.5,288.6375412890285,4.974233973714593,0.30299999999999994,0.02431920523216608,0.303,0.0,0.022917651,2.5
3.5410763359906103,-1.9342940575974732,2.5,288.65671771450116,4.973503040011807,0.30400000000000005,0.024316350830351274,0.304,0.0,0.022917651,2.5
3.5412348923862047,-1.9316850027911507,2.5,288.6652913132323,4.972777599012936,0.305,0.024313020860368347,0.305,0.0,0.022917651,2.5
3.5413933430352658,-1.9290737009936172,2.5,288.67502541007985,4.972049488028994,0.30600000000000005,0.024309654028229672,0.306,0.0,0.022917651,2.5
3.541551685115272,-1.9264600922295232,2.5,288.685950980367,4.9713186357943355,0.307,0.02430624935003258,0.307,0.0,0.022917651,2.5
3.5417099157023486,-1.9238441143699248,2.5,288.6981001116791,4.9705849684843,0.308,0.02430280580654442,0.308,0.0,0.022917651,2.5
3.5418680317666786,-1.9212257030347426,2.5,288.71150605424043,4.969848409599325,0.309,0.024299322341602397,0.309,0.0,0.022917651,2.5
3.5420260301676634,-1.9186047914898716,2.5,288.7262032740526,4.969108879842675,0.30999999999999994,0.024295797860425652,0.31,0.0,0.022917651,2.5
3.542183907648809,-1.9159813105385963,2.5,288.7422275089755,4.968366296991424,0.311,0.024292231227833912,0.311,0.0,0.022917651,2.5
3.5423416608323315,-1.9133551884069422,2.5,288.75961582794076,4.9676205757602165,0.312,0.024288621266366658,0.312,0.0,0.022917651,2.5
3.5424992862134594,-1.9107263506225551,2.5,288.7784066935049,4.966871627657351,0.313,0.024284966754296134,0.313,0.0,0.022917651,2.5
3.5426567801544055,-1.9080947198866918,2.5,288.79864002796273,4.966119360832676,0.314,0.024281266423527355,0.314,0.0,0.022917651,2.5
3.542814138878,-1.9054602159388503,2.5,288.8203572832615,4.9653636799167264,0.31499999999999995,0.024277518957377318,0.315,0.0,0.022917651,2.5
3.542971358460946,-1.9028227554135466,2.5,288.84360151497134,4.964604485850551,0.316,0.02427372298822543,0.316,0.0,0.022917651,2.5
3.5431284348266883,-1.900182251688696,2.5,288.86841746059065,4.9638416757055435,0.317,0.024269877095026177,0.317,0.0,0.022917651,2.5
3.543285363737853,-1.8975386147250257,2.5,288.8948516224849,4.9630751424926265,0.318,0.024265979800674672,0.318,0.0,0.022917651,2.5
3.5434421407882404,-1.8948917508958887,2.5,288.9229523557819,4.962304774960031,0.319,0.024262029569214746,0.319,0.0,0.022917651,2.5
3.543598761394332,-1.8922415628068052,2.5,288.9527699615735,4.9615304573788634,0.32,0.02425802480287845,0.32,0.0,0.022917651,2.5
3.543755220786276,-1.889587949103998,2.5,288.98435678579955,4.960752069315599,0.32099999999999995,0.02425396383894513,0.321,0.0,0.022917651,2.5
3.5439115139983275,-1.8869308042711348,2.5,289.0177673242249,4.959969485390558,0.322,0.024249844946406928,0.322,0.0,0.022917651,2.5
3.5440676358586845,-1.8842700184134193,2.5,289.05305833394914,4.959182575021364,0.323,0.02424566632242674,0.323,0.0,0.022917651,2.5
3.5442238344741526,-1.8816259733920486,2.5,289.07510583035406,4.958412711460317,0.32400000000000007,0.02424075929708327,0.324,0.0,0.022917651,2.5
3.544379913107705,-1.8789814942351601,2.5,289.09681022733326,4.957641933696331,0.325,0.024235687293155356,0.325,0.0,0.022917651,2.5
3.544535834180792,-1.8763337170838281,2.5,289.12028625638766,4.9568672276991945,0.32600000000000007,0.024230538782583855,0.326,0.0,0.022917651,2.5
3.5446915929298717,-1.8736825422294279,2.5,289.14558747946285,4.956088474706214,0.327,0.024225311452335058,0.327,0.0,0.022917651,2.5
3.5448471843974225,-1.8710278659030795,2.5,289.17276963961046,4.955305551118526,0.328,0.02422000289518579,0.328,0.0,0.022917651,2.5
3.545002603421974,-1.868369580066851,2.5,289.20189077315194,4.954518328252415,0.329,0.024214610604879706,0.329,0.0,0.022917651,2.5
3.5451578446275023,-1.8657075721919418,2.5,289.23301132883466,4.953726672075099,0.33,0.024209131970981554,0.33,0.0,0.022917651,2.5
3.545312902412173,-1.863041725022888,2.5,289.2661942944973,4.952930442923883,0.33100000000000007,0.024203564273407318,0.331,0.0,0.022917651,2.5
3.5454677709363507,-1.8603719163267542,2.5,289.30150533179915,4.952129495207412,0.33199999999999996,0.02419790467660596,0.332,0.0,0.022917651,2.5
3.545622444109853,-1.8576980186261869,2.5,289.33901291962087,4.951323677087724,0.333,0.024192150223366782,0.333,0.0,0.022917651,2.5
3.545776915578364,-1.855019898915099,2.5,289.378788506795,4.950512830141592,0.3340000000000001,0.024186297828223884,0.334,0.0,0.022917651,2.5
3.5459311787089565,-1.8523374183556538,2.5,289.4209066748791,4.949696788999605,0.3350000000000001,0.024180344270426903,0.335,0.0,0.022917651,2.5
3.546085226574655,-1.8496504319551021,2.5,289.4654453117561,4.948875380961256,0.336,0.024174286186444214,0.336,0.0,0.022917651,2.5
3.54623905193796,-1.846958788220889,2.5,289.51248579690497,4.948048425584129,0.3370000000000001,0.024168120061962176,0.337,0.0,0.022917651,2.5
3.546392647233246,-1.844262328792305,2.5,289.5621131992729,4.9472157342451695,0.338,0.024161842223340124,0.338,0.0,0.022917651,2.5
3.5465459981906813,-1.8415818293619786,2.5,289.6081023909885,4.9463980260041085,0.339,0.024154868362480143,0.339,0.0,0.022917651,2.5
3.5466991357132094,-1.8389094415189502,2.5,289.65235230961196,4.945587575869413,0.34,0.02414742199920697,0.34,0.0,0.022917651,2.5
3.546852065126865,-1.8362327889981924,2.5,289.69850040348257,4.944772028612587,0.341,0.024139841453706935,0.341,0.0,0.022917651,2.5
3.5470047795722603,-1.8335517312334821,2.5,289.7466092375442,4.943951216229563,0.342,0.02413212230325693,0.342,0.0,0.022917651,2.5
3.5471572718852054,-1.830866121412448,2.5,289.79674415685434,4.9431249632509076,0.3430000000000001,0.024124259928607318,0.343,0.0,0.022917651,2.5
3.5473095345795898,-1.8281758061257294,2.5,289.8489734427386,4.942293086322497,0.344,0.024116249502943332,0.34400000000000003,0.0,0.022917651,2.5
3.5474615598290966,-1.8254806249922284,2.5,289.90336847959026,4.941455393757621,0.3450000000000001,0.024108085980093983,0.34500000000000003,0.0,0.022917651,2.5
3.5476133394476466,-1.8227804102585132,2.5,289.960003933171,4.94061168505819,0.3460000000000001,0.02409976408192798,0.34600000000000003,0.0,0.022917651,2.5
3.5477648648684963,-1.820074986370285,2.5,290.0189579413484,4.93976175040256,0.34700000000000003,0.024091278284870458,0.34700000000000003,0.0,0.022917651,2.5
3.547916127121843,-1.8173641695135994,2.5,290.0803123182952,4.938905370097197,0.3480000000000001,0.02408262280546812,0.34800000000000003,0.0,0.022917651,2.5
3.5480671168108437,-1.814647767123325,2.5,290.14415277326987,4.938042313989189,0.3490000000000001,0.024073791584923628,0.34900000000000003,0.0,0.022917651,2.5
3.548217824085891,-1.811925577356076,2.5,290.21056914521023,4.937172340836302,0.35000000000000003,0.024064778272512105,0.35000000000000003,0.0,0.022917651,2.5
3.548368238617013,-1.8091973885245904,2.5,290.2796556544884,4.936295197630945,0.35100000000000003,0.024055576207784597,0.35100000000000003,0.0,0.022917651,2.5
3.548519208988533,-1.8065017730640196,2.5,290.3441486832759,4.935452850742678,0.35200000000000004,0.024045338900349666,0.352,0.0,0.022917651,2.5
3.5486701332406683,-1.803808970802288,2.5,290.4088982740605,4.934613132502217,0.35300000000000004,0.024034726712876125,0.353,0.0,0.022917651,2.5
3.5488208373281327,-1.8011110286616112,2.5,290.47536136707237,4.93376739373495,0.35400000000000004,0.0240239034577476,0.354,0.0,0.022917651,2.5
3.548971313505908,-1.798407765829814,2.5,290.54359824039705,4.9329154226490175,0.355,0.024012861709963973,0.355,0.0,0.022917651,2.5
3.5491215536613905,-1.7956989929132081,2.5,290.61367203297425,4.932056997400711,0.356,0.02400159369212776,0.356,0.0,0.022917651,2.5
3.549271549292323,-1.7929845114213718,2.5,290.68564891635873,4.931191885490997,0.357,0.023990091253286678,0.357,0.0,0.022917651,2.5
3.549421291483112,-1.7902641132143555,2.5,290.7595982790068,4.930319843117996,0.358,0.02397834584623342,0.358,0.0,0.022917651,2.5
3.549570770879407,-1.7875375799090854,2.5,290.83559292416703,4.929440614481684,0.35900000000000004,0.023966348503129654,0.359,0.0,0.022917651,2.5
3.549719977660767,-1.7848046822413974,2.5,290.91370928256043,4.928553931036623,0.36,0.023954089809308257,0.36,0.0,0.022917651,2.5
3.549868901511272,-1.7820651793797941,2.5,290.9940276411576,4.92765951068814,0.361,0.023941559875092822,0.361,0.0,0.022917651,2.5
3.5500175315878693,-1.7793188181865982,2.5,291.07663238948936,4.926757056926879,0.36200000000000004,0.023928748305457215,0.362,0.0,0.022917651,2.5
3.550166628534827,-1.7766073629634325,2.5,291.1502547334323,4.925891376859241,0.363,0.023914676171701288,0.363,0.0,0.022917651,2.5
3.550316365236306,-1.77393707931144,2.5,291.2124789607286,4.925069427669528,0.36400000000000005,0.02389923719814035,0.364,0.0,0.022917651,2.5
3.5504659370646325,-1.7712631088637765,2.5,291.2751567811854,4.9242431322434985,0.365,0.023883471740748875,0.365,0.0,0.022917651,2.5
3.5506153393554785,-1.7685853473194793,2.5,291.3383010271395,4.923412367624346,0.366,0.023867370563165315,0.366,0.0,0.022917651,2.5
3.550764567266898,-1.7659036864058417,2.5,291.4019250195782,4.922577006173109,0.36699999999999994,0.023850924077310782,0.367,0.0,0.022917651,2.5
3.550913615770795,-1.7632180136875457,2.5,291.466042591623,4.921736915343664,0.368,0.023834122326486518,0.368,0.0,0.022917651,2.5
3.551062479643887,-1.7605282123646726,2.5,291.5306681133796,4.920891957444618,0.369,0.023816954967487213,0.369,0.0,0.022917651,2.5
3.551211153458145,-1.7578341610588453,2.5,291.59581651825,4.920041989387184,0.37,0.023799411251662603,0.37,0.0,0.022917651,2.5
3.551359631570661,-1.75513573358667,2.5,291.66150333080617,4.91918686241811,0.371,0.02378148000485445,0.371,0.0,0.022917651,2.5
3.551507908112904,-1.7524327987195842,2.5,291.72774469633623,4.918326421836569,0.37199999999999994,0.023763149606130293,0.372,0.0,0.022917651,2.5
3.551655976979337,-1.7497252199291644,2.5,291.7945574121797,4.917460506693906,0.37300000000000005,0.02374440796522892,0.373,0.0,0.022917651,2.5
3.551803831815326,-1.7470128551168422,2.5,291.8619589609813,4.91658894947502,0.37399999999999994,0.02372524249862549,0.374,0.0,0.022917651,2.5
3.5519526197623414,-1.7443385469529171,2.5,291.9090554180291,4.915759180230836,0.37500000000000006,0.02370483826883399,0.375,0.0,0.022917651,2.5
3.552102032938722,-1.741689395602444,2.5,291.9413727623598,4.91495706790094,0.37600000000000006,0.023683484200225775,0.376,0.0,0.022917651,2.5
3.552251330503632,-1.7390374615594089,2.5,291.97226635493143,4.914151710371436,0.377,0.02366170563528744,0.377,0.0,0.022917651,2.5
3.552400509687988,-1.7363826781737044,2.5,292.00170209452494,4.913343029914403,0.378,0.02363949240662695,0.378,0.0,0.022917651,2.5
3.552549567633557,-1.7337249766495848,2.5,292.02964478211555,4.9125309462996585,0.379,0.02361683401953779,0.379,0.0,0.022917651,2.5
3.552698501389348,-1.7310642859586225,2.5,292.0560580763377,4.911715376693253,0.38,0.023593719638720752,0.38,0.0,0.022917651,2.5
3.5528473079078173,-1.7284005327483956,2.5,292.0809044467644,4.910896235550967,0.381,0.023570138074353996,0.381,0.0,0.022917651,2.5
3.5529959840408827,-1.7257336412466542,2.5,292.1041451248747,4.9100734345065655,0.382,0.02354607776747385,0.382,0.0,0.022917651,2.5
3.553144526535748,-1.7230635331607045,2.5,292.12574005257477,4.909246882254444,0.38300000000000006,0.02352152677462618,0.383,0.0,0.022917651,2.5
3.5532929320305096,-1.7203901275717333,2.5,292.1456478281286,4.9084164844264,0.384,0.023496472751745472,0.384,0.0,0.022917651,2.5
3.5534411970495454,-1.7177133408237688,2.5,292.16382564934554,4.907582143462129,0.385,0.02347090293721602,0.385,0.0,0.022917651,2.5
3.5535893179986635,-1.7150330864069592,2.5,292.1802292538609,4.9067437584731115,0.386,0.02344480413406627,0.386,0.0,0.022917651,2.5
3.553737923025847,-1.7123754074239326,2.5,292.1848812373645,4.905929885650379,0.38700000000000007,0.023417875133831163,0.387,0.0,0.022917651,2.5
3.553888762025039,-1.7098113516996778,2.5,292.1509058743387,4.90521857375498,0.388,0.023389445031755125,0.388,0.0,0.022917651,2.5
3.5540395914271854,-1.7072472524887268,2.5,292.11399753419715,4.904507179982132,0.38900000000000007,0.023360619679857315,0.389,0.0,0.022917651,2.5
3.554190411161441,-1.7046831094700583,2.5,292.0741345655177,4.903795703727407,0.39,0.02333139616037862,0.39,0.0,0.022917651,2.5
3.554341221156261,-1.7021189223194828,2.5,292.03129510324277,4.9030841443804185,0.391,0.023301771526770286,0.391,0.0,0.022917651,2.5
3.554492021339391,-1.6995546907096046,2.5,291.98545706603835,4.902372501324741,0.392,0.023271742803337984,0.392,0.0,0.022917651,2.5
3.5546428116378643,-1.6969904143097818,2.5,291.9365981536129,4.901660773937835,0.393,0.023241306984880552,0.393,0.0,0.022917651,2.5
3.554793591977984,-1.694426092786085,2.5,291.8846958439968,4.9009489615909745,0.3940000000000001,0.02321046103632333,0.394,0.0,0.022917651,2.5
3.554944362285322,-1.6918617258012578,2.5,291.8297273907808,4.900237063649165,0.395,0.02317920189234607,0.395,0.0,0.022917651,2.5
3.555095122484707,-1.6892973130146742,2.5,291.7716698203135,4.899525079471074,0.396,0.023147526457005196,0.396,0.0,0.022917651,2.5
3.5552458725002123,-1.6867328540822968,2.5,291.7104999288563,4.89881300840894,0.397,0.023115431603350445,0.397,0.0,0.022917651,2.5
3.5553966122551506,-1.6841683486566337,2.5,291.64619427969575,4.8981008498085,0.3980000000000001,0.023082914173035745,0.398,0.0,0.022917651,2.5
3.555547341672062,-1.6816037963866954,2.5,291.57872920021225,4.897388603008906,0.399,0.023049970975924133,0.399,0.0,0.022917651,2.5
3.555698060672706,-1.679039196917951,2.5,291.50808077890446,4.89667626734264,0.4000000000000001,0.0230165987896868,0.4,0.0,0.022917651,2.5
3.555920265013815,-1.6764565718476407,2.5,291.52906286515946,4.895951559428114,0.401,0.02301491557962361,0.401,0.0,0.022917651,2.5
3.556142407384279,-1.6738737944972808,2.5,291.5484995796934,4.89522645135524,0.4020000000000001,0.023013250174119572,0.402,0.0,0.022917651,2.5
3.55636448788034,-1.6712908651033664,2.5,291.5663933225147,4.89450094374548,0.403,0.02301160254552368,0.403,0.0,0.022917651,2.5
3.556586506598041,-1.6687077839019033,2.5,291.5827464886651,4.893775037219002,0.404,0.02300997266624215,0.404,0.0,0.022917651,2.5
3.5568084636332262,-1.6661245511284104,2.5,291.59756146823185,4.893048732394696,0.405,0.02300836050873826,0.405,0.0,0.022917651,2.5
3.5570303590815433,-1.6635411670179172,2.5,291.61084064636066,4.892322029890174,0.4060000000000001,0.023006766045532243,0.406,0.0,0.022917651,2.5
3.5572521930384395,-1.6609576318049701,2.5,291.62258640326843,4.891594930321766,0.40700000000000003,0.023005189249201113,0.40700000000000003,0.0,0.022917651,2.5
3.557473965599166,-1.658373945723629,2.5,291.63280111425627,4.890867434304532,0.40800000000000003,0.02300363009237851,0.40800000000000003,0.0,0.022917651,2.5
3.5576956768587786,-1.6557901090074725,2.5,291.64148714972185,4.890139542452265,0.4090000000000001,0.023002088547754578,0.40900000000000003,0.0,0.022917651,2.5
3.557917326912136,-1.6532061218895955,2.5,291.6486468751721,4.889411255377487,0.41000000000000003,0.0230005645880758,0.41000000000000003,0.0,0.022917651,2.5
3.5581389158539003,-1.6506219846026131,2.5,291.65428265123603,4.88868257369146,0.4110000000000001,0.022999058186144866,0.41100000000000003,0.0,0.022917651,2.5
3.5583604437785405,-1.6480376973786612,2.5,291.658396833677,4.887953498004184,0.41200000000000003,0.022997569314820523,0.41200000000000003,0.0,0.022917651,2.5
3.55858191078033,-1.6454532604493974,2.5,291.6609917734055,4.887224028924404,0.41300000000000014,0.022996097947017412,0.41300000000000003,0.0,0.022917651,2.5
3.558803316953348,-1.6428686740460017,2.5,291.6620698164915,4.886494167059611,0.41400000000000003,0.022994644055705983,0.41400000000000003,0.0,0.022917651,2.5
3.5590246623914794,-1.6402839383991785,2.5,291.6616333041769,4.885763913016045,0.41500000000000004,0.02299320761391226,0.41500000000000004,0.0,0.022917651,2.5
3.559245947188418,-1.6376990537391585,2.5,291.65968457288824,4.885033267398702,0.4160000000000001,0.022991788594717795,0.41600000000000004,0.0,0.022917651,2.5
3.5594671714376624,-1.6351140202956984,2.5,291.65622595424827,4.884302230811332,0.4170000000000001,0.022990386971259442,0.417,0.0,0.022917651,2.5
3.5596883352325213,-1.6325288382980825,2.5,291.65125977508944,4.883570803856442,0.418,0.022989002716729275,0.418,0.0,0.022917651,2.5
3.5599094386661103,-1.6299435079751248,2.5,291.6447883574652,4.882838987135305,0.41899999999999993,0.02298763580437442,0.419,0.0,0.022917651,2.5
3.5601304818313553,-1.62735802955517,2.5,291.6368140186628,4.882106781247961,0.42,0.022986286207496907,0.42,0.0,0.022917651,2.5
3.560351464820991,-1.6247724032660928,2.5,291.6273390712153,4.8813741867932166,0.421,0.022984953899453552,0.421,0.0,0.022917651,2.5
3.5605723877275604,-1.6221866293353029,2.5,291.61636582291396,4.880641204368649,0.42200000000000004,0.022983638853655793,0.422,0.0,0.022917651,2.5
3.560793250643419,-1.6196007079897417,2.5,291.6038965768202,4.879907834570615,0.42299999999999993,0.022982341043569568,0.423,0.0,0.022917651,2.5
3.561014053660732,-1.6170146394558869,2.5,291.5899336312775,4.8791740779942465,0.42400000000000004,0.022981060442715164,0.424,0.0,0.022917651,2.5
3.561234796871476,-1.6144284239597524,2.5,291.5744792799242,4.878439935233455,0.425,0.022979797024667088,0.425,0.0,0.022917651,2.5
3.561455480367439,-1.6118420617268892,2.5,291.5575358117047,4.877705406880945,0.42599999999999993,0.022978550763053912,0.426,0.0,0.022917651,2.5
3.561676104240223,-1.6092555529823875,2.5,291.53910551088194,4.8769704935282,0.42699999999999994,0.022977321631558165,0.427,0.0,0.022917651,2.5
3.561896668581241,-1.6066688979508774,2.5,291.51919065704936,4.876235195765497,0.42800000000000005,0.02297610960391615,0.428,0.0,0.022917651,2.5
3.5621176198243383,-1.6041077053549726,2.5,291.49183427954085,4.875526908549993,0.42899999999999994,0.02297498423501145,0.429,0.0,0.022917651,2.5
3.5623387932241637,-1.6015637664238056,2.5,291.4595140722728,4.8748367639684025,0.42999999999999994,0.022973927164608728,0.43,0.0,0.022917651,2.5
3.5625598576438113,-1.5990183389089208,2.5,291.42675382245034,4.874144694858962,0.431,0.022972888174007507,0.431,0.0,0.022917651,2.5
3.562780815005841,-1.5964714490710004,2.5,291.39356129303496,4.873450735173012,0.432,0.022971866944254973,0.432,0.0,0.022917651,2.5
3.5630016671878577,-1.59392312255664,2.5,291.35994406545655,4.872754918067968,0.433,0.02297086316385686,0.433,0.0,0.022917651,2.5
3.5632224160238137,-1.5913733844161901,2.5,291.32590954488836,4.872057275930384,0.434,0.0229698765285606,0.434,0.0,0.022917651,2.5
3.563443063305271,-1.5888222591209866,2.5,291.2914649653403,4.871357840398232,0.435,0.02296890674114618,0.435,0.0,0.022917651,2.5
3.56366361078262,-1.5862697705799822,2.5,291.2566173945749,4.8706566423823965,0.43599999999999994,0.02296795351122408,0.436,0.0,0.022917651,2.5
3.5638840601662536,-1.5837159421558096,2.5,291.2213737388566,4.8699537120874545,0.43699999999999994,0.022967016555040166,0.437,0.0,0.022917651,2.5
3.5641044131277058,-1.5811607966802979,2.5,291.18574074753786,4.869249079031726,0.43800000000000006,0.022966095595287287,0.438,0.0,0.022917651,2.5
3.5643246713007453,-1.578604356469461,2.5,291.1497250174906,4.868542772066655,0.439,0.022965190360923166,0.439,0.0,0.022917651,2.5
3.56454483628244,-1.576046643337984,2.5,291.1133329973878,4.867834819395539,0.44,0.022964300586994495,0.44,0.0,0.022917651,2.5
3.5647649096341785,-1.5734876786132215,2.5,291.0765709918419,4.867125248591624,0.44100000000000006,0.022963426014466912,0.441,0.0,0.022917651,2.5
3.564984892882665,-1.5709274831487312,2.5,291.0394451654057,4.8664140866156105,0.44200000000000006,0.022962566390060626,0.442,0.0,0.022917651,2.5
3.5652047875208708,-1.568366077337357,2.5,291.00196154643965,4.865701359832551,0.443,0.022961721466091496,0.443,0.0,0.022917651,2.5
3.5654245950089676,-1.5658034811238832,2.5,290.9641260308525,4.864987094028229,0.44399999999999995,0.022960891000317358,0.444,0.0,0.022917651,2.5
3.565644316775219,-1.5632397140172738,2.5,290.92594438571933,4.864271314424969,0.44500000000000006,0.022960074755789373,0.445,0.0,0.022917651,2.5
3.56586395421685,-1.5606747951025086,2.5,290.8874222527811,4.863554045696949,0.446,0.02295927250070824,0.446,0.0,0.022917651,2.5
3.566083508700881,-1.5581087430520428,2.5,290.8485651518312,4.862835311985006,0.447,0.02295848400828505,0.447,0.0,0.022917651,2.5
3.5663029815649456,-1.5555415761368907,2.5,290.8093784839929,4.8621151369109725,0.44800000000000006,0.022957709056606653,0.448,0.0,0.022917651,2.5
3.566522374118073,-1.5529733122373575,2.5,290.76986753489064,4.861393543591552,0.44900000000000007,0.022956947428505306,0.449,0.0,0.022917651,2.5
3.566741687641448,-1.550403968853426,2.5,290.7300374777221,4.86067055465174,0.45000000000000007,0.02295619891143251,0.45,0.0,0.022917651,2.5
3.5669609233891486,-1.5478335631148163,2.5,290.68989337623043,4.859946192237841,0.451,0.022955463297336862,0.451,0.0,0.022917651,2.5
3.5671800825888593,-1.5452621117907275,2.5,290.6494401875845,4.859220478030051,0.452,0.022954740382545715,0.452,0.0,0.022917651,2.5
3.567399166442559,-1.5426896312992704,2.5,290.60868276516794,4.8584934332546625,0.453,0.02295402996765061,0.453,0.0,0.022917651,2.5
3.567618176127196,-1.5401161377166097,2.5,290.5676258612807,4.857765078695878,0.454,0.02295333185739624,0.454,0.0,0.022917651,2.5
3.5678371127953294,-1.53754164678582,2.5,290.52627412975767,4.857035434707264,0.45500000000000007,0.0229526458605729,0.455,0.0,0.022917651,2.5
3.568055977575763,-1.5349661739254674,2.5,290.4846321285051,4.856304521222841,0.456,0.02295197178991223,0.456,0.0,0.022917651,2.5
3.568274771574152,-1.532389734237928,2.5,290.44270432196026,4.855572357767842,0.457,0.022951309461986223,0.457,0.0,0.022917651,2.5
3.5684934958735934,-1.529812342517453,2.5,290.4004950834745,4.8548389634691365,0.458,0.022950658697109234,0.458,0.0,0.022917651,2.5
3.568712182702249,-1.5272364159149665,2.5,290.35733585443796,4.854106884313421,0.459,0.022950019734272173,0.459,0.0,0.022917651,2.5
3.568930990159282,-1.5246746883129314,2.5,290.3098847325902,4.853389486177504,0.46,0.022949394768371077,0.46,0.0,0.022917651,2.5
3.5691497108944903,-1.5221115467408877,2.5,290.2626830644784,4.85267032719618,0.461,0.022948781016715637,0.461,0.0,0.022917651,2.5
3.5693683466318253,-1.5195470193072729,2.5,290.2157258911894,4.851949442373452,0.4620000000000001,0.022948178256376867,0.462,0.0,0.022917651,2.5
3.569586899049843,-1.5169811333803997,2.5,290.1690083843831,4.8512268657916335,0.463,0.022947586270295705,0.463,0.0,0.022917651,2.5
3.569805369783194,-1.5144139156126613,2.5,290.122525842023,4.85050263064149,0.464,0.0229470048470911,0.464,0.0,0.022917651,2.5
3.5700237604240432,-1.5118453919637855,2.5,290.07627368427256,4.849776769251193,0.4650000000000001,0.02294643378087553,0.465,0.0,0.022917651,2.5
3.570242072523445,-1.5092755877231925,2.5,290.0302474495517,4.849049313114167,0.466,0.022945872871077723,0.466,0.0,0.022917651,2.5
3.570460307592661,-1.506704527531492,2.5,289.9844427907443,4.848320292915864,0.467,0.022945321922272142,0.467,0.0,0.022917651,2.5
3.5706784671044285,-1.5041322354011566,2.5,289.9388554715504,4.847589738559499,0.468,0.022944780744015025,0.468,0.0,0.022917651,2.5
3.5708965524941796,-1.50155873473641,2.5,289.8934813629778,4.846857679190825,0.4690000000000001,0.022944249150686654,0.46900000000000003,0.0,0.022917651,2.5
3.5711145651612126,-1.498984048352366,2.5,289.8483164399656,4.846124143221964,0.47000000000000003,0.022943726961339558,0.47000000000000003,0.0,0.022917651,2.5
3.571332506469827,-1.4964081984934487,2.5,289.80335677813457,4.845389158354346,0.47100000000000003,0.022943213999552438,0.47100000000000003,0.0,0.022917651,2.5
3.5715503777504067,-1.4938312068511237,2.5,289.75859855065863,4.844652751600791,0.47200000000000003,0.022942710093289513,0.47200000000000003,0.0,0.022917651,2.5
3.5717681803004693,-1.4912530945809748,2.5,289.71403802525253,4.843914949306777,0.47300000000000003,0.022942215074765116,0.47300000000000003,0.0,0.022917651,2.5
3.571985915385674,-1.4886738823191519,2.5,289.66967156127004,4.843175777170915,0.47400000000000003,0.022941728780313208,0.47400000000000003,0.0,0.022917651,2.5
3.572203584240795,-1.4860935901982144,2.5,289.6254956069087,4.842435260264691,0.47500000000000003,0.022941251050261766,0.47500000000000003,0.0,0.022917651,2.5
3.5724211880706553,-1.4835122378624004,2.5,289.58150669651604,4.841693423051469,0.4760000000000001,0.022940781728811643,0.47600000000000003,0.0,0.022917651,2.5
3.5726387280510297,-1.4809298444823427,2.5,289.5377014479934,4.840950289404824,0.47700000000000004,0.022940320663919878,0.47700000000000004,0.0,0.022917651,2.5
3.5728562053295194,-1.478346428769256,2.5,289.4940765602932,4.840205882626214,0.47800000000000004,0.02293986770718718,0.47800000000000004,0.0,0.022917651,2.5
3.5730736210263845,-1.4757620089886176,2.5,289.4506288110052,4.839460225462004,0.4790000000000001,0.022939422713749397,0.47900000000000004,0.0,0.022917651,2.5
3.5732909762353566,-1.4731766029733615,2.5,289.40735505402847,4.838713340119906,0.48000000000000004,0.022938985542172913,0.48,0.0,0.022917651,2.5
3.57350827202442,-1.4705902281366063,2.5,289.36425221732657,4.8379652482848305,0.481,0.022938556054353673,0.481,0.0,0.022917651,2.5
3.5737255094365654,-1.4680029014839382,2.5,289.3213173007604,4.837215971134176,0.482,0.022938134115419773,0.482,0.0,0.022917651,2.5
3.573942689490512,-1.4654146396252616,2.5,289.27854737399696,4.836465529352592,0.483,0.022937719593637485,0.483,0.0,0.022917651,2.5
3.5741598131814163,-1.4628254587862437,2.5,289.23593957449094,4.835713943146231,0.48400000000000004,0.022937312360320476,0.484,0.0,0.022917651,2.5
3.5743768814815438,-1.4602353748193584,2.5,289.1934911055359,4.8349612322564965,0.485,0.02293691228974221,0.485,0.0,0.022917651,2.5
3.5745938953409273,-1.4576444032145577,2.5,289.1511992343822,4.83420741597334,0.486,0.02293651925905135,0.486,0.0,0.022917651,2.5
3.574810855687996,-1.4550525591095715,2.5,289.10906129041905,4.833452513148082,0.48700000000000004,0.022936133148190013,0.487,0.0,0.022917651,2.5
3.5750277634301866,-1.452459857299866,2.5,289.0670746634182,4.832696542205815,0.488,0.02293575383981485,0.488,0.0,0.022917651,2.5
3.575244619454537,-1.449866312248261,2.5,289.02523680183754,4.831939521157382,0.489,0.022935381219220726,0.489,0.0,0.022917651,2.5
3.57546142462825,-1.447271938094227,2.5,288.9835452111802,4.831181467610948,0.49,0.02293501517426701,0.49,0.0,0.022917651,2.5
3.575678179799251,-1.444676748662869,2.5,288.9419974524096,4.8304223987832,0.49100000000000005,0.0229346555953063,0.491,0.0,0.022917651,2.5
3.5758948857967123,-1.4420807574736192,2.5,288.9005911404168,4.829662331510156,0.492,0.022934302375115515,0.492,0.0,0.022917651,2.5
3.57611154343158,-1.439483977748635,2.5,288.8593239425381,4.828901282257638,0.493,0.02293395540882926,0.493,0.0,0.022917651,2.5
3.5763281534970637,-1.4368864224209261,2.5,288.81819357712124,4.828139267131384,0.49400000000000005,0.02293361459387538,0.494,0.0,0.022917651,2.5
3.5765447167691184,-1.4342881041422169,2.5,288.77719781213887,4.827376301886839,0.495,0.022933279829912608,0.495,0.0,0.022917651,2.5
3.576761234006919,-1.43168903529055,2.5,288.7363344638467,4.826612401938633,0.496,0.022932951018770256,0.496,0.0,0.022917651,2.5
3.5769772433458655,-1.4290949676712144,2.5,288.6933898643329,4.825851471919596,0.497,0.022932634264214897,0.497,0.0,0.022917651,2.5
3.5771930236730016,-1.426502069939988,2.5,288.6498926583899,4.825090795853763,0.49800000000000005,0.022932324317371574,0.498,0.0,0.022917651,2.5
3.577408750505544,-1.4239081365205304,2.5,288.6067026368319,4.824328870124492,0.499,0.022932018524115517,0.499,0.0,0.022917651,2.5
3.5776244249510794,-1.4213131888563786,2.5,288.56381343952165,4.823565720605596,0.5,0.02293171679844826,0.5,0.0,0.022917651,2.5
3.5779283936479187,-1.4184422426037293,2.5,288.7237863216926,4.8227024616802145,0.501,0.022931670961884,0.501,0.0,0.022917651,2.5
3.5782323651696077,-1.4155712730799301,2.5,288.8839440753528,4.8218391907840665,0.5020000000000001,0.022931625071423805,0.502,0.0,0.022917651,2.5
3.5785363395342222,-1.4127002801360649,2.5,289.04428788352715,4.820975907840545,0.503,0.02293157912672279,0.503,0.0,0.022917651,2.5
3.5788403167599934,-1.409829263621944,2.5,289.20481893935687,4.8201126127723946,0.504,0.022931533127433117,0.504,0.0,0.022917651,2.5
3.5791442968653087,-1.4069582233860911,2.5,289.36553844620613,4.819249305501694,0.505,0.02293148707320396,0.505,0.0,0.022917651,2.5
3.579448279868715,-1.404087159275729,2.5,289.52644761777333,4.818385985949855,0.506,0.0229314409636815,0.506,0.0,0.022917651,2.5
3.5797522657889154,-1.4012160711367656,2.5,289.68754767820104,4.817522654037611,0.507,0.022931394798508854,0.507,0.0,0.022917651,2.5
3.5800562546447767,-1.3983449588137797,2.5,289.84883986218944,4.816659309685012,0.508,0.022931348577326063,0.508,0.0,0.022917651,2.5
3.5803602464553292,-1.3954738221500083,2.5,290.01032541510966,4.815795952811421,0.509,0.022931302299770074,0.509,0.0,0.022917651,2.5
3.580664241239765,-1.3926026609873283,2.5,290.17200559312016,4.814932583335499,0.51,0.022931255965474663,0.51,0.0,0.022917651,2.5
3.5809682390174475,-1.3897314751662453,2.5,290.33388166328285,4.814069201175198,0.511,0.02293120957407045,0.511,0.0,0.022917651,2.5
3.581272239807904,-1.3868602645258776,2.5,290.49595490368256,4.813205806247763,0.512,0.02293116312518482,0.512,0.0,0.022917651,2.5
3.581576243630835,-1.3839890289039407,2.5,290.6582266035463,4.8123423984697125,0.5130000000000001,0.022931116618441938,0.513,0.0,0.022917651,2.5
3.581880250506112,-1.3811177681367317,2.5,290.82069806336574,4.811478977756837,0.514,0.022931070053462663,0.514,0.0,0.022917651,2.5
3.5821842604537797,-1.3782464820591143,2.5,290.9833705950197,4.810615544024192,0.5150000000000001,0.022931023429864538,0.515,0.0,0.022917651,2.5
3.58248827349406,-1.3753751705045048,2.5,291.1462455219001,4.8097520971860845,0.5160000000000001,0.02293097674726176,0.516,0.0,0.022917651,2.5
3.582792289647353,-1.372503833304851,2.5,291.3093241790373,4.808888637156068,0.517,0.022930930005265117,0.517,0.0,0.022917651,2.5
3.5830963089342376,-1.369632470290623,2.5,291.47260791322935,4.808025163846934,0.5180000000000001,0.022930883203481973,0.518,0.0,0.022917651,2.5
3.583400331375474,-1.3667610812907904,2.5,291.63609808317136,4.807161677170707,0.519,0.02293083634151624,0.519,0.0,0.022917651,2.5
3.5837043569920084,-1.3638896661328113,2.5,291.79979605958755,4.806298177038629,0.52,0.022930789418968287,0.52,0.0,0.022917651,2.5
3.5840083858049696,-1.3610182246426108,2.5,291.9637032253642,4.805434663361156,0.521,0.022930742435434973,0.521,0.0,0.022917651,2.5
3.5843124178356778,-1.3581467566445666,2.5,292.1278209756854,4.804571136047946,0.522,0.02293069539050955,0.522,0.0,0.022917651,2.5
3.5846164531056397,-1.3552752619614918,2.5,292.29215071816935,4.803707595007855,0.5230000000000001,0.022930648283781656,0.523,0.0,0.022917651,2.5
3.584920491636557,-1.3524037404146156,2.5,292.45669387300785,4.80284404014892,0.5240000000000001,0.022930601114837263,0.524,0.0,0.022917651,2.5
3.585224533450325,-1.349532191823568,2.5,292.62145187310676,4.801980471378362,0.525,0.02293055388325863,0.525,0.0,0.022917651,2.5
3.5855285785690345,-1.34666061600636,2.5,292.78642616422843,4.80111688860256,0.526,0.02293050658862427,0.526,0.0,0.022917651,2.5
3.5858326270149763,-1.3437890127793664,2.5,292.95161820513675,4.800253291727061,0.5270000000000001,0.022930459230508907,0.527,0.0,0.022917651,2.5
3.586136678810639,-1.340917381957306,2.5,293.1170294677426,4.799389680656553,0.528,0.022930411808483434,0.528,0.0,0.022917651,2.5
3.5864407339787197,-1.3380457233532257,2.5,293.2826614372535,4.798526055294869,0.5290000000000001,0.022930364322114857,0.529,0.0,0.022917651,2.5
3.586744784686668,-1.335174294093649,2.5,293.44814849281886,4.797662641443708,0.5300000000000001,0.02293031696901833,0.53,0.0,0.022917651,2.5
3.587048822973179,-1.3323034399416445,2.5,293.6129549506561,4.796799753026761,0.5310000000000001,0.022930270011013536,0.531,0.0,0.022917651,2.5
3.5873528688836545,-1.3294325516452161,2.5,293.777927581209,4.795936860960197,0.532,0.02293022297656564,0.532,0.0,0.022917651,2.5
3.587656922490211,-1.3265616288813733,2.5,293.94306795639585,4.795073965209488,0.533,0.022930175864951528,0.533,0.0,0.022917651,2.5
3.5879609838658824,-1.3236906713230385,2.5,294.10837766802376,4.7942110657396775,0.5340000000000001,0.02293012867543892,0.534,0.0,0.022917651,2.5
3.588265053084625,-1.3208196786389823,2.5,294.27385832810427,4.793348162515361,0.535,0.022930081407286272,0.535,0.0,0.022917651,2.5
3.588569130221342,-1.317948650493759,2.5,294.4395115691749,4.7924852555006785,0.536,0.022930034059742574,0.536,0.0,0.022917651,2.5
3.5888732153518883,-1.3150775865476367,2.5,294.60533904462704,4.791622344659322,0.537,0.02292998663204723,0.537,0.0,0.022917651,2.5
3.589177308553095,-1.3122064864565304,2.5,294.7713424290398,4.790759429954511,0.538,0.022929939123429895,0.538,0.0,0.022917651,2.5
3.589481409902778,-1.3093353498719322,2.5,294.93752341852075,4.789896511348995,0.5390000000000001,0.02292989153311032,0.539,0.0,0.022917651,2.5
3.589785519479758,-1.3064641764408376,2.5,295.1038837310526,4.789033588805041,0.54,0.022929843860298203,0.54,0.0,0.022917651,2.5
3.5900896373638758,-1.3035929658056766,2.5,295.2704251068475,4.788170662284431,0.5410000000000001,0.022929796104193007,0.541,0.0,0.022917651,2.5
3.5903937636360084,-1.3007217176042358,2.5,295.43714930870726,4.787307731748448,0.542,0.0229297482639838,0.542,0.0,0.022917651,2.5
3.5906978983780853,-1.297850431469586,2.5,295.60405812239156,4.786444797157871,0.543,0.022929700338849095,0.543,0.0,0.022917651,2.5
3.591002041673108,-1.2949791070300027,2.5,295.7711533569924,4.785581858472967,0.544,0.022929652327956664,0.544,0.0,0.022917651,2.5
3.5913061936051647,-1.292107743908889,2.5,295.9384368453169,4.784718915653484,0.545,0.022929604230463387,0.545,0.0,0.022917651,2.5
3.5916103542594504,-1.289236341724695,2.5,296.1059104442769,4.7838559686586395,0.546,0.022929556045515036,0.546,0.0,0.022917651,2.5
3.591914523722284,-1.2863649000908361,2.5,296.27357603528657,4.782993017447109,0.547,0.022929507772246123,0.547,0.0,0.022917651,2.5
3.5922187020811265,-1.2834934186156102,2.5,296.44143552466795,4.782130061977027,0.548,0.022929459409779696,0.548,0.0,0.022917651,2.5
3.5925228894246017,-1.2806218969021113,2.5,296.60949084406457,4.78126710220597,0.549,0.022929410957227156,0.549,0.0,0.022917651,2.5
3.592827085842514,-1.277750334548145,2.5,296.77774395086294,4.780404138090945,0.5500000000000002,0.022929362413688058,0.55,0.0,0.022917651,2.5
3.5931312914258684,-1.2748787311461371,2.5,296.9461968286234,4.77954116958839,0.551,0.02292931377824993,0.551,0.0,0.022917651,2.5
3.5934355062668915,-1.2720070862830477,2.5,297.1148514875186,4.778678196654155,0.552,0.022929265049988042,0.552,0.0,0.022917651,2.5
3.593739730459051,-1.2691353995402743,2.5,297.28370996478145,4.7778152192434975,0.553,0.022929216227965225,0.553,0.0,0.022917651,2.5
3.5940439640970765,-1.2662636704935621,2.5,297.4527743251622,4.77695223731107,0.554,0.02292916731123165,0.554,0.0,0.022917651,2.5
3.5943482072769823,-1.2633918987129047,2.5,297.622046661394,4.77608925081091,0.555,0.022929118298824602,0.555,0.0,0.022917651,2.5
3.594652460096089,-1.2605200837624502,2.5,297.79152909466956,4.775226259696429,0.556,0.0229290691897683,0.556,0.0,0.022917651,2.5
3.5949567226530443,-1.2576482252003969,2.5,297.96122377512563,4.774363263920402,0.557,0.022929019983073635,0.557,0.0,0.022917651,2.5
3.5952609950478456,-1.254776322578896,2.5,298.13113288233893,4.773500263434965,0.5580000000000002,0.02292897067773794,0.558,0.0,0.022917651,2.5
3.595565277381865,-1.2519043754439445,2.5,298.30125862583157,4.772637258191587,0.559,0.022928921272744793,0.559,0.0,0.022917651,2.5
3.595869569757874,-1.2490323833352805,2.5,298.4716032455871,4.771774248141071,0.56,0.022928871767063756,0.56,0.0,0.022917651,2.5
3.5961738722800636,-1.2461603457862753,2.5,298.64216901257726,4.7709112332335435,0.5610000000000002,0.022928822159650128,0.561,0.0,0.022917651,2.5
3.5964781850540706,-1.2432882623238215,2.5,298.8129582292998,4.770048213418431,0.562,0.022928772449444714,0.562,0.0,0.022917651,2.5
3.5967825081870064,-1.2404161324682224,2.5,298.9839732303275,4.769185188644464,0.563,0.022928722635373544,0.5630000000000001,0.0,0.022917651,2.5
3.597086841787477,-1.2375439557330736,2.5,299.15521638286816,4.768322158859649,0.5640000000000001,0.022928672716347673,0.5640000000000001,0.0,0.022917651,2.5
3.5973911859656127,-1.2346717316251496,2.5,299.3266900873376,4.767459124011268,0.5650000000000001,0.02292862269126284,0.5650000000000001,0.0,0.022917651,2.5
3.597695540833095,-1.2317994596442792,2.5,299.4983967779436,4.766596084045856,0.5660000000000002,0.022928572558999268,0.5660000000000001,0.0,0.022917651,2.5
3.5979999065031816,-1.228927139283227,2.5,299.67033892328243,4.7657330389091985,0.5670000000000001,0.022928522318421334,0.5670000000000001,0.0,0.022917651,2.5
3.5983042830907377,-1.226054770027566,2.5,299.842519026949,4.76486998854631,0.5680000000000001,0.022928471968377346,0.5680000000000001,0.0,0.022917651,2.5
3.598608670712261,-1.2231823513555484,2.5,300.0149396281581,4.7640069329014185,0.5690000000000001,0.022928421507699193,0.5690000000000001,0.0,0.022917651,2.5
3.598913069485915,-1.2203098827379788,2.5,300.18760330238194,4.763143871917964,0.5700000000000001,0.022928370935202114,0.5700000000000001,0.0,0.022917651,2.5
3.5992174795315526,-1.2174373636380773,2.5,300.3605126619975,4.762280805538568,0.5710000000000001,0.02292832024968435,0.5710000000000001,0.0,0.022917651,2.5
3.599521900970755,-1.2145647935113448,2.5,300.53367035695163,4.7614177337050325,0.5720000000000002,0.022928269449926875,0.5720000000000001,0.0,0.022917651,2.5
3.599826333926855,-1.2116921718054234,2.5,300.70707907543795,4.760554656358314,0.5730000000000001,0.022928218534693054,0.5730000000000001,0.0,0.022917651,2.5
3.600130778524972,-1.2088194979599538,2.5,300.88074154458985,4.759691573438522,0.5740000000000001,0.022928167502728344,0.5740000000000001,0.0,0.022917651,2.5
3.6004352348920463,-1.2059467714064305,2.5,301.0546605311878,4.758828484884886,0.5750000000000001,0.022928116352759976,0.5750000000000001,0.0,0.022917651,2.5
3.600739703156869,-1.2030739915680526,2.5,301.2288388423826,4.757965390635754,0.5760000000000001,0.022928065083496586,0.5760000000000001,0.0,0.022917651,2.5
3.6010441834501177,-1.2002011578595733,2.5,301.4032793264344,4.7571022906285725,0.577,0.022928013693627923,0.577,0.0,0.022917651,2.5
3.6013486759043896,-1.1973282696871408,2.5,301.5779848734681,4.756239184799862,0.578,0.022927962181824458,0.578,0.0,0.022917651,2.5
3.6016531806542402,-1.1944553264481461,2.5,301.75295841624506,4.755376073085215,0.579,0.02292791054673706,0.579,0.0,0.022917651,2.5
3.601957697836216,-1.1915823275310549,2.5,301.92820293095247,4.754512955419265,0.5800000000000001,0.022927858786996613,0.58,0.0,0.022917651,2.5
3.6022622275888923,-1.188709272315245,2.5,302.10372143801015,4.753649831735673,0.581,0.02292780690121366,0.581,0.0,0.022917651,2.5
3.602566770052914,-1.185836160170836,2.5,302.27951700289526,4.752786701967114,0.582,0.022927754887978016,0.582,0.0,0.022917651,2.5
3.602871325371029,-1.182962990458516,2.5,302.4555927369857,4.751923566045255,0.583,0.022927702745858383,0.583,0.0,0.022917651,2.5
3.603175893688133,-1.1800897625293643,2.5,302.63195179842216,4.751060423900732,0.584,0.02292765047340194,0.584,0.0,0.022917651,2.5
3.6034804751513057,-1.1772164757246701,2.5,302.8085973929904,4.750197275463137,0.585,0.022927598069133956,0.585,0.0,0.022917651,2.5
3.603785069909855,-1.1743431293757487,2.5,302.98553277502305,4.749334120660998,0.5860000000000001,0.022927545531557368,0.586,0.0,0.022917651,2.5
3.60408967811536,-1.1714697228037487,2.5,303.1627612483217,4.748470959421751,0.587,0.022927492859152347,0.587,0.0,0.022917651,2.5
3.604394299921709,-1.1685962553194618,2.5,303.34028616710077,4.747607791671731,0.588,0.022927440050375895,0.588,0.0,0.022917651,2.5
3.604698935485152,-1.1657227262231218,2.5,303.51811093695295,4.74674461733614,0.589,0.022927387103661358,0.589,0.0,0.022917651,2.5
3.605003584964338,-1.1628491348042032,2.5,303.6962390158362,4.745881436339032,0.59,0.02292733401741799,0.59,0.0,0.022917651,2.5
3.6053082485203665,-1.159975480341213,2.5,303.87467391508454,4.745018248603289,0.5910000000000001,0.022927280790030515,0.591,0.0,0.022917651,2.5
3.6056129263168324,-1.1571017621014776,2.5,304.0534192004415,4.744155054050595,0.592,0.0229272274198586,0.592,0.0,0.022917651,2.5
3.6059176185198765,-1.1542279793409276,2.5,304.2324784931188,4.743291852601421,0.593,0.022927173905236423,0.593,0.0,0.022917651,2.5
3.6062223252982335,-1.1513541313038722,2.5,304.4118554708782,4.742428644174991,0.5940000000000001,0.022927120244472115,0.594,0.0,0.022917651,2.5
3.6065270468232833,-1.148480217222774,2.5,304.5915538691404,4.741565428689265,0.595,0.022927066435847316,0.595,0.0,0.022917651,2.5
3.6068317832691044,-1.1456062363180155,2.5,304.7715774821193,4.740702206060913,0.5960000000000001,0.02292701247761659,0.596,0.0,0.022917651,2.5
3.6071365348125237,-1.1427321877976588,2.5,304.9519301639831,4.7398389762052835,0.597,0.022926958368006945,0.597,0.0,0.022917651,2.5
3.6074413016331763,-1.139858070857204,2.5,305.13261583004316,4.7389757390363885,0.598,0.02292690410521725,0.598,0.0,0.022917651,2.5
3.607746083913555,-1.136983884679336,2.5,305.31363845797165,4.738112494466865,0.599,0.022926849687417684,0.599,0.0,0.022917651,2.5
3.608050881839074,-1.134109628433672,2.5,305.495002089048,4.737249242407956,0.6,0.022926795112749178,0.6,0.0,0.022917651,2.5
3.60841616933895,-1.131251932866179,2.5,305.6039899975802,4.736522164524293,0.601,0.022926790585510944,0.601,0.0,0.022917651,2.5
3.6087814911116567,-1.1283939694091474,2.5,305.71319512170817,4.735794955842858,0.602,0.02292678603949268,0.602,0.0,0.022917651,2.5
3.60914684763878,-1.125535734298311,2.5,305.8226205136503,4.735067614525739,0.603,0.0229267814744305,0.603,0.0,0.022917651,2.5
3.609512239410973,-1.1226772236985465,2.5,305.9322692830785,4.734340138700424,0.6040000000000001,0.022926776890055546,0.604,0.0,0.022917651,2.5
3.609877666928166,-1.1198184337021986,2.5,306.0421445984768,4.733612526458992,0.605,0.02292677228609388,0.605,0.0,0.022917651,2.5
3.610243130699792,-1.1169593603273567,2.5,306.15224968853806,4.732884775857266,0.6060000000000001,0.022926767662266354,0.606,0.0,0.022917651,2.5
3.610608631245008,-1.1140999995160834,2.5,306.2625878436009,4.732156884913946,0.607,0.02292676301828849,0.607,0.0,0.022917651,2.5
3.6109741690929313,-1.1112403471325902,2.5,306.37316241712824,4.7314288516097225,0.608,0.02292675835387036,0.608,0.0,0.022917651,2.5
3.6113397447828812,-1.1083803989613643,2.5,306.4839768272284,4.7307006738863615,0.6090000000000001,0.022926753668716434,0.609,0.0,0.022917651,2.5
3.6117053588646213,-1.1055201507052335,2.5,306.59503455821977,4.729972349645754,0.61,0.022926748962525473,0.61,0.0,0.022917651,2.5
3.6120710118986175,-1.1026595979833844,2.5,306.7063391622426,4.72924387674896,0.6110000000000001,0.022926744234990356,0.611,0.0,0.022917651,2.5
3.6124367044562984,-1.0997987363293138,2.5,306.8178942609169,4.728515253015195,0.612,0.02292673948579797,0.612,0.0,0.022917651,2.5
3.612802437120325,-1.0969375611887253,2.5,306.9297035470492,4.727786476220813,0.613,0.02292673471462904,0.613,0.0,0.022917651,2.5
3.6131682104848664,-1.0940760679173598,2.5,307.04177078639077,4.727057544098243,0.614,0.022926729921157997,0.614,0.0,0.022917651,2.5
3.613534025155887,-1.0912142517787653,2.5,307.15409981944754,4.726328454334898,0.615,0.022926725105052784,0.615,0.0,0.022917651,2.5
3.6138998817514425,-1.0883521079419964,2.5,307.2666945633441,4.725599204572058,0.6160000000000002,0.022926720265974747,0.616,0.0,0.022917651,2.5
3.614265780901977,-1.085489631479246,2.5,307.37955901374414,4.724869792403706,0.617,0.022926715403578418,0.617,0.0,0.022917651,2.5
3.6146317232506413,-1.082626817363406,2.5,307.49269724682887,4.724140215375345,0.6180000000000001,0.02292671051751138,0.618,0.0,0.022917651,2.5
3.614997709453612,-1.0797636604655532,2.5,307.6061134213351,4.723410470982766,0.619,0.022926705607414086,0.619,0.0,0.022917651,2.5
3.615363740180422,-1.0769001555523583,2.5,307.7198117806564,4.72268055667078,0.6200000000000001,0.022926700672919652,0.62,0.0,0.022917651,2.5
3.6157298161143037,-1.0740362972834165,2.5,307.8337966550077,4.721950469831921,0.6210000000000001,0.0229266957136537,0.621,0.0,0.022917651,2.5
3.616095937952541,-1.0711720802084934,2.5,307.94807246365747,4.721220207805096,0.622,0.02292669072923415,0.622,0.0,0.022917651,2.5
3.6164621064068316,-1.0683074987646888,2.5,308.0626437172291,4.7204897678742075,0.6230000000000001,0.022926685719271013,0.623,0.0,0.022917651,2.5
3.616828322203661,-1.0654425472735085,2.5,308.1775150200732,4.719759147266713,0.6240000000000001,0.022926680683366216,0.624,0.0,0.022917651,2.5
3.61719458608469,-1.0625772199378476,2.5,308.29269107271546,4.719028343152163,0.625,0.02292667562111336,0.625,0.0,0.022917651,2.5
3.6175608988071537,-1.059711510838877,2.5,308.40817667438023,4.718297352640673,0.6260000000000001,0.022926670532097515,0.626,0.0,0.022917651,2.5
3.617927261144269,-1.0568454139328318,2.5,308.5239767255954,4.717566172781358,0.6270000000000001,0.022926665415894984,0.627,0.0,0.022917651,2.5
3.618293673885661,-1.0539789230476955,2.5,308.6400962308787,4.716834800560715,0.628,0.022926660272073088,0.628,0.0,0.022917651,2.5
3.6186601378378014,-1.0511120318797829,2.5,308.7565403015118,4.716103232900953,0.629,0.022926655100189916,0.629,0.0,0.022917651,2.5
3.619026653824459,-1.0482447339902083,2.5,308.87331415840174,4.71537146665827,0.6300000000000001,0.022926649899794087,0.63,0.0,0.022917651,2.5
3.619393222687164,-1.0453770228012418,2.5,308.9904231350361,4.714639498621072,0.6310000000000001,0.02292664467042447,0.631,0.0,0.022917651,2.5
3.619759845285692,-1.042508891592546,2.5,309.10787268053423,4.713907325508134,0.632,0.022926639411609946,0.632,0.0,0.022917651,2.5
3.6201265224985613,-1.039640333497291,2.5,309.2256683627976,4.713174943966712,0.633,0.02292663412286913,0.633,0.0,0.022917651,2.5
3.620493255223545,-1.0367713414981412,2.5,309.34381587176426,4.712442350570573,0.6340000000000001,0.02292662880371007,0.634,0.0,0.022917651,2.5
3.620860044378202,-1.0339019084231065,2.5,309.46232102277077,4.711709541817971,0.6350000000000001,0.022926623453630002,0.635,0.0,0.022917651,2.5
3.621226890900424,-1.031032026941262,2.5,309.58118976002595,4.710976514129564,0.6360000000000001,0.022926618072114983,0.636,0.0,0.022917651,2.5
3.6215937957490034,-1.028161689558319,2.5,309.70042816020043,4.710243263846246,0.637,0.022926612658639642,0.637,0.0,0.022917651,2.5
3.6219607599042187,-1.0252908886120475,2.5,309.82004243613727,4.709509787226915,0.638,0.022926607212666837,0.638,0.0,0.022917651,2.5
3.6223277843684394,-1.022419616267549,2.5,309.94003894068766,4.708776080446158,0.639,0.0229266017336473,0.639,0.0,0.022917651,2.5
3.6226948701667507,-1.0195478645123606,2.5,310.06042417067727,4.70804213959187,0.64,0.02292659622101934,0.64,0.0,0.022917651,2.5
3.6230622418372005,-1.0166765329828606,2.5,310.1724120386405,4.707309762774966,0.6410000000000001,0.02292659068927278,0.641,0.0,0.022917651,2.5
3.6234298068009196,-1.0138052172435916,2.5,310.27997921399157,4.7065781750982625,0.642,0.0229265851319621,0.642,0.0,0.022917651,2.5
3.623797438361906,-1.0109333854777196,2.5,310.3882308282556,4.705846337773873,0.643,0.022926579539964055,0.643,0.0,0.022917651,2.5
3.624165137714011,-1.0080610284347347,2.5,310.4971791509725,4.705114246326506,0.644,0.02292657391265683,0.644,0.0,0.022917651,2.5
3.6245329060797915,-1.0051881366416928,2.5,310.6068367467103,4.7043818961732615,0.645,0.02292656824940366,0.645,0.0,0.022917651,2.5
3.624900744711381,-1.0023147003964903,2.5,310.7172164839864,4.703649282620376,0.6460000000000001,0.02292656254955235,0.646,0.0,0.022917651,2.5
3.625268654891385,-0.9994407097608917,2.5,310.8283315445148,4.702916400859845,0.647,0.022926556812434863,0.647,0.0,0.022917651,2.5
3.6256366379338187,-0.9965661545533024,2.5,310.9401954327925,4.702183245965932,0.648,0.022926551037366794,0.648,0.0,0.022917651,2.5
3.6260046951850717,-0.9936910243412729,2.5,311.0528219860403,4.701449812891538,0.6489999999999999,0.022926545223646864,0.649,0.0,0.022917651,2.5
3.62637282802491,-0.9908153084337266,2.5,311.1662253845139,4.700716096464444,0.65,0.02292653937055642,0.65,0.0,0.022917651,2.5
3.62674103786752,-0.9879389958728939,2.5,311.2804201621996,4.699982091383409,0.6510000000000001,0.022926533477358887,0.651,0.0,0.022917651,2.5
3.627109326162586,-0.9850620754259458,2.5,311.39542121791396,4.699247792214119,0.652,0.022926527543299182,0.652,0.0,0.022917651,2.5
3.6274776943964127,-0.9821845355763066,2.5,311.51124382682315,4.698513193384991,0.653,0.022926521567603168,0.653,0.0,0.022917651,2.5
3.6278461440930867,-0.9793063645146397,2.5,311.62790365240215,4.697778289182802,0.6540000000000001,0.022926515549477014,0.654,0.0,0.022917651,2.5
3.628214676815686,-0.9764275501294838,2.5,311.74541675885257,4.697043073748169,0.655,0.022926509488106595,0.655,0.0,0.022917651,2.5
3.6285832941675378,-0.9735480799975296,2.5,311.86379962399974,4.696307541070839,0.6560000000000001,0.022926503382656803,0.656,0.0,0.022917651,2.5
3.628951997793516,-0.9706679413735174,2.5,311.9830691526923,4.695571684984803,0.657,0.02292649723227091,0.657,0.0,0.022917651,2.5
3.629320789381402,-0.967787121179741,2.5,312.10324269072447,4.694835499163217,0.658,0.022926491036069828,0.658,0.0,0.022917651,2.5
3.629689670663287,-0.9649056059951354,2.5,312.22433803930795,4.694098977113128,0.659,0.02292648479315139,0.659,0.0,0.022917651,2.5
3.630058643417043,-0.9620233820439354,2.5,312.34637347011693,4.693362112169977,0.66,0.02292647850258959,0.66,0.0,0.022917651,2.5
3.6304277094678397,-0.959140435183879,2.5,312.4693677409336,4.692624897491906,0.6610000000000001,0.022926472163433784,0.661,0.0,0.022917651,2.5
3.6307968706897285,-0.9562567508939369,2.5,312.593340111922,4.6918873260538065,0.662,0.022926465774707864,0.662,0.0,0.022917651,2.5
3.631166129007292,-0.9533723142615488,2.5,312.7183103625605,4.691149390641155,0.663,0.022926459335409412,0.663,0.0,0.022917651,2.5
3.631535486397359,-0.9504871099693352,2.5,312.84429880926336,4.690411083843582,0.664,0.022926452844508786,0.664,0.0,0.022917651,2.5
3.631904944890785,-0.947601122281269,2.5,312.97132632372484,4.689672398048178,0.6650000000000001,0.02292644630094821,0.665,0.0,0.022917651,2.5
3.6322745065743174,-0.9447143350282727,2.5,313.0994143520208,4.688933325432534,0.666,0.022926439703640798,0.666,0.0,0.022917651,2.5
3.6326441735925252,-0.9418267315932195,2.5,313.22858493450383,4.688193857957474,0.667,0.022926433051469543,0.667,0.0,0.022917651,2.5
3.6330139481498205,-0.9389382948953051,2.5,313.35886072653136,4.687453987359505,0.6680000000000001,0.022926426343286278,0.668,0.0,0.022917651,2.5
3.6333838325125583,-0.9360490073737613,2.5,313.4902650200673,4.686713705142927,0.6689999999999999,0.02292641957791056,0.669,0.0,0.022917651,2.5
3.633753829011225,-0.9331588509708785,2.5,313.62282176620124,4.685973002571635,0.67,0.022926412754128548,0.67,0.0,0.022917651,2.5
3.6341239400427305,-0.9302678071143013,2.5,313.75655559862906,4.685231870660533,0.6710000000000002,0.02292640587069181,0.671,0.0,0.022917651,2.5
3.6344941680727842,-0.9273758566985641,2.5,313.8914918581457,4.684490300166624,0.672,0.02292639892631607,0.672,0.0,0.022917651,2.5
3.6348645156383825,-0.9244829800658229,2.5,314.0276566181998,4.683748281579668,0.673,0.022926391919679934,0.673,0.0,0.022917651,2.5
3.6352349853504107,-0.9215891569857484,2.5,314.16507671156467,4.683005805112466,0.674,0.02292638484942351,0.674,0.0,0.022917651,2.5
3.635605579896342,-0.918694366634532,2.5,314.3037797581824,4.682262860690702,0.675,0.02292637771414702,0.675,0.0,0.022917651,2.5
3.6359763821104574,-0.9157987692448707,2.5,314.443635791523,4.681519939914963,0.676,0.022926370500720324,0.676,0.0,0.022917651,2.5
3.6363475914006647,-0.9129027829945714,2.5,314.58428612360586,4.680778258694597,0.677,0.022926363178642772,0.677,0.0,0.022917651,2.5
3.636718935174688,-0.9100057560359885,2.5,314.72630678924645,4.680036074720796,0.6780000000000002,0.022926355786392013,0.678,0.0,0.022917651,2.5
3.637090416502558,-0.9071076646115749,2.5,314.86972907075994,4.679293376516579,0.679,0.02292634832236612,0.679,0.0,0.022917651,2.5
3.6374620385484655,-0.9042084842351138,2.5,315.01458520992315,4.678550152252955,0.68,0.022926340784914033,0.68,0.0,0.022917651,2.5
3.6378338045744005,-0.9013081896635677,2.5,315.1609084450433,4.67780638973532,0.6810000000000002,0.02292633317233364,0.681,0.0,0.022917651,2.5
3.638205717943961,-0.8984067548676102,2.5,315.3087330497588,4.677062076389226,0.682,0.022926325482869846,0.682,0.0,0.022917651,2.5
3.6385777821263354,-0.8955041530007709,2.5,315.45809437366734,4.676317199245472,0.683,0.022926317714712423,0.683,0.0,0.022917651,2.5
3.638950000700488,-0.8926003563671163,2.5,315.609028884882,4.675571744924491,0.6840000000000002,0.022926309865993894,0.684,0.0,0.022917651,2.5
3.6393223773595254,-0.8896953363873832,2.5,315.7615742146236,4.674825699619991,0.685,0.022926301934787202,0.685,0.0,0.022917651,2.5
3.6396949159152903,-0.8867890635634803,2.5,315.91576920396307,4.674079049081805,0.6860000000000002,0.022926293919103335,0.686,0.0,0.022917651,2.5
3.6400676203031694,-0.8838815074412634,2.5,316.0716539528368,4.673331778597908,0.687,0.022926285816888835,0.687,0.0,0.022917651,2.5
3.6404404945871405,-0.8809726365714858,2.5,316.22926987146406,4.672583872975555,0.6880000000000001,0.02292627762602312,0.6880000000000001,0.0,0.022917651,2.5
3.6408135429650663,-0.8780624184688196,2.5,316.3886597343051,4.671835316521482,0.6890000000000002,0.022926269344315763,0.6890000000000001,0.0,0.022917651,2.5
3.6411867697742544,-0.875150819568834,2.5,316.5498677367083,4.6710860930211195,0.6900000000000001,0.02292626096950357,0.6900000000000001,0.0,0.022917651,2.5
3.6415601794972976,-0.8722378051828145,2.5,316.7129395544034,4.670336185716779,0.6910000000000001,0.022926252499247547,0.6910000000000001,0.0,0.022917651,2.5
3.6419337767682065,-0.8693233394502895,2.5,316.8779224060091,4.669585577284703,0.6920000000000001,0.022926243931129672,0.6920000000000001,0.0,0.022917651,2.5
3.6423075663788578,-0.8664073852891332,2.5,317.04486511873426,4.6688342498109705,0.6930000000000002,0.02292623526264956,0.6930000000000001,0.0,0.022917651,2.5
3.642681553285774,-0.8634899043430971,2.5,317.2138181974666,4.668082184766147,0.6940000000000002,0.02292622649122093,0.6940000000000001,0.0,0.022917651,2.5
3.6430557426172583,-0.8605708569266118,2.5,317.38483389745187,4.66732936297862,0.6950000000000001,0.02292621761416783,0.6950000000000001,0.0,0.022917651,2.5
3.643430139680899,-0.857650201966697,2.5,317.557966300785,4.666575764606537,0.6960000000000002,0.02292620862872079,0.6960000000000001,0.0,0.022917651,2.5
3.6438047499714736,-0.8547278969417946,2.5,317.73327139694686,4.665821369108251,0.6970000000000001,0.022926199532012654,0.6970000000000001,0.0,0.022917651,2.5
3.644179579179277,-0.8518038978173427,2.5,317.9108071676411,4.665066155211205,0.6980000000000001,0.022926190321074236,0.6980000000000001,0.0,0.022917651,2.5
3.6445546373829787,-0.8488781689134359,2.5,318.09062951160763,4.664310127542941,0.6990000000000002,0.0229261809926713,0.6990000000000001,0.0,0.022917651,2.5
3.6449302451278234,-0.8459513857397398,2.5,318.27250214486514,4.663555243179314,0.7,0.022926171530917087,0.7000000000000001,0.0,0.022917651,2.5
3.6453313920107053,-0.8432605451099944,2.5,318.4214740043807,4.663048909579928,0.7010000000000002,0.022926170676317442,0.7010000000000001,0.0,0.022917651,2.5
3.645732625955083,-0.8405690656083492,2.5,318.5712145716337,4.662542285351074,0.7020000000000001,0.022926169816562335,0.7020000000000001,0.0,0.022917651,2.5
3.6461339482673663,-0.8378769376481592,2.5,318.72173538153163,4.662035366131687,0.7030000000000001,0.0229261689515744,0.7030000000000001,0.0,0.022917651,2.5
3.646535360280231,-0.8351841514500112,2.5,318.87304820092606,4.66152814747301,0.7039999999999998,0.02292616808127471,0.704,0.0,0.022917651,2.5
3.646936863353289,-0.832490697036853,2.5,319.0251650344721,4.661020624836381,0.705,0.022926167205582767,0.705,0.0,0.022917651,2.5
3.647338458873768,-0.8297965642289767,2.5,319.17809813066646,4.66051279359094,0.706,0.02292616632441642,0.706,0.0,0.022917651,2.5
3.6477401482572156,-0.8271017426388465,2.5,319.3318599880698,4.660004649011294,0.7070000000000001,0.022926165437691846,0.707,0.0,0.022917651,2.5
3.64814193294823,-0.8244062216657673,2.5,319.48646336172175,4.659496186275074,0.7080000000000001,0.0229261645453235,0.708,0.0,0.022917651,2.5
3.648543814421205,-0.8217099904903892,2.5,319.6419212697531,4.658987400460446,0.709,0.022926163647224072,0.709,0.0,0.022917651,2.5
3.6489457941811025,-0.8190130380690406,2.5,319.7982470002043,4.658478286543528,0.71,0.022926162743304442,0.71,0.0,0.022917651,2.5
3.6493478737642513,-0.8163153531278842,2.5,319.95545411805796,4.657968839395735,0.711,0.022926161833473638,0.711,0.0,0.022917651,2.5
3.649750054739168,-0.8136169241568894,2.5,320.1135564724902,4.657459053781034,0.712,0.022926160917638782,0.712,0.0,0.022917651,2.5
3.6501523387074015,-0.8109177394036142,2.5,320.27256820435326,4.656948924353118,0.7130000000000001,0.022926159995705027,0.713,0.0,0.022917651,2.5
3.6505547273044106,-0.8082177868667895,2.5,320.4325037538945,4.656438445652483,0.7140000000000001,0.02292615906757553,0.714,0.0,0.022917651,2.5
3.6509572222004634,-0.8055170542896994,2.5,320.5933778687221,4.655927612103424,0.715,0.02292615813315139,0.715,0.0,0.022917651,2.5
3.6513598251015735,-0.8028155291533479,2.5,320.7552056120269,4.655416418010918,0.7159999999999999,0.022926157192331577,0.716,0.0,0.022917651,2.5
3.651762537750453,-0.8001131986694049,2.5,320.91800237106867,4.654904857557423,0.717,0.022926156245012895,0.717,0.0,0.022917651,2.5
3.6521653619275116,-0.7974100497729252,2.5,321.081783865939,4.654392924799556,0.7180000000000001,0.022926155291089913,0.718,0.0,0.022917651,2.5
3.6525682994518793,-0.794706069114828,2.5,321.2465661586083,4.653880613664683,0.719,0.022926154330454914,0.719,0.0,0.022917651,2.5
3.652971352182466,-0.7920012430541303,2.5,321.4123656622715,4.653367917947381,0.7200000000000001,0.022926153362997814,0.72,0.0,0.022917651,2.5
3.6533748122980936,-0.7892956965020796,2.5,321.5790384058323,4.652856131282746,0.7209999999999999,0.02292615237699422,0.721,0.0,0.022917651,2.5
3.653778509370677,-0.7865893346966075,2.5,321.746707439663,4.652344477193772,0.722,0.02292615137877203,0.722,0.0,0.022917651,2.5
3.654182330027281,-0.7838820882726595,2.5,321.91545606209354,4.65183243282063,0.723,0.022926150372745223,0.723,0.0,0.022917651,2.5
3.6545862763363255,-0.7811739424244337,2.5,322.08530234212833,4.65131999163116,0.724,0.02292614935878317,0.724,0.0,0.022917651,2.5
3.654990350412643,-0.7784648820138691,2.5,322.2562647542605,4.650807146946613,0.7250000000000001,0.02292614833675232,0.725,0.0,0.022917651,2.5
3.655394554418798,-0.7757548915612733,2.5,322.42836218991033,4.650293891937514,0.726,0.02292614730651611,0.726,0.0,0.022917651,2.5
3.6557988905664325,-0.7730439552356305,2.5,322.6016139692536,4.649780219619389,0.727,0.022926146267934853,0.727,0.0,0.022917651,2.5
3.656203361117672,-0.7703320568445771,2.5,322.7760398534544,4.649266122848342,0.728,0.0229261452208657,0.728,0.0,0.022917651,2.5
3.6566079683865715,-0.7676191798240336,2.5,322.95166005731954,4.648751594316477,0.729,0.022926144165162504,0.729,0.0,0.022917651,2.5
3.6570127147406137,-0.7649053072274756,2.5,323.1284952623912,4.648236626547173,0.73,0.022926143100675773,0.73,0.0,0.022917651,2.5
3.6574176026022625,-0.7621904217148329,2.5,323.3065666304956,4.6477212118901745,0.7310000000000001,0.0229261420272525,0.731,0.0,0.022917651,2.5
3.6578226344505653,-0.7594745055409976,2.5,323.4858958177662,4.64720534251653,0.7319999999999999,0.02292614094473614,0.732,0.0,0.022917651,2.5
3.6582278128228176,-0.7567575405439297,2.5,323.66650498916135,4.646689010413346,0.7329999999999999,0.022926139852966456,0.733,0.0,0.022917651,2.5
3.6586331403162817,-0.7540395081323386,2.5,323.8484168334967,4.646172207378342,0.734,0.022926138751779422,0.734,0.0,0.022917651,2.5
3.65903861958997,-0.7513203892729262,2.5,324.03165457901326,4.645654925014233,0.735,0.022926137641007118,0.735,0.0,0.022917651,2.5
3.659444253366491,-0.7486001644771734,2.5,324.2162420095045,4.6451371547228915,0.736,0.022926136520477605,0.736,0.0,0.022917651,2.5
3.6598500444339606,-0.7458788137876484,2.5,324.4022034810255,4.644618887699316,0.737,0.022926135390014802,0.737,0.0,0.022917651,2.5
3.6602560735714884,-0.7431564452690093,2.5,324.5894589679236,4.6441005553475225,0.738,0.022926134246186527,0.738,0.0,0.022917651,2.5
3.660662396070381,-0.7404331383580084,2.5,324.7779606981281,4.643582458418758,0.739,0.022926133086814286,0.739,0.0,0.022917651,2.5
3.661068883033179,-0.7377086610293717,2.5,324.9679109311854,4.643063848920305,0.7400000000000001,0.02292613191730512,0.74,0.0,0.022917651,2.5
3.6614755374671755,-0.7349829918815213,2.5,325.15933615357886,4.642544717479607,0.741,0.022926130737473665,0.741,0.0,0.022917651,2.5
3.6618823624534307,-0.7322561089878962,2.5,325.35226350150725,4.642025054494204,0.7420000000000001,0.02292612954713002,0.742,0.0,0.022917651,2.5
3.6622893611490506,-0.7295279898807567,2.5,325.5467207809295,4.641504850124631,0.7430000000000001,0.02292612834607959,0.743,0.0,0.022917651,2.5
3.6626965367895457,-0.7267986115343849,2.5,325.7427364883567,4.640984094287067,0.744,0.02292612713412295,0.744,0.0,0.022917651,2.5
3.663103892691284,-0.7240679503476529,2.5,325.9403398324225,4.64046277664569,0.7450000000000001,0.0229261259110557,0.745,0.0,0.022917651,2.5
3.663511432254026,-0.7213359821259381,2.5,326.1395607562682,4.639940886604773,0.7460000000000001,0.02292612467666828,0.746,0.0,0.022917651,2.5
3.6639191589635702,-0.7186026820623472,2.5,326.340429960777,4.639418413300448,0.7470000000000001,0.022926123430745845,0.747,0.0,0.022917651,2.5
3.6643270763944877,-0.7158680247182272,2.5,326.54297892869556,4.638895345592176,0.748,0.022926122173068074,0.748,0.0,0.022917651,2.5
3.6647351882129655,-0.7131319840029235,2.5,326.7472399496837,4.638371672053883,0.7490000000000001,0.022926120903408998,0.749,0.0,0.022917651,2.5
3.6651434981797633,-0.7103945331527576,2.5,326.95324614633273,4.637847380964753,0.75,0.022926119621536806,0.75,0.0,0.022917651,2.5
3.665552010153281,-0.707655644709184,2.5,327.16103150119733,4.63732246029966,0.751,0.022926118327213696,0.751,0.0,0.022917651,2.5
3.6659607336304805,-0.7049153100483754,2.5,327.37062048594504,4.636796939393357,0.752,0.0229261170219776,0.752,0.0,0.022917651,2.5
3.6663698004140697,-0.7021739479607497,2.5,327.58181222593686,4.636271763578709,0.753,0.02292611574676431,0.753,0.0,0.022917651,2.5
3.666779084307807,-0.6994310652665173,2.5,327.79489137837936,4.635745935578075,0.7540000000000001,0.022926114459440795,0.754,0.0,0.022917651,2.5
3.667188589661796,-0.6966866314982081,2.5,328.0098957602083,4.635219442323998,0.7550000000000001,0.022926113159764415,0.755,0.0,0.022917651,2.5
3.6675983209431364,-0.6939406153689353,2.5,328.22686420543835,4.634692270397579,0.756,0.022926111847485997,0.756,0.0,0.022917651,2.5
3.6680082827398826,-0.6911929847446608,2.5,328.4458365995884,4.634164406016577,0.7569999999999999,0.02292611052234962,0.757,0.0,0.022917651,2.5
3.668418479765165,-0.6884437066153279,2.5,328.66685391551243,4.633635835023023,0.758,0.022926109184092398,0.758,0.0,0.022917651,2.5
3.6688289168614836,-0.6856927470648035,2.5,328.88995825070714,4.633106542870338,0.759,0.022926107832444212,0.759,0.0,0.022917651,2.5
3.6692395990051763,-0.682940071239576,2.5,329.11519286616567,4.632576514609901,0.76,0.022926106467127488,0.76,0.0,0.022917651,2.5
3.6696505313110728,-0.6801856433161455,2.5,329.342602226853,4.632045734877063,0.761,0.02292610508785693,0.761,0.0,0.022917651,2.5
3.670061719037348,-0.6774294264670433,2.5,329.5722320438839,4.6315141878765775,0.762,0.02292610369433923,0.762,0.0,0.022917651,2.5
3.670473167590582,-0.674671382825413,2.5,329.8041293184851,4.630981857367403,0.763,0.02292610228627283,0.763,0.0,0.022917651,2.5
3.6708848825310283,-0.6719114734480818,2.5,330.0383423878331,4.630448726646869,0.7640000000000001,0.02292610086334757,0.764,0.0,0.022917651,2.5
3.671296980272233,-0.6691501438815242,2.5,330.27476844739783,4.629915707563739,0.7650000000000001,0.022926099368893407,0.765,0.0,0.022917651,2.5
3.6717093605308935,-0.6663868975448128,2.5,330.51360769734237,4.629381901839722,0.7660000000000001,0.022926097859579345,0.766,0.0,0.022917651,2.5
3.6721220256939358,-0.6636216765118279,2.5,330.75491777892734,4.628847261076685,0.767,0.022926096337040652,0.767,0.0,0.022917651,2.5
3.6725349819959927,-0.66085443756981,2.5,330.9987527619635,4.628311767001266,0.768,0.022926094800987926,0.768,0.0,0.022917651,2.5
3.672948235854946,-0.6580851362358877,2.5,331.2451683054848,4.627775400803009,0.7690000000000001,0.022926093251123266,0.769,0.0,0.022917651,2.5
3.673361793878705,-0.6553137267100675,2.5,331.49422171656835,4.627238143114491,0.77,0.02292609168713995,0.77,0.0,0.022917651,2.5
3.6737756628723006,-0.6525401618261227,2.5,331.745972011787,4.626699973990549,0.7710000000000001,0.022926090108722097,0.771,0.0,0.022917651,2.5
3.6741898498452827,-0.6497643930002649,2.5,332.00047998143157,4.626160872886576,0.772,0.022926088515544344,0.772,0.0,0.022917651,2.5
3.674604362019467,-0.6469863701774864,2.5,332.2578082566517,4.625620818635829,0.7730000000000001,0.02292608690727147,0.773,0.0,0.022917651,2.5
3.675019206837026,-0.6442060417754449,2.5,332.51802137966763,4.625079789425704,0.7739999999999999,0.022926085283558023,0.774,0.0,0.022917651,2.5
3.6754345025254995,-0.6414234518417938,2.5,332.7811760426596,4.62453830145404,0.775,0.022926083672238397,0.775,0.0,0.022917651,2.5
3.675850202726151,-0.6386385173401152,2.5,333.0473461881448,4.6239960865542,0.7760000000000001,0.022926082057128767,0.776,0.0,0.022917651,2.5
3.6762662573756426,-0.6358511354802365,2.5,333.3166073928479,4.623452842067952,0.777,0.022926080422561685,0.777,0.0,0.022917651,2.5
3.676682674780371,-0.6330612489090967,2.5,333.5890320947589,4.622908543867266,0.778,0.02292607876808116,0.778,0.0,0.022917651,2.5
3.677099463508318,-0.6302687984674575,2.5,333.864695013103,4.6223631670642655,0.7790000000000001,0.022926077093216854,0.779,0.0,0.022917651,2.5
3.677516632399434,-0.6274737231182393,2.5,334.1436732388543,4.62181668598108,0.7800000000000001,0.0229260753974835,0.78,0.0,0.022917651,2.5
3.6779341905765093,-0.6246759598714161,2.5,334.42604632959444,4.621269074118247,0.7810000000000001,0.022926073680380306,0.781,0.0,0.022917651,2.5
3.678352147456587,-0.6218754437052781,2.5,334.71189640896046,4.620720304121592,0.782,0.022926071941390323,0.782,0.0,0.022917651,2.5
3.6787705127629113,-0.6190721074838529,2.5,335.00130827094205,4.620170347747481,0.7830000000000001,0.022926070179979788,0.783,0.0,0.022917651,2.5
3.679189353758857,-0.6162660498192802,2.5,335.2943653037458,4.61961957362381,0.7839999999999999,0.02292606839023163,0.784,0.0,0.022917651,2.5
3.6796086395388663,-0.6134571053852517,2.5,335.59116045639144,4.619067692129961,0.785,0.02292606657502778,0.785,0.0,0.022917651,2.5
3.6800283620572047,-0.6106451501641406,2.5,335.8917879841233,4.618514546753677,0.786,0.02292606473546842,0.786,0.0,0.022917651,2.5
3.6804485322571105,-0.6078301087154514,2.5,336.19634391375035,4.617960105826191,0.787,0.022926062870943276,0.787,0.0,0.022917651,2.5
3.680869161450501,-0.60501190305707,2.5,336.5049275072599,4.617404336611801,0.788,0.022926060980821533,0.788,0.0,0.022917651,2.5
3.6812902613336353,-0.6021904525573202,2.5,336.8176413992189,4.616847205262562,0.789,0.02292605906445091,0.789,0.0,0.022917651,2.5
3.681711844003574,-0.5993656738214703,2.5,337.13459174123597,4.616288676770639,0.79,0.022926057121156803,0.79,0.0,0.022917651,2.5
3.6821339219754985,-0.5965374805723568,2.5,337.4558883539139,4.615728714918196,0.791,0.022926055150241275,0.791,0.0,0.022917651,2.5
3.68255676998802,-0.5937053856088242,2.5,337.7816116924752,4.615167931849993,0.792,0.02292605304953653,0.792,0.0,0.022917651,2.5
3.682980148161151,-0.5908696881824662,2.5,338.111917143424,4.61460566705439,0.793,0.022926050913865487,0.793,0.0,0.022917651,2.5
3.683404066002192,-0.5880302995301848,2.5,338.44692718782005,4.614041869794259,0.7940000000000002,0.02292604874405517,0.794,0.0,0.022917651,2.5
3.683828537990631,-0.5851871206150253,2.5,338.78676805164264,4.613476498953013,0.7949999999999999,0.022926046539189626,0.795,0.0,0.022917651,2.5
3.6842535791286197,-0.5823400488251306,2.5,339.1315705172068,4.612909511929892,0.796,0.022926044298319813,0.796,0.0,0.022917651,2.5
3.6846792049647665,-0.5794889778109693,2.5,339.48147013062055,4.612340864572387,0.797,0.022926042020462126,0.797,0.0,0.022917651,2.5
3.6851054295383685,-0.5766338262819556,2.5,339.83661493007895,4.61177053192815,0.7980000000000002,0.022926039703134875,0.798,0.0,0.022917651,2.5
3.6855322558806884,-0.5737746333613486,2.5,340.1971799717144,4.611198566074815,0.799,0.022926037338649688,0.799,0.0,0.022917651,2.5
3.6859597097473658,-0.5709111340830031,2.5,340.56326950608286,4.610624804075405,0.8000000000000002,0.02292603493419093,0.8,0.0,0.022917651,2.5
3.6863326010863444,-0.5684345443168348,2.5,340.65685274177747,4.6101513059623604,0.801,0.022926034674763104,0.801,0.0,0.022917651,2.5
3.6867055569914853,-0.5659570484957337,2.5,340.7517110536047,4.609677160041522,0.8020000000000002,0.02292603441292118,0.802,0.0,0.022917651,2.5
3.6870785782786286,-0.5634786351710415,2.5,340.8478605530718,4.609202358127369,0.803,0.02292603414863465,0.803,0.0,0.022917651,2.5
3.6874516657774175,-0.5609992927004013,2.5,340.9453176242752,4.608726891895894,0.804,0.022926033881872494,0.804,0.0,0.022917651,2.5
3.687824820331591,-0.5585190092436438,2.5,341.0440989296893,4.608250752881656,0.805,0.02292603361260317,0.805,0.0,0.022917651,2.5
3.6881980427992866,-0.5560377727585687,2.5,341.1442214161043,4.607773932474767,0.8060000000000002,0.02292603334079459,0.806,0.0,0.022917651,2.5
3.6885713340533455,-0.5535555709966156,2.5,341.2457023207161,4.607296421917797,0.807,0.022926033066414126,0.807,0.0,0.022917651,2.5
3.6889447168093916,-0.5510723476183629,2.5,341.3485780867042,4.606818254938471,0.808,0.02292603280746675,0.808,0.0,0.022917651,2.5
3.689318229501831,-0.5485880154407199,2.5,341.4529047140536,4.606339496705315,0.8090000000000002,0.022926032595293484,0.809,0.0,0.022917651,2.5
3.6896918118790545,-0.5461026851552276,2.5,341.558650639148,4.60586001912019,0.8100000000000002,0.022926032379527766,0.81,0.0,0.022917651,2.5
3.6900654648462146,-0.5436163437972369,2.5,341.6658342975681,4.605379812839267,0.8110000000000003,0.02292603216012294,0.811,0.0,0.022917651,2.5
3.690439189324207,-0.5411289781765876,2.5,341.77447444556793,4.604898868356193,0.8120000000000002,0.022926031937031525,0.812,0.0,0.022917651,2.5
3.690812986250016,-0.538640574872684,2.5,341.88459016707833,4.604417175998535,0.8130000000000002,0.022926031710205224,0.8130000000000001,0.0,0.022917651,2.5
3.6911868565770676,-0.536151120229441,2.5,341.99620088089364,4.603934725924136,0.8140000000000002,0.022926031479594884,0.8140000000000001,0.0,0.022917651,2.5
3.6915608012755894,-0.5336606003500954,2.5,342.109326348049,4.603451508117381,0.8150000000000002,0.022926031245150486,0.8150000000000001,0.0,0.022917651,2.5
3.6919348213329863,-0.5311690010918813,2.5,342.2239866793934,4.602967512385359,0.8160000000000002,0.022926031006821123,0.8160000000000001,0.0,0.022917651,2.5
3.692308917754219,-0.5286763080605611,2.5,342.34020234336435,4.602482728353915,0.8170000000000002,0.022926030764554992,0.8170000000000001,0.0,0.022917651,2.5
3.6926830915621958,-0.5261825066048131,2.5,342.4579941739719,4.601997145463616,0.8180000000000001,0.022926030518299348,0.8180000000000001,0.0,0.022917651,2.5
3.6930573789493626,-0.5236874863526897,2.5,342.57740124313176,4.6015108000518925,0.8190000000000001,0.022926030283495533,0.8190000000000001,0.0,0.022917651,2.5
3.6934317903582023,-0.5211912093515334,2.5,342.69844912288636,4.601023696369643,0.8200000000000001,0.022926030066445953,0.8200000000000001,0.0,0.022917651,2.5
3.693806284073937,-0.5186937774161201,2.5,342.82113775878605,4.600535766978279,0.8210000000000001,0.022926029849110865,0.8210000000000001,0.0,0.022917651,2.5
3.6941808612207216,-0.5161951747722593,2.5,342.9454895604184,4.600047000600195,0.822,0.02292602963148636,0.8220000000000001,0.0,0.022917651,2.5
3.694555522943276,-0.5136953853571861,2.5,343.07152734733376,4.599557385751469,0.8230000000000002,0.022926029413568468,0.8230000000000001,0.0,0.022917651,2.5
3.6949302704073577,-0.5111943928129321,2.5,343.1992743584623,4.599066910737132,0.8240000000000001,0.022926029195353147,0.8240000000000001,0.0,0.022917651,2.5
3.6953051048002483,-0.5086921804795126,2.5,343.3287542617939,4.598575563646288,0.8250000000000001,0.02292602897683628,0.8250000000000001,0.0,0.022917651,2.5
3.6956800273312505,-0.5061887313879244,2.5,343.4599911643257,4.5980833323471115,0.8260000000000002,0.022926028758013674,0.8260000000000001,0.0,0.022917651,2.5
3.6960550392322045,-0.5036840282529471,2.5,343.5930096222878,4.597590204481701,0.8270000000000002,0.022926028538881045,0.8270000000000001,0.0,0.022917651,2.5
3.69643014175801,-0.5011780534657428,2.5,343.7278346516572,4.597096167460788,0.8280000000000002,0.022926028319434046,0.8280000000000001,0.0,0.022917651,2.5
3.6968053900504922,-0.49867063256422123,2.5,343.8645450082686,4.596601265449563,0.8290000000000002,0.022926028030640106,0.8290000000000001,0.0,0.022917651,2.5
3.6971807673509507,-0.49616180289133494,2.5,344.00315077239964,4.59610546944117,0.8300000000000003,0.02292602769364169,0.8300000000000001,0.0,0.022917651,2.5
3.697556239820191,-0.49365164885410195,2.5,344.14364411072285,4.595608729761381,0.8310000000000001,0.022926027352975227,0.8310000000000001,0.0,0.022917651,2.5
3.6979318088179416,-0.49114015153060564,2.5,344.2860519920412,4.595111032927447,0.8320000000000002,0.022926027008588295,0.8320000000000001,0.0,0.022917651,2.5
3.698307475729959,-0.48862729163674123,2.5,344.4304019013739,4.594612365198545,0.8330000000000001,0.022926026660427493,0.833,0.0,0.022917651,2.5
3.6986832419686495,-0.4861130495175067,2.5,344.5767218523662,4.5941127125695695,0.8340000000000001,0.022926026308438378,0.834,0.0,0.022917651,2.5
3.699059108973718,-0.48359740513804506,2.5,344.72504040006044,4.593612060764748,0.8350000000000001,0.02292602595256546,0.835,0.0,0.022917651,2.5
3.699435078212828,-0.4810803380744214,2.5,344.8753866540383,4.593110395231076,0.8360000000000001,0.022926025592752173,0.836,0.0,0.022917651,2.5
3.6998111511822835,-0.4785618275041329,2.5,345.0277902919479,4.592607701131548,0.8370000000000001,0.02292602522894085,0.837,0.0,0.022917651,2.5
3.7001873855631953,-0.47604161782884385,2.5,345.182353422576,4.592103952490394,0.838,0.022926024858050596,0.838,0.0,0.022917651,2.5
3.7005637626808565,-0.4735197725299531,2.5,345.33908458992386,4.591599138480976,0.8390000000000001,0.02292602448119141,0.839,0.0,0.022917651,2.5
3.7009402480249243,-0.47099642039419043,2.5,345.49796994085534,4.591093250555654,0.8400000000000001,0.022926024100265754,0.84,0.0,0.022917651,2.5
3.701316843207089,-0.4684715389820105,2.5,345.6590415550874,4.590586272721868,0.8410000000000001,0.022926023715213063,0.841,0.0,0.022917651,2.5
3.7016935498711985,-0.4659451054060907,2.5,345.82233215248215,4.590078188667924,0.8420000000000001,0.022926023325971573,0.842,0.0,0.022917651,2.5
3.702070369694069,-0.4634170963201063,2.5,345.9878751090938,4.589568981755002,0.8430000000000001,0.022926022932478283,0.843,0.0,0.022917651,2.5
3.7024473043863164,-0.46088748790716616,2.5,346.15570447370186,4.589058635008907,0.844,0.022926022534668914,0.844,0.0,0.022917651,2.5
3.702824355693207,-0.4583562558678962,2.5,346.32585498484593,4.5885471311115875,0.8449999999999999,0.022926022132477894,0.845,0.0,0.022917651,2.5
3.7032015440630173,-0.45582328176014186,2.5,346.4984082890154,4.588034434880182,0.8460000000000001,0.022926021725853292,0.846,0.0,0.022917651,2.5
3.7035788863877377,-0.4532884658988711,2.5,346.6734385835659,4.5875205153280705,0.8469999999999999,0.022926021314740086,0.847,0.0,0.022917651,2.5
3.703956351349541,-0.45075194948523556,2.5,346.8509010336393,4.587005385754111,0.848,0.02292602089904253,0.848,0.0,0.022917651,2.5
3.70433394085009,-0.44821370614974654,2.5,347.0308333532739,4.58648902739519,0.849,0.02292602047868954,0.849,0.0,0.022917651,2.5
3.704711656830569,-0.44567370897488745,2.5,347.2132740403062,4.585971421098247,0.8500000000000001,0.022926020053608553,0.85,0.0,0.022917651,2.5
3.705089501272717,-0.4431319304808027,2.5,347.3982623968383,4.58545254731009,0.851,0.022926019623725487,0.851,0.0,0.022917651,2.5
3.7054674761998894,-0.4405883426105352,2.5,347.58583855035135,4.5849323860668925,0.8520000000000001,0.022926019188964704,0.852,0.0,0.022917651,2.5
3.7058455836781583,-0.43804291671479717,2.5,347.7760434754868,4.584410916983358,0.853,0.02292601874924897,0.853,0.0,0.022917651,2.5
3.70622397252037,-0.43549492792273187,2.5,347.96914297349315,4.58388800914022,0.854,0.02292601833506437,0.854,0.0,0.022917651,2.5
3.7066025417079156,-0.43294482643045756,2.5,348.1650333091114,4.5833637095713735,0.855,0.022926017927209958,0.855,0.0,0.022917651,2.5
3.706981245723808,-0.43039280673687075,2.5,348.3636866484176,4.582838031129751,0.856,0.02292601751603469,0.856,0.0,0.022917651,2.5
3.7073600867281025,-0.427838838110894,2.5,348.5651472568801,4.58231095172474,0.857,0.022926017101485376,0.857,0.0,0.022917651,2.5
3.7077390669272434,-0.42528288916147833,2.5,348.76946035060007,4.581782448791311,0.858,0.022926016683507657,0.858,0.0,0.022917651,2.5
3.7081181885753147,-0.42272492781978993,2.5,348.9766721219689,4.581252499277224,0.859,0.022926016262046028,0.859,0.0,0.022917651,2.5
3.7084974539753337,-0.4201649213208182,2.5,349.1868297661607,4.580721079629797,0.86,0.02292601583704376,0.86,0.0,0.022917651,2.5
3.708876902479271,-0.4176026175560815,2.5,349.3999896963516,4.5801880950146705,0.861,0.022926015474544315,0.861,0.0,0.022917651,2.5
3.7092565182783916,-0.41503811708457955,2.5,349.61619798474015,4.579653582769228,0.862,0.02292601513221226,0.862,0.0,0.022917651,2.5
3.709636292520175,-0.4124714559753885,2.5,349.83550301211596,4.5791175435852844,0.863,0.022926014788181966,0.863,0.0,0.022917651,2.5
3.710016227863658,-0.4099025979679761,2.5,350.0579567489705,4.578579951837253,0.864,0.022926014442424925,0.864,0.0,0.022917651,2.5
3.710396327027713,-0.4073315059858647,2.5,350.28361233525237,4.578040781322917,0.865,0.022926014094911993,0.865,0.0,0.022917651,2.5
3.7107765927927385,-0.4047581421135493,2.5,350.51252411344666,4.57750000524711,0.866,0.02292601374561338,0.866,0.0,0.022917651,2.5
3.711157036196008,-0.4021823314709592,2.5,350.7448097079596,4.576957493035593,0.867,0.022926013366294355,0.867,0.0,0.022917651,2.5
3.711537675563462,-0.39960375637831963,2.5,350.9806553679568,4.576413000755344,0.8680000000000001,0.02292601289520072,0.868,0.0,0.022917651,2.5
3.7119184881148057,-0.3970227903838175,2.5,351.21993204326185,4.57586681042721,0.8690000000000001,0.022926012415537954,0.869,0.0,0.022917651,2.5
3.712299476849338,-0.3944393920804337,2.5,351.4626991541792,4.575318892643416,0.8700000000000001,0.022926011927157642,0.87,0.0,0.022917651,2.5
3.7126806448360177,-0.39185351909945,2.5,351.70901750108004,4.574769217313176,0.871,0.022926011429907932,0.871,0.0,0.022917651,2.5
3.7130619952154986,-0.38926512808236546,2.5,351.95894930470325,4.5742177536427535,0.872,0.022926010923633427,0.872,0.0,0.022917651,2.5
3.7134435739239446,-0.3866739503981014,2.5,352.21261234454477,4.573664416461809,0.8730000000000001,0.02292601040651935,0.873,0.0,0.022917651,2.5
3.7138255089705186,-0.384079285354406,2.5,352.4702317107238,4.5731090161026815,0.874,0.022926009873747315,0.874,0.0,0.022917651,2.5
3.714207634729095,-0.3814819732421468,2.5,352.7316612396214,4.572551731363052,0.875,0.022926009331822324,0.875,0.0,0.022917651,2.5
3.7145899546012875,-0.37888196684716985,2.5,352.9969688907951,4.571992528632372,0.876,0.022926008780581122,0.876,0.0,0.022917651,2.5
3.7149724720700914,-0.37627921782576546,2.5,353.26622424967366,4.5714313734959875,0.877,0.022926008219856544,0.877,0.0,0.022917651,2.5
3.7153551907023292,-0.37367367667068485,2.5,353.5394985764712,4.570868230710953,0.878,0.02292600764947741,0.878,0.0,0.022917651,2.5
3.7157381425502325,-0.3710648996563037,2.5,353.81692829896184,4.570302786706276,0.879,0.02292600705311916,0.879,0.0,0.022917651,2.5
3.7161213314737798,-0.368452931306096,2.5,354.0985789249327,4.5697351011583836,0.88,0.02292600643685769,0.88,0.0,0.022917651,2.5
3.7165047431400615,-0.36583799779890835,2.5,354.38448423638744,4.569165341579484,0.8809999999999999,0.022926005812657278,0.881,0.0,0.022917651,2.5
3.716888381703224,-0.3632200438346543,2.5,354.67472358307947,4.568593469288967,0.882,0.02292600518036986,0.882,0.0,0.022917651,2.5
3.7172722514213574,-0.3605990127295187,2.5,354.9693783002659,4.5680194446383435,0.883,0.022926004539843673,0.883,0.0,0.022917651,2.5
3.7176563498897175,-0.35797463709167937,2.5,355.2686353234541,4.567442990226963,0.8840000000000001,0.022926003990591207,0.884,0.0,0.022917651,2.5
3.7180406714413046,-0.3553466327743906,2.5,355.5726910869849,4.566863798725812,0.885,0.022926003644885357,0.885,0.0,0.022917651,2.5
3.7184252329734755,-0.35271536655608415,2.5,355.88142135608666,4.566282305258308,0.8860000000000001,0.022926003301741864,0.886,0.0,0.022917651,2.5
3.7188100390948384,-0.3500807757949308,2.5,356.19491590036864,4.565698465617288,0.8870000000000001,0.022926002961209932,0.887,0.0,0.022917651,2.5
3.7191950945327656,-0.3474427962347956,2.5,356.5132668028397,4.565112234456357,0.888,0.022926002623340044,0.888,0.0,0.022917651,2.5
3.7195803499175746,-0.34480093964398556,2.5,356.8367169697998,4.564522924053729,0.889,0.02292600215491554,0.889,0.0,0.022917651,2.5
3.7199657789264733,-0.34215494877652947,2.5,357.1654306000776,4.563930170842871,0.89,0.022926001483353418,0.89,0.0,0.022917651,2.5
3.7203514635498043,-0.33950537778065604,2.5,357.4992878682249,4.563334859845739,0.8910000000000001,0.022926000799663976,0.891,0.0,0.022917651,2.5
3.7207374088239615,-0.3368521561167574,2.5,357.83839011982343,4.56273694066603,0.892,0.02292600010360826,0.892,0.0,0.022917651,2.5
3.7211236199185267,-0.3341952113798431,2.5,358.1828413804857,4.562136361574737,0.893,0.02292599939494102,0.893,0.0,0.022917651,2.5
3.721510196667176,-0.33153383440601025,2.5,358.5330043529792,4.561532816090842,0.894,0.022925998674692544,0.894,0.0,0.022917651,2.5
3.7218970802973503,-0.3288684193960312,2.5,358.88880810093787,4.5609264610558515,0.895,0.02292599794122467,0.895,0.0,0.022917651,2.5
3.722284250841262,-0.3261990652939711,2.5,359.25029495014314,4.560317314635669,0.896,0.022925997193853073,0.896,0.0,0.022917651,2.5
3.722671714136046,-0.32352569196074665,2.5,359.6175805207719,4.559705320040797,0.897,0.022925996432294888,0.897,0.0,0.022917651,2.5
3.7230594289134524,-0.32084786353815964,2.5,359.99093803842976,4.559089877964004,0.898,0.022925995658413224,0.898,0.0,0.022917651,2.5
3.7234473840249698,-0.31816538945420747,2.5,360.37053643884605,4.558470753710295,0.899,0.022925994873780487,0.899,0.0,0.022917651,2.5
3.7238356449134673,-0.3154786348451414,2.5,360.7563037668513,4.5578485721070185,0.9000000000000001,0.022925994075845016,0.9,0.0,0.022917651,2.5
3.7241412775929588,-0.3132025304880763,2.5,360.90061391730717,4.557252575745317,0.901,0.022925993866710098,0.901,0.0,0.022917651,2.5
3.7244469511479994,-0.31092514966767315,2.5,361.0468626586327,4.5566554664062595,0.902,0.02292599365727516,0.902,0.0,0.022917651,2.5
3.7247526920247807,-0.30864627145569296,2.5,361.19512172840086,4.556057127799685,0.903,0.0229259934500389,0.903,0.0,0.022917651,2.5
3.7250585717008313,-0.3063653117914788,2.5,361.34555863204866,4.555457258620674,0.904,0.02292599325184647,0.904,0.0,0.022917651,2.5
3.725364491798502,-0.30408303827744404,2.5,361.49801194635245,4.5548562373080355,0.905,0.022925993053184008,0.905,0.0,0.022917651,2.5
3.725670452775072,-0.30179943605034043,2.5,361.6525044824521,4.55425405082798,0.906,0.022925992854046194,0.906,0.0,0.022917651,2.5
3.7259764550947443,-0.2995144900218788,2.5,361.8090593968658,4.553650685949368,0.907,0.022925992654427643,0.907,0.0,0.022917651,2.5
3.7262824992287773,-0.29722818487445385,2.5,361.96770019805075,4.5530461292399735,0.908,0.022925992454322867,0.908,0.0,0.022917651,2.5
3.7265885856556187,-0.29494050505677133,2.5,362.12845075311526,4.5524403670626485,0.9090000000000003,0.022925992253726303,0.909,0.0,0.022917651,2.5
3.726894433897164,-0.2926511426164017,2.5,362.2915164721805,4.551831973664692,0.91,0.02292599220991291,0.91,0.0,0.022917651,2.5
3.72720020791964,-0.2903602510035796,2.5,362.45681751998495,4.551221755954316,0.911,0.022925992230706318,0.911,0.0,0.022917651,2.5
3.7275060302382106,-0.288067940645942,2.5,362.6243004982534,4.550610312631743,0.912,0.022925992247674252,0.912,0.0,0.022917651,2.5
3.7278119014168176,-0.28577419497714124,2.5,362.79399088487133,4.549997629385793,0.9130000000000003,0.022925992260772046,0.913,0.0,0.022917651,2.5
3.728117822028218,-0.28347899717190045,2.5,362.96591455594,4.549383691681596,0.9140000000000001,0.022925992269954336,0.914,0.0,0.022917651,2.5
3.728423792654154,-0.2811823301409343,2.5,363.14009779358696,4.54876848475622,0.915,0.022925992275175035,0.915,0.0,0.022917651,2.5
3.728729831829776,-0.2788839548254061,2.5,363.31668415764625,4.548151840360515,0.9160000000000003,0.022925992163897572,0.916,0.0,0.022917651,2.5
3.7290359423881356,-0.27658383351666194,2.5,363.49570925968817,4.547533731998695,0.9170000000000001,0.022925991931319806,0.917,0.0,0.022917651,2.5
3.729342106170967,-0.2742821828672396,2.5,363.6770762934985,4.546914307279826,0.918,0.022925991698395144,0.918,0.0,0.022917651,2.5
3.7296483238165195,-0.27197898453780495,2.5,363.86081334272745,4.546293550418602,0.9189999999999999,0.022925991465119405,0.919,0.0,0.022917651,2.5
3.7299545959732896,-0.2696742198946218,2.5,364.04694894185394,4.545671445376314,0.9200000000000002,0.022925991231488363,0.92,0.0,0.022917651,2.5
3.730260923300225,-0.2673678700036202,2.5,364.23551208526766,4.545047975855746,0.921,0.02292599099749773,0.921,0.0,0.022917651,2.5
3.730567329700256,-0.26505917167166415,2.5,364.42671589899663,4.544422476843728,0.922,0.022925990759684867,0.922,0.0,0.022917651,2.5
3.730873809919983,-0.2627482887067342,2.5,364.6205534034571,4.54379509045035,0.9230000000000002,0.02292599051896208,0.923,0.0,0.022917651,2.5
3.7311803469103033,-0.26043576738393853,2.5,364.81691756979995,4.543166292786883,0.9240000000000002,0.022925990277974827,0.924,0.0,0.022917651,2.5
3.731486941365519,-0.2581215876662339,2.5,365.01583929898663,4.5425360665935575,0.9250000000000002,0.022925990036719867,0.925,0.0,0.022917651,2.5
3.731793593991299,-0.25580572918850353,2.5,365.21734999793085,4.541904394328004,0.926,0.02292598979519392,0.926,0.0,0.022917651,2.5
3.7321003055049164,-0.2534881712508148,2.5,365.4214815898968,4.541271258159444,0.9270000000000003,0.02292598955339363,0.927,0.0,0.022917651,2.5
3.7324070797344415,-0.2511682940400043,2.5,365.6285690658219,4.540636054653691,0.9280000000000002,0.022925989313969063,0.928,0.0,0.022917651,2.5
3.73271391348995,-0.24884663405486954,2.5,365.83836493590394,4.539999306548017,0.929,0.022925989074352917,0.929,0.0,0.022917651,2.5
3.7330208072992344,-0.24652320482618642,2.5,366.05088497259436,4.53936102942126,0.9300000000000003,0.02292598883438156,0.93,0.0,0.022917651,2.5
3.733327761915213,-0.24419798417219302,2.5,366.26616332993297,4.538721204103427,0.9310000000000002,0.022925988594050546,0.931,0.0,0.022917651,2.5
3.7336347781034456,-0.2418709495387685,2.5,366.48423473529436,4.53807981110273,0.932,0.02292598835335533,0.932,0.0,0.022917651,2.5
3.7339419026638097,-0.23954142759157987,2.5,366.7054098939831,4.537436361984503,0.933,0.022925988111521297,0.933,0.0,0.022917651,2.5
3.734249119372647,-0.23720957388221292,2.5,366.9296607828572,4.536790948060911,0.9340000000000003,0.022925987868675977,0.934,0.0,0.022917651,2.5
3.7345563940440085,-0.23487584194585723,2.5,367.1568249802996,4.536143887816874,0.935,0.02292598762535708,0.935,0.0,0.022917651,2.5
3.7348637274139525,-0.2325402079312167,2.5,367.38693948193753,4.535495160346038,0.9360000000000002,0.02292598738155859,0.936,0.0,0.022917651,2.5
3.7351711202310507,-0.2302026475814334,2.5,367.62004191246297,4.534844744386563,0.937,0.022925987137274388,0.937,0.0,0.022917651,2.5
3.7354785998874793,-0.22786267402085636,2.5,367.8563159884515,4.534192264566817,0.9380000000000001,0.02292598699621709,0.9380000000000001,0.0,0.022917651,2.5
3.7357861739229032,-0.2255201773765018,2.5,368.0958295021917,4.533537641359214,0.9390000000000001,0.022925986972778797,0.9390000000000001,0.0,0.022917651,2.5
3.7360938126263794,-0.22317567399665644,2.5,368.3384524160423,4.532881269935871,0.9400000000000002,0.022925986943568153,0.9400000000000001,0.0,0.022917651,2.5
3.736401516838381,-0.22082913780032049,2.5,368.58422514203784,4.532223127575701,0.9410000000000001,0.02292598690851013,0.9410000000000001,0.0,0.022917651,2.5
3.736709287414009,-0.21848054225257052,2.5,368.83318879555895,4.531563191162167,0.9420000000000001,0.022925986867528406,0.9420000000000001,0.0,0.022917651,2.5
3.737017134948078,-0.21612932608874005,2.5,369.0856111974197,4.530900940783171,0.9430000000000001,0.02292598669709156,0.9430000000000001,0.0,0.022917651,2.5
3.737325057676944,-0.21377559031878124,2.5,369.34148491367324,4.530236470858282,0.9440000000000001,0.02292598643180884,0.9440000000000001,0.0,0.022917651,2.5
3.737633049075739,-0.2114197100140228,2.5,369.600684019786,4.5295701311936085,0.9450000000000002,0.022925986166166732,0.9450000000000001,0.0,0.022917651,2.5
3.7379411100559587,-0.2090616567088876,2.5,369.863252655467,4.528901896971077,0.9460000000000001,0.02292598590016045,0.9460000000000001,0.0,0.022917651,2.5
3.7382492415452973,-0.20670140143177387,2.5,370.1292357450842,4.528231742931434,0.9470000000000001,0.02292598563378515,0.9470000000000001,0.0,0.022917651,2.5
3.738557115882362,-0.2043378004505638,2.5,370.3993663077058,4.527557211925203,0.9480000000000002,0.02292598536858218,0.9480000000000001,0.0,0.022917651,2.5
3.7388649985043587,-0.20197180376460244,2.5,370.67310229187405,4.526880317857238,0.9490000000000001,0.02292598510312058,0.9490000000000001,0.0,0.022917651,2.5
3.7391729290943654,-0.19960351852782987,2.5,370.9504068345805,4.526201326936677,0.9500000000000001,0.022925984837200136,0.9500000000000001,0.0,0.022917651,2.5
3.739480908293018,-0.19723291417547817,2.5,371.2313275957516,4.525520211158985,0.9510000000000002,0.022925984570814704,0.9510000000000001,0.0,0.022917651,2.5
3.7397889295723075,-0.19485966838313637,2.5,371.51616798745437,4.524836624214329,0.9520000000000001,0.02292598438906537,0.9520000000000001,0.0,0.022917651,2.5
3.740096987379657,-0.19248362112477146,2.5,371.805108907645,4.524150385184739,0.9530000000000001,0.022925984340436006,0.9530000000000001,0.0,0.022917651,2.5
3.740405091860336,-0.19010517928937393,2.5,372.0978245804607,4.5234619384979275,0.9540000000000002,0.02292598430149481,0.9540000000000001,0.0,0.022917651,2.5
3.7407132436438055,-0.18772431058233532,2.5,372.39436591433173,4.5227712543801895,0.9550000000000001,0.022925984272372444,0.9550000000000001,0.0,0.022917651,2.5
3.7410214408482814,-0.18534086160872876,2.5,372.6948275984045,4.522078171774628,0.9560000000000001,0.02292598423108611,0.9560000000000001,0.0,0.022917651,2.5
3.741329660113855,-0.18295373441875026,2.5,372.99964374951196,4.521381497889276,0.9570000000000001,0.02292598397774061,0.9570000000000001,0.0,0.022917651,2.5
3.7416379252159597,-0.18056406919445897,2.5,373.30845280717483,4.520682469196336,0.9580000000000002,0.022925983723981136,0.9580000000000001,0.0,0.022917651,2.5
3.7419462367836265,-0.17817183110552934,2.5,373.62130956743476,4.519981053379965,0.9590000000000002,0.022925983469802,0.9590000000000001,0.0,0.022917651,2.5
3.742254595457449,-0.17577698468138928,2.5,373.9382698335885,4.519277217530296,0.96,0.022925983215197416,0.96,0.0,0.022917651,2.5
3.7425630253417235,-0.17337833293618699,2.5,374.2598006963228,4.518569861343582,0.961,0.02292598312913322,0.961,0.0,0.022917651,2.5
3.7428715034138547,-0.17097693318147317,2.5,374.58557587417897,4.517859949986998,0.962,0.022925983043113714,0.962,0.0,0.022917651,2.5
3.743180029223767,-0.16857280084936854,2.5,374.9156357614363,4.517147497085727,0.9630000000000001,0.02292598294908863,0.963,0.0,0.022917651,2.5
3.743488603442455,-0.16616589753126101,2.5,375.2500405831928,4.516432466916277,0.964,0.02292598284694544,0.964,0.0,0.022917651,2.5
3.7437973126005564,-0.16375476008994405,2.5,375.58939168874673,4.515713737724428,0.965,0.022925982576768898,0.965,0.0,0.022917651,2.5
3.744106074524455,-0.16134074861543818,2.5,375.9332313596348,4.514992345540511,0.9660000000000001,0.022925982302942533,0.966,0.0,0.022917651,2.5
3.744414888343613,-0.15892384934545645,2.5,376.28161327200723,4.5142682732098445,0.967,0.022925982028528063,0.967,0.0,0.022917651,2.5
3.744723772189073,-0.1565038017031063,2.5,376.6347060889686,4.513541333195781,0.9680000000000001,0.02292598175270735,0.968,0.0,0.022917651,2.5
3.7450327973610644,-0.15407965201181734,2.5,376.9930121290652,4.512810858948267,0.969,0.022925981472048364,0.969,0.0,0.022917651,2.5
3.745341873886585,-0.1516524855973502,2.5,377.35606874185777,4.512077573092252,0.9700000000000002,0.022925981190665523,0.97,0.0,0.022917651,2.5
3.745651002508228,-0.14922225883660814,2.5,377.72394462264236,4.511341434970685,0.9709999999999999,0.022925980908548353,0.971,0.0,0.022917651,2.5
3.745960205721033,-0.1467883117921368,2.5,378.0969964846015,4.510601874360967,0.972,0.0229259806279303,0.972,0.0,0.022917651,2.5
3.7462694858176944,-0.14435056617559822,2.5,378.47531566845714,4.509858822450717,0.9730000000000001,0.02292598034905894,0.973,0.0,0.022917651,2.5
3.7465788210959174,-0.1419096161249855,2.5,378.8586783482172,4.509112786951877,0.974,0.022925980069637985,0.974,0.0,0.022917651,2.5
3.746888212369633,-0.13946541437474344,2.5,379.2471589156871,4.508363723856377,0.975,0.022925979789659316,0.975,0.0,0.022917651,2.5
3.74719757387005,-0.13701666434730334,2.5,379.64151476765994,4.507609997007985,0.976,0.022925979506307852,0.976,0.0,0.022917651,2.5
3.747506982335142,-0.13456451214559628,2.5,380.04118318370104,4.506853056139636,0.9770000000000001,0.022925979222213365,0.977,0.0,0.022917651,2.5
3.747816442826214,-0.13210897257828427,2.5,380.44620781048576,4.506092936126987,0.978,0.0229259789375107,0.978,0.0,0.022917651,2.5
3.7481260008644672,-0.12964933582777724,2.5,380.857028256592,4.505329109620644,0.979,0.022925978680487243,0.979,0.0,0.022917651,2.5
3.7484356530000005,-0.12718564546340802,2.5,381.2736831193569,4.504561606266119,0.9800000000000001,0.022925978443437366,0.98,0.0,0.022917651,2.5
3.7487453624541462,-0.12471841289211241,2.5,381.6959508505536,4.503790790008506,0.981,0.022925978200994932,0.981,0.0,0.022917651,2.5
3.7490551582638663,-0.12224718413081273,2.5,382.12409772504355,4.503016322019075,0.982,0.022925977955780705,0.982,0.0,0.022917651,2.5
3.7493650994498706,-0.11977108046949121,2.5,382.55858952216875,4.5022375576021565,0.983,0.022925977712927603,0.983,0.0,0.022917651,2.5
3.749675101291754,-0.11729126397805678,2.5,382.99896752641365,4.501455322957036,0.9840000000000001,0.02292597746390993,0.984,0.0,0.022917651,2.5
3.7499851651068656,-0.11480755203506174,2.5,383.4453748889735,4.500669440296539,0.985,0.02292597720474978,0.985,0.0,0.022917651,2.5
3.750295295875245,-0.11231837540577255,2.5,383.8985411068319,4.499878354944951,0.986,0.02292597689179438,0.986,0.0,0.022917651,2.5
3.750605489088412,-0.10982529627276658,2.5,384.35788553592454,4.499083616560329,0.9870000000000001,0.02292597657798151,0.987,0.0,0.022917651,2.5
3.7509157446088444,-0.10732824688191274,2.5,384.8235082533047,4.4982851568891284,0.988,0.022925976263343254,0.988,0.0,0.022917651,2.5
3.7512258810596233,-0.1048259786203043,2.5,385.2961265450911,4.497481011710245,0.989,0.022925975955926648,0.989,0.0,0.022917651,2.5
3.7515361065941306,-0.10231958818138027,2.5,385.77525643680286,4.496673100837229,0.99,0.022925975647886374,0.99,0.0,0.022917651,2.5
3.7518464204618955,-0.0998089540932847,2.5,386.2610389317222,4.495861299589693,0.9910000000000001,0.02292597533915394,0.991,0.0,0.022917651,2.5
3.7521567661466215,-0.09729271338422685,2.5,386.75443478214186,4.4950440138728265,0.992,0.02292597502831186,0.992,0.0,0.022917651,2.5
3.7524671931051152,-0.09477215960419885,2.5,387.25466543666226,4.494222740109379,0.993,0.022925974716767543,0.993,0.0,0.022917651,2.5
3.752777712915906,-0.09224691022842352,2.5,387.7619753875425,4.493397142967663,0.9940000000000001,0.02292597440350419,0.994,0.0,0.022917651,2.5
3.753088376802176,-0.08971567158628427,2.5,388.277013224456,4.492566137132897,0.995,0.022925974084488352,0.995,0.0,0.022917651,2.5
3.7533991432905345,-0.08717989230725781,2.5,388.79925541014234,4.491731001067067,0.996,0.022925973764541675,0.996,0.0,0.022917651,2.5
3.7537100761256625,-0.08463865259981675,2.5,389.3291787611961,4.490891067378394,0.997,0.022925973447500563,0.997,0.0,0.022917651,2.5
3.7540212091155754,-0.08209141029096238,2.5,389.86710776008584,4.490045927811166,0.9980000000000001,0.02292597313481254,0.998,0.0,0.022917651,2.5
3.754332449138307,-0.07953936503981286,2.5,390.4126294862403,4.489196413490075,0.999,0.022925972820330334,0.999,0.0,0.022917651,2.5
3.754643865330725,-0.07698186516228225,2.5,390.9665821055933,4.488342158225571,1.0,0.022925972496545412,1.0,0.0,0.022917651,2.5
3.754889496442498,-0.0748513433824272,2.5,391.29010704697856,4.487608093252718,1.0010000000000001,0.022925972483225594,1.0010000000000001,0.0,0.022917651,2.5
3.755135121531855,-0.07271915731856325,2.5,391.6167700722792,4.486872339806769,1.0020000000000002,0.02292597246983623,1.002,0.0,0.022917651,2.5
3.755380735021531,-0.07058520274357649,2.5,391.9466496035113,4.486134770693104,1.0030000000000001,0.02292597245677123,1.0030000000000001,0.0,0.022917651,2.5
3.7556262712681563,-0.06844842561143669,2.5,392.28034229906535,4.485394061655193,1.004,0.02292597244863663,1.004,0.0,0.022917651,2.5
3.7558718002192943,-0.06630993139583781,2.5,392.61727330947355,4.484651606453353,1.0050000000000001,0.022925972440352993,1.0050000000000001,0.0,0.022917651,2.5
3.7561173218028565,-0.06416970313005964,2.5,392.95747463293856,4.483907387833513,1.0060000000000002,0.02292597243191883,1.006,0.0,0.022917651,2.5
3.756362846354059,-0.06202748883272709,2.5,393.30107815752336,4.483161196370418,1.0070000000000001,0.022925972422733542,1.0070000000000001,0.0,0.022917651,2.5
3.756608423104529,-0.059882168891098084,2.5,393.6485919871992,4.48241211500625,1.008,0.022925972410028316,1.008,0.0,0.022917651,2.5
3.7568539929096443,-0.05773506575799767,2.5,393.9994878910106,4.481661222631454,1.0090000000000001,0.022925972397255173,1.0090000000000001,0.0,0.022917651,2.5
3.7570995557000755,-0.05558616163356578,2.5,394.35379962890454,4.480908501168475,1.0100000000000002,0.022925972384413427,1.01,0.0,0.022917651,2.5
3.7573450904060843,-0.053435065160631706,2.5,394.7118119954045,4.480153471979435,1.0110000000000003,0.0229259723734836,1.0110000000000001,0.0,0.022917651,2.5
3.7575905749971903,-0.05128140631945118,2.5,395.0738064406505,4.479395674133635,1.012,0.02292597236634846,1.012,0.0,0.022917651,2.5
3.7578360491935596,-0.0491258935462007,2.5,395.4393354743189,4.478635980811486,1.0130000000000001,0.022925972359157998,1.0130000000000001,0.0,0.022917651,2.5
3.7580815128903806,-0.046968508147511766,2.5,395.8084347359934,4.4778743729007235,1.014,0.022925972351911662,1.014,0.0,0.022917651,2.5
3.7583269358216254,-0.04480851547840895,2.5,396.1816164521535,4.477109998094914,1.0150000000000003,0.02292597233997921,1.0150000000000001,0.0,0.022917651,2.5
3.7585723304556025,-0.042646193160348095,2.5,396.5587267982024,4.476343182475385,1.016,0.02292597232527592,1.016,0.0,0.022917651,2.5
3.758817714231019,-0.04048193776840401,2.5,396.93952777385766,4.475574390394022,1.0170000000000001,0.02292597231049146,1.0170000000000001,0.0,0.022917651,2.5
3.759063088872971,-0.03831569815796599,2.5,397.32407534347203,4.474803577583739,1.0180000000000002,0.02292597229574558,1.018,0.0,0.022917651,2.5
3.759308530070661,-0.03614615315406301,2.5,397.7131716358288,4.474029724585103,1.0190000000000003,0.022925972285988496,1.0190000000000001,0.0,0.022917651,2.5
3.759553959458886,-0.03397461546073062,2.5,398.10608738723647,4.473253831560139,1.0200000000000002,0.022925972276054488,1.02,0.0,0.022917651,2.5
3.7597993769160354,-0.03180106455758883,2.5,398.5028619298389,4.472475877500999,1.0210000000000001,0.022925972265941737,1.0210000000000001,0.0,0.022917651,2.5
3.7600448051662108,-0.0296248315495448,2.5,398.90397951831125,4.471695285231254,1.022,0.02292597225359131,1.022,0.0,0.022917651,2.5
3.760290241578703,-0.027445926888602153,2.5,399.30947180627913,4.470912054753125,1.0230000000000004,0.02292597223915242,1.0230000000000001,0.0,0.022917651,2.5
3.7605356637348626,-0.025264948373855584,2.5,399.7189594470965,4.470126693441746,1.024,0.02292597222460534,1.024,0.0,0.022917651,2.5
3.760781048320707,-0.02308176879530226,2.5,400.13256696824527,4.469338980176617,1.0250000000000001,0.02292597221041467,1.025,0.0,0.022917651,2.5
3.7610261928678903,-0.020895441261366887,2.5,400.5510733443638,4.4685471524644855,1.0260000000000002,0.022925972200620173,1.026,0.0,0.022917651,2.5
3.761271325274476,-0.018706981372544,2.5,400.9737150683251,4.46775314394059,1.027,0.022925972190613743,1.027,0.0,0.022917651,2.5
3.761516445412947,-0.016516366732052153,2.5,401.40053557496174,4.46695693169919,1.028,0.022925972180393148,1.028,0.0,0.022917651,2.5
3.7617614318321486,-0.014322579317545724,2.5,401.83220404573103,4.466157019350681,1.0290000000000001,0.022925972167299767,1.029,0.0,0.022917651,2.5
3.7620063697565667,-0.012126261156802914,2.5,402.2683475728004,4.465354384496192,1.03,0.022925972153409482,1.03,0.0,0.022917651,2.5
3.762251298387582,-0.009927706242273236,2.5,402.7088122779442,4.464549475509856,1.031,0.022925972139612467,1.031,0.0,0.022917651,2.5
3.762495679908604,-0.0077265403429672835,2.5,403.1540483790879,4.463739763189747,1.032,0.02292597212706522,1.032,0.0,0.022917651,2.5
3.762739539495989,-0.005522753117689141,2.5,403.60409799613035,4.462925338265814,1.033,0.02292597211551927,1.033,0.0,0.022917651,2.5
3.7629834100245296,-0.003316666085502876,2.5,404.0586135217487,4.462108657489959,1.0340000000000003,0.022925972103763737,1.034,0.0,0.022917651,2.5
3.7632273143215627,-0.0011079382765594287,2.5,404.5179476572467,4.461289472638138,1.035,0.022925972090471994,1.035,0.0,0.022917651,2.5
3.7634712777721746,0.0011038225305113007,2.5,404.9825073924141,4.460467494515861,1.036,0.02292597207419041,1.036,0.0,0.022917651,2.5
3.763715251409426,0.003317967527775613,2.5,405.4516962087871,4.459643172905486,1.037,0.02292597205779129,1.037,0.0,0.022917651,2.5
3.763959202142352,0.005534842535312066,2.5,405.9257866516238,4.458816029777042,1.0380000000000003,0.022925972041580592,1.038,0.0,0.022917651,2.5
3.7642030388183936,0.007755350626359878,2.5,406.4054524952488,4.457984797864233,1.039,0.022925972026382205,1.039,0.0,0.022917651,2.5
3.764446886528505,0.009978315150187857,2.5,406.8899217824085,4.457151153595134,1.04,0.022925972011025367,1.04,0.0,0.022917651,2.5
3.764690756678664,0.01220410289716398,2.5,407.3794433321988,4.4563147741850315,1.041,0.022925971995385732,1.041,0.0,0.022917651,2.5
3.764934690051791,0.014433964349344595,2.5,407.8747817379282,4.455474566476693,1.0420000000000003,0.022925971979032126,1.042,0.0,0.022917651,2.5
3.7651786350916834,0.016666372603085296,2.5,408.3751020124697,4.454631858573951,1.043,0.022925971962533043,1.043,0.0,0.022917651,2.5
3.765422566525854,0.018901594684019033,2.5,408.8807262230082,4.453786284561253,1.044,0.022925971945998914,1.044,0.0,0.022917651,2.5
3.7656664234565347,0.02114023594236355,2.5,409.3923711286701,4.452937000820669,1.0450000000000002,0.02292597192969273,1.045,0.0,0.022917651,2.5
3.765910293980553,0.02338150290113808,2.5,409.9091869087892,4.452085145619684,1.046,0.022925971913221776,1.046,0.0,0.022917651,2.5
3.7661541636810503,0.02562595949125272,2.5,410.4316490724403,4.451230097013585,1.047,0.022925971897811107,1.047,0.0,0.022917651,2.5
3.766398015701323,0.0278741407327145,2.5,410.96022202966225,4.450371252474757,1.048,0.02292597188478446,1.048,0.0,0.022917651,2.5
3.766641876797895,0.030125042274070594,2.5,411.494164087493,4.449509724172198,1.049,0.022925971871846258,1.049,0.0,0.022917651,2.5
3.766885765461229,0.032379623885676195,2.5,412.0342195747534,4.4486446228038234,1.0500000000000003,0.02292597185812828,1.05,0.0,0.022917651,2.5
3.7671296770933025,0.03463783103552017,2.5,412.58040324789386,4.447775984704578,1.051,0.022925971843450264,1.051,0.0,0.022917651,2.5
3.7673735941310675,0.03689885254917557,2.5,413.13216343273547,4.446904553931299,1.052,0.02292597182851746,1.052,0.0,0.022917651,2.5
3.767617445599769,0.039163725058944214,2.5,413.6905073632219,4.446029017401214,1.0530000000000002,0.02292597181025485,1.053,0.0,0.022917651,2.5
3.7678612864968697,0.04143177281563158,2.5,414.25484556375136,4.445150265410237,1.054,0.022925971790968808,1.054,0.0,0.022917651,2.5
3.7681051279323436,0.04370283815543466,2.5,414.82509247998803,4.444268496961316,1.055,0.02292597177196574,1.055,0.0,0.022917651,2.5
3.768348878754498,0.04597784473334813,2.5,415.4023928474285,4.443382415317413,1.056,0.02292597175684558,1.056,0.0,0.022917651,2.5
3.768592640151051,0.04825584983291701,2.5,415.9856409094449,4.442493377366598,1.057,0.022925971741431645,1.057,0.0,0.022917651,2.5
3.768836405171854,0.05053776715572264,2.5,416.575672572011,4.441600443883306,1.0580000000000003,0.022925971723789195,1.058,0.0,0.022917651,2.5
3.769080165948232,0.05282375616818899,2.5,417.172696756999,4.440703424213203,1.059,0.022925971703730726,1.059,0.0,0.022917651,2.5
3.769323928189504,0.055112830132258435,2.5,417.77590500971047,4.439803325265275,1.06,0.02292597168353557,1.06,0.0,0.022917651,2.5
3.7695676856982128,0.057406554070751556,2.5,418.3867818188855,4.43889856064232,1.061,0.022925971663079636,1.061,0.0,0.022917651,2.5
3.7698114421446434,0.05970360295530927,2.5,419.0041731679879,4.437990467638477,1.062,0.022925971642475316,1.062,0.0,0.022917651,2.5
3.770055173809613,0.06200436112292627,2.5,419.62852215996685,4.437078565290863,1.063,0.02292597162546883,1.063,0.0,0.022917651,2.5
3.7702988727138567,0.0643091692282366,2.5,420.26022118128543,4.436162479739732,1.064,0.02292597161424996,1.064,0.0,0.022917651,2.5
3.770542579635961,0.06661725083855718,2.5,420.89852881974525,4.435243152502141,1.065,0.022925971602995514,1.065,0.0,0.022917651,2.5
3.7707861395532785,0.0689300638700366,2.5,421.5449741908584,4.434318506557526,1.0660000000000003,0.022925971583962063,1.066,0.0,0.022917651,2.5
3.771029690386854,0.07124633615584337,2.5,422.1983119393005,4.433390365153536,1.067,0.02292597156423453,1.067,0.0,0.022917651,2.5
3.77127316587958,0.07356692102424771,2.5,422.859460760183,4.432457610551288,1.068,0.02292597154353595,1.068,0.0,0.022917651,2.5
3.7715165679004365,0.07589174196806157,2.5,423.5284072339192,4.431520326588887,1.069,0.02292597152197517,1.069,0.0,0.022917651,2.5
3.7717599678852913,0.07822037871604047,2.5,424.2047164039426,4.430579217182336,1.07,0.02292597150026419,1.07,0.0,0.022917651,2.5
3.772003392211978,0.08055406548869525,2.5,424.8895294312662,4.429633148199386,1.071,0.02292597147839896,1.071,0.0,0.022917651,2.5
3.7722468149138946,0.0828913174030691,2.5,425.58160934216204,4.428683507215489,1.072,0.02292597145638073,1.072,0.0,0.022917651,2.5
3.772490224163662,0.08523359787605274,2.5,426.2826291625414,4.427728790002462,1.073,0.022925971436732282,1.073,0.0,0.022917651,2.5
3.772733627600916,0.08757972410475337,2.5,426.99133449599805,4.426770204917581,1.074,0.022925971417089373,1.074,0.0,0.022917651,2.5
3.772976902943429,0.08993050712950255,2.5,427.70881493430613,4.425806456314772,1.075,0.022925971395636312,1.075,0.0,0.022917651,2.5
3.7732200955775514,0.09228559444306193,2.5,428.4346908097039,4.424838075952966,1.076,0.02292597137310224,1.076,0.0,0.022917651,2.5
3.7734632115560967,0.0946451469391234,2.5,429.1691812987102,4.423864919679422,1.077,0.022925971350226924,1.077,0.0,0.022917651,2.5
3.7737062246034614,0.0970094612523662,2.5,429.9127147898537,4.422886584037247,1.078,0.022925971326971696,1.078,0.0,0.022917651,2.5
3.7739492141048125,0.09937794076663038,2.5,430.6647702575389,4.421903987438264,1.079,0.02292597130666598,1.079,0.0,0.022917651,2.5
3.774192161913937,0.10175117566795511,2.5,431.4264319922952,4.420916464152881,1.08,0.022925971295259577,1.08,0.0,0.022917651,2.5
3.7744350744443333,0.10412866299684456,2.5,432.1966066772123,4.4199245490299965,1.081,0.022925971282268708,1.081,0.0,0.022917651,2.5
3.7746778296790438,0.10651203190018313,2.5,432.9768819238458,4.418926133990014,1.082,0.022925971259076982,1.082,0.0,0.022917651,2.5
3.7749205410914706,0.10889961282153249,2.5,433.76576891380785,4.41792333105635,1.083,0.0229259712356039,1.083,0.0,0.022917651,2.5
3.775162748564821,0.11129356486078032,2.5,434.5653758121346,4.416912128020441,1.0839999999999999,0.02292597121131496,1.084,0.0,0.022917651,2.5
3.7754048820762565,0.11369171686891066,2.5,435.37375726639533,4.415896428908537,1.0850000000000002,0.022925971186846233,1.085,0.0,0.022917651,2.5
3.7756449692789276,0.11609546354280907,2.5,436.19344232768276,4.414866966783847,1.086,0.02292597116218982,1.086,0.0,0.022917651,2.5
3.7758849521515905,0.11850347673819919,2.5,437.0221145201864,4.41383282099232,1.087,0.02292597113734972,1.087,0.0,0.022917651,2.5
3.776124596828133,0.12091723463072973,2.5,437.8621512297832,4.41279156733843,1.0880000000000003,0.022925971112324462,1.088,0.0,0.022917651,2.5
3.776364127908933,0.12333542332781931,2.5,438.7115086133384,4.411745428247617,1.0890000000000002,0.022925971087120692,1.089,0.0,0.022917651,2.5
3.7766034210172994,0.1257597840667852,2.5,439.57244921543025,4.410692155943846,1.09,0.022925971061927067,1.09,0.0,0.022917651,2.5
3.7768425581948164,0.1281887841036679,2.5,440.4431695164079,4.409633622511124,1.0910000000000002,0.022925971036519256,1.091,0.0,0.022917651,2.5
3.777081202937851,0.13062354767364295,2.5,441.3257605759898,4.408567374657717,1.092,0.022925971011014186,1.092,0.0,0.022917651,2.5
3.7773196664369406,0.1330632489100712,2.5,442.21862675049636,4.40749546215503,1.093,0.02292597098634379,1.093,0.0,0.022917651,2.5
3.7775578047861265,0.13550893289504448,2.5,443.12328591454053,4.406416257665686,1.0940000000000003,0.022925970965665073,1.094,0.0,0.022917651,2.5
3.777795886698514,0.13796017002514477,2.5,444.0389366991969,4.405331275617958,1.095,0.022925970945950027,1.095,0.0,0.022917651,2.5
3.778033915292617,0.14041782328597235,2.5,444.966540153355,4.40423966625908,1.0960000000000003,0.022925970928240585,1.096,0.0,0.022917651,2.5
3.778271673207606,0.1428811887895423,2.5,445.90597900164386,4.403141255112589,1.097,0.02292597090580592,1.097,0.0,0.022917651,2.5
3.778509170849881,0.145350265041766,2.5,446.8573375513303,4.402036085949154,1.098,0.022925970878778984,1.098,0.0,0.022917651,2.5
3.778746305145904,0.14782575236892712,2.5,447.82143804349744,4.400923064402515,1.0990000000000002,0.022925970851530343,1.099,0.0,0.022917651,2.5
3.778983246171671,0.15030685099697616,2.5,448.79725864027694,4.399803663111461,1.1000000000000003,0.02292597082405975,1.1,0.0,0.022917651,2.5
3.7791570271286545,0.1524631213068051,2.5,449.30465156642344,4.398720400667304,1.101,0.022925970801309134,1.101,0.0,0.022917651,2.5
3.779331270519938,0.15461851950345845,2.5,449.8089973074092,4.397639860073554,1.102,0.02292597077855852,1.102,0.0,0.022917651,2.5
3.779505973363681,0.1567730512104415,2.5,450.31031551190483,4.396562023779344,1.103,0.022925970755807903,1.103,0.0,0.022917651,2.5
3.779681132703626,0.15892672200301686,2.5,450.808625660014,4.39548687438438,1.1040000000000005,0.02292597073305729,1.104,0.0,0.022917651,2.5
3.7798567456088197,0.16107953740871708,2.5,451.30394706507576,4.394414394637321,1.1050000000000002,0.022925970710306668,1.105,0.0,0.022917651,2.5
3.780032809173351,0.16323150290785798,2.5,451.7962988754475,4.393344567434198,1.106,0.022925970687556047,1.106,0.0,0.022917651,2.5
3.7802093205160747,0.1653826239340381,2.5,452.2857000762604,4.392277375816842,1.107,0.022925970664805426,1.107,0.0,0.022917651,2.5
3.7803863284021624,0.1675353358568362,2.5,452.7719884492377,4.391210583131674,1.1080000000000003,0.022925970642054816,1.108,0.0,0.022917651,2.5
3.780563813430005,0.16968789472717813,2.5,453.255179356694,4.3901458522934895,1.1090000000000002,0.022925970619304195,1.109,0.0,0.022917651,2.5
3.780741768257581,0.17184014773396597,2.5,453.7353106766711,4.389083306483572,1.1100000000000003,0.02292597059655358,1.11,0.0,0.022917651,2.5
3.7809201881662444,0.17399209794927767,2.5,454.212413139518,4.388022923755603,1.111,0.022925970573802967,1.111,0.0,0.022917651,2.5
3.7810990685003296,0.1761437484041891,2.5,454.68651706541885,4.386964682456184,1.112,0.022925970551052346,1.112,0.0,0.022917651,2.5
3.781278404666107,0.1782951020894524,2.5,455.15765237121195,4.385908561219975,1.113,0.022925970528301733,1.113,0.0,0.022917651,2.5
3.781458192130751,0.1804461619561679,2.5,455.6258485770759,4.384854538964908,1.114,0.022925970505551112,1.114,0.0,0.022917651,2.5
3.781638182478934,0.18259565882880804,2.5,456.0917474216825,4.383802890570159,1.115,0.022925970482288113,1.115,0.0,0.022917651,2.5
3.7818179194173522,0.18474112908694523,2.5,456.55645097194974,4.382754253506345,1.1160000000000003,0.02292597045771841,1.116,0.0,0.022917651,2.5
3.7819980047653776,0.18688566675370705,2.5,457.01842529713815,4.381707942715172,1.117,0.022925970433198963,1.117,0.0,0.022917651,2.5
3.7821784365549393,0.18902927709705597,2.5,457.4776858139173,4.380663945056145,1.1180000000000003,0.0229259704087295,1.118,0.0,0.022917651,2.5
3.7823592128327572,0.19117196534535072,2.5,457.9342478230614,4.3796222474875455,1.1190000000000002,0.02292597038430973,1.119,0.0,0.022917651,2.5
3.7825403316602095,0.19331373668772148,2.5,458.3881265105377,4.3785828370655215,1.1200000000000003,0.02292597035993937,1.12,0.0,0.022917651,2.5
3.782721791113192,0.19545459627443346,2.5,458.8393369485798,4.377545700943151,1.1210000000000002,0.02292597033561815,1.121,0.0,0.022917651,2.5
3.782903589281985,0.19759454921725367,2.5,459.2878940967517,4.376510826369558,1.122,0.022925970311345786,1.122,0.0,0.022917651,2.5
3.7830857632116643,0.19973401362229998,2.5,459.734365513099,4.375477943271064,1.123,0.02292597028739858,1.123,0.0,0.022917651,2.5
3.7832683215405636,0.2018730746895462,2.5,460.1788860295647,4.3744470009264464,1.124,0.022925970263805454,1.124,0.0,0.022917651,2.5
3.7834512191516763,0.20401126798079297,2.5,460.6208468743878,4.373418283457063,1.125,0.022925970240242902,1.125,0.0,0.022917651,2.5
3.7836344541031615,0.20614859846265005,2.5,461.06026269753346,4.372391778129116,1.1260000000000003,0.022925970216710764,1.1260000000000001,0.0,0.022917651,2.5
3.783818024467971,0.2082850710638966,2.5,461.4971480373831,4.371367472305793,1.127,0.022925970193208866,1.127,0.0,0.022917651,2.5
3.7840019283337045,0.21042069067584437,2.5,461.93151732179547,4.370345353446351,1.1280000000000003,0.022925970169737027,1.1280000000000001,0.0,0.022917651,2.5
3.7841861638024725,0.21255546215268892,2.5,462.3633848691537,4.369325409105205,1.129,0.022925970146295077,1.129,0.0,0.022917651,2.5
3.78437072899076,0.21468939031186537,2.5,462.7927648894033,4.3683076269310215,1.1300000000000001,0.022925970122882857,1.1300000000000001,0.0,0.022917651,2.5
3.7845555516429115,0.21682261565462088,2.5,463.2203295516961,4.367291576900007,1.131,0.022925970099838627,1.131,0.0,0.022917651,2.5
3.78474057713168,0.21895522981212617,2.5,463.64657002458694,4.3662769486089115,1.1320000000000001,0.022925970077362676,1.1320000000000001,0.0,0.022917651,2.5
3.7849259168190934,0.2210870125910539,2.5,464.070434574964,4.365264408553517,1.133,0.022925970054886727,1.133,0.0,0.022917651,2.5
3.7851115689203962,0.22321796871392383,2.5,464.4919366988915,4.36425394487192,1.1340000000000001,0.02292597003241078,1.1340000000000001,0.0,0.022917651,2.5
3.7852975316643223,0.22534810286755386,2.5,464.91108979041013,4.363245545791888,1.135,0.022925970009934828,1.135,0.0,0.022917651,2.5
3.78548380329297,0.2274774197034008,2.5,465.32790714249984,4.362239199630011,1.1360000000000003,0.022925969987458876,1.1360000000000001,0.0,0.022917651,2.5
3.7856703820616793,0.2296059238378893,2.5,465.7424019480306,4.361234894790869,1.1370000000000002,0.022925969964982924,1.137,0.0,0.022917651,2.5
3.7858572662389007,0.23173361985274485,2.5,466.1545873007035,4.360232619766198,1.1380000000000001,0.022925969942506973,1.1380000000000001,0.0,0.022917651,2.5
3.7860444499423553,0.2338605381474144,2.5,466.5644840880015,4.359232320661686,1.139,0.022925969920031028,1.139,0.0,0.022917651,2.5
3.7862315820119226,0.23598885533487818,2.5,466.9727672919717,4.3582304189947125,1.1400000000000003,0.022925969897555076,1.1400000000000001,0.0,0.022917651,2.5
3.7864189994137245,0.23811647494094773,2.5,467.3788084259608,4.357230356161067,1.141,0.022925969875079125,1.141,0.0,0.022917651,2.5
3.786606700331454,0.2402434014061446,2.5,467.78262176207875,4.356232120455483,1.1420000000000001,0.022925969852603173,1.1420000000000001,0.0,0.022917651,2.5
3.7867946829641825,0.24236963913337964,2.5,468.18422145155733,4.35523570027183,1.143,0.02292596983012722,1.143,0.0,0.022917651,2.5
3.786982945526206,0.2444951924883538,2.5,468.5836215260282,4.354241084102067,1.1440000000000003,0.02292596980765127,1.1440000000000001,0.0,0.022917651,2.5
3.787171486246878,0.24662006579994689,2.5,468.98083589878314,4.35324826053521,1.145,0.02292596978517532,1.145,0.0,0.022917651,2.5
3.787360303370455,0.24874426336060862,2.5,469.3758783660198,4.352257218256308,1.1460000000000001,0.022925969762699373,1.1460000000000001,0.0,0.022917651,2.5
3.7875493951559402,0.2508677894267374,2.5,469.7687626080697,4.351267946045444,1.1469999999999998,0.02292596974022342,1.147,0.0,0.022917651,2.5
3.787738681814716,0.25298980696769346,2.5,470.15993574664395,4.350280961668128,1.1480000000000001,0.02292596971774747,1.1480000000000001,0.0,0.022917651,2.5
3.7879280021803194,0.2551085399234356,2.5,470.550278872342,4.34929739635717,1.149,0.022925969695271522,1.149,0.0,0.022917651,2.5
3.7881175867895944,0.2572264555864837,2.5,470.93850433449774,4.348315705336767,1.1500000000000001,0.022925969672795574,1.1500000000000001,0.0,0.022917651,2.5
3.7883074342718377,0.25934355819635246,2.5,471.32462311799685,4.347335878884478,1.151,0.022925969650319622,1.151,0.0,0.022917651,2.5
3.788497543265811,0.2614598519632864,2.5,471.70864613188087,4.346357907344981,1.1520000000000001,0.02292596962784367,1.1520000000000001,0.0,0.022917651,2.5
3.7886879124196584,0.2635753410685094,2.5,472.09058421000054,4.345381781129511,1.1530000000000002,0.02292596960536772,1.153,0.0,0.022917651,2.5
3.7888785403908254,0.265690029664477,2.5,472.47044811166256,4.344407490715278,1.154,0.022925969582891767,1.154,0.0,0.022917651,2.5
3.789069425845979,0.2678039218751221,2.5,472.8482485222696,4.343435026644899,1.155,0.02292596956041582,1.155,0.0,0.022917651,2.5
3.789260567460929,0.2699170217960983,2.5,473.2239960539538,4.342464379525846,1.156,0.02292596953793987,1.156,0.0,0.022917651,2.5
3.789452014275077,0.27203192657631897,2.5,473.59778956345764,4.341493147288953,1.157,0.02292596951546392,1.157,0.0,0.022917651,2.5
3.789643812987703,0.2741514005490607,2.5,473.96977383679183,4.340518751310962,1.158,0.022925969492987967,1.158,0.0,0.022917651,2.5
3.7898358601959234,0.27627035073744516,2.5,474.33980830089456,4.339545873105574,1.159,0.022925969470512016,1.159,0.0,0.022917651,2.5
3.7900281541843612,0.27838878075718126,2.5,474.70790641539656,4.338574502195526,1.1600000000000001,0.022925969448036067,1.16,0.0,0.022917651,2.5
3.7902206932533904,0.2805066941907767,2.5,475.07408151633007,4.337604628199774,1.161,0.02292596942556012,1.161,0.0,0.022917651,2.5
3.7904134757189576,0.28262409458791493,2.5,475.4383468175437,4.336636240832375,1.1620000000000001,0.022925969403084168,1.162,0.0,0.022917651,2.5
3.7906064999124034,0.28474098546583354,2.5,475.8007154120986,4.335669329901418,1.163,0.022925969380608216,1.163,0.0,0.022917651,2.5
3.7907997641802864,0.2868573703096908,2.5,476.16120027364565,4.334703885307937,1.164,0.022925969358132264,1.164,0.0,0.022917651,2.5
3.7909932668842106,0.288973252572934,2.5,476.51981425778405,4.333739897044866,1.1650000000000003,0.022925969335656316,1.165,0.0,0.022917651,2.5
3.791187006400655,0.29108863567765547,2.5,476.8765701033996,4.332777355195985,1.166,0.022925969313180364,1.166,0.0,0.022917651,2.5
3.79137993149724,0.29319702591122393,2.5,477.2327613945672,4.331818551002935,1.167,0.022925969290704416,1.167,0.0,0.022917651,2.5
3.7915726193249326,0.2953018485923311,2.5,477.58763750226535,4.330862366321281,1.168,0.022925969268228465,1.168,0.0,0.022917651,2.5
3.7917655256008183,0.29740590680850165,2.5,477.9406404836669,4.3299078198486285,1.1690000000000003,0.022925969245752513,1.169,0.0,0.022917651,2.5
3.7919586492205037,0.2995092044245842,2.5,478.2917798085996,4.3289549033028045,1.1700000000000002,0.02292596922327656,1.17,0.0,0.022917651,2.5
3.7921519890870283,0.3016117452794208,2.5,478.64106488316435,4.328003608457369,1.171,0.022925969200800613,1.171,0.0,0.022917651,2.5
3.7923455441108023,0.30371353318606165,2.5,478.98850505027,4.327053927141152,1.172,0.02292596917832466,1.172,0.0,0.022917651,2.5
3.792539313209541,0.30581457193198486,2.5,479.3341095901634,4.326105851237781,1.173,0.022925969155848713,1.173,0.0,0.022917651,2.5
3.792733295308209,0.3079148652793069,2.5,479.6778877209531,4.325159372685237,1.174,0.02292596913337276,1.174,0.0,0.022917651,2.5
3.792927489338955,0.3100144169649983,2.5,480.01984859912966,4.324214483475382,1.175,0.02292596911089681,1.175,0.0,0.022917651,2.5
3.793121877555916,0.31211314998292655,2.5,480.3602009975233,4.323271189442167,1.176,0.022925969088420862,1.176,0.0,0.022917651,2.5
3.7933163703413677,0.31421061789148363,2.5,480.7000328807644,4.322329577585889,1.177,0.022925969065944914,1.177,0.0,0.022917651,2.5
3.793511073719216,0.3163073257442107,2.5,481.0380863409362,4.321389568185602,1.178,0.022925969043468962,1.178,0.0,0.022917651,2.5
3.7937059866776663,0.31840327719281314,2.5,481.3743699225102,4.320451153542269,1.179,0.02292596902099301,1.179,0.0,0.022917651,2.5
3.7939011082113923,0.32049847586563873,2.5,481.7088921153089,4.319514326006098,1.1800000000000002,0.02292596899851706,1.18,0.0,0.022917651,2.5
3.7940964373214907,0.3225929253678681,2.5,482.04166135494285,4.318579077976147,1.181,0.02292596897604111,1.181,0.0,0.022917651,2.5
3.7942919730154236,0.3246866292816956,2.5,482.37268602324184,4.317645401899931,1.182,0.02292596895356516,1.182,0.0,0.022917651,2.5
3.7944877143069737,0.326779591166516,2.5,482.70197444868353,4.316713290273035,1.183,0.02292596893108921,1.183,0.0,0.022917651,2.5
3.7946836602161897,0.3288718145591016,2.5,483.02953490681665,4.315782735638744,1.184,0.02292596890861326,1.184,0.0,0.022917651,2.5
3.7948798097693377,0.3309633029737854,2.5,483.3553756206814,4.314853730587647,1.1850000000000003,0.022925968886137307,1.185,0.0,0.022917651,2.5
3.7950762751408753,0.33305680808910765,2.5,483.6801105339922,4.313923972375158,1.186,0.022925968863551926,1.186,0.0,0.022917651,2.5
3.795273207772329,0.3351561773289434,2.5,484.0046340589186,4.312990219631713,1.187,0.0229259688407441,1.187,0.0,0.022917651,2.5
3.7954703401335537,0.3372550205426687,2.5,484.3275672784608,4.3120577918150005,1.188,0.0229259688179898,1.188,0.0,0.022917651,2.5
3.795667671019994,0.33935334090270775,2.5,484.64891978362937,4.311126680934488,1.1890000000000003,0.02292596879528869,1.189,0.0,0.022917651,2.5
3.795865199236761,0.34145114155602385,2.5,484.96870108846576,4.310196879063769,1.19,0.02292596877264047,1.19,0.0,0.022917651,2.5
3.796062923598537,0.34354842562437815,2.5,485.2869206308136,4.309268378339918,1.1910000000000003,0.02292596875004481,1.191,0.0,0.022917651,2.5
3.796260842929477,0.3456451962045777,2.5,485.603587773079,4.308341170962859,1.192,0.022925968727501404,1.192,0.0,0.022917651,2.5
3.796458956063118,0.3477414563687277,2.5,485.9187118029842,4.30741524919474,1.1930000000000003,0.022925968705009923,1.193,0.0,0.022917651,2.5
3.7966572618422805,0.349837209164474,2.5,486.2323019343091,4.306490605359309,1.1940000000000002,0.022925968682570075,1.194,0.0,0.022917651,2.5
3.7968557591189818,0.3519324576152495,2.5,486.544367307627,4.305567231841303,1.195,0.022925968660181546,1.195,0.0,0.022917651,2.5
3.7970544467543417,0.35402720472051047,2.5,486.85491699102937,4.304645121085851,1.1960000000000002,0.022925968637844026,1.196,0.0,0.022917651,2.5
3.797252367726745,0.3561160877111962,2.5,487.1639278441183,4.303725807520692,1.197,0.022925968615601908,1.197,0.0,0.022917651,2.5
3.7974498078088956,0.35820065811721974,2.5,487.4713547573506,4.302808882799382,1.198,0.022925968593400622,1.198,0.0,0.022917651,2.5
3.7976474161048555,0.3602845517477357,2.5,487.77721103331356,4.301893307706489,1.199,0.022925968571199336,1.199,0.0,0.022917651,2.5
3.7978451918171556,0.3623677718112102,2.5,488.0815041181068,4.300979075843678,1.2,0.022925968548998053,1.2,0.0,0.022917651,2.5
3.797978417305217,0.36423810470564105,2.5,488.49301084383467,4.2999892660085965,1.201,0.022925968529818104,1.201,0.0,0.022917651,2.5
3.798111440005262,0.3661084297149338,2.5,488.9053154989791,4.298998652902471,1.202,0.02292596851063815,1.202,0.0,0.022917651,2.5
3.798244259248936,0.36797874681310117,2.5,489.31842071337667,4.29800723387786,1.203,0.022925968491458202,1.203,0.0,0.022917651,2.5
3.7983768743649464,0.36984905597404005,2.5,489.7323291284329,4.297015006275677,1.2040000000000002,0.022925968472278253,1.204,0.0,0.022917651,2.5
3.7985092846790414,0.371719357171534,2.5,490.14704339718674,4.296021967425123,1.205,0.022925968453098296,1.205,0.0,0.022917651,2.5
3.7986414895139973,0.3735896503792492,2.5,490.56256618437396,4.29502811464362,1.2060000000000002,0.022925968433918344,1.206,0.0,0.022917651,2.5
3.7987731376780003,0.37545825373853564,2.5,490.97879225027964,4.294033724939785,1.207,0.0229259684147384,1.207,0.0,0.022917651,2.5
3.7989040003536894,0.3773242365342205,2.5,491.3956234045594,4.293038813707918,1.2080000000000002,0.022925968395558455,1.208,0.0,0.022917651,2.5
3.7990346438169236,0.3791903964569478,2.5,491.813225140051,4.292042848495903,1.2089999999999999,0.0229259683763785,1.209,0.0,0.022917651,2.5
3.7991650666395023,0.38105673466072526,2.5,492.2316024772036,4.2910458224369075,1.2100000000000002,0.02292596835719855,1.21,0.0,0.022917651,2.5
3.7992952673807907,0.3829232523096089,2.5,492.65076048017283,4.290047728604317,1.211,0.022925968338018597,1.211,0.0,0.022917651,2.5
3.799425244587585,0.38478995057780874,2.5,493.07070425729813,4.28904856001108,1.2120000000000002,0.022925968318838648,1.212,0.0,0.022917651,2.5
3.7995549967939746,0.3866568306498041,2.5,493.49143896158546,4.288048309609058,1.213,0.0229259682996587,1.213,0.0,0.022917651,2.5
3.7996845225212037,0.3885238937204518,2.5,493.912969791196,4.287046970288344,1.2140000000000002,0.022925968280478746,1.214,0.0,0.022917651,2.5
3.7998138202775293,0.3903911409951041,2.5,494.3353019899431,4.286044534876594,1.215,0.022925968261298793,1.215,0.0,0.022917651,2.5
3.799942888558078,0.3922585736897203,2.5,494.7584408477928,4.285040996138333,1.2160000000000002,0.022925968242118844,1.216,0.0,0.022917651,2.5
3.800071725844704,0.3941261930309875,2.5,495.18239170137497,4.284036346774265,1.217,0.022925968222938894,1.217,0.0,0.022917651,2.5
3.8002003306058385,0.39599400025643566,2.5,495.60715993449634,4.283030579420564,1.2180000000000002,0.022925968203758945,1.218,0.0,0.022917651,2.5
3.800328701296344,0.3978619966145606,2.5,496.0327509786653,4.28202368664816,1.2190000000000003,0.022925968184578996,1.219,0.0,0.022917651,2.5
3.8004568363573608,0.3997301833649431,2.5,496.45917031362006,4.281015660962015,1.2200000000000002,0.022925968165399047,1.22,0.0,0.022917651,2.5
3.800584734216159,0.4015985617783751,2.5,496.88642346786577,4.2800064948003875,1.221,0.0229259681462191,1.221,0.0,0.022917651,2.5
3.80071239328598,0.40346713313698135,2.5,497.3145160192176,4.2789961805340955,1.2220000000000002,0.022925968127039148,1.222,0.0,0.022917651,2.5
3.80083981196588,0.40533589873434955,2.5,497.7434535953525,4.277984710465753,1.223,0.022925968107859195,1.223,0.0,0.022917651,2.5
3.8009669886405715,0.4072048598756554,2.5,498.17324187436697,4.276972076829014,1.2240000000000002,0.022925968088679242,1.224,0.0,0.022917651,2.5
3.801093921680265,0.4090740178777959,2.5,498.60388658534345,4.275958271787792,1.225,0.022925968069499293,1.225,0.0,0.022917651,2.5
3.801220589344237,0.4109442710395171,2.5,499.03581224525453,4.274942310210299,1.2260000000000002,0.02292596805031934,1.226,0.0,0.022917651,2.5
3.801346919064139,0.4128181265844238,2.5,499.4702474931027,4.273921394991381,1.227,0.02292596803113939,1.227,0.0,0.022917651,2.5
3.8014729785556822,0.414692059233219,2.5,499.9055864702583,4.272899321781918,1.2280000000000002,0.02292596801195944,1.228,0.0,0.022917651,2.5
3.801598766313292,0.41656606941548674,2.5,500.34183421183633,4.271876084130182,1.229,0.022925967992779486,1.229,0.0,0.022917651,2.5
3.8017242808201903,0.4184401575640064,2.5,500.7789957904245,4.270851675536429,1.23,0.022925967973599543,1.23,0.0,0.022917651,2.5
3.80184952054829,0.42031432411478625,2.5,501.2170763164342,4.269826089452451,1.231,0.02292596795441959,1.231,0.0,0.022917651,2.5
3.8019744839580873,0.42218856950708966,2.5,501.65608093845236,4.268799319281124,1.2320000000000002,0.022925967935239638,1.232,0.0,0.022917651,2.5
3.8020991694985558,0.4240628941834695,2.5,502.0960148435996,4.267771358375947,1.233,0.02292596791605969,1.233,0.0,0.022917651,2.5
3.8022235756070417,0.42593729858979534,2.5,502.5368832578908,4.266742200040584,1.234,0.02292596789687974,1.234,0.0,0.022917651,2.5
3.8023477007091495,0.4278117831752878,2.5,502.97869144660064,4.265711837528391,1.235,0.02292596787769979,1.235,0.0,0.022917651,2.5
3.802471543218635,0.4296863483925469,2.5,503.4214447146327,4.264680264041949,1.236,0.022925967858519837,1.236,0.0,0.022917651,2.5
3.8025951015372925,0.4315609946975873,2.5,503.86514840689335,4.263647472732581,1.237,0.022925967839339888,1.237,0.0,0.022917651,2.5
3.802718374054843,0.4334357225498672,2.5,504.3098079086692,4.2626134566998655,1.2380000000000002,0.02292596782015994,1.238,0.0,0.022917651,2.5
3.802841359148817,0.4353105324123241,2.5,504.7554286460091,4.261578208991154,1.239,0.02292596780097999,1.239,0.0,0.022917651,2.5
3.802964055184442,0.4371854247514047,2.5,505.2020160861111,4.2605417226010704,1.24,0.022925967781800036,1.24,0.0,0.022917651,2.5
3.8030864605145247,0.43906040003710123,2.5,505.6495757377127,4.259503990471012,1.2410000000000003,0.022925967762620087,1.241,0.0,0.022917651,2.5
3.803208573479332,0.44093545874298207,2.5,506.09811315148613,4.258465005488644,1.2420000000000002,0.022925967743440134,1.242,0.0,0.022917651,2.5
3.8033305643199817,0.4428104494229624,2.5,506.5477312431185,4.257425599944534,1.2430000000000003,0.02292596772426019,1.243,0.0,0.022917651,2.5
3.8034531932819444,0.444684716894335,2.5,506.99883529952916,4.256389469480943,1.244,0.022925967705080236,1.244,0.0,0.022917651,2.5
3.8035755837418,0.4465590477970565,2.5,507.45091211099367,4.255352321583277,1.2450000000000003,0.022925967685900286,1.245,0.0,0.022917651,2.5
3.803697734456059,0.4484334424618409,2.5,507.9039667492043,4.254314150946896,1.246,0.022925967666720337,1.246,0.0,0.022917651,2.5
3.8038196441725756,0.45030790122170655,2.5,508.35800432117173,4.253274952230222,1.2470000000000003,0.022925967647540384,1.247,0.0,0.022917651,2.5
3.803941311630467,0.4521824244119934,2.5,508.81302996953247,4.252234720054417,1.248,0.02292596762836043,1.248,0.0,0.022917651,2.5
3.804062735560039,0.4540570123703863,2.5,509.2690488728606,4.2511934490030505,1.249,0.022925967609180482,1.249,0.0,0.022917651,2.5
3.80418391468271,0.45593166543693253,2.5,509.7260662459813,4.250151133621781,1.25,0.022925967590000533,1.25,0.0,0.022917651,2.5
3.8043048477109327,0.45780638395406553,2.5,510.18408734028975,4.249107768418014,1.2510000000000003,0.022925967570820584,1.2510000000000001,0.0,0.022917651,2.5
3.804425533348114,0.4596811682666225,2.5,510.64311744407115,4.24806334786057,1.252,0.02292596755164063,1.252,0.0,0.022917651,2.5
3.804545970288536,0.46155601872186924,2.5,511.1031618828264,4.247017866379347,1.2530000000000001,0.022925967532460678,1.2530000000000001,0.0,0.022917651,2.5
3.804666157217277,0.46343093566951793,2.5,511.56422601959855,4.245971318364975,1.254,0.022925967513280732,1.254,0.0,0.022917651,2.5
3.8047860928101285,0.4653059194617522,2.5,512.026315255306,4.244923698168468,1.2550000000000001,0.02292596749410078,1.2550000000000001,0.0,0.022917651,2.5
3.8049057757335145,0.4671809704532453,2.5,512.4894350290758,4.2438750001008785,1.256,0.02292596747492083,1.256,0.0,0.022917651,2.5
3.8050252046444077,0.46905608900118617,2.5,512.9535908185836,4.242825218432942,1.2570000000000001,0.02292596745574088,1.2570000000000001,0.0,0.022917651,2.5
3.8051443781902434,0.4709312754652976,2.5,513.418788140394,4.241774347394709,1.258,0.022925967436560928,1.258,0.0,0.022917651,2.5
3.8052632950088396,0.4728065302078629,2.5,513.885032550308,4.240722381175206,1.2590000000000001,0.02292596741738098,1.2590000000000001,0.0,0.022917651,2.5
3.805379719952867,0.47467804036435335,2.5,514.3519312384257,4.239664191917426,1.26,0.022925967398201026,1.26,0.0,0.022917651,2.5
3.805495642371212,0.4765494660355643,2.5,514.8198843084077,4.238604076975546,1.2610000000000001,0.022925967379021077,1.2610000000000001,0.0,0.022917651,2.5
3.805611231595706,0.4784211125657745,2.5,515.2889329211929,4.237542408340114,1.262,0.022925967359841128,1.262,0.0,0.022917651,2.5
3.8057264848364523,0.48029298180427893,2.5,515.759086249969,4.236479173001761,1.2630000000000001,0.02292596734066118,1.2630000000000001,0.0,0.022917651,2.5
3.8058413992723223,0.48216507562107475,2.5,516.2303535706218,4.2354143578054675,1.264,0.022925967321481226,1.264,0.0,0.022917651,2.5
3.8059559720505134,0.48403739590715533,2.5,516.7027442631775,4.234347949448527,1.2650000000000001,0.02292596730230128,1.2650000000000001,0.0,0.022917651,2.5
3.8060702002861055,0.485909944574802,2.5,517.1762678132667,4.233279934478466,1.2660000000000002,0.022925967283121323,1.266,0.0,0.022917651,2.5
3.8061840810616054,0.4877827235578879,2.5,517.6509338136162,4.23221029929092,1.2670000000000001,0.022925967263941378,1.2670000000000001,0.0,0.022917651,2.5
3.806297611426489,0.4896557348121805,2.5,518.1267519655638,4.231139030127503,1.268,0.022925967244761425,1.268,0.0,0.022917651,2.5
3.806410788396731,0.49152898031565523,2.5,518.6037320806006,4.230066113073602,1.2690000000000001,0.02292596722558148,1.2690000000000001,0.0,0.022917651,2.5
3.806523608954325,0.49340246206880894,2.5,519.0818840819376,4.228991534056169,1.27,0.022925967206401526,1.27,0.0,0.022917651,2.5
3.806636070046806,0.495276182094984,2.5,519.5612180061023,4.227915278841448,1.2710000000000004,0.022925967187221577,1.2710000000000001,0.0,0.022917651,2.5
3.8067481685867466,0.4971501424406921,2.5,520.0417440045586,4.226837333032682,1.272,0.022925967168041624,1.272,0.0,0.022917651,2.5
3.806859901451266,0.4990243451759508,2.5,520.5234723453588,4.225757682067768,1.2730000000000001,0.02292596714886167,1.2730000000000001,0.0,0.022917651,2.5
3.8069712654815113,0.5008987923946178,2.5,521.0064134148206,4.2246763112168795,1.274,0.022925967129681722,1.274,0.0,0.022917651,2.5
3.8070814716569825,0.502775002005277,2.5,521.4921496164592,4.223588547419521,1.2750000000000001,0.022925967110501773,1.2750000000000001,0.0,0.022917651,2.5
3.807190788192392,0.5046522643013811,2.5,521.9801028262993,4.22249617298188,1.2760000000000002,0.02292596709132182,1.276,0.0,0.022917651,2.5
3.8072996943986595,0.5065296048200889,2.5,522.469306811332,4.221402079054258,1.2770000000000001,0.02292596707214187,1.2770000000000001,0.0,0.022917651,2.5
3.807408187117429,0.5084070241634892,2.5,522.9597711989356,4.2203062524015165,1.278,0.022925967052961925,1.278,0.0,0.022917651,2.5
3.8075162631578463,0.5102845229398671,2.5,523.4515057155473,4.21920867965234,1.2790000000000001,0.02292596703378197,1.2790000000000001,0.0,0.022917651,2.5
3.807623919296142,0.5121621017637816,2.5,523.9445201879403,4.218109347297474,1.2800000000000002,0.02292596701460202,1.28,0.0,0.022917651,2.5
3.8077311522752044,0.5140397612561485,2.5,524.4388245445198,4.21700824168795,1.281,0.02292596699542207,1.281,0.0,0.022917651,2.5
3.807837958804148,0.5159175020443221,2.5,524.9344288166423,4.2159053490332665,1.282,0.022925966976242117,1.282,0.0,0.022917651,2.5
3.807944335557875,0.5177953247621778,2.5,525.4313431399513,4.214800655399555,1.2829999999999997,0.022925966957062168,1.283,0.0,0.022917651,2.5
3.8080502791766295,0.5196732300501994,2.5,525.9295777557381,4.213694146707708,1.284,0.02292596693788222,1.284,0.0,0.022917651,2.5
3.8081557862655426,0.5215512185555627,2.5,526.4291430123204,4.212585808731484,1.285,0.02292596691870227,1.285,0.0,0.022917651,2.5
3.8082608533941764,0.5234292909322261,2.5,526.9300493664445,4.211475627095583,1.286,0.022925966899522317,1.286,0.0,0.022917651,2.5
3.8083654770960536,0.5253074478410166,2.5,527.4323073847094,4.210363587273683,1.2869999999999997,0.022925966880342367,1.287,0.0,0.022917651,2.5
3.808469642263218,0.5271855863705347,2.5,527.9360432190788,4.2092497316108695,1.288,0.022925966861162418,1.288,0.0,0.022917651,2.5
3.8085731654868766,0.5290622121541618,2.5,528.4430262193575,4.208134818786069,1.289,0.022925966841982465,1.289,0.0,0.022917651,2.5
3.8086762197442274,0.530939004834572,2.5,528.9514795266618,4.207017863157562,1.29,0.022925966822802516,1.29,0.0,0.022917651,2.5
3.8087788006641676,0.5328159659673622,2.5,529.4614168453096,4.20589884568495,1.291,0.022925966803622563,1.291,0.0,0.022917651,2.5
3.8088809038211027,0.5346930971275241,2.5,529.972852050462,4.204777747090471,1.292,0.022925966784442614,1.292,0.0,0.022917651,2.5
3.808982524734094,0.5365703999097432,2.5,530.4857991907938,4.203654547855287,1.2929999999999997,0.022925966765262665,1.293,0.0,0.022917651,2.5
3.809083658865992,0.5384478759287112,2.5,531.0002724912141,4.202529228215703,1.294,0.022925966746082715,1.294,0.0,0.022917651,2.5
3.8091843016225515,0.5403255268194377,2.5,531.516286355638,4.2014017681593225,1.295,0.022925966726902766,1.295,0.0,0.022917651,2.5
3.80928444835153,0.5422033542375738,2.5,532.0338553698124,4.200272147421113,1.296,0.022925966707722817,1.296,0.0,0.022917651,2.5
3.8093840943417727,0.5440813598597355,2.5,532.552994304193,4.199140345479412,1.297,0.022925966688542864,1.297,0.0,0.022917651,2.5
3.8094832348222725,0.54595954538384,2.5,533.0737181168786,4.198006341551856,1.298,0.02292596666936291,1.298,0.0,0.022917651,2.5
3.8095818649612188,0.5478379125294421,2.5,533.5960419565994,4.196870114591218,1.299,0.022925966650182962,1.299,0.0,0.022917651,2.5
3.8096799798650265,0.5497164630380826,2.5,534.1199811657642,4.195731643281182,1.3,0.022925966631003013,1.3,0.0,0.022917651,2.5
3.8097386303970597,0.5513671600902317,2.5,534.7112612320309,4.194637395363127,1.3010000000000002,0.022925966649358965,1.301,0.0,0.022917651,2.5
3.8097962161019567,0.5530173401699398,2.5,535.3054279824064,4.1935394063501175,1.302,0.022925966667714914,1.302,0.0,0.022917651,2.5
3.809853320157598,0.5546676626324053,2.5,535.9011646441184,4.192439348300303,1.303,0.02292596668607087,1.303,0.0,0.022917651,2.5
3.809909937737138,0.5563181289045176,2.5,536.4984869500291,4.191337200478837,1.304,0.02292596670442682,1.304,0.0,0.022917651,2.5
3.8099660639490165,0.5579687404322943,2.5,537.0974108439276,4.190232941872884,1.3050000000000002,0.022925966722782767,1.305,0.0,0.022917651,2.5
3.8100216938358744,0.5596194986812061,2.5,537.6979524840771,4.189126551186948,1.306,0.022925966741138715,1.306,0.0,0.022917651,2.5
3.8100768223734405,0.5612704051365022,2.5,538.3001282468326,4.188018006838103,1.3070000000000002,0.02292596675949466,1.307,0.0,0.022917651,2.5
3.8101314444694014,0.5629214613035479,2.5,538.9039547303339,4.186907286951125,1.308,0.022925966777850616,1.308,0.0,0.022917651,2.5
3.810185497284691,0.564572555502741,2.5,539.5096231576085,4.185794251683102,1.3090000000000002,0.02292596679620656,1.309,0.0,0.022917651,2.5
3.810238144624946,0.5662221232989247,2.5,540.1196088829308,4.184677118384582,1.3100000000000003,0.022925966814562514,1.31,0.0,0.022917651,2.5
3.8102902533667304,0.5678719369970432,2.5,540.7312432875749,4.1835575848333555,1.3110000000000002,0.02292596683291847,1.311,0.0,0.022917651,2.5
3.8103418176119814,0.5695219992899099,2.5,541.3445444258325,4.1824356247448335,1.312,0.02292596685127441,1.312,0.0,0.022917651,2.5
3.810392831376206,0.5711723129097994,2.5,541.9595306165719,4.181311211449239,1.3130000000000002,0.022925966869630367,1.313,0.0,0.022917651,2.5
3.810443288586884,0.5728228806291745,2.5,542.5762204481024,4.180184317884521,1.314,0.02292596688798632,1.314,0.0,0.022917651,2.5
3.8104931830818507,0.5744737052614257,2.5,543.1946327831463,4.179054916589125,1.315,0.022925966906342268,1.315,0.0,0.022917651,2.5
3.8105425086076345,0.5761247896616322,2.5,543.8147867639221,4.177922979694586,1.3160000000000005,0.02292596692469822,1.316,0.0,0.022917651,2.5
3.810591208116345,0.5777758822836156,2.5,544.43703612028,4.176788530728536,1.317,0.02292596694305417,1.317,0.0,0.022917651,2.5
3.8106387261506214,0.5794242064124995,2.5,545.0651168001807,4.175652126431446,1.3180000000000003,0.022925966961410117,1.318,0.0,0.022917651,2.5
3.810685681969775,0.581072883803391,2.5,545.695006854707,4.174513119945123,1.3190000000000002,0.022925966979766073,1.319,0.0,0.022917651,2.5
3.8107320693501388,0.5827219183668688,2.5,546.3267263134669,4.173371482463575,1.3200000000000003,0.02292596699812202,1.32,0.0,0.022917651,2.5
3.8107778819758416,0.5843713140714426,2.5,546.9602955027973,4.172227184754062,1.3210000000000002,0.022925967016477974,1.321,0.0,0.022917651,2.5
3.8108231134371002,0.5860210749446343,2.5,547.5957350512801,4.171080197149166,1.322,0.022925967034833922,1.322,0.0,0.022917651,2.5
3.8108677572284635,0.5876712050740751,2.5,548.233065895381,4.169930489538682,1.323,0.02292596705318987,1.323,0.0,0.022917651,2.5
3.810911806747024,0.5893217086086349,2.5,548.8723092852146,4.168778031361319,1.324,0.022925967071545823,1.324,0.0,0.022917651,2.5
3.8109542622891293,0.5909727662554645,2.5,549.5152235963011,4.167618642964277,1.3250000000000002,0.022925967089901772,1.325,0.0,0.022917651,2.5
3.8109951750207682,0.5926243302765489,2.5,550.1616704898469,4.166452576818212,1.3260000000000003,0.02292596710825772,1.326,0.0,0.022917651,2.5
3.8110354422915322,0.5942762306943775,2.5,550.8100715533709,4.1652835924370635,1.327,0.022925967126613676,1.327,0.0,0.022917651,2.5
3.811075056546962,0.5959284714461311,2.5,551.460449658435,4.164111655665874,1.328,0.022925967144969625,1.328,0.0,0.022917651,2.5
3.8111140101142453,0.5975810565306704,2.5,552.112828034916,4.162936731814599,1.329,0.02292596716332557,1.329,0.0,0.022917651,2.5
3.811152295199895,0.5992339900097516,2.5,552.7672302780516,4.161758785647588,1.33,0.02292596718168152,1.33,0.0,0.022917651,2.5
3.81118990388736,0.6008872760092656,2.5,553.4236803556503,4.160577781372818,1.331,0.022925967200037475,1.331,0.0,0.022917651,2.5
3.8112262771624916,0.6025408032419567,2.5,554.0850254489719,4.159391594961837,1.3319999999999999,0.022925967218393423,1.332,0.0,0.022917651,2.5
3.8112615200870055,0.6041945893167199,2.5,554.7507885015426,4.158200628935159,1.3330000000000002,0.022925967236749376,1.333,0.0,0.022917651,2.5
3.811296079450436,0.6058487305521877,2.5,555.4186874784411,4.157006573531415,1.3340000000000003,0.022925967255105324,1.334,0.0,0.022917651,2.5
3.8113299474211426,0.6075032310174783,2.5,556.0887468512097,4.155809393355245,1.3350000000000002,0.02292596727346128,1.335,0.0,0.022917651,2.5
3.811363116047386,0.6091580948441101,2.5,556.7609914666546,4.154609052468504,1.3360000000000003,0.02292596729181723,1.336,0.0,0.022917651,2.5
3.811395577255023,0.6108133262271995,2.5,557.4354465540669,4.153405514379828,1.337,0.022925967310173177,1.337,0.0,0.022917651,2.5
3.811427306984416,0.6124688534244804,2.5,558.1122052943779,4.152198754558092,1.3380000000000003,0.022925967328529126,1.338,0.0,0.022917651,2.5
3.8114575927105534,0.6141212826723734,2.5,558.7943605043428,4.1509893150897135,1.339,0.02292596734688508,1.339,0.0,0.022917651,2.5
3.811487170448409,0.6157741622483057,2.5,559.4788328514994,4.149776593393224,1.3400000000000003,0.02292596736524103,1.34,0.0,0.022917651,2.5
3.811516032022131,0.6174274973526658,2.5,560.1656490941527,4.148560551565444,1.3409999999999997,0.02292596738359698,1.341,0.0,0.022917651,2.5
3.811544169129498,0.6190812932662251,2.5,560.8548364042066,4.147341151117337,1.342,0.022925967401952928,1.342,0.0,0.022917651,2.5
3.8115715733394633,0.620735555351694,2.5,561.5464223751854,4.146118352962635,1.343,0.02292596742030888,1.343,0.0,0.022917651,2.5
3.8115982360896465,0.6223902890553212,2.5,562.2404350304447,4.144892117406215,1.3440000000000003,0.022925967438664832,1.344,0.0,0.022917651,2.5
3.8116226767944985,0.6240443995979434,2.5,562.9400411097846,4.143657614262419,1.345,0.02292596745702078,1.345,0.0,0.022917651,2.5
3.811645986466049,0.6256987114833547,2.5,563.6428575655488,4.142418384929566,1.346,0.02292596747537673,1.346,0.0,0.022917651,2.5
3.811668505890704,0.6273534917563001,2.5,564.3481602575139,4.141175526120161,1.347,0.022925967493732678,1.347,0.0,0.022917651,2.5
3.8116902254708096,0.6290087461054091,2.5,565.0559793813508,4.139928993753727,1.348,0.02292596751208863,1.348,0.0,0.022917651,2.5
3.81171113545266,0.6306644803118041,2.5,565.7663456236917,4.138678743033066,1.349,0.022925967530444583,1.349,0.0,0.022917651,2.5
3.811731225923314,0.6323207002509885,2.5,566.4792901721494,4.137424728429636,1.35,0.02292596754880053,1.35,0.0,0.022917651,2.5
3.8117617765940746,0.6340225359917607,2.5,567.19680145553,4.136166942882965,1.351,0.022925967567156483,1.351,0.0,0.022917651,2.5
3.8117912951149178,0.6357242580449519,2.5,567.9171599115595,4.134905142644918,1.352,0.022925967585512436,1.352,0.0,0.022917651,2.5
3.8118195169396287,0.6374248528896673,2.5,568.6403540550192,4.133639282964583,1.3530000000000002,0.022925967603868384,1.353,0.0,0.022917651,2.5
3.8118464284164255,0.6391243086585139,2.5,569.3664137403872,4.132369321103633,1.354,0.022925967622224333,1.354,0.0,0.022917651,2.5
3.811872015701215,0.6408226133169213,2.5,570.0953692426991,4.1310952137216965,1.355,0.022925967640580285,1.355,0.0,0.022917651,2.5
3.811890404614492,0.6424783199872249,2.5,570.8262882733186,4.129834909666463,1.3560000000000003,0.022925967658936237,1.356,0.0,0.022917651,2.5
3.811904143110971,0.6441093386629098,2.5,571.55952146582,4.128580691049297,1.357,0.022925967677292186,1.357,0.0,0.022917651,2.5
3.811916888107935,0.6457416034579321,2.5,572.2956920881115,4.127321252178656,1.358,0.022925967695648135,1.358,0.0,0.022917651,2.5
3.811928623925879,0.6473751340386683,2.5,573.0348464989964,4.12605651066799,1.3589999999999998,0.022925967714004084,1.359,0.0,0.022917651,2.5
3.8119393345536112,0.6490099504875199,2.5,573.7770320379558,4.1247863823879385,1.3600000000000003,0.022925967732360036,1.36,0.0,0.022917651,2.5
3.8119484846847342,0.650648100546846,2.5,574.5230807435179,4.123506678713728,1.3610000000000002,0.022925967750715988,1.361,0.0,0.022917651,2.5
3.8119526872805767,0.6523025141105278,2.5,575.2781951432079,4.12219092403701,1.362,0.022925967769071937,1.362,0.0,0.022917651,2.5
3.8119558958164204,0.6539575005715043,2.5,576.0364776876139,4.120870620383605,1.363,0.022925967787427885,1.363,0.0,0.022917651,2.5
3.811958097160018,0.655613067498161,2.5,576.7979702302043,4.119545707658261,1.364,0.02292596780578384,1.364,0.0,0.022917651,2.5
3.8119592779467872,0.6572692225927839,2.5,577.562715364927,4.1182161247025135,1.3650000000000002,0.02292596782413979,1.365,0.0,0.022917651,2.5
3.8119591816636675,0.6589254709391743,2.5,578.3315941650131,4.11688133973504,1.366,0.02292596784249574,1.366,0.0,0.022917651,2.5
3.8119569023316293,0.6605799120858922,2.5,579.1077308652183,4.1155396267942255,1.367,0.02292596786085169,1.367,0.0,0.022917651,2.5
3.811953563708779,0.6622348642205962,2.5,579.8872488035058,4.1141931656726465,1.368,0.02292596787920764,1.368,0.0,0.022917651,2.5
3.8119491517694675,0.6638903341090755,2.5,580.6701927495104,4.112841893501525,1.369,0.02292596789756359,1.369,0.0,0.022917651,2.5
3.811943652239335,0.6655463286370937,2.5,581.4566082667402,4.1114857462972605,1.37,0.02292596791591954,1.37,0.0,0.022917651,2.5
3.8119370175915623,0.6671972425134698,2.5,582.2487781687097,4.110130141478231,1.3710000000000002,0.022925967934275492,1.371,0.0,0.022917651,2.5
3.811929243852844,0.6688427006651004,2.5,583.0468498008445,4.1087754383759485,1.3720000000000003,0.022925967952631444,1.372,0.0,0.022917651,2.5
3.811920355256473,0.6704885777310888,2.5,583.8485140631175,4.107415856947541,1.373,0.02292596797098739,1.373,0.0,0.022917651,2.5
3.81191033682136,0.672134879340669,2.5,584.6538192321077,4.106051331639671,1.3740000000000003,0.022925967989343342,1.374,0.0,0.022917651,2.5
3.8118991732967937,0.6737816112243848,2.5,585.4628144532512,4.104681795719204,1.375,0.02292596800769929,1.375,0.0,0.022917651,2.5
3.811883507559279,0.6754386636650626,2.5,586.2792319458165,4.103283925227408,1.3760000000000001,0.02292596802605524,1.3760000000000001,0.0,0.022917651,2.5
3.811866373213512,0.6770969248436264,2.5,587.0996189111816,4.101878971128737,1.377,0.022925968044411195,1.377,0.0,0.022917651,2.5
3.811847961908234,0.6787557813093155,2.5,587.9237923946224,4.100468313791623,1.3780000000000001,0.022925968062767144,1.3780000000000001,0.0,0.022917651,2.5
3.8118282558213585,0.6804152413703476,2.5,588.7518052432772,4.099051873617918,1.379,0.022925968081123096,1.379,0.0,0.022917651,2.5
3.8118064419633244,0.6820882260429163,2.5,589.5915388851031,4.097613479631385,1.3800000000000003,0.02292596809947904,1.3800000000000001,0.0,0.022917651,2.5
3.8117830400011754,0.6837668124486012,2.5,590.4381269597732,4.0961631321489405,1.381,0.022925968117834997,1.381,0.0,0.022917651,2.5
3.8117582935765104,0.6854468531323512,2.5,591.2890913832022,4.094705952546516,1.3820000000000001,0.02292596813619095,1.3820000000000001,0.0,0.022917651,2.5
3.8117321821633126,0.6871283702967446,2.5,592.1444989694543,4.093241836517592,1.383,0.022925968154546898,1.383,0.0,0.022917651,2.5
3.811701839628059,0.6888036287087647,2.5,593.012683425602,4.091767056200778,1.3840000000000001,0.022925968172902846,1.3840000000000001,0.0,0.022917651,2.5
3.8116693034978066,0.690478272522872,2.5,593.887710731207,4.0902841165674655,1.385,0.0229259681912588,1.385,0.0,0.022917651,2.5
3.811635249628048,0.6921542307378263,2.5,594.7676224642057,4.088793791695254,1.3860000000000001,0.022925968209614747,1.3860000000000001,0.0,0.022917651,2.5
3.8115995117762993,0.6938295011185679,2.5,595.6528635593305,4.087297418278457,1.3869999999999998,0.022925968227970696,1.387,0.0,0.022917651,2.5
3.811560445253827,0.6954805206124967,2.5,596.5476593951197,4.085811973909338,1.3880000000000003,0.022925968246326648,1.3880000000000001,0.0,0.022917651,2.5
3.811519791202042,0.6971320491719422,2.5,597.4474922918434,4.084319670178229,1.389,0.0229259682646826,1.389,0.0,0.022917651,2.5
3.8114775249549004,0.6987840947064486,2.5,598.3524405122226,4.082820400508629,1.3900000000000001,0.02292596828303855,1.3900000000000001,0.0,0.022917651,2.5
3.811435297959956,0.7004382052390099,2.5,599.265544217949,4.0813192267174525,1.3910000000000002,0.0229259683013945,1.391,0.0,0.022917651,2.5
3.811393413269031,0.7020946687895723,2.5,600.1870690536759,4.079817073544401,1.3920000000000003,0.02292596831975045,1.3920000000000001,0.0,0.022917651,2.5
3.811350062431784,0.7037518456755526,2.5,601.1137929434071,4.078308342465793,1.3930000000000002,0.022925968338106402,1.393,0.0,0.022917651,2.5
3.811305224758293,0.7054097459633779,2.5,602.045789255007,4.076792940655722,1.3940000000000003,0.022925968356462347,1.3940000000000001,0.0,0.022917651,2.5
3.811250531071937,0.7070632711225793,2.5,602.9851227343515,4.075242491869365,1.395,0.0229259683748183,1.395,0.0,0.022917651,2.5
3.8111932367412655,0.7087169825772827,2.5,603.9302392853705,4.07368145456545,1.3960000000000001,0.022925968393174248,1.3960000000000001,0.0,0.022917651,2.5
3.8111340252055874,0.7103713322019789,2.5,604.8810660967438,4.072112110468405,1.397,0.022925968411530204,1.397,0.0,0.022917651,2.5
3.8110760475882137,0.7120266255362268,2.5,605.8416330849286,4.070546750255093,1.3980000000000001,0.02292596842988615,1.3980000000000001,0.0,0.022917651,2.5
3.8110178642141306,0.7136828472738803,2.5,606.8097684717707,4.068979634628872,1.3990000000000002,0.022925968448242105,1.399,0.0,0.022917651,2.5
3.810958003843066,0.7153398951936453,2.5,607.7836691918508,4.067404984692527,1.4000000000000001,0.022925968466598053,1.4000000000000001,0.0,0.022917651,2.5
3.8109389500658457,0.7168247977659126,2.5,608.5548371968721,4.066143497775738,1.4010000000000002,0.022925968466323388,1.401,0.0,0.022917651,2.5
3.810916496018711,0.7183076365983625,2.5,609.3310522269951,4.0648704810845055,1.4020000000000001,0.02292596846604872,1.4020000000000001,0.0,0.022917651,2.5
3.810892965858004,0.7197915401287426,2.5,610.1098288642949,4.06359209503903,1.403,0.022925968465774053,1.403,0.0,0.022917651,2.5
3.8108680900104526,0.7212764236368912,2.5,610.8916416641623,4.062307345117753,1.4040000000000001,0.022925968465499384,1.4040000000000001,0.0,0.022917651,2.5
3.810840142784716,0.7227616661431426,2.5,611.6794924821404,4.061009943530427,1.4049999999999998,0.022925968465224718,1.405,0.0,0.022917651,2.5
3.8108110826056456,0.7242479576173926,2.5,612.4699702292913,4.059707041303956,1.4060000000000004,0.02292596846495005,1.4060000000000001,0.0,0.022917651,2.5
3.8107809010839278,0.7257353059666389,2.5,613.2630947071018,4.0583985969751595,1.407,0.022925968464675386,1.407,0.0,0.022917651,2.5
3.810747561793549,0.7272206876088284,2.5,614.0624785400706,4.0570794876377,1.4080000000000001,0.022925968464400724,1.408,0.0,0.022917651,2.5
3.810712899668608,0.7287068899855461,2.5,614.8648570300431,4.0557542662664945,1.409,0.022925968464126055,1.409,0.0,0.022917651,2.5
3.810677080172706,0.7301941825855178,2.5,615.6699411865703,4.054423325294033,1.41,0.02292596846385139,1.41,0.0,0.022917651,2.5
3.810638630419404,0.7316811040596227,2.5,616.4816536795249,4.053082236355683,1.4110000000000003,0.022925968463576724,1.411,0.0,0.022917651,2.5
3.8105987412603484,0.7331689645707397,2.5,617.2971425881268,4.051734451174314,1.4120000000000001,0.022925968463302054,1.412,0.0,0.022917651,2.5
3.8105577466471834,0.7346581258876891,2.5,618.1155508065408,4.050380943358232,1.413,0.02292596846302739,1.413,0.0,0.022917651,2.5
3.8105138792104616,0.7361467512654442,2.5,618.9426248992688,4.0490164868014515,1.414,0.02292596846275272,1.414,0.0,0.022917651,2.5
3.8104684100155874,0.7376362696178195,2.5,619.7746821942321,4.047644731957174,1.4150000000000005,0.022925968462478054,1.415,0.0,0.022917651,2.5
3.8104218133085146,0.7391272055186063,2.5,620.6102331678773,4.04626704941037,1.4159999999999997,0.022925968462203385,1.416,0.0,0.022917651,2.5
3.8103722387222705,0.7406157390815092,2.5,621.452786649705,4.04487984889507,1.4169999999999998,0.022925968461928715,1.417,0.0,0.022917651,2.5
3.810321159078018,0.7421046410645171,2.5,622.2996109367751,4.043486258040307,1.4180000000000001,0.022925968461654053,1.418,0.0,0.022917651,2.5
3.810268931641754,0.7435946484922573,2.5,623.150043734868,4.04208697061604,1.419,0.022925968461379388,1.419,0.0,0.022917651,2.5
3.8102146772175463,0.7450823621587949,2.5,624.0078878862655,4.040681864829887,1.4200000000000002,0.022925968461104722,1.42,0.0,0.022917651,2.5
3.8101592012541423,0.7465710810665455,2.5,624.8695471939636,4.039270867365172,1.421,0.022925968460830056,1.421,0.0,0.022917651,2.5
3.8101024931591723,0.748063075811397,2.5,625.7368110428649,4.03785166714418,1.4220000000000002,0.02292596846055539,1.422,0.0,0.022917651,2.5
3.8100442519018785,0.7495708979099727,2.5,626.6213585843442,4.036410518902986,1.4230000000000003,0.02292596846028072,1.423,0.0,0.022917651,2.5
3.809984745629324,0.7510794624434453,2.5,627.5093518193178,4.034963568194265,1.4239999999999997,0.022925968460006052,1.424,0.0,0.022917651,2.5
3.8099222528356407,0.7525792846478013,2.5,628.4064013160929,4.03351340992194,1.4250000000000003,0.022925968459731383,1.425,0.0,0.022917651,2.5
3.809855340719647,0.754062705141003,2.5,629.3170944010393,4.032061969104474,1.426,0.022925968459456717,1.426,0.0,0.022917651,2.5
3.809787176087479,0.7555474346784292,2.5,630.2310569165979,4.03060420934026,1.427,0.02292596845918205,1.427,0.0,0.022917651,2.5
3.809716754441162,0.7570317657588409,2.5,631.1512735502004,4.029137823956045,1.428,0.022925968458907386,1.428,0.0,0.022917651,2.5
3.809644518693027,0.7585164924110426,2.5,632.0763346296076,4.027663788394879,1.4290000000000003,0.022925968458632717,1.429,0.0,0.022917651,2.5
3.809570851656747,0.7600024450125464,2.5,633.004831567993,4.0261828013618794,1.4299999999999997,0.022925968458358054,1.43,0.0,0.022917651,2.5
3.809490750789165,0.7614873816568645,2.5,633.9407818438835,4.024677088570395,1.431,0.02292596845808339,1.431,0.0,0.022917651,2.5
3.809409353304824,0.7629736326758271,2.5,634.880165860492,4.023164875193391,1.432,0.02292596845780872,1.432,0.0,0.022917651,2.5
3.8093255113722715,0.7644582229927829,2.5,635.8253385703113,4.021644551744,1.433,0.022925968457534054,1.433,0.0,0.022917651,2.5
3.8092391296323873,0.7659408605343873,2.5,636.7765123824987,4.020116029126069,1.434,0.022925968457259388,1.434,0.0,0.022917651,2.5
3.8091514232943458,0.7674247320886921,2.5,637.7312088731801,4.0185809740400105,1.435,0.02292596845698472,1.435,0.0,0.022917651,2.5
3.8090612297753057,0.7689082730446839,2.5,638.692714172744,4.0170362853184045,1.436,0.022925968456710053,1.436,0.0,0.022917651,2.5
3.8089696269550744,0.7703930900225375,2.5,639.6577685374782,4.015484683249958,1.437,0.022925968456435387,1.437,0.0,0.022917651,2.5
3.8088760170196747,0.7718774757787039,2.5,640.628437323489,4.013925489704979,1.4380000000000002,0.02292596845616072,1.438,0.0,0.022917651,2.5
3.808780469934206,0.7733617650686293,2.5,641.6043633777331,4.012358648779873,1.439,0.022925968455886056,1.439,0.0,0.022917651,2.5
3.808683864065616,0.7748479182026894,2.5,642.5853649149,4.010785708063603,1.44,0.022925968455611387,1.44,0.0,0.022917651,2.5
3.808588396568544,0.7763388637948626,2.5,643.579209603379,4.009212523465984,1.441,0.022925968455336718,1.441,0.0,0.022917651,2.5
3.80849165040912,0.7778315284784902,2.5,644.5769956645725,4.007632505108188,1.442,0.022925968455062052,1.442,0.0,0.022917651,2.5
3.808392152062028,0.7793131656127446,2.5,645.5898131215188,4.00605250518829,1.443,0.02292596845478739,1.443,0.0,0.022917651,2.5
3.808290738029954,0.7807911480358007,2.5,646.6112886595316,4.004468496990214,1.444,0.022925968454512724,1.444,0.0,0.022917651,2.5
3.8081874990092017,0.782269928025103,2.5,647.6384102234223,4.002876392144473,1.4450000000000003,0.022925968454238055,1.445,0.0,0.022917651,2.5
3.8080819932064793,0.7837493959418103,2.5,648.6720989510657,4.001274534267165,1.4460000000000002,0.02292596845396339,1.446,0.0,0.022917651,2.5
3.8079749944910524,0.7852300560488004,2.5,649.7104472306934,3.9996655128124083,1.447,0.02292596845368872,1.447,0.0,0.022917651,2.5
3.8078646280686033,0.7867062062173421,2.5,650.7559274060757,3.998047529639225,1.448,0.022925968453414054,1.448,0.0,0.022917651,2.5
3.80775266184814,0.7881836976625303,2.5,651.8060850351831,3.996421805865313,1.449,0.022925968453139385,1.449,0.0,0.022917651,2.5
3.807637311315229,0.789661403593555,2.5,652.8635749409392,3.994782326416855,1.45,0.022925968452864723,1.45,0.0,0.022917651,2.5
3.807519592779969,0.7911399222967646,2.5,653.9268750671575,3.993132560471879,1.451,0.022925968452590054,1.451,0.0,0.022917651,2.5
3.807399870634371,0.7926227503847001,2.5,655.0006574653205,3.9914704723968293,1.452,0.022925968452315384,1.452,0.0,0.022917651,2.5
3.807278022132877,0.7941100896678174,2.5,656.0855979189766,3.9897953699178412,1.4530000000000003,0.02292596845204072,1.453,0.0,0.022917651,2.5
3.807153708184287,0.795592588336098,2.5,657.1791194171077,3.9881152495841143,1.4540000000000002,0.022925968451766053,1.454,0.0,0.022917651,2.5
3.8070255440262435,0.7970594877172327,2.5,658.2889361549369,3.986435337169932,1.455,0.022925968451491387,1.455,0.0,0.022917651,2.5
3.8068953778469248,0.7985280422945343,2.5,659.4032492811157,3.984745760011049,1.456,0.02292596845121672,1.456,0.0,0.022917651,2.5
3.8067613034706516,0.7999983898630845,2.5,660.525386144487,3.9830387406725563,1.457,0.022925968450942052,1.457,0.0,0.022917651,2.5
3.806625336763815,0.8014701660594067,2.5,661.6517763422238,3.9813227232822523,1.4579999999999997,0.022925968450667383,1.458,0.0,0.022917651,2.5
3.8064795795226978,0.8029401055463422,2.5,662.7882514279935,3.9795693956514855,1.459,0.02292596845039272,1.459,0.0,0.022917651,2.5
3.806331801542092,0.8044113452984643,2.5,663.9292873129882,3.9778066855991705,1.4600000000000002,0.022925968450118052,1.46,0.0,0.022917651,2.5
3.8061813958233386,0.8058802642050706,2.5,665.0798097006003,3.976035771245106,1.461,0.022925968449843386,1.461,0.0,0.022917651,2.5
3.806029312813032,0.8073503889506667,2.5,666.2350838405836,3.9742569408668285,1.462,0.02292596844956872,1.462,0.0,0.022917651,2.5
3.805878871532476,0.8088243947607126,2.5,667.4062475664612,3.9724808043216773,1.4630000000000003,0.02292596844929405,1.463,0.0,0.022917651,2.5
3.805727223350936,0.8103002781581393,2.5,668.5830249531577,3.9706979630866726,1.4640000000000002,0.022925968449019386,1.464,0.0,0.022917651,2.5
3.805567326902873,0.8117684364999165,2.5,669.786624455132,3.968889843259748,1.4649999999999999,0.02292596844874472,1.465,0.0,0.022917651,2.5
3.805404955917604,0.8132371452111823,2.5,670.9980753385064,3.9670712735924942,1.4660000000000002,0.02292596844847005,1.466,0.0,0.022917651,2.5
3.805242112201303,0.8146976970077621,2.5,672.2204343350305,3.9652589824195696,1.4670000000000003,0.02292596844819539,1.467,0.0,0.022917651,2.5
3.80507757214374,0.8161590572283611,2.5,673.4487349011306,3.963439098182533,1.468,0.02292596844792072,1.468,0.0,0.022917651,2.5
3.8049089432739187,0.8176161413769392,2.5,674.6857071391242,3.9616071365165895,1.469,0.022925968447646057,1.469,0.0,0.022917651,2.5
3.8047382506011056,0.8190740455436036,2.5,675.9287230502455,3.9597660982823863,1.47,0.022925968447371388,1.47,0.0,0.022917651,2.5
3.8045635147146992,0.8205290749070419,2.5,677.1802311537567,3.9579117471696947,1.471,0.02292596844709672,1.471,0.0,0.022917651,2.5
3.8043863152691144,0.8219855225122527,2.5,678.4409704798813,3.9560461275858976,1.4719999999999998,0.022925968446822056,1.472,0.0,0.022917651,2.5
3.8042051838153728,0.823443546592961,2.5,679.7194263510448,3.954163219516574,1.4730000000000003,0.022925968446547387,1.473,0.0,0.022917651,2.5
3.804019922507614,0.8248984570853816,2.5,681.0056816349045,3.952266903150098,1.4740000000000002,0.022925968446272718,1.474,0.0,0.022917651,2.5
3.8038289603078725,0.8263476827858506,2.5,682.3012717617328,3.950353463328407,1.4750000000000003,0.022925968445998056,1.475,0.0,0.022917651,2.5
3.803634357267122,0.8277891979047943,2.5,683.6034078556781,3.9484331626057374,1.476,0.022925968445723383,1.476,0.0,0.022917651,2.5
3.803436403058514,0.8292250488050844,2.5,684.9117416885052,3.946505115183782,1.477,0.02292596844544872,1.477,0.0,0.022917651,2.5
3.8032397720339004,0.8306589143241849,2.5,686.2294336153707,3.9445843580321163,1.478,0.022925968445174055,1.478,0.0,0.022917651,2.5
3.8030415756549965,0.8320930442734089,2.5,687.553774918552,3.942657077880461,1.4789999999999999,0.022925968444899383,1.479,0.0,0.022917651,2.5
3.80283247922197,0.8335248064135037,2.5,688.8996229654118,3.940688562821372,1.4800000000000002,0.02292596844462472,1.48,0.0,0.022917651,2.5
3.802624217286619,0.83495804040753,2.5,690.2645355806417,3.9387219139134255,1.4810000000000003,0.022925968444350055,1.481,0.0,0.022917651,2.5
3.8024208375252577,0.836393162496204,2.5,691.6638816734746,3.936772905672266,1.4819999999999998,0.022925968444075386,1.482,0.0,0.022917651,2.5
3.8022039930496025,0.8378232989457267,2.5,693.0674466820017,3.934775019972492,1.483,0.02292596844380072,1.483,0.0,0.022917651,2.5
3.8019759276744334,0.8392498120281879,2.5,694.4759752656196,3.9327358704345308,1.484,0.022925968443526054,1.484,0.0,0.022917651,2.5
3.801750373563247,0.8406652800229976,2.5,695.8971809165574,3.9307178245178562,1.485,0.022925968443251385,1.485,0.0,0.022917651,2.5
3.8015215318903817,0.8420788052413124,2.5,697.3272614697819,3.9286885709402517,1.486,0.02292596844297672,1.486,0.0,0.022917651,2.5
3.8012869889906447,0.8434888220370351,2.5,698.7683990204722,3.9266400174617946,1.487,0.022925968442702054,1.487,0.0,0.022917651,2.5
3.8010483569121507,0.8448969064516342,2.5,700.2215090223849,3.924577031921458,1.488,0.022925968442427384,1.488,0.0,0.022917651,2.5
3.800806515498244,0.8463042772016085,2.5,701.6839705934138,3.9225019202807427,1.489,0.02292596844234749,1.489,0.0,0.022917651,2.5
3.800562402432904,0.8477095774712652,2.5,703.1584257185557,3.9204198045344074,1.49,0.02292596844380016,1.49,0.0,0.022917651,2.5
3.800315980592068,0.8491129824621544,2.5,704.6403651618822,3.918330350103169,1.491,0.022925968444075386,1.491,0.0,0.022917651,2.5
3.8000672283269052,0.8505146927284992,2.5,706.1296233974651,3.9162332698485494,1.492,0.022925968443526054,1.492,0.0,0.022917651,2.5
3.7998183436225945,0.8519158573740659,2.5,707.6419829018815,3.9141361913992356,1.493,0.02292596845877535,1.493,0.0,0.022917651,2.5
3.799566274767442,0.8533137645194161,2.5,709.1818554421128,3.9120296328916027,1.4940000000000002,0.02292596846824605,1.494,0.0,0.022917651,2.5
3.7993104120134653,0.8547064009286307,2.5,710.7593096202845,3.9099131690030733,1.495,0.022925968467971385,1.495,0.0,0.022917651,2.5
3.7990539475507763,0.8560935333604001,2.5,712.3482753360773,3.9077998175657274,1.496,0.02292596846769672,1.496,0.0,0.022917651,2.5
3.7987909043068884,0.8574787746829573,2.5,713.9468233799004,3.9056620386207643,1.497,0.022925968467422054,1.497,0.0,0.022917651,2.5
3.7985159041657477,0.8588612715915462,2.5,715.5560329885644,3.903479163698363,1.4980000000000002,0.022925968467147385,1.498,0.0,0.022917651,2.5
3.79823454275651,0.860243222234643,2.5,717.175500524662,3.901271406385049,1.499,0.02292596846687272,1.499,0.0,0.022917651,2.5
3.7979511801622006,0.8616245030720024,2.5,718.8043910134031,3.8990563103290397,1.5,0.022925968466598053,1.5,0.0,0.022917651,2.5
3.797763152874252,0.8628946639486275,2.5,720.1110814113288,3.8973143227427327,1.5010000000000003,0.022925968466598053,1.5010000000000001,0.0,0.022917651,2.5
3.797574318397555,0.8641652128770928,2.5,721.424424515117,3.895568723827854,1.5020000000000002,0.022925968466598053,1.502,0.0,0.022917651,2.5
3.797384364980816,0.8654360928777476,2.5,722.7441453459256,3.893818321644743,1.5030000000000001,0.022925968466598053,1.5030000000000001,0.0,0.022917651,2.5
3.7971939615853785,0.8667066624806932,2.5,724.0701079456502,3.8920664247302086,1.5039999999999998,0.022925968466598053,1.504,0.0,0.022917651,2.5
3.7970025413795923,0.8679771524483894,2.5,725.401855938109,3.8903105371771876,1.5050000000000003,0.022925968466598053,1.5050000000000001,0.0,0.022917651,2.5
3.796809290897288,0.8692473300083468,2.5,726.7634356547323,3.888547644003062,1.5060000000000002,0.022925968466598046,1.506,0.0,0.022917651,2.5
3.7966141841566956,0.8705175557358837,2.5,728.1429424576006,3.886777279243448,1.507,0.022925968466598053,1.5070000000000001,0.0,0.022917651,2.5
3.7964178184451147,0.8717874162529787,2.5,729.541478175886,3.8850022479717885,1.5080000000000002,0.022925968466598057,1.508,0.0,0.022917651,2.5
3.7962198146784165,0.8730573673584296,2.5,730.9505885367391,3.8832205756040095,1.5090000000000003,0.022925968466598057,1.5090000000000001,0.0,0.022917651,2.5
3.7960222278159987,0.8743284990262294,2.5,732.3650952469521,3.8814393823791993,1.51,0.022925968466598057,1.51,0.0,0.022917651,2.5
3.795823482811499,0.875600310350082,2.5,733.7841873173968,3.8796528745175247,1.5110000000000003,0.022925968466598057,1.5110000000000001,0.0,0.022917651,2.5
3.795625951751732,0.8768757731400295,2.5,735.2104751663832,3.8778675740949677,1.512,0.022925968466598057,1.512,0.0,0.022917651,2.5
3.795427439513,0.878152473547012,2.5,736.6419150747026,3.8760771118730273,1.5130000000000001,0.022925968466598057,1.5130000000000001,0.0,0.022917651,2.5
3.7952279893469507,0.8794338273521728,2.5,738.0777929202269,3.8742782459446894,1.5140000000000002,0.022925968466598053,1.514,0.0,0.022917651,2.5
3.7950267970623184,0.8807163788733211,2.5,739.5180540947495,3.872471214226044,1.5150000000000003,0.022925968466598057,1.5150000000000001,0.0,0.022917651,2.5
3.7948154103380145,0.882006139451418,2.5,740.972136249385,3.870616193219353,1.516,0.022925968466598053,1.516,0.0,0.022917651,2.5
3.7946012591924934,0.8832972207510329,2.5,742.4330040411116,3.8687487937915668,1.517,0.02292596846659805,1.5170000000000001,0.0,0.022917651,2.5
3.794388342884266,0.8846006999306814,2.5,743.9033753491947,3.8668739442926223,1.518,0.022925968466598053,1.518,0.0,0.022917651,2.5
3.7941740501011996,0.885906155040754,2.5,745.3864061864965,3.86499161016379,1.5190000000000003,0.022925968466598057,1.5190000000000001,0.0,0.022917651,2.5
3.7939607600705947,0.8872229568788643,2.5,746.9168713602916,3.8631019268630804,1.5200000000000002,0.022925968466598057,1.52,0.0,0.022917651,2.5
3.793746956033548,0.8885454475083224,2.5,748.4545397135895,3.861204503472733,1.5210000000000001,0.022925968466598057,1.5210000000000001,0.0,0.022917651,2.5
3.7935350805267105,0.8898836544290546,2.5,750.0033891623343,3.8592990894712815,1.5220000000000002,0.022925968466598057,1.522,0.0,0.022917651,2.5
3.793322811375873,0.8912304375595966,2.5,751.5615111484524,3.857383517417556,1.5230000000000001,0.022925968466598057,1.5230000000000001,0.0,0.022917651,2.5
3.79311109246327,0.892591086566554,2.5,753.1315100826213,3.8554562696995713,1.5240000000000002,0.02292596846659805,1.524,0.0,0.022917651,2.5
3.7928994344518885,0.8939632912328631,2.5,754.7147302611983,3.8535177169634123,1.5250000000000004,0.02292596846659805,1.5250000000000001,0.0,0.022917651,2.5
3.792687727453468,0.8953466393103126,2.5,756.3106614075457,3.8515678309577868,1.5260000000000002,0.02292596846659805,1.526,0.0,0.022917651,2.5
3.7924769610417375,0.8967459152292904,2.5,757.9277086630245,3.849605775498241,1.5270000000000001,0.02292596846659805,1.5270000000000001,0.0,0.022917651,2.5
3.792265710837357,0.8981538412451958,2.5,759.5588408100599,3.8476331327266675,1.5279999999999998,0.022925968466598053,1.528,0.0,0.022917651,2.5
3.792055814093737,0.8995832641330592,2.5,761.233281379643,3.845644411288554,1.5290000000000001,0.02292596846659805,1.5290000000000001,0.0,0.022917651,2.5
3.7918445575326487,0.9010181732449454,2.5,762.9230759907368,3.8436447657357253,1.53,0.022925968466598053,1.53,0.0,0.022917651,2.5
3.7916399142807524,0.9024898022585262,2.5,764.6580322409012,3.8416348537598606,1.531,0.022925968466598053,1.5310000000000001,0.0,0.022917651,2.5
3.7914343467913167,0.9039666908006959,2.5,766.4009726116661,3.8396159848402993,1.5319999999999998,0.02292596846659805,1.532,0.0,0.022917651,2.5
3.7912365337583154,0.9054844244637394,2.5,768.1567540592267,3.8375872840509007,1.5330000000000001,0.022925968466598053,1.5330000000000001,0.0,0.022917651,2.5
3.7910371716389113,0.9070117900019484,2.5,769.9197987123694,3.83554275556691,1.534,0.022925968466598053,1.534,0.0,0.022917651,2.5
3.790839078306375,0.9085869610872086,2.5,771.696796044532,3.8334554990796756,1.5350000000000001,0.022925968466598057,1.5350000000000001,0.0,0.022917651,2.5
3.790644617800116,0.9101834697921828,2.5,773.4844202722561,3.8313614367635256,1.536,0.022925968466598053,1.536,0.0,0.022917651,2.5
3.7904628487072456,0.9118361516502619,2.5,775.2905198247048,3.829261967774353,1.5370000000000001,0.02292596846659805,1.537,0.0,0.022917651,2.5
3.790288555816963,0.9135289239817075,2.5,777.1238431241969,3.827152310643247,1.538,0.022925968466598053,1.538,0.0,0.022917651,2.5
3.790133971477085,0.915314038839998,2.5,779.0112662298383,3.8250291405572656,1.539,0.022925968466598053,1.539,0.0,0.022917651,2.5
3.789985682765164,0.9171342005303217,2.5,780.9089194666752,3.8228961076435577,1.54,0.022925968466598053,1.54,0.0,0.022917651,2.5
3.789864419393121,0.9190789264564498,2.5,782.8276583021196,3.8207466165640187,1.541,0.02292596846659805,1.541,0.0,0.022917651,2.5
3.789744889753177,0.921040353212577,2.5,784.7587398619282,3.8185873595129367,1.5420000000000003,0.02292596846659805,1.542,0.0,0.022917651,2.5
3.789668146133899,0.9232075685141683,2.5,786.7549322183295,3.816393456388425,1.5430000000000001,0.022925968466598057,1.543,0.0,0.022917651,2.5
3.7895894911912227,0.9253755138057876,2.5,788.761954474116,3.814191178077392,1.544,0.022925968466598057,1.544,0.0,0.022917651,2.5
3.7895710854730873,0.9278569078447985,2.5,791.0040874425849,3.8119164539171266,1.5450000000000002,0.022925968466598057,1.545,0.0,0.022917651,2.5
3.7895665655242294,0.9304065547123512,2.5,793.302559705753,3.8096290184645945,1.5460000000000003,0.022925968466598057,1.546,0.0,0.022917651,2.5
3.7896285900505586,0.9332540692922235,2.5,795.8259730494134,3.8073098880924423,1.547,0.02292596846659805,1.547,0.0,0.022917651,2.5
3.7897584832737814,0.9364012628037612,2.5,798.6055747149784,3.8049625496706585,1.548,0.02292596846659805,1.548,0.0,0.022917651,2.5
3.789973362883255,0.9399116725159458,2.5,801.7010825129165,3.8025919415343763,1.549,0.022925968466598053,1.549,0.0,0.022917651,2.5
3.7903168321452214,0.9439906338361965,2.5,805.2739751388734,3.8001671459457262,1.55,0.022925968466598053,1.55,0.0,0.022917651,2.5
3.7908365179151295,0.94884273724356,2.5,809.5026436962372,3.797674089461313,1.551,0.022925968466598053,1.551,0.0,0.022917651,2.5
3.7916277540851784,0.9548137193948708,2.5,814.6307068088831,3.7951483279029725,1.552,0.02292596846659805,1.552,0.0,0.022917651,2.5
3.792818063747759,0.9623535633604061,2.5,821.0116173943809,3.792650007334183,1.553,0.02292596846659805,1.553,0.0,0.022917651,2.5
3.794689430596588,0.9727647040567793,2.5,829.5954859083215,3.7900046271734644,1.554,0.022925968466598057,1.554,0.0,0.022917651,2.5
3.7979283168512428,0.9892419401052305,2.5,842.6449185928963,3.786763230288901,1.555,0.022925968466598057,1.555,0.0,0.022917651,2.5
3.805387568015123,1.0244782898982168,2.5,870.1251109070218,3.7816441719966534,1.556,0.022925968466598057,1.556,0.0,0.022917651,2.5
3.802060901581927,1.0619868729015651,2.5,880.9458870057742,3.7311092031247504,1.5570000000000002,0.022925968466598057,1.557,0.0,0.022917651,2.5
3.7907372971883553,1.0663789667009747,2.5,886.0192537360164,3.6817029798035037,1.5580000000000003,0.02292596846659805,1.558,0.0,0.022917651,2.5
3.784831212445717,1.0654373453492867,2.5,891.0957444394808,3.659300556954678,1.559,0.022925968492084902,1.559,0.0,0.022917651,2.5
3.779531886651276,1.0613039365278636,2.5,896.2974626626642,3.6425169417216976,1.56,0.022925968617223767,1.56,0.0,0.022917651,2.5
3.7739780330092585,1.0539728207687429,2.5,901.5668097961061,3.6279129365697025,1.5609999999999997,0.0229259690990089,1.561,0.0,0.022917651,2.5
3.767624740899176,1.0419840290363813,2.5,906.8175189593005,3.6147688391349386,1.562,0.022925971380758282,1.562,0.0,0.022917651,2.5
3.7599640666735135,1.0225733720138372,2.5,911.9527372424892,3.6038170812122865,1.563,0.02292598729772914,1.563,0.0,0.022917651,2.5
3.750601420163443,0.9919583346963399,2.5,916.8624815874165,3.5972618212192895,1.564,0.02292613202289565,1.564,0.0,0.022917651,2.5
3.7395446306687528,0.9486306533125191,2.5,921.4032826739367,3.596642624519519,1.565,0.022928059679423,1.565,0.0,0.022917651,2.5
3.727780938124469,0.9026653963099108,2.5,925.4822036277346,3.5958334129084633,1.566,0.02295009679207216,1.566,0.0,0.022917651,2.5
3.7167887081457587,0.8739521174398439,2.5,929.2012643954258,3.580858050320163,1.5670000000000002,0.023047691122359413,1.567,0.0,0.022917651,2.5
3.7076405179486254,0.8748622994561777,2.5,932.802136661635,3.543635409283137,1.568,0.023340162915555775,1.568,0.0,0.022917651,2.5
3.7005393571224263,0.9053307628686901,2.5,936.5397932116566,3.4850425764453536,1.5690000000000002,0.023966193379359336,1.569,0.0,0.022917651,2.5
3.6957018334701344,0.9556767240471157,2.5,940.5755252440138,3.415626822938179,1.5699999999999998,0.02504350890182668,1.57,0.0,0.022917651,2.5
3.692208877546615,1.0120120131669723,2.5,945.115135831497,3.345599999529663,1.571,0.026561489641646154,1.571,0.0,0.022917651,2.5
3.6893926748956614,1.0678901024168121,2.5,950.2934881924564,3.278737373513899,1.572,0.02811898804010408,1.572,0.0,0.022917651,2.5
3.686651934075334,1.1266402761999903,2.5,956.2475451680211,3.2093045287783997,1.5730000000000002,0.029673209207718085,1.573,0.0,0.022917651,2.5
3.6840219179813127,1.1837586972276009,2.5,963.1033776100261,3.1419463317594376,1.574,0.03088355826070862,1.574,0.0,0.022917651,2.5
3.6815500552810945,1.2364623224123215,2.5,970.9314463726992,3.0796355439651877,1.5750000000000002,0.031740955746354604,1.575,0.0,0.022917651,2.5
3.680338004229471,1.2635128833593576,2.5,979.4529295081198,3.0480170586915305,1.5760000000000003,0.03205225583421223,1.576,0.0,0.022917651,2.5
3.678665918522715,1.2982823521516884,2.5,988.3588920072627,3.0068395273894297,1.577,0.032392177802533284,1.577,0.0,0.022917651,2.5
3.675499974498272,1.3596431361095853,2.5,998.9189088516921,2.9330952623168796,1.5779999999999998,0.032798490625219626,1.578,0.0,0.022917651,2.5
3.6722200473870767,1.421708821973484,2.5,1011.3063907849245,2.858190163649498,1.5790000000000002,0.03309647599731021,1.579,0.0,0.022917651,2.5
3.668770073672128,1.4852165826503925,2.5,1026.0095163041706,2.781162788483666,1.5800000000000003,0.03330671131895342,1.58,0.0,0.022917651,2.5
3.6653675298315,1.545974934510919,2.5,1043.6657794774083,2.707074541086633,1.581,0.03342217282347207,1.581,0.0,0.022917651,2.5
3.661454454431392,1.613432203059212,2.5,1064.840117021913,2.6242452759562536,1.582,0.03348004385509899,1.582,0.0,0.022917651,2.5
3.657758325663378,1.676031102018782,2.5,1091.001870281351,2.5471421307257374,1.583,0.03347737026952796,1.583,0.0,0.022917651,2.5
3.6572147676057916,1.6885217731361972,2.5,1119.0822241132332,2.532757515351698,1.5839999999999999,0.03347469668395694,1.584,0.0,0.022917651,2.5
3.660003291482341,1.6483065293637131,2.5,1147.4594262212647,2.58440716147957,1.585,0.033472023098385914,1.585,0.0,0.022917651,2.5
3.6575998146278996,1.689600134957906,2.5,1179.1564160555913,2.533779924109456,1.586,0.03346934951281488,1.586,0.0,0.022917651,2.5
3.6562521117437288,1.7141992409071436,2.5,1219.7992643725643,2.5040702989570227,1.587,0.033466675927243866,1.587,0.0,0.022917651,2.5
3.6549623987092064,1.7379290474304216,2.5,1269.8793976465804,2.475461927664997,1.588,0.033464002341672835,1.588,0.0,0.022917651,2.5
3.6503488685258008,1.811320098949016,2.5,1334.0821446951836,2.3838970444125303,1.589,0.03346132875610181,1.589,0.0,0.022917651,2.5
3.644737725969714,1.8979672540112689,2.5,1419.692258233031,2.2750856103662462,1.59,0.03345865517053079,1.59,0.0,0.022917651,2.5
3.638140707142576,1.9970149995372735,2.5,1536.802286145334,2.1499300674555473,1.591,0.033455981584959764,1.591,0.0,0.022917651,2.5
3.630070869844823,2.1145766551521756,2.5,1704.463334659617,2.0003693530937388,1.592,0.03345330799938874,1.592,0.0,0.022917651,2.5
3.6197363538647465,2.2609354404146904,2.5,1962.5991158045288,1.8129527759301467,1.593,0.03345063441381771,1.593,0.0,0.022917651,2.5
3.605468668511074,2.45620842323425,2.5,2411.354715609238,1.5608893520128486,1.5940000000000003,0.033447960828246685,1.594,0.0,0.022917651,2.5
3.582652783194561,2.7476876909194368,2.5,3396.2364180934383,1.1784268356393952,1.595,0.03344528724267566,1.595,0.0,0.022917651,2.5
3.528243338661122,3.2869731019280644,2.5,7325.942328755502,0.42178391840800317,1.596,0.03344261365710463,1.596,0.0,0.022917651,2.5
