log_Teff,LogL_lsun,Age_gyr,Step,Log_g,Mass_msun,feh,Mass_input,Metallicity_input,Z_used,Age_input
3.5433061796544516,-1.4592451215097288,0.024999999999999998,233.0758052276616,4.50237593576246,0.3,0.022925991150733144,0.3,0.0,0.022917651,0.024999999999999998
3.544797226705158,-1.4406908038625224,0.024999999999999998,232.6991986401519,4.502279683602216,0.30999999999999994,0.022925993140495673,0.31,0.0,0.022917651,0.024999999999999998
3.546275477884383,-1.4224452666013279,0.024999999999999998,232.31142574930948,4.502441025401479,0.32,0.02292599530393028,0.32,0.0,0.022917651,0.024999999999999998
3.5477467552582844,-1.404488873914539,0.024999999999999998,231.93843639601621,4.502863616538816,0.33,0.0229259977919737,0.33,0.0,0.022917651,0.024999999999999998
3.549210707916453,-1.3866045431914165,0.024999999999999998,231.5844179500188,4.503328970139239,0.34,0.022926001057979335,0.34,0.0,0.022917651,0.024999999999999998
3.5506668682068003,-1.3689681311669226,0.024999999999999998,231.2436653359322,4.504011069229652,0.35000000000000003,0.02292600408839337,0.35000000000000003,0.0,0.022917651,0.024999999999999998
3.552118991269794,-1.3515527839969181,0.024999999999999998,230.9081530185587,4.50489808241916,0.36,0.022926007032615943,0.36,0.0,0.022917651,0.024999999999999998
3.5535612339832574,-1.334447980632921,0.024999999999999998,230.58834299793412,4.5060561216891575,0.37,0.022926010075923316,0.37,0.0,0.022917651,0.024999999999999998
3.5549902884598437,-1.3176354659020106,0.024999999999999998,230.28319170709497,4.507453700955254,0.38,0.02292601285194656,0.38,0.0,0.022917651,0.024999999999999998
3.556404207880352,-1.3012014630575903,0.024999999999999998,229.99638085936587,4.509169257017612,0.39,0.022926014985824538,0.39,0.0,0.022917651,0.024999999999999998
3.557819440709813,-1.2851897838475894,0.024999999999999998,229.72478912950427,4.511312385944156,0.4000000000000001,0.022926016671672343,0.4,0.0,0.022917651,0.024999999999999998
3.5591773215158464,-1.2697800629039226,0.024999999999999998,228.5246712157333,4.511025187382287,0.41000000000000003,0.022926018193379694,0.41000000000000003,0.0,0.022917651,0.024999999999999998
3.560531691374792,-1.254278953366496,0.024999999999999998,227.34061549839655,4.510632550924308,0.42,0.02292601913413354,0.42,0.0,0.022917651,0.024999999999999998
3.5618811748572154,-1.239063139456971,0.024999999999999998,226.16928726162507,4.510505666996479,0.42999999999999994,0.022926019794882704,0.43,0.0,0.022917651,0.024999999999999998
3.563222665002867,-1.2242480040228065,0.024999999999999998,225.00329059300563,4.510747501559392,0.44,0.022926019980004722,0.44,0.0,0.022917651,0.024999999999999998
3.564560149464109,-1.2097799827015099,0.024999999999999998,223.85990740949208,4.511320430393789,0.45000000000000007,0.02292601941295066,0.45,0.0,0.022917651,0.024999999999999998
3.565903473403659,-1.1952555203580806,0.024999999999999998,222.74290070285548,4.511860261478903,0.46,0.02292601855165786,0.46,0.0,0.022917651,0.024999999999999998
3.567251698340012,-1.18100298135047,0.024999999999999998,221.6515291013498,4.512691617202407,0.47000000000000003,0.022926017281445797,0.47000000000000003,0.0,0.022917651,0.024999999999999998
3.5686092632328554,-1.1669167396379052,0.024999999999999998,220.5721117156764,4.513726626379829,0.48000000000000004,0.022926015695698063,0.48,0.0,0.022917651,0.024999999999999998
3.569978511823736,-1.1529806420337383,0.024999999999999998,219.5218151359387,4.5149585221988335,0.49,0.02292601239506194,0.49,0.0,0.022917651,0.024999999999999998
3.5713606515803993,-1.139298136321286,0.024999999999999998,218.50328853032735,4.516495581225734,0.5,0.022926007243128047,0.5,0.0,0.022917651,0.024999999999999998
3.572814403167453,-1.1252653115478386,0.024999999999999998,218.475184347338,4.516195886684873,0.51,0.022926005922712038,0.51,0.0,0.022917651,0.024999999999999998
3.5742677698403194,-1.111236003222604,0.024999999999999998,218.4469711723726,4.515898168905669,0.52,0.022926004606134427,0.52,0.0,0.022917651,0.024999999999999998
3.575720781652456,-1.097209936787168,0.024999999999999998,218.4186575153428,4.515602273545868,0.5300000000000001,0.022926003293095513,0.53,0.0,0.022917651,0.024999999999999998
3.577173465607985,-1.0831868655408403,0.024999999999999998,218.39025102271307,4.515308061923359,0.54,0.022926001983326023,0.54,0.0,0.022917651,0.024999999999999998
3.578625846038872,-1.0691665671948727,0.024999999999999998,218.36175858430187,4.515015409079135,0.5500000000000002,0.022926000676583302,0.55,0.0,0.022917651,0.024999999999999998
3.580077944927469,-1.0551488409257899,0.024999999999999998,218.33318642461353,4.514724202120832,0.56,0.02292599937264814,0.56,0.0,0.022917651,0.024999999999999998
3.581529782183442,-1.0411335048454784,0.024999999999999998,218.3045401812528,4.514434338800552,0.5700000000000001,0.022925998071322007,0.5700000000000001,0.0,0.022917651,0.024999999999999998
3.5829813758824383,-1.027120393820845,0.024999999999999998,218.27582497250418,4.51414572628918,0.5800000000000001,0.022925996772424646,0.58,0.0,0.022917651,0.024999999999999998
3.584432742472507,-1.0131093575879653,0.024999999999999998,218.24704545578348,4.513858280116267,0.59,0.02292599547579203,0.59,0.0,0.022917651,0.024999999999999998
3.5858838969532636,-0.9991002591153381,0.024999999999999998,218.2182058783691,4.513571923249931,0.6,0.022925994181274594,0.6,0.0,0.022917651,0.024999999999999998
3.588791227691212,-0.9740232564587924,0.024999999999999998,217.9938838821465,4.5068189428194385,0.61,0.02292599166816959,0.61,0.0,0.022917651,0.024999999999999998
3.5913039111516394,-0.9522863264679216,0.024999999999999998,217.77702160734634,4.501827411772724,0.6200000000000001,0.02292598956259085,0.62,0.0,0.022917651,0.024999999999999998
3.593452756009931,-0.9336858659888552,0.024999999999999998,217.56134842946602,4.498517016108038,0.6300000000000001,0.022925987949277745,0.63,0.0,0.022917651,0.024999999999999998
3.595306204377409,-0.9179476657634634,0.024999999999999998,217.35959948973886,4.496887288368305,0.64,0.02292598644901424,0.64,0.0,0.022917651,0.024999999999999998
3.596958494362506,-0.9042428090289782,0.024999999999999998,217.1645577768911,4.496486262761919,0.65,0.022925985237456918,0.65,0.0,0.022917651,0.024999999999999998
3.5984806326520604,-0.8918829903584147,0.024999999999999998,216.97316551107318,4.496909679272122,0.66,0.022925984400856962,0.66,0.0,0.022917651,0.024999999999999998
3.599915871002229,-0.8804464980177332,0.024999999999999998,216.78417703743264,4.49790882752734,0.67,0.02292598341569431,0.67,0.0,0.022917651,0.024999999999999998
3.601322096006154,-0.8693223065194896,0.024999999999999998,216.58716918346056,4.49910422263169,0.68,0.022925982752370764,0.68,0.0,0.022917651,0.024999999999999998
3.6026847814817637,-0.8586615416092024,0.024999999999999998,216.38989402203282,4.5005888771001485,0.6900000000000001,0.022925982304520247,0.6900000000000001,0.0,0.022917651,0.024999999999999998
3.604023221521897,-0.8482229008803791,0.024999999999999998,216.18786743127325,4.502198662041556,0.7,0.022925982092291387,0.7000000000000001,0.0,0.022917651,0.024999999999999998
3.607393772342091,-0.8242826111792636,0.024999999999999998,216.70025135589728,4.497539764655623,0.71,0.022925980754227436,0.71,0.0,0.022917651,0.024999999999999998
3.6106661095227213,-0.800812498647168,0.024999999999999998,217.19974811127196,4.492958196708116,0.7200000000000001,0.022925979113154533,0.72,0.0,0.022917651,0.024999999999999998
3.613809452330036,-0.7780317181628165,0.024999999999999998,217.68355662317083,4.48854998428045,0.73,0.022925978046478026,0.73,0.0,0.022917651,0.024999999999999998
3.6167768163289518,-0.7563236984067377,0.024999999999999998,218.1531205463718,4.484510620817412,0.7400000000000001,0.022925977203372385,0.74,0.0,0.022917651,0.024999999999999998
3.6195158924041406,-0.7360277054100276,0.024999999999999998,218.6057493006467,4.480970133839978,0.75,0.022925976175388142,0.75,0.0,0.022917651,0.024999999999999998
3.6219749844514117,-0.7175831159558237,0.024999999999999998,219.0413645552321,4.478161097755977,0.76,0.022925974922247176,0.76,0.0,0.022917651,0.024999999999999998
3.624122470722412,-0.7013993519373284,0.024999999999999998,219.46449942119108,4.4763664647006856,0.77,0.022925974204906364,0.77,0.0,0.022917651,0.024999999999999998
3.6259567713076684,-0.6876331654813124,0.024999999999999998,219.88049256149372,4.475736683453842,0.7800000000000001,0.022925973371194796,0.78,0.0,0.022917651,0.024999999999999998
3.6275265577635065,-0.6760116013285822,0.024999999999999998,220.29356124600193,4.476193465031908,0.79,0.02292597289739619,0.79,0.0,0.022917651,0.024999999999999998
3.6288835764038203,-0.6662558705772197,0.024999999999999998,220.70779949369413,4.477664995547319,0.8000000000000002,0.022925972145727752,0.8,0.0,0.022917651,0.024999999999999998
3.632128282014227,-0.6449175290033718,0.024999999999999998,220.8258853048037,4.474420730779174,0.8100000000000002,0.02292597253077756,0.81,0.0,0.022917651,0.024999999999999998
3.635412505333697,-0.623397979696879,0.024999999999999998,220.94874556120658,4.471153328729978,0.8200000000000001,0.022925972901231457,0.8200000000000001,0.0,0.022917651,0.024999999999999998
3.6387606390951457,-0.6015304836729682,0.024999999999999998,221.07548102687556,4.467793620505807,0.8300000000000003,0.022925973132712985,0.8300000000000001,0.0,0.022917651,0.024999999999999998
3.6421669925992126,-0.5793995093844806,0.024999999999999998,221.2094942616029,4.4644033126651905,0.8400000000000001,0.02292597335755254,0.84,0.0,0.022917651,0.024999999999999998
3.6456426702440186,-0.5569585626423316,0.024999999999999998,221.35243681463933,4.460980328600788,0.8500000000000001,0.022925973582730137,0.85,0.0,0.022917651,0.024999999999999998
3.6492304698952696,-0.5339618779916714,0.024999999999999998,221.50386642298258,4.457450094874289,0.86,0.022925973806956643,0.86,0.0,0.022917651,0.024999999999999998
3.6529330451448145,-0.510448457749876,0.024999999999999998,221.66865600643072,4.453862230277286,0.8700000000000001,0.022925974032067448,0.87,0.0,0.022917651,0.024999999999999998
3.6567980223108574,-0.4861654662549222,0.024999999999999998,221.85040675465052,4.450154406545988,0.88,0.022925974258255037,0.88,0.0,0.022917651,0.024999999999999998
3.6608523523141105,-0.4610453646735443,0.024999999999999998,222.05428705405313,4.446366884382506,0.89,0.022925974484897287,0.89,0.0,0.022917651,0.024999999999999998
3.665161363841806,-0.43479492860993424,0.024999999999999998,222.28641261377786,4.442467748064588,0.9000000000000001,0.022925974711151136,0.9,0.0,0.022917651,0.024999999999999998
3.6695037297540094,-0.408849748697477,0.024999999999999998,222.61492368112522,4.438467773591212,0.91,0.022925974149953246,0.91,0.0,0.022917651,0.024999999999999998
3.673991681026165,-0.38219944839683617,0.024999999999999998,222.96655217199853,4.434345018545087,0.9200000000000002,0.022925973575172776,0.92,0.0,0.022917651,0.024999999999999998
3.6786306794422856,-0.3548155933304441,0.024999999999999998,223.3445493553274,4.430092896204998,0.9300000000000003,0.022925973002476976,0.93,0.0,0.022917651,0.024999999999999998
3.683432886510636,-0.3266259372321683,0.024999999999999998,223.75066370837894,4.425687823425048,0.9400000000000002,0.022925972438869232,0.9400000000000001,0.0,0.022917651,0.024999999999999998
3.6883987943130743,-0.29763303391377344,0.024999999999999998,224.1895825820865,4.421134314420967,0.9500000000000001,0.022925971864963656,0.9500000000000001,0.0,0.022917651,0.024999999999999998
3.6935459419904264,-0.2676817032844692,0.024999999999999998,224.66208270458665,4.416347312727688,0.96,0.022925971280118005,0.96,0.0,0.022917651,0.024999999999999998
3.6988752324674303,-0.23679888332181884,0.024999999999999998,225.17382405885255,4.4113573934782275,0.9700000000000002,0.022925970699151466,0.97,0.0,0.022917651,0.024999999999999998
3.7044035742954065,-0.20487086943347507,0.024999999999999998,225.72787264230655,4.406118496206418,0.9800000000000001,0.02292597011179507,0.98,0.0,0.022917651,0.024999999999999998
3.7101496067399897,-0.17176521943838804,0.024999999999999998,226.3279879759518,4.400572744247072,0.99,0.02292596952266323,0.99,0.0,0.022917651,0.024999999999999998
3.7161163257855874,-0.13743699884315053,0.024999999999999998,227.03279365369946,4.39468714106263,1.0,0.02292596893353139,1.0,0.0,0.022917651,0.024999999999999998
3.721013556590185,-0.1065214208009827,0.024999999999999998,229.1025858510103,4.387499739199658,1.0100000000000002,0.022925969092370897,1.01,0.0,0.022917651,0.024999999999999998
3.7260257126280396,-0.0747159559793581,0.024999999999999998,231.40617903573158,4.379882170275385,1.0200000000000002,0.022925969257184063,1.02,0.0,0.022917651,0.024999999999999998
3.731145563826171,-0.04205135768304326,0.024999999999999998,234.08850873513862,4.371836251180926,1.03,0.022925969429276563,1.03,0.0,0.022917651,0.024999999999999998
3.736355907598428,-0.008620669293952535,0.024999999999999998,237.32416785745602,4.363386210000855,1.04,0.0229259695853694,1.04,0.0,0.022917651,0.024999999999999998
3.741660955475377,0.02545569996783012,0.024999999999999998,241.34958897059516,4.354669300827687,1.0500000000000003,0.022925969741462236,1.05,0.0,0.022917651,0.024999999999999998
3.747027155485738,0.05981521394336416,0.024999999999999998,246.31859664171537,4.345913857338062,1.06,0.022925969897555076,1.06,0.0,0.022917651,0.024999999999999998
3.752410627048431,0.09387704878900137,0.024999999999999998,252.00371452879887,4.337525180867101,1.07,0.022925970053647913,1.07,0.0,0.022917651,0.024999999999999998
3.757757164647214,0.12678514768215862,0.024999999999999998,258.314842297247,4.330142493511377,1.08,0.02292597020974075,1.08,0.0,0.022917651,0.024999999999999998
3.7629810924819838,0.15740135344503156,0.024999999999999998,270.3799100878686,4.32456126009509,1.09,0.02292597036583359,1.09,0.0,0.022917651,0.024999999999999998
3.7678914252790907,0.18378058117444057,0.024999999999999998,280.92623658774585,4.321962650515564,1.1000000000000003,0.022925970521926423,1.1,0.0,0.022917651,0.024999999999999998
3.7715686198116782,0.2011941803375193,0.024999999999999998,286.2174203350416,4.323036667768681,1.1100000000000003,0.022925970324633588,1.11,0.0,0.022917651,0.024999999999999998
3.7748568991081366,0.21416500139824962,0.024999999999999998,290.29730426568335,4.326997826273127,1.1200000000000003,0.02292597012734075,1.12,0.0,0.022917651,0.024999999999999998
3.777818135925389,0.22353943782945054,0.024999999999999998,293.4143070405218,4.333247187132196,1.1300000000000001,0.02292596993004791,1.1300000000000001,0.0,0.022917651,0.024999999999999998
3.7804236157606033,0.22923073102512814,0.024999999999999998,295.78897160330496,4.341756686207511,1.1400000000000003,0.022925969732755076,1.1400000000000001,0.0,0.022917651,0.024999999999999998
3.782625913507647,0.23142817764946957,0.024999999999999998,297.60702090871985,4.352147284516135,1.1500000000000001,0.022925969535462238,1.1500000000000001,0.0,0.022917651,0.024999999999999998
3.7844245686277835,0.23119957714485898,0.024999999999999998,299.0009555120303,4.363349362022651,1.1600000000000001,0.0229259693381694,1.16,0.0,0.022917651,0.024999999999999998
3.7859113970840026,0.22987604490022723,0.024999999999999998,300.162870102282,4.374399055441843,1.1700000000000002,0.022925969140876565,1.17,0.0,0.022917651,0.024999999999999998
3.7871187686531216,0.22833102283001297,0.024999999999999998,301.1892867150451,4.384552435448726,1.1800000000000002,0.022925968943583726,1.18,0.0,0.022917651,0.024999999999999998
3.788110910348904,0.22758473430340015,0.024999999999999998,302.1777818510197,4.3930461416845,1.19,0.022925968746290888,1.19,0.0,0.022917651,0.024999999999999998
3.789009607044944,0.22855478632705795,0.024999999999999998,303.12398101835555,4.399449723114503,1.2,0.022925968548998053,1.2,0.0,0.022917651,0.024999999999999998
3.7898484395859,0.23382173235098652,0.024999999999999998,303.21194760016243,4.401014313944893,1.2100000000000002,0.02292596835719855,1.21,0.0,0.022917651,0.024999999999999998
3.790978992194256,0.2441063040730665,0.024999999999999998,303.1527770231597,4.398728162350064,1.2200000000000002,0.022925968165399047,1.22,0.0,0.022917651,0.024999999999999998
3.7922156698803398,0.25601116238629446,0.024999999999999998,303.0514673319086,4.3952462249995925,1.23,0.022925967973599543,1.23,0.0,0.022917651,0.024999999999999998
3.793505909980781,0.2687337959476384,0.024999999999999998,302.9288895978323,4.391160762323197,1.24,0.022925967781800036,1.24,0.0,0.022917651,0.024999999999999998
3.7948269427825227,0.2819265634499155,0.024999999999999998,302.79408499725156,4.386728336663287,1.25,0.022925967590000533,1.25,0.0,0.022917651,0.024999999999999998
3.796167302800894,0.295414413232642,0.024999999999999998,302.65160613336667,4.382078137684986,1.26,0.022925967398201026,1.26,0.0,0.022917651,0.024999999999999998
3.7975205882182452,0.3090996042197473,0.024999999999999998,302.50399497769934,4.377282299162118,1.27,0.022925967206401526,1.27,0.0,0.022917651,0.024999999999999998
3.798882943415249,0.3229232699450401,0.024999999999999998,302.3527824820931,4.372384265064503,1.2800000000000002,0.02292596701460202,1.28,0.0,0.022917651,0.024999999999999998
3.8002519075806505,0.3368478394633512,0.024999999999999998,302.19894576155946,4.367411763080131,1.29,0.022925966822802516,1.29,0.0,0.022917651,0.024999999999999998
3.801646791120094,0.3509466051096573,0.024999999999999998,302.0214851630345,4.36236874285315,1.3,0.022925966631003013,1.3,0.0,0.022917651,0.024999999999999998
3.8034933875124466,0.3675607744311788,0.024999999999999998,302.54240177247243,4.356359427168573,1.3100000000000003,0.022925966814562514,1.31,0.0,0.022917651,0.024999999999999998
3.805348354989244,0.384184369587608,0.024999999999999998,303.0619266385249,4.350374170029775,1.3200000000000003,0.02292596699812202,1.32,0.0,0.022917651,0.024999999999999998
3.8072126767773695,0.40081849769168904,0.024999999999999998,303.5798962937796,4.344415797236583,1.33,0.02292596718168152,1.33,0.0,0.022917651,0.024999999999999998
3.8090874963580017,0.41746444630238605,0.024999999999999998,304.09612062757935,4.338487595160612,1.3400000000000003,0.02292596736524103,1.34,0.0,0.022917651,0.024999999999999998
3.810974151502927,0.4341237217497427,0.024999999999999998,304.6103772272787,4.3325934085658195,1.35,0.02292596754880053,1.35,0.0,0.022917651,0.024999999999999998
3.8128742173704224,0.4507980976608158,0.024999999999999998,305.12240421329386,4.3267377644663245,1.3600000000000003,0.022925967732360036,1.36,0.0,0.022917651,0.024999999999999998
3.8147895616046323,0.46748967700153476,0.024999999999999998,305.63189107849706,4.320926030482355,1.37,0.02292596791591954,1.37,0.0,0.022917651,0.024999999999999998
3.816722415528887,0.48420097224032144,0.024999999999999998,306.1384668518984,4.315164619450242,1.3800000000000003,0.02292596809947904,1.3800000000000001,0.0,0.022917651,0.024999999999999998
3.8186754671979406,0.5009350101248471,0.024999999999999998,306.6416846281475,4.309461256855115,1.3900000000000001,0.02292596828303855,1.3900000000000001,0.0,0.022917651,0.024999999999999998
3.8206519845615077,0.5176954703640769,0.024999999999999998,307.1410010908525,4.3038253348036095,1.4000000000000001,0.022925968466598053,1.4000000000000001,0.0,0.022917651,0.024999999999999998
3.823018675706658,0.5336190146297467,0.024999999999999998,307.7436984563128,4.30036488044945,1.41,0.02292596846385139,1.41,0.0,0.022917651,0.024999999999999998
3.825407686349885,0.5494447363900452,0.024999999999999998,308.33401474074907,4.297091526704852,1.4200000000000002,0.022925968461104722,1.42,0.0,0.022917651,0.024999999999999998
3.827823251715019,0.5651916333130996,0.024999999999999998,308.91439205239476,4.294003216672251,1.4299999999999997,0.022925968458358054,1.43,0.0,0.022917651,0.024999999999999998
3.8302950192245,0.5810113417571283,0.024999999999999998,309.4990369423633,4.291066903144839,1.44,0.022925968455611387,1.44,0.0,0.022917651,0.024999999999999998
3.8328328627073147,0.5969166535562296,0.024999999999999998,310.0886991567548,4.288309289507628,1.45,0.022925968452864723,1.45,0.0,0.022917651,0.024999999999999998
3.835396905209614,0.6126805335824287,0.024999999999999998,310.67240880253166,4.2857979021883725,1.4600000000000002,0.022925968450118052,1.46,0.0,0.022917651,0.024999999999999998
3.837981696844177,0.6282470770063395,0.024999999999999998,311.2495125274517,4.283566846853213,1.47,0.022925968447371388,1.47,0.0,0.022917651,0.024999999999999998
3.8406432310680203,0.6438337297156944,0.024999999999999998,311.8318350491724,4.281622652299925,1.4800000000000002,0.02292596844462472,1.48,0.0,0.022917651,0.024999999999999998
3.843392369948514,0.6594368317911703,0.024999999999999998,312.41974512129195,4.280012426596133,1.49,0.022925968441878053,1.49,0.0,0.022917651,0.024999999999999998
3.8462536692066287,0.6750823362051248,0.024999999999999998,313.01602235770645,4.278808439801119,1.5,0.02292596843913139,1.5,0.0,0.022917651,0.024999999999999998
3.8495431428941034,0.6887363788145696,0.024999999999999998,314.2516965061607,4.281115164330388,1.51,0.022925968441878056,1.51,0.0,0.022917651,0.024999999999999998
3.852818695502003,0.7022562320845565,0.024999999999999998,315.48785405549097,4.283500394040245,1.5200000000000002,0.022925968444624724,1.52,0.0,0.022917651,0.024999999999999998
3.8560815496644394,0.7156536813413007,0.024999999999999998,316.72445255048376,4.285957234126922,1.53,0.022925968447371384,1.53,0.0,0.022917651,0.024999999999999998
3.859197667861522,0.728693890411412,0.024999999999999998,317.94814705405366,4.288184371172314,1.54,0.022925968450118052,1.54,0.0,0.022917651,0.024999999999999998
3.8622588488448977,0.7416053091052042,0.024999999999999998,319.16797950748145,4.290320549817905,1.55,0.022925968452864723,1.55,0.0,0.022917651,0.024999999999999998
3.865308629002389,0.75447807844216,0.024999999999999998,320.38800474419713,4.292449774429599,1.56,0.022925968455611387,1.56,0.0,0.022917651,0.024999999999999998
3.8683488190060022,0.7673183366888567,0.024999999999999998,321.60819214648,4.294573149442692,1.5699999999999998,0.022925968458358054,1.57,0.0,0.022917651,0.024999999999999998
3.8713808653792983,0.7801309876308488,0.024999999999999998,322.8285172542103,4.296691557176937,1.5800000000000003,0.022925968461104722,1.58,0.0,0.022917651,0.024999999999999998
3.874405937658521,0.792919996053152,0.024999999999999998,324.04896029100985,4.298805711001239,1.59,0.02292596846385139,1.59,0.0,0.022917651,0.024999999999999998
3.8774249916623833,0.8056886022279074,0.024999999999999998,325.26950509437637,4.300916193925618,1.6000000000000003,0.022925968466598053,1.6,0.0,0.022917651,0.024999999999999998
3.880168056094234,0.8171108198671504,0.024999999999999998,326.21001622228135,4.3030991256118565,1.61,0.02292596789119954,1.61,0.0,0.022917651,0.024999999999999998
3.88291400303488,0.8284881791482797,0.024999999999999998,327.1555268321884,4.305338445760717,1.6200000000000003,0.022925967315801026,1.62,0.0,0.022917651,0.024999999999999998
3.885637723771361,0.8398331944625878,0.024999999999999998,328.1027782931114,4.307521205536221,1.6300000000000001,0.02292596674040251,1.6300000000000001,0.0,0.022917651,0.024999999999999998
3.8883498930047433,0.8511477688967676,0.024999999999999998,329.052386517576,4.309688200463534,1.6400000000000003,0.022925966165003992,1.6400000000000001,0.0,0.022917651,0.024999999999999998
3.8910518944324277,0.8624355488132324,0.024999999999999998,330.0040692005386,4.3118413189358185,1.65,0.022925965589605475,1.6500000000000001,0.0,0.022917651,0.024999999999999998
3.893662390316532,0.873768175096895,0.024999999999999998,330.93919036584555,4.313583568513822,1.6600000000000004,0.02292596501420696,1.6600000000000001,0.0,0.022917651,0.024999999999999998
3.8962686805654014,0.885090779087813,0.024999999999999998,331.8763814548566,4.315319018488868,1.6700000000000002,0.02292596443880844,1.67,0.0,0.022917651,0.024999999999999998
3.898873544672794,0.8964021661326472,0.024999999999999998,332.8160567901638,4.317059981470545,1.6800000000000002,0.02292596386340993,1.68,0.0,0.022917651,0.024999999999999998
3.9014770743776594,0.907703057780329,0.024999999999999998,333.75805656844415,4.318806102825426,1.6900000000000002,0.022925963288011414,1.69,0.0,0.022917651,0.024999999999999998
3.9040793537157725,0.9189941149924515,0.024999999999999998,334.70223440480993,4.3205570576981,1.7,0.022925962712612897,1.7,0.0,0.022917651,0.024999999999999998
3.9061866765616204,0.9295672139335841,0.024999999999999998,335.23293320686463,4.320895605357708,1.7100000000000004,0.02292596346882425,1.71,0.0,0.022917651,0.024999999999999998
3.9084355226939365,0.9399446403942504,0.024999999999999998,335.8206126306964,4.3219959218134205,1.7200000000000002,0.02292596422503561,1.72,0.0,0.022917651,0.024999999999999998
3.9107205785773385,0.950272002642947,0.024999999999999998,336.422870956579,4.3232911422964575,1.73,0.022925964981246952,1.73,0.0,0.022917651,0.024999999999999998
3.913020254309561,0.9605791512423295,0.024999999999999998,337.03101557931654,4.324665056151535,1.7399999999999998,0.022925965737458306,1.74,0.0,0.022917651,0.024999999999999998
3.9153272781238826,0.9708761402595902,0.024999999999999998,337.6421187136694,4.326078522081708,1.7500000000000002,0.02292596649366966,1.75,0.0,0.022917651,0.024999999999999998
3.9176385149430555,0.9811673043053568,0.024999999999999998,338.25491810340156,4.327514665097141,1.76,0.02292596724988101,1.76,0.0,0.022917651,0.024999999999999998
3.91995239108354,0.9914548191810049,0.024999999999999998,338.86878014630724,4.328965014627059,1.77,0.022925968006092364,1.77,0.0,0.022917651,0.024999999999999998
3.9222680298385084,1.001739897036171,0.024999999999999998,339.4833518594844,4.330424851674865,1.78,0.022925968762303718,1.78,0.0,0.022917651,0.024999999999999998
3.9245849040832255,1.0120232666823914,0.024999999999999998,340.0984210100509,4.331891338918288,1.79,0.02292596951851507,1.79,0.0,0.022917651,0.024999999999999998
3.9269026778276155,1.0223053926652084,0.024999999999999998,340.7138523204564,4.333362667843951,1.8000000000000003,0.02292597027472642,1.8,0.0,0.022917651,0.024999999999999998
3.9284861691526487,1.0331084969855528,0.024999999999999998,340.2617433605326,4.331241637318149,1.8100000000000003,0.02292596989936741,1.81,0.0,0.022917651,0.024999999999999998
3.930241320535204,1.04346908926647,0.024999999999999998,339.9024041602458,4.330249757691246,1.8200000000000003,0.022925969524008407,1.82,0.0,0.022917651,0.024999999999999998
3.93218050284977,1.053304988291533,0.024999999999999998,339.69724125975057,4.330518698718251,1.83,0.022925969148649396,1.83,0.0,0.022917651,0.024999999999999998
3.9342526648364045,1.0627752810744515,0.024999999999999998,339.54646966053133,4.331685164018022,1.84,0.022925968773290388,1.84,0.0,0.022917651,0.024999999999999998
3.936386659712416,1.0720755742628847,0.024999999999999998,339.4209889291763,4.333268960163992,1.85,0.02292596839793138,1.85,0.0,0.022917651,0.024999999999999998
3.9385326005732244,1.0813907352745222,0.024999999999999998,339.28346092154675,4.334885671566032,1.86,0.022925968022572372,1.86,0.0,0.022917651,0.024999999999999998
3.9406473571220126,1.0909197065369447,0.024999999999999998,339.08761708747227,4.336163833474159,1.8699999999999999,0.022925967647213368,1.87,0.0,0.022917651,0.024999999999999998
3.942781061586822,1.1004021488430356,0.024999999999999998,338.8974254535172,4.33756431581609,1.8800000000000001,0.02292596727185436,1.8800000000000001,0.0,0.022917651,0.024999999999999998
3.944927946920841,1.1098522238910489,0.024999999999999998,338.71116569842627,4.339049888763124,1.8900000000000001,0.022925966896495353,1.8900000000000001,0.0,0.022917651,0.024999999999999998
3.947084370875642,1.1192788756734477,0.024999999999999998,338.52775133242494,4.340597039364956,1.9000000000000001,0.022925966521136345,1.9000000000000001,0.0,0.022917651,0.024999999999999998
3.948942474360169,1.1283934764965233,0.024999999999999998,338.2011416720683,4.3411424941195875,1.9100000000000001,0.022925965762178317,1.9100000000000001,0.0,0.022917651,0.024999999999999998
3.950807207224266,1.1374281667739026,0.024999999999999998,337.88328168459174,4.341794376426194,1.9200000000000004,0.0229259650032203,1.92,0.0,0.022917651,0.024999999999999998
3.9526810565624064,1.1463529670671704,0.024999999999999998,337.57745391896253,4.342592613908999,1.9299999999999997,0.022925964244262267,1.93,0.0,0.022917651,0.024999999999999998
3.9545017358244126,1.1555080087982885,0.024999999999999998,337.22083818930685,4.342947928192081,1.94,0.022925963485304242,1.94,0.0,0.022917651,0.024999999999999998
3.956303794871496,1.164690707670662,0.024999999999999998,336.8694144858189,4.3432011048344785,1.95,0.022925962726346213,1.95,0.0,0.022917651,0.024999999999999998
3.9581192904607647,1.173690830752074,0.024999999999999998,336.56863351380684,4.343690604596688,1.9600000000000002,0.022925961967388192,1.96,0.0,0.022917651,0.024999999999999998
3.9599536373693494,1.1824348020284228,0.024999999999999998,336.3389037310711,4.344511663068839,1.97,0.022925961208430164,1.97,0.0,0.022917651,0.024999999999999998
3.961815611307222,1.1908033771162083,0.024999999999999998,336.2133010523418,4.345818628232008,1.9800000000000002,0.022925960449472142,1.98,0.0,0.022917651,0.024999999999999998
3.9636776246838465,1.1989821803507714,0.024999999999999998,336.1575013873584,4.34731552446791,1.9900000000000002,0.022925959690514114,1.99,0.0,0.022917651,0.024999999999999998
3.9654434368393603,1.2078929856434069,0.024999999999999998,335.9506055664654,4.3476956088470935,2.0,0.022925958931556085,2.0,0.0,0.022917651,0.024999999999999998
3.9670857108116855,1.2162982588481444,0.024999999999999998,335.34445916748047,4.347978361969585,2.0100000000000007,0.022925958931556085,2.0100000000000002,0.0,0.022917651,0.024999999999999998
3.9687320788766147,1.224695887256285,0.024999999999999998,334.7347160081918,4.348285136307182,2.0200000000000005,0.022925958931556092,2.02,0.0,0.022917651,0.024999999999999998
3.970383010870234,1.2330849935546693,0.024999999999999998,334.1209633261264,4.34861868852291,2.0300000000000002,0.022925958931556085,2.0300000000000002,0.0,0.022917651,0.024999999999999998
3.972032182578141,1.2415489977283838,0.024999999999999998,333.48233277101485,4.348870300985728,2.04,0.02292595893155609,2.04,0.0,0.022917651,0.024999999999999998
3.973674755259288,1.2501740669836188,0.024999999999999998,332.79945632711247,4.348934450259779,2.05,0.022925958931556085,2.05,0.0,0.022917651,0.024999999999999998
3.975332728997846,1.2586911998284689,0.024999999999999998,332.13896573643984,4.349168140536183,2.06,0.02292595893155609,2.06,0.0,0.022917651,0.024999999999999998
3.9770035913357713,1.267118004515101,0.024999999999999998,331.49720907331897,4.349543713671486,2.07,0.022925958931556085,2.07,0.0,0.022917651,0.024999999999999998
3.97868534812468,1.2754684567864,0.024999999999999998,330.87128778917065,4.350039217282348,2.0800000000000005,0.02292595893155609,2.08,0.0,0.022917651,0.024999999999999998
3.9803763964245475,1.2837537906497076,0.024999999999999998,330.2588719673462,4.3506370055636285,2.0900000000000003,0.02292595893155609,2.09,0.0,0.022917651,0.024999999999999998
3.982075433055576,1.291983139279827,0.024999999999999998,329.658067400785,4.351322732590673,2.1,0.022925958931556085,2.1,0.0,0.022917651,0.024999999999999998
3.983619207215245,1.3001268559373398,0.024999999999999998,330.3721360430063,4.351374451076144,2.1100000000000003,0.022925959304168436,2.11,0.0,0.022917651,0.024999999999999998
3.985162338906292,1.3081960892722022,0.024999999999999998,331.1116102984406,4.35149808287635,2.1200000000000006,0.022925959676780787,2.12,0.0,0.022917651,0.024999999999999998
3.9867046930432672,1.3161751784213407,0.024999999999999998,331.88183195120314,4.3517087484845085,2.13,0.022925960049393127,2.13,0.0,0.022917651,0.024999999999999998
3.9882460938156856,1.324043741145511,0.024999999999999998,332.68975320573736,4.352026126861409,2.14,0.02292596042200548,2.14,0.0,0.022917651,0.024999999999999998
3.989774598178841,1.331953283499697,0.024999999999999998,333.50434850360966,4.352250938584413,2.15,0.022925960794617825,2.15,0.0,0.022917651,0.024999999999999998
3.9912881512634586,1.3399559871221969,0.024999999999999998,334.304804539315,4.35232278310127,2.16,0.022925961167230176,2.16,0.0,0.022917651,0.024999999999999998
3.9927956191185086,1.3479217734056992,0.024999999999999998,335.11733348140166,4.352407204361917,2.17,0.02292596153984252,2.17,0.0,0.022917651,0.024999999999999998
3.9942966039999384,1.3558482293513388,0.024999999999999998,335.9427244417126,4.352505024410125,2.1800000000000006,0.02292596191245487,2.18,0.0,0.022917651,0.024999999999999998
3.9957906727284107,1.3637327269845672,0.024999999999999998,336.78183683459173,4.352617138526089,2.1900000000000004,0.022925962285067217,2.19,0.0,0.022917651,0.024999999999999998
3.997277352653221,1.371572398869387,0.024999999999999998,337.6356083843527,4.352744523568078,2.2000000000000006,0.02292596265767956,2.2,0.0,0.022917651,0.024999999999999998
3.998688511440505,1.3791449671996607,0.024999999999999998,336.9456705279534,4.352747106128478,2.21,0.022925962657679565,2.21,0.0,0.022917651,0.024999999999999998
4.0000995819458645,1.386717696020504,0.024999999999999998,336.2558002685619,4.3527491750717,2.22,0.022925962657679565,2.22,0.0,0.022917651,0.024999999999999998
4.0015105572026854,1.3942905979967435,0.024999999999999998,335.566002940476,4.352750689866555,2.23,0.022925962657679568,2.23,0.0,0.022917651,0.024999999999999998
4.002921429491548,1.4018636871617698,0.024999999999999998,334.8762844544174,4.352751605602062,2.2400000000000007,0.022925962657679565,2.24,0.0,0.022917651,0.024999999999999998
4.004332190235703,1.409436979107524,0.024999999999999998,334.1866513775551,4.3527518723793985,2.25,0.02292596265767956,2.25,0.0,0.022917651,0.024999999999999998
4.005742829878669,1.4170104912070498,0.024999999999999998,333.49711102723904,4.352751434599706,2.2600000000000002,0.022925962657679565,2.2600000000000002,0.0,0.022917651,0.024999999999999998
4.007153337740212,1.4245842428762876,0.024999999999999998,332.80767158126787,4.352750230126243,2.2700000000000005,0.022925962657679565,2.27,0.0,0.022917651,0.024999999999999998
4.008563701846169,1.4321582558834547,0.024999999999999998,332.1183422081947,4.3527481892942905,2.2800000000000002,0.02292596265767956,2.2800000000000002,0.0,0.022917651,0.024999999999999998
4.009973908726378,1.4397325547163964,0.024999999999999998,331.4291332220531,4.352745233735518,2.29,0.022925962657679565,2.29,0.0,0.022917651,0.024999999999999998
4.011383943173512,1.447307167021006,0.024999999999999998,330.74005626701404,4.35274127497491,2.3000000000000003,0.02292596265767956,2.3000000000000003,0.0,0.022917651,0.024999999999999998
4.012698390296898,1.4545146410265917,0.024999999999999998,330.4399767866597,4.352639930831748,2.31,0.022925963044025242,2.31,0.0,0.022917651,0.024999999999999998
4.014011676479525,1.4617246365047563,0.024999999999999998,330.1415022320884,4.352531421464661,2.32,0.022925963430370924,2.32,0.0,0.022917651,0.024999999999999998
4.01532448838383,1.468947690117267,0.024999999999999998,329.84531020393126,4.352407957166912,2.33,0.022925963816716598,2.33,0.0,0.022917651,0.024999999999999998
4.016636089287266,1.4761713693051552,0.024999999999999998,329.55083586900554,4.352279023184094,2.3400000000000003,0.022925964203062275,2.34,0.0,0.022917651,0.024999999999999998
4.017946409519794,1.4833957100583695,0.024999999999999998,329.25817804784265,4.35214430484,2.35,0.022925964589407953,2.35,0.0,0.022917651,0.024999999999999998
4.019255373962644,1.4906207511815497,0.024999999999999998,328.9674432895034,4.352003462848317,2.36,0.02292596497575363,2.36,0.0,0.022917651,0.024999999999999998
4.020562901505021,1.4978465345746803,0.024999999999999998,328.67874664218317,4.35185613085876,2.37,0.02292596536209931,2.37,0.0,0.022917651,0.024999999999999998
4.021868904434486,1.5050731055480011,0.024999999999999998,328.3922125178965,4.351701912703657,2.3800000000000003,0.022925965748444993,2.38,0.0,0.022917651,0.024999999999999998
4.0231732877513755,1.5123005131761689,0.024999999999999998,328.10797566492096,4.351540379301357,2.39,0.022925966134790667,2.39,0.0,0.022917651,0.024999999999999998
4.024475948395958,1.5195288106974854,0.024999999999999998,327.82618226399757,4.351371065165591,2.4,0.022925966521136345,2.4,0.0,0.022917651,0.024999999999999998
4.025716744699161,1.5264314104529302,0.024999999999999998,327.3984192019229,4.3512045279944465,2.41,0.022925966521136345,2.41,0.0,0.022917651,0.024999999999999998
4.02695437234302,1.5333322029941352,0.024999999999999998,326.9737312223152,4.351027123078707,2.4200000000000004,0.02292596652113635,2.42,0.0,0.022917651,0.024999999999999998
4.028188644667412,1.540231081861302,0.024999999999999998,326.5522994728498,4.35083821021874,2.43,0.02292596652113634,2.43,0.0,0.022917651,0.024999999999999998
4.029419360057469,1.5471279320653393,0.024999999999999998,326.13431961430206,4.350637097923715,2.44,0.022925966521136345,2.44,0.0,0.022917651,0.024999999999999998
4.0306463004153,1.554022629216222,0.024999999999999998,325.7200033036949,4.35042303816996,2.4499999999999997,0.022925966521136345,2.45,0.0,0.022917651,0.024999999999999998
4.031869229440379,1.560915038542228,0.024999999999999998,325.30957986312484,4.350195220503124,2.46,0.022925966521136345,2.46,0.0,0.022917651,0.024999999999999998
4.033093272700931,1.5678241507466804,0.024999999999999998,324.90442695091775,4.349955157782678,2.4700000000000006,0.022925966521136345,2.47,0.0,0.022917651,0.024999999999999998
4.034315901328108,1.5747420522566513,0.024999999999999998,324.5043328421948,4.349700648227357,2.48,0.02292596652113635,2.48,0.0,0.022917651,0.024999999999999998
4.035533941772359,1.5816584384826273,0.024999999999999998,324.10898848534544,4.349429301695938,2.49,0.02292596652113635,2.49,0.0,0.022917651,0.024999999999999998
4.036747079476043,1.5885732055394375,0.024999999999999998,323.7187195148926,4.34913996387535,2.5,0.022925966521136345,2.5,0.0,0.022917651,0.024999999999999998
4.037921505564192,1.5951853716439814,0.024999999999999998,324.1736201530365,4.348928836334517,2.5100000000000002,0.02292596671018918,2.5100000000000002,0.0,0.022917651,0.024999999999999998
4.039092761063949,1.60179721568095,0.024999999999999998,324.6320581689554,4.34870534839448,2.5200000000000005,0.02292596689924202,2.52,0.0,0.022917651,0.024999999999999998
4.04026065887252,1.608408718644488,0.024999999999999998,325.0942423104201,4.348468770643241,2.5300000000000002,0.022925967088294853,2.5300000000000002,0.0,0.022917651,0.024999999999999998
4.041424996869969,1.6150198600033034,0.024999999999999998,325.5603980796065,4.3482183151251235,2.5399999999999996,0.022925967277347692,2.54,0.0,0.022917651,0.024999999999999998
4.042585556381735,1.6216306175444894,0.024999999999999998,326.0307694484294,4.3479531293469895,2.5500000000000007,0.022925967466400528,2.5500000000000003,0.0,0.022917651,0.024999999999999998
4.043746561921982,1.6282516989073714,0.024999999999999998,326.50637931797957,4.347679402539458,2.56,0.022925967655453367,2.56,0.0,0.022917651,0.024999999999999998
4.044905972545064,1.634878815649987,0.024999999999999998,326.98722131615364,4.347393260498841,2.57,0.022925967844506203,2.57,0.0,0.022917651,0.024999999999999998
4.046060620573428,1.6415050533685278,0.024999999999999998,327.473148560875,4.347088947878927,2.5800000000000005,0.022925968033559042,2.58,0.0,0.022917651,0.024999999999999998
4.047210157366558,1.6481303477150002,0.024999999999999998,327.96453331203463,4.3467651345224025,2.59,0.02292596822261188,2.59,0.0,0.022917651,0.024999999999999998
4.048354199403681,1.6547546279036234,0.024999999999999998,328.46178507281036,4.34642035719442,2.6,0.022925968411664714,2.6,0.0,0.022917651,0.024999999999999998
4.049445758831617,1.6610843206198715,0.024999999999999998,327.3193697886889,4.34609594432426,2.61,0.02292596841166472,2.61,0.0,0.022917651,0.024999999999999998
4.050535836325503,1.6674148988786353,0.024999999999999998,326.1795453973946,4.345764718610133,2.6200000000000006,0.02292596841166472,2.62,0.0,0.022917651,0.024999999999999998
4.051624371114896,1.6737463989938193,0.024999999999999998,325.0424181450249,4.345426400674185,2.63,0.022925968411664714,2.63,0.0,0.022917651,0.024999999999999998
4.052711299060571,1.6800788592923706,0.024999999999999998,323.90810016737083,4.3450806956514025,2.6400000000000006,0.022925968411664714,2.64,0.0,0.022917651,0.024999999999999998
4.053796552417825,1.686412320255726,0.024999999999999998,322.77670990376635,4.344727292101383,2.65,0.022925968411664714,2.65,0.0,0.022917651,0.024999999999999998
4.054880059579498,1.692746824673361,0.024999999999999998,321.6483725463321,4.344365860827036,2.66,0.022925968411664714,2.66,0.0,0.022917651,0.024999999999999998
4.0559671286633066,1.6990931318925153,0.024999999999999998,320.52406086850226,4.3440068715938045,2.67,0.022925968411664714,2.67,0.0,0.022917651,0.024999999999999998
4.0570528024399,1.7054415000125378,0.024999999999999998,319.4031004781653,4.343640239616916,2.68,0.022925968411664718,2.68,0.0,0.022917651,0.024999999999999998
4.058136832847619,1.711791631820529,0.024999999999999998,318.28559773875696,4.343265269942557,2.69,0.022925968411664718,2.69,0.0,0.022917651,0.024999999999999998
4.059219151795657,1.7181436003925605,0.024999999999999998,317.1716959134544,4.342881617109302,2.7,0.022925968411664714,2.7,0.0,0.022917651,0.024999999999999998
4.060271599930469,1.7242425960350536,0.024999999999999998,317.1106335129949,4.342571838874663,2.71,0.022925967652706707,2.71,0.0,0.022917651,0.024999999999999998
4.061322585766616,1.7303429466211206,0.024999999999999998,317.0520798649547,4.342254856883571,2.72,0.022925966893748696,2.72,0.0,0.022917651,0.024999999999999998
4.062372052290459,1.7364447049787255,0.024999999999999998,316.99613278321016,4.341930390268396,2.73,0.022925966134790678,2.73,0.0,0.022917651,0.024999999999999998
4.063419939485457,1.7425479267182782,0.024999999999999998,316.9428952334866,4.341598143368236,2.74,0.022925965375832663,2.74,0.0,0.022917651,0.024999999999999998
4.064466184131823,1.7486526704182634,0.024999999999999998,316.8924756770684,4.3412578047419625,2.75,0.022925964616874656,2.75,0.0,0.022917651,0.024999999999999998
4.06551071958993,1.7547589978259437,0.024999999999999998,316.8449884423981,4.340909046101201,2.7600000000000002,0.02292596385791664,2.7600000000000002,0.0,0.022917651,0.024999999999999998
4.066553475565893,1.7608669740745553,0.024999999999999998,316.80055412724175,4.340551521155531,2.77,0.022925963098958627,2.77,0.0,0.022917651,0.024999999999999998
4.067594377857609,1.7669766679186325,0.024999999999999998,316.75930003439294,4.340184864361378,2.7800000000000002,0.022925962340000616,2.7800000000000002,0.0,0.022917651,0.024999999999999998
4.068637746765577,1.7730958197444742,0.024999999999999998,316.7219519816432,4.339818616289094,2.79,0.022925961581042605,2.79,0.0,0.022917651,0.024999999999999998
4.06968217515274,1.7792222951139285,0.024999999999999998,316.6884409085126,4.339449281958742,2.8000000000000007,0.022925960822084594,2.8000000000000003,0.0,0.022917651,0.024999999999999998
4.070681096936256,1.7850988928312825,0.024999999999999998,316.4351876177014,4.3390923642404475,2.8100000000000005,0.022925960822084594,2.81,0.0,0.022917651,0.024999999999999998
4.071678683405364,1.7909767878610574,0.024999999999999998,316.18368929471956,4.338728808262224,2.8200000000000003,0.022925960822084594,2.82,0.0,0.022917651,0.024999999999999998
4.072674886414967,1.7968560269781748,0.024999999999999998,315.9340092153707,4.338358374679951,2.8299999999999996,0.022925960822084587,2.83,0.0,0.022917651,0.024999999999999998
4.0736696554773095,1.8027366592335554,0.024999999999999998,315.6862137343617,4.3379808125033925,2.84,0.02292596082208459,2.84,0.0,0.022917651,0.024999999999999998
4.074662937617716,1.8086187360942518,0.024999999999999998,315.4403724748774,4.337595858379116,2.85,0.022925960822084594,2.85,0.0,0.022917651,0.024999999999999998
4.0756546772195765,1.8145023115940713,0.024999999999999998,315.19655853233644,4.337203235819781,2.86,0.02292596082208459,2.86,0.0,0.022917651,0.024999999999999998
4.076644815857558,1.820387442495609,0.024999999999999998,314.9548486935831,4.336802654375034,2.8700000000000006,0.022925960822084587,2.87,0.0,0.022917651,0.024999999999999998
4.077633292118036,1.8262741884647062,0.024999999999999998,314.7153236728938,4.3363938087387925,2.8800000000000003,0.02292596082208459,2.88,0.0,0.022917651,0.024999999999999998
4.0786200414055624,1.8321626122584742,0.024999999999999998,314.4780683663269,4.335976377787163,2.89,0.022925960822084594,2.89,0.0,0.022917651,0.024999999999999998
4.0796049957341065,1.8380527799281168,0.024999999999999998,314.24317212609714,4.335550023540604,2.9000000000000004,0.022925960822084594,2.9,0.0,0.022917651,0.024999999999999998
4.080534155406179,1.8437232053029133,0.024999999999999998,318.97372142759855,4.335068564131372,2.9100000000000006,0.022925960301619402,2.91,0.0,0.022917651,0.024999999999999998
4.081462909085245,1.849394809471172,0.024999999999999998,323.7108044727135,4.334584301782445,2.9200000000000004,0.022925959781154213,2.92,0.0,0.022917651,0.024999999999999998
4.082393063746088,1.8550696819803931,0.024999999999999998,328.454845723052,4.334102375562065,2.9299999999999997,0.022925959260689015,2.93,0.0,0.022917651,0.024999999999999998
4.083323499692731,1.860746392871472,0.024999999999999998,333.2058010231044,4.333619736317804,2.9400000000000004,0.02292595874022383,2.94,0.0,0.022917651,0.024999999999999998
4.08425356210756,1.8664241921646905,0.024999999999999998,337.9636754562411,4.333134514518831,2.95,0.022925958219758638,2.95,0.0,0.022917651,0.024999999999999998
4.085183244861,1.8721030977204913,0.024999999999999998,342.7285825639399,4.332646667785983,2.9600000000000004,0.022925957699293446,2.96,0.0,0.022917651,0.024999999999999998
4.086112541688625,1.87778312779225,0.024999999999999998,347.50063838559777,4.332156152807751,2.9700000000000006,0.022925957178828255,2.97,0.0,0.022917651,0.024999999999999998
4.087041446187426,1.8834643010371368,0.024999999999999998,352.2799615276018,4.331662925314499,2.98,0.022925956658363066,2.98,0.0,0.022917651,0.024999999999999998
4.087969951811963,1.8891466365273457,0.024999999999999998,357.06667323470856,4.33116694005183,2.99,0.022925956137897878,2.99,0.0,0.022917651,0.024999999999999998
4.088898051870379,1.8948301537617007,0.024999999999999998,361.8608974638151,4.3306681507530405,3.0,0.022925955617432686,3.0,0.0,0.022917651,0.024999999999999998
4.089822416809139,1.9003133130019167,0.024999999999999998,361.6465693809449,4.330306496536559,3.0100000000000002,0.022925951458737125,3.0100000000000002,0.0,0.022917651,0.024999999999999998
4.090745948386319,1.9057983327576358,0.024999999999999998,361.4349826454092,4.329939648082573,3.0200000000000005,0.022925947300041567,3.02,0.0,0.022917651,0.024999999999999998
4.091668623722451,1.9112852641082514,0.024999999999999998,361.22621251933816,4.329567462786247,3.03,0.022925943141346,3.0300000000000002,0.0,0.022917651,0.024999999999999998
4.092590419092811,1.9167741600202346,0.024999999999999998,361.02033704534676,4.329189792774358,3.04,0.022925938982650444,3.04,0.0,0.022917651,0.024999999999999998
4.093511309888012,1.922265075435092,0.024999999999999998,360.8174371761332,4.3288064846597205,3.0500000000000007,0.022925934823954885,3.0500000000000003,0.0,0.022917651,0.024999999999999998
4.09443127057239,1.9277580673622867,0.024999999999999998,360.6175969113965,4.328417379281774,3.06,0.022925930665259324,3.06,0.0,0.022917651,0.024999999999999998
4.095350274640013,1.9332531949774614,0.024999999999999998,360.4209034425569,4.328022311432358,3.0700000000000007,0.022925926506563762,3.0700000000000003,0.0,0.022917651,0.024999999999999998
4.09626829456814,1.9387505197263073,0.024999999999999998,360.2274473058034,4.327621109565729,3.0800000000000005,0.0229259223478682,3.08,0.0,0.022917651,0.024999999999999998
4.097185301768005,1.9442501054344727,0.024999999999999998,360.03732254403394,4.327213595491716,3.09,0.02292591818917264,3.09,0.0,0.022917651,0.024999999999999998
4.098101266532696,1.9497520184239157,0.024999999999999998,359.85062687829543,4.326799584050884,3.1,0.02292591403047708,3.1,0.0,0.022917651,0.024999999999999998
4.098981402467742,1.955034098499396,0.024999999999999998,355.2745051321029,4.326416875698057,3.1100000000000003,0.022925906074710487,3.11,0.0,0.022917651,0.024999999999999998
4.099864218129717,1.9603228947530844,0.024999999999999998,350.7035565183832,4.326038169519773,3.1200000000000006,0.022925898118943886,3.12,0.0,0.022917651,0.024999999999999998
4.100745772599239,1.9656136934752577,0.024999999999999998,346.1369691436694,4.325652416093646,3.13,0.022925890163177278,3.13,0.0,0.022917651,0.024999999999999998
4.101626025643357,1.970906558546108,0.024999999999999998,341.57488213463665,4.325259390607379,3.14,0.022925882207410684,3.14,0.0,0.022917651,0.024999999999999998
4.10250493529945,1.9762015565921283,0.024999999999999998,337.01744059921833,4.324858858583668,3.15,0.022925874251644086,3.15,0.0,0.022917651,0.024999999999999998
4.103382457781259,1.9814987571353027,0.024999999999999998,332.46479595152533,4.324450575355167,3.16,0.022925866295877485,3.16,0.0,0.022917651,0.024999999999999998
4.104258547378738,1.9867982327521236,0.024999999999999998,327.9171062581822,4.324034285504855,3.1699999999999995,0.022925858340110888,3.17,0.0,0.022917651,0.024999999999999998
4.105133156351226,1.9921000592432112,0.024999999999999998,323.3745366077377,4.323609722269108,3.1800000000000006,0.02292585038434429,3.18,0.0,0.022917651,0.024999999999999998
4.106006234813422,1.997404315814356,0.024999999999999998,318.8372595049723,4.323176606900547,3.1900000000000004,0.02292584242857769,3.19,0.0,0.022917651,0.024999999999999998
4.106877730613584,2.0027110852699046,0.024999999999999998,314.30545529207285,4.3227346479874695,3.2000000000000006,0.02292583447281109,3.2,0.0,0.022917651,0.024999999999999998
4.107722747650752,2.0078380795123296,0.024999999999999998,313.40512205281027,4.3223241183257075,3.2100000000000004,0.022925821810413218,3.21,0.0,0.022917651,0.024999999999999998
4.10856647733325,2.012966979383699,0.024999999999999998,312.5070170640399,4.321906533566509,3.2200000000000006,0.02292580914801534,3.22,0.0,0.022917651,0.024999999999999998
4.109410499528653,2.0180999232446353,0.024999999999999998,311.61165047109813,4.321486075196688,3.23,0.02292579649927232,3.23,0.0,0.022917651,0.024999999999999998
4.11025654202394,2.0232390878136455,0.024999999999999998,310.7195518452684,4.321067477981706,3.24,0.022925783897380186,3.24,0.0,0.022917651,0.024999999999999998
4.1111013201818185,2.028380311170261,0.024999999999999998,309.8299144656202,4.320641764493616,3.2500000000000004,0.022925771324972376,3.25,0.0,0.022917651,0.024999999999999998
4.111944792687504,2.033523660589534,0.024999999999999998,308.94281875835384,4.320208702193788,3.2600000000000002,0.022925758783012347,3.2600000000000002,0.0,0.022917651,0.024999999999999998
4.112786916406331,2.038669206309925,0.024999999999999998,308.0583486923769,4.319768048300466,3.27,0.022925746272506004,3.27,0.0,0.022917651,0.024999999999999998
4.113627646282433,2.0438170216982936,0.024999999999999998,307.17659197654234,4.319319549218475,3.2800000000000002,0.022925733794504036,3.2800000000000002,0.0,0.022917651,0.024999999999999998
4.114466935230571,2.048967183426027,0.024999999999999998,306.29764027021304,4.318862939930418,3.29,0.022925721350104487,3.29,0.0,0.022917651,0.024999999999999998
4.11530473402058,2.0541197716572115,0.024999999999999998,305.4215894082147,4.318397943346259,3.3000000000000007,0.02292570894045539,3.3000000000000003,0.0,0.022917651,0.024999999999999998
4.1161081680439136,2.0591025185513105,0.024999999999999998,309.8438393685502,4.3179254308553965,3.31,0.022925692477246525,3.31,0.0,0.022917651,0.024999999999999998
4.116910360547212,2.064087889554095,0.024999999999999998,314.27048698482173,4.317445328403015,3.32,0.022925675980939846,3.3200000000000003,0.0,0.022917651,0.024999999999999998
4.117711278072781,2.069075955382615,0.024999999999999998,318.7016507693663,4.316957431447399,3.33,0.022925659450643402,3.33,0.0,0.022917651,0.024999999999999998
4.1185113976225844,2.0740674286110585,0.024999999999999998,323.13759626614,4.31646293542396,3.34,0.0229256428819626,3.34,0.0,0.022917651,0.024999999999999998
4.1193159262369585,2.07906890329412,0.024999999999999998,327.5799032998167,4.315976074201389,3.3500000000000005,0.022925626278520704,3.35,0.0,0.022917651,0.024999999999999998
4.1201191616645625,2.0840733518450985,0.024999999999999998,332.0271151311759,4.315481066244598,3.36,0.022925609713211247,3.36,0.0,0.022917651,0.024999999999999998
4.120921067603356,2.0890808577457287,0.024999999999999998,336.4793694465697,4.314977682860338,3.3700000000000006,0.022925593187104677,3.37,0.0,0.022917651,0.024999999999999998
4.121721606379711,2.0940915076319015,0.024999999999999998,340.93680913449367,4.314465686714743,3.3800000000000003,0.022925576701311897,3.38,0.0,0.022917651,0.024999999999999998
4.122520738883025,2.0991053914440467,0.024999999999999998,345.3995825336184,4.313944831421354,3.39,0.022925560256986152,3.39,0.0,0.022917651,0.024999999999999998
4.123318424496537,2.1041226025862065,0.024999999999999998,349.86784369514703,4.313414861105356,3.4,0.022925543855325123,3.4,0.0,0.022917651,0.024999999999999998
4.124101337241319,2.108959373046807,0.024999999999999998,350.063480659478,4.312970837940323,3.41,0.022924951667555274,3.41,0.0,0.022917651,0.024999999999999998
4.1248832765876635,2.1137984876834506,0.024999999999999998,350.26324228442365,4.31252057682928,3.4200000000000004,0.022924359505702863,3.42,0.0,0.022917651,0.024999999999999998
4.125664217097619,2.1186400077568064,0.024999999999999998,350.46723636029543,4.312063914755139,3.4299999999999997,0.022923767370445172,3.43,0.0,0.022917651,0.024999999999999998
4.12644413243908,2.1234839966808785,0.024999999999999998,350.6755744662746,4.311600682970711,3.44,0.02292317526248334,3.44,0.0,0.022917651,0.024999999999999998
4.12722614759643,2.1283345268884273,0.024999999999999998,350.8894157665769,4.311139308666296,3.4500000000000006,0.02292258308715448,3.45,0.0,0.022917651,0.024999999999999998
4.128008801336457,2.133189822535553,0.024999999999999998,351.10839160212515,4.3106757228664705,3.4600000000000004,0.0229219908934506,3.46,0.0,0.022917651,0.024999999999999998
4.128790450928945,2.1380478963279135,0.024999999999999998,351.3320864662338,4.310205342092818,3.47,0.022921398732119357,3.47,0.0,0.022917651,0.024999999999999998
4.129571069417824,2.142908822844068,0.024999999999999998,351.56062703995076,4.309727983936099,3.4800000000000004,0.022920806604029783,3.48,0.0,0.022917651,0.024999999999999998
4.130350628873477,2.1477726793560645,0.024999999999999998,351.7941445795553,4.309243459399157,3.49,0.0229202145100823,3.49,0.0,0.022917651,0.024999999999999998
4.131129100348381,2.15263954595215,0.024999999999999998,352.0327751249901,4.308751572596791,3.5000000000000004,0.022919622451210143,3.5,0.0,0.022917651,0.024999999999999998
4.131901828883984,2.157352345584119,0.024999999999999998,351.8990232786578,4.308353131578117,3.5100000000000002,0.02291954941685886,3.5100000000000002,0.0,0.022917651,0.024999999999999998
4.132673793275373,2.162067133494883,0.024999999999999998,351.7678208084565,4.307949645798227,3.520000000000001,0.022919476384635845,3.52,0.0,0.022917651,0.024999999999999998
4.133444971032996,2.1667839682015284,0.024999999999999998,351.6392427451437,4.307540966784616,3.5300000000000002,0.022919403354603726,3.5300000000000002,0.0,0.022917651,0.024999999999999998
4.134215338776045,2.171502910540184,0.024999999999999998,351.51336709295805,4.307126940180797,3.54,0.022919330326827636,3.54,0.0,0.022917651,0.024999999999999998
4.134984872187845,2.176224023782048,0.024999999999999998,351.3902749783914,4.30670740545189,3.5500000000000007,0.022919257301375295,3.5500000000000003,0.0,0.022917651,0.024999999999999998
4.135753545968573,2.1809473737564566,0.024999999999999998,351.270050807986,4.306282195572388,3.56,0.022919184278317156,3.56,0.0,0.022917651,0.024999999999999998
4.136521333785053,2.185673028981489,0.024999999999999998,351.1527824357973,4.305851136694763,3.5700000000000007,0.02291911125772658,3.5700000000000003,0.0,0.022917651,0.024999999999999998
4.137288743713558,2.1904015929816207,0.024999999999999998,351.0389644504095,4.305415657795744,3.58,0.02291903824272266,3.58,0.0,0.022917651,0.024999999999999998
4.138058106852585,2.195135315861667,0.024999999999999998,350.9306201456257,4.30498283387509,3.59,0.022918965250319973,3.59,0.0,0.022917651,0.024999999999999998
4.138826584586818,2.1998713511104193,0.024999999999999998,350.825846755873,4.3045441558664175,3.6000000000000005,0.022918892267329745,3.6,0.0,0.022917651,0.024999999999999998
4.139542653652982,2.20442079593249,0.024999999999999998,350.9501000400859,4.30404891141035,3.6100000000000003,0.022918852687728312,3.61,0.0,0.022917651,0.024999999999999998
4.140257809039048,2.208973392874288,0.024999999999999998,351.07999614281204,4.303546860130038,3.6200000000000006,0.022918813102442627,3.62,0.0,0.022917651,0.024999999999999998
4.140972027595055,2.2135292218012412,0.024999999999999998,351.21567803644956,4.30303782956061,3.6300000000000003,0.022918773511328667,3.63,0.0,0.022917651,0.024999999999999998
4.141685285382309,2.2180883652998333,0.024999999999999998,351.3572935645361,4.302521641361228,3.6399999999999997,0.02291873391423751,3.64,0.0,0.022917651,0.024999999999999998
4.14239755763951,2.2226509087944795,0.024999999999999998,351.5049956509834,4.301998111062699,3.65,0.022918694311015102,3.65,0.0,0.022917651,0.024999999999999998
4.143108818747103,2.227216940670488,0.024999999999999998,351.6589425201903,4.301467047801948,3.66,0.022918654701502058,3.66,0.0,0.022917651,0.024999999999999998
4.143819042189778,2.231786552403462,0.024999999999999998,351.8192979287003,4.300928254042585,3.6699999999999995,0.02291861508553342,3.67,0.0,0.022917651,0.024999999999999998
4.144528415964609,2.2363601123504004,0.024999999999999998,351.98630139319425,4.30038211336274,3.68,0.02291857546170929,3.68,0.0,0.022917651,0.024999999999999998
4.1452415996799905,2.240943677144035,0.024999999999999998,352.1620300384026,4.299841206443446,3.6900000000000004,0.02291853581413825,3.69,0.0,0.022917651,0.024999999999999998
4.145953778928768,2.245531272936763,0.024999999999999998,352.3454702506643,4.299292250740617,3.7,0.022918496180450196,3.7,0.0,0.022917651,0.024999999999999998
4.146690042375935,2.2500091904586563,0.024999999999999998,352.47979532686816,4.2989175741677395,3.71,0.022918475737894083,3.71,0.0,0.022917651,0.024999999999999998
4.147425565247611,2.2544894750189153,0.024999999999999998,352.6178087277519,4.298537568007855,3.7200000000000006,0.022918455298861256,3.72,0.0,0.022917651,0.024999999999999998
4.148160325723993,2.2589721963583127,0.024999999999999998,352.7596191235495,4.298152075233715,3.7300000000000004,0.022918434863455538,3.73,0.0,0.022917651,0.024999999999999998
4.1488943011196024,2.263457426984522,0.024999999999999998,352.90533949588394,4.2977609325881705,3.74,0.022918414431784842,3.74,0.0,0.022917651,0.024999999999999998
4.149627467839916,2.2679452423107045,0.024999999999999998,353.0550873537206,4.297363970272107,3.7499999999999996,0.022918394003961434,3.75,0.0,0.022917651,0.024999999999999998
4.150359801335374,2.2724357208025214,0.024999999999999998,353.20898496243456,4.296961011613453,3.7600000000000002,0.022918373580102094,3.7600000000000002,0.0,0.022917651,0.024999999999999998
4.151091276052569,2.276928944134155,0.024999999999999998,353.3671595869271,4.296551872715883,3.77,0.022918353160328406,3.77,0.0,0.022917651,0.024999999999999998
4.151821865382403,2.281424997354004,0.024999999999999998,353.52974374980784,4.29613636208574,3.7800000000000007,0.02291833274476695,3.7800000000000002,0.0,0.022917651,0.024999999999999998
4.152551541605,2.2859239690607454,0.024999999999999998,353.69687550574406,4.295714280235608,3.7900000000000005,0.022918312333549615,3.79,0.0,0.022917651,0.024999999999999998
4.153280275831134,2.2904259515905494,0.024999999999999998,353.8686987331692,4.295285419262796,3.8000000000000003,0.02291829192681383,3.8000000000000003,0.0,0.022917651,0.024999999999999998
4.153960452124022,2.294768030356065,0.024999999999999998,353.71352120127455,4.2947921454228855,3.8100000000000005,0.022918281058264017,3.81,0.0,0.022917651,0.024999999999999998
4.1546417430312905,2.299112625407341,0.024999999999999998,353.5603121567312,4.294300814276484,3.8200000000000003,0.02291827018447876,3.8200000000000003,0.0,0.022917651,0.024999999999999998
4.1553230235297836,2.3034589891975057,0.024999999999999998,353.40826211388566,4.293807672855053,3.8299999999999996,0.02291825931015251,3.83,0.0,0.022917651,0.024999999999999998
4.156004021567225,2.3078069470922093,0.024999999999999998,353.2571713257681,4.293311807499383,3.8400000000000003,0.02291824843637328,3.84,0.0,0.022917651,0.024999999999999998
4.156684734148929,2.3121565159923203,0.024999999999999998,353.1070499624999,4.292813189330031,3.85,0.02291823756314685,3.85,0.0,0.022917651,0.024999999999999998
4.157365158237729,2.316507713038465,0.024999999999999998,352.9579083384786,4.292311789057863,3.86,0.02291822669047911,3.86,0.0,0.022917651,0.024999999999999998
4.158045290753225,2.320860555615298,0.024999999999999998,352.80975691494564,4.29180757697676,3.8700000000000006,0.02291821581837603,3.87,0.0,0.022917651,0.024999999999999998
4.158725128570995,2.3252150613558604,0.024999999999999998,352.66260630260837,4.291300522956178,3.8800000000000003,0.022918204946843653,3.88,0.0,0.022917651,0.024999999999999998
4.159404668521824,2.3295712481460282,0.024999999999999998,352.5164672643197,4.290790596433529,3.8900000000000006,0.022918194075888125,3.89,0.0,0.022917651,0.024999999999999998
4.160083907390888,2.3339291341290656,0.024999999999999998,352.37135071781444,4.290277766406424,3.9000000000000004,0.02291818320551566,3.9,0.0,0.022917651,0.024999999999999998
4.160746264915392,2.3381550202151176,0.024999999999999998,351.5812165385438,4.289800850149044,3.910000000000001,0.022918141387504788,3.91,0.0,0.022917651,0.024999999999999998
4.1614079552565455,2.3423835200962544,0.024999999999999998,350.79499779166133,4.2893186516330735,3.920000000000001,0.02291809959517892,3.92,0.0,0.022917651,0.024999999999999998
4.162068964460126,2.3466146884403054,0.024999999999999998,350.0127763688921,4.288831060379453,3.9299999999999993,0.022918057829075265,3.93,0.0,0.022917651,0.024999999999999998
4.162729278180048,2.350848581450315,0.024999999999999998,349.2346364616946,4.288337962806594,3.94,0.022918016089746127,3.94,0.0,0.022917651,0.024999999999999998
4.163388881664496,2.355085256918815,0.024999999999999998,348.46066464255887,4.287839242120678,3.9500000000000006,0.0229179743777594,3.95,0.0,0.022917651,0.024999999999999998
4.164047759741492,2.3593247742844135,0.024999999999999998,347.69094994977957,4.28733477820131,3.9600000000000004,0.022917932693699183,3.96,0.0,0.022917651,0.024999999999999998
4.164706057694179,2.3635674186156583,0.024999999999999998,346.92569391865595,4.286824867081193,3.9700000000000006,0.02291789103537779,3.97,0.0,0.022917651,0.024999999999999998
4.165366706460984,2.367817400568095,0.024999999999999998,346.1669798612694,4.286317020807729,3.9800000000000004,0.02291784932992171,3.98,0.0,0.022917651,0.024999999999999998
4.166026629372384,2.3720705693966058,0.024999999999999998,345.41279110918435,4.285803083827118,3.99,0.022917807610068255,3.99,0.0,0.022917651,0.024999999999999998
4.166685810345967,2.3763269957111897,0.024999999999999998,344.66322792729994,4.2852829211906425,4.0,0.02291776587549843,4.0,0.0,0.022917651,0.024999999999999998
4.1673208140917195,2.3804500129371733,0.024999999999999998,344.7496676380677,4.284772303525791,4.01,0.02291776152527528,4.01,0.0,0.022917651,0.024999999999999998
4.167955056675268,2.3845765985954297,0.024999999999999998,344.8408303311068,4.284255072923626,4.0200000000000005,0.02291775718553595,4.0200000000000005,0.0,0.022917651,0.024999999999999998
4.16858852255639,2.388706825540635,0.024999999999999998,344.9368124328938,4.283731094371516,4.03,0.022917752856494496,4.03,0.0,0.022917651,0.024999999999999998
4.16922119576893,2.392840768624301,0.024999999999999998,345.03771301280545,4.283200229156351,4.04,0.02291774853837082,4.04,0.0,0.022917651,0.024999999999999998
4.169853059906111,2.396978504763658,0.024999999999999998,345.14363387428983,4.282662334736872,4.05,0.022917744231390896,4.05,0.0,0.022917651,0.024999999999999998
4.170484098105215,2.4011201130134086,0.024999999999999998,345.2546796498393,4.282117264610707,4.0600000000000005,0.022917739935786982,4.0600000000000005,0.0,0.022917651,0.024999999999999998
4.171117603363945,2.405271926716073,0.024999999999999998,345.3907661048834,4.281571857957597,4.07,0.02291773562814173,4.07,0.0,0.022917651,0.024999999999999998
4.171750896595384,2.409429019787934,0.024999999999999998,345.53658537576354,4.281020324202069,4.08,0.022917731325553685,4.08,0.0,0.022917651,0.024999999999999998
4.172383453552013,2.41359052062146,0.024999999999999998,345.6892646988695,4.280461437894409,4.09,0.022917727031684054,4.09,0.0,0.022917651,0.024999999999999998
4.173015258944219,2.41775652074899,0.024999999999999998,345.84894653122984,4.27989504635025,4.1,0.022917722746713883,4.1,0.0,0.022917651,0.024999999999999998
4.173641482715207,2.42179960046687,0.024999999999999998,346.2044662031076,4.27940340537854,4.110000000000001,0.02291772071800002,4.11,0.0,0.022917651,0.024999999999999998
4.17426699798048,2.4258449408609497,0.024999999999999998,346.561776636993,4.278906669796274,4.120000000000001,0.02291771868831482,4.12,0.0,0.022917651,0.024999999999999998
4.174891787677167,2.4298925963748577,0.024999999999999998,346.92092095961976,4.278404716910476,4.13,0.022917716657634875,4.13,0.0,0.022917651,0.024999999999999998
4.175515834190069,2.4339426232145835,0.024999999999999998,347.28194369375075,4.277897420056558,4.14,0.022917714625936055,4.14,0.0,0.022917651,0.024999999999999998
4.1761391193291235,2.437995079420369,0.024999999999999998,347.64489081512585,4.2773846484362945,4.15,0.022917712593193407,4.15,0.0,0.022917651,0.024999999999999998
4.176761624305758,2.442050024942149,0.024999999999999998,348.00980981222153,4.276866266947818,4.16,0.022917710559381178,4.16,0.0,0.022917651,0.024999999999999998
4.177384000803744,2.4461086714870732,0.024999999999999998,348.3774235852485,4.27634367000081,4.17,0.022917708524899303,4.17,0.0,0.022917651,0.024999999999999998
4.178007062951673,2.4501724248117718,0.024999999999999998,348.74858369800705,4.275818707420389,4.18,0.022917706488541016,4.18,0.0,0.022917651,0.024999999999999998
4.178629337045278,2.4542388112562703,0.024999999999999998,349.1218617748632,4.275287959305891,4.19,0.02291770444841124,4.19,0.0,0.022917651,0.024999999999999998
4.179250803552762,2.4583078960820113,0.024999999999999998,349.49731030921004,4.274751282263803,4.2,0.022917702404416502,4.2,0.0,0.022917651,0.024999999999999998
4.179850562058844,2.462252720991176,0.024999999999999998,349.77496355975615,4.2742274059990795,4.21,0.02291770127806879,4.21,0.0,0.022917651,0.024999999999999998
4.180449689324418,2.46620106195701,0.024999999999999998,350.05720998987783,4.273697488865847,4.22,0.022917700152205976,4.22,0.0,0.022917651,0.024999999999999998
4.181048171959456,2.470152993562978,0.024999999999999998,350.34414703124025,4.2731614027237015,4.2299999999999995,0.022917699026838365,4.23,0.0,0.022917651,0.024999999999999998
4.181645996192522,2.4741085925170143,0.024999999999999998,350.6358748907911,4.272619015782241,4.24,0.022917697901976525,4.24,0.0,0.022917651,0.024999999999999998
4.18224314785709,2.4780679377277,0.024999999999999998,350.9324966502854,4.272070192470161,4.250000000000001,0.02291769677763135,4.25,0.0,0.022917651,0.024999999999999998
4.182839612377286,2.4820311103837573,0.024999999999999998,351.23411837012253,4.271514793298705,4.26,0.022917695653814022,4.26,0.0,0.022917651,0.024999999999999998
4.1834376392968196,2.4860022659695664,0.024999999999999998,351.5434151814579,4.270957663458877,4.2700000000000005,0.022917694539010845,4.2700000000000005,0.0,0.022917651,0.024999999999999998
4.184035539095474,2.489978320896146,0.024999999999999998,351.858577264681,4.270395126832277,4.28,0.0229176934303209,4.28,0.0,0.022917651,0.024999999999999998
4.184632750182366,2.4939583594535817,0.024999999999999998,352.17909619552876,4.269825852195242,4.29,0.022917692326151994,4.29,0.0,0.022917651,0.024999999999999998
4.185229257490676,2.4979424687910385,0.024999999999999998,352.5050891647779,4.269249692141552,4.3,0.022917691226603035,4.3,0.0,0.022917651,0.024999999999999998
4.185819868982943,2.501800753510633,0.024999999999999998,352.16151576212803,4.268752276700806,4.310000000000001,0.022917690805876544,4.3100000000000005,0.0,0.022917651,0.024999999999999998
4.1864098011711715,2.5056625931759826,0.024999999999999998,351.8223237939448,4.2682485889588975,4.32,0.022917690386881236,4.32,0.0,0.022917651,0.024999999999999998
4.186999040545177,2.5095280584888306,0.024999999999999998,351.48760039940504,4.267738504170571,4.33,0.022917689969651538,4.33,0.0,0.022917651,0.024999999999999998
4.187587573234124,2.5133972220382774,0.024999999999999998,351.1574350438373,4.2672218942605395,4.34,0.02291768955422281,4.34,0.0,0.022917651,0.024999999999999998
4.188176596678196,2.5172728392344004,0.024999999999999998,350.83381544983115,4.266700792614748,4.3500000000000005,0.022917689142319723,4.3500000000000005,0.0,0.022917651,0.024999999999999998
4.188766051907381,2.5211547705440083,0.024999999999999998,350.516592076839,4.2661751034370194,4.36,0.022917688731142964,4.36,0.0,0.022917651,0.024999999999999998
4.189354814451694,2.525040597507158,0.024999999999999998,350.20406417840303,4.26564274836097,4.37,0.022917688318243173,4.37,0.0,0.022917651,0.024999999999999998
4.189942870436149,2.5289303981566587,0.024999999999999998,349.89632580833563,4.2651035938637465,4.380000000000001,0.02291768790358584,4.38,0.0,0.022917651,0.024999999999999998
4.190530205612697,2.5328242526234,0.024999999999999998,349.59347354929054,4.264557502832448,4.39,0.022917687487135522,4.39,0.0,0.022917651,0.024999999999999998
4.191116805347611,2.5367222432073455,0.024999999999999998,349.2956065983292,4.264004334442643,4.400000000000001,0.02291768706885582,4.4,0.0,0.022917651,0.024999999999999998
4.191702557713191,2.5405192956170164,0.024999999999999998,351.6421241024012,4.263526276146272,4.41,0.02291768658665483,4.41,0.0,0.022917651,0.024999999999999998
4.192287769949006,2.5443183925444055,0.024999999999999998,353.9928954660145,4.263044013147091,4.42,0.022917686106126472,4.42,0.0,0.022917651,0.024999999999999998
4.192872430276557,2.5481195785738877,0.024999999999999998,356.3480134522046,4.262557453754012,4.430000000000001,0.02291768562730722,4.43,0.0,0.022917651,0.024999999999999998
4.1934565265723736,2.5519228995956538,0.024999999999999998,358.7075735409087,4.2620665035904475,4.44,0.022917685150234627,4.44,0.0,0.022917651,0.024999999999999998
4.194040226026987,2.5557288784523378,0.024999999999999998,361.0722611267339,4.261571308206308,4.45,0.022917684675130993,4.45,0.0,0.022917651,0.024999999999999998
4.1946241592538,2.5595391136479737,0.024999999999999998,363.4438687738342,4.261072789803616,4.46,0.022917684202562596,4.46,0.0,0.022917651,0.024999999999999998
4.195207552917785,2.5633515295423557,0.024999999999999998,365.8197164158651,4.260569932000065,4.47,0.022917683731697086,4.47,0.0,0.022917651,0.024999999999999998
4.195790395692708,2.567166171911659,0.024999999999999998,368.19989305674943,4.260062643705048,4.48,0.022917683262570217,4.48,0.0,0.022917651,0.024999999999999998
4.196372675933079,2.570983087822299,0.024999999999999998,370.5844902090657,4.259550831260492,4.49,0.02291768279521874,4.49,0.0,0.022917651,0.024999999999999998
4.196954381662851,2.5748023256767154,0.024999999999999998,372.9736019830629,4.25903439834975,4.5,0.022917682329680448,4.5,0.0,0.022917651,0.024999999999999998
4.197541222797904,2.578540086542029,0.024999999999999998,372.93121863377763,4.2585985320942,4.51,0.02291768231115337,4.51,0.0,0.022917651,0.024999999999999998
4.198128035926969,2.582278702865144,0.024999999999999998,372.8896768584368,4.258161698468239,4.520000000000001,0.02291768229283267,4.5200000000000005,0.0,0.022917651,0.024999999999999998
4.198714820842614,2.5860181809821454,0.024999999999999998,372.8489828902937,4.257723890306881,4.53,0.022917682274719887,4.53,0.0,0.022917651,0.024999999999999998
4.199301577335357,2.589758527291849,0.024999999999999998,372.80914302431063,4.25728510037421,4.54,0.022917682256816573,4.54,0.0,0.022917651,0.024999999999999998
4.1998883051936335,2.5934997482565727,0.024999999999999998,372.7701636179248,4.256845321362494,4.55,0.022917682239124274,4.55,0.0,0.022917651,0.024999999999999998
4.200475004203774,2.59724185040293,0.024999999999999998,372.7320510918249,4.256404545891294,4.56,0.022917682221644562,4.5600000000000005,0.0,0.022917651,0.024999999999999998
4.201061674149981,2.6009848403226328,0.024999999999999998,372.69481193074006,4.255962766506559,4.57,0.02291768220437904,4.57,0.0,0.022917651,0.024999999999999998
4.201648314814296,2.6047287246733006,0.024999999999999998,372.6584526842399,4.255519975679706,4.58,0.022917682187329307,4.58,0.0,0.022917651,0.024999999999999998
4.202234925976577,2.6084735101792917,0.024999999999999998,372.62297996754717,4.255076165806685,4.59,0.02291768217049699,4.59,0.0,0.022917651,0.024999999999999998
4.202821507414471,2.612219203632539,0.024999999999999998,372.58840046236276,4.2546313292070295,4.6000000000000005,0.022917682153883717,4.6000000000000005,0.0,0.022917651,0.024999999999999998
4.2033459515972735,2.615841146794566,0.024999999999999998,373.10986868657784,4.254041166125784,4.61,0.022917682200929018,4.61,0.0,0.022917651,0.024999999999999998
4.203869448849094,2.6194669183186723,0.024999999999999998,373.63821732377426,4.253443387033091,4.62,0.022917682224169175,4.62,0.0,0.022917651,0.024999999999999998
4.204391979071555,2.6230965994609017,0.024999999999999998,374.17359240902505,4.252837830280973,4.63,0.022917682223098916,4.63,0.0,0.022917651,0.024999999999999998
4.204914721997263,2.6267345567245006,0.024999999999999998,374.71883897221244,4.252224847633512,4.639999999999999,0.02291768224090747,4.64,0.0,0.022917651,0.024999999999999998
4.205436773371585,2.6303774827682647,0.024999999999999998,375.27221588882156,4.251604129745737,4.65,0.022917682269652146,4.65,0.0,0.022917651,0.024999999999999998
4.205957859627609,2.6340245335838097,0.024999999999999998,375.83332050145737,4.250975426480979,4.66,0.02291768230255691,4.66,0.0,0.022917651,0.024999999999999998
4.206477960434509,2.6376757960620596,0.024999999999999998,376.4023155989205,4.250338569622228,4.67,0.022917682339709377,4.67,0.0,0.022917651,0.024999999999999998
4.206997054886376,2.641331359551747,0.024999999999999998,376.979368574677,4.249693386194259,4.68,0.022917682381199674,4.68,0.0,0.022917651,0.024999999999999998
4.207515121481745,2.6449913159469345,0.024999999999999998,377.5646515908277,4.249039698294208,4.690000000000001,0.02291768242712048,4.69,0.0,0.022917651,0.024999999999999998
4.20803213810223,2.6486557597782987,0.024999999999999998,378.1583417491353,4.248377322914832,4.700000000000001,0.022917682477567137,4.7,0.0,0.022917651,0.024999999999999998
4.208588135148449,2.652237645551511,0.024999999999999998,378.1431237449741,4.247933763643084,4.71,0.02291768259990337,4.71,0.0,0.022917651,0.024999999999999998
4.209144221320236,2.6558240741641845,0.024999999999999998,378.1336185034793,4.247486018725723,4.720000000000001,0.02291768272342957,4.72,0.0,0.022917651,0.024999999999999998
4.20969973965644,2.6594130115471457,0.024999999999999998,378.1282687391388,4.247033493356755,4.73,0.022917682849083885,4.73,0.0,0.022917651,0.024999999999999998
4.210254678451622,2.66300450941653,0.024999999999999998,378.12716011353046,4.246576088991298,4.74,0.02291768297691021,4.74,0.0,0.022917651,0.024999999999999998
4.210809025676387,2.666598620919754,0.024999999999999998,378.1303806589752,4.246113704357165,4.75,0.022917683106953603,4.75,0.0,0.022917651,0.024999999999999998
4.211362768966092,2.670195400685371,0.024999999999999998,378.13802086112304,4.245646235359867,4.76,0.02291768323926041,4.76,0.0,0.022917651,0.024999999999999998
4.2119158956091,2.6737949048750353,0.024999999999999998,378.1501737450167,4.245173574983603,4.7700000000000005,0.02291768337387828,4.7700000000000005,0.0,0.022917651,0.024999999999999998
4.212468392534511,2.6773971912376546,0.024999999999999998,378.166934964802,4.2446956131880595,4.78,0.02291768351085619,4.78,0.0,0.022917651,0.024999999999999998
4.213020246299381,2.6810023191658745,0.024999999999999998,378.1884028972706,4.244212236800795,4.790000000000001,0.022917683650244526,4.79,0.0,0.022917651,0.024999999999999998
4.213571443075393,2.684610349754971,0.024999999999999998,378.21467873942294,4.243723329405007,4.8,0.02291768379209511,4.8,0.0,0.022917651,0.024999999999999998
4.214064098679756,2.688096124715403,0.024999999999999998,378.4410143198706,4.243103660258878,4.8100000000000005,0.0229176838527719,4.8100000000000005,0.0,0.022917651,0.024999999999999998
4.2145569093078175,2.6915868968865473,0.024999999999999998,378.6729744223729,4.242479614371592,4.82,0.02291768391417397,4.82,0.0,0.022917651,0.024999999999999998
4.215050360358592,2.6950844927214224,0.024999999999999998,378.91227064648007,4.241851306968441,4.829999999999999,0.02291768397639416,4.83,0.0,0.022917651,0.024999999999999998
4.215543520051276,2.698586234698618,0.024999999999999998,379.1561124111236,4.241217687843917,4.84,0.02291768404133774,4.84,0.0,0.022917651,0.024999999999999998
4.216036383733951,2.7020921890168372,0.024999999999999998,379.4045722919314,4.240578672189289,4.8500000000000005,0.022917684109048184,4.8500000000000005,0.0,0.022917651,0.024999999999999998
4.216528946655131,2.705602423291589,0.024999999999999998,379.6577244178207,4.239934173380726,4.86,0.022917684179569905,4.86,0.0,0.022917651,0.024999999999999998
4.217021203961095,2.7091170065932992,0.024999999999999998,379.9156445127767,4.239284102930461,4.87,0.02291768425294827,4.87,0.0,0.022917651,0.024999999999999998
4.217513150693113,2.712636009486654,0.024999999999999998,380.1784099389867,4.238628370436404,4.88,0.022917684329229637,4.88,0.0,0.022917651,0.024999999999999998
4.21800516068924,2.716161258838219,0.024999999999999998,380.44763892511736,4.237966645077321,4.89,0.022917684403401133,4.89,0.0,0.022917651,0.024999999999999998
4.218497580086376,2.7196943452460305,0.024999999999999998,380.7247635468275,4.237298721365023,4.9,0.022917684492538323,4.9,0.0,0.022917651,0.024999999999999998
4.219004241326231,2.723140182325636,0.024999999999999998,380.30876893288183,4.236756923801183,4.91,0.02291768462533222,4.91,0.0,0.022917651,0.024999999999999998
4.219510623516935,2.726588477705538,0.024999999999999998,379.8961550040588,4.236211551837234,4.920000000000001,0.022917684759120528,4.92,0.0,0.022917651,0.024999999999999998
4.220016723014317,2.7300392634892936,0.024999999999999998,379.48696590956723,4.235662558794195,4.93,0.022917684893916226,4.93,0.0,0.022917651,0.024999999999999998
4.220522536110475,2.733492572341901,0.024999999999999998,379.0812465707176,4.235109897176742,4.940000000000001,0.02291768502973254,4.94,0.0,0.022917651,0.024999999999999998
4.221028059032373,2.7369484375021247,0.024999999999999998,378.6790426978747,4.234553518655285,4.95,0.022917685166582907,4.95,0.0,0.022917651,0.024999999999999998
4.221533287940413,2.740406892795155,0.024999999999999998,378.280400807859,4.233993374047562,4.96,0.022917685304481013,4.96,0.0,0.022917651,0.024999999999999998
4.2220382189269525,2.7438679726455932,0.024999999999999998,377.8853682418108,4.2334294132997625,4.97,0.02291768544344078,4.97,0.0,0.022917651,0.024999999999999998
4.222542848014794,2.747331712090791,0.024999999999999998,377.4939931835308,4.23286158546713,4.98,0.02291768558347639,4.98,0.0,0.022917651,0.024999999999999998
4.223047171155633,2.750798146794543,0.024999999999999998,377.1063246783127,4.23228983869405,4.99,0.02291768572460226,4.99,0.0,0.022917651,0.024999999999999998
4.223551440014451,2.754269073464123,0.024999999999999998,376.72382647403765,4.231713381424453,5.0,0.0229176857843509,5.0,0.0,0.022917651,0.024999999999999998
4.2240533882859586,2.7576517235453593,0.024999999999999998,372.017720433058,4.2311985377667805,5.01,0.022917685831941426,5.01,0.0,0.022917651,0.024999999999999998
4.224555090283267,2.7610363384513605,0.024999999999999998,367.27236444636634,4.230680744528366,5.020000000000001,0.02291768590339467,5.0200000000000005,0.0,0.022917651,0.024999999999999998
4.2250565432966845,2.764422939800582,0.024999999999999998,362.4873266569872,4.2301599692557375,5.03,0.022917685998973193,5.03,0.0,0.022917651,0.024999999999999998
4.225557744576623,2.767811549529801,0.024999999999999998,357.66216884914246,4.229636179017568,5.040000000000001,0.022917686118943414,5.04,0.0,0.022917651,0.024999999999999998
4.226058691332856,2.7712021898999883,0.024999999999999998,352.7964463307836,4.229109340395847,5.05,0.02291768626357569,5.05,0.0,0.022917651,0.024999999999999998
4.2265593807337725,2.7745948835023246,0.024999999999999998,347.88970781350866,4.228579419476857,5.0600000000000005,0.02291768643314439,5.0600000000000005,0.0,0.022917651,0.024999999999999998
4.227059809905596,2.7779896532643464,0.024999999999999998,342.94149528979955,4.228046381841946,5.07,0.022917686627927966,5.07,0.0,0.022917651,0.024999999999999998
4.227559975931609,2.781386522456225,0.024999999999999998,337.9513439075036,4.2275101925581,5.08,0.02291768684820904,5.08,0.0,0.022917651,0.024999999999999998
4.228059875851339,2.7847855146971963,0.024999999999999998,332.91878184149454,4.2269708161682935,5.090000000000001,0.022917687094274462,5.09,0.0,0.022917651,0.024999999999999998
4.22855950665974,2.7881866539621276,0.024999999999999998,327.84333016243306,4.22642821668163,5.100000000000001,0.022917687366415408,5.1000000000000005,0.0,0.022917651,0.024999999999999998
4.22905478937055,2.791518643752159,0.024999999999999998,327.88951482749076,4.225920675348843,5.110000000000001,0.022917687628859314,5.11,0.0,0.022917651,0.024999999999999998
4.229550119425249,2.794852756671439,0.024999999999999998,327.93588537427985,4.225411200301947,5.120000000000001,0.022917687891150586,5.12,0.0,0.022917651,0.024999999999999998
4.230045497317741,2.798189014869026,0.024999999999999998,327.98244374196884,4.224899771367913,5.13,0.022917688153287638,5.13,0.0,0.022917651,0.024999999999999998
4.23054070803172,2.8015302626744076,0.024999999999999998,328.0307506838144,4.224382684426008,5.14,0.022917688376956902,5.14,0.0,0.022917651,0.024999999999999998
4.231035564803734,2.8048767523243354,0.024999999999999998,328.0809302599691,4.223858939735689,5.15,0.022917688559611484,5.15,0.0,0.022917651,0.024999999999999998
4.231530157901424,2.808226704312624,0.024999999999999998,328.1319801986334,4.223330677560494,5.16,0.022917688726097944,5.16,0.0,0.022917651,0.024999999999999998
4.232024482349529,2.8115801839700074,0.024999999999999998,328.1839169226456,4.222797812660166,5.170000000000001,0.022917688876111206,5.17,0.0,0.022917651,0.024999999999999998
4.232518533046827,2.8149372582812555,0.024999999999999998,328.2367572706348,4.222260257636351,5.180000000000001,0.02291768900933847,5.18,0.0,0.022917651,0.024999999999999998
4.2330123047621155,2.8182979959378507,0.024999999999999998,328.29051851026384,4.221717922863857,5.19,0.022917689125458964,5.19,0.0,0.022917651,0.024999999999999998
4.233505792130059,2.8216624673926933,0.024999999999999998,328.34521835198075,4.221170716419285,5.2,0.022917689224143698,5.2,0.0,0.022917651,0.024999999999999998
4.2339652228688465,2.8249334389485474,0.024999999999999998,327.92780480224013,4.220564719374469,5.21,0.02291768926025095,5.21,0.0,0.022917651,0.024999999999999998
4.234424354379455,2.8282069504810807,0.024999999999999998,327.51110514532627,4.2199549853773295,5.22,0.02291768932113579,5.22,0.0,0.022917651,0.024999999999999998
4.2348831828396785,2.831483034434806,0.024999999999999998,327.0951285001828,4.219341466693729,5.23,0.022917689407114725,5.23,0.0,0.022917651,0.024999999999999998
4.235341167813533,2.834761874870292,0.024999999999999998,326.68216969813426,4.218721818374497,5.24,0.022917689523608054,5.24,0.0,0.022917651,0.024999999999999998
4.2357990126494505,2.8380445815703195,0.024999999999999998,326.2703830885141,4.218097743917474,5.25,0.02291768962231849,5.25,0.0,0.022917651,0.024999999999999998
4.236256941498687,2.8413313194057266,0.024999999999999998,325.85898414219895,4.217469974848036,5.260000000000001,0.02291768969497441,5.26,0.0,0.022917651,0.024999999999999998
4.2367149554264865,2.844622139489055,0.024999999999999998,325.4479777745425,4.216838464320567,5.270000000000001,0.02291768974124544,5.2700000000000005,0.0,0.022917651,0.024999999999999998
4.237173055516176,2.8479170938006164,0.024999999999999998,325.03736898435,4.216203164694117,5.28,0.022917689760795636,5.28,0.0,0.022917651,0.024999999999999998
4.237631242869552,2.851216235206991,0.024999999999999998,324.62716285565614,4.21556402751546,5.29,0.022917689753283288,5.29,0.0,0.022917651,0.024999999999999998
4.23808951860728,2.854519617479995,0.024999999999999998,324.21736455955005,4.2149210035017,5.3,0.02291768971836086,5.3,0.0,0.022917651,0.024999999999999998
4.238552556414157,2.857743551073565,0.024999999999999998,324.13092509406687,4.2143610099872015,5.3100000000000005,0.022917689761017566,5.3100000000000005,0.0,0.022917651,0.024999999999999998
4.23901507551533,2.860970929674194,0.024999999999999998,324.0460607611942,4.213795496009688,5.320000000000001,0.022917689829820273,5.32,0.0,0.022917651,0.024999999999999998
4.239476984069272,2.864202953869013,0.024999999999999998,323.96367744803973,4.2132228934260025,5.33,0.022917689981890636,5.33,0.0,0.022917651,0.024999999999999998
4.239938315195082,2.867437409796247,0.024999999999999998,323.88260159835903,4.212645549496726,5.339999999999999,0.022917690133637512,5.34,0.0,0.022917651,0.024999999999999998
4.240399060048255,2.870674334702896,0.024999999999999998,323.8028532386534,4.212063391598368,5.3500000000000005,0.02291769028505593,5.3500000000000005,0.0,0.022917651,0.024999999999999998
4.240859209602729,2.8739137666005474,0.024999999999999998,323.724452806519,4.211476345616654,5.36,0.022917690436140843,5.36,0.0,0.022917651,0.024999999999999998
4.241318754646212,2.877155744285105,0.024999999999999998,323.6474211612502,4.210884335908076,5.37,0.02291769058688709,5.37,0.0,0.022917651,0.024999999999999998
4.2417776857753315,2.8804003073571094,0.024999999999999998,323.5717795947721,4.210287285260245,5.379999999999999,0.022917690737289397,5.38,0.0,0.022917651,0.024999999999999998
4.242235993390682,2.883647496242719,0.024999999999999998,323.4975498429155,4.209685114851012,5.390000000000001,0.022917690887342395,5.39,0.0,0.022917651,0.024999999999999998
4.242693667691666,2.8868973522153345,0.024999999999999998,323.4247540970455,4.209077744206287,5.4,0.022917691037040583,5.4,0.0,0.022917651,0.024999999999999998
4.243133714840955,2.890060410091832,0.024999999999999998,324.522754455373,4.208471769819495,5.41,0.02291769117795867,5.41,0.0,0.022917651,0.024999999999999998
4.24357374767907,2.89322795420437,0.024999999999999998,325.6219962858008,4.207861251826348,5.420000000000001,0.02291769128915497,5.42,0.0,0.022917651,0.024999999999999998
4.24401372219128,2.8964005066721565,0.024999999999999998,326.72285104551935,4.207245491967749,5.43,0.022917691337986677,5.43,0.0,0.022917651,0.024999999999999998
4.244453670645679,2.8995763424778502,0.024999999999999998,327.82425346556124,4.206626344321141,5.44,0.022917691377976574,5.44,0.0,0.022917651,0.024999999999999998
4.244893592831102,2.902755488228273,0.024999999999999998,328.9262079839408,4.206003781433282,5.45,0.022917691409053004,5.45,0.0,0.022917651,0.024999999999999998
4.245333488534101,2.9059379708185085,0.024999999999999998,330.02871908675434,4.205377775553495,5.46,0.022917691431143538,5.46,0.0,0.022917651,0.024999999999999998
4.245773357538907,2.909123817435813,0.024999999999999998,331.13179130883276,4.204748298629639,5.470000000000001,0.022917691444174965,5.47,0.0,0.022917651,0.024999999999999998
4.246213199627402,2.9123130555635974,0.024999999999999998,332.23542923440516,4.2041153223039975,5.48,0.02291769144807328,5.48,0.0,0.022917651,0.024999999999999998
4.246653014579084,2.9155057129854662,0.024999999999999998,333.339637497773,4.203478817909107,5.49,0.02291769144276366,5.49,0.0,0.022917651,0.024999999999999998
4.2470928021710375,2.9187018177893314,0.024999999999999998,334.4444207839963,4.20283875646352,5.5,0.02291769142817046,5.5,0.0,0.022917651,0.024999999999999998
4.2475378535994315,2.9218407204161765,0.024999999999999998,334.6486616582611,4.202262592739733,5.51,0.022917691515217,5.51,0.0,0.022917651,0.024999999999999998
4.247981963487795,2.9249805144461765,0.024999999999999998,334.8552802895406,4.201681770479537,5.520000000000001,0.02291769168683326,5.5200000000000005,0.0,0.022917651,0.024999999999999998
4.248425678034137,2.92812518735121,0.024999999999999998,335.06325405153257,4.201094488210148,5.53,0.02291769185833169,5.53,0.0,0.022917651,0.024999999999999998
4.248868988064212,2.9312748523497687,0.024999999999999998,335.27261439121,4.200500596021503,5.539999999999999,0.022917692029709558,5.54,0.0,0.022917651,0.024999999999999998
4.249311884117686,2.9344296261907576,0.024999999999999998,335.48339373613635,4.199899939328986,5.55,0.02291769220096403,5.55,0.0,0.022917651,0.024999999999999998
4.249754356436926,2.937589629292193,0.024999999999999998,335.69562553298726,4.199292358689801,5.5600000000000005,0.022917692372092204,5.5600000000000005,0.0,0.022917651,0.024999999999999998
4.250196394955204,2.9407549858864774,0.024999999999999998,335.9093442879026,4.198677689610605,5.569999999999999,0.022917692543091082,5.57,0.0,0.022917651,0.024999999999999998
4.250637989284378,2.9439258241726387,0.024999999999999998,336.1245856087713,4.198055762345934,5.58,0.022917692713957563,5.58,0.0,0.022917651,0.024999999999999998
4.2510791287019485,2.9471022764759174,0.024999999999999998,336.3413862495571,4.1974264016869025,5.59,0.022917692884688458,5.59,0.0,0.022917651,0.024999999999999998
4.251519789591889,2.950284821408459,0.024999999999999998,336.5599219443193,4.1967890345936185,5.6000000000000005,0.022917693043231407,5.6000000000000005,0.0,0.022917651,0.024999999999999998
4.251925317356351,2.9533443169073204,0.024999999999999998,336.53046969409746,4.196120332575754,5.61,0.022917692935470517,5.61,0.0,0.022917651,0.024999999999999998
4.2523306655655615,2.9564073171665863,0.024999999999999998,336.5017591297067,4.1954474082357995,5.62,0.022917692869904187,5.62,0.0,0.022917651,0.024999999999999998
4.252735832273606,2.9594738601687696,0.024999999999999998,336.47379828909794,4.194770215814732,5.629999999999999,0.022917692846989707,5.63,0.0,0.022917651,0.024999999999999998
4.253140815506352,2.9625439844472186,0.024999999999999998,336.4465953267907,4.1940887088899235,5.640000000000001,0.02291769286719098,5.64,0.0,0.022917651,0.024999999999999998
4.253545613260933,2.9656177290961327,0.024999999999999998,336.4201585159937,4.193402840363056,5.65,0.022917692930978673,5.65,0.0,0.022917651,0.024999999999999998
4.253950223505222,2.968695133780808,0.024999999999999998,336.3944962507724,4.192712562447795,5.66,0.022917693038830327,5.66,0.0,0.022917651,0.024999999999999998
4.254353725654347,2.971774803196053,0.024999999999999998,336.3719333594785,4.192015584725382,5.670000000000001,0.02291769309454139,5.67,0.0,0.022917651,0.024999999999999998
4.254756714437678,2.974856148965182,0.024999999999999998,336.3506315884405,4.1913148760408045,5.68,0.022917693111729337,5.68,0.0,0.022917651,0.024999999999999998
4.255159357480772,2.97793931220856,0.024999999999999998,336.33013694724826,4.190610966341317,5.690000000000001,0.02291769310366312,5.69,0.0,0.022917651,0.024999999999999998
4.255561651933255,2.9810243079099026,0.024999999999999998,336.31045609008413,4.189903829236944,5.7,0.022917693070134543,5.7,0.0,0.022917651,0.024999999999999998
4.255983745533531,2.9840574244713256,0.024999999999999998,336.04405383007014,4.189314398325698,5.710000000000001,0.022917693070334467,5.71,0.0,0.022917651,0.024999999999999998
4.256405602222579,2.9870948216358526,0.024999999999999998,335.7787739951584,4.188719739322046,5.72,0.022917693070502964,5.72,0.0,0.022917651,0.024999999999999998
4.2568272183356415,2.9901365656197187,0.024999999999999998,335.5146339480348,4.188119771353131,5.7299999999999995,0.022917693070639563,5.73,0.0,0.022917651,0.024999999999999998
4.257247499963267,2.9931849820069165,0.024999999999999998,335.25465040472733,4.187507795184849,5.740000000000001,0.02291769315711301,5.74,0.0,0.022917651,0.024999999999999998
4.257666879871495,2.9962385892645256,0.024999999999999998,334.9972660780741,4.1868870216246465,5.75,0.022917693261481707,5.75,0.0,0.022917651,0.024999999999999998
4.258085525011444,2.9992970498784737,0.024999999999999998,334.74198931093525,4.186258455567806,5.76,0.022917693366267543,5.76,0.0,0.022917651,0.024999999999999998
4.258503419942109,3.0023604658410497,0.024999999999999998,334.48886439324303,4.185621933256603,5.770000000000001,0.022917693471479282,5.7700000000000005,0.0,0.022917651,0.024999999999999998
4.258920548786778,3.0054289420225015,0.024999999999999998,334.23793686467576,4.184977286312499,5.78,0.022917693577125947,5.78,0.0,0.022917651,0.024999999999999998
4.259336895217559,3.008502586273264,0.024999999999999998,333.989253559052,4.184324341571998,5.79,0.022917693683216795,5.79,0.0,0.022917651,0.024999999999999998
4.259752442439239,3.011581509530579,0.024999999999999998,333.7428626506301,4.183662920915458,5.800000000000001,0.022917693789761367,5.8,0.0,0.022917651,0.024999999999999998
4.260156527284433,3.0145831433654293,0.024999999999999998,333.9376039610872,4.183020029351907,5.810000000000001,0.022917693988777337,5.8100000000000005,0.0,0.022917651,0.024999999999999998
4.260559728340099,3.0175906203001404,0.024999999999999998,334.1348826306804,4.182367759717826,5.82,0.022917694188660645,5.82,0.0,0.022917651,0.024999999999999998
4.26096243021142,3.020602645601524,0.024999999999999998,334.33381555406606,4.18170894474292,5.830000000000001,0.022917694363233352,5.83,0.0,0.022917651,0.024999999999999998
4.261364868137971,3.0236181492774907,0.024999999999999998,334.53378014666816,4.181045595225987,5.84,0.022917694514250894,5.84,0.0,0.022917651,0.024999999999999998
4.261767038811047,3.026637174931508,0.024999999999999998,334.73478934106583,4.180377654323877,5.8500000000000005,0.022917694641417973,5.8500000000000005,0.0,0.022917651,0.024999999999999998
4.262168938866411,3.029659766898894,0.024999999999999998,334.936856286902,4.179705064239377,5.86,0.022917694744434364,5.86,0.0,0.022917651,0.024999999999999998
4.2625705648831245,3.0326859702622393,0.024999999999999998,335.1399943554566,4.179027766201099,5.87,0.02291769482299477,5.87,0.0,0.022917651,0.024999999999999998
4.2629719133823425,3.035715830867214,0.024999999999999998,335.34421714433574,4.178345700442874,5.880000000000001,0.022917694876788724,5.88,0.0,0.022917651,0.024999999999999998
4.263372924471494,3.038749607162955,0.024999999999999998,335.5497356218375,4.177658369100736,5.89,0.02291769490416515,5.89,0.0,0.022917651,0.024999999999999998
4.2637730254015915,3.04178935692996,0.024999999999999998,335.7585437640378,4.17696142537868,5.9,0.022917694905155113,5.9,0.0,0.022917651,0.024999999999999998
4.264159508321843,3.0447486871769622,0.024999999999999998,335.77507723744986,4.176277950361795,5.910000000000001,0.022917694902673823,5.91,0.0,0.022917651,0.024999999999999998
4.264545592631198,3.0477111915529385,0.024999999999999998,335.79273293914764,4.175589706455757,5.920000000000001,0.022917694900159883,5.92,0.0,0.022917651,0.024999999999999998
4.264931273304244,3.0506769100751163,0.024999999999999998,335.8115250174114,4.174896633537701,5.930000000000001,0.022917694897612875,5.93,0.0,0.022917651,0.024999999999999998
4.265316545230741,3.053645883436246,0.024999999999999998,335.83146785935435,4.1741986704698455,5.94,0.0229176948950324,5.94,0.0,0.022917651,0.024999999999999998
4.2657014032138125,3.056618153018906,0.024999999999999998,335.8525760959831,4.173495755077987,5.95,0.02291769489241801,5.95,0.0,0.022917651,0.024999999999999998
4.266085841968112,3.05959376091019,0.024999999999999998,335.87486460738825,4.172787824129444,5.96,0.022917694889769285,5.96,0.0,0.022917651,0.024999999999999998
4.26646956126154,3.062574192586634,0.024999999999999998,335.8993789752983,4.172072191728028,5.970000000000001,0.022917694932092263,5.97,0.0,0.022917651,0.024999999999999998
4.266852488014213,3.0655599069374038,0.024999999999999998,335.9264260996394,4.1713481072779945,5.98,0.022917695029267535,5.98,0.0,0.022917651,0.024999999999999998
4.267234996195512,3.068549125143113,0.024999999999999998,335.9547175640608,4.170618845012993,5.99,0.02291769512319646,5.99,0.0,0.022917651,0.024999999999999998
4.267617080446706,3.071541892061648,0.024999999999999998,335.98426929914905,4.169884338644367,6.0,0.022917695213837467,6.0,0.0,0.022917651,0.024999999999999998
4.268001355390663,3.07449468210879,0.024999999999999998,336.24368001255414,4.169186510111738,6.010000000000001,0.02291769532108672,6.01,0.0,0.022917651,0.024999999999999998
4.268385219063354,3.077450535898161,0.024999999999999998,336.50329017123187,4.1684839729178504,6.0200000000000005,0.022917695428691248,6.0200000000000005,0.0,0.022917651,0.024999999999999998
4.268768666295876,3.0804094919352467,0.024999999999999998,336.7631022818349,4.167776667883674,6.03,0.02291769553665552,6.03,0.0,0.022917651,0.024999999999999998
4.269151378981569,3.0833748076239296,0.024999999999999998,337.0243403573271,4.167060063694712,6.04,0.022917695675581086,6.04,0.0,0.022917651,0.024999999999999998
4.26953329145825,3.0863466354852838,0.024999999999999998,337.28720907204985,4.166333744288813,6.050000000000001,0.022917695851271225,6.05,0.0,0.022917651,0.024999999999999998
4.2699147592910345,3.089321110470327,0.024999999999999998,337.55029044807964,4.165602998458699,6.0600000000000005,0.022917696028430547,6.0600000000000005,0.0,0.022917651,0.024999999999999998
4.270295777378715,3.092298262948402,0.024999999999999998,337.8135869251906,4.164867775421864,6.070000000000001,0.022917696207075917,6.07,0.0,0.022917651,0.024999999999999998
4.270676340541743,3.0952781237551816,0.024999999999999998,338.0771009806205,4.164128023616004,6.08,0.022917696387224434,6.08,0.0,0.022917651,0.024999999999999998
4.271056443520737,3.0982607242016655,0.024999999999999998,338.3408351297932,4.163383690684009,6.09,0.0229176965688935,6.09,0.0,0.022917651,0.024999999999999998
4.2714356573315175,3.1012464028443936,0.024999999999999998,338.60571730762007,4.162632722580929,6.100000000000001,0.02291769672904286,6.1000000000000005,0.0,0.022917651,0.024999999999999998
4.271780091731804,3.104111946152345,0.024999999999999998,338.3875609047645,4.161851103196007,6.109999999999999,0.02291769663257631,6.11,0.0,0.022917651,0.024999999999999998
4.272124265987941,3.106981391352862,0.024999999999999998,338.1705661044041,4.161064541633214,6.120000000000001,0.022917696577696118,6.12,0.0,0.022917651,0.024999999999999998
4.272468177452672,3.1098547781520027,0.024999999999999998,337.9547447271249,4.160272987600437,6.13,0.02291769656482547,6.13,0.0,0.022917651,0.024999999999999998
4.272811823442707,3.112732146796398,0.024999999999999998,337.740108754442,4.159476390120878,6.140000000000001,0.022917696594393317,6.140000000000001,0.0,0.022917651,0.024999999999999998
4.273155201238094,3.1156135380824774,0.024999999999999998,337.5266703315481,4.15867469752135,6.15,0.022917696666834467,6.15,0.0,0.022917651,0.024999999999999998
4.2734976322479525,3.118500330876632,0.024999999999999998,337.31601752899945,4.157863815892867,6.16,0.022917696741919208,6.16,0.0,0.022917651,0.024999999999999998
4.2738386406096875,3.1213943280226877,0.024999999999999998,337.10944044746503,4.1570400376883665,6.17,0.022917696741919208,6.17,0.0,0.022917651,0.024999999999999998
4.274179907139314,3.1242926710842793,0.024999999999999998,336.9031178985675,4.156212945893862,6.18,0.02291769674191921,6.18,0.0,0.022917651,0.024999999999999998
4.274521433657775,3.1271953907145513,0.024999999999999998,336.6970516776076,4.155382517137532,6.190000000000001,0.022917696741919208,6.19,0.0,0.022917651,0.024999999999999998
4.274863222003174,3.1301025178556032,0.024999999999999998,336.49124359680985,4.154548727827243,6.2,0.02291769674191921,6.2,0.0,0.022917651,0.024999999999999998
4.27523935535293,3.1329594610533715,0.024999999999999998,336.4567052689525,4.153891202686775,6.21,0.022917696741919215,6.21,0.0,0.022917651,0.024999999999999998
4.27561547525431,3.1358208218323402,0.024999999999999998,336.4233711919415,4.153229205613056,6.220000000000001,0.022917696741919215,6.22,0.0,0.022917651,0.024999999999999998
4.275990652565589,3.138687316611508,0.024999999999999998,336.39324513498826,4.1525583063353375,6.2299999999999995,0.022917696741919204,6.23,0.0,0.022917651,0.024999999999999998
4.276365649963536,3.1415568751365504,0.024999999999999998,336.36445697813815,4.151883624072253,6.24,0.022917696741919208,6.24,0.0,0.022917651,0.024999999999999998
4.276740484765215,3.1444295000464217,0.024999999999999998,336.33697738948723,4.151205225406628,6.25,0.02291769674191921,6.25,0.0,0.022917651,0.024999999999999998
4.277115155172186,3.147305225257752,0.024999999999999998,336.31082084282974,4.150523069232121,6.260000000000001,0.022917696741919208,6.26,0.0,0.022917651,0.024999999999999998
4.277489659359384,3.1501840851892142,0.024999999999999998,336.2860020262054,4.149837113833931,6.2700000000000005,0.022917696741919208,6.2700000000000005,0.0,0.022917651,0.024999999999999998
4.27786399547463,3.1530661147708496,0.024999999999999998,336.26253584587795,4.149147316877482,6.28,0.02291769674191921,6.28,0.0,0.022917651,0.024999999999999998
4.278238161638124,3.1559513494536007,0.024999999999999998,336.24043743040335,4.148453635396879,6.29,0.02291769674191921,6.29,0.0,0.022917651,0.024999999999999998
4.278612155941929,3.1588398252190544,0.024999999999999998,336.21972213478887,4.147756025783094,6.3,0.02291769674191921,6.3,0.0,0.022917651,0.024999999999999998
4.278959265774747,3.1616689456346676,0.024999999999999998,336.1514119418508,4.146999286339338,6.3100000000000005,0.022917696906403672,6.3100000000000005,0.0,0.022917651,0.024999999999999998
4.279305323296974,3.164502573019006,0.024999999999999998,336.08501890285237,4.146233828737963,6.320000000000001,0.02291769710494535,6.32,0.0,0.022917651,0.024999999999999998
4.2796508115700975,3.1673391713956227,0.024999999999999998,336.0192598644203,4.145463123230652,6.329999999999999,0.022917697305303856,6.33,0.0,0.022917651,0.024999999999999998
4.27999572405269,3.1701787749051773,0.024999999999999998,335.95414211206577,4.144687109511976,6.34,0.022917697507500088,6.34,0.0,0.022917651,0.024999999999999998
4.280340054102708,3.1730214182134358,0.024999999999999998,335.8896730433561,4.143905726348963,6.3500000000000005,0.022917697711555225,6.3500000000000005,0.0,0.022917651,0.024999999999999998
4.280683794975555,3.175867136521405,0.024999999999999998,335.8258601700775,4.143118911563205,6.359999999999999,0.022917697917490803,6.36,0.0,0.022917651,0.024999999999999998
4.2810269398220955,3.178715965575705,0.024999999999999998,335.762711120448,4.142326602012532,6.370000000000001,0.022917698125328675,6.37,0.0,0.022917651,0.024999999999999998
4.281368677647434,3.1815720140081756,0.024999999999999998,335.7023790335274,4.141521446895592,6.38,0.02291769831057875,6.38,0.0,0.022917651,0.024999999999999998
4.281709605191467,3.1844325811376177,0.024999999999999998,335.64330388088,4.140708532574117,6.390000000000001,0.02291769845170641,6.390000000000001,0.0,0.022917651,0.024999999999999998
4.282049928354577,3.1872966666217937,0.024999999999999998,335.5849303309397,4.139889682523135,6.400000000000001,0.022917698550081758,6.4,0.0,0.022917651,0.024999999999999998
4.282368366903894,3.1900875540475497,0.024999999999999998,336.94692842171855,4.139045890135893,6.410000000000001,0.022917698529332276,6.41,0.0,0.022917651,0.024999999999999998
4.282686202791377,3.1928816141481824,0.024999999999999998,338.31076116737313,4.138196514356454,6.42,0.02291769852814468,6.42,0.0,0.022917651,0.024999999999999998
4.283003429498242,3.1956788812414105,0.024999999999999998,339.6764484127251,4.137341494791208,6.43,0.022917698546730564,6.43,0.0,0.022917651,0.024999999999999998
4.283317616382318,3.198480069174103,0.024999999999999998,341.0493196680483,4.1364703943562775,6.440000000000001,0.022917698562304054,6.44,0.0,0.022917651,0.024999999999999998
4.283630339560331,3.201285806711874,0.024999999999999998,342.42600475722213,4.135588889641899,6.450000000000001,0.022917698567563125,6.45,0.0,0.022917651,0.024999999999999998
4.283943323160845,3.2040958912562028,0.024999999999999998,343.8027500599157,4.134704080349522,6.46,0.02291769857342975,6.46,0.0,0.022917651,0.024999999999999998
4.2842565688661765,3.2069103508885686,0.024999999999999998,345.1795559651057,4.133815945131709,6.47,0.022917698579907855,6.47,0.0,0.022917651,0.024999999999999998
4.284570078373168,3.209729213932849,0.024999999999999998,346.5564228651268,4.13292446245676,6.480000000000001,0.022917698587001396,6.48,0.0,0.022917651,0.024999999999999998
4.284883853393336,3.212552508957935,0.024999999999999998,347.9333511557071,4.132029610606707,6.49,0.022917698594714375,6.49,0.0,0.022917651,0.024999999999999998
4.28519662882307,3.2153835181328434,0.024999999999999998,349.31319978441485,4.131123045303069,6.5,0.022917698600522732,6.5,0.0,0.022917651,0.024999999999999998
4.285511971495602,3.2181426304067444,0.024999999999999998,349.58307788562433,4.130288359096732,6.51,0.022917698601712163,6.51,0.0,0.022917651,0.024999999999999998
4.2858266971442065,3.220905197719794,0.024999999999999998,349.85471497178173,4.129447750474164,6.520000000000001,0.022917698602742648,6.5200000000000005,0.0,0.022917651,0.024999999999999998
4.286140797959866,3.2236712637987504,0.024999999999999998,350.12813330449046,4.128601144481635,6.529999999999999,0.022917698603612195,6.53,0.0,0.022917651,0.024999999999999998
4.286454266001232,3.2264408731113705,0.024999999999999998,350.4033555226011,4.127748464895245,6.54,0.02291769860431875,6.54,0.0,0.022917651,0.024999999999999998
4.286767093191811,3.2292140708821706,0.024999999999999998,350.6804046502357,4.126889634193902,6.550000000000001,0.02291769860486024,6.55,0.0,0.022917651,0.024999999999999998
4.287078119198976,3.2319934172840363,0.024999999999999998,350.9617406673418,4.126017448121317,6.5600000000000005,0.022917698605016242,6.5600000000000005,0.0,0.022917651,0.024999999999999998
4.287387864566838,3.2347775104113734,0.024999999999999998,351.24609568565995,4.125135391021165,6.57,0.022917698605016242,6.57,0.0,0.022917651,0.024999999999999998
4.287696992183239,3.237564860479251,0.024999999999999998,351.5320326615472,4.124247605607226,6.58,0.02291769860501624,6.58,0.0,0.022917651,0.024999999999999998
4.288005494957388,3.240355504872097,0.024999999999999998,351.8195697533267,4.123354026127693,6.59,0.022917698605016242,6.59,0.0,0.022917651,0.024999999999999998
4.288313365689558,3.243149481548688,0.024999999999999998,352.10872539829336,4.1224545858205905,6.6000000000000005,0.022917698605016242,6.6000000000000005,0.0,0.022917651,0.024999999999999998
4.288638177136734,3.245901653252305,0.024999999999999998,352.2337935076445,4.121654744879506,6.610000000000001,0.022917698605016242,6.61,0.0,0.022917651,0.024999999999999998
4.288962236441268,3.2486588295690755,0.024999999999999998,352.3609497828161,4.120846892758336,6.62,0.022917698605907748,6.62,0.0,0.022917651,0.024999999999999998
4.28928546303397,3.251421274168449,0.024999999999999998,352.49040033099834,4.120030443327764,6.629999999999999,0.02291769860823482,6.63,0.0,0.022917651,0.024999999999999998
4.289608515067105,3.254186870619047,0.024999999999999998,352.6207026591268,4.11921014323051,6.640000000000001,0.022917698611129494,6.640000000000001,0.0,0.022917651,0.024999999999999998
4.28993139110901,3.256955644770986,0.024999999999999998,352.75186375313154,4.118385960885076,6.65,0.022917698614596412,6.65,0.0,0.022917651,0.024999999999999998
4.290254089712325,3.2597276227578416,0.024999999999999998,352.88389067554596,4.117557864363659,6.66,0.02291769861864028,6.66,0.0,0.022917651,0.024999999999999998
4.290576609413775,3.262502831000542,0.024999999999999998,353.01679056655996,4.116725821387391,6.67,0.02291769862326586,6.67,0.0,0.022917651,0.024999999999999998
4.2908989487339495,3.2652812962113273,0.024999999999999998,353.1505706450901,4.115889799321505,6.680000000000001,0.02291769862847796,6.68,0.0,0.022917651,0.024999999999999998
4.291216102777255,3.268063446081457,0.024999999999999998,353.29570140563555,4.115029351894733,6.69,0.022917698645904556,6.69,0.0,0.022917651,0.024999999999999998
4.291531628190962,3.2708481997433774,0.024999999999999998,353.4446940553354,4.114159786491102,6.700000000000001,0.022917698632483486,6.7,0.0,0.022917651,0.024999999999999998
4.291821990361981,3.2735540258671314,0.024999999999999998,353.53797819827935,4.113258821744419,6.710000000000001,0.022917698641746333,6.71,0.0,0.022917651,0.024999999999999998
4.292112448151379,3.2762639114742047,0.024999999999999998,353.63144159095236,4.1123541790649805,6.720000000000001,0.022917698657540255,6.72,0.0,0.022917651,0.024999999999999998
4.292403002186304,3.278977883190227,0.024999999999999998,353.7250854090304,4.111445834329697,6.729999999999999,0.022917698679908095,6.73,0.0,0.022917651,0.024999999999999998
4.292693653099401,3.281695967874183,0.024999999999999998,353.81891083849337,4.1105337632040575,6.74,0.02291769870889308,6.74,0.0,0.022917651,0.024999999999999998
4.292983249446581,3.284423654221532,0.024999999999999998,353.91581801702375,4.109607871188201,6.75,0.02291769890397337,6.75,0.0,0.022917651,0.024999999999999998
4.293272673562776,3.2871554988669067,0.024999999999999998,354.01334542734725,4.108677131755985,6.76,0.02291769915255528,6.76,0.0,0.022917651,0.024999999999999998
4.293562083104044,3.2898906874732896,0.024999999999999998,354.1110811298759,4.107742989921219,6.770000000000001,0.022917699433619255,6.7700000000000005,0.0,0.022917651,0.024999999999999998
4.293851477986498,3.29262923928699,0.024999999999999998,354.20902632344433,4.106805426101228,6.780000000000001,0.022917699747352242,6.78,0.0,0.022917651,0.024999999999999998
4.294140858125606,3.2953711737023,0.024999999999999998,354.3071822161048,4.1058644205627735,6.79,0.022917700093942638,6.79,0.0,0.022917651,0.024999999999999998
4.294430044603087,3.298116972698648,0.024999999999999998,354.4059342024865,4.104918775839526,6.8,0.02291770044064621,6.8,0.0,0.022917651,0.024999999999999998
4.2947480172591375,3.3008535677048005,0.024999999999999998,358.19227930973307,4.104088090276144,6.810000000000001,0.02291770025982994,6.8100000000000005,0.0,0.022917651,0.024999999999999998
4.29506544247741,3.303592682993813,0.024999999999999998,362.0041147783114,4.103252694497,6.820000000000001,0.022917700079013666,6.82,0.0,0.022917651,0.024999999999999998
4.295382313440707,3.3063343499505624,0.024999999999999998,365.84175803761127,4.102412529846158,6.830000000000001,0.022917699898197395,6.83,0.0,0.022917651,0.024999999999999998
4.2956986232181675,3.3090786004832093,0.024999999999999998,369.70553180955454,4.101567536689714,6.839999999999999,0.02291769971738112,6.84,0.0,0.022917651,0.024999999999999998
4.296014364762887,3.3118254670341476,0.024999999999999998,373.5957642193609,4.100717654395312,6.8500000000000005,0.022917699536564848,6.8500000000000005,0.0,0.022917651,0.024999999999999998
4.29632953090948,3.3145749825912345,0.024999999999999998,377.5127889091052,4.099862821311171,6.86,0.022917699355748576,6.86,0.0,0.022917651,0.024999999999999998
4.296644114371577,3.3173271806993037,0.024999999999999998,381.45694515415505,4.099002974744569,6.870000000000001,0.022917699174932304,6.87,0.0,0.022917651,0.024999999999999998
4.296958107739264,3.3200820954719656,0.024999999999999998,385.42857798256483,4.0981380509397765,6.879999999999999,0.022917698994116026,6.88,0.0,0.022917651,0.024999999999999998
4.297271503476451,3.322839761603719,0.024999999999999998,389.4280382975228,4.0972679850554306,6.8900000000000015,0.022917698813299758,6.890000000000001,0.0,0.022917651,0.024999999999999998
4.29758344082909,3.3256015951106463,0.024999999999999998,393.4586614392053,4.096387920235556,6.9,0.022917698632483486,6.9,0.0,0.022917651,0.024999999999999998
4.297857031931258,3.328267238342678,0.024999999999999998,393.60265976459334,4.095441540720306,6.910000000000001,0.022917698629736763,6.91,0.0,0.022917651,0.024999999999999998
4.29813033521601,3.330936404372628,0.024999999999999998,393.74917256202707,4.094490486372106,6.920000000000001,0.022917698626990037,6.92,0.0,0.022917651,0.024999999999999998
4.298403348660331,3.3336091179615868,0.024999999999999998,393.89821750525954,4.093534724332429,6.93,0.02291769862424331,6.93,0.0,0.022917651,0.024999999999999998
4.298676070222203,3.3362854041032395,0.024999999999999998,394.0498124340672,4.092574221434086,6.940000000000001,0.02291769862149659,6.94,0.0,0.022917651,0.024999999999999998
4.298947650023156,3.338967232067208,0.024999999999999998,394.20710908543936,4.091603606903316,6.95,0.022917698618749864,6.95,0.0,0.022917651,0.024999999999999998
4.299217479144853,3.3416556754611406,0.024999999999999998,394.3719180465493,4.090619371250093,6.960000000000001,0.022917698616003138,6.96,0.0,0.022917651,0.024999999999999998
4.299486799037943,3.3443477584757537,0.024999999999999998,394.53946205292345,4.089629459533563,6.970000000000001,0.022917698613256415,6.97,0.0,0.022917651,0.024999999999999998
4.299755605482193,3.347043511274428,0.024999999999999998,394.7097637712681,4.088633824713311,6.98,0.022917698610509688,6.98,0.0,0.022917651,0.024999999999999998
4.300023894210601,3.349742964354772,0.024999999999999998,394.88284611945045,4.087632419227688,6.990000000000001,0.022917698607762965,6.99,0.0,0.022917651,0.024999999999999998
4.300290439312723,3.3524488693621617,0.024999999999999998,395.0636608078236,4.086617592345267,7.000000000000001,0.022917698839886057,7.0,0.0,0.022917651,0.024999999999999998
4.300580282693275,3.355075849926638,0.024999999999999998,412.032284825846,4.085766018620901,7.010000000000001,0.022917699034562054,7.01,0.0,0.022917651,0.024999999999999998
4.300869752269309,3.3577056269039174,0.024999999999999998,429.0952254335148,4.084910152478205,7.020000000000001,0.022917699181715667,7.0200000000000005,0.0,0.022917651,0.024999999999999998
4.301158845263177,3.3603382210734054,0.024999999999999998,446.25318347258377,4.084049962021349,7.030000000000001,0.02291769928099378,7.03,0.0,0.022917651,0.024999999999999998
4.301447558869651,3.362973653420898,0.024999999999999998,463.50686674574735,4.083185415037702,7.04,0.02291769933203976,7.04,0.0,0.022917651,0.024999999999999998
4.301735890255566,3.3656119451411426,0.024999999999999998,480.85699010327113,4.082316478993899,7.050000000000001,0.022917699334493422,7.05,0.0,0.022917651,0.024999999999999998
4.302023836559481,3.3682531176404513,0.024999999999999998,498.3042755309303,4.081443121031826,7.0600000000000005,0.02291769928799098,7.0600000000000005,0.0,0.022917651,0.024999999999999998
4.3023105790258,3.3708989575326127,0.024999999999999998,515.8528704814429,4.080560279417469,7.07,0.02291769915031545,7.07,0.0,0.022917651,0.024999999999999998
4.302596308106192,3.3735490990883776,0.024999999999999998,533.5028093257778,4.079669083226744,7.079999999999999,0.022917698969095367,7.08,0.0,0.022917651,0.024999999999999998
4.30288165351602,3.376202204155257,0.024999999999999998,551.2521994028502,4.078773389975695,7.09,0.022917698787330305,7.09,0.0,0.022917651,0.024999999999999998
4.303166612432455,3.378858294537096,0.024999999999999998,569.1017724188102,4.077873166577489,7.100000000000001,0.022917698605016242,7.1000000000000005,0.0,0.022917651,0.024999999999999998
4.303432238985062,3.381473721967278,0.024999999999999998,552.6565602872654,4.076927663241334,7.11,0.02291769878857924,7.11,0.0,0.022917651,0.024999999999999998
4.303697313185063,3.3840922798717137,0.024999999999999998,536.0999348265327,4.075976820102918,7.12,0.022917698972142235,7.12,0.0,0.022917651,0.024999999999999998
4.303961527564014,3.3867144248085936,0.024999999999999998,519.4328018705138,4.075018950411515,7.13,0.02291769915570523,7.13,0.0,0.022917651,0.024999999999999998
4.30422266390933,3.3893434871643953,0.024999999999999998,502.667647068263,4.074041848174461,7.1400000000000015,0.02291769933926823,7.140000000000001,0.0,0.022917651,0.024999999999999998
4.304483426297733,3.39197582183943,0.024999999999999998,485.78476389466954,4.073059977322714,7.15,0.022917699522831226,7.15,0.0,0.022917651,0.024999999999999998
4.304743811615598,3.3946114560795606,0.024999999999999998,468.7831721241019,4.072073298152011,7.16,0.02291769970639422,7.16,0.0,0.022917651,0.024999999999999998
4.305003816714637,3.3972504174339653,0.024999999999999998,451.6618806186191,4.071081770516082,7.17,0.02291769988995722,7.17,0.0,0.022917651,0.024999999999999998
4.305263438411415,3.399892733759366,0.024999999999999998,434.41988717569495,4.070085353820484,7.18,0.022917700073520213,7.18,0.0,0.022917651,0.024999999999999998
4.305521134605075,3.4025407069446083,0.024999999999999998,417.06316834185174,4.069075579520996,7.190000000000001,0.02291770025709848,7.19,0.0,0.022917651,0.024999999999999998
4.3057770016840955,3.405193974765111,0.024999999999999998,399.5900482505566,4.068053195897827,7.200000000000001,0.02291770044064621,7.2,0.0,0.022917651,0.024999999999999998
4.306034295314431,3.407812862475603,0.024999999999999998,399.91951500197075,4.0670625215605725,7.210000000000001,0.022917700440646213,7.21,0.0,0.022917651,0.024999999999999998
4.306291296767675,3.4104350642598384,0.024999999999999998,400.2511667437397,4.066067364495774,7.220000000000001,0.02291770044064621,7.22,0.0,0.022917651,0.024999999999999998
4.306548003766501,3.413060605948818,0.024999999999999998,400.5850205064102,4.065067689763553,7.23,0.022917700440646206,7.23,0.0,0.022917651,0.024999999999999998
4.306804414009855,3.4156895136426906,0.024999999999999998,400.9210934979793,4.064063462059971,7.240000000000001,0.02291770044064621,7.24,0.0,0.022917651,0.024999999999999998
4.307057747787466,3.418325740691389,0.024999999999999998,401.2689783120119,4.063039607671051,7.25,0.02291770044064621,7.25,0.0,0.022917651,0.024999999999999998
4.307310349134976,3.4209653486739415,0.024999999999999998,401.62014518454697,4.062009442888941,7.260000000000001,0.02291770044064621,7.26,0.0,0.022917651,0.024999999999999998
4.307562223605626,3.423608353073,0.024999999999999998,401.9745818594057,4.0609729744552165,7.2700000000000005,0.02291770044064621,7.2700000000000005,0.0,0.022917651,0.024999999999999998
4.307813363418946,3.426254790243723,0.024999999999999998,402.33232333647237,4.059930134895742,7.280000000000001,0.022917700440646206,7.28,0.0,0.022917651,0.024999999999999998
4.308063760683024,3.4289046970619887,0.024999999999999998,402.69340511693747,4.0588808557699485,7.290000000000001,0.02291770044064621,7.29,0.0,0.022917651,0.024999999999999998
4.308312372314606,3.431560472571405,0.024999999999999998,403.0626305924212,4.057818565031099,7.3,0.022917700443885556,7.3,0.0,0.022917651,0.024999999999999998
4.308546898707,3.4341733058071475,0.024999999999999998,422.38906612098265,4.056734722210336,7.310000000000001,0.022917700451720677,7.3100000000000005,0.0,0.022917651,0.024999999999999998
4.308780764247162,3.43678953563057,0.024999999999999998,441.86241680525626,4.055644839487699,7.320000000000001,0.02291770045838142,7.32,0.0,0.022917651,0.024999999999999998
4.309013963073089,3.439409192170646,0.024999999999999998,461.4839858363807,4.054548863287053,7.33,0.02291770046385737,7.33,0.0,0.022917651,0.024999999999999998
4.309246471734697,3.4420323443934926,0.024999999999999998,481.2551539442911,4.053446630844387,7.34,0.02291770046811345,7.34,0.0,0.022917651,0.024999999999999998
4.309475745314888,3.4446647409096545,0.024999999999999998,501.1864134351112,4.052322214051548,7.3500000000000005,0.02291770046811345,7.3500000000000005,0.0,0.022917651,0.024999999999999998
4.309704445090719,3.4473006937722377,0.024999999999999998,521.2697513079089,4.051191945660358,7.359999999999999,0.02291770046811345,7.36,0.0,0.022917651,0.024999999999999998
4.309932566325958,3.449940232335647,0.024999999999999998,541.5064228313614,4.050055777371201,7.37,0.02291770046811345,7.37,0.0,0.022917651,0.024999999999999998
4.310160104232103,3.4525833862782367,0.024999999999999998,561.8976971270592,4.048913660351425,7.380000000000001,0.02291770046811345,7.38,0.0,0.022917651,0.024999999999999998
4.3103850055297,3.45523433507246,0.024999999999999998,582.4560537827821,4.047753200175921,7.3900000000000015,0.02291770046811345,7.390000000000001,0.0,0.022917651,0.024999999999999998
4.310608387371334,3.45789186692303,0.024999999999999998,603.1779139303404,4.046580079102485,7.4,0.02291770046811345,7.4,0.0,0.022917651,0.024999999999999998
4.310831247927169,3.460481751276218,0.024999999999999998,604.3485177502731,4.045464589918378,7.41,0.022917700468113453,7.41,0.0,0.022917651,0.024999999999999998
4.311053384006912,3.4630749219963675,0.024999999999999998,605.5264808198132,4.044342917514536,7.42,0.02291770046811345,7.42,0.0,0.022917651,0.024999999999999998
4.311274048319173,3.465672432167909,0.024999999999999998,606.7161606153533,4.043211020008425,7.429999999999999,0.02291770046811345,7.43,0.0,0.022917651,0.024999999999999998
4.311491695102356,3.468276703577906,0.024999999999999998,607.9255930275401,4.042060291810667,7.44,0.02291770046811345,7.44,0.0,0.022917651,0.024999999999999998
4.3117088235443735,3.4708844558810936,0.024999999999999998,609.1397141776489,4.0409040078647385,7.45,0.02291770046811345,7.45,0.0,0.022917651,0.024999999999999998
4.311925430212303,3.4734957121310788,0.024999999999999998,610.3585551187194,4.039742131375476,7.46,0.02291770046811345,7.46,0.0,0.022917651,0.024999999999999998
4.312141511642841,3.4761104955854925,0.024999999999999998,611.5821471786137,4.038574625222078,7.47,0.02291770046811345,7.47,0.0,0.022917651,0.024999999999999998
4.31235445766034,3.478732072549713,0.024999999999999998,612.8235246328018,4.037387785246902,7.480000000000001,0.02291770046811345,7.48,0.0,0.022917651,0.024999999999999998
4.312566212286094,3.481358378209543,0.024999999999999998,614.0741064074341,4.036191451784957,7.490000000000001,0.022917700468113453,7.49,0.0,0.022917651,0.024999999999999998
4.312777291704911,3.483988827411799,0.024999999999999998,615.3314462436662,4.034988274305369,7.500000000000001,0.02291770046811345,7.5,0.0,0.022917651,0.024999999999999998
4.312995031337917,3.4865590470586105,0.024999999999999998,616.538836500347,4.0338642480354965,7.510000000000001,0.02291770047086018,7.51,0.0,0.022917651,0.024999999999999998
4.31321055490436,3.4891351292412005,0.024999999999999998,617.7634895355682,4.03272549549359,7.520000000000001,0.022917700474083414,7.5200000000000005,0.0,0.022917651,0.024999999999999998
4.313423732412935,3.4917171952294557,0.024999999999999998,619.00483037261,4.03157137536272,7.53,0.022917700477666593,7.53,0.0,0.022917651,0.024999999999999998
4.313636434449945,3.494302553580871,0.024999999999999998,620.2522295167621,4.030412060842319,7.54,0.02291770048099748,7.54,0.0,0.022917651,0.024999999999999998
4.313848657562581,3.496891228204122,0.024999999999999998,621.505730962595,4.029247514211462,7.55,0.022917700484074235,7.55,0.0,0.022917651,0.024999999999999998
4.31406023589941,3.4994835484484508,0.024999999999999998,622.765841400557,4.028076742296571,7.5600000000000005,0.022917700486982148,7.5600000000000005,0.0,0.022917651,0.024999999999999998
4.314268595533565,3.502084431133235,0.024999999999999998,624.0396920056788,4.02688452650979,7.570000000000001,0.022917700490658787,7.57,0.0,0.022917651,0.024999999999999998
4.31447630734465,3.504689118516641,0.024999999999999998,625.3197936570381,4.025685915228926,7.580000000000001,0.022917700493323295,7.58,0.0,0.022917651,0.024999999999999998
4.314683365714817,3.5072976435926018,0.024999999999999998,626.6062005630286,4.024480852992949,7.590000000000001,0.02291770049496689,7.59,0.0,0.022917651,0.024999999999999998
4.314889764961068,3.5099100397376493,0.024999999999999998,627.898967560646,4.023269283697703,7.6000000000000005,0.022917700495580697,7.6000000000000005,0.0,0.022917651,0.024999999999999998
4.3150857573042245,3.512469151460535,0.024999999999999998,628.9694701872086,4.022061849500981,7.61,0.022917700492833974,7.61,0.0,0.022917651,0.024999999999999998
4.315280448958103,3.515032500331953,0.024999999999999998,630.0491903202427,4.020844975842748,7.620000000000001,0.022917700490087248,7.62,0.0,0.022917651,0.024999999999999998
4.315474498909264,3.5175996786814108,0.024999999999999998,631.1347723873569,4.019621706599349,7.629999999999999,0.022917700487340525,7.63,0.0,0.022917651,0.024999999999999998
4.315667901347004,3.5201707211853543,0.024999999999999998,632.226269469161,4.01839198385789,7.640000000000001,0.0229177004845938,7.640000000000001,0.0,0.022917651,0.024999999999999998
4.315858619641615,3.522748656618871,0.024999999999999998,633.3343272668523,4.017144637345777,7.65,0.022917700482432992,7.65,0.0,0.022917651,0.024999999999999998
4.316047181333163,3.5253325904567827,0.024999999999999998,634.456303034787,4.015882670483315,7.66,0.022917700481080484,7.66,0.0,0.022917651,0.024999999999999998
4.31623526860758,3.5279200228165895,0.024999999999999998,635.5834677410701,4.014615307749308,7.67,0.022917700480160917,7.67,0.0,0.022917651,0.024999999999999998
4.316422877985435,3.530510979356842,0.024999999999999998,636.7158594419585,4.013342509569827,7.68,0.02291770047967747,7.68,0.0,0.022917651,0.024999999999999998
4.316608048589657,3.533108092851332,0.024999999999999998,637.8643601781781,4.0120537969576935,7.690000000000001,0.02291770048072875,7.69,0.0,0.022917651,0.024999999999999998
4.316790382875058,3.5357120609116635,0.024999999999999998,639.0327874530963,4.010746881824608,7.7,0.02291770048383799,7.7,0.0,0.022917651,0.024999999999999998
4.316974903962218,3.5382627105809394,0.024999999999999998,640.6584637001338,4.0094947029223835,7.71,0.022917700488733612,7.71,0.0,0.022917651,0.024999999999999998
4.317158726445064,3.5408167552892738,0.024999999999999998,642.2907248766313,4.008236333845931,7.72,0.022917700492819285,7.72,0.0,0.022917651,0.024999999999999998
4.317341430075584,3.543374934449149,0.024999999999999998,643.9309900901058,4.006969354175978,7.73,0.022917700495580694,7.73,0.0,0.022917651,0.024999999999999998
4.317521379318851,3.545939981435535,0.024999999999999998,645.5846829657098,4.005684489085651,7.740000000000001,0.022917700495580697,7.74,0.0,0.022917651,0.024999999999999998
4.317700498579181,3.548508538296471,0.024999999999999998,647.2454899760672,4.004392794702411,7.75,0.022917700495580697,7.75,0.0,0.022917651,0.024999999999999998
4.317878780819242,3.5510806347917887,0.024999999999999998,648.9134714411248,4.003094213121455,7.76,0.022917700495580697,7.76,0.0,0.022917651,0.024999999999999998
4.31805621892192,3.5536563010187128,0.024999999999999998,650.5886883646895,4.001788685781498,7.7700000000000005,0.022917700495580697,7.7700000000000005,0.0,0.022917651,0.024999999999999998
4.318230752493491,3.5562391009850876,0.024999999999999998,652.2775347664126,4.000464408908534,7.780000000000001,0.022917700495580697,7.78,0.0,0.022917651,0.024999999999999998
4.318403987907476,3.5588264153236406,0.024999999999999998,653.9752850720167,3.9991304270710173,7.790000000000001,0.022917700495580697,7.79,0.0,0.022917651,0.024999999999999998
4.31857640608734,3.5614174485237853,0.024999999999999998,655.680516296448,3.9977894591764067,7.800000000000001,0.022917700495580697,7.8,0.0,0.022917651,0.024999999999999998
4.31875360674969,3.563951623505678,0.024999999999999998,656.92253577213,3.9965173393673044,7.81,0.0229177004955807,7.8100000000000005,0.0,0.022917651,0.024999999999999998
4.3189272466972195,3.5664927969427893,0.024999999999999998,658.1864193770556,3.9952239738086726,7.820000000000001,0.0229177004955807,7.82,0.0,0.022917651,0.024999999999999998
4.319099030625355,3.5690389979644985,0.024999999999999998,659.4628623652684,3.9939181558473256,7.83,0.022917700495580697,7.83,0.0,0.022917651,0.024999999999999998
4.319270060306585,3.5715888539423153,0.024999999999999998,660.7463967350632,3.9926056666907925,7.839999999999999,0.022917700495580697,7.84,0.0,0.022917651,0.024999999999999998
4.319440329790759,3.5741423937096974,0.024999999999999998,662.0370784293942,3.991286453710913,7.8500000000000005,0.022917700495580697,7.8500000000000005,0.0,0.022917651,0.024999999999999998
4.319606598006803,3.5767042545821757,0.024999999999999998,663.3486375318896,3.9899429123105485,7.860000000000001,0.022917700495580697,7.86,0.0,0.022917651,0.024999999999999998
4.319772192893068,3.579270009299492,0.024999999999999998,664.6654207495926,3.988592783776476,7.87,0.022917700495580697,7.87,0.0,0.022917651,0.024999999999999998
4.319937242481627,3.581839500397941,0.024999999999999998,665.9868712837754,3.987236737807864,7.88,0.022917700495580697,7.88,0.0,0.022917651,0.024999999999999998
4.320100282462638,3.58441424059815,0.024999999999999998,667.3203941837824,3.9858674055890204,7.890000000000001,0.022917700495580694,7.890000000000001,0.0,0.022917651,0.024999999999999998
4.320259747645988,3.586995626554275,0.024999999999999998,668.6750763239277,3.984477130326758,7.9,0.022917700495580697,7.9,0.0,0.022917651,0.024999999999999998
4.320415450182155,3.58952077315562,0.024999999999999998,670.9207310925664,3.9831210843680855,7.91,0.022917700668675517,7.91,0.0,0.022917651,0.024999999999999998
4.320570370957387,3.5920494456262344,0.024999999999999998,673.1727874591039,3.9817583852835625,7.92,0.022917700849233044,7.92,0.0,0.022917651,0.024999999999999998
4.320721972516145,3.594585434733201,0.024999999999999998,675.4449920823088,3.980375088903865,7.93,0.02291770102978931,7.930000000000001,0.0,0.022917651,0.024999999999999998
4.320871476190026,3.59712691009477,0.024999999999999998,677.7311118586545,3.978977913316878,7.94,0.022917701207858847,7.94,0.0,0.022917651,0.024999999999999998
4.321020123280399,3.5996720406967664,0.024999999999999998,680.0245245461692,3.977573656639707,7.95,0.022917701385928385,7.95,0.0,0.022917651,0.024999999999999998
4.321167800766551,3.6022210146614935,0.024999999999999998,682.3255813789093,3.9761616789394134,7.96,0.022917701563997923,7.96,0.0,0.022917651,0.024999999999999998
4.3213115799519235,3.6047782383752542,0.024999999999999998,684.6423811547044,3.9747258665056124,7.97,0.022917701742067458,7.97,0.0,0.022917651,0.024999999999999998
4.321454509415644,3.607339276255705,0.024999999999999998,686.9667484581832,3.973282841513905,7.98,0.022917701920136997,7.98,0.0,0.022917651,0.024999999999999998
4.321596581810236,3.609904161283635,0.024999999999999998,689.2987487251424,3.971832541597889,7.99,0.022917702098206538,7.99,0.0,0.022917651,0.024999999999999998
4.321735969182126,3.612475457977636,0.024999999999999998,691.642996373902,3.97036508543957,8.0,0.022917702276276073,8.0,0.0,0.022917651,0.024999999999999998
